episode,deltaT,maxRadius,avgRadius,numUnknownSlots,coverage,numSamples
1,36.0,1.7734879043068759,1.3819707833855936,24,1.0,76
2,31.922782277523766,1.0912073116192254,0.9180701481275776,24,1.0,109
3,19.641731609146056,0.8464151336151503,0.7238598008839935,24,1.0,127
4,15.235472405072706,0.7200211095217163,0.6124481867853976,24,1.0,139
5,12.960379971390893,0.6306784110957533,0.5377620276557299,24,1.0,149
6,11.35221139972356,0.555694374194172,0.48390706536359834,24,1.0,156
7,10.002498735495095,0.5074445738364981,0.4428883239779407,24,1.0,162
8,9.134002329056965,0.47152608224968684,0.41054766492749956,24,1.0,167
9,8.487469480494363,0.4381868943599999,0.3839263009772876,24,1.0,172
10,7.887364098479998,0.412065921881786,0.3615166793890858,24,1.0,176
11,7.417186593872148,0.38442674209579825,0.3425669683615611,24,1.0,179
12,6.919681357724368,0.36980495971566246,0.3261470176551134,24,1.0,183
13,6.656489274881924,0.3536761699309355,0.31179610433208343,24,1.0,186
14,6.366171058756839,0.33842777412682035,0.2990992257949952,24,1.0,188
15,6.091699934282766,0.3247491057457119,0.2877393646935463,24,1.0,191
16,5.8454839034228145,0.31178933497686157,0.2775803422542427,24,1.0,193
17,5.612208029583508,0.30086666623369634,0.26836897578110164,24,1.0,195
18,5.415599992206534,0.2922707634430667,0.2599750991647352,24,1.0,197
19,5.2608737419752005,0.28507457716489737,0.2522675335279374,24,1.0,199
20,5.131342388968153,0.27738186786441027,0.2451984316443995,24,1.0,201
21,4.992873621559385,0.26716313362655114,0.23863994944293943,24,1.0,203
22,4.808936405277921,0.25936119737252716,0.23258522117237165,24,1.0,204
23,4.668501552705489,0.25148349369279643,0.22693610783387116,24,1.0,206
24,4.526702886470336,0.2466800996132927,0.22170840498327496,24,1.0,207
25,4.440241793039268,0.24175692033874163,0.2167715988428034,24,1.0,209
26,4.35162456609735,0.23614118929126246,0.21214831634678055,24,1.0,210
27,4.250541407242724,0.23184069675698,0.2078100949930716,24,1.0,211
28,4.17313254162564,0.22723179185755765,0.20367534950923946,24,1.0,213
29,4.090172253436037,0.2223899875111798,0.19974699350167832,24,1.0,214
30,4.003019775201237,0.21757443334896107,0.19608149874139402,24,1.0,215
31,3.9163398002812992,0.2141486352165133,0.19259447398739868,24,1.0,216
32,3.8546754338972398,0.2104588653484874,0.18927730615744254,24,1.0,217
33,3.788259576272773,0.20639762697912947,0.18611272760135258,24,1.0,218
34,3.7151572856243305,0.20264979581459014,0.18310940453597258,24,1.0,219
35,3.6476963246626224,0.199037030930156,0.18024616398577206,24,1.0,220
36,3.582666556742808,0.19568796090713958,0.17750409405092804,24,1.0,221
37,3.5223832963285124,0.19283394795396494,0.17487900031430068,24,1.0,222
38,3.471011063171369,0.18985979418023166,0.1723512083256704,24,1.0,223
39,3.4174762952441697,0.18708465398261154,0.16992101657810477,24,1.0,224
40,3.367523771687008,0.18454640356749308,0.16760087080079142,24,1.0,225
41,3.3218352642148754,0.18238507323409286,0.1653645807724482,24,1.0,226
42,3.2829313182136715,0.18030162760358506,0.16320301307810905,24,1.0,226
43,3.2454292968645313,0.17854522181201932,0.1611336642556789,24,1.0,227
44,3.213813992616348,0.1760575345692509,0.1591379965418037,24,1.0,228
45,3.1690356222465166,0.17447427278997485,0.15720990986234132,24,1.0,229
46,3.1405369102195473,0.17220401475411168,0.1553581422550302,24,1.0,229
47,3.0996722655740103,0.17002436314599728,0.15355294821039303,24,1.0,230
48,3.060438536627951,0.16784559514447078,0.15181596107999987,24,1.0,231
49,3.021220712600474,0.1659540597236876,0.150127351177369,24,1.0,232
50,2.9871730750263765,0.16412812677660243,0.14848373387246652,24,1.0,232
51,2.9543062819788437,0.16259076454791185,0.14690524951159512,24,1.0,233
52,2.9266337618624134,0.16117151050640732,0.1453653502871358,24,1.0,234
53,2.901087189115332,0.15979057851348308,0.14387016812271766,24,1.0,234
54,2.8762304132426952,0.1584113591264354,0.14242342694030366,24,1.0,235
55,2.851404464275837,0.1566294029785135,0.14102389531532047,24,1.0,235
56,2.819329253613243,0.15503933427157726,0.13967055769853326,24,1.0,236
57,2.7907080168883907,0.1541029538124108,0.1383415607440794,24,1.0,237
58,2.7738531686233943,0.1525294951293115,0.13705793628529564,24,1.0,237
59,2.745530912327607,0.15073630655880546,0.1358102797726201,24,1.0,238
60,2.7132535180584982,0.14929644752732157,0.13458637079107852,24,1.0,238
61,2.6873360554917882,0.14806793725739512,0.13338881950044262,24,1.0,239
62,2.6652228706331123,0.14673346709047147,0.13222600548397856,24,1.0,239
63,2.6412024076284863,0.14554288484764125,0.1310838051378981,24,1.0,240
64,2.6197719272575424,0.1443561592652642,0.12997452160877299,24,1.0,240
65,2.598410866774756,0.14302204275178637,0.12889446585488898,24,1.0,241
66,2.5743967695321546,0.14179976053427792,0.12783495657202879,24,1.0,241
67,2.552395689617003,0.14082598558483383,0.1268030783781046,24,1.0,242
68,2.534867740527009,0.13968477523814568,0.12580244582548153,24,1.0,242
69,2.514325954286622,0.13857217922447562,0.12481593314555035,24,1.0,243
70,2.494299226040561,0.13755405037253293,0.12385502345549321,24,1.0,243
71,2.475972906705593,0.1364717532930894,0.12291209651816422,24,1.0,244
72,2.456491559275609,0.13533074470286344,0.12199596949763303,24,1.0,244
73,2.435953404651542,0.13446837748594712,0.12109606618500827,24,1.0,245
74,2.4204307947470483,0.13339911097049012,0.1202148610728221,24,1.0,245
75,2.4011839974688223,0.13237596765733842,0.1193551425926912,24,1.0,245
76,2.3827674178320914,0.13131909744564632,0.11851097191785546,24,1.0,246
77,2.363743754021634,0.1303638118292114,0.11767725904192632,24,1.0,246
78,2.346548612925805,0.1293562599663828,0.11686670392453676,24,1.0,247
79,2.3284126793948907,0.12844485123443705,0.11607457186129337,24,1.0,247
80,2.312007322219867,0.12746525954617294,0.11529955077246895,24,1.0,247
81,2.294374671831113,0.12662927161655826,0.11453442175218281,24,1.0,248
82,2.2793268890980487,0.12586099068801834,0.11379116877545414,24,1.0,248
83,2.2654978323843302,0.12494159050708374,0.11305293387282563,24,1.0,249
84,2.2489486291275074,0.12410765778574989,0.1123314296809887,24,1.0,249
85,2.233937840143498,0.12341797340422384,0.1116224620653306,24,1.0,249
86,2.221523521276029,0.12267774589325549,0.11092322325797482,24,1.0,250
87,2.2081994260785986,0.12181373441490684,0.11023962675908118,24,1.0,250
88,2.192647219468323,0.12093873061070638,0.10956788407396939,24,1.0,251
89,2.176897150992715,0.12025863867762582,0.10890728872075368,24,1.0,251
90,2.164655496197265,0.11948976526689649,0.10825781453268003,24,1.0,251
91,2.150815774804137,0.11886306111179296,0.10761568087047847,24,1.0,252
92,2.139535100012273,0.11808018199098806,0.1069909496535173,24,1.0,252
93,2.1254432758377853,0.11732684675542623,0.10637812047827071,24,1.0,252
94,2.1118832415976723,0.11658841807655154,0.10577241813647996,24,1.0,253
95,2.0985915253779277,0.11573427920792058,0.10517810439696747,24,1.0,253
96,2.0832170257425706,0.11510323318419827,0.10459302745479311,24,1.0,253
97,2.071858197315569,0.11454569901808644,0.1040143016196432,24,1.0,254
98,2.061822582325556,0.11379892380220849,0.10344681453693734,24,1.0,254
99,2.048380628439753,0.11307931484562102,0.10288876542268217,24,1.0,254
100,2.035427667221178,0.11246866807152325,0.10233942655924526,24,1.0,255
101,2.0244360252874185,0.11196178190517012,0.1017953039004228,24,1.0,255
102,2.015312074293062,0.11135828735012569,0.10126284967743215,24,1.0,255
103,2.0044491723022624,0.11081019234335117,0.1007365773093558,24,1.0,256
104,1.9945834621803211,0.11027048683242627,0.10021804350308948,24,1.0,256
105,1.9848687629836728,0.1097389568061316,0.09970992736050299,24,1.0,256
106,1.9753012225103688,0.1090641628574024,0.09920818027133194,24,1.0,256
107,1.9631549314332433,0.10859310840150396,0.0987119619273117,24,1.0,257
108,1.9546759512270713,0.10798182803171158,0.09822395700649483,24,1.0,257
109,1.9436729045708083,0.10742231481771723,0.09774066435132032,24,1.0,257
110,1.9336016667189102,0.10702383897009903,0.0972635826811341,24,1.0,258
111,1.9264291014617825,0.10647969081499849,0.09679440792860546,24,1.0,258
112,1.9166344346699729,0.10600322935391034,0.0963315673533421,24,1.0,258
113,1.9080581283703861,0.10544603601411895,0.09587769660377939,24,1.0,258
114,1.898028648254141,0.10493611267955665,0.09542932649093301,24,1.0,259
115,1.8888500282320195,0.10448091705151079,0.09498693903344152,24,1.0,259
116,1.880656506927194,0.10402257643156769,0.09455003367139796,24,1.0,259
117,1.8724063757682183,0.10354301471034114,0.09411690974997274,24,1.0,260
118,1.8637742647861404,0.10304326601302968,0.09369283787760234,24,1.0,260
119,1.8547787882345343,0.1025510163262433,0.09327285120682956,24,1.0,260
120,1.8459182938723795,0.10209234380528272,0.09285893821020881,24,1.0,260
121,1.837662188495089,0.1017092273644094,0.09245077168986644,24,1.0,261
122,1.8307660925593692,0.10131348478349661,0.09204569212444341,24,1.0,261
123,1.823642726102939,0.10069526457734786,0.09164882390850264,24,1.0,261
124,1.8125147623922615,0.10025376891578662,0.09125515480372487,24,1.0,261
125,1.8045678404841592,0.09985095482925913,0.09086586893889449,24,1.0,262
126,1.7973171869266642,0.09943705000521579,0.09048253940040853,24,1.0,262
127,1.789866900093884,0.09911616162817428,0.09010273689029598,24,1.0,262
128,1.784090909307137,0.09878270365515184,0.08972814512645295,24,1.0,262
129,1.778088665792733,0.09835131208497067,0.08935734289280158,24,1.0,263
130,1.7703236175294719,0.0979565344724336,0.08899143371075867,24,1.0,263
131,1.7632176205038048,0.09754390968963104,0.08862861625886982,24,1.0,263
132,1.7557903744133587,0.09712920298421149,0.08827152742654616,24,1.0,263
133,1.7483256537158067,0.09672737448862073,0.08791814646375984,24,1.0,264
134,1.7410927407951733,0.09635992661756619,0.08756862472957898,24,1.0,264
135,1.7344786791161915,0.09597517633429364,0.08722542726976534,24,1.0,264
136,1.7275531740172856,0.095573841797258,0.08688719762460206,24,1.0,264
137,1.720329152350644,0.09520585244309367,0.08654962690218802,24,1.0,265
138,1.713705343975686,0.09485617821755918,0.08621611519578544,24,1.0,265
139,1.7074112079160653,0.0943938730225024,0.0858883645594925,24,1.0,265
140,1.6990897144050434,0.09409408889750825,0.08556319499922428,24,1.0,265
141,1.6936936001551486,0.09374362201786604,0.08524203215027519,24,1.0,265
142,1.6873851963215887,0.09341046939471424,0.08492255519497255,24,1.0,266
143,1.6813884491048563,0.09307445319940955,0.08460430439327125,24,1.0,266
144,1.6753401575893718,0.09276164341310891,0.08429228885555357,24,1.0,266
145,1.6697095814359604,0.09242005308902283,0.08398308250174143,24,1.0,266
146,1.663560955602411,0.09209505238157123,0.08367759581606588,24,1.0,267
147,1.6577109428682821,0.09168598782015445,0.08337601638302516,24,1.0,267
148,1.6503477807627802,0.09143087632167873,0.08307615154016613,24,1.0,267
149,1.645755773790217,0.09120255581213499,0.08277922070490121,24,1.0,267
150,1.6416460046184298,0.0909150906367105,0.08248510252503234,24,1.0,267
151,1.6364716314607888,0.09056423505124786,0.08219551709521149,24,1.0,268
152,1.6301562309224615,0.0902354218407458,0.08190852657984794,24,1.0,268
153,1.6242375931334245,0.0899632724144622,0.08162425243239799,24,1.0,268
154,1.6193389034603196,0.08961795220214155,0.08134468858015227,24,1.0,268
155,1.613123139638548,0.08934006123873285,0.08106607197568506,24,1.0,268
156,1.6081211022971913,0.08900216264855551,0.08079039436260027,24,1.0,269
157,1.6020389276739992,0.0886626164746961,0.08051729682739088,24,1.0,269
158,1.5959270965445298,0.08836047458785361,0.08024639679319512,24,1.0,269
159,1.5904885425813649,0.08807806452929881,0.07997954917810017,24,1.0,269
160,1.5854051615273785,0.08778755961105149,0.07971304313016887,24,1.0,269
161,1.5801760729989267,0.08753784515739332,0.07944981425461684,24,1.0,270
162,1.57568121283308,0.08721011323943212,0.07919030762183651,24,1.0,270
163,1.569782038309778,0.08691789364490697,0.07893396279718769,24,1.0,270
164,1.5645220856083255,0.08662872439748281,0.07867892145050877,24,1.0,270
165,1.5593170391546907,0.08633220182521051,0.07842896608923407,24,1.0,270
166,1.5539796328537892,0.08607982547782589,0.07817832272690682,24,1.0,271
167,1.549436858600866,0.08578406439236391,0.07793143059508296,24,1.0,271
168,1.5441131590625505,0.08544133633386447,0.0776863968312011,24,1.0,271
169,1.5379440540095604,0.08519205283052972,0.07744387967541495,24,1.0,271
170,1.5334569509495348,0.08502877004965387,0.07720145581593961,24,1.0,271
171,1.5305178608937697,0.08479790138085548,0.07696120331221669,24,1.0,271
172,1.5263622248553987,0.084481830775217,0.07672308679911771,24,1.0,272
173,1.520672953953906,0.084260369798395,0.07648835672865739,24,1.0,272
174,1.51668665637111,0.08395051746648832,0.07625553181657663,24,1.0,272
175,1.5111093143967897,0.08368641412623258,0.07602463283726088,24,1.0,272
176,1.5063554542721864,0.08336455662273895,0.07579616929757339,24,1.0,272
177,1.5005620192093012,0.08311535845921993,0.07556973574064314,24,1.0,272
178,1.4960764522659586,0.08286848204678314,0.07534447872660359,24,1.0,273
179,1.4916326768420964,0.0826329097828001,0.0751222540593461,24,1.0,273
180,1.487392376090402,0.08237261772140413,0.07490162275623467,24,1.0,273
181,1.4827071189852743,0.08216799764869111,0.07468211457676337,24,1.0,273
182,1.47902395767644,0.08192542302965712,0.07446609154869775,24,1.0,273
183,1.4746576145338282,0.08171119218276915,0.07425082468827222,24,1.0,274
184,1.4708014592898446,0.08149870857078924,0.07403714890870658,24,1.0,274
185,1.4669767542742063,0.08128366489148228,0.07382568637394753,24,1.0,274
186,1.4631059680466811,0.08106614320142966,0.07361552379475607,24,1.0,274
187,1.459190577625734,0.08085886192815316,0.07340746009893179,24,1.0,274
188,1.4554595147067568,0.08056977393120844,0.07320190500683658,24,1.0,274
189,1.450255930761752,0.08029626578574912,0.07299735546904546,24,1.0,275
190,1.4453327841434842,0.08005829824212529,0.07279449309077167,24,1.0,275
191,1.4410493683582553,0.0798751840351405,0.07259307245580994,24,1.0,275
192,1.437753312632529,0.079673256055636,0.0723928936414313,24,1.0,275
193,1.434118609001448,0.07943304233297817,0.07219519812338833,24,1.0,275
194,1.429794761993607,0.07922273170379723,0.07199884175539506,24,1.0,275
195,1.4260091706683502,0.0789671715208513,0.0718047939179719,24,1.0,275
196,1.4214090873753233,0.07877233605971451,0.07161103950007582,24,1.0,276
197,1.4179020490748613,0.07859441220791318,0.07141903827247016,24,1.0,276
198,1.4146994197424372,0.07833368717053059,0.07122879937531178,24,1.0,276
199,1.4100063690695506,0.07812477868248892,0.0710404224542276,24,1.0,276
200,1.4062460162848005,0.07790260728187379,0.07085232321436381,24,1.0,276
201,1.4022469310737282,0.07772331160929492,0.07066627470662222,24,1.0,276
202,1.3990196089673086,0.07748256469697475,0.07048207789428919,24,1.0,277
203,1.3946861645455455,0.07730261604747427,0.07029910504443633,24,1.0,277
204,1.3914470888545367,0.0771239712220658,0.07011676208500625,24,1.0,277
205,1.3882314819971844,0.07693219267647652,0.06993693504067712,24,1.0,277
206,1.3847794681765775,0.07675621149946248,0.06975812949289327,24,1.0,277
207,1.3816118069903245,0.07658148624645121,0.06958094100408167,24,1.0,277
208,1.3784667524361218,0.07637979475475382,0.06940521639388188,24,1.0,277
209,1.3748363055855686,0.07619024652367161,0.06922949498671369,24,1.0,278
210,1.3714244374260889,0.07603688527103718,0.06905526794234475,24,1.0,278
211,1.368663934878669,0.07586723022720337,0.0688817344068889,24,1.0,278
212,1.3656101440896609,0.07567478412881085,0.06871071565972468,24,1.0,278
213,1.3621461143185951,0.07546010061299878,0.06854097256522558,24,1.0,278
214,1.358281811033978,0.07526413391393877,0.06837274725378671,24,1.0,278
215,1.354754410450898,0.07507976932772202,0.06820523574098292,24,1.0,278
216,1.3514358478989963,0.0748802498688004,0.06803863424537256,24,1.0,279
217,1.3478444976384072,0.0746725326833764,0.06787265489813304,24,1.0,279
218,1.344105588300775,0.07448940336325098,0.06770869967909231,24,1.0,279
219,1.3408092605385176,0.07431414088076388,0.06754608773888726,24,1.0,279
220,1.33765453585375,0.07410808652265355,0.06738457235326173,24,1.0,279
221,1.3339455574077639,0.07392606901317711,0.06722373360841827,24,1.0,279
222,1.330669242237188,0.0737328219835844,0.0670641723296632,24,1.0,279
223,1.3271907957045193,0.07354427910557311,0.06690571694656793,24,1.0,280
224,1.323797023900316,0.07341008238686811,0.06674760940721816,24,1.0,280
225,1.321381482963626,0.07323645960386814,0.06659113359021739,24,1.0,280
226,1.3182562728696265,0.07306718378438902,0.06643579480295052,24,1.0,280
227,1.3152093081190024,0.07290826366484521,0.06628168929797178,24,1.0,280
228,1.3123487459672138,0.07271716925150919,0.0661292718651218,24,1.0,280
229,1.3089090465271653,0.07257562462212154,0.06597681985760712,24,1.0,280
230,1.3063612431981877,0.07239617775400509,0.06582513933746896,24,1.0,281
231,1.3031311995720916,0.07221515800476098,0.06567532718212374,24,1.0,281
232,1.2998728440856977,0.07202968408805256,0.06552674042704805,24,1.0,281
233,1.296534313584946,0.07189519765125024,0.0653788024382368,24,1.0,281
234,1.2941135577225045,0.07174121717548562,0.06523171049942307,24,1.0,281
235,1.2913419091587413,0.07159977337745389,0.06508534962564008,24,1.0,281
236,1.2887959207941702,0.07142490528880596,0.06494089030764395,24,1.0,281
237,1.2856482951985073,0.07130243869725125,0.06479681770453734,24,1.0,281
238,1.2834438965505226,0.07111855746628733,0.06465332964366834,24,1.0,282
239,1.280134034393172,0.07096691934273722,0.06451106000571465,24,1.0,282
240,1.27740454816927,0.07082463183530369,0.06436853007119317,24,1.0,282
241,1.2748433730354662,0.0706942925154332,0.0642281028714743,24,1.0,282
242,1.2724972652777977,0.07052898887780011,0.06408859908670898,24,1.0,282
243,1.269521799800402,0.07037306694034778,0.06394933177661848,24,1.0,282
244,1.26671520492626,0.07022634328515064,0.06381153183193584,24,1.0,282
245,1.2640741791327115,0.07006981387445456,0.06367516761052365,24,1.0,282
246,1.261256649740182,0.06994109566687037,0.06353848800147589,24,1.0,283
247,1.2589397220036667,0.06979716947251174,0.06340284279181108,24,1.0,283
248,1.2563490505052113,0.0696515276853908,0.06326800701883897,24,1.0,283
249,1.2537274983370346,0.06952519717035444,0.06313456290763848,24,1.0,283
250,1.2514535490663798,0.06939697238021544,0.06300167152069726,24,1.0,283
251,1.249145502843878,0.0692461493675694,0.06287002377751018,24,1.0,283
252,1.246430688616249,0.06908090988077976,0.06273901520477106,24,1.0,283
253,1.2434563778540357,0.06894755855804356,0.06260857832347187,24,1.0,283
254,1.2410560540447841,0.0688099283570596,0.062478935620776034,24,1.0,284
255,1.2385787104270727,0.0686731552493801,0.062350030185513515,24,1.0,284
256,1.2361167944888418,0.06853221220647629,0.06222114609362148,24,1.0,284
257,1.2335798197165733,0.0683971575039688,0.062093777508468756,24,1.0,284
258,1.2311488350714384,0.06824807019742968,0.06196712961359522,24,1.0,284
259,1.2284652635537343,0.06809999627082769,0.06184231273464622,24,1.0,284
260,1.2257999328748985,0.06797981292030782,0.06171724414590762,24,1.0,284
261,1.2236366325655408,0.06783598021071406,0.06159349123602409,24,1.0,284
262,1.221047643792853,0.06767620678633046,0.06146978878255981,24,1.0,285
263,1.2181717221539483,0.06756074551441658,0.06134617684219962,24,1.0,285
264,1.2160934192594985,0.06742681742542439,0.061223975995179876,24,1.0,285
265,1.2136827136576391,0.06728424185126196,0.061102007927258624,24,1.0,285
266,1.2111163533227152,0.06714495939700434,0.060981077814185186,24,1.0,285
267,1.2086092691460781,0.06702528765161365,0.06086066032821819,24,1.0,285
268,1.2064551777290458,0.0668760523249873,0.06074089610854345,24,1.0,285
269,1.2037689418497715,0.06678793477912058,0.060622017959686664,24,1.0,285
270,1.2021828260241705,0.06668175118189061,0.06050402865464355,24,1.0,285
271,1.200271521274031,0.06657151273110441,0.060385827605315245,24,1.0,286
272,1.1982872291598794,0.06642768728235893,0.060269306317104206,24,1.0,286
273,1.1956983710824607,0.06630291788759854,0.06015320767600451,24,1.0,286
274,1.1934525219767738,0.06617663111242014,0.06003775505899397,24,1.0,286
275,1.1911793600235625,0.06604885977822461,0.059922844481935376,24,1.0,286
276,1.188879476008043,0.06592630125526767,0.059809114965175915,24,1.0,286
277,1.1866734225948181,0.06579341000631148,0.05969601593661336,24,1.0,286
278,1.1842813801136065,0.0656942903163176,0.059583109660509365,24,1.0,286
279,1.1824972256937167,0.06558689008514718,0.0594714357317886,24,1.0,286
280,1.1805640215326492,0.06546264435765684,0.05935953065796743,24,1.0,287
281,1.178327598437823,0.06533049276517658,0.059248577194918044,24,1.0,287
282,1.1759488697731784,0.06521849620455268,0.059137991093006555,24,1.0,287
283,1.1739329316819482,0.06508147621498768,0.05902817192975324,24,1.0,287
284,1.1714665718697783,0.06496868640078736,0.05891940041425161,24,1.0,287
285,1.1694363552141724,0.06482697526494662,0.0588111367690392,24,1.0,287
286,1.166885554769039,0.06471765522590736,0.05870278186577745,24,1.0,287
287,1.1649177940663324,0.0645797306879702,0.05859557620161432,24,1.0,287
288,1.1624351523834635,0.06445928114362315,0.058489168247397444,24,1.0,287
289,1.1602670605852166,0.06436218982537215,0.05838269023274461,24,1.0,287
290,1.1585194168566986,0.06424710229022529,0.058277421687082435,24,1.0,288
291,1.1564478412240553,0.06412043260446351,0.058172117588834865,24,1.0,288
292,1.1541677868803433,0.06402087409837028,0.058067045101046745,24,1.0,288
293,1.152375733770665,0.0638996224644221,0.05796279585081953,24,1.0,288
294,1.150193204359598,0.06377107670320364,0.057859283658114595,24,1.0,288
295,1.1478793806576655,0.06364333729840879,0.0577565313603923,24,1.0,288
296,1.1455800713713582,0.06353617813350078,0.057654243173889376,24,1.0,288
297,1.143651206403014,0.06342761324351413,0.05755248196341232,24,1.0,288
298,1.1416970383832543,0.06332354384473216,0.057451359176511764,24,1.0,288
299,1.1398237892051788,0.06318885499290625,0.05735070365470255,24,1.0,289
300,1.1373993898723125,0.0630840697741037,0.05725024378485774,24,1.0,289
301,1.1355132559338668,0.06298367800363434,0.057150078164021546,24,1.0,289
302,1.1337062040654182,0.06287229058009684,0.05705070794396247,24,1.0,289
303,1.131701230441743,0.06274438349837155,0.056951762675237126,24,1.0,289
304,1.129398902970688,0.06265135363635556,0.056853383827501956,24,1.0,289
305,1.1277243654544,0.06255875432323542,0.056755372758577255,24,1.0,289
306,1.1260575778182376,0.062438451162895335,0.056658003606340594,24,1.0,289
307,1.123892120932116,0.06231700667007205,0.05656126170250681,24,1.0,289
308,1.1217061200612968,0.06217964297939022,0.05646447086733097,24,1.0,289
309,1.119233573629024,0.0620984153204008,0.05636806667718027,24,1.0,290
310,1.1177714757672144,0.06201018112353834,0.05627281179168933,24,1.0,290
311,1.11618326022369,0.06190956039737671,0.05617793450519579,24,1.0,290
312,1.1143720871527807,0.06182761347734445,0.05608348230855468,24,1.0,290
313,1.1128970425922002,0.06174057665837671,0.055989487887242166,24,1.0,290
314,1.1113303798507808,0.06163051888909458,0.055896204995559175,24,1.0,290
315,1.1093493400037024,0.06151749496179925,0.055803442576281455,24,1.0,290
316,1.1073149093123864,0.06142469263115455,0.05571050394201466,24,1.0,290
317,1.105644467360782,0.061323468824581714,0.05561770724989612,24,1.0,290
318,1.1038224388424709,0.061208673040135775,0.05552622678607363,24,1.0,290
319,1.101756114722444,0.06110505416405238,0.0554351124853111,24,1.0,290
320,1.0998909749529429,0.06103162528316679,0.05534420801384437,24,1.0,291
321,1.098569255097002,0.06093588482954736,0.05525321968363214,24,1.0,291
322,1.0968459269318525,0.06083715736744532,0.05516336068577049,24,1.0,291
323,1.0950688326140157,0.060744086509810044,0.05507365217415777,24,1.0,291
324,1.0933935571765807,0.06062580874195123,0.0549844974558663,24,1.0,291
325,1.0912645573551223,0.0605167438554789,0.054895889682816855,24,1.0,291
326,1.0893013893986203,0.060426887935379606,0.05480755123390709,24,1.0,291
327,1.087683982836833,0.060340815939713605,0.05471954729398861,24,1.0,291
328,1.086134686914845,0.06024507052234902,0.05463174675820937,24,1.0,291
329,1.0844112694022825,0.06016314208885389,0.05454448369912579,24,1.0,291
330,1.0829365575993701,0.06006993530855058,0.054457878804763875,24,1.0,292
331,1.0812588355539103,0.05997552679643047,0.054370979303026125,24,1.0,292
332,1.0795594823357484,0.05987500583840116,0.05428500711135465,24,1.0,292
333,1.077750105091221,0.05978809478928363,0.054199556134135025,24,1.0,292
334,1.0761857062071054,0.059703206219518475,0.05411468430324615,24,1.0,292
335,1.0746577119513325,0.05961220835575716,0.05403015755597579,24,1.0,292
336,1.073019750403629,0.05950874051404195,0.05394546398296347,24,1.0,292
337,1.0711573292527552,0.05941866578386526,0.05386196996377687,24,1.0,292
338,1.0695359841095746,0.05933221094565369,0.05377842894958865,24,1.0,292
339,1.0679797970217664,0.059249329186075964,0.05369555023956033,24,1.0,292
340,1.0664879253493673,0.059158893058343154,0.05361291262052126,24,1.0,292
341,1.0648600750501767,0.05905943828170522,0.053531193853971,24,1.0,292
342,1.063069889070694,0.05899028737579832,0.05344898845962637,24,1.0,293
343,1.0618251727643697,0.05889639780464305,0.05336755827354314,24,1.0,293
344,1.060135160483575,0.058793657561401556,0.05328660552364484,24,1.0,293
345,1.058285836105228,0.0587007424819484,0.05320553014095972,24,1.0,293
346,1.056613364675071,0.05859906483036748,0.05312499978705195,24,1.0,293
347,1.0547831669466148,0.05850863627172059,0.05304489115268025,24,1.0,293
348,1.0531554528909708,0.0584323428471074,0.052964959445824904,24,1.0,293
349,1.0517821712479332,0.05836242720232236,0.05288533190215453,24,1.0,293
350,1.0505236896418024,0.058282195933999685,0.05280604872661035,24,1.0,293
351,1.0490795268119943,0.0581827662235854,0.05272736341252893,24,1.0,293
352,1.0472897920245372,0.0580749006102229,0.05264944727487821,24,1.0,293
353,1.0453482109840122,0.057997385739967225,0.0525709367854674,24,1.0,294
354,1.0439529433194101,0.0579142692431161,0.052493129031460084,24,1.0,294
355,1.0424568463760897,0.05782415447413619,0.05241596075369823,24,1.0,294
356,1.0408347805344516,0.05775355218704315,0.05233875266137466,24,1.0,294
357,1.0395639393667768,0.057668599967783965,0.052261639807409166,24,1.0,294
358,1.0380347994201113,0.05757095063095518,0.052185114375922666,24,1.0,294
359,1.0362771113571931,0.0574882819424497,0.05210897258417219,24,1.0,294
360,1.0347890749640944,0.057414629263475514,0.052033341507707574,24,1.0,294
361,1.0334633267425593,0.05734270668343816,0.05195778829594133,24,1.0,294
362,1.032168720301887,0.057253913041573616,0.05188299745600424,24,1.0,294
363,1.030570434748325,0.057178348959317664,0.051808251319197536,24,1.0,294
364,1.029210281267718,0.05710026245587418,0.05173382561787538,24,1.0,294
365,1.027804724205735,0.05701263654716671,0.05165901716195941,24,1.0,295
366,1.026227457849001,0.056919818205841,0.05158523031392126,24,1.0,295
367,1.024556727705138,0.05681909918282439,0.05151175117423693,24,1.0,295
368,1.022743785290839,0.05673281435560331,0.05143867188665658,24,1.0,295
369,1.0211906584008597,0.056656613588547365,0.05136544450681655,24,1.0,295
370,1.0198190445938526,0.05657247346316558,0.05129291025356475,24,1.0,295
371,1.0183045223369804,0.05650516796352917,0.051220382478468544,24,1.0,295
372,1.017093023343525,0.05642855336816103,0.051148538658115424,24,1.0,295
373,1.0157139606268986,0.056363141797679976,0.051076822469436324,24,1.0,295
374,1.0145365523582395,0.056280355945505955,0.05100551938275114,24,1.0,295
375,1.0130464070191072,0.05619525395687879,0.050934289685881935,24,1.0,295
376,1.0115145712238183,0.05614008593918592,0.05086334715544921,24,1.0,295
377,1.0105215469053466,0.0560609943967243,0.05079273355184002,24,1.0,296
378,1.0090978991410375,0.05596760767057959,0.050722185184455565,24,1.0,296
379,1.0074169380704325,0.05589722348248471,0.05065219349708058,24,1.0,296
380,1.0061500226847246,0.05581128020421818,0.05058229962902286,24,1.0,296
381,1.0046030436759272,0.055737567381995624,0.050512684371727755,24,1.0,296
382,1.0032762128759212,0.055661542191558035,0.05044328539655484,24,1.0,296
383,1.0019077594480446,0.055580631609946016,0.05037471955971818,24,1.0,296
384,1.0004513689790282,0.05551694585132441,0.05030584036318156,24,1.0,296
385,0.9993050253238394,0.05545090257387393,0.05023726687610241,24,1.0,296
386,0.9981162463297307,0.05536322605466986,0.05016913336515879,24,1.0,296
387,0.9965380689840575,0.05528878491538414,0.05010160313417342,24,1.0,296
388,0.9951981284769145,0.05521720706908889,0.050033965675334885,24,1.0,296
389,0.9939097272436,0.05513702752564097,0.049966994376296224,24,1.0,296
390,0.9924664954615375,0.05506606179380511,0.049899772443387835,24,1.0,297
391,0.991189112288492,0.054999160349120536,0.04983311228692799,24,1.0,297
392,0.9899848862841697,0.054936278341370985,0.04976662718551539,24,1.0,297
393,0.9888530101446777,0.054858616157878085,0.04970013873916493,24,1.0,297
394,0.9874550908418055,0.054790009034656056,0.04963395115272732,24,1.0,297
395,0.986220162623809,0.05471051222372572,0.04956841990994828,24,1.0,297
396,0.9847892200270629,0.05465236103345213,0.04950273213343903,24,1.0,297
397,0.9837424986021384,0.05455996575372874,0.049437768176093994,24,1.0,297
398,0.9820793835671173,0.05448884754228044,0.04937259533073137,24,1.0,297
399,0.980799255761048,0.054411926102762256,0.049307793957075456,24,1.0,297
400,0.9794146698497206,0.05434262246033352,0.04924346777502997,24,1.0,297
401,0.9781672042860033,0.054273594247058576,0.04917946345454519,24,1.0,297
402,0.9769246964470544,0.054206043500531,0.04911534052756337,24,1.0,297
403,0.975708783009558,0.054130362417915474,0.049051251166192876,24,1.0,298
404,0.9743465235224785,0.05406336712666831,0.048987501997756124,24,1.0,298
405,0.9731406082800296,0.05398117498435011,0.04892401412975811,24,1.0,298
406,0.971661149718302,0.053908836992862606,0.04886054908275625,24,1.0,298
407,0.9703590658715269,0.0538203111049118,0.04879792585440456,24,1.0,298
408,0.9687655998884124,0.05375098943804203,0.048735376546389424,24,1.0,298
409,0.9675178098847566,0.05367143872011891,0.04867328477605474,24,1.0,298
410,0.9660858969621404,0.05359922726402716,0.04861125902862636,24,1.0,298
411,0.9647860907524889,0.05352963380680576,0.0485494744378586,24,1.0,298
412,0.9635334085225037,0.0534603222597626,0.04848790400751565,24,1.0,298
413,0.9622858006757268,0.053402776602675506,0.04842639782692704,24,1.0,298
414,0.9612499788481591,0.0533408444213763,0.04836526858852541,24,1.0,298
415,0.9601351995847734,0.05328255874817843,0.04830460505704681,24,1.0,298
416,0.9590860574672118,0.053208561056602266,0.048243982309000816,24,1.0,298
417,0.9577540990188408,0.05315185799843693,0.04818330689198458,24,1.0,299
418,0.9567334439718647,0.05307955315791832,0.048122883337967305,24,1.0,299
419,0.9554319568425298,0.05302777369050257,0.04806299068097311,24,1.0,299
420,0.9544999264290464,0.05295935267862161,0.0480029973519585,24,1.0,299
421,0.953268348215189,0.05289232201335732,0.04794322454672003,24,1.0,299
422,0.9520617962404317,0.052818893931185384,0.04788381169203587,24,1.0,299
423,0.9507400907613369,0.052752417090904946,0.04782447811018892,24,1.0,299
424,0.949543507636289,0.05268840428403051,0.04776576654824844,24,1.0,299
425,0.9483912771125491,0.05263121958748109,0.04770720513130028,24,1.0,299
426,0.9473619525746596,0.05257204048417428,0.047648680599264644,24,1.0,299
427,0.946296728715137,0.0525097989083727,0.04759029233310442,24,1.0,299
428,0.9451763803507086,0.052447787263687415,0.04753228266789613,24,1.0,299
429,0.9440601707463735,0.05237843240704013,0.04747450226550743,24,1.0,299
430,0.9428117833267224,0.052322292324614494,0.047416769687445015,24,1.0,299
431,0.9418012618430609,0.05225452793886201,0.04735903020262064,24,1.0,300
432,0.9405815028995161,0.05219345326072555,0.0473014320716893,24,1.0,300
433,0.93948215869306,0.052126208751492334,0.04724440300330604,24,1.0,300
434,0.938271757526862,0.05205605195794579,0.04718754609428529,24,1.0,300
435,0.9370089352430242,0.051999927236588216,0.04713098691838886,24,1.0,300
436,0.9359986902585878,0.051935564544748784,0.04707451352308852,24,1.0,300
437,0.9348401618054781,0.051866206096035664,0.047018569042036946,24,1.0,300
438,0.9335917097286419,0.0518096732540763,0.04696221133016914,24,1.0,300
439,0.9325741185733735,0.051742920283988074,0.04690640227817469,24,1.0,300
440,0.9313725651117853,0.05168369434657989,0.04685074311465612,24,1.0,300
441,0.930306498238438,0.05163294994600223,0.04679512464512123,24,1.0,300
442,0.9293930990280401,0.05155455170730732,0.046740095976966184,24,1.0,300
443,0.9279819307315318,0.05149087026082755,0.04668478519093864,24,1.0,300
444,0.9268356646948959,0.051427434203752315,0.04662974378797369,24,1.0,300
445,0.9256938156675416,0.05136424194972903,0.046575085060200326,24,1.0,300
446,0.9245563550951226,0.05130737332120461,0.04652054745890862,24,1.0,301
447,0.9235327197816829,0.051258785197953564,0.046466076677639516,24,1.0,301
448,0.9226581335631642,0.05119623800715717,0.046412070648390896,24,1.0,301
449,0.921532284128829,0.05113593517833931,0.046357700095796504,24,1.0,301
450,0.9204468332101076,0.05107385504278709,0.046304127572377646,24,1.0,301
451,0.9193293907701676,0.051005042222147676,0.04625058440101452,24,1.0,301
452,0.9180907599986582,0.05095238244931351,0.0461969950831421,24,1.0,301
453,0.9171428840876431,0.05090285896955264,0.046143471764552774,24,1.0,301
454,0.9162514614519476,0.0508327935771338,0.04609053099029518,24,1.0,301
455,0.9149902843884083,0.050770874770571274,0.04603740855198884,24,1.0,301
456,0.913875745870283,0.050708214026547266,0.045985011770304916,24,1.0,301
457,0.9127478524778507,0.0506526099484359,0.045932250301010114,24,1.0,301
458,0.9117469790718462,0.050593314544110424,0.04587997910673045,24,1.0,301
459,0.9106796617939876,0.050538103103263315,0.045827965129392634,24,1.0,301
460,0.9096858558587397,0.05048500713563251,0.045775685319916964,24,1.0,301
461,0.9087301284413852,0.05042248170162321,0.04572392992804843,24,1.0,302
462,0.9076046706292178,0.050379336452737934,0.04567218597429366,24,1.0,302
463,0.9068280561492829,0.050323896946399556,0.045620388167311954,24,1.0,302
464,0.905830145035192,0.05027245198818312,0.04556884567431874,24,1.0,302
465,0.9049041357872962,0.05020506100023841,0.04551751800269551,24,1.0,302
466,0.9036910980042914,0.050156827362686014,0.04546647196951198,24,1.0,302
467,0.9028228925283482,0.05009744422590139,0.04541572448828818,24,1.0,302
468,0.9017539960662251,0.0500289094040983,0.045365311918466066,24,1.0,302
469,0.9005203692737694,0.049974665600912786,0.04531500817840365,24,1.0,302
470,0.8995439808164302,0.0499187444130719,0.04526448510979567,24,1.0,302
471,0.8985373994352941,0.04986765485090037,0.04521425580864911,24,1.0,302
472,0.8976177873162067,0.04980656267169422,0.04516418454085317,24,1.0,302
473,0.8965181280904959,0.04975491000930636,0.045114275618721424,24,1.0,302
474,0.8955883801675145,0.049704342416868254,0.04506467309696403,24,1.0,302
475,0.8946781635036286,0.049630161905011655,0.04501522637542257,24,1.0,302
476,0.8933429142902098,0.04957270468422864,0.04496616248547038,24,1.0,302
477,0.8923086843161155,0.049515454964961306,0.044916808996888,24,1.0,303
478,0.8912781893693035,0.04946021923666055,0.04486755512237564,24,1.0,303
479,0.8902839462598899,0.04941598882930062,0.04481868463972499,24,1.0,303
480,0.8894877989274113,0.04936379397066903,0.04477004355358153,24,1.0,303
481,0.8885482914720425,0.04931535340046909,0.04472176433311404,24,1.0,303
482,0.8876763612084436,0.04925991932673326,0.04467334471209843,24,1.0,303
483,0.8866785478811986,0.049202900937127814,0.044625028735298805,24,1.0,303
484,0.8856522168683006,0.049151405880869116,0.04457685831301476,24,1.0,303
485,0.8847253058556441,0.049098312070600295,0.04452890557835831,24,1.0,303
486,0.8837696172708053,0.04903923539391253,0.044481156587584565,24,1.0,303
487,0.8827062370904255,0.048987396272039074,0.0444334601153504,24,1.0,303
488,0.8817731328967033,0.04892611390475533,0.04438586955593705,24,1.0,303
489,0.880670050285596,0.04886942295908269,0.04433842198640848,24,1.0,303
490,0.8796496132634885,0.048814671896899045,0.044291311035864166,24,1.0,303
491,0.8786640941441828,0.04876270594180353,0.04424438923429602,24,1.0,303
492,0.8777287069524635,0.0487169462727573,0.04419743051076724,24,1.0,303
493,0.8769050329096314,0.048672180232625296,0.04415047247665758,24,1.0,304
494,0.8760992441872554,0.048618116372957154,0.04410363407111508,24,1.0,304
495,0.8751260947132288,0.048567655027213205,0.04405723960285705,24,1.0,304
496,0.8742177904898377,0.04850884814001938,0.04401097546406408,24,1.0,304
497,0.8731592665203488,0.04845450116543434,0.04396469499061926,24,1.0,304
498,0.872181020977818,0.048401188867276505,0.043918675093551705,24,1.0,304
499,0.8712213996109771,0.048348059545357605,0.04387266814186313,24,1.0,304
500,0.8702650718164369,0.04830770222449306,0.04382682009560449,24,1.0,304
501,0.869538640040875,0.04825824034936303,0.043781097142092634,24,1.0,304
502,0.8686483262885346,0.0482089364760793,0.04373539344455434,24,1.0,304
503,0.8677608565694275,0.048158126511055326,0.043690192857142256,24,1.0,304
504,0.8668462771989959,0.04810748360701464,0.04364506114518626,24,1.0,304
505,0.8659347049262636,0.04805535466865135,0.04360006611515522,24,1.0,304
506,0.8649963840357243,0.04800175551647396,0.04355538767815944,24,1.0,304
507,0.8640315992965313,0.04794998353392688,0.04351073122400911,24,1.0,304
508,0.8630997036106839,0.047899203391164234,0.043466419689512176,24,1.0,304
509,0.8621856610409562,0.047851851278516995,0.04342187932763406,24,1.0,304
510,0.8613333230133059,0.047807896132824455,0.04337759111586609,24,1.0,305
511,0.8605421303908402,0.04776001507250042,0.0433330134547183,24,1.0,305
512,0.8596802713050076,0.04770743792676879,0.043288754444667864,24,1.0,305
513,0.8587338826818383,0.04766550624770373,0.04324473786365113,24,1.0,305
514,0.8579791124586671,0.047618871956544906,0.04320067408992324,24,1.0,305
515,0.8571396952178083,0.0475723800144011,0.04315687399254275,24,1.0,305
516,0.8563028402592199,0.0475268276397294,0.043113143258596325,24,1.0,305
517,0.8554828975151292,0.04748459403809589,0.04306945968428589,24,1.0,305
518,0.8547226926857261,0.047442477548458484,0.04302635551404437,24,1.0,305
519,0.8539645958722527,0.04739098433738231,0.04298314972863069,24,1.0,305
520,0.8530377180728815,0.04734045366157223,0.042940120501286684,24,1.0,305
521,0.8521281659083002,0.0472900910470372,0.0428971220238532,24,1.0,305
522,0.8512216388466696,0.047245377576371,0.04285430642016716,24,1.0,305
523,0.8504167963746779,0.047197672417559705,0.04281149919042943,24,1.0,305
524,0.8495581035160746,0.04715400983495522,0.04276885024789951,24,1.0,305
525,0.8487721770291939,0.0471065921975643,0.0427264439276017,24,1.0,305
526,0.8479186595561574,0.04706087075988351,0.04268406561234994,24,1.0,305
527,0.8470956736779032,0.047013745001450585,0.042641986455581156,24,1.0,306
528,0.8462474100261106,0.04697291921887878,0.042599578871146376,24,1.0,306
529,0.8455125459398181,0.04692606795760824,0.04255756805544764,24,1.0,306
530,0.8446692232369483,0.046872483795569075,0.0425157824906372,24,1.0,306
531,0.8437047083202434,0.04682442123154198,0.04247386965659477,24,1.0,306
532,0.8428395821677556,0.046774993991492674,0.04243218863219745,24,1.0,306
533,0.8419498918468681,0.04672421623205405,0.042390627950833,24,1.0,306
534,0.8410358921769728,0.04667662683316127,0.04234933724903179,24,1.0,306
535,0.8401792829969028,0.04663144417645107,0.04230810952869334,24,1.0,306
536,0.8393659951761192,0.04659089646423002,0.042266764222842736,24,1.0,306
537,0.8386361363561404,0.04654223490055948,0.042225705414638465,24,1.0,306
538,0.8377602282100707,0.0464914970755463,0.04218486697416437,24,1.0,306
539,0.8368469473598333,0.04644612907413853,0.04214417810349158,24,1.0,306
540,0.8360303233344936,0.046403860857777014,0.04210346653517411,24,1.0,306
541,0.8352694954399863,0.0463617126545014,0.04206281328657757,24,1.0,306
542,0.8345108277810251,0.04632410236483468,0.042022141246994854,24,1.0,306
543,0.8338338425670243,0.0462807111815357,0.04198197768685624,24,1.0,306
544,0.8330528012676426,0.04623964363108062,0.04194163936046263,24,1.0,306
545,0.8323135853594512,0.04620161129628556,0.0419013025122908,24,1.0,307
546,0.8316290033331402,0.04615639259258868,0.041861137810127985,24,1.0,307
547,0.8308150666665962,0.04610840823942034,0.04182134315553685,24,1.0,307
548,0.8299513483095662,0.04606636864421354,0.04178138023836245,24,1.0,307
549,0.8291946355958437,0.04602300524005343,0.04174154666917523,24,1.0,307
550,0.8284140943209617,0.04597689128391145,0.0417017891642218,24,1.0,307
551,0.8275840431104061,0.04593594240500594,0.04166223296283664,24,1.0,307
552,0.8268469632901069,0.04589296123861051,0.04162298054323038,24,1.0,307
553,0.8260733022949892,0.045846539866957796,0.04158388996333219,24,1.0,307
554,0.8252377176052403,0.04580950825801096,0.04154468059503091,24,1.0,307
555,0.8245711486441972,0.045771151141739984,0.041505680518494605,24,1.0,307
556,0.8238807205513197,0.0457279423239633,0.04146688886407952,24,1.0,307
557,0.8231029618313395,0.04568768188560698,0.04142804024684927,24,1.0,307
558,0.8223782739409256,0.0456461252728142,0.041389412128575005,24,1.0,307
559,0.8216302549106556,0.04560608935817199,0.041350721619088864,24,1.0,307
560,0.8209096084470958,0.04556826166359154,0.04131222599898359,24,1.0,307
561,0.8202287099446477,0.04552216072134374,0.04127399257292826,24,1.0,307
562,0.8193988929841873,0.04547898630109495,0.041235855997639854,24,1.0,307
563,0.818621753419709,0.045443567635629276,0.04119766077579929,24,1.0,307
564,0.817984217441327,0.04540823504498287,0.041159611440288346,24,1.0,308
565,0.8173482308096917,0.04536332751688346,0.04112162648014332,24,1.0,308
566,0.8165398953039023,0.04532406109384053,0.04108366088750432,24,1.0,308
567,0.8158330996891295,0.045275298538472036,0.041045839313313424,24,1.0,308
568,0.8149553736924966,0.045234902042243445,0.041008265976386085,24,1.0,308
569,0.814228236760382,0.04519257264205754,0.04097065099135142,24,1.0,308
570,0.8134663075570358,0.045153765932005166,0.040933260938249456,24,1.0,308
571,0.812767786776093,0.04511167315185163,0.04089596131482202,24,1.0,308
572,0.8120101167333293,0.04507375908952144,0.040858623457865506,24,1.0,308
573,0.8113276636113859,0.04502987633319499,0.04082157592631259,24,1.0,308
574,0.8105377739975098,0.04498411083072815,0.040784457272380024,24,1.0,308
575,0.8097139949531067,0.044936481053479055,0.04074754312573175,24,1.0,308
576,0.8088566589626229,0.044887673557880634,0.04071056743858283,24,1.0,308
577,0.8079781240418514,0.044843023142868886,0.04067377543597048,24,1.0,308
578,0.8071744165716399,0.04480514604919922,0.04063714338442136,24,1.0,308
579,0.8064926288855859,0.044762736313410996,0.0406006812491963,24,1.0,308
580,0.8057292536413979,0.04472111152279116,0.040564311111592324,24,1.0,308
581,0.8049800074102409,0.044685529248457825,0.04052794838486535,24,1.0,308
582,0.8043395264722408,0.04465069180175905,0.040491622070179034,24,1.0,308
583,0.8037124524316629,0.044611355435944945,0.04045544600953612,24,1.0,309
584,0.803004397847009,0.044581270792919896,0.04041923218530564,24,1.0,309
585,0.8024628742725581,0.044534308814027854,0.040383255584954,24,1.0,309
586,0.8016175586525014,0.04448555411227113,0.040347268163734074,24,1.0,309
587,0.8007399740208804,0.04444472881596115,0.04031119607784516,24,1.0,309
588,0.8000051186873007,0.044406601582882975,0.04027547271806437,24,1.0,309
589,0.7993188284918935,0.04437308252874229,0.0402398124224636,24,1.0,309
590,0.7987154855173612,0.04433514687852083,0.04020428721808388,24,1.0,309
591,0.7980326438133749,0.04429603164565753,0.04016887017938789,24,1.0,309
592,0.7973285696218355,0.04425574694193185,0.04013349719125752,24,1.0,309
593,0.7966034449547733,0.04421557651455508,0.04009821772348835,24,1.0,309
594,0.7958803772619915,0.04417171080796481,0.04006315646222071,24,1.0,309
595,0.7950907945433665,0.044133044029635124,0.040028068371043196,24,1.0,309
596,0.7943947925334323,0.04409322031578724,0.03999314349614209,24,1.0,309
597,0.7936779656841703,0.04405287924734458,0.039958292250030475,24,1.0,309
598,0.7929518264522024,0.04401830313693776,0.039923642827414875,24,1.0,309
599,0.7923294564648797,0.04398318535929871,0.03988918628723941,24,1.0,309
600,0.7916973364673767,0.04394503151601721,0.039854634865130266,24,1.0,309
601,0.7910105672883098,0.043906980913963854,0.03982011349760618,24,1.0,309
602,0.7903256564513493,0.04386406391804306,0.03978570585724653,24,1.0,309
603,0.789553150524775,0.04381570654917947,0.0397513828883952,24,1.0,310
604,0.7886827178852305,0.04377800447509126,0.03971714248110258,24,1.0,310
605,0.7880040805516427,0.04374225046103803,0.039682836260801976,24,1.0,310
606,0.7873605082986845,0.04369737915096863,0.039648788608914284,24,1.0,310
607,0.7865528247174353,0.04365938201893382,0.03961489938880016,24,1.0,310
608,0.7858688763408088,0.043628814262752745,0.03958074889724191,24,1.0,310
609,0.7853186567295494,0.04358978494769756,0.03954693811547006,24,1.0,310
610,0.784616129058556,0.04354479302184829,0.03951325989809863,24,1.0,310
611,0.7838062743932692,0.043509630343454585,0.039479540770801076,24,1.0,310
612,0.7831733461821825,0.043471536748056254,0.03944591857524659,24,1.0,310
613,0.7824876614650126,0.043431740740110455,0.03941249302338593,24,1.0,310
614,0.7817713333219882,0.043401667922896875,0.03937903288015374,24,1.0,310
615,0.7812300226121438,0.04337166007927916,0.0393456496848048,24,1.0,310
616,0.7806898814270249,0.043332148813994824,0.03931253691072805,24,1.0,310
617,0.7799786786519068,0.04329453824518174,0.03927928337481931,24,1.0,310
618,0.7793016884132714,0.04325405696025495,0.039246238860111936,24,1.0,310
619,0.7785730252845892,0.04321843622704553,0.039213205788005925,24,1.0,310
620,0.7779318520868195,0.04318763895642801,0.03918029904448799,24,1.0,310
621,0.7773775012157041,0.043144519804479385,0.03914764213060365,24,1.0,310
622,0.7766013564806289,0.04309977125061517,0.039114969357468075,24,1.0,310
623,0.775795882511073,0.04306454570203237,0.03908240869477888,24,1.0,310
624,0.7751618226365827,0.04302297811723755,0.039049870616043376,24,1.0,311
625,0.7744136061102759,0.042992030385997096,0.03901713307816689,24,1.0,311
626,0.7738565469479477,0.04296289808724833,0.03898454174910546,24,1.0,311
627,0.77333216557047,0.04292802061532327,0.038952134358401426,24,1.0,311
628,0.7727043710758188,0.042893231463021014,0.03891977113173151,24,1.0,311
629,0.7720781663343783,0.042858530254886,0.03888767519607454,24,1.0,311
630,0.771453544587948,0.04282506899866744,0.03885551647702131,24,1.0,311
631,0.770851241976014,0.042787091509391924,0.03882337862329689,24,1.0,311
632,0.7701676471690546,0.04275437731454768,0.03879142591139085,24,1.0,311
633,0.7695787916618583,0.04272288495967517,0.038759480951250355,24,1.0,311
634,0.7690119292741531,0.04267948728341966,0.038727691712211194,24,1.0,311
635,0.7682307711015538,0.04264702926519584,0.03869582986805169,24,1.0,311
636,0.7676465267735251,0.04261748561824402,0.03866403724151364,24,1.0,311
637,0.7671147411283924,0.04257951387345932,0.03863245332141293,24,1.0,311
638,0.7664312497222677,0.04253939029717855,0.03860090670193824,24,1.0,311
639,0.7657090253492139,0.04250501211262192,0.03856956110126792,24,1.0,311
640,0.7650902180271946,0.0424684749817367,0.03853812587939374,24,1.0,311
641,0.7644325496712605,0.042434275395222,0.038506950455639934,24,1.0,311
642,0.763816957113996,0.042396252506472956,0.038475916768511254,24,1.0,311
643,0.7631325451165132,0.042365576445419086,0.038444719859026026,24,1.0,311
644,0.7625803760175436,0.04233219061522973,0.038413596798161746,24,1.0,311
645,0.7619794310741351,0.042303322623339676,0.03838261054238415,24,1.0,312
646,0.7614598072201142,0.04227230269895018,0.03835150522181036,24,1.0,312
647,0.7609014485811032,0.04223362754700293,0.03832062864494744,24,1.0,312
648,0.7602052958460528,0.04220331736170706,0.03828979052613968,24,1.0,312
649,0.7596597125107271,0.042171976593140634,0.03825888611386684,24,1.0,312
650,0.7590955786765314,0.04214070842791952,0.038228129467796135,24,1.0,312
651,0.7585327517025513,0.04210513999095202,0.038197493893119806,24,1.0,312
652,0.7578925198371363,0.04206748516776291,0.0381670574518481,24,1.0,312
653,0.7572147330197324,0.04203319640251497,0.03813672584649596,24,1.0,312
654,0.7565975352452694,0.042003333048044794,0.03810634415567422,24,1.0,312
655,0.7560599948648064,0.041970830323510115,0.038076015429349096,24,1.0,312
656,0.7554749458231821,0.04193840605026728,0.03804592425296368,24,1.0,312
657,0.754891308904811,0.041900138235095315,0.03801585077513903,24,1.0,312
658,0.7542024882317157,0.04186627347593759,0.03798580700190359,24,1.0,312
659,0.7535929225668766,0.04183249408328139,0.03795573016184793,24,1.0,312
660,0.752984893499065,0.04179986805614197,0.03792579350583349,24,1.0,312
661,0.7523976250105555,0.041768920201381,0.03789601722764643,24,1.0,312
662,0.7518405636248581,0.04173910733696563,0.03786623551258112,24,1.0,312
663,0.7513039320653814,0.041704586342997986,0.03783655102841401,24,1.0,312
664,0.7506825541739638,0.04166909635624035,0.0378069328464275,24,1.0,312
665,0.7500437344123263,0.04163844975402297,0.03777728236927514,24,1.0,312
666,0.7494920955724135,0.041598398520094546,0.03774794152271398,24,1.0,312
667,0.7487711733617018,0.04157211456633255,0.037718554518906315,24,1.0,313
668,0.7482980621939859,0.041543262057274495,0.037689122931154874,24,1.0,313
669,0.7477787170309409,0.04151185782981098,0.03765965815124218,24,1.0,313
670,0.7472134409365977,0.04147896307952081,0.03763048575146143,24,1.0,313
671,0.7466213354313745,0.04144354885743892,0.03760128272610335,24,1.0,313
672,0.7459838794339007,0.04141653103768308,0.0375721342150258,24,1.0,313
673,0.7454975586782954,0.041384389285058665,0.03754302828531281,24,1.0,313
674,0.744919007131056,0.04134767733449304,0.03751407668976331,24,1.0,313
675,0.7442581920208746,0.04131364181814264,0.037485198628222756,24,1.0,313
676,0.7436455527265675,0.041281234881942505,0.03745624963723055,24,1.0,313
677,0.7430622278749651,0.04124941974842058,0.03742748362518481,24,1.0,313
678,0.7424895554715704,0.04121308020393519,0.037398727323723145,24,1.0,313
679,0.7418354436708334,0.041173272944630766,0.03737019354041462,24,1.0,313
680,0.7411189130033538,0.04114527582157671,0.037341663135394366,24,1.0,313
681,0.7406149647883808,0.04111886043499051,0.03731314759030078,24,1.0,313
682,0.7401394878298292,0.04108692803989393,0.03728472594165575,24,1.0,313
683,0.7395647047180908,0.041057093236486146,0.037256434926791517,24,1.0,313
684,0.7390276782567506,0.04102732600728908,0.037228146269223016,24,1.0,313
685,0.7384918681312035,0.040996117724122184,0.03719991506298588,24,1.0,313
686,0.7379301190341994,0.04097100369943534,0.03717174638349486,24,1.0,313
687,0.7374780665898362,0.040941931553065136,0.03714357141281687,24,1.0,313
688,0.7369547679551725,0.040910925581030766,0.03711551340750845,24,1.0,313
689,0.7363966604585538,0.040880491180413994,0.03708756271853334,24,1.0,313
690,0.7358488412474519,0.04085062459477877,0.037059559357851775,24,1.0,314
691,0.7353112427060179,0.04082132215278248,0.03703159329464147,24,1.0,314
692,0.7347837987500847,0.04079505552603489,0.03700374394929395,24,1.0,314
693,0.7343109994686281,0.04075995075315824,0.03697604048249727,24,1.0,314
694,0.7336791135568483,0.04072691010465677,0.036948378363605885,24,1.0,314
695,0.7330843818838219,0.04069493556785905,0.0369207226532269,24,1.0,314
696,0.732508840221463,0.0406689219789826,0.03689320674277652,24,1.0,314
697,0.7320405956216868,0.04063464388235514,0.03686570792533079,24,1.0,314
698,0.7314235898823925,0.04060631029612544,0.036838206719159605,24,1.0,314
699,0.730913585330258,0.04057170994528943,0.03681087044168459,24,1.0,314
700,0.7302907790152097,0.04053817233917822,0.036783530469006724,24,1.0,314
701,0.7296871021052079,0.040505689567316455,0.036756304958834154,24,1.0,314
702,0.7291024122116962,0.040477152555012885,0.03672909449011697,24,1.0,314
703,0.7285887459902319,0.04044723207647185,0.03670201740048541,24,1.0,314
704,0.7280501773764932,0.04041834245500066,0.03667492972621004,24,1.0,314
705,0.7275301641900118,0.040386638196654265,0.03664804609070354,24,1.0,314
706,0.7269594875397768,0.040358840912349675,0.036621107620871694,24,1.0,314
707,0.7264591364222941,0.04032393947104718,0.03659429904801563,24,1.0,314
708,0.7258309104788492,0.04029103695732898,0.036567422734414816,24,1.0,314
709,0.7252386652319217,0.04025346873640267,0.03654077480764105,24,1.0,314
710,0.724562437255248,0.04022169268340142,0.03651411043835013,24,1.0,314
711,0.7239904683012256,0.04019424823390813,0.03648741351259064,24,1.0,314
712,0.7234964682103464,0.04016639053123038,0.03646088391122404,24,1.0,314
713,0.7229950295621469,0.04013388756441432,0.03643432009890209,24,1.0,314
714,0.7224099761594578,0.040105690793631826,0.03640761004006911,24,1.0,315
715,0.7219024342853728,0.040076619038140936,0.03638103948969828,24,1.0,315
716,0.7213791426865368,0.04005415702348543,0.03635464621106766,24,1.0,315
717,0.7209748264227377,0.04002800097373451,0.03632826082153114,24,1.0,315
718,0.7205040175272212,0.03999677711617844,0.036301906922828385,24,1.0,315
719,0.7199419880912119,0.03997120237033407,0.0362756032751897,24,1.0,315
720,0.7194816426660133,0.039940579993480975,0.0362493984080415,24,1.0,315
721,0.7189304398826576,0.039913267385127016,0.03622336586798001,24,1.0,315
722,0.7184388129322863,0.03988139940720076,0.036197204778167284,24,1.0,315
723,0.7178651893296136,0.03986111924770747,0.03617097969334092,24,1.0,315
724,0.7175001464587345,0.03983627392950852,0.036145118991390814,24,1.0,315
725,0.7170529307311533,0.039814688625610474,0.03611916550153411,24,1.0,315
726,0.7166643952609886,0.03978718593023051,0.03609326400782953,24,1.0,315
727,0.7161693467441492,0.03975471759990712,0.03606745651983861,24,1.0,315
728,0.7155849167983281,0.03972916707155418,0.03604163799628253,24,1.0,315
729,0.7151250072879752,0.039702303172559406,0.03601582025775189,24,1.0,315
730,0.7146414571060693,0.039673226725759986,0.03599013915905815,24,1.0,315
731,0.7141180810636798,0.03964376393096502,0.035964615825380616,24,1.0,315
732,0.7135877507573704,0.03961120785962447,0.03593918252973164,24,1.0,315
733,0.7130017414732405,0.03958684553093298,0.03591366192832637,24,1.0,315
734,0.7125632195567937,0.03956118044238867,0.03588825228302369,24,1.0,315
735,0.712101247962996,0.03953601616102193,0.035862878115792564,24,1.0,315
736,0.7116482908983948,0.03950731810779346,0.03583763407646814,24,1.0,315
737,0.7111317259402823,0.03948181360503482,0.03581225058977915,24,1.0,315
738,0.7106726448906268,0.039454130168952946,0.03578705715875892,24,1.0,315
739,0.710174343041153,0.039425172208651466,0.03576175409643672,24,1.0,316
740,0.7096530997557264,0.039394948662246076,0.035736603301632835,24,1.0,316
741,0.7091090759204294,0.03936391165160429,0.0357114688410999,24,1.0,316
742,0.7085504097288773,0.03933250913920191,0.03568638206032831,24,1.0,316
743,0.7079851645056343,0.03930603271301733,0.03566137629353804,24,1.0,316
744,0.707508588834312,0.03928313144598073,0.035636576542061316,24,1.0,316
745,0.7070963660276531,0.03925719771365194,0.03561167477318388,24,1.0,316
746,0.7066295588457349,0.039230441013024,0.03558683101046915,24,1.0,316
747,0.706147938234432,0.03920242954518172,0.03556211387200747,24,1.0,316
748,0.705643731813271,0.0391688108905207,0.035537432150122505,24,1.0,316
749,0.7050385960293726,0.039144417435979954,0.03551286584970937,24,1.0,316
750,0.7045995138476392,0.03911876844596552,0.03548840634550457,24,1.0,316
751,0.7041378320273793,0.03909230510807411,0.035463781404252236,24,1.0,316
752,0.703661491945334,0.039068060055368184,0.03543928032977079,24,1.0,316
753,0.7032250809966273,0.03903652529254404,0.035414808079042855,24,1.0,316
754,0.7026574552657927,0.039015402656720294,0.03539047620060521,24,1.0,316
755,0.7022772478209653,0.038989156940761036,0.03536604580419359,24,1.0,316
756,0.7018048249336987,0.038962108506879846,0.035341773126771815,24,1.0,316
757,0.7013179531238373,0.038934262724453175,0.03531758029252476,24,1.0,316
758,0.7008167290401571,0.038903917470311807,0.035293391344600154,24,1.0,316
759,0.7002705144656125,0.038876201269463645,0.035269260108111836,24,1.0,316
760,0.6997716228503457,0.038849396638998515,0.035245141856902036,24,1.0,316
761,0.6992891395019732,0.038815865907857044,0.03522100266152733,24,1.0,316
762,0.6986855863414267,0.03879045983116955,0.035197021276268524,24,1.0,316
763,0.6982282769610519,0.038762573039660346,0.0351731659148225,24,1.0,316
764,0.6977263147138862,0.0387389605539713,0.03514921801085885,24,1.0,317
765,0.6973012899714834,0.0387116094522044,0.035125280809401006,24,1.0,317
766,0.6968089701396792,0.038685996272774345,0.035101460752045816,24,1.0,317
767,0.6963479329099382,0.038660435943943916,0.03507772044607512,24,1.0,317
768,0.6958878469909905,0.038637017097329716,0.03505391422375077,24,1.0,317
769,0.6954663077519349,0.03861072377605653,0.03503019479083955,24,1.0,317
770,0.6949930279690175,0.038586150473495506,0.03500651343009618,24,1.0,317
771,0.6945507085229191,0.03855996502795099,0.034982941628263986,24,1.0,317
772,0.6940793705031179,0.03853342068104624,0.03495940037624007,24,1.0,317
773,0.6936015722588323,0.038505279743195044,0.034935809382680115,24,1.0,317
774,0.6930950353775108,0.038478027764017514,0.034912402524722594,24,1.0,317
775,0.6926044997523153,0.03845577543471533,0.034888996818939845,24,1.0,317
776,0.692203957824876,0.03842822184628543,0.03486567165318989,24,1.0,317
777,0.6917079932331377,0.03840195949025765,0.03484243940784019,24,1.0,317
778,0.6912352708246378,0.038375753102876345,0.03481917212010824,24,1.0,317
779,0.6907635558517742,0.038346745634823695,0.034796046330942194,24,1.0,317
780,0.6902414214268265,0.03832228558866727,0.0347729427632423,24,1.0,317
781,0.6898011405960109,0.03829787420015411,0.034749825969595485,24,1.0,317
782,0.689361735602774,0.038269455527953904,0.034726811636304,24,1.0,317
783,0.6888501995031703,0.03824393494692991,0.034703769506854484,24,1.0,317
784,0.6883908290447384,0.0382216984716866,0.034680775941814034,24,1.0,317
785,0.6879905724903588,0.0381970833581648,0.03465780384782935,24,1.0,317
786,0.6875475004469664,0.038174529405038606,0.03463492764344304,24,1.0,317
787,0.6871415292906949,0.03814960740036328,0.0346121741157298,24,1.0,317
788,0.686692933206539,0.038120328775966085,0.03458943851170641,24,1.0,317
789,0.6861659179673896,0.03809151985293332,0.03456664329883472,24,1.0,317
790,0.6856473573527997,0.03806836204235702,0.034543999750845926,24,1.0,317
791,0.6852305167624264,0.0380412674118214,0.03452118162307044,24,1.0,318
792,0.6847428134127852,0.038018204809791845,0.03449850979055565,24,1.0,318
793,0.6843276865762532,0.037992410600449326,0.034475959039393676,24,1.0,318
794,0.6838633908080879,0.03796667096203117,0.03445332652249201,24,1.0,318
795,0.683400077316561,0.037939406840998426,0.03443077574691474,24,1.0,318
796,0.6829093231379717,0.03791614246602222,0.03440830228514884,24,1.0,318
797,0.6824905643884,0.03789921511016362,0.03438599228053081,24,1.0,318
798,0.6821858719829452,0.03787327943232769,0.03436358657962465,24,1.0,318
799,0.6817190297818985,0.03784504907696961,0.034341257447576205,24,1.0,318
800,0.681210883385453,0.03782235568000827,0.03431896972190143,24,1.0,318
801,0.6808024022401488,0.03779580366351135,0.03429670689839192,24,1.0,318
802,0.6803244659432044,0.03776892058292857,0.03427445083229563,24,1.0,318
803,0.6798405704927143,0.037744427234567696,0.03425227876265257,24,1.0,318
804,0.6793996902222186,0.037723084654938704,0.03423027204079073,24,1.0,318
805,0.6790155237888966,0.037698683942718074,0.03420818584374838,24,1.0,318
806,0.6785763109689253,0.03767664952192418,0.034186110401114855,24,1.0,318
807,0.6781796913946352,0.037652727858123354,0.03416404660099346,24,1.0,318
808,0.6777491014462204,0.0376280842053669,0.03414205328860121,24,1.0,318
809,0.6773055156966042,0.03760387473269952,0.03412021341326956,24,1.0,318
810,0.6768697451885914,0.03757933071531686,0.034098328478788985,24,1.0,318
811,0.6764279528757036,0.03755751326195572,0.03407658465953053,24,1.0,318
812,0.676035238715203,0.03753191868290553,0.034054835565577354,24,1.0,318
813,0.6755745362922995,0.03750637848869787,0.03403307380774887,24,1.0,318
814,0.6751148127965616,0.0374824125202023,0.03401137379432547,24,1.0,318
815,0.6746834253636413,0.03746190827496553,0.03398982488349695,24,1.0,318
816,0.6743143489493796,0.03744030285533062,0.03396830440867922,24,1.0,318
817,0.6739254513959512,0.037419114322377475,0.033946699158900605,24,1.0,318
818,0.6735440578027946,0.037397963186776566,0.03392516810790237,24,1.0,319
819,0.6731633373619782,0.037371953229259805,0.033903626268478454,24,1.0,319
820,0.6726951581266765,0.03734787847435765,0.03388221359909906,24,1.0,319
821,0.6722618125384378,0.037318602734974574,0.03386083778869235,24,1.0,319
822,0.6717348492295423,0.037299873879391605,0.03383943325837591,24,1.0,319
823,0.6713977298290489,0.03727855874116665,0.03381799941085193,24,1.0,319
824,0.6710140573409997,0.037257654546484886,0.03379659470076347,24,1.0,319
825,0.670637781836728,0.03723380879680485,0.03377534084740362,24,1.0,319
826,0.6702085583424873,0.03721335438281974,0.033754126384937695,24,1.0,319
827,0.6698403788907553,0.037193305962263834,0.03373300301104217,24,1.0,319
828,0.669479507320749,0.03717403191473149,0.033711829597422374,24,1.0,319
829,0.6691325744651668,0.037152201004103574,0.03369073467795481,24,1.0,319
830,0.6687396180738643,0.03712893416674332,0.03366965999586511,24,1.0,319
831,0.6683208150013799,0.03710423992074187,0.0336486179066176,24,1.0,319
832,0.6678763185733536,0.03708363924953917,0.03362761822745728,24,1.0,319
833,0.667505506491705,0.03706234044280956,0.03360662623947643,24,1.0,319
834,0.667122127970572,0.03703668578008309,0.03358574032063994,24,1.0,319
835,0.6666603440414955,0.03701364392686862,0.033564929572572684,24,1.0,319
836,0.6662455906836352,0.03699174086452739,0.03354412351762676,24,1.0,319
837,0.665851335561493,0.03697060632535028,0.03352325935058719,24,1.0,319
838,0.665470913856305,0.0369531441537836,0.03350249533620127,24,1.0,319
839,0.6651565947681047,0.03692554830394919,0.03348185073174124,24,1.0,319
840,0.6646598694710854,0.03690489358912135,0.0334611791314866,24,1.0,319
841,0.6642880846041843,0.0368799387098317,0.0334406625234097,24,1.0,319
842,0.6638388967769706,0.036858281586018615,0.033420034656049015,24,1.0,319
843,0.6634490685483351,0.0368337847819273,0.03339951843918227,24,1.0,319
844,0.6630081260746914,0.03680969787330175,0.0333790456122544,24,1.0,319
845,0.6625745617194315,0.036786018488371,0.033358514547964756,24,1.0,319
846,0.662148332790678,0.03676310202008045,0.03333793934752358,24,1.0,320
847,0.6617358363614481,0.036739516033214105,0.03331745492970968,24,1.0,320
848,0.6613112885978539,0.036715977227048904,0.03329705932181891,24,1.0,320
849,0.6608875900868802,0.03669035215262171,0.033276675996352124,24,1.0,320
850,0.6604263387471908,0.03666868565725275,0.033256350269008056,24,1.0,320
851,0.6600363418305495,0.03664883023246375,0.03323595748982716,24,1.0,320
852,0.6596789441843475,0.03662370458111707,0.03321568665084857,24,1.0,320
853,0.6592266824601073,0.03660357215549984,0.03319550541914681,24,1.0,320
854,0.6588642987989972,0.03657854318065824,0.03317533695880238,24,1.0,320
855,0.6584137772518484,0.03655497322384161,0.03315520423525677,24,1.0,320
856,0.657989518029149,0.036526892004264774,0.03313507311141494,24,1.0,320
857,0.657484056076766,0.036504125536170835,0.03311492736488489,24,1.0,320
858,0.657074259651075,0.03647860978082947,0.033094945738814156,24,1.0,320
859,0.6566149760549305,0.03645837663564805,0.033074856489890746,24,1.0,320
860,0.6562507794416649,0.03643469957672869,0.03305494488497751,24,1.0,320
861,0.6558245923811163,0.03641107045814798,0.03303502273139923,24,1.0,320
862,0.6553992682466636,0.03638887493500013,0.033015140352261836,24,1.0,320
863,0.6549997488300023,0.03636533841252823,0.03299527500470533,24,1.0,320
864,0.6545760914255081,0.036342539532000534,0.032975488409619384,24,1.0,320
865,0.6541657115760096,0.036317718847524695,0.032955726383762186,24,1.0,320
866,0.6537189392554446,0.03629466929482006,0.032935927755265555,24,1.0,320
867,0.6533040473067611,0.03627166535153054,0.03291621701133379,24,1.0,320
868,0.6528899763275497,0.036255212872480125,0.032896525454950885,24,1.0,320
869,0.6525938317046422,0.03623604772792438,0.03287690344979843,24,1.0,320
870,0.6522488591026389,0.03621554870112026,0.03285726261001233,24,1.0,320
871,0.6518798766201647,0.03619133822305598,0.03283771013967227,24,1.0,320
872,0.6514440880150076,0.036167178202097396,0.03281816404279935,24,1.0,320
873,0.6510092076377532,0.036147818523626626,0.03279866867685013,24,1.0,320
874,0.6506607334252793,0.036129168767802165,0.032779229548946895,24,1.0,320
875,0.6503250378204389,0.036112917140877776,0.032759709151379754,24,1.0,320
876,0.6500325085358,0.036089933019846254,0.03274024693232637,24,1.0,321
877,0.6496187943572326,0.03606429884790337,0.03272091686410958,24,1.0,321
878,0.6491573792622606,0.0360424199221489,0.032701564246202526,24,1.0,321
879,0.6487635585986802,0.03602293213130555,0.032682157599000776,24,1.0,321
880,0.6484127783634999,0.036000126212712445,0.0326628745776255,24,1.0,321
881,0.648002271828824,0.035980709682660025,0.03264359142509877,24,1.0,321
882,0.6476527742878805,0.0359576532323387,0.03262440291977348,24,1.0,321
883,0.6472377581820966,0.03593797483427637,0.03260526340114634,24,1.0,321
884,0.6468835470169746,0.0359196608101132,0.03258611331260562,24,1.0,321
885,0.6465538945820376,0.03590137589006525,0.0325669971566035,24,1.0,321
886,0.6462247660211745,0.03588013542660012,0.03254792630880659,24,1.0,321
887,0.6458424376788021,0.03585595584959022,0.032528919092864476,24,1.0,321
888,0.645407205292624,0.035834468845669806,0.032509965958002714,24,1.0,321
889,0.6450204392220565,0.035813351636056284,0.03249099887454365,24,1.0,321
890,0.6446403294490131,0.03579326041196967,0.032472024940419376,24,1.0,321
891,0.644278687415454,0.035770248207148234,0.032453135920535316,24,1.0,321
892,0.6438644677286682,0.03574957666297532,0.03243425135951775,24,1.0,321
893,0.6434923799335557,0.03573090593528752,0.03241531846093535,24,1.0,321
894,0.6431563068351753,0.03571291914681142,0.032396460934180436,24,1.0,321
895,0.6428325446426055,0.03569365561675804,0.032377702822564546,24,1.0,321
896,0.6424858011016447,0.03567344749662409,0.03235899713827963,24,1.0,321
897,0.6421220549392337,0.035654575422846696,0.032340335909937686,24,1.0,321
898,0.6417823576112405,0.03563346267501536,0.03232164498821582,24,1.0,321
899,0.6414023281502765,0.03560979789856669,0.03230304537665412,24,1.0,321
900,0.6409763621742004,0.035592323981492834,0.03228441653155995,24,1.0,321
901,0.640661831666871,0.03557164877363634,0.032265706015377066,24,1.0,321
902,0.6402896779254541,0.035547467658337814,0.03224722970325605,24,1.0,321
903,0.6398544178500807,0.03552880274004941,0.032228659505395545,24,1.0,321
904,0.6395184493208894,0.03550984736667395,0.032210174091660666,24,1.0,321
905,0.6391772526001311,0.035489641694232146,0.03219168919835929,24,1.0,321
906,0.6388135504961786,0.035468192453129425,0.03217318642927696,24,1.0,322
907,0.6384274641563297,0.035444549211199904,0.03215476451882276,24,1.0,322
908,0.6380018858015982,0.03542414062756598,0.032136346794563,24,1.0,322
909,0.6376345312961876,0.035401860685881435,0.03211809561292283,24,1.0,322
910,0.6372334923458658,0.03538502065406385,0.03209974997897696,24,1.0,322
911,0.6369303717731493,0.03536408496398724,0.032081432358454266,24,1.0,322
912,0.6365535293517703,0.035342871565641185,0.03206309337537971,24,1.0,322
913,0.6361716881815414,0.03532232931722497,0.03204483731671498,24,1.0,322
914,0.6358019277100494,0.03530340028408539,0.032026645136419556,24,1.0,322
915,0.6354612051135371,0.035282929521227795,0.032008554102875536,24,1.0,322
916,0.6350927313821003,0.03525998339416616,0.031990487103223976,24,1.0,322
917,0.6346797010949908,0.03523771055364211,0.03197239107224211,24,1.0,322
918,0.634278789965558,0.03522142588278932,0.03195428853839167,24,1.0,322
919,0.6339856658902078,0.03520047830271854,0.03193624540929982,24,1.0,322
920,0.6336086094489337,0.0351798813484219,0.03191824819053899,24,1.0,322
921,0.6332378642715941,0.03516087818374886,0.031900158625466336,24,1.0,322
922,0.6328958073074795,0.035140353427845904,0.03188222929737969,24,1.0,322
923,0.6325263617012262,0.035117385235620587,0.03186433504340281,24,1.0,322
924,0.6321129342411705,0.0350957016398023,0.03184655549431439,24,1.0,322
925,0.6317226295164414,0.03507560424763282,0.03182864798602536,24,1.0,322
926,0.6313608764573908,0.0350589352432349,0.031810836000951054,24,1.0,322
927,0.6310608343782281,0.0350358248145272,0.031792985708314694,24,1.0,322
928,0.6306448466614897,0.03501276187184422,0.03177526504827236,24,1.0,322
929,0.6302297136931959,0.03499403891573741,0.031757493580469365,24,1.0,322
930,0.6298927004832733,0.034971367717415804,0.03173988414634456,24,1.0,322
931,0.6294846189134845,0.03495149160198606,0.03172224066372082,24,1.0,322
932,0.6291268488357491,0.03493317568038579,0.03170459654299206,24,1.0,322
933,0.6287971622469443,0.03491458517194743,0.03168698638117654,24,1.0,322
934,0.6284625330950538,0.03489632951827923,0.03166944912661853,24,1.0,322
935,0.6281339313290262,0.034877193111159256,0.03165194796818794,24,1.0,322
936,0.6277894760008667,0.03485990741362814,0.03163442917321282,24,1.0,322
937,0.6274783334453066,0.034843253555934074,0.03161689762161405,24,1.0,322
938,0.6271785640068134,0.03482481192724971,0.03159934135697093,24,1.0,323
939,0.6268466146904949,0.03480519450047918,0.03158184935438718,24,1.0,323
940,0.6264935010086252,0.03478982649140083,0.03156440251985495,24,1.0,323
941,0.626216876845215,0.03477207421073842,0.03154690551042396,24,1.0,323
942,0.6258973357932915,0.034754050009583565,0.03152950968114873,24,1.0,323
943,0.6255729001725041,0.03473395740744393,0.03151215713208344,24,1.0,323
944,0.6252112333339908,0.034711508641178425,0.03149482064209106,24,1.0,323
945,0.6248071555412117,0.03469388073426383,0.03147763429958773,24,1.0,323
946,0.6244898532167489,0.03467687689331349,0.03146026069349187,24,1.0,323
947,0.6241837840796428,0.03465662559461865,0.03144312165574214,24,1.0,323
948,0.6238192607031356,0.034637302202027424,0.03142593438213065,24,1.0,323
949,0.6234714396364937,0.03461919849524136,0.031408699471431455,24,1.0,323
950,0.6231455729143445,0.034602012496446205,0.03139152314357271,24,1.0,323
951,0.6228362249360317,0.034583375083812956,0.031374428584743784,24,1.0,323
952,0.6225007515086332,0.034568015403613414,0.03135728719721825,24,1.0,323
953,0.6222242772650415,0.034545899472304915,0.03134026483149939,24,1.0,323
954,0.6218261905014885,0.034524709672565344,0.031323265293416835,24,1.0,323
955,0.6214447741061762,0.034503560387843774,0.031306317099549306,24,1.0,323
956,0.6210640869811879,0.034480108542035426,0.03128938836689596,24,1.0,323
957,0.6206419537566377,0.034464014227256104,0.031272384624530636,24,1.0,323
958,0.6203522560906098,0.0344444400679326,0.031255497709846314,24,1.0,323
959,0.6199999212227867,0.03442577472934759,0.031238606852603556,24,1.0,323
960,0.6196639451282566,0.034406559124896374,0.031221710746240916,24,1.0,323
961,0.6193180642481347,0.03438882898349459,0.031204924421564275,24,1.0,323
962,0.6189989217029026,0.03436996755660334,0.03118811552110212,24,1.0,323
963,0.6186594160188601,0.03434969131552941,0.031171328330932103,24,1.0,323
964,0.6182944436795293,0.03433147458280175,0.031154570887356306,24,1.0,323
965,0.6179665424904315,0.03431646124294496,0.031137807191923755,24,1.0,323
966,0.6176963023730093,0.034300027830842975,0.03112114295516301,24,1.0,323
967,0.6174005009551735,0.03428419429105856,0.031104430553619628,24,1.0,323
968,0.6171154972390541,0.034264075466692155,0.031087822967685554,24,1.0,323
969,0.6167533584004588,0.03424858038256405,0.031071208007108397,24,1.0,323
970,0.6164744468861529,0.03423138924595893,0.031054634842173467,24,1.0,324
971,0.6161650064272607,0.03421365333431081,0.031037979678484758,24,1.0,324
972,0.6158457600175946,0.0341976584277912,0.03102136187574717,24,1.0,324
973,0.6155578517002416,0.03417997697484938,0.031004805662354775,24,1.0,324
974,0.6152395855472889,0.03415720430018753,0.030988347906011977,24,1.0,324
975,0.6148296774033756,0.034140439758923766,0.030971809621649554,24,1.0,324
976,0.6145279156606278,0.03412143316302591,0.03095533503376296,24,1.0,324
977,0.6141857969344664,0.034102459552787075,0.030938972679938215,24,1.0,324
978,0.6138442719501673,0.034088886745834025,0.03092249003493913,24,1.0,324
979,0.6135999614250125,0.034072226578721526,0.030906072081211062,24,1.0,324
980,0.6133000784169875,0.03405700054174143,0.030889762355168524,24,1.0,324
981,0.6130260097513458,0.034039826275781705,0.030873449123397494,24,1.0,324
982,0.6127168729640707,0.03401734356295264,0.030857215129417553,24,1.0,324
983,0.6123121841331476,0.03399939072200077,0.030840962638804637,24,1.0,324
984,0.6119890329960138,0.0339806279868315,0.030824647802556213,24,1.0,324
985,0.611651303762967,0.03396301486131559,0.03080838709760082,24,1.0,324
986,0.6113342675036806,0.03394487241887812,0.03079215333975964,24,1.0,324
987,0.6110077035398062,0.03392731703823069,0.03077600945696214,24,1.0,324
988,0.6106917066881524,0.0339092340096924,0.03075981439141835,24,1.0,324
989,0.6103662121744633,0.03389229111389954,0.030743692455967878,24,1.0,324
990,0.6100612400501917,0.03387537461062768,0.030727669993331135,24,1.0,324
991,0.6097567429912982,0.03385876110716418,0.030711626505351298,24,1.0,324
992,0.6094576999289553,0.033842449266277705,0.030695579072533067,24,1.0,324
993,0.6091640867929987,0.03382230072283522,0.030679574615326596,24,1.0,324
994,0.608801413011034,0.033801914333300945,0.030663609220395655,24,1.0,324
995,0.608434457999417,0.03378458854114555,0.03064762116847412,24,1.0,324
996,0.6081225937406198,0.033767016084008526,0.03063169155426673,24,1.0,324
997,0.6078062895121534,0.0337497460258994,0.030615820198727897,24,1.0,324
998,0.6074954284661892,0.03373004252970307,0.0305999674885237,24,1.0,324
999,0.6071407655346552,0.0337174729632293,0.0305840452113782,24,1.0,324
1000,0.6069145133381274,0.033699736515146225,0.030568263057792613,24,1.0,324
1001,0.6065952572726321,0.03368257356085705,0.030552504879128622,24,1.0,324
1002,0.6062863240954268,0.03366570963894954,0.030536754635817422,24,1.0,324
1003,0.6059827735010918,0.03364860068024366,0.030520948506023136,24,1.0,324
1004,0.6056748122443859,0.03363124790479486,0.030505162968712946,24,1.0,325
1005,0.6053624622863075,0.0336125706932799,0.030489370693438156,24,1.0,325
1006,0.6050262724790382,0.03359770622297823,0.03047351117111211,24,1.0,325
1007,0.6047587120136082,0.033582862248000354,0.030457786751216718,24,1.0,325
1008,0.6044915204640063,0.03356561499632974,0.03044212106084268,24,1.0,325
1009,0.6041810699339354,0.033545169743352456,0.030426499219449663,24,1.0,325
1010,0.6038130553803442,0.03352905617756425,0.030410885451869415,24,1.0,325
1011,0.6035230111961565,0.03351135912391781,0.030395305385284233,24,1.0,325
1012,0.6032044642305205,0.033495831207675415,0.030379810680330296,24,1.0,325
1013,0.6029249617381575,0.03347685342799333,0.030364264408882274,24,1.0,325
1014,0.6025833617038799,0.0334584423464482,0.030348697985819077,24,1.0,325
1015,0.6022519622360676,0.03344352322602513,0.03033323158859105,24,1.0,325
1016,0.6019834180684523,0.03342330901374919,0.030317806917466033,24,1.0,325
1017,0.6016195622474854,0.033407642663722405,0.03030240259357204,24,1.0,325
1018,0.6013375679470033,0.03339067454072475,0.030286982955129455,24,1.0,325
1019,0.6010321417330455,0.03337690772639502,0.030271535139065203,24,1.0,325
1020,0.6007843390751103,0.03335655474555092,0.030256140952712857,24,1.0,325
1021,0.6004179854199166,0.03333940377126188,0.030240788264079985,24,1.0,325
1022,0.6001092678827138,0.03332333324724154,0.030225477501010387,24,1.0,325
1023,0.5998199984503478,0.03330676117011074,0.030210123944027643,24,1.0,325
1024,0.5995217010619933,0.033289689922667724,0.030194853333485944,24,1.0,325
1025,0.599214418608019,0.03327552840092761,0.030179545323129383,24,1.0,325
1026,0.598959511216697,0.033260077097844565,0.030164291407149258,24,1.0,325
1027,0.5986813877612022,0.03324360294119321,0.030149147988140782,24,1.0,325
1028,0.5983848529414778,0.033227154221735784,0.03013393861446935,24,1.0,325
1029,0.5980887759912441,0.03321020991215128,0.03011873406687159,24,1.0,325
1030,0.5977837784187231,0.033193552601713465,0.030103576381001442,24,1.0,325
1031,0.5974839468308424,0.03317614238301888,0.030088430626550186,24,1.0,325
1032,0.5971705628943398,0.033161093839489196,0.03007330809166552,24,1.0,325
1033,0.5968996891108055,0.03314218367261701,0.030058237198674707,24,1.0,325
1034,0.5965593061071062,0.03312485734855408,0.030043148288160834,24,1.0,325
1035,0.5962474322739735,0.03310626948713443,0.030028157308228373,24,1.0,325
1036,0.5959128507684197,0.03309028932759566,0.03001314935414955,24,1.0,325
1037,0.5956252078967219,0.033074333213886156,0.029998154286399223,24,1.0,325
1038,0.5953379978499508,0.03306071232777056,0.029983172681482016,24,1.0,325
1039,0.5950928218998701,0.03304249288111055,0.02996823781284409,24,1.0,326
1040,0.5947648718599899,0.03302712056734939,0.02995324083574567,24,1.0,326
1041,0.5944881702122891,0.03301177054848354,0.029938340334851207,24,1.0,326
1042,0.5942118698727037,0.03299567696413787,0.02992348492889778,24,1.0,326
1043,0.5939221853544816,0.03298062737347915,0.029908562676543887,24,1.0,326
1044,0.5936512927226247,0.03296305414811936,0.029893674223523417,24,1.0,326
1045,0.5933349746661485,0.032950338169058443,0.029878807467124773,24,1.0,326
1046,0.593106087043052,0.03293459159282294,0.029863949251661265,24,1.0,326
1047,0.592822648670813,0.03291481469674234,0.029849211972344886,24,1.0,326
1048,0.5924666645413621,0.03289836222732191,0.029834451348563884,24,1.0,326
1049,0.5921705200917944,0.03287865309607763,0.029819744917014643,24,1.0,326
1050,0.5918157557293974,0.03285898076312808,0.029805004668088067,24,1.0,326
1051,0.5914616537363054,0.03284336995378302,0.029790283622624345,24,1.0,326
1052,0.5911806591680944,0.032824265656566196,0.029775557349575144,24,1.0,326
1053,0.5908367818181915,0.03280895700393019,0.029760911029764105,24,1.0,326
1054,0.5905612260707434,0.032791917852688944,0.029746284171259598,24,1.0,326
1055,0.590254521348401,0.03277240690486918,0.02973175613420903,24,1.0,326
1056,0.5899033242876451,0.032756424948174837,0.029717128339096163,24,1.0,326
1057,0.589615649067147,0.03274071643821354,0.029702621813182426,24,1.0,326
1058,0.5893328958878437,0.032724036327260585,0.029688071196054277,24,1.0,326
1059,0.5890326538906905,0.03270887299553972,0.029673557772330227,24,1.0,326
1060,0.5887597139197149,0.032696956594787246,0.029659056326817493,24,1.0,326
1061,0.5885452187061704,0.03267960276733299,0.02964458185260042,24,1.0,326
1062,0.5882328498119939,0.03266351420589557,0.029630045368894645,24,1.0,326
1063,0.5879432557061203,0.032650414116324376,0.02961564695929113,24,1.0,326
1064,0.5877074540938387,0.03263387706337367,0.029601259184873777,24,1.0,326
1065,0.5874097871407261,0.03262007508170848,0.029586841234040664,24,1.0,326
1066,0.5871613514707527,0.03260309408960406,0.029572471714929733,24,1.0,326
1067,0.586855693612873,0.032588350408414665,0.029558094495661963,24,1.0,326
1068,0.586590307351464,0.03257093056444475,0.029543849964302756,24,1.0,326
1069,0.5862767501600056,0.03255280555720556,0.029529572484557783,24,1.0,326
1070,0.5859505000297001,0.0325388658398245,0.02951530135372252,24,1.0,326
1071,0.5856995851168411,0.03252128436945122,0.0295010612314025,24,1.0,326
1072,0.5853831186501219,0.03250519403325939,0.02948681036037938,24,1.0,326
1073,0.585093492598669,0.03248912851131712,0.02947256308321332,24,1.0,326
1074,0.5848043132037082,0.03247187353607826,0.029458354312327337,24,1.0,326
1075,0.5844937236494088,0.032457314137460044,0.029444198732161336,24,1.0,327
1076,0.5842316544742808,0.03244156441817769,0.02942998929715844,24,1.0,327
1077,0.5839481595271985,0.03242656380794014,0.02941577252154706,24,1.0,327
1078,0.5836781485429224,0.03241110198506879,0.02940164971868149,24,1.0,327
1079,0.5833998357312382,0.03239759174364045,0.029387446327347605,24,1.0,327
1080,0.5831566513855281,0.03237952516537195,0.02937331521327158,24,1.0,327
1081,0.5828314529766951,0.03236461383805112,0.029359217094966094,24,1.0,327
1082,0.5825630490849202,0.032348284089987814,0.029345197802168918,24,1.0,327
1083,0.5822691136197806,0.03233557430394486,0.02933116937155525,24,1.0,327
1084,0.5820403374710075,0.03232048669422107,0.02931715293949987,24,1.0,327
1085,0.5817687604959793,0.03230542102834006,0.029303154189378955,24,1.0,327
1086,0.5814975785101211,0.032288945651885906,0.02928919177964513,24,1.0,327
1087,0.5812010217339463,0.0322703528443763,0.02927511180167094,24,1.0,327
1088,0.5808663511987734,0.032250842532582424,0.02926119102522437,24,1.0,327
1089,0.5805151655864836,0.03223279262862458,0.029247253935129756,24,1.0,327
1090,0.5801902673152424,0.03221832798534393,0.029233391302870337,24,1.0,327
1091,0.5799299037361907,0.03220246390557582,0.0292195950946755,24,1.0,327
1092,0.5796443503003648,0.032189223058180026,0.02920572622572268,24,1.0,327
1093,0.5794060150472404,0.03217434739007583,0.02919186481743397,24,1.0,327
1094,0.579138253021365,0.032160671276633024,0.029177973624268078,24,1.0,327
1095,0.5788920829793944,0.0321477192888332,0.029164206770574252,24,1.0,327
1096,0.5786589471989976,0.0321312584542012,0.02915043335560626,24,1.0,327
1097,0.5783626521756215,0.03211599691688966,0.029136576774525535,24,1.0,327
1098,0.5780879445040139,0.032102163700535126,0.02912283264538108,24,1.0,327
1099,0.5778389466096323,0.032087881089777524,0.029109151259155128,24,1.0,327
1100,0.5775818596159954,0.03207104841048908,0.02909552665388818,24,1.0,327
1101,0.5772788713888034,0.03205610913444049,0.02908183708699755,24,1.0,327
1102,0.5770099644199289,0.03204142447021279,0.029068206425215654,24,1.0,327
1103,0.5767456404638303,0.0320276911799832,0.02905453235491741,24,1.0,327
1104,0.5764984412396976,0.032011885739090085,0.029040890866251154,24,1.0,327
1105,0.5762139433036215,0.03199656841323949,0.02902726586470117,24,1.0,327
1106,0.5759382314383108,0.03198220022057002,0.02901366446089261,24,1.0,327
1107,0.5756796039702604,0.03196461502879104,0.029000052080313952,24,1.0,327
1108,0.5753630705182388,0.03195029153621321,0.028986531002646462,24,1.0,327
1109,0.5751052476518378,0.03193598805023572,0.028972984764864377,24,1.0,327
1110,0.5748477849042429,0.03191940259547436,0.028959509940981672,24,1.0,327
1111,0.5745492467185385,0.03190537203829869,0.028946050401852035,24,1.0,327
1112,0.5742966966893764,0.03188883611378733,0.02893260801275326,24,1.0,327
1113,0.573999050048172,0.031873243378117005,0.02891911643429727,24,1.0,328
1114,0.5737183808061062,0.03185470068534659,0.028905672306133976,24,1.0,328
1115,0.5733846123362386,0.03183938830910693,0.02889221589181758,24,1.0,328
1116,0.5731089895639248,0.031824326906383656,0.02887879955058435,24,1.0,328
1117,0.5728378843149058,0.03180997082899603,0.028865418856222406,24,1.0,328
1118,0.5725794749219286,0.03179745425081735,0.02885199884661975,24,1.0,328
1119,0.5723541765147123,0.03178245462016435,0.02883862810751257,24,1.0,328
1120,0.5720841831629584,0.03176861093724468,0.028825286546539427,24,1.0,328
1121,0.5718349968704043,0.031755692025078275,0.028811992249074284,24,1.0,328
1122,0.571602456451409,0.031738944530173854,0.028798646729556957,24,1.0,328
1123,0.5713010015431293,0.03172312764049067,0.028785377691207634,24,1.0,328
1124,0.5710162975288321,0.03170868798351194,0.028772106139795802,24,1.0,328
1125,0.5707563837032149,0.03169359341587053,0.02875880637781872,24,1.0,328
1126,0.5704846814856696,0.031678296455512144,0.028745601078195387,24,1.0,328
1127,0.5702093361992185,0.03166549173431923,0.02873238025607711,24,1.0,328
1128,0.569978851217746,0.03164866799252105,0.028719219099600193,24,1.0,328
1129,0.5696760238653789,0.03163410995089666,0.028706031122034226,24,1.0,328
1130,0.5694139791161399,0.031619349295236215,0.028692818043295557,24,1.0,328
1131,0.5691482873142519,0.031602155657904134,0.02867972185941395,24,1.0,328
1132,0.5688388018422744,0.03158142815419604,0.02866664037163825,24,1.0,328
1133,0.5684657067755288,0.03156607706179096,0.02865364232816971,24,1.0,328
1134,0.5681893871122372,0.0315523031648379,0.02864056030109062,24,1.0,328
1135,0.5679414569670822,0.03153788290353173,0.028627562505478973,24,1.0,328
1136,0.5676818922635711,0.03152237636198242,0.02861449263054432,24,1.0,328
1137,0.5674027745156836,0.03150600956805991,0.028601492901914414,24,1.0,328
1138,0.5671081722250785,0.031493200056587796,0.028588527664203157,24,1.0,328
1139,0.5668776010185803,0.03147842306806766,0.028575535245047853,24,1.0,328
1140,0.5666116152252179,0.03146432791647178,0.02856255191378981,24,1.0,328
1141,0.5663579024964921,0.031448714122318984,0.028549590212860007,24,1.0,328
1142,0.5660768542017417,0.03143466041152834,0.028536659792073673,24,1.0,328
1143,0.5658238874075101,0.03142062627524088,0.028523724147456967,24,1.0,328
1144,0.5655712729543358,0.031405955211333075,0.028510832876795875,24,1.0,328
1145,0.5653071938039953,0.03138977616010952,0.028498015927252738,24,1.0,328
1146,0.5650159708819713,0.03137689525985037,0.028485118032342438,24,1.0,328
1147,0.5647841146773067,0.03136490247981192,0.02847229278007443,24,1.0,328
1148,0.5645682446366146,0.031344656271674806,0.028459545070679586,24,1.0,328
1149,0.5642038128901465,0.031330529877876365,0.02844670339795138,24,1.0,328
1150,0.5639495378017746,0.031319026121764106,0.028433918933453515,24,1.0,328
1151,0.5637424701917539,0.03130666885209964,0.028421111771123442,24,1.0,328
1152,0.5635200393377935,0.0312919467240332,0.028408303270451546,24,1.0,329
1153,0.5632550410325976,0.031276598115040764,0.028395511506922152,24,1.0,329
1154,0.5629787660707337,0.03126450872342519,0.02838270503481585,24,1.0,329
1155,0.5627611570216534,0.03125157196703508,0.028369976618358283,24,1.0,329
1156,0.5625282954066315,0.03123671532191061,0.028357275154181513,24,1.0,329
1157,0.562260875794391,0.031223169783661162,0.028344553409761785,24,1.0,329
1158,0.5620170561059009,0.031208784298598826,0.02833187871864554,24,1.0,329
1159,0.5617581173747789,0.03119634787462306,0.028319246864588313,24,1.0,329
1160,0.5615342617432151,0.0311820008874835,0.028306616496890816,24,1.0,329
1161,0.561276015974703,0.03116532432641023,0.02829398477073865,24,1.0,329
1162,0.5609758378753842,0.031151448425575788,0.02828134553164108,24,1.0,329
1163,0.5607260716603641,0.03113823089409846,0.02826875229518302,24,1.0,329
1164,0.5604881560937723,0.031125669152685578,0.02825615836055396,24,1.0,329
1165,0.5602620447483404,0.031112485698832442,0.028243639158289525,24,1.0,329
1166,0.5600247425789839,0.031098046437406462,0.028231076190963014,24,1.0,329
1167,0.5597648358733163,0.031084687525191383,0.02821852100985704,24,1.0,329
1168,0.5595243754534449,0.031071981380946145,0.028205987219449117,24,1.0,329
1169,0.5592956648570306,0.03105844600275549,0.028193484116238034,24,1.0,329
1170,0.5590520280495989,0.031042607614306033,0.028181033568228046,24,1.0,329
1171,0.5587669370575086,0.03102911209477984,0.028168655042076506,24,1.0,329
1172,0.5585240177060371,0.0310158453025177,0.028156199652240577,24,1.0,329
1173,0.5582852154453186,0.031003647061451044,0.028143768150416474,24,1.0,329
1174,0.5580656471061188,0.030987895639597772,0.028131354457601187,24,1.0,329
1175,0.5577821215127599,0.03097531246026044,0.028118919465369208,24,1.0,329
1176,0.5575556242846879,0.030961907955465648,0.028106563502641544,24,1.0,329
1177,0.5573143431983817,0.03094684949579006,0.028094236857842476,24,1.0,329
1178,0.5570432909242211,0.030934735670541207,0.028081845066860334,24,1.0,329
1179,0.5568252420697417,0.030921177393805656,0.028069456384894113,24,1.0,329
1180,0.5565811930885018,0.03090409952027861,0.02805719146546933,24,1.0,329
1181,0.556273791365015,0.030889128548916477,0.028044911275447643,24,1.0,329
1182,0.5560043138804965,0.030875839994121964,0.028032642710354966,24,1.0,329
1183,0.5557651198941953,0.03086070448567602,0.0280204520790375,24,1.0,329
1184,0.5554926807421684,0.030847454021812475,0.028008191645020258,24,1.0,329
1185,0.5552541723926245,0.030835461105901456,0.02799597457150352,24,1.0,329
1186,0.5550382999062262,0.03081976824413622,0.02798379019115665,24,1.0,329
1187,0.5547558283944519,0.030807602790312267,0.027971597648417317,24,1.0,329
1188,0.5545368502256208,0.03079195408942718,0.02795945156674119,24,1.0,329
1189,0.5542551736096892,0.03078085033137862,0.027947286484416047,24,1.0,329
1190,0.5540553059648152,0.030769348505674636,0.02793515747691365,24,1.0,329
1191,0.5538482731021435,0.030757039986158488,0.027923042348806923,24,1.0,329
1192,0.5536267197508528,0.030743108880884815,0.02791092171507144,24,1.0,330
1193,0.5533759598559267,0.030729606320018404,0.02789881418289605,24,1.0,330
1194,0.5531329137603312,0.030717755692249712,0.027886753152045234,24,1.0,330
1195,0.5529196024604948,0.030702044965578868,0.027874618645611877,24,1.0,330
1196,0.5526368093804196,0.030691856607334037,0.027862598198331482,24,1.0,330
1197,0.5524534189320127,0.030677407242694608,0.027850498846557728,24,1.0,330
1198,0.5521933303685029,0.030663385214431627,0.027838438096508322,24,1.0,330
1199,0.5519409338597693,0.030650397131063826,0.02782638175575244,24,1.0,330
1200,0.5517071483591489,0.03063904662407708,0.027814369848761077,24,1.0,330
1201,0.5515028392333875,0.03062366331554153,0.027802386351424905,24,1.0,330
1202,0.5512259396797475,0.030610727620317885,0.027790452685059114,24,1.0,330
1203,0.550993097165722,0.03060043168211841,0.02777845994014698,24,1.0,330
1204,0.5508077702781314,0.030588131108136334,0.027766501836097534,24,1.0,330
1205,0.550586359946454,0.03057524215337138,0.02775454124562346,24,1.0,330
1206,0.5503543587606848,0.030560159446763407,0.027742683214908054,24,1.0,330
1207,0.5500828700417413,0.03054971571694269,0.027730786881714705,24,1.0,330
1208,0.5498948829049685,0.030535273530031472,0.027718921475170036,24,1.0,330
1209,0.5496349235405665,0.030524255640366888,0.027707047744075813,24,1.0,330
1210,0.549436601526604,0.030512650198226358,0.027695152655444394,24,1.0,330
1211,0.5492277035680745,0.030498062893029393,0.027683311123931412,24,1.0,330
1212,0.548965132074529,0.03048808413114926,0.02767148580602022,24,1.0,330
1213,0.5487855143606867,0.030476322281003814,0.027659622083179097,24,1.0,330
1214,0.5485738010580686,0.030463977609523903,0.02764780134192801,24,1.0,330
1215,0.5483515969714302,0.030450456210426902,0.027636054148313636,24,1.0,330
1216,0.5481082117876842,0.03043814417721209,0.027624264017568966,24,1.0,330
1217,0.5478865951898176,0.03042505486711871,0.027612481215044792,24,1.0,330
1218,0.5476509876081368,0.030412576890100757,0.027600726274879,24,1.0,330
1219,0.5474263840218137,0.03039833587230201,0.027589021835977372,24,1.0,330
1220,0.5471700457014362,0.03038648423341781,0.027577338609985565,24,1.0,330
1221,0.5469567162015206,0.03037385835791515,0.027565637067969464,24,1.0,330
1222,0.5467294504424727,0.03035809900118817,0.02755399089574483,24,1.0,330
1223,0.546445782021387,0.03034590302673212,0.027542344303374683,24,1.0,330
1224,0.5462262544811781,0.030331170237081085,0.027530683313372068,24,1.0,330
1225,0.5459610642674595,0.030319400055433467,0.027519033224792572,24,1.0,330
1226,0.5457492009978024,0.030307252489043816,0.027507457040086156,24,1.0,330
1227,0.5455305448027887,0.030297662725620036,0.0274958548255757,24,1.0,330
1228,0.5453579290611607,0.030283588800291715,0.027484293773317115,24,1.0,330
1229,0.5451045984052508,0.030271681001315213,0.027472752079958963,24,1.0,330
1230,0.5448902580236739,0.030258813588288455,0.02746112781538686,24,1.0,330
1231,0.5446586445891922,0.030249660823713612,0.027449588915735266,24,1.0,330
1232,0.5444938948268451,0.030237794570691225,0.027438073002157674,24,1.0,330
1233,0.5442803022724421,0.030227302125458252,0.027426590776160994,24,1.0,331
1234,0.5440914382582486,0.03021216640019938,0.027415051707766185,24,1.0,331
1235,0.5438189952035888,0.03019724788565365,0.02740359933230403,24,1.0,331
1236,0.5435504619417657,0.030182352324844963,0.02739211780809279,24,1.0,331
1237,0.5432823418472094,0.03017056820118118,0.02738061494057392,24,1.0,331
1238,0.5430702276212612,0.030156870309605188,0.027369200337270822,24,1.0,331
1239,0.5428236655728934,0.030144924622411227,0.027357732751175357,24,1.0,331
1240,0.5426086432034021,0.03013145527877123,0.027346303005654753,24,1.0,331
1241,0.5423661950178822,0.030122229999309476,0.027334930575363386,24,1.0,331
1242,0.5422001399875706,0.030111670189500703,0.02732350837794965,24,1.0,331
1243,0.5420100634110127,0.03009978023711785,0.027312095778485243,24,1.0,331
1244,0.5417960442681213,0.030087522084802087,0.027300751902479648,24,1.0,331
1245,0.5415753975264376,0.030073367987864523,0.027289389529401756,24,1.0,331
1246,0.5413206237815614,0.03006057069017897,0.027278027972353364,24,1.0,331
1247,0.5410902724232215,0.030048362253950706,0.027266701242784536,24,1.0,331
1248,0.5408705205711127,0.030033694454616566,0.02725543392291971,24,1.0,331
1249,0.5406065001830982,0.030021900235180282,0.027244128755588428,24,1.0,331
1250,0.540394204233245,0.030011069898295006,0.027232816879265057,24,1.0,331
1251,0.5401992581693101,0.03000120021313471,0.027221459459318604,24,1.0,331
1252,0.5400216038364247,0.02998944573244067,0.027210238434167634,24,1.0,331
1253,0.5398100231839321,0.029976570223557316,0.027198972607070795,24,1.0,331
1254,0.5395782640240316,0.029965223787146042,0.027187729982785794,24,1.0,331
1255,0.5393740281686288,0.029950493426080523,0.02717653733032266,24,1.0,331
1256,0.5391088816694494,0.029941439806469954,0.027165336366958698,24,1.0,331
1257,0.5389459165164592,0.029929758171544214,0.027154141644178783,24,1.0,331
1258,0.5387356470877959,0.029916774340527495,0.027142978172883133,24,1.0,331
1259,0.5385019381294949,0.029905498321174902,0.027131833078701328,24,1.0,331
1260,0.5382989697811482,0.02989367275584827,0.027120684811795585,24,1.0,331
1261,0.5380861096052688,0.02988055032918978,0.027109562084368172,24,1.0,331
1262,0.537849905925416,0.02986912970959335,0.027098499491592015,24,1.0,331
1263,0.5376443347726803,0.029856975167186366,0.02708740654018212,24,1.0,331
1264,0.5374255530093546,0.029847822703102288,0.027076298799771855,24,1.0,331
1265,0.5372608086558411,0.029835322260365945,0.02706523576875415,24,1.0,331
1266,0.537035800686587,0.029822093326020312,0.0270541723389371,24,1.0,331
1267,0.5367976798683656,0.02981241612682009,0.027043109803681877,24,1.0,331
1268,0.5366234902827616,0.029799218829877128,0.0270321234712356,24,1.0,331
1269,0.5363859389377883,0.029788822538019996,0.027021035143580396,24,1.0,331
1270,0.53619880568436,0.029774546090188248,0.027010019918811957,24,1.0,331
1271,0.5359418296233884,0.02976325131356003,0.026999052240192417,24,1.0,331
1272,0.5357385236440806,0.029752524401970754,0.026988082767270632,24,1.0,331
1273,0.5355454392354736,0.02974310207372477,0.02697716365083695,24,1.0,331
1274,0.5353758373270459,0.02973092227620542,0.026966215863602597,24,1.0,331
1275,0.5351566009716976,0.02971820546933979,0.02695528575777918,24,1.0,331
1276,0.5349276984481163,0.029704402076423303,0.026944363306646055,24,1.0,331
1277,0.5346792373756195,0.029693557448562644,0.026933398320347704,24,1.0,332
1278,0.5344840340741276,0.029683275656560024,0.026922457894051274,24,1.0,332
1279,0.5342989618180805,0.029671172073556063,0.026911587594427713,24,1.0,332
1280,0.5340810973240091,0.02965853477116184,0.02690069664737642,24,1.0,332
1281,0.5338536258809131,0.02964883924882243,0.026889797238619468,24,1.0,332
1282,0.5336791064788038,0.029635866385265882,0.02687897084859664,24,1.0,332
1283,0.5334455949347858,0.029622364196015355,0.026868140104310143,24,1.0,332
1284,0.5332025555282764,0.029609063249894253,0.02685732218769141,24,1.0,332
1285,0.5329631384980965,0.02959723560501769,0.026846496354409777,24,1.0,332
1286,0.5327502408903184,0.029584696214473395,0.026835688492259247,24,1.0,332
1287,0.5325245318605211,0.02957398725760752,0.026824895735132605,24,1.0,332
1288,0.5323317706369354,0.029560572759899418,0.026814080488192813,24,1.0,332
1289,0.5320903096781895,0.029548262640742406,0.026803327876373125,24,1.0,332
1290,0.5318687275333633,0.029538498339195668,0.02679256801277106,24,1.0,332
1291,0.531692970105522,0.0295280219568428,0.026781830156235153,24,1.0,332
1292,0.5315043952231704,0.029515213181463155,0.02677109152773663,24,1.0,332
1293,0.5312738372663368,0.0295029618536233,0.02676040571685837,24,1.0,332
1294,0.5310533133652194,0.029490366744533703,0.02674965035824128,24,1.0,332
1295,0.5308266014016066,0.02947958427346899,0.02673893941232444,24,1.0,332
1296,0.5306325169224418,0.02946809651225495,0.026728273446913933,24,1.0,332
1297,0.530425737220589,0.02945698104689297,0.026717623588471892,24,1.0,332
1298,0.5302256588440735,0.029445162811771886,0.026706943759087328,24,1.0,332
1299,0.5300129306118939,0.029434610534470742,0.026696315594082323,24,1.0,332
1300,0.5298229896204734,0.029421749143190783,0.026685678346997966,24,1.0,332
1301,0.5295914845774341,0.029408726998328187,0.02667503140438865,24,1.0,332
1302,0.5293570859699074,0.029399283819120856,0.026664418079113055,24,1.0,332
1303,0.5291871087441754,0.029386470485591978,0.02665387204040626,24,1.0,332
1304,0.5289564687406556,0.029375806001583595,0.026643303878960658,24,1.0,332
1305,0.5287645080285047,0.029365863365235743,0.0266327637769167,24,1.0,332
1306,0.5285855405742433,0.029355044927026244,0.026622172841644327,24,1.0,332
1307,0.5283908086864724,0.02934317669194697,0.02661160046287934,24,1.0,332
1308,0.5281771804550455,0.029332737941133454,0.02660103365441781,24,1.0,332
1309,0.5279892829404021,0.029321427635267756,0.026590546508542427,24,1.0,332
1310,0.5277856974348196,0.02930995451586672,0.026580059792219113,24,1.0,332
1311,0.527579181285601,0.02929761449276968,0.02656957839905783,24,1.0,332
1312,0.5273570608698542,0.029287402167313212,0.026559092298795595,24,1.0,332
1313,0.5271732390116378,0.029273334400428834,0.026548643962496805,24,1.0,332
1314,0.526920019207719,0.029262095347178965,0.026538229619598553,24,1.0,332
1315,0.5267177162492214,0.02925051915651285,0.026527793748541414,24,1.0,332
1316,0.5265093448172313,0.02923738171469927,0.026517384161654584,24,1.0,332
1317,0.5262728708645869,0.029226360472707495,0.026506963093508706,24,1.0,332
1318,0.526074488508735,0.02921447905652477,0.02649659450024218,24,1.0,332
1319,0.5258606230174458,0.029202961487282294,0.0264862246685889,24,1.0,332
1320,0.5256533067710812,0.029193025883266548,0.02647587455436413,24,1.0,332
1321,0.5254744658987979,0.029183796966615452,0.026465505968168126,24,1.0,333
1322,0.5253083453990781,0.029171100323916673,0.026455156999112953,24,1.0,333
1323,0.5250798058305001,0.029159288798061476,0.02644483386877064,24,1.0,333
1324,0.5248671983651065,0.029145758631870026,0.026434466247280117,24,1.0,333
1325,0.5246236553736605,0.02913501783970299,0.02642411077013135,24,1.0,333
1326,0.5244303211146538,0.02912446232394608,0.026413786837662784,24,1.0,333
1327,0.5242403218310294,0.029113918725365034,0.02640344276319283,24,1.0,333
1328,0.5240505370565707,0.029101316608908936,0.026393123942979792,24,1.0,333
1329,0.5238236989603609,0.029089592941706495,0.026382873410010152,24,1.0,333
1330,0.5236126729507169,0.02907960497375115,0.026372550822264505,24,1.0,333
1331,0.5234328895275208,0.029068768082233392,0.026362300891777577,24,1.0,333
1332,0.523237825480201,0.02905931759371768,0.026352035948545332,24,1.0,333
1333,0.5230677166869182,0.02904816117798459,0.026341747420011222,24,1.0,333
1334,0.5228669012037226,0.029036675456475092,0.02633150565636218,24,1.0,333
1335,0.5226601582165517,0.029026915163488206,0.026321259736527113,24,1.0,333
1336,0.5224844729427877,0.029015797481048346,0.02631103693442712,24,1.0,333
1337,0.5222843546588702,0.029002303081652595,0.026300906872213824,24,1.0,333
1338,0.5220414554697467,0.028990362358422627,0.026290751481261726,24,1.0,333
1339,0.5218265224516073,0.028979799082462534,0.02628058408624219,24,1.0,333
1340,0.5216363834843256,0.028969758070534705,0.02627039929371895,24,1.0,333
1341,0.5214556452696247,0.028959897812867945,0.026260256714697058,24,1.0,333
1342,0.521278160631623,0.02894682362641914,0.026250155725649742,24,1.0,333
1343,0.5210428252755445,0.02893427615303639,0.02624004983427645,24,1.0,333
1344,0.520816970754655,0.02892259174970295,0.026229949698864163,24,1.0,333
1345,0.5206066514946531,0.028910415003117806,0.026219843120402517,24,1.0,333
1346,0.5203874700561205,0.028898760609961997,0.02620976919817322,24,1.0,333
1347,0.520177690979316,0.028888132427687757,0.026199705109591607,24,1.0,333
1348,0.5199863836983796,0.02887633762041529,0.026189688138679317,24,1.0,333
1349,0.5197740771674753,0.028865230545916904,0.02617964258808271,24,1.0,333
1350,0.5195741498265043,0.0288517852700871,0.0261696236256477,24,1.0,333
1351,0.5193321348615678,0.02883903033084694,0.026159600868825836,24,1.0,333
1352,0.519102545955245,0.02882746540500561,0.026149596382231678,24,1.0,333
1353,0.5188943772901009,0.028816249522818214,0.026139619026607424,24,1.0,333
1354,0.5186924914107278,0.028807219753502613,0.026129644346806407,24,1.0,333
1355,0.518529955563047,0.028795694545285473,0.026119642380443217,24,1.0,333
1356,0.5183225018151385,0.028783683558208758,0.02610968024549507,24,1.0,333
1357,0.5181063040477576,0.02877202117494745,0.026099751967717178,24,1.0,333
1358,0.5178963811490541,0.028760539806218725,0.026089781960623004,24,1.0,333
1359,0.5176897165119371,0.0287489066278815,0.026079853010877077,24,1.0,333
1360,0.517480319301867,0.028738781099692915,0.026069970540053652,24,1.0,333
1361,0.5172980597944725,0.028727838126062534,0.026060075158126167,24,1.0,333
1362,0.5171010862691257,0.028717073644954048,0.026050145210819515,24,1.0,333
1363,0.5169073256091729,0.02870483399481696,0.026040287814158843,24,1.0,333
1364,0.5166870119067053,0.028693270907105734,0.02603044986955817,24,1.0,333
1365,0.5164788763279032,0.028682876537568174,0.02602061729864581,24,1.0,333
1366,0.5162917776762271,0.028673646948718403,0.026010758154779795,24,1.0,333
1367,0.5161256450769313,0.02866409748821224,0.026000964774708434,24,1.0,333
1368,0.5159537547878204,0.028654393550079024,0.025991144264113458,24,1.0,334
1369,0.5157790839014225,0.0286438788188809,0.025981275404641915,24,1.0,334
1370,0.5155898187398562,0.028632556091753386,0.025971463720853284,24,1.0,334
1371,0.515386009651561,0.028623049226179465,0.025961710969591375,24,1.0,334
1372,0.5152148860712303,0.02861191577109852,0.025951884702115804,24,1.0,334
1373,0.5150144838797733,0.028603247583397974,0.02594208850617762,24,1.0,334
1374,0.5148584565011636,0.02859507755014331,0.025932305932258305,24,1.0,334
1375,0.5147113959025795,0.028584467377945035,0.025922564768244446,24,1.0,334
1376,0.5145204128030106,0.02857240303593091,0.025912821053726897,24,1.0,334
1377,0.5143032546467564,0.02856344657430776,0.025903017323091238,24,1.0,334
1378,0.5141420383375397,0.02855271036783365,0.025893275000553304,24,1.0,334
1379,0.5139487866210057,0.028543935552446963,0.02588353647841923,24,1.0,334
1380,0.5137908399440453,0.028533384419218988,0.025873804892591723,24,1.0,334
1381,0.5136009195459418,0.02852187322131073,0.02586410061808568,24,1.0,334
1382,0.5133937179835931,0.028510214669756336,0.025854411924207468,24,1.0,334
1383,0.513183864055614,0.028500672204219483,0.025844741610990787,24,1.0,334
1384,0.5130120996759507,0.028488556316043523,0.02583511242432251,24,1.0,334
1385,0.5127940136887834,0.028476134031307703,0.025825464517479968,24,1.0,334
1386,0.5125704125635386,0.02846533876176394,0.02581579938689055,24,1.0,334
1387,0.512376097711751,0.02845407374200387,0.02580619223058415,24,1.0,334
1388,0.5121733273560697,0.028444107753454722,0.025796582638475226,24,1.0,334
1389,0.511993939562185,0.02843431312151313,0.025786996910499835,24,1.0,334
1390,0.5118176361872363,0.028424849623496933,0.025777371189882905,24,1.0,334
1391,0.5116472932229448,0.028414274966978605,0.025767826675666978,24,1.0,334
1392,0.5114569494056149,0.028404832242092674,0.025758267800012682,24,1.0,334
1393,0.5112869803576682,0.028393801458912633,0.02574871354371305,24,1.0,334
1394,0.5110884262604274,0.028382464875207146,0.02573919303660503,24,1.0,334
1395,0.5108843677537286,0.028373852127845624,0.025729656667748114,24,1.0,334
1396,0.5107293383012212,0.02836349573282744,0.02572010964674844,24,1.0,334
1397,0.5105429231908939,0.02835410551071061,0.02571057039610115,24,1.0,334
1398,0.510373899192791,0.028345201718580664,0.025701067560346347,24,1.0,334
1399,0.5102136309344519,0.028336306639138917,0.025691564372127464,24,1.0,334
1400,0.5100535195045005,0.02832678584902741,0.025682072461033507,24,1.0,334
1401,0.5098821452824934,0.02831648290757527,0.02567258201882623,24,1.0,334
1402,0.5096966923363548,0.02830634988099878,0.02566312926579463,24,1.0,334
1403,0.509514297857978,0.02829543786792999,0.025653661030989566,24,1.0,334
1404,0.5093178816227398,0.028286117701660868,0.02564418531055662,24,1.0,334
1405,0.5091501186298957,0.02827428383953432,0.025634770602073347,24,1.0,334
1406,0.5089371091116178,0.028262150453871256,0.025625338947785337,24,1.0,334
1407,0.5087187081696826,0.02825207790774765,0.025615961486782926,24,1.0,334
1408,0.5085374023394577,0.028241859426749446,0.025606575459298887,24,1.0,334
1409,0.50835346968149,0.02823196635038952,0.025597157170736125,24,1.0,334
1410,0.5081753943070113,0.02822271119768516,0.025587757103724466,24,1.0,334
1411,0.508008801558333,0.02821487524949032,0.02557837467772577,24,1.0,334
1412,0.5078677544908258,0.028205481060321898,0.02556902266283964,24,1.0,334
1413,0.5076986590857941,0.028195002399635023,0.0255596723472481,24,1.0,334
1414,0.5075100431934304,0.028184691995991232,0.025550367622446172,24,1.0,334
1415,0.5073244559278421,0.0281745492923618,0.025541059083318007,24,1.0,334
1416,0.5071418872625124,0.02816566428134504,0.025531742367423924,24,1.0,335
1417,0.5069819570642108,0.028156788001303782,0.025522396662809352,24,1.0,335
1418,0.5068221840234681,0.028145743771507088,0.025513115876704892,24,1.0,335
1419,0.5066233878871276,0.028136576440867152,0.025503810739598762,24,1.0,335
1420,0.5064583759356087,0.028125556901798555,0.025494529169493973,24,1.0,335
1421,0.506260024232374,0.028114860655523027,0.025485223200425344,24,1.0,335
1422,0.5060674917994145,0.028106034186244817,0.025475949439170018,24,1.0,335
1423,0.5059086153524067,0.028094742719913548,0.0254667052734411,24,1.0,335
1424,0.5057053689584439,0.02808639922377179,0.02545743136572304,24,1.0,335
1425,0.5055551860278922,0.028074978081831015,0.025448231858733707,24,1.0,335
1426,0.5053496054729583,0.02806557423751175,0.025438990727376876,24,1.0,335
1427,0.5051803362752115,0.02805417946843314,0.02542980155938579,24,1.0,335
1428,0.5049752304317966,0.028046795975286327,0.02542060498713265,24,1.0,335
1429,0.5048423275551539,0.028035578518218533,0.025411361591055632,24,1.0,335
1430,0.5046404133279336,0.028025602135976328,0.025402170892985503,24,1.0,335
1431,0.504460838447574,0.028015636814698427,0.025392982756925555,24,1.0,335
1432,0.5042814626645716,0.028005529477129257,0.025383835118685156,24,1.0,335
1433,0.5040995305883267,0.027995739272701697,0.025374630514297707,24,1.0,335
1434,0.5039233069086305,0.02798580701095043,0.025365505328273818,24,1.0,335
1435,0.5037445261971077,0.027976495951938157,0.02535637719652478,24,1.0,335
1436,0.5035769271348869,0.027965518268403416,0.025347255300044762,24,1.0,335
1437,0.5033793288312615,0.027955619386604184,0.025338121327660723,24,1.0,335
1438,0.5032011489588754,0.027944971260704474,0.025329002551015996,24,1.0,335
1439,0.5030094826926805,0.02793509503001181,0.025319895113684085,24,1.0,335
1440,0.5028317105402126,0.027924471250712176,0.02531083020442217,24,1.0,335
1441,0.5026404825128191,0.027914163061224614,0.02530175972365746,24,1.0,335
1442,0.5024549351020431,0.027903110111019116,0.0252926783456162,24,1.0,335
1443,0.5022559819983441,0.02789025741631033,0.025283628310916472,24,1.0,335
1444,0.502024633493586,0.027879535773065005,0.02527459916301147,24,1.0,335
1445,0.5018316439151701,0.027869128451425782,0.025265572798590163,24,1.0,335
1446,0.5016443121256641,0.027858582667104698,0.02525653894937997,24,1.0,335
1447,0.5014544880078846,0.02784850048996457,0.025247571347428204,24,1.0,335
1448,0.5012730088193623,0.027838129234260198,0.02523858541687023,24,1.0,335
1449,0.5010863262166836,0.027828520276343346,0.025229598519397947,24,1.0,335
1450,0.5009133649741803,0.02781682332899787,0.02522060201370908,24,1.0,335
1451,0.5007028199219616,0.02780648879735941,0.025211624809472935,24,1.0,335
1452,0.5005167983524693,0.027795269177395703,0.025202667373608923,24,1.0,335
1453,0.5003148451931226,0.027784660932298096,0.02519369954080508,24,1.0,335
1454,0.5001238967813657,0.027774661902714538,0.025184760288988025,24,1.0,335
1455,0.4999439142488617,0.027765866070795085,0.025175819003469605,24,1.0,335
1456,0.49978558927431155,0.02775752551321376,0.025166898784421205,24,1.0,335
1457,0.4996354592378477,0.027748300430089256,0.025157975021270252,24,1.0,335
1458,0.4994694077416066,0.027738936340069315,0.02514909302010426,24,1.0,335
1459,0.4993008541212477,0.027728246577858204,0.025140172427523783,24,1.0,335
1460,0.4991084384014477,0.027719792952431405,0.02513128065134304,24,1.0,335
1461,0.4989562731437653,0.027709866501280427,0.02512238362892903,24,1.0,335
1462,0.4987775970230477,0.027700246945983782,0.025113520545904097,24,1.0,335
1463,0.49860444502770807,0.027691376591561522,0.025104632671885646,24,1.0,335
1464,0.4984447786481074,0.02768236747070181,0.02509579597830006,24,1.0,335
1465,0.49828261447263256,0.027672630182618233,0.025086942111455148,24,1.0,335
1466,0.4981073432871282,0.02766246169985276,0.02507807647725842,24,1.0,336
1467,0.49792431059734965,0.027653481866841433,0.025069228182550033,24,1.0,336
1468,0.4977626736031458,0.02764407016588487,0.025060388508870043,24,1.0,336
1469,0.4975932629859277,0.02763613680665842,0.025051559528563985,24,1.0,336
1470,0.49745046251985153,0.027625276686087333,0.02504275305008341,24,1.0,336
1471,0.497254980349572,0.027615015835862483,0.02503394822669527,24,1.0,336
1472,0.4970702850455247,0.02760388892693934,0.025025160548705117,24,1.0,336
1473,0.49687000068490816,0.02759555291233649,0.02501642339079188,24,1.0,336
1474,0.4967199524220568,0.027585034419615594,0.025007630326548735,24,1.0,336
1475,0.4965306195530807,0.027576132693442466,0.024998832854604105,24,1.0,336
1476,0.4963703884819644,0.02756490886573599,0.024990061697809044,24,1.0,336
1477,0.4961683595832478,0.02755515425749464,0.0249812830391357,24,1.0,336
1478,0.4959927766349035,0.02754453834372522,0.024972554799913855,24,1.0,336
1479,0.49580169018705395,0.02753698409486216,0.02496382995782687,24,1.0,336
1480,0.4956657137075189,0.027527695419064673,0.024955099991752563,24,1.0,336
1481,0.4954985175431641,0.027520010624406555,0.024946375462081644,24,1.0,336
1482,0.495360191239318,0.027509147335505198,0.02493766455309188,24,1.0,336
1483,0.49516465203909354,0.02750017710382337,0.02492894892309493,24,1.0,336
1484,0.4950031878688207,0.027491793847393454,0.024920255453384527,24,1.0,336
1485,0.49485228925308217,0.02748183103297507,0.024911556472618057,24,1.0,336
1486,0.49467295859355126,0.027473176859744857,0.024902906417534357,24,1.0,336
1487,0.4945171834754074,0.02746337906067147,0.024894259699295023,24,1.0,336
1488,0.4943408230920865,0.027453448303371538,0.024885624355756728,24,1.0,336
1489,0.4941620694606877,0.027445109365274403,0.024876980734858074,24,1.0,336
1490,0.49401196857493923,0.027436634749564787,0.024868327986708433,24,1.0,336
1491,0.49385942549216616,0.027427738006608176,0.024859716126182336,24,1.0,336
1492,0.49369928411894715,0.02741985325839902,0.024851079388260946,24,1.0,336
1493,0.49355735865118233,0.02741083031524318,0.024842513029521864,24,1.0,336
1494,0.49339494567437725,0.027400243750686,0.024833935724981705,24,1.0,336
1495,0.493204387512348,0.027391669401342196,0.0248253705004793,24,1.0,336
1496,0.4930500492241595,0.027380249937347112,0.02481680289057463,24,1.0,336
1497,0.492844498872248,0.02737069754817973,0.02480823770407185,24,1.0,336
1498,0.49267255586723513,0.027362863795212154,0.024799688024384633,24,1.0,336
1499,0.4925315483138188,0.02735489478793454,0.02479116035609688,24,1.0,336
1500,0.49238810618282175,0.02734480161978849,0.024782640205915665,24,1.0,336
1501,0.49220642915619284,0.027335429643356217,0.024774112368486558,24,1.0,336
1502,0.4920377335804119,0.027325925902794635,0.024765583001092783,24,1.0,336
1503,0.49186666625030345,0.027318132018957858,0.024757108759191227,24,1.0,336
1504,0.49172637634124144,0.027308505518750133,0.024748650221256375,24,1.0,336
1505,0.4915530993375024,0.027298748254514796,0.024740158553457976,24,1.0,336
1506,0.4913774685812663,0.027290837300525346,0.02473165832979486,24,1.0,336
1507,0.4912350714094562,0.027280676568216547,0.024723201323380517,24,1.0,336
1508,0.4910521782278978,0.027271936492815486,0.024714747973875493,24,1.0,336
1509,0.49089485687067874,0.027263486661752143,0.024706318666683824,24,1.0,336
1510,0.4907427599115386,0.02725490436199717,0.024697895034263607,24,1.0,336
1511,0.49058827851594905,0.02724520665932367,0.024689447416099564,24,1.0,336
1512,0.49041371986782606,0.027235519706235403,0.024681012595345705,24,1.0,336
1513,0.49023935471223723,0.02722528287083786,0.024672576501445043,24,1.0,336
1514,0.4900550916750815,0.027215477984873723,0.024664164818159834,24,1.0,336
1515,0.489878603727727,0.02720582393452255,0.02465574509639934,24,1.0,336
1516,0.4897048308214059,0.027194923505639408,0.024647317821254153,24,1.0,336
1517,0.48950862310150933,0.027185850208354085,0.02463891422270174,24,1.0,337
1518,0.48934530375037355,0.027176925714802482,0.024630522558754028,24,1.0,337
1519,0.4891846628664447,0.027167314219511973,0.024622151608518536,24,1.0,337
1520,0.4890116559512155,0.027158408676100986,0.024613787862402082,24,1.0,337
1521,0.48885135616981773,0.027148678651133348,0.024605440275923988,24,1.0,337
1522,0.48867621572040026,0.027140624858008305,0.024597097781385052,24,1.0,337
1523,0.4885312474441495,0.02713008287759279,0.02458874232421934,24,1.0,337
1524,0.4883414917966702,0.02712107683064504,0.02458040481021584,24,1.0,337
1525,0.48817938295161073,0.027112356781367565,0.024572101106902736,24,1.0,337
1526,0.48802242206461616,0.027103921882423405,0.024563778219340943,24,1.0,337
1527,0.4878705938836213,0.027094804806213575,0.02455548380119429,24,1.0,337
1528,0.48770648651184434,0.027084180291288285,0.024547206475276435,24,1.0,337
1529,0.4875152452431891,0.02707577268170021,0.024538889839452373,24,1.0,337
1530,0.48736390827060383,0.027067235574658673,0.024530584341308212,24,1.0,337
1531,0.4872102403438561,0.02705774445992655,0.024522283416823595,24,1.0,337
1532,0.48703940027867787,0.02704867570390294,0.024513988588867996,24,1.0,337
1533,0.4868761626702529,0.02703893049269796,0.02450572288843822,24,1.0,337
1534,0.4867007488685633,0.02702741507014163,0.02449747751937351,24,1.0,337
1535,0.4864934712625494,0.02702029413233461,0.0244891911722646,24,1.0,337
1536,0.486365294382023,0.02701194817481865,0.024480923909225665,24,1.0,337
1537,0.4862150671467357,0.027005113216107577,0.02447269654456559,24,1.0,337
1538,0.4860920378899364,0.02699609932075254,0.02446446404538156,24,1.0,337
1539,0.48592978777354573,0.02698532228388186,0.024456237335749417,24,1.0,337
1540,0.4857358011098735,0.026977009944616475,0.024448005331615518,24,1.0,337
1541,0.48558617900309653,0.026965848547056328,0.024439824050377732,24,1.0,337
1542,0.4853852738470139,0.026954837385786252,0.024431649498638408,24,1.0,337
1543,0.48518707294415253,0.02694492574588754,0.024423474971980785,24,1.0,337
1544,0.4850086634259757,0.02693529654887914,0.024415315500836778,24,1.0,337
1545,0.4848353378798245,0.026927709252010417,0.02440712624713021,24,1.0,337
1546,0.4846987665361875,0.026915935049009052,0.024398994851297262,24,1.0,337
1547,0.48448683088216293,0.026906473195120184,0.024390840847110986,24,1.0,337
1548,0.4843165175121633,0.02689648192995171,0.02438268149417248,24,1.0,337
1549,0.48413667473913075,0.026886637005699567,0.024374562422721624,24,1.0,337
1550,0.4839594661025922,0.026876399421780925,0.024366450861719235,24,1.0,337
1551,0.4837751895920567,0.026868325696966715,0.024358322245012342,24,1.0,337
1552,0.48362986254540086,0.026856632214353287,0.024350225566613506,24,1.0,337
1553,0.48341937985835914,0.026848845367353723,0.024342137052752146,24,1.0,337
1554,0.483279216612367,0.02684052927451197,0.024334053444654447,24,1.0,337
1555,0.48312952694121547,0.026831015862572395,0.024325984481182446,24,1.0,337
1556,0.4829582855263031,0.026822984549220337,0.024317915936485454,24,1.0,337
1557,0.48281372188596605,0.02681375779707673,0.024309860329456718,24,1.0,337
1558,0.48264764034738117,0.026804941459918546,0.02430180846536135,24,1.0,337
1559,0.48248894627853384,0.026795067213765938,0.02429376959499169,24,1.0,337
1560,0.48231120984778686,0.026785870354787286,0.024285752137452418,24,1.0,337
1561,0.4821456663861712,0.02677694948150252,0.024277726575775746,24,1.0,337
1562,0.48198509066704537,0.02676870259047193,0.02426971150807755,24,1.0,337
1563,0.48183664662849474,0.026758737086766782,0.024261705907182848,24,1.0,337
1564,0.4816572675618021,0.026749446376759956,0.024253702907838712,24,1.0,337
1565,0.48149003478167923,0.026739768196896996,0.024245710993291005,24,1.0,337
1566,0.4813158275441459,0.02672970387247002,0.024237740747580883,24,1.0,337
1567,0.4811346697044604,0.0267220311433751,0.024229765214450527,24,1.0,337
1568,0.4809965605807518,0.026713044267388672,0.024221810182986133,24,1.0,337
1569,0.4808347968129961,0.026704726593582948,0.024213806482528633,24,1.0,337
1570,0.48068507868449306,0.02669588966611157,0.024205844504260794,24,1.0,338
1571,0.48052601399000827,0.026686930158579487,0.02419785805734641,24,1.0,338
1572,0.48036474285443076,0.026678243123899447,0.02418988024157924,24,1.0,338
1573,0.48020837623019,0.026670616335724286,0.024181919889995976,24,1.0,338
1574,0.48007109404303716,0.02666089546663556,0.024173992320094536,24,1.0,338
1575,0.4798961183994401,0.026650398833169477,0.02416604762666878,24,1.0,338
1576,0.47970717899705057,0.02664201079547338,0.024158106376823696,24,1.0,338
1577,0.4795561943185208,0.026633238380072272,0.02415014881636043,24,1.0,338
1578,0.4793982908413009,0.026624474962718137,0.0241422470980673,24,1.0,338
1579,0.47924054932892646,0.026614284090010473,0.02413436230567938,24,1.0,338
1580,0.47905711362018855,0.026605800978193483,0.02412651355444066,24,1.0,338
1581,0.4789044176074827,0.026596414132681594,0.02411864610369949,24,1.0,338
1582,0.4787354543882687,0.026588990197114006,0.024110721199460058,24,1.0,338
1583,0.4786018235480521,0.0265810524348653,0.024102833354851808,24,1.0,338
1584,0.4784589438275754,0.026572212483053092,0.024094972689223403,24,1.0,338
1585,0.47829982469495563,0.026562992305987358,0.024087117279292067,24,1.0,338
1586,0.47813386150777243,0.026554689701272793,0.024079298499892945,24,1.0,338
1587,0.47798441462291025,0.026547690667243964,0.024071424531715537,24,1.0,338
1588,0.47785843201039135,0.02653888524341166,0.024063593466700322,24,1.0,338
1589,0.4776999343814099,0.02652853756789948,0.024055800802469825,24,1.0,338
1590,0.4775136762221906,0.026520139335831652,0.024047975098281466,24,1.0,338
1591,0.4773625080449697,0.02651303960890375,0.024040140663098643,24,1.0,338
1592,0.4772347129602675,0.02650491447003321,0.024032295999509363,24,1.0,338
1593,0.47708846046059783,0.026495895635053498,0.02402449928423785,24,1.0,338
1594,0.47692612143096297,0.02648855878862624,0.02401667399617835,24,1.0,338
1595,0.4767940581952723,0.026479171718872544,0.02400889265299357,24,1.0,338
1596,0.4766250909397058,0.026470950484233147,0.024001127402465475,24,1.0,338
1597,0.47647710871619664,0.02646260893161247,0.023993353388409928,24,1.0,338
1598,0.4763269607690245,0.026453763012173174,0.023985588602037852,24,1.0,338
1599,0.4761677342191171,0.02644467030456999,0.02397785621865614,24,1.0,338
1600,0.4760040654822598,0.026434820202669063,0.02397012824201963,24,1.0,338
1601,0.47582676364804316,0.02642549234753696,0.023962366863937993,24,1.0,338
1602,0.4756588622556653,0.02641655745824398,0.023954633813473195,24,1.0,338
1603,0.47549803424839165,0.026408524104235876,0.023946937797825977,24,1.0,338
1604,0.4753534338762458,0.026399352446226303,0.02393922999612505,24,1.0,338
1605,0.47518834403207344,0.02638980918614518,0.023931511004750577,24,1.0,338
1606,0.4750165653506132,0.026381165918867064,0.023923833355464455,24,1.0,338
1607,0.4748609865396072,0.026372785298429312,0.023916149843846903,24,1.0,338
1608,0.4747101353717276,0.02636555416440323,0.023908434917464947,24,1.0,338
1609,0.47457997495925813,0.026357062307046326,0.02390074098933391,24,1.0,338
1610,0.47442712152683386,0.026350604067575993,0.023893053236910503,24,1.0,338
1611,0.4743108732163679,0.026343012450323784,0.023885364981087977,24,1.0,338
1612,0.4741742241058281,0.02633479588682941,0.023877730338639453,24,1.0,338
1613,0.4740263259629294,0.026327344687669913,0.02387009033634266,24,1.0,338
1614,0.47389220437805846,0.026318386696854792,0.023862471987859457,24,1.0,338
1615,0.47373096054338626,0.026312461982961024,0.02385485652562623,24,1.0,338
1616,0.47362431569329844,0.02630402329720301,0.023847233536720417,24,1.0,338
1617,0.4734724193496542,0.026295467280909587,0.02383965494962266,24,1.0,338
1618,0.47331841105637257,0.02628754812019959,0.023832064558575113,24,1.0,338
1619,0.47317586616359264,0.026279887440897095,0.023824502581569578,24,1.0,338
1620,0.4730379739361477,0.026270603492455476,0.023816917054425596,24,1.0,338
1621,0.47287086286419855,0.026263083467055328,0.02380934110453845,24,1.0,338
1622,0.4727355024069959,0.026255319818938392,0.023801752363792786,24,1.0,338
1623,0.47259575674089105,0.02624543778565079,0.02379419911650348,24,1.0,338
1624,0.47241788014171426,0.026236816121204327,0.023786645362799192,24,1.0,338
1625,0.4722626901816779,0.026228702333514067,0.02377911486885238,24,1.0,338
1626,0.4721166420032532,0.0262203470714203,0.02377152726184149,24,1.0,339
1627,0.4719662472855654,0.02621324539093914,0.023763966370533535,24,1.0,339
1628,0.4718384170369045,0.02620639857278005,0.02375641418000202,24,1.0,339
1629,0.47171517431004095,0.02619893567049037,0.023748868222951205,24,1.0,339
1630,0.47158084206882667,0.026189616351590596,0.023741312856860097,24,1.0,339
1631,0.4714130943286307,0.026181920177981405,0.023733741679127843,24,1.0,339
1632,0.4712745632036653,0.026174726910012474,0.023726256096855244,24,1.0,339
1633,0.4711450843802245,0.026165062910327993,0.023718760205860653,24,1.0,339
1634,0.4709711323859039,0.02615664695302287,0.023711247483527178,24,1.0,339
1635,0.47081964515441166,0.026148115850521,0.023703749855206218,24,1.0,339
1636,0.47066608530937804,0.026140581079811785,0.02369623709208697,24,1.0,339
1637,0.47053045943661215,0.026132312977932087,0.0236887589101156,24,1.0,339
1638,0.47038163360277757,0.02612356014779614,0.023681298169955813,24,1.0,339
1639,0.47022408266033056,0.02611444719815145,0.023673819240879555,24,1.0,339
1640,0.4700600495667261,0.026107065589775543,0.023666336997488546,24,1.0,339
1641,0.4699271806159598,0.02609833908225975,0.02365891423642696,24,1.0,339
1642,0.4697701034806755,0.02608888539264956,0.023651489102546528,24,1.0,339
1643,0.4695999370676921,0.02608030038537208,0.02364402936805886,24,1.0,339
1644,0.4694454069366974,0.02607319376039246,0.023636600954818482,24,1.0,339
1645,0.46931748768706427,0.02606535896787131,0.023629206487368132,24,1.0,339
1646,0.4691764614216836,0.026057653756710708,0.023621801343414132,24,1.0,339
1647,0.46903776762079274,0.02604971137226748,0.023614428038557997,24,1.0,339
1648,0.4688948047008146,0.026042264609231053,0.02360704210454664,24,1.0,339
1649,0.468760762966159,0.026035068311268842,0.0235996564362313,24,1.0,339
1650,0.46863122960283915,0.026028000022589634,0.02359227167517468,24,1.0,339
1651,0.46850400040661344,0.026020207468860163,0.023584901463789446,24,1.0,339
1652,0.4683637344394829,0.026013273344564478,0.023577538079679942,24,1.0,339
1653,0.4682389202021606,0.026005858991482656,0.023570182088341676,24,1.0,339
1654,0.46810546184668783,0.025998572607188908,0.023562839706159647,24,1.0,339
1655,0.46797430692940034,0.025990201126664947,0.023555495242215743,24,1.0,339
1656,0.46782362027996904,0.025984018907920244,0.023548136630081973,24,1.0,339
1657,0.46771234034256437,0.02597675157431821,0.02354081283586612,24,1.0,339
1658,0.4675815283377278,0.025968281020281904,0.023533471408259742,24,1.0,339
1659,0.46742905836507426,0.025960906553233014,0.02352615480497669,24,1.0,339
1660,0.46729631795819426,0.025954625273510744,0.02351881399744746,24,1.0,339
1661,0.4671832549231934,0.0259483487283678,0.0235115043300915,24,1.0,339
1662,0.4670702771106204,0.025939063296784567,0.023504202166920635,24,1.0,339
1663,0.46690313934212224,0.025930630976255233,0.023496890468142285,24,1.0,339
1664,0.46675135757259417,0.02592136528474245,0.023489605400659766,24,1.0,339
1665,0.4665845751253641,0.02591451290955296,0.02348228622286837,24,1.0,339
1666,0.4664612323719533,0.025907546109518172,0.023474986375038618,24,1.0,339
1667,0.4663358299713271,0.025900825080198114,0.023467694674248488,24,1.0,339
1668,0.46621485144356606,0.025892071892522028,0.02346045891910942,24,1.0,339
1669,0.4660572940653965,0.025882729352881072,0.02345318379047893,24,1.0,339
1670,0.4658891283518593,0.0258755499293424,0.023445903206231508,24,1.0,339
1671,0.4657598987281632,0.025866584372506888,0.02343866331205675,24,1.0,339
1672,0.465598518705124,0.0258597770211304,0.02343145085767812,24,1.0,339
1673,0.4654759863803472,0.025851663269915663,0.023424239539496333,24,1.0,339
1674,0.46532993885848195,0.02584415319476031,0.023416994099583737,24,1.0,339
1675,0.46519475750568556,0.025836649915581374,0.02340979185395216,24,1.0,339
1676,0.46505969848046474,0.02582951024421468,0.023402615251766488,24,1.0,339
1677,0.4649311843958642,0.025822733249172714,0.023395427306677524,24,1.0,339
1678,0.4648091984851089,0.025815961793166024,0.023388245186775,24,1.0,339
1679,0.46468731227698845,0.025806585936964492,0.023381056654934996,24,1.0,339
1680,0.46451854686536087,0.02579805009056253,0.02337387783836267,24,1.0,339
1681,0.4643649016301255,0.025790233290125888,0.023366715919188364,24,1.0,339
1682,0.464224199222266,0.02578254213676141,0.02335955866769776,24,1.0,339
1683,0.46408575846170536,0.025774267345819737,0.023352391355309265,24,1.0,340
1684,0.46393681222475525,0.025766118861757698,0.023345233528893186,24,1.0,340
1685,0.46379013951163856,0.025758214244237656,0.023338074586415944,24,1.0,340
1686,0.4636478563962778,0.02575114189352646,0.023330922451131473,24,1.0,340
1687,0.46352055408347625,0.02574301616753097,0.023323762295244216,24,1.0,340
1688,0.46337429101555744,0.025735251207205743,0.023316625486274795,24,1.0,340
1689,0.46323452172970336,0.025727141094356327,0.023309491371158297,24,1.0,340
1690,0.4630885396984139,0.02571915630780905,0.02330239060946752,24,1.0,340
1691,0.4629448135405629,0.025712351854779287,0.02329525920988548,24,1.0,340
1692,0.4628223333860272,0.02570485000052474,0.0232881441490535,24,1.0,340
1693,0.46268730000944536,0.025698525614412143,0.02328099923462221,24,1.0,340
1694,0.46257346105941854,0.025691738154307947,0.023273902124173167,24,1.0,340
1695,0.46245128677754305,0.025684839398558996,0.023266789352730285,24,1.0,340
1696,0.46232710917406195,0.025676194878382855,0.02325970369821823,24,1.0,340
1697,0.4621715078108914,0.025668492546455243,0.023252633711269722,24,1.0,340
1698,0.4620328658361944,0.025660564337706925,0.023245574754000003,24,1.0,340
1699,0.46189015807872463,0.02565276018019068,0.02323853143174594,24,1.0,340
1700,0.46174968324343224,0.02564554500860216,0.023231454175944622,24,1.0,340
1701,0.4616198101548389,0.02563775507454583,0.0232243616036511,24,1.0,340
1702,0.4614795913418249,0.02562974030851289,0.023217297195542136,24,1.0,340
1703,0.46133532555323203,0.025622429294558855,0.023210249770144967,24,1.0,340
1704,0.4612037273020594,0.025614081803839003,0.023203219682427164,24,1.0,340
1705,0.46105347246910205,0.025606321608574758,0.023196190390293636,24,1.0,340
1706,0.46091378895434565,0.025598568736297744,0.023189196259773125,24,1.0,340
1707,0.46077423725335936,0.025591516509963344,0.023182179185348137,24,1.0,340
1708,0.46064729717934016,0.02558377759562532,0.02317515177727246,24,1.0,340
1709,0.46050799672125575,0.02557569994871558,0.023168126317682485,24,1.0,340
