episode,deltaT,maxRadius,avgRadius,numUnknownSlots,propUnknown,numSamples,totalNumSamples,modelErrL1,trueValueGap
1,9.0,2.0,1.8877537862894946,80,1.0,351,351,0.8999999999999999,NaN
11,9.0,2.0,1.8411308056266584,80,1.0,686,6252,0.8999999999999999,NaN
21,9.0,2.0,1.8361183299756594,80,1.0,786,13716,0.8999999999999999,NaN
31,9.0,2.0,1.833897256211129,80,1.0,848,21937,0.8999999999999999,NaN
41,9.0,2.0,1.8325882813867593,80,1.0,892,30666,0.8999999999999999,NaN
51,9.0,2.0,1.831705413557615,80,1.0,926,39779,0.8999999999999999,NaN
61,9.0,2.0,1.8310605242875517,80,1.0,955,49201,0.8999999999999999,NaN
71,9.0,2.0,1.8305638757466578,80,1.0,979,58884,0.8999999999999999,NaN
81,9.0,2.0,1.8301668260592254,80,1.0,1000,68790,0.8999999999999999,NaN
91,9.0,2.0,1.8298404597396012,80,1.0,1018,78890,0.8999999999999999,NaN
101,9.0,2.0,1.8295661892250668,80,1.0,1035,89165,0.8999999999999999,NaN
111,9.0,2.0,1.8293316893599438,80,1.0,1050,99596,0.8999999999999999,NaN
121,9.0,2.0,1.8291282528818364,80,1.0,1064,110171,0.8999999999999999,NaN
131,9.0,2.0,1.828949692888355,80,1.0,1076,120877,0.8999999999999999,NaN
141,9.0,2.0,1.8287913733692336,80,1.0,1088,131705,0.8999999999999999,NaN
151,9.0,2.0,1.8286497803048942,80,1.0,1099,142646,0.8999999999999999,NaN
161,9.0,2.0,1.8285222249205961,80,1.0,1109,153691,0.8999999999999999,NaN
171,9.0,2.0,1.8284065212793916,80,1.0,1119,164836,0.8999999999999999,NaN
181,9.0,2.0,1.8283009874490024,80,1.0,1128,176074,0.8999999999999999,NaN
191,9.0,2.0,1.8282042209778642,80,1.0,1136,187400,0.8999999999999999,NaN
201,9.0,2.0,1.8281150765729073,80,1.0,1145,198810,0.8999999999999999,NaN
211,9.0,2.0,1.8280326496049408,80,1.0,1152,210298,0.8999999999999999,NaN
221,9.0,2.0,1.827956134891794,80,1.0,1160,221862,0.8999999999999999,NaN
231,9.0,2.0,1.8278848514479897,80,1.0,1167,233498,0.8999999999999999,NaN
241,9.0,2.0,1.827818248203167,80,1.0,1174,245203,0.8999999999999999,NaN
251,9.0,2.0,1.8277558431744878,80,1.0,1180,256973,0.8999999999999999,NaN
261,9.0,2.0,1.8276972057479834,80,1.0,1186,268808,0.8999999999999999,NaN
271,9.0,2.0,1.8276419945760183,80,1.0,1192,280703,0.8999999999999999,NaN
281,9.0,2.0,1.827589880659182,80,1.0,1198,292657,0.8999999999999999,NaN
291,9.0,2.0,1.8275405844165402,80,1.0,1204,304669,0.8999999999999999,NaN
301,9.0,2.0,1.8274938792722595,80,1.0,1209,316734,0.8999999999999999,NaN
311,9.0,2.0,1.827449529912964,80,1.0,1214,328854,0.8999999999999999,NaN
321,9.0,2.0,1.8274073602692802,80,1.0,1219,341024,0.8999999999999999,NaN
331,9.0,2.0,1.827367195482458,80,1.0,1224,353244,0.8999999999999999,NaN
341,9.0,2.0,1.8273288797894207,80,1.0,1229,365513,0.8999999999999999,NaN
351,9.0,2.0,1.8272922857883347,80,1.0,1234,377828,0.8999999999999999,NaN
361,9.0,2.0,1.8272572864139387,80,1.0,1238,390188,0.8999999999999999,NaN
371,9.0,2.0,1.8272237677934169,80,1.0,1242,402592,0.8999999999999999,NaN
381,9.0,2.0,1.8271916294292272,80,1.0,1247,415040,0.8999999999999999,NaN
391,9.0,2.0,1.8271607822477907,80,1.0,1251,427530,0.8999999999999999,NaN
401,9.0,2.0,1.8271311448962475,80,1.0,1255,440060,0.8999999999999999,NaN
411,9.0,2.0,1.827102638775695,80,1.0,1259,452630,0.8999999999999999,NaN
421,9.0,2.0,1.8270751943719958,80,1.0,1263,465239,0.8999999999999999,NaN
431,9.0,2.0,1.827048748248253,80,1.0,1266,477886,0.8999999999999999,NaN
441,9.0,2.0,1.8270232431595033,80,1.0,1270,490570,0.8999999999999999,NaN
451,9.0,2.0,1.8269986257484288,80,1.0,1274,503290,0.8999999999999999,NaN
461,9.0,2.0,1.8269748449740189,80,1.0,1277,516045,0.8999999999999999,NaN
471,9.0,2.0,1.826951853313658,80,1.0,1281,528836,0.8999999999999999,NaN
481,9.0,2.0,1.826929610944341,80,1.0,1284,541661,0.8999999999999999,NaN
491,9.0,2.0,1.8269080776880855,80,1.0,1287,554519,0.8999999999999999,NaN
501,9.0,2.0,1.8268872183665614,80,1.0,1290,567409,0.8999999999999999,NaN
511,9.0,2.0,1.8268669982786867,80,1.0,1294,580331,0.8999999999999999,NaN
521,9.0,2.0,1.8268473856189344,80,1.0,1297,593284,0.8999999999999999,NaN
531,9.0,2.0,1.8268283506878902,80,1.0,1300,606268,0.8999999999999999,NaN
541,9.0,2.0,1.826809866254489,80,1.0,1303,619282,0.8999999999999999,NaN
551,9.0,2.0,1.8267919075757433,80,1.0,1306,632325,0.8999999999999999,NaN
561,9.0,2.0,1.826774447917611,80,1.0,1309,645398,0.8999999999999999,NaN
571,9.0,2.0,1.8267574682029182,80,1.0,1311,658498,0.8999999999999999,NaN
581,9.0,2.0,1.8267409439341609,80,1.0,1314,671627,0.8999999999999999,NaN
591,9.0,2.0,1.8267248576702724,80,1.0,1317,684783,0.8999999999999999,NaN
601,9.0,2.0,1.8267091900076262,80,1.0,1320,697966,0.8999999999999999,NaN
611,9.0,2.0,1.8266939222109708,80,1.0,1322,711176,0.8999999999999999,NaN
621,9.0,2.0,1.8266790397827886,80,1.0,1325,724411,0.8999999999999999,NaN
631,9.0,2.0,1.8266645246567008,80,1.0,1327,737673,0.8999999999999999,NaN
641,9.0,2.0,1.826650362242842,80,1.0,1330,750961,0.8999999999999999,NaN
651,9.0,2.0,1.8266365409420122,80,1.0,1332,764273,0.8999999999999999,NaN
661,9.0,2.0,1.8266230453426373,80,1.0,1335,777610,0.8999999999999999,NaN
671,9.0,2.0,1.8266098646428315,80,1.0,1337,790970,0.8999999999999999,NaN
681,9.0,2.0,1.8265969861346902,80,1.0,1339,804354,0.8999999999999999,NaN
691,9.0,2.0,1.826584398383444,79,0.9875,1342,817762,0.8999999999999999,NaN
701,9.0,2.0,1.6629207609838006,79,0.9875,1327,831025,0.8999999999999999,NaN
711,9.0,2.0,1.6597387730991404,79,0.9875,1330,844311,0.8999999999999999,NaN
721,9.0,2.0,1.6583073426212256,79,0.9875,1332,857619,0.8999999999999999,NaN
731,9.0,2.0,1.6574442313712114,79,0.9875,1334,870949,0.8999999999999999,NaN
741,9.0,2.0,1.6568521920857155,79,0.9875,1336,884300,0.8999999999999999,NaN
751,9.0,2.0,1.6564126596435482,79,0.9875,1338,897673,0.8999999999999999,NaN
761,9.0,2.0,1.656068831534683,79,0.9875,1340,911066,0.8999999999999999,NaN
771,9.0,2.0,1.6557905412665874,79,0.9875,1342,924481,0.8999999999999999,NaN
781,9.0,2.0,1.6555595086644956,79,0.9875,1344,937916,0.8999999999999999,NaN
791,9.0,2.0,1.655363332297656,79,0.9875,1346,951371,0.8999999999999999,NaN
801,9.0,2.0,1.6551941011558817,79,0.9875,1348,964846,0.8999999999999999,NaN
811,9.0,2.0,1.65504600033973,79,0.9875,1350,978341,0.8999999999999999,NaN
821,9.0,2.0,1.6549150597416993,79,0.9875,1352,991856,0.8999999999999999,NaN
831,9.0,2.0,1.6547981006977586,79,0.9875,1354,1005389,0.8999999999999999,NaN
841,9.0,2.0,1.6546929886235926,79,0.9875,1356,1018942,0.8999999999999999,NaN
851,9.0,2.0,1.6545976022395987,79,0.9875,1358,1032513,0.8999999999999999,NaN
861,9.0,2.0,1.654510562230118,79,0.9875,1360,1046103,0.8999999999999999,NaN
871,9.0,2.0,1.6544307324889882,79,0.9875,1362,1059711,0.8999999999999999,NaN
881,9.0,2.0,1.6543572084494762,79,0.9875,1363,1073337,0.8999999999999999,NaN
891,9.0,2.0,1.654289194112481,79,0.9875,1365,1086981,0.8999999999999999,NaN
901,9.0,2.0,1.6542259797948045,79,0.9875,1367,1100643,0.8999999999999999,NaN
911,9.0,2.0,1.6541670752506934,79,0.9875,1369,1114322,0.8999999999999999,NaN
921,9.0,2.0,1.654111925734807,79,0.9875,1370,1128018,0.8999999999999999,NaN
931,9.0,2.0,1.6540601623461828,79,0.9875,1372,1141732,0.8999999999999999,NaN
941,9.0,2.0,1.6540115120916805,79,0.9875,1374,1155462,0.8999999999999999,NaN
951,9.0,2.0,1.6539656644074392,79,0.9875,1375,1169208,0.8999999999999999,NaN
961,9.0,2.0,1.6539224228973999,79,0.9875,1377,1182972,0.8999999999999999,NaN
971,9.0,2.0,1.653881376478169,79,0.9875,1379,1196752,0.8999999999999999,NaN
981,9.0,2.0,1.653842483906359,79,0.9875,1380,1210548,0.8999999999999999,NaN
991,9.0,2.0,1.6538054930094617,79,0.9875,1382,1224362,0.8999999999999999,NaN
1001,9.0,2.0,1.6537702411981292,79,0.9875,1384,1238190,0.8999999999999999,NaN
1011,9.0,2.0,1.653736629038492,79,0.9875,1385,1252035,0.8999999999999999,NaN
1021,9.0,2.0,1.653704515734701,79,0.9875,1387,1265895,0.8999999999999999,NaN
1031,9.0,2.0,1.6536738044507,79,0.9875,1388,1279770,0.8999999999999999,NaN
1041,9.0,2.0,1.6536444166335127,79,0.9875,1390,1293661,0.8999999999999999,NaN
1051,9.0,2.0,1.6536162385985302,79,0.9875,1391,1307567,0.8999999999999999,NaN
1061,9.0,2.0,1.653589217013856,79,0.9875,1393,1321488,0.8999999999999999,NaN
1071,9.0,2.0,1.6535632033396719,79,0.9875,1394,1335424,0.8999999999999999,NaN
1081,9.0,2.0,1.6535381834286031,79,0.9875,1396,1349375,0.8999999999999999,NaN
1091,9.0,2.0,1.6535141040853554,79,0.9875,1397,1363340,0.8999999999999999,NaN
1101,9.0,2.0,1.6534908631477567,79,0.9875,1399,1377319,0.8999999999999999,NaN
1111,9.0,2.0,1.6534684804301036,79,0.9875,1400,1391313,0.8999999999999999,NaN
1121,9.0,2.0,1.6534468374481333,79,0.9875,1401,1405320,0.8999999999999999,NaN
1131,9.0,2.0,1.6534259252316783,79,0.9875,1403,1419343,0.8999999999999999,NaN
1141,9.0,2.0,1.6534057111469092,79,0.9875,1404,1433379,0.8999999999999999,NaN
1151,9.0,2.0,1.6533861545996078,79,0.9875,1406,1447429,0.8999999999999999,NaN
1161,9.0,2.0,1.6533672179383614,79,0.9875,1407,1461493,0.8999999999999999,NaN
1171,9.0,2.0,1.6533488657287443,79,0.9875,1408,1475570,0.8999999999999999,NaN
1181,9.0,2.0,1.6533310508786272,79,0.9875,1410,1489661,0.8999999999999999,NaN
1191,9.0,2.0,1.653313776225184,79,0.9875,1411,1503765,0.8999999999999999,NaN
1201,9.0,2.0,1.6532969732268856,79,0.9875,1412,1517882,0.8999999999999999,NaN
1211,9.0,2.0,1.6532806678837306,79,0.9875,1414,1532013,0.8999999999999999,NaN
1221,9.0,2.0,1.6532648212918564,79,0.9875,1415,1546157,0.8999999999999999,NaN
1231,9.0,2.0,1.653249410126265,79,0.9875,1416,1560313,0.8999999999999999,NaN
1241,9.0,2.0,1.6532344303369648,79,0.9875,1418,1574483,0.8999999999999999,NaN
1251,9.0,2.0,1.6532198229630635,79,0.9875,1419,1588666,0.8999999999999999,NaN
1261,9.0,2.0,1.6532056182050532,79,0.9875,1420,1602861,0.8999999999999999,NaN
1271,9.0,2.0,1.653191765561639,79,0.9875,1421,1617068,0.8999999999999999,NaN
1281,9.0,2.0,1.6531782487095588,79,0.9875,1423,1631288,0.8999999999999999,NaN
1291,9.0,2.0,1.492604348300728,78,0.975,1406,1645395,0.8999999999999999,NaN
1301,9.0,2.0,1.4876757534608231,78,0.975,1407,1659459,0.8999999999999999,NaN
1311,9.0,2.0,1.4857990952156532,78,0.975,1408,1673535,0.8999999999999999,NaN
1321,9.0,2.0,1.484728564831506,78,0.975,1409,1687623,0.8999999999999999,NaN
1331,9.0,2.0,1.4840212223458382,78,0.975,1411,1701723,0.8999999999999999,NaN
1341,9.0,2.0,1.4835039809117516,78,0.975,1412,1715835,0.8999999999999999,NaN
1351,9.0,2.0,1.483109308890136,78,0.975,1413,1729958,0.8999999999999999,NaN
1361,9.0,2.0,1.4827910664861128,78,0.975,1414,1744093,0.8999999999999999,NaN
1371,9.0,2.0,1.4825273367420913,78,0.975,1415,1758239,0.8999999999999999,NaN
1381,9.0,2.0,1.4823053868470477,78,0.975,1416,1772396,0.8999999999999999,NaN
1391,9.0,2.0,1.4821149451363747,78,0.975,1417,1786564,0.8999999999999999,NaN
1401,9.0,2.0,1.481949479380502,78,0.975,1418,1800743,0.8999999999999999,NaN
1411,9.0,2.0,1.4818045150065218,78,0.975,1420,1814934,0.8999999999999999,NaN
1421,9.0,2.0,1.4816741444908224,78,0.975,1421,1829136,0.8999999999999999,NaN
1431,9.0,2.0,1.4815581678260787,78,0.975,1422,1843349,0.8999999999999999,NaN
1441,9.0,2.0,1.481452092897078,78,0.975,1423,1857573,0.8999999999999999,NaN
1451,9.0,2.0,1.4813568658678817,78,0.975,1424,1871808,0.8999999999999999,NaN
1461,9.0,2.0,1.481269097111561,78,0.975,1425,1886054,0.8999999999999999,NaN
1471,9.0,2.0,1.4811887339418968,78,0.975,1426,1900310,0.8999999999999999,NaN
1481,9.0,2.0,1.4811143670239937,78,0.975,1427,1914577,0.8999999999999999,NaN
1491,9.0,2.0,1.4810453003612893,78,0.975,1428,1928854,0.8999999999999999,NaN
1501,9.0,2.0,1.4809814488376785,78,0.975,1429,1943142,0.8999999999999999,NaN
1511,9.0,2.0,1.480920712787094,78,0.975,1430,1957440,0.8999999999999999,NaN
1521,9.0,2.0,1.4808642229411804,78,0.975,1431,1971748,0.8999999999999999,NaN
1531,9.0,2.0,1.4808107209310586,78,0.975,1432,1986067,0.8999999999999999,NaN
1541,9.0,2.0,1.4807603594853522,78,0.975,1433,2000396,0.8999999999999999,NaN
1551,9.0,2.0,1.4807131448907749,78,0.975,1434,2014735,0.8999999999999999,NaN
1561,9.0,2.0,1.4806688579110696,78,0.975,1435,2029084,0.8999999999999999,NaN
1571,9.0,2.0,1.4806264082094336,78,0.975,1436,2043443,0.8999999999999999,NaN
1581,9.0,2.0,1.4805864161686226,78,0.975,1437,2057812,0.8999999999999999,NaN
1591,9.0,2.0,1.480548560220956,78,0.975,1438,2072191,0.8999999999999999,NaN
1601,9.0,2.0,1.4805120419877265,78,0.975,1439,2086580,0.8999999999999999,NaN
1611,9.0,2.0,1.4804771853668117,78,0.975,1440,2100979,0.8999999999999999,NaN
1621,9.0,2.0,1.4804438645753044,78,0.975,1441,2115387,0.8999999999999999,NaN
1631,9.0,2.0,1.4804120399820635,78,0.975,1442,2129805,0.8999999999999999,NaN
1641,9.0,2.0,1.4803816847306421,78,0.975,1443,2144232,0.8999999999999999,NaN
1651,9.0,2.0,1.4803522678601806,78,0.975,1444,2158669,0.8999999999999999,NaN
1661,9.0,2.0,1.4803240378246818,78,0.975,1445,2173115,0.8999999999999999,NaN
1671,9.0,2.0,1.4802969221037532,78,0.975,1446,2187571,0.8999999999999999,NaN
1681,9.0,2.0,1.480270740516797,78,0.975,1447,2202036,0.8999999999999999,NaN
1691,9.0,2.0,1.480245606153534,78,0.975,1448,2216510,0.8999999999999999,NaN
1701,9.0,2.0,1.4802214827991897,78,0.975,1449,2230993,0.8999999999999999,NaN
1711,9.0,2.0,1.4801981770747834,78,0.975,1450,2245485,0.8999999999999999,NaN
1721,9.0,2.0,1.4801757889340525,78,0.975,1451,2259986,0.8999999999999999,NaN
1731,9.0,2.0,1.4801540778560986,78,0.975,1451,2274496,0.8999999999999999,NaN
1741,9.0,2.0,1.4801326564122663,78,0.975,1452,2289016,0.8999999999999999,NaN
1751,9.0,2.0,1.4801123341405569,78,0.975,1453,2303545,0.8999999999999999,NaN
1761,9.0,2.0,1.4800924795253922,78,0.975,1454,2318083,0.8999999999999999,NaN
1771,9.0,2.0,1.4800733593852664,78,0.975,1455,2332630,0.8999999999999999,NaN
1781,9.0,2.0,1.4800546369713097,78,0.975,1456,2347185,0.8999999999999999,NaN
1791,9.0,2.0,1.4800364560798942,78,0.975,1457,2361749,0.8999999999999999,NaN
1801,9.0,2.0,1.4800188371250014,78,0.975,1458,2376321,0.8999999999999999,NaN
1811,9.0,2.0,1.4800016336512951,78,0.975,1459,2390902,0.8999999999999999,NaN
1821,9.0,2.0,1.4799848323440856,78,0.975,1459,2405492,0.8999999999999999,NaN
1831,9.0,2.0,1.4799686611932272,78,0.975,1460,2420091,0.8999999999999999,NaN
1841,9.0,2.0,1.4799527746960817,78,0.975,1461,2434698,0.8999999999999999,NaN
1851,9.0,2.0,1.4799374564999732,78,0.975,1462,2449314,0.8999999999999999,NaN
1861,9.0,2.0,1.31778156215024,77,0.9625,1444,2463808,0.8999999999999999,NaN
1871,9.0,2.0,1.3133663710950463,77,0.9625,1445,2478253,0.8999999999999999,NaN
1881,9.0,2.0,1.3117010354570282,77,0.9625,1446,2492706,0.8999999999999999,NaN
1891,9.0,2.0,1.3107582390094716,77,0.9625,1446,2507166,0.8999999999999999,NaN
1901,9.0,2.0,1.3101305373891285,77,0.9625,1447,2521636,0.8999999999999999,NaN
1911,9.0,2.0,1.3096736289059674,77,0.9625,1448,2536114,0.8999999999999999,NaN
1921,9.0,2.0,1.309321625432842,77,0.9625,1449,2550600,0.8999999999999999,NaN
1931,9.0,2.0,1.3090395157055308,77,0.9625,1450,2565093,0.8999999999999999,NaN
1941,9.0,2.0,1.3088067685394849,77,0.9625,1451,2579594,0.8999999999999999,NaN
1951,9.0,2.0,1.3086103886442868,77,0.9625,1451,2594104,0.8999999999999999,NaN
1961,9.0,2.0,1.308441761563956,77,0.9625,1452,2608622,0.8999999999999999,NaN
1971,9.0,2.0,1.3082949014062,77,0.9625,1453,2623147,0.8999999999999999,NaN
1981,9.0,2.0,1.3081654433722547,77,0.9625,1454,2637679,0.8999999999999999,NaN
1991,9.0,2.0,1.3080501958743458,77,0.9625,1454,2652219,0.8999999999999999,NaN
2001,9.0,2.0,1.3079466960621016,77,0.9625,1455,2666769,0.8999999999999999,NaN
2011,9.0,2.0,1.3078530880642785,77,0.9625,1456,2681326,0.8999999999999999,NaN
2021,9.0,2.0,1.3077678745881323,77,0.9625,1457,2695890,0.8999999999999999,NaN
2031,9.0,2.0,1.3076898761859979,77,0.9625,1457,2710460,0.8999999999999999,NaN
2041,9.0,2.0,1.307618101567373,77,0.9625,1458,2725040,0.8999999999999999,NaN
2051,9.0,2.0,1.3075517730873043,77,0.9625,1459,2739627,0.8999999999999999,NaN
2061,9.0,2.0,1.307490227285356,77,0.9625,1460,2754221,0.8999999999999999,NaN
2071,9.0,2.0,1.3074329179165738,77,0.9625,1460,2768821,0.8999999999999999,NaN
2081,9.0,2.0,1.3073793614323526,77,0.9625,1461,2783431,0.8999999999999999,NaN
2091,9.0,2.0,1.3073291757887697,77,0.9625,1462,2798048,0.8999999999999999,NaN
2101,9.0,2.0,1.3072820215126708,77,0.9625,1463,2812671,0.8999999999999999,NaN
2111,9.0,2.0,1.3072375956232714,77,0.9625,1463,2827301,0.8999999999999999,NaN
2121,9.0,2.0,1.3071956378456646,77,0.9625,1464,2841941,0.8999999999999999,NaN
2131,9.0,2.0,1.3071559380962803,77,0.9625,1465,2856587,0.8999999999999999,NaN
2141,9.0,2.0,1.307118298260152,77,0.9625,1466,2871239,0.8999999999999999,NaN
2151,9.0,2.0,1.3070825405965394,77,0.9625,1466,2885899,0.8999999999999999,NaN
2161,9.0,2.0,1.3070485113188035,77,0.9625,1467,2900567,0.8999999999999999,NaN
2171,9.0,2.0,1.307016078429591,77,0.9625,1468,2915241,0.8999999999999999,NaN
2181,9.0,2.0,1.3069851203067588,77,0.9625,1468,2929921,0.8999999999999999,NaN
2191,9.0,2.0,1.3069555200846144,77,0.9625,1469,2944611,0.8999999999999999,NaN
2201,9.0,2.0,1.3069271893774022,77,0.9625,1470,2959307,0.8999999999999999,NaN
2211,9.0,2.0,1.3069000394726151,77,0.9625,1471,2974008,0.8999999999999999,NaN
2221,9.0,2.0,1.30687398333849,77,0.9625,1471,2988718,0.8999999999999999,NaN
2231,9.0,2.0,1.306848951930895,77,0.9625,1472,3003435,0.8999999999999999,NaN
2241,9.0,2.0,1.3068248816548704,77,0.9625,1473,3018158,0.8999999999999999,NaN
2251,9.0,2.0,1.3068017090051203,77,0.9625,1473,3032888,0.8999999999999999,NaN
2261,9.0,2.0,1.306779379279386,77,0.9625,1474,3047626,0.8999999999999999,NaN
2271,9.0,2.0,1.3067578455512776,77,0.9625,1475,3062369,0.8999999999999999,NaN
2281,9.0,2.0,1.3067370592860403,77,0.9625,1475,3077119,0.8999999999999999,NaN
2291,9.0,2.0,1.3067169763684179,77,0.9625,1476,3091877,0.8999999999999999,NaN
2301,9.0,2.0,1.306697560036196,77,0.9625,1477,3106641,0.8999999999999999,NaN
2311,9.0,2.0,1.3066787728441382,77,0.9625,1477,3121411,0.8999999999999999,NaN
2321,9.0,2.0,1.3066605788549783,77,0.9625,1478,3136190,0.8999999999999999,NaN
2331,9.0,2.0,1.3066429520139922,77,0.9625,1479,3150974,0.8999999999999999,NaN
2341,9.0,2.0,1.3066258616015898,77,0.9625,1479,3165764,0.8999999999999999,NaN
2351,9.0,2.0,1.3066092783662318,77,0.9625,1480,3180562,0.8999999999999999,NaN
2361,9.0,2.0,1.3065931811139966,77,0.9625,1481,3195365,0.8999999999999999,NaN
2371,9.0,2.0,1.306577544114632,77,0.9625,1481,3210175,0.8999999999999999,NaN
2381,9.0,2.0,1.3065623444427374,77,0.9625,1482,3224993,0.8999999999999999,NaN
2391,9.0,2.0,1.3065475663808326,77,0.9625,1483,3239815,0.8999999999999999,NaN
2401,9.0,2.0,1.3065331864912242,77,0.9625,1483,3254645,0.8999999999999999,NaN
2411,9.0,2.0,1.3065191875371485,77,0.9625,1484,3269482,0.8999999999999999,NaN
2421,9.0,2.0,1.1904935875737779,76,0.95,1465,3284151,0.8999999999999999,NaN
2431,9.0,2.0,1.187809759366844,76,0.95,1466,3298808,0.8999999999999999,NaN
2441,9.0,2.0,1.1866599458920366,76,0.95,1467,3313469,0.8999999999999999,NaN
2451,9.0,2.0,1.1859794846460832,76,0.95,1467,3328139,0.8999999999999999,NaN
2461,9.0,2.0,1.185515209660357,76,0.95,1468,3342814,0.8999999999999999,NaN
2471,9.0,2.0,1.185173223316336,76,0.95,1468,3357494,0.8999999999999999,NaN
2481,9.0,2.0,1.18490623804542,76,0.95,1469,3372182,0.8999999999999999,NaN
2491,9.0,2.0,1.1846908273844894,76,0.95,1470,3386874,0.8999999999999999,NaN
2501,9.0,2.0,1.1845118249608115,76,0.95,1470,3401574,0.8999999999999999,NaN
2511,9.0,2.0,1.1843596246915304,76,0.95,1471,3416280,0.8999999999999999,NaN
2521,9.0,2.0,1.1842287719877398,76,0.95,1471,3430990,0.8999999999999999,NaN
2531,9.0,2.0,1.1841139028805283,76,0.95,1472,3445709,0.8999999999999999,NaN
2541,9.0,2.0,1.1840126128332416,76,0.95,1473,3460431,0.8999999999999999,NaN
2551,9.0,2.0,1.1839221226181,76,0.95,1473,3475161,0.8999999999999999,NaN
2561,9.0,2.0,1.183840505776826,76,0.95,1474,3489897,0.8999999999999999,NaN
2571,9.0,2.0,1.1837663994091998,76,0.95,1474,3504637,0.8999999999999999,NaN
2581,9.0,2.0,1.1836986199675004,76,0.95,1475,3519386,0.8999999999999999,NaN
2591,9.0,2.0,1.1836365197203147,76,0.95,1476,3534138,0.8999999999999999,NaN
2601,9.0,2.0,1.1835790487789934,76,0.95,1476,3548898,0.8999999999999999,NaN
2611,9.0,2.0,1.1835258543298457,76,0.95,1477,3563663,0.8999999999999999,NaN
2621,9.0,2.0,1.1834762593254622,76,0.95,1477,3578433,0.8999999999999999,NaN
2631,9.0,2.0,1.1834300908391422,76,0.95,1478,3593210,0.8999999999999999,NaN
2641,9.0,2.0,1.1833868891406107,76,0.95,1478,3607990,0.8999999999999999,NaN
2651,9.0,2.0,1.1833462167524773,76,0.95,1479,3622780,0.8999999999999999,NaN
2661,9.0,2.0,1.183307927085808,76,0.95,1480,3637573,0.8999999999999999,NaN
2671,9.0,2.0,1.183271775158659,76,0.95,1480,3652373,0.8999999999999999,NaN
2681,9.0,2.0,1.1832375300850828,76,0.95,1481,3667178,0.8999999999999999,NaN
2691,9.0,2.0,1.1832050474518954,76,0.95,1481,3681988,0.8999999999999999,NaN
2701,9.0,2.0,1.1831741934793145,76,0.95,1482,3696805,0.8999999999999999,NaN
2711,9.0,2.0,1.1831448367752482,76,0.95,1482,3711625,0.8999999999999999,NaN
2721,9.0,2.0,1.1831168445010138,76,0.95,1483,3726455,0.8999999999999999,NaN
2731,9.0,2.0,1.183090085813172,76,0.95,1484,3741287,0.8999999999999999,NaN
2741,9.0,2.0,1.1830645176255903,76,0.95,1484,3756127,0.8999999999999999,NaN
2751,9.0,2.0,1.183040038741972,76,0.95,1485,3770971,0.8999999999999999,NaN
2761,9.0,2.0,1.1830165648946127,76,0.95,1485,3785821,0.8999999999999999,NaN
2771,9.0,2.0,1.1829939886885203,76,0.95,1486,3800677,0.8999999999999999,NaN
2781,9.0,2.0,1.1829722838810746,76,0.95,1486,3815537,0.8999999999999999,NaN
2791,9.0,2.0,1.182951382856826,76,0.95,1487,3830404,0.8999999999999999,NaN
2801,9.0,2.0,1.1829312808018664,76,0.95,1487,3845274,0.8999999999999999,NaN
2811,9.0,2.0,1.1829118965067764,76,0.95,1488,3860153,0.8999999999999999,NaN
2821,9.0,2.0,1.1828931814212584,76,0.95,1488,3875033,0.8999999999999999,NaN
2831,9.0,2.0,1.182875094957632,76,0.95,1489,3889923,0.8999999999999999,NaN
2841,9.0,2.0,1.1828576309201186,76,0.95,1490,3904815,0.8999999999999999,NaN
2851,9.0,2.0,1.1828407537488161,76,0.95,1490,3919715,0.8999999999999999,NaN
2861,9.0,2.0,1.1828243788704325,76,0.95,1491,3934618,0.8999999999999999,NaN
2871,9.0,2.0,1.1828085406538382,76,0.95,1491,3949528,0.8999999999999999,NaN
2881,9.0,2.0,1.1827931747398708,76,0.95,1492,3964442,0.8999999999999999,NaN
2891,9.0,2.0,1.18277828282515,76,0.95,1492,3979362,0.8999999999999999,NaN
2901,9.0,2.0,1.182763785038459,76,0.95,1493,3994287,0.8999999999999999,NaN
2911,9.0,2.0,1.1827497001717047,76,0.95,1493,4009217,0.8999999999999999,NaN
2921,9.0,2.0,1.1827360014605819,76,0.95,1494,4024153,0.8999999999999999,NaN
2931,9.0,2.0,1.1827226963969855,76,0.95,1494,4039093,0.8999999999999999,NaN
2941,9.0,2.0,1.182709769224183,76,0.95,1495,4054040,0.8999999999999999,NaN
2951,9.0,2.0,1.182697157864444,76,0.95,1495,4068990,0.8999999999999999,NaN
2961,9.0,2.0,1.1826848607564728,76,0.95,1496,4083947,0.8999999999999999,NaN
2971,9.0,2.0,1.0686949428200123,75,0.9375,1477,4098791,0.8999999999999999,NaN
2981,9.0,2.0,1.064595715655192,75,0.9375,1477,4113561,0.8999999999999999,NaN
2991,9.0,2.0,1.0631673894165354,75,0.9375,1478,4128335,0.8999999999999999,NaN
3001,9.0,2.0,1.0623754811270305,75,0.9375,1478,4143115,0.8999999999999999,NaN
3011,9.0,2.0,1.0618543771344533,75,0.9375,1479,4157899,0.8999999999999999,NaN
3021,9.0,2.0,1.0614767490578776,75,0.9375,1479,4172689,0.8999999999999999,NaN
3031,9.0,2.0,1.061186544620523,75,0.9375,1480,4187483,0.8999999999999999,NaN
3041,9.0,2.0,1.060954466539933,75,0.9375,1480,4202283,0.8999999999999999,NaN
3051,9.0,2.0,1.0607629524151867,75,0.9375,1481,4217087,0.8999999999999999,NaN
3061,9.0,2.0,1.0606011696632829,75,0.9375,1481,4231897,0.8999999999999999,NaN
3071,9.0,2.0,1.0604627694338544,75,0.9375,1482,4246711,0.8999999999999999,NaN
3081,9.0,2.0,1.0603420604937814,75,0.9375,1482,4261531,0.8999999999999999,NaN
3091,9.0,2.0,1.060235460578405,75,0.9375,1483,4276354,0.8999999999999999,NaN
3101,9.0,2.0,1.0601402756413543,75,0.9375,1483,4291184,0.8999999999999999,NaN
3111,9.0,2.0,1.060055014019118,75,0.9375,1484,4306016,0.8999999999999999,NaN
3121,9.0,2.0,1.0599773888734743,75,0.9375,1484,4320856,0.8999999999999999,NaN
3131,9.0,2.0,1.0599066474749272,75,0.9375,1485,4335698,0.8999999999999999,NaN
3141,9.0,2.0,1.0598418946778607,75,0.9375,1485,4350548,0.8999999999999999,NaN
3151,9.0,2.0,1.0597822354569018,75,0.9375,1486,4365399,0.8999999999999999,NaN
3161,9.0,2.0,1.0597271093045413,75,0.9375,1486,4380259,0.8999999999999999,NaN
3171,9.0,2.0,1.0596758969746722,75,0.9375,1486,4395119,0.8999999999999999,NaN
3181,9.0,2.0,1.0596281089219126,75,0.9375,1487,4409989,0.8999999999999999,NaN
3191,9.0,2.0,1.059583410173826,75,0.9375,1487,4424859,0.8999999999999999,NaN
3201,9.0,2.0,1.0595414090757513,75,0.9375,1488,4439737,0.8999999999999999,NaN
3211,9.0,2.0,1.0595018997626773,75,0.9375,1488,4454617,0.8999999999999999,NaN
3221,9.0,2.0,1.059464487268124,75,0.9375,1489,4469504,0.8999999999999999,NaN
3231,9.0,2.0,1.0594292287303522,75,0.9375,1489,4484394,0.8999999999999999,NaN
3241,9.0,2.0,1.0593957459543444,75,0.9375,1490,4499290,0.8999999999999999,NaN
3251,9.0,2.0,1.0593639876960863,75,0.9375,1490,4514190,0.8999999999999999,NaN
3261,9.0,2.0,1.0593337659228315,75,0.9375,1491,4529094,0.8999999999999999,NaN
3271,9.0,2.0,1.0593049396225784,75,0.9375,1491,4544004,0.8999999999999999,NaN
3281,9.0,2.0,1.0592774913110279,75,0.9375,1492,4558916,0.8999999999999999,NaN
3291,9.0,2.0,1.0592512487100048,75,0.9375,1492,4573836,0.8999999999999999,NaN
3301,9.0,2.0,1.05922611113829,75,0.9375,1492,4588756,0.8999999999999999,NaN
3311,9.0,2.0,1.0592019991344752,75,0.9375,1493,4603686,0.8999999999999999,NaN
3321,9.0,2.0,1.0591788359783751,75,0.9375,1493,4618616,0.8999999999999999,NaN
3331,9.0,2.0,1.05915665527473,75,0.9375,1494,4633554,0.8999999999999999,NaN
3341,9.0,2.0,1.0591352295995347,75,0.9375,1494,4648494,0.8999999999999999,NaN
3351,9.0,2.0,1.0591146050581408,75,0.9375,1495,4663440,0.8999999999999999,NaN
3361,9.0,2.0,1.0590947211754065,75,0.9375,1495,4678390,0.8999999999999999,NaN
3371,9.0,2.0,1.0590755960493188,75,0.9375,1496,4693343,0.8999999999999999,NaN
3381,9.0,2.0,1.0590570510507225,75,0.9375,1496,4708303,0.8999999999999999,NaN
3391,9.0,2.0,1.0590391994013828,75,0.9375,1497,4723264,0.8999999999999999,NaN
3401,9.0,2.0,1.0590219063435253,75,0.9375,1497,4738234,0.8999999999999999,NaN
3411,9.0,2.0,1.059005164705639,75,0.9375,1497,4753204,0.8999999999999999,NaN
3421,9.0,2.0,1.058988921077216,75,0.9375,1498,4768182,0.8999999999999999,NaN
3431,9.0,2.0,0.966979389854342,74,0.925,1478,4783002,0.8999999999999999,NaN
3441,9.0,2.0,0.9644041606442982,74,0.925,1479,4797788,0.8999999999999999,NaN
3451,9.0,2.0,0.963355998936754,74,0.925,1479,4812578,0.8999999999999999,NaN
3461,9.0,2.0,0.9627442503527638,74,0.925,1480,4827371,0.8999999999999999,NaN
3471,9.0,2.0,0.9623287163676361,74,0.925,1480,4842171,0.8999999999999999,NaN
3481,9.0,2.0,0.9620217485407766,74,0.925,1480,4856971,0.8999999999999999,NaN
3491,9.0,2.0,0.9617822718602147,74,0.925,1481,4871780,0.8999999999999999,NaN
3501,9.0,2.0,0.9615884810507085,74,0.925,1481,4886590,0.8999999999999999,NaN
3511,9.0,2.0,0.9614269348382551,74,0.925,1482,4901406,0.8999999999999999,NaN
3521,9.0,2.0,0.9612894158275624,74,0.925,1482,4916226,0.8999999999999999,NaN
3531,9.0,2.0,0.9611704276113958,74,0.925,1483,4931048,0.8999999999999999,NaN
3541,9.0,2.0,0.9610659567141993,74,0.925,1483,4945878,0.8999999999999999,NaN
3551,9.0,2.0,0.9609733521049378,74,0.925,1483,4960708,0.8999999999999999,NaN
3561,9.0,2.0,0.9608903388516697,74,0.925,1484,4975546,0.8999999999999999,NaN
3571,9.0,2.0,0.9608152956181145,74,0.925,1484,4990386,0.8999999999999999,NaN
3581,9.0,2.0,0.9607470163404084,74,0.925,1485,5005230,0.8999999999999999,NaN
3591,9.0,2.0,0.96068452336923,74,0.925,1485,5020080,0.8999999999999999,NaN
3601,9.0,2.0,0.960627046499474,74,0.925,1485,5034930,0.8999999999999999,NaN
3611,9.0,2.0,0.9605738833638764,74,0.925,1486,5049790,0.8999999999999999,NaN
3621,9.0,2.0,0.960524555675436,74,0.925,1486,5064650,0.8999999999999999,NaN
3631,9.0,2.0,0.9604785876502154,74,0.925,1487,5079515,0.8999999999999999,NaN
3641,9.0,2.0,0.9604355393643281,74,0.925,1487,5094385,0.8999999999999999,NaN
3651,9.0,2.0,0.9603952510985664,74,0.925,1488,5109256,0.8999999999999999,NaN
3661,9.0,2.0,0.9603572716319654,74,0.925,1488,5124136,0.8999999999999999,NaN
3671,9.0,2.0,0.9603214533737136,74,0.925,1488,5139016,0.8999999999999999,NaN
3681,9.0,2.0,0.9602875980583617,74,0.925,1489,5153902,0.8999999999999999,NaN
3691,9.0,2.0,0.9602554963413444,74,0.925,1489,5168792,0.8999999999999999,NaN
3701,9.0,2.0,0.9602250292833501,74,0.925,1490,5183683,0.8999999999999999,NaN
3711,9.0,2.0,0.960196029998988,74,0.925,1490,5198583,0.8999999999999999,NaN
3721,9.0,2.0,0.9601684208740888,74,0.925,1490,5213483,0.8999999999999999,NaN
3731,9.0,2.0,0.9601420574785282,74,0.925,1491,5228389,0.8999999999999999,NaN
3741,9.0,2.0,0.9601168241860716,74,0.925,1491,5243299,0.8999999999999999,NaN
3751,9.0,2.0,0.9600927034113607,74,0.925,1492,5258210,0.8999999999999999,NaN
3761,9.0,2.0,0.9600695827375739,74,0.925,1492,5273130,0.8999999999999999,NaN
3771,9.0,2.0,0.960047395574233,74,0.925,1492,5288050,0.8999999999999999,NaN
3781,9.0,2.0,0.9600260450449701,74,0.925,1493,5302975,0.8999999999999999,NaN
3791,9.0,2.0,0.9600055176083833,74,0.925,1493,5317905,0.8999999999999999,NaN
3801,9.0,2.0,0.9599857611588364,74,0.925,1493,5332835,0.8999999999999999,NaN
3811,9.0,2.0,0.9599666861809633,74,0.925,1494,5347775,0.8999999999999999,NaN
3821,9.0,2.0,0.959948282498021,74,0.925,1494,5362715,0.8999999999999999,NaN
3831,9.0,2.0,0.9599305134587081,74,0.925,1495,5377659,0.8999999999999999,NaN
3841,9.0,2.0,0.959913336589182,74,0.925,1495,5392609,0.8999999999999999,NaN
3851,9.0,2.0,0.9598967305353829,74,0.925,1495,5407559,0.8999999999999999,NaN
3861,9.0,2.0,0.9598806405240401,74,0.925,1496,5422517,0.8999999999999999,NaN
3871,9.0,2.0,0.8678893509818613,73,0.9125,1476,5437317,0.8999999999999999,NaN
3881,9.0,2.0,0.8653283700493674,73,0.9125,1476,5452077,0.8999999999999999,NaN
3891,9.0,2.0,0.8642923245831315,73,0.9125,1477,5466843,0.8999999999999999,NaN
3901,9.0,2.0,0.8636917172868916,73,0.9125,1477,5481613,0.8999999999999999,NaN
3911,9.0,2.0,0.8632866190579975,73,0.9125,1477,5496383,0.8999999999999999,NaN
3921,9.0,2.0,0.8629890531643877,73,0.9125,1478,5511162,0.8999999999999999,NaN
3931,9.0,2.0,0.8627582606412959,73,0.9125,1478,5525942,0.8999999999999999,NaN
3941,9.0,2.0,0.8625722687539396,73,0.9125,1479,5540724,0.8999999999999999,NaN
3951,9.0,2.0,0.8624180041295754,73,0.9125,1479,5555514,0.8999999999999999,NaN
3961,9.0,2.0,0.8622873068159318,73,0.9125,1479,5570304,0.8999999999999999,NaN
3971,9.0,2.0,0.8621746131034108,73,0.9125,1480,5585099,0.8999999999999999,NaN
3981,9.0,2.0,0.7463126520129421,72,0.9,1460,5599718,0.8999999999999999,NaN
3991,9.0,2.0,0.7435760265171016,72,0.9,1460,5614318,0.8999999999999999,NaN
4001,9.0,2.0,0.7424054817488769,72,0.9,1460,5628918,0.8999999999999999,NaN
4011,9.0,2.0,0.7417162564499826,72,0.9,1461,5643528,0.8999999999999999,NaN
4021,9.0,2.0,0.7412463385220961,72,0.9,1461,5658138,0.8999999999999999,NaN
4031,9.0,2.0,0.7408989339257472,72,0.9,1462,5672751,0.8999999999999999,NaN
4041,9.0,2.0,0.7406287029127008,72,0.9,1462,5687371,0.8999999999999999,NaN
4051,9.0,2.0,0.740410483136609,72,0.9,1462,5701991,0.8999999999999999,NaN
4061,9.0,2.0,0.7402292152719314,72,0.9,1463,5716615,0.8999999999999999,NaN
4071,9.0,2.0,0.7400759555964952,72,0.9,1463,5731245,0.8999999999999999,NaN
4081,9.0,2.0,0.739943743825817,72,0.9,1463,5745875,0.8999999999999999,NaN
4091,9.0,2.0,0.7398280768304974,72,0.9,1464,5760511,0.8999999999999999,NaN
4101,9.0,2.0,0.739725722338785,72,0.9,1464,5775151,0.8999999999999999,NaN
4111,9.0,2.0,0.7396344634430343,72,0.9,1464,5789791,0.8999999999999999,NaN
4121,9.0,2.0,0.7395521912218934,72,0.9,1465,5804439,0.8999999999999999,NaN
4131,9.0,2.0,0.7394779122583766,72,0.9,1465,5819089,0.8999999999999999,NaN
4141,9.0,2.0,0.7394102075882677,72,0.9,1465,5833739,0.8999999999999999,NaN
4151,9.0,2.0,0.7393479506943182,72,0.9,1466,5848398,0.8999999999999999,NaN
4161,9.0,2.0,0.7392904849187661,72,0.9,1466,5863058,0.8999999999999999,NaN
4171,9.0,2.0,0.7392373052458983,72,0.9,1466,5877718,0.8999999999999999,NaN
4181,9.0,2.0,0.7391878094900514,72,0.9,1467,5892388,0.8999999999999999,NaN
4191,9.0,2.0,0.7391416553701526,72,0.9,1467,5907058,0.8999999999999999,NaN
4201,9.0,2.0,0.7390984375271328,72,0.9,1468,5921729,0.8999999999999999,NaN
4211,9.0,2.0,0.7390577847738673,72,0.9,1468,5936409,0.8999999999999999,NaN
4221,9.0,2.0,0.7390196604047264,72,0.9,1468,5951089,0.8999999999999999,NaN
4231,9.0,2.0,0.7389836186961287,72,0.9,1469,5965771,0.8999999999999999,NaN
4241,9.0,2.0,0.7389495977530418,72,0.9,1469,5980461,0.8999999999999999,NaN
4251,9.0,2.0,0.738917315936624,72,0.9,1469,5995151,0.8999999999999999,NaN
4261,9.0,2.0,0.7388866489193224,72,0.9,1470,6009843,0.8999999999999999,NaN
4271,9.0,2.0,0.7388575269410576,72,0.9,1470,6024543,0.8999999999999999,NaN
4281,9.0,2.0,0.7388297844454789,72,0.9,1470,6039243,0.8999999999999999,NaN
4291,9.0,2.0,0.7388032678083984,72,0.9,1471,6053946,0.8999999999999999,NaN
4301,9.0,2.0,0.738777945422541,72,0.9,1471,6068656,0.8999999999999999,NaN
4311,9.0,2.0,0.7387537364891117,72,0.9,1471,6083366,0.8999999999999999,NaN
4321,9.0,2.0,0.7387305573165273,72,0.9,1472,6098079,0.8999999999999999,NaN
4331,9.0,2.0,0.7387082512945742,72,0.9,1472,6112799,0.8999999999999999,NaN
4341,9.0,2.0,0.7386868354153994,72,0.9,1472,6127519,0.8999999999999999,NaN
4351,9.0,2.0,0.7386662528578525,72,0.9,1473,6142242,0.8999999999999999,NaN
4361,9.0,2.0,0.738646431827146,72,0.9,1473,6156972,0.8999999999999999,NaN
4371,9.0,2.0,0.7386273322042957,72,0.9,1473,6171702,0.8999999999999999,NaN
4381,9.0,2.0,0.7386089517619977,72,0.9,1474,6186434,0.8999999999999999,NaN
4391,9.0,2.0,0.7385911046168351,72,0.9,1474,6201174,0.8999999999999999,NaN
4401,9.0,2.0,0.7385738833002683,72,0.9,1474,6215914,0.8999999999999999,NaN
4411,9.0,2.0,0.7385572403413929,72,0.9,1475,6230656,0.8999999999999999,NaN
4421,9.0,2.0,0.7385411746431605,72,0.9,1475,6245406,0.8999999999999999,NaN
4431,9.0,2.0,0.738525595558712,72,0.9,1475,6260156,0.8999999999999999,NaN
4441,9.0,2.0,0.7385104581984356,72,0.9,1476,6274907,0.8999999999999999,NaN
4451,9.0,2.0,0.7384957890238437,72,0.9,1476,6289667,0.8999999999999999,NaN
4461,9.0,2.0,0.738481535973819,72,0.9,1476,6304427,0.8999999999999999,NaN
4471,9.0,2.0,0.7384676632437304,72,0.9,1476,6319187,0.8999999999999999,NaN
4481,9.0,2.0,0.7384542069165039,72,0.9,1477,6333957,0.8999999999999999,NaN
4491,9.0,2.0,0.7384411110970747,72,0.9,1477,6348727,0.8999999999999999,NaN
4501,9.0,2.0,0.7384284084271888,72,0.9,1477,6363497,0.8999999999999999,NaN
4511,9.0,2.0,0.7384160050253894,72,0.9,1478,6378276,0.8999999999999999,NaN
4521,9.0,2.0,0.7384039435712084,72,0.9,1478,6393056,0.8999999999999999,NaN
4531,9.0,2.0,0.7383921750883725,72,0.9,1478,6407836,0.8999999999999999,NaN
4541,9.0,2.0,0.7383807177546798,72,0.9,1479,6422624,0.8999999999999999,NaN
4551,9.0,2.0,0.7383695478066132,72,0.9,1479,6437414,0.8999999999999999,NaN
4561,9.0,2.0,0.7383586510340631,72,0.9,1479,6452204,0.8999999999999999,NaN
4571,9.0,2.0,0.7383480238509568,72,0.9,1480,6467000,0.8999999999999999,NaN
4581,9.0,2.0,0.7383376603184538,72,0.9,1480,6481800,0.8999999999999999,NaN
4591,9.0,2.0,0.7383275668736703,72,0.9,1480,6496600,0.8999999999999999,NaN
4601,9.0,2.0,0.7383176394342189,72,0.9,1481,6511404,0.8999999999999999,NaN
4611,9.0,2.0,0.7383079306145497,72,0.9,1481,6526214,0.8999999999999999,NaN
4621,9.0,2.0,0.7382984535794288,72,0.9,1481,6541024,0.8999999999999999,NaN
4631,9.0,2.0,0.7382891799452077,72,0.9,1482,6555836,0.8999999999999999,NaN
4641,9.0,2.0,0.738280105973671,72,0.9,1482,6570656,0.8999999999999999,NaN
4651,9.0,2.0,0.7382712192204038,72,0.9,1482,6585476,0.8999999999999999,NaN
4661,9.0,2.0,0.7382625065303654,72,0.9,1482,6600296,0.8999999999999999,NaN
4671,9.0,2.0,0.738253972865887,72,0.9,1483,6615126,0.8999999999999999,NaN
4681,9.0,2.0,0.7382456030018407,72,0.9,1483,6629956,0.8999999999999999,NaN
4691,9.0,2.0,0.738237426139599,72,0.9,1483,6644786,0.8999999999999999,NaN
4701,9.0,2.0,0.7382294124862797,72,0.9,1484,6659623,0.8999999999999999,NaN
4711,9.0,2.0,0.7382215382284281,72,0.9,1484,6674463,0.8999999999999999,NaN
4721,9.0,2.0,0.7382137956828494,72,0.9,1484,6689303,0.8999999999999999,NaN
4731,9.0,2.0,0.7382062033803474,72,0.9,1485,6704148,0.8999999999999999,NaN
4741,9.0,2.0,0.7381987693289539,72,0.9,1485,6718998,0.8999999999999999,NaN
4751,9.0,2.0,0.7381914703742077,72,0.9,1485,6733848,0.8999999999999999,NaN
4761,9.0,2.0,0.7381842931388208,72,0.9,1486,6748700,0.8999999999999999,NaN
4771,9.0,2.0,0.7381772469642902,72,0.9,1486,6763560,0.8999999999999999,NaN
4781,9.0,2.0,0.7381703202344023,72,0.9,1486,6778420,0.8999999999999999,NaN
4791,9.0,2.0,0.7381635094261252,72,0.9,1486,6793280,0.8999999999999999,NaN
4801,9.0,2.0,0.7381568272557802,72,0.9,1487,6808149,0.8999999999999999,NaN
4811,9.0,2.0,0.738150256769402,72,0.9,1487,6823019,0.8999999999999999,NaN
4821,9.0,2.0,0.7381437929982232,72,0.9,1487,6837889,0.8999999999999999,NaN
4831,9.0,2.0,0.738137436546624,72,0.9,1488,6852764,0.8999999999999999,NaN
4841,9.0,2.0,0.7381311938263316,72,0.9,1488,6867644,0.8999999999999999,NaN
4851,9.0,2.0,0.7381250491984112,72,0.9,1488,6882524,0.8999999999999999,NaN
4861,9.0,2.0,0.7381190089330305,72,0.9,1489,6897406,0.8999999999999999,NaN
4871,9.0,2.0,0.7381130323916616,72,0.9,1489,6912296,0.8999999999999999,NaN
4881,9.0,2.0,0.7381071710190088,72,0.9,1489,6927186,0.8999999999999999,NaN
4891,9.0,2.0,0.738101398932897,72,0.9,1489,6942076,0.8999999999999999,NaN
4901,9.0,2.0,0.7380957146838987,72,0.9,1490,6956974,0.8999999999999999,NaN
4911,9.0,2.0,0.7380901065095908,72,0.9,1490,6971874,0.8999999999999999,NaN
4921,9.0,2.0,0.7380845858422994,72,0.9,1490,6986774,0.8999999999999999,NaN
4931,9.0,2.0,0.7380791449550832,72,0.9,1491,7001678,0.8999999999999999,NaN
4941,9.0,2.0,0.7380737827043584,72,0.9,1491,7016588,0.8999999999999999,NaN
4951,9.0,2.0,0.7380685112193486,72,0.9,1491,7031498,0.8999999999999999,NaN
4961,9.0,2.0,0.7380633095049288,72,0.9,1491,7046408,0.8999999999999999,NaN
4971,9.0,2.0,0.7380581757417399,72,0.9,1492,7061327,0.8999999999999999,NaN
4981,9.0,2.0,0.7380531277037805,72,0.9,1492,7076247,0.8999999999999999,NaN
4991,9.0,2.0,0.738048152767395,72,0.9,1492,7091167,0.8999999999999999,NaN
5001,9.0,2.0,0.738043238713893,72,0.9,1493,7106092,0.8999999999999999,NaN
5011,9.0,2.0,0.7380383872948273,72,0.9,1493,7121022,0.8999999999999999,NaN
5021,9.0,2.0,0.7380336190772708,72,0.9,1493,7135952,0.8999999999999999,NaN
5031,9.0,2.0,0.7380289018785274,72,0.9,1493,7150882,0.8999999999999999,NaN
5041,9.0,2.0,0.7380242419177883,72,0.9,1494,7165822,0.8999999999999999,NaN
5051,9.0,2.0,0.7380196417944881,72,0.9,1494,7180762,0.8999999999999999,NaN
5061,9.0,2.0,0.7380150960992419,72,0.9,1494,7195702,0.8999999999999999,NaN
5071,9.0,2.0,0.7380106225048709,72,0.9,1495,7210647,0.8999999999999999,NaN
5081,9.0,2.0,0.7380061935555886,72,0.9,1495,7225597,0.8999999999999999,NaN
5091,9.0,2.0,0.7380018352897292,72,0.9,1495,7240547,0.8999999999999999,NaN
5101,9.0,2.0,0.7379975308117885,72,0.9,1495,7255497,0.8999999999999999,NaN
5111,9.0,2.0,0.7379932814468856,72,0.9,1496,7270456,0.8999999999999999,NaN
5121,9.0,2.0,0.7379890879184752,72,0.9,1496,7285416,0.8999999999999999,NaN
5131,9.0,2.0,0.737984936070558,72,0.9,1496,7300376,0.8999999999999999,NaN
5141,9.0,2.0,0.7379808339710857,72,0.9,1497,7315340,0.8999999999999999,NaN
5151,9.0,2.0,0.7379767856347439,72,0.9,1497,7330310,0.8999999999999999,NaN
5161,9.0,2.0,0.7379727685311064,72,0.9,1497,7345280,0.8999999999999999,NaN
5171,9.0,2.0,0.7379688083699519,72,0.9,1497,7360250,0.8999999999999999,NaN
5181,9.0,2.0,0.7379649071452238,72,0.9,1498,7375228,0.8999999999999999,NaN
5191,9.0,2.0,0.7379610393175574,72,0.9,1498,7390208,0.8999999999999999,NaN
5201,9.0,2.0,0.7379572150963943,72,0.9,1498,7405188,0.8999999999999999,NaN
5211,9.0,2.0,0.7379534452176791,72,0.9,1499,7420170,0.8999999999999999,NaN
5221,9.0,2.0,0.7379497122985187,72,0.9,1499,7435160,0.8999999999999999,NaN
5231,9.0,2.0,0.7379460177579417,72,0.9,1499,7450150,0.8999999999999999,NaN
5241,9.0,2.0,0.7379423661167059,72,0.9,1499,7465140,0.8999999999999999,NaN
5251,9.0,2.0,0.7379387603674769,72,0.9,1500,7480136,0.8999999999999999,NaN
5261,9.0,2.0,0.7379351862848793,72,0.9,1500,7495136,0.8999999999999999,NaN
5271,9.0,2.0,0.7379316637149972,72,0.9,1500,7510136,0.8999999999999999,NaN
5281,9.0,2.0,0.737928169093507,72,0.9,1500,7525136,0.8999999999999999,NaN
5291,9.0,2.0,0.73792471880634,72,0.9,1501,7540145,0.8999999999999999,NaN
5301,9.0,2.0,0.73792129805407,72,0.9,1501,7555155,0.8999999999999999,NaN
5311,9.0,2.0,0.7379179101442664,72,0.9,1501,7570165,0.8999999999999999,NaN
5321,9.0,2.0,0.7379145615777236,72,0.9,1502,7585177,0.8999999999999999,NaN
5331,9.0,2.0,0.7379112481825061,72,0.9,1502,7600197,0.8999999999999999,NaN
5341,9.0,2.0,0.7379079712010977,72,0.9,1502,7615217,0.8999999999999999,NaN
5351,9.0,2.0,0.659270704231091,71,0.8875,1481,7630216,0.8999999999999999,NaN
5361,9.0,2.0,0.6447805544342036,71,0.8875,1482,7645036,0.8999999999999999,NaN
5371,9.0,2.0,0.6429604416149507,71,0.8875,1482,7659856,0.8999999999999999,NaN
5381,9.0,2.0,0.6421028027360269,71,0.8875,1482,7674676,0.8999999999999999,NaN
5391,9.0,2.0,0.6415765897867043,71,0.8875,1483,7689499,0.8999999999999999,NaN
5401,9.0,2.0,0.6412107260228077,71,0.8875,1483,7704329,0.8999999999999999,NaN
5411,9.0,2.0,0.6409370307428768,71,0.8875,1483,7719159,0.8999999999999999,NaN
5421,9.0,2.0,0.6407220527008254,71,0.8875,1483,7733989,0.8999999999999999,NaN
5431,9.0,2.0,0.6405471552447989,71,0.8875,1484,7748824,0.8999999999999999,NaN
5441,9.0,2.0,0.6404010971785016,71,0.8875,1484,7763664,0.8999999999999999,NaN
5451,9.0,2.0,0.6402766710915407,71,0.8875,1484,7778504,0.8999999999999999,NaN
5461,9.0,2.0,0.6401689484252053,71,0.8875,1484,7793344,0.8999999999999999,NaN
5471,9.0,2.0,0.6400744035128605,71,0.8875,1485,7808190,0.8999999999999999,NaN
5481,9.0,2.0,0.6399904959007083,71,0.8875,1485,7823040,0.8999999999999999,NaN
5491,9.0,2.0,0.6399153759879226,71,0.8875,1485,7837890,0.8999999999999999,NaN
5501,9.0,2.0,0.6398475570876563,71,0.8875,1485,7852740,0.8999999999999999,NaN
5511,9.0,2.0,0.6397858723186151,71,0.8875,1486,7867598,0.8999999999999999,NaN
5521,9.0,2.0,0.6397294525847399,71,0.8875,1486,7882458,0.8999999999999999,NaN
5531,9.0,2.0,0.6396775799143811,71,0.8875,1486,7897318,0.8999999999999999,NaN
5541,9.0,2.0,0.639629658060147,71,0.8875,1486,7912178,0.8999999999999999,NaN
5551,9.0,2.0,0.639585169359942,71,0.8875,1487,7927047,0.8999999999999999,NaN
5561,9.0,2.0,0.6395437225749728,71,0.8875,1487,7941917,0.8999999999999999,NaN
5571,9.0,2.0,0.6395049940124475,71,0.8875,1487,7956787,0.8999999999999999,NaN
5581,9.0,2.0,0.6394686810956443,71,0.8875,1487,7971657,0.8999999999999999,NaN
5591,9.0,2.0,0.6394345219671518,71,0.8875,1488,7986537,0.8999999999999999,NaN
5601,9.0,2.0,0.6394023169987448,71,0.8875,1488,8001417,0.8999999999999999,NaN
5611,9.0,2.0,0.6393718821451387,71,0.8875,1488,8016297,0.8999999999999999,NaN
5621,9.0,2.0,0.6393430509121381,71,0.8875,1488,8031177,0.8999999999999999,NaN
5631,9.0,2.0,0.6393156735638343,71,0.8875,1489,8046067,0.8999999999999999,NaN
5641,9.0,2.0,0.6392896352870908,71,0.8875,1489,8060957,0.8999999999999999,NaN
5651,9.0,2.0,0.6392648329056749,71,0.8875,1489,8075847,0.8999999999999999,NaN
5661,9.0,2.0,0.6392411670551565,71,0.8875,1489,8090737,0.8999999999999999,NaN
5671,9.0,2.0,0.6392185290331173,71,0.8875,1490,8105637,0.8999999999999999,NaN
5681,9.0,2.0,0.6391968723027877,71,0.8875,1490,8120537,0.8999999999999999,NaN
5691,9.0,2.0,0.6391761127624469,71,0.8875,1490,8135437,0.8999999999999999,NaN
5701,9.0,2.0,0.6391561892572122,71,0.8875,1490,8150337,0.8999999999999999,NaN
5711,9.0,2.0,0.6391370366648306,71,0.8875,1491,8165247,0.8999999999999999,NaN
5721,9.0,2.0,0.6391186123135753,71,0.8875,1491,8180157,0.8999999999999999,NaN
5731,9.0,2.0,0.6391008705082623,71,0.8875,1491,8195067,0.8999999999999999,NaN
5741,9.0,2.0,0.6390837745237521,71,0.8875,1491,8209977,0.8999999999999999,NaN
5751,9.0,2.0,0.6390672623769741,71,0.8875,1492,8224897,0.8999999999999999,NaN
5761,9.0,2.0,0.6390513190073108,71,0.8875,1492,8239817,0.8999999999999999,NaN
5771,9.0,2.0,0.639035911256489,71,0.8875,1492,8254737,0.8999999999999999,NaN
5781,9.0,2.0,0.6390210028323678,71,0.8875,1492,8269657,0.8999999999999999,NaN
5791,9.0,2.0,0.6390065625525069,71,0.8875,1493,8284586,0.8999999999999999,NaN
5801,9.0,2.0,0.6389925697681798,71,0.8875,1493,8299516,0.8999999999999999,NaN
5811,9.0,2.0,0.638979006288823,71,0.8875,1493,8314446,0.8999999999999999,NaN
5821,9.0,2.0,0.6389658429198175,71,0.8875,1493,8329376,0.8999999999999999,NaN
5831,9.0,2.0,0.6389530553611582,71,0.8875,1494,8344315,0.8999999999999999,NaN
5841,9.0,2.0,0.6389406334968333,71,0.8875,1494,8359255,0.8999999999999999,NaN
5851,9.0,2.0,0.6389285529215863,71,0.8875,1494,8374195,0.8999999999999999,NaN
5861,9.0,2.0,0.6389168070942008,71,0.8875,1494,8389135,0.8999999999999999,NaN
5871,9.0,2.0,0.638905371782381,71,0.8875,1495,8404082,0.8999999999999999,NaN
5881,9.0,2.0,0.6388942372387001,71,0.8875,1495,8419032,0.8999999999999999,NaN
5891,9.0,2.0,0.6388833840469036,71,0.8875,1495,8433982,0.8999999999999999,NaN
5901,9.0,2.0,0.532401885927149,70,0.875,1474,8448890,0.8999999999999999,NaN
5911,9.0,2.0,0.5218092456860434,70,0.875,1475,8463634,0.8999999999999999,NaN
5921,9.0,2.0,0.5198247070512376,70,0.875,1475,8478384,0.8999999999999999,NaN
5931,9.0,2.0,0.5188542542529498,70,0.875,1475,8493134,0.8999999999999999,NaN
5941,9.0,2.0,0.5182496394318277,70,0.875,1475,8507884,0.8999999999999999,NaN
5951,9.0,2.0,0.5178262035055894,70,0.875,1476,8522635,0.8999999999999999,NaN
5961,9.0,2.0,0.5175073644130206,70,0.875,1476,8537395,0.8999999999999999,NaN
5971,9.0,2.0,0.5172572382673064,70,0.875,1476,8552155,0.8999999999999999,NaN
5981,9.0,2.0,0.5170527547339303,70,0.875,1476,8566915,0.8999999999999999,NaN
5991,9.0,2.0,0.5168824719014901,70,0.875,1476,8581675,0.8999999999999999,NaN
6001,9.0,2.0,0.5167370174117205,70,0.875,1477,8596444,0.8999999999999999,NaN
6011,9.0,2.0,0.5166117963223793,70,0.875,1477,8611214,0.8999999999999999,NaN
6021,9.0,2.0,0.516501664595877,70,0.875,1477,8625984,0.8999999999999999,NaN
6031,9.0,2.0,0.5164039628614332,70,0.875,1477,8640754,0.8999999999999999,NaN
6041,9.0,2.0,0.5163165959477729,70,0.875,1478,8655530,0.8999999999999999,NaN
6051,9.0,2.0,0.5162378051523281,70,0.875,1478,8670310,0.8999999999999999,NaN
6061,9.0,2.0,0.5161660546393683,70,0.875,1478,8685090,0.8999999999999999,NaN
6071,9.0,2.0,0.51610060809617,70,0.875,1478,8699870,0.8999999999999999,NaN
6081,9.0,2.0,0.5160406653741187,70,0.875,1479,8714652,0.8999999999999999,NaN
6091,9.0,2.0,0.5159853204487114,70,0.875,1479,8729442,0.8999999999999999,NaN
6101,9.0,2.0,0.5159341418268883,70,0.875,1479,8744232,0.8999999999999999,NaN
6111,9.0,2.0,0.5158863479122306,70,0.875,1479,8759022,0.8999999999999999,NaN
6121,9.0,2.0,0.5158419148956843,70,0.875,1479,8773812,0.8999999999999999,NaN
6131,9.0,2.0,0.5158002339714474,70,0.875,1480,8788611,0.8999999999999999,NaN
6141,9.0,2.0,0.5157612113851403,70,0.875,1480,8803411,0.8999999999999999,NaN
6151,9.0,2.0,0.5157244310060107,70,0.875,1480,8818211,0.8999999999999999,NaN
6161,9.0,2.0,0.5156897018211436,70,0.875,1480,8833011,0.8999999999999999,NaN
6171,9.0,2.0,0.5156568222381093,70,0.875,1481,8847816,0.8999999999999999,NaN
6181,9.0,2.0,0.5156256689954806,70,0.875,1481,8862626,0.8999999999999999,NaN
6191,9.0,2.0,0.5155961191044396,70,0.875,1481,8877436,0.8999999999999999,NaN
6201,9.0,2.0,0.5155679943290562,70,0.875,1481,8892246,0.8999999999999999,NaN
6211,9.0,2.0,0.515541209935041,70,0.875,1482,8907057,0.8999999999999999,NaN
6221,9.0,2.0,0.5155155740718997,70,0.875,1482,8921877,0.8999999999999999,NaN
6231,9.0,2.0,0.5154910587420398,70,0.875,1482,8936697,0.8999999999999999,NaN
6241,9.0,2.0,0.5154676264123883,70,0.875,1482,8951517,0.8999999999999999,NaN
6251,9.0,2.0,0.515445163490059,70,0.875,1482,8966337,0.8999999999999999,NaN
6261,9.0,2.0,0.5154236043706957,70,0.875,1483,8981163,0.8999999999999999,NaN
6271,9.0,2.0,0.5154029596330273,70,0.875,1483,8995993,0.8999999999999999,NaN
6281,9.0,2.0,0.515383042917913,70,0.875,1483,9010823,0.8999999999999999,NaN
6291,9.0,2.0,0.5153638853324305,70,0.875,1483,9025653,0.8999999999999999,NaN
6301,9.0,2.0,0.5153454460825962,70,0.875,1484,9040484,0.8999999999999999,NaN
6311,9.0,2.0,0.515327621910763,70,0.875,1484,9055324,0.8999999999999999,NaN
6321,9.0,2.0,0.5153103686387115,70,0.875,1484,9070164,0.8999999999999999,NaN
6331,9.0,2.0,0.5152937305922745,70,0.875,1484,9085004,0.8999999999999999,NaN
6341,9.0,2.0,0.5152776719853962,70,0.875,1484,9099844,0.8999999999999999,NaN
6351,9.0,2.0,0.5152621003307305,70,0.875,1485,9114690,0.8999999999999999,NaN
6361,9.0,2.0,0.5152470196023986,70,0.875,1485,9129540,0.8999999999999999,NaN
6371,9.0,2.0,0.5152324267631814,70,0.875,1485,9144390,0.8999999999999999,NaN
6381,9.0,2.0,0.5152182792638764,70,0.875,1485,9159240,0.8999999999999999,NaN
6391,9.0,2.0,0.515204594996504,70,0.875,1486,9174091,0.8999999999999999,NaN
6401,9.0,2.0,0.5151912418390152,70,0.875,1486,9188951,0.8999999999999999,NaN
6411,9.0,2.0,0.5151782584162973,70,0.875,1486,9203811,0.8999999999999999,NaN
6421,9.0,2.0,0.5151656596272164,70,0.875,1486,9218671,0.8999999999999999,NaN
6431,9.0,2.0,0.5151533954759724,70,0.875,1486,9233531,0.8999999999999999,NaN
6441,9.0,2.0,0.5151414700117218,70,0.875,1487,9248396,0.8999999999999999,NaN
6451,9.0,2.0,0.515129817820677,70,0.875,1487,9263266,0.8999999999999999,NaN
6461,9.0,2.0,0.5151184832207085,70,0.875,1487,9278136,0.8999999999999999,NaN
6471,9.0,2.0,0.5151074404498585,70,0.875,1487,9293006,0.8999999999999999,NaN
6481,9.0,2.0,0.5150966782803921,70,0.875,1487,9307876,0.8999999999999999,NaN
6491,9.0,2.0,0.5150861679053224,70,0.875,1488,9322755,0.8999999999999999,NaN
6501,9.0,2.0,0.5150759175364565,70,0.875,1488,9337635,0.8999999999999999,NaN
6511,9.0,2.0,0.5150659175978618,70,0.875,1488,9352515,0.8999999999999999,NaN
6521,9.0,2.0,0.5150561495767698,70,0.875,1488,9367395,0.8999999999999999,NaN
6531,9.0,2.0,0.5150466029392231,70,0.875,1489,9382277,0.8999999999999999,NaN
6541,9.0,2.0,0.5150372896259124,70,0.875,1489,9397167,0.8999999999999999,NaN
6551,9.0,2.0,0.5150281589061458,70,0.875,1489,9412057,0.8999999999999999,NaN
6561,9.0,2.0,0.5150192258154261,70,0.875,1489,9426947,0.8999999999999999,NaN
6571,9.0,2.0,0.5150104887463025,70,0.875,1489,9441837,0.8999999999999999,NaN
6581,9.0,2.0,0.5150019635523805,70,0.875,1490,9456732,0.8999999999999999,NaN
6591,9.0,2.0,0.5149935859349404,70,0.875,1490,9471632,0.8999999999999999,NaN
6601,9.0,2.0,0.5149853752237272,70,0.875,1490,9486532,0.8999999999999999,NaN
6611,9.0,2.0,0.5149773440936628,70,0.875,1490,9501432,0.8999999999999999,NaN
6621,9.0,2.0,0.5149694763448803,70,0.875,1490,9516332,0.8999999999999999,NaN
6631,9.0,2.0,0.5149617568199076,70,0.875,1491,9531240,0.8999999999999999,NaN
6641,9.0,2.0,0.5149541788047959,70,0.875,1491,9546150,0.8999999999999999,NaN
6651,9.0,2.0,0.5149467541992558,70,0.875,1491,9561060,0.8999999999999999,NaN
6661,9.0,2.0,0.5149394902480023,70,0.875,1491,9575970,0.8999999999999999,NaN
6671,9.0,2.0,0.5149323396542922,70,0.875,1492,9590881,0.8999999999999999,NaN
6681,9.0,2.0,0.5149253091995825,70,0.875,1492,9605801,0.8999999999999999,NaN
6691,9.0,2.0,0.5149184286277166,70,0.875,1492,9620721,0.8999999999999999,NaN
6701,9.0,2.0,0.51491165805392,70,0.875,1492,9635641,0.8999999999999999,NaN
6711,9.0,2.0,0.5149050075159582,70,0.875,1492,9650561,0.8999999999999999,NaN
6721,9.0,2.0,0.5148984803515966,70,0.875,1493,9665484,0.8999999999999999,NaN
6731,9.0,2.0,0.5148920546690982,70,0.875,1493,9680414,0.8999999999999999,NaN
6741,9.0,2.0,0.5148857546204628,70,0.875,1493,9695344,0.8999999999999999,NaN
6751,9.0,2.0,0.5148795421063663,70,0.875,1493,9710274,0.8999999999999999,NaN
6761,9.0,2.0,0.5148734343563601,70,0.875,1493,9725204,0.8999999999999999,NaN
6771,9.0,2.0,0.51486743238644,70,0.875,1494,9740139,0.8999999999999999,NaN
6781,9.0,2.0,0.5148615332083332,70,0.875,1494,9755079,0.8999999999999999,NaN
6791,9.0,2.0,0.514855733512021,70,0.875,1494,9770019,0.8999999999999999,NaN
6801,9.0,2.0,0.5148500212067015,70,0.875,1494,9784959,0.8999999999999999,NaN
6811,9.0,2.0,0.5148443866766405,70,0.875,1494,9799899,0.8999999999999999,NaN
6821,9.0,2.0,0.5148388449197955,70,0.875,1495,9814845,0.8999999999999999,NaN
6831,9.0,2.0,0.5148333995932337,70,0.875,1495,9829795,0.8999999999999999,NaN
6841,9.0,2.0,0.5148280291441362,70,0.875,1495,9844745,0.8999999999999999,NaN
6851,9.0,2.0,0.5148227461065809,70,0.875,1495,9859695,0.8999999999999999,NaN
6861,9.0,2.0,0.5148175428261774,70,0.875,1495,9874645,0.8999999999999999,NaN
6871,9.0,2.0,0.5148124162907821,70,0.875,1496,9889602,0.8999999999999999,NaN
6881,9.0,2.0,0.5148073535405355,70,0.875,1496,9904562,0.8999999999999999,NaN
6891,9.0,2.0,0.5148023738530936,70,0.875,1496,9919522,0.8999999999999999,NaN
6901,9.0,2.0,0.5147974576112986,70,0.875,1496,9934482,0.8999999999999999,NaN
6911,9.0,2.0,0.5147926174273443,70,0.875,1496,9949442,0.8999999999999999,NaN
6921,9.0,2.0,0.5147878454092193,70,0.875,1497,9964410,0.8999999999999999,NaN
6931,9.0,2.0,0.5147831475641228,70,0.875,1497,9979380,0.8999999999999999,NaN
6941,9.0,2.0,0.5147784993051021,70,0.875,1497,9994350,0.8999999999999999,NaN
6951,9.0,2.0,0.5147739231577567,70,0.875,1497,10009320,0.8999999999999999,NaN
6961,9.0,2.0,0.5147694111127022,70,0.875,1497,10024290,0.8999999999999999,NaN
6971,9.0,2.0,0.514764958400328,70,0.875,1498,10039269,0.8999999999999999,NaN
6981,9.0,2.0,0.5147605522063923,70,0.875,1498,10054249,0.8999999999999999,NaN
6991,9.0,2.0,0.5147562080687755,70,0.875,1498,10069229,0.8999999999999999,NaN
7001,9.0,2.0,0.5147519236273949,70,0.875,1498,10084209,0.8999999999999999,NaN
7011,9.0,2.0,0.514747695672581,70,0.875,1498,10099189,0.8999999999999999,NaN
7021,9.0,2.0,0.514743514153485,70,0.875,1499,10114178,0.8999999999999999,NaN
7031,9.0,2.0,0.514739385942648,70,0.875,1499,10129168,0.8999999999999999,NaN
7041,9.0,2.0,0.5147353081883217,70,0.875,1499,10144158,0.8999999999999999,NaN
7051,9.0,2.0,0.5147312842604366,70,0.875,1499,10159148,0.8999999999999999,NaN
7061,9.0,2.0,0.5147273203607344,70,0.875,1499,10174138,0.8999999999999999,NaN
7071,9.0,2.0,0.5147233960227083,70,0.875,1500,10189136,0.8999999999999999,NaN
7081,9.0,2.0,0.5147195208716606,70,0.875,1500,10204136,0.8999999999999999,NaN
7091,9.0,2.0,0.5147156868297497,70,0.875,1500,10219136,0.8999999999999999,NaN
7101,9.0,2.0,0.5147118944162582,70,0.875,1500,10234136,0.8999999999999999,NaN
7111,9.0,2.0,0.5147081513394152,70,0.875,1500,10249136,0.8999999999999999,NaN
7121,9.0,2.0,0.5147044583869281,70,0.875,1501,10264144,0.8999999999999999,NaN
7131,9.0,2.0,0.5147008001145407,70,0.875,1501,10279154,0.8999999999999999,NaN
7141,9.0,2.0,0.5146971867073722,70,0.875,1501,10294164,0.8999999999999999,NaN
7151,9.0,2.0,0.5146936109053583,70,0.875,1501,10309174,0.8999999999999999,NaN
7161,9.0,2.0,0.5146900720950616,70,0.875,1501,10324184,0.8999999999999999,NaN
7171,9.0,2.0,0.514686579239444,70,0.875,1502,10339201,0.8999999999999999,NaN
7181,9.0,2.0,0.5146831291855369,70,0.875,1502,10354221,0.8999999999999999,NaN
7191,9.0,2.0,0.5146797095735262,70,0.875,1502,10369241,0.8999999999999999,NaN
7201,9.0,2.0,0.5146763366950314,70,0.875,1502,10384261,0.8999999999999999,NaN
7211,9.0,2.0,0.5146729928320599,70,0.875,1502,10399281,0.8999999999999999,NaN
7221,9.0,2.0,0.5146696817256389,70,0.875,1503,10414306,0.8999999999999999,NaN
7231,9.0,2.0,0.5146664121009021,70,0.875,1503,10429336,0.8999999999999999,NaN
7241,9.0,2.0,0.5146631758553952,70,0.875,1503,10444366,0.8999999999999999,NaN
7251,9.0,2.0,0.5146599789980353,70,0.875,1503,10459396,0.8999999999999999,NaN
7261,9.0,2.0,0.5146568103446773,70,0.875,1503,10474426,0.8999999999999999,NaN
7271,9.0,2.0,0.4360113950398034,69,0.8625,1482,10489438,0.8999999999999999,NaN
7281,9.0,2.0,0.4215302928921383,69,0.8625,1482,10504258,0.8999999999999999,NaN
7291,9.0,2.0,0.419711143215124,69,0.8625,1482,10519078,0.8999999999999999,NaN
7301,9.0,2.0,0.4188541565695082,69,0.8625,1483,10533907,0.8999999999999999,NaN
7311,9.0,2.0,0.41832877584140044,69,0.8625,1483,10548737,0.8999999999999999,NaN
7321,9.0,2.0,0.41796387828343373,69,0.8625,1483,10563567,0.8999999999999999,NaN
7331,9.0,2.0,0.4176911262065107,69,0.8625,1483,10578397,0.8999999999999999,NaN
7341,9.0,2.0,0.4174770040618599,69,0.8625,1483,10593227,0.8999999999999999,NaN
7351,9.0,2.0,0.41730293049509914,69,0.8625,1484,10608063,0.8999999999999999,NaN
7361,9.0,2.0,0.4171576861577728,69,0.8625,1484,10622903,0.8999999999999999,NaN
7371,9.0,2.0,0.417034056133045,69,0.8625,1484,10637743,0.8999999999999999,NaN
7381,9.0,2.0,0.4169271012313322,69,0.8625,1484,10652583,0.8999999999999999,NaN
7391,9.0,2.0,0.41683334071776007,69,0.8625,1484,10667423,0.8999999999999999,NaN
7401,9.0,2.0,0.41675021556010783,69,0.8625,1485,10682265,0.8999999999999999,NaN
7411,9.0,2.0,0.41667580639071533,69,0.8625,1485,10697115,0.8999999999999999,NaN
7421,9.0,2.0,0.41660867677273394,69,0.8625,1485,10711965,0.8999999999999999,NaN
7431,9.0,2.0,0.4165477046415151,69,0.8625,1485,10726815,0.8999999999999999,NaN
7441,9.0,2.0,0.4164919821739298,69,0.8625,1485,10741665,0.8999999999999999,NaN
7451,9.0,2.0,0.41644078257490785,69,0.8625,1485,10756515,0.8999999999999999,NaN
7461,9.0,2.0,0.41639349601550435,69,0.8625,1486,10771374,0.8999999999999999,NaN
7471,9.0,2.0,0.4163496414911664,69,0.8625,1486,10786234,0.8999999999999999,NaN
7481,9.0,2.0,0.41630883911541217,69,0.8625,1486,10801094,0.8999999999999999,NaN
7491,9.0,2.0,0.41627071680861005,69,0.8625,1486,10815954,0.8999999999999999,NaN
7501,9.0,2.0,0.41623500579774797,69,0.8625,1486,10830814,0.8999999999999999,NaN
7511,9.0,2.0,0.41620145396373776,69,0.8625,1487,10845678,0.8999999999999999,NaN
7521,9.0,2.0,0.4161698184468693,69,0.8625,1487,10860548,0.8999999999999999,NaN
7531,9.0,2.0,0.41613994058700615,69,0.8625,1487,10875418,0.8999999999999999,NaN
7541,9.0,2.0,0.41611167051524056,69,0.8625,1487,10890288,0.8999999999999999,NaN
7551,9.0,2.0,0.41608484825669567,69,0.8625,1487,10905158,0.8999999999999999,NaN
7561,9.0,2.0,0.4160593608370985,69,0.8625,1487,10920028,0.8999999999999999,NaN
7571,9.0,2.0,0.41603506725419603,69,0.8625,1488,10934908,0.8999999999999999,NaN
7581,9.0,2.0,0.4160119126333461,69,0.8625,1488,10949788,0.8999999999999999,NaN
7591,9.0,2.0,0.4159897954884989,69,0.8625,1488,10964668,0.8999999999999999,NaN
7601,9.0,2.0,0.41596864090633795,69,0.8625,1488,10979548,0.8999999999999999,NaN
7611,9.0,2.0,0.41594838196711603,69,0.8625,1488,10994428,0.8999999999999999,NaN
7621,9.0,2.0,0.4159289283080069,69,0.8625,1489,11009313,0.8999999999999999,NaN
7631,9.0,2.0,0.41591024540132376,69,0.8625,1489,11024203,0.8999999999999999,NaN
7641,9.0,2.0,0.4158922877984531,69,0.8625,1489,11039093,0.8999999999999999,NaN
7651,9.0,2.0,0.4158750090846829,69,0.8625,1489,11053983,0.8999999999999999,NaN
7661,9.0,2.0,0.4158583484962405,69,0.8625,1489,11068873,0.8999999999999999,NaN
7671,9.0,2.0,0.4158422878510484,69,0.8625,1489,11083763,0.8999999999999999,NaN
7681,9.0,2.0,0.41582677666838314,69,0.8625,1490,11098662,0.8999999999999999,NaN
7691,9.0,2.0,0.41581178070379804,69,0.8625,1490,11113562,0.8999999999999999,NaN
7701,9.0,2.0,0.4157972900572413,69,0.8625,1490,11128462,0.8999999999999999,NaN
7711,9.0,2.0,0.4157832727459758,69,0.8625,1490,11143362,0.8999999999999999,NaN
7721,9.0,2.0,0.41576969714418394,69,0.8625,1490,11158262,0.8999999999999999,NaN
7731,9.0,2.0,0.4157565434369124,69,0.8625,1491,11173166,0.8999999999999999,NaN
7741,9.0,2.0,0.41574376772163574,69,0.8625,1491,11188076,0.8999999999999999,NaN
7751,9.0,2.0,0.41573136958945733,69,0.8625,1491,11202986,0.8999999999999999,NaN
7761,9.0,2.0,0.41571933952731194,69,0.8625,1491,11217896,0.8999999999999999,NaN
7771,9.0,2.0,0.41570763113047926,69,0.8625,1491,11232806,0.8999999999999999,NaN
7781,9.0,2.0,0.41569626263006,69,0.8625,1491,11247716,0.8999999999999999,NaN
7791,9.0,2.0,0.4156851778252613,69,0.8625,1492,11262633,0.8999999999999999,NaN
7801,9.0,2.0,0.4156743952069113,69,0.8625,1492,11277553,0.8999999999999999,NaN
7811,9.0,2.0,0.41566389139472654,69,0.8625,1492,11292473,0.8999999999999999,NaN
7821,9.0,2.0,0.4156536567800904,69,0.8625,1492,11307393,0.8999999999999999,NaN
7831,9.0,2.0,0.41564369013081304,69,0.8625,1492,11322313,0.8999999999999999,NaN
7841,9.0,2.0,0.4156339631275607,69,0.8625,1493,11337234,0.8999999999999999,NaN
7851,9.0,2.0,0.41562447234874866,69,0.8625,1493,11352164,0.8999999999999999,NaN
7861,9.0,2.0,0.4156152088560927,69,0.8625,1493,11367094,0.8999999999999999,NaN
7871,9.0,2.0,0.41560615351205377,69,0.8625,1493,11382024,0.8999999999999999,NaN
7881,9.0,2.0,0.4155973074285759,69,0.8625,1493,11396954,0.8999999999999999,NaN
7891,9.0,2.0,0.4155886651416972,69,0.8625,1493,11411884,0.8999999999999999,NaN
7901,9.0,2.0,0.4155802078987237,69,0.8625,1494,11426818,0.8999999999999999,NaN
7911,9.0,2.0,0.41557192656962166,69,0.8625,1494,11441758,0.8999999999999999,NaN
7921,9.0,2.0,0.41556383449848155,69,0.8625,1494,11456698,0.8999999999999999,NaN
7931,9.0,2.0,0.41555590466322956,69,0.8625,1494,11471638,0.8999999999999999,NaN
7941,9.0,2.0,0.4155481439376708,69,0.8625,1494,11486578,0.8999999999999999,NaN
7951,9.0,2.0,0.41554054586820105,69,0.8625,1494,11501518,0.8999999999999999,NaN
7961,9.0,2.0,0.4155331003194621,69,0.8625,1495,11516464,0.8999999999999999,NaN
7971,9.0,2.0,0.41552579802039313,69,0.8625,1495,11531414,0.8999999999999999,NaN
7981,9.0,2.0,0.41551863699454533,69,0.8625,1495,11546364,0.8999999999999999,NaN
7991,9.0,2.0,0.41551161927485214,69,0.8625,1495,11561314,0.8999999999999999,NaN
8001,9.0,2.0,0.4155047287131982,69,0.8625,1495,11576264,0.8999999999999999,NaN
8011,9.0,2.0,0.41549797914372455,69,0.8625,1495,11591214,0.8999999999999999,NaN
8021,9.0,2.0,0.41549134964070944,69,0.8625,1496,11606172,0.8999999999999999,NaN
8031,9.0,2.0,0.4154848343270561,69,0.8625,1496,11621132,0.8999999999999999,NaN
8041,9.0,2.0,0.41547843862460015,69,0.8625,1496,11636092,0.8999999999999999,NaN
8051,9.0,2.0,0.41547215649788444,69,0.8625,1496,11651052,0.8999999999999999,NaN
8061,9.0,2.0,0.41546597848898126,69,0.8625,1496,11666012,0.8999999999999999,NaN
8071,9.0,2.0,0.4154599213884361,69,0.8625,1496,11680972,0.8999999999999999,NaN
8081,9.0,2.0,0.4154539514204309,69,0.8625,1497,11695942,0.8999999999999999,NaN
8091,9.0,2.0,0.41544809580588715,69,0.8625,1497,11710912,0.8999999999999999,NaN
8101,9.0,2.0,0.4154423409251712,69,0.8625,1497,11725882,0.8999999999999999,NaN
8111,9.0,2.0,0.4154366661120175,69,0.8625,1497,11740852,0.8999999999999999,NaN
8121,9.0,2.0,0.41543108756419755,69,0.8625,1497,11755822,0.8999999999999999,NaN
8131,9.0,2.0,0.41542559921746774,69,0.8625,1498,11770793,0.8999999999999999,NaN
8141,9.0,2.0,0.415420193602588,69,0.8625,1498,11785773,0.8999999999999999,NaN
8151,9.0,2.0,0.4154148796804845,69,0.8625,1498,11800753,0.8999999999999999,NaN
8161,9.0,2.0,0.41540964056821766,69,0.8625,1498,11815733,0.8999999999999999,NaN
8171,9.0,2.0,0.41540448958479487,69,0.8625,1498,11830713,0.8999999999999999,NaN
8181,9.0,2.0,0.41539941954800896,69,0.8625,1498,11845693,0.8999999999999999,NaN
8191,9.0,2.0,0.4153944138707665,69,0.8625,1499,11860675,0.8999999999999999,NaN
8201,9.0,2.0,0.4153894834335804,69,0.8625,1499,11875665,0.8999999999999999,NaN
8211,9.0,2.0,0.4153846216607815,69,0.8625,1499,11890655,0.8999999999999999,NaN
8221,9.0,2.0,0.41537984060819333,69,0.8625,1499,11905645,0.8999999999999999,NaN
8231,9.0,2.0,0.41537513245459656,69,0.8625,1499,11920635,0.8999999999999999,NaN
8241,9.0,2.0,0.4153704858926754,69,0.8625,1499,11935625,0.8999999999999999,NaN
8251,9.0,2.0,0.4153659024787385,69,0.8625,1500,11950618,0.8999999999999999,NaN
8261,9.0,2.0,0.4153613781479354,69,0.8625,1500,11965618,0.8999999999999999,NaN
8271,9.0,2.0,0.4153569212151279,69,0.8625,1500,11980618,0.8999999999999999,NaN
8281,9.0,2.0,0.4153525280950312,69,0.8625,1500,11995618,0.8999999999999999,NaN
8291,9.0,2.0,0.41534819462370776,69,0.8625,1500,12010618,0.8999999999999999,NaN
8301,9.0,2.0,0.41534391518592095,69,0.8625,1500,12025618,0.8999999999999999,NaN
8311,9.0,2.0,0.41533969298748225,69,0.8625,1501,12040621,0.8999999999999999,NaN
8321,9.0,2.0,0.41533551787797557,69,0.8625,1501,12055631,0.8999999999999999,NaN
8331,9.0,2.0,0.41533140212667663,69,0.8625,1501,12070641,0.8999999999999999,NaN
8341,9.0,2.0,0.4153273391267782,69,0.8625,1501,12085651,0.8999999999999999,NaN
8351,9.0,2.0,0.41532333021179485,69,0.8625,1501,12100661,0.8999999999999999,NaN
8361,9.0,2.0,0.41531936971506084,69,0.8625,1501,12115671,0.8999999999999999,NaN
8371,9.0,2.0,0.41531545339392995,69,0.8625,1502,12130683,0.8999999999999999,NaN
8381,9.0,2.0,0.4153115915428449,69,0.8625,1502,12145703,0.8999999999999999,NaN
8391,9.0,2.0,0.4153077806728218,69,0.8625,1502,12160723,0.8999999999999999,NaN
8401,9.0,2.0,0.4153040147722815,69,0.8625,1502,12175743,0.8999999999999999,NaN
8411,9.0,2.0,0.415300290680627,69,0.8625,1502,12190763,0.8999999999999999,NaN
8421,9.0,2.0,0.4152966146089244,69,0.8625,1502,12205783,0.8999999999999999,NaN
8431,9.0,2.0,0.4152929803087574,69,0.8625,1503,12220804,0.8999999999999999,NaN
8441,9.0,2.0,0.41528937899089396,69,0.8625,1503,12235834,0.8999999999999999,NaN
8451,9.0,2.0,0.4152858166835108,69,0.8625,1503,12250864,0.8999999999999999,NaN
8461,9.0,2.0,0.415282309236048,69,0.8625,1503,12265894,0.8999999999999999,NaN
8471,9.0,2.0,0.4152788403710077,69,0.8625,1503,12280924,0.8999999999999999,NaN
8481,9.0,2.0,0.41527540988522677,69,0.8625,1503,12295954,0.8999999999999999,NaN
8491,9.0,2.0,0.4152720137380636,69,0.8625,1503,12310984,0.8999999999999999,NaN
8501,9.0,2.0,0.4152686515573003,69,0.8625,1504,12326024,0.8999999999999999,NaN
8511,9.0,2.0,0.41526533032399715,69,0.8625,1504,12341064,0.8999999999999999,NaN
8521,9.0,2.0,0.4152620391196845,69,0.8625,1504,12356104,0.8999999999999999,NaN
8531,9.0,2.0,0.4152587896538306,69,0.8625,1504,12371144,0.8999999999999999,NaN
8541,9.0,2.0,0.41525557321421624,69,0.8625,1504,12386184,0.8999999999999999,NaN
8551,9.0,2.0,0.4152523980046574,69,0.8625,1504,12401224,0.8999999999999999,NaN
8561,9.0,2.0,0.41524925479247854,69,0.8625,1505,12416272,0.8999999999999999,NaN
8571,9.0,2.0,0.4152461336071088,69,0.8625,1505,12431322,0.8999999999999999,NaN
8581,9.0,2.0,0.41524305287110924,69,0.8625,1505,12446372,0.8999999999999999,NaN
8591,9.0,2.0,0.4152400070080513,69,0.8625,1505,12461422,0.8999999999999999,NaN
8601,9.0,2.0,0.4152369866024615,69,0.8625,1505,12476472,0.8999999999999999,NaN
8611,9.0,2.0,0.41523400211304234,69,0.8625,1505,12491522,0.8999999999999999,NaN
8621,9.0,2.0,0.41523104035869185,69,0.8625,1506,12506578,0.8999999999999999,NaN
8631,9.0,2.0,0.41522810464035037,69,0.8625,1506,12521638,0.8999999999999999,NaN
8641,9.0,2.0,0.4152252053246063,69,0.8625,1506,12536698,0.8999999999999999,NaN
8651,9.0,2.0,0.4152223344249693,69,0.8625,1506,12551758,0.8999999999999999,NaN
8661,9.0,2.0,0.4152194963297536,69,0.8625,1506,12566818,0.8999999999999999,NaN
8671,9.0,2.0,0.4152166869234728,69,0.8625,1506,12581878,0.8999999999999999,NaN
8681,9.0,2.0,0.4152138957618786,69,0.8625,1507,12596942,0.8999999999999999,NaN
8691,9.0,2.0,0.4152111398249164,69,0.8625,1507,12612012,0.8999999999999999,NaN
8701,9.0,2.0,0.4152083988216096,69,0.8625,1507,12627082,0.8999999999999999,NaN
8711,9.0,2.0,0.4152056903095221,69,0.8625,1507,12642152,0.8999999999999999,NaN
8721,9.0,2.0,0.41520299923494086,69,0.8625,1507,12657222,0.8999999999999999,NaN
8731,9.0,2.0,0.4152003385229223,69,0.8625,1507,12672292,0.8999999999999999,NaN
8741,9.0,2.0,0.41519770924874405,69,0.8625,1507,12687362,0.8999999999999999,NaN
8751,9.0,2.0,0.41519509701468404,69,0.8625,1508,12702442,0.8999999999999999,NaN
8761,9.0,2.0,0.41519250768213245,69,0.8625,1508,12717522,0.8999999999999999,NaN
8771,9.0,2.0,0.4151899390319246,69,0.8625,1508,12732602,0.8999999999999999,NaN
8781,9.0,2.0,0.4151873946809911,69,0.8625,1508,12747682,0.8999999999999999,NaN
8791,9.0,2.0,0.4151848701811803,69,0.8625,1508,12762762,0.8999999999999999,NaN
8801,9.0,2.0,0.41518237296433363,69,0.8625,1508,12777842,0.8999999999999999,NaN
8811,9.0,2.0,0.4151799068048101,69,0.8625,1509,12792929,0.8999999999999999,NaN
8821,9.0,2.0,0.41517745386623994,69,0.8625,1509,12808019,0.8999999999999999,NaN
8831,9.0,2.0,0.41517501735790485,69,0.8625,1509,12823109,0.8999999999999999,NaN
8841,9.0,2.0,0.4151726043284474,69,0.8625,1509,12838199,0.8999999999999999,NaN
8851,9.0,2.0,0.41517021432953943,69,0.8625,1509,12853289,0.8999999999999999,NaN
8861,9.0,2.0,0.41516784888078717,69,0.8625,1509,12868379,0.8999999999999999,NaN
8871,9.0,2.0,0.4151654900994333,69,0.8625,1510,12883472,0.8999999999999999,NaN
8881,9.0,2.0,0.4151631544046852,69,0.8625,1510,12898572,0.8999999999999999,NaN
8891,9.0,2.0,0.4151608433810914,69,0.8625,1510,12913672,0.8999999999999999,NaN
8901,9.0,2.0,0.41515855698531856,69,0.8625,1510,12928772,0.8999999999999999,NaN
8911,9.0,2.0,0.4151562858548499,69,0.8625,1510,12943872,0.8999999999999999,NaN
8921,9.0,2.0,0.4151540285219095,69,0.8625,1510,12958972,0.8999999999999999,NaN
8931,9.0,2.0,0.41515178644576356,69,0.8625,1510,12974072,0.8999999999999999,NaN
8941,9.0,2.0,0.4151495763536839,69,0.8625,1511,12989180,0.8999999999999999,NaN
8951,9.0,2.0,0.4151473715539168,69,0.8625,1511,13004290,0.8999999999999999,NaN
8961,9.0,2.0,0.4151451945123741,69,0.8625,1511,13019400,0.8999999999999999,NaN
8971,9.0,2.0,0.4151430336103486,69,0.8625,1511,13034510,0.8999999999999999,NaN
8981,9.0,2.0,0.41514088671504695,69,0.8625,1511,13049620,0.8999999999999999,NaN
8991,9.0,2.0,0.41513876448810993,69,0.8625,1511,13064730,0.8999999999999999,NaN
9001,9.0,2.0,0.4151366539403239,69,0.8625,1512,13079843,0.8999999999999999,NaN
9011,9.0,2.0,0.41513456041785995,69,0.8625,1512,13094963,0.8999999999999999,NaN
9021,9.0,2.0,0.4151324837639911,69,0.8625,1512,13110083,0.8999999999999999,NaN
9031,9.0,2.0,0.41513041163304515,69,0.8625,1512,13125203,0.8999999999999999,NaN
9041,9.0,2.0,0.41512835856028146,69,0.8625,1512,13140323,0.8999999999999999,NaN
9051,9.0,2.0,0.4151263267915655,69,0.8625,1512,13155443,0.8999999999999999,NaN
9061,9.0,2.0,0.4151243094381215,69,0.8625,1512,13170563,0.8999999999999999,NaN
9071,9.0,2.0,0.41512230165064257,69,0.8625,1513,13185691,0.8999999999999999,NaN
9081,9.0,2.0,0.4151203132823408,69,0.8625,1513,13200821,0.8999999999999999,NaN
9091,9.0,2.0,0.41511834291228844,69,0.8625,1513,13215951,0.8999999999999999,NaN
9101,9.0,2.0,0.41511638772927206,69,0.8625,1513,13231081,0.8999999999999999,NaN
9111,9.0,2.0,0.4151144527625408,69,0.8625,1513,13246211,0.8999999999999999,NaN
9121,9.0,2.0,0.4151125251595823,69,0.8625,1513,13261341,0.8999999999999999,NaN
9131,9.0,2.0,0.4151106058674808,69,0.8625,1514,13276473,0.8999999999999999,NaN
9141,9.0,2.0,0.4151086981319966,69,0.8625,1514,13291613,0.8999999999999999,NaN
9151,9.0,2.0,0.41510680615167705,69,0.8625,1514,13306753,0.8999999999999999,NaN
9161,9.0,2.0,0.41510492890657186,69,0.8625,1514,13321893,0.8999999999999999,NaN
9171,9.0,2.0,0.4151030720650376,69,0.8625,1514,13337033,0.8999999999999999,NaN
9181,9.0,2.0,0.4151012275411148,69,0.8625,1514,13352173,0.8999999999999999,NaN
9191,9.0,2.0,0.41509939408380714,69,0.8625,1514,13367313,0.8999999999999999,NaN
9201,9.0,2.0,0.415097568708091,69,0.8625,1515,13382459,0.8999999999999999,NaN
9211,9.0,2.0,0.4150957585312424,69,0.8625,1515,13397609,0.8999999999999999,NaN
9221,9.0,2.0,0.415093965719975,69,0.8625,1515,13412759,0.8999999999999999,NaN
9231,9.0,2.0,0.4150921855294426,69,0.8625,1515,13427909,0.8999999999999999,NaN
9241,9.0,2.0,0.4150904105893084,69,0.8625,1515,13443059,0.8999999999999999,NaN
9251,9.0,2.0,0.4150886460318972,69,0.8625,1515,13458209,0.8999999999999999,NaN
9261,9.0,2.0,0.41508689004907734,69,0.8625,1515,13473359,0.8999999999999999,NaN
9271,9.0,2.0,0.41508515032012694,69,0.8625,1516,13488518,0.8999999999999999,NaN
9281,9.0,2.0,0.415083425265652,69,0.8625,1516,13503678,0.8999999999999999,NaN
9291,9.0,2.0,0.41508170712247444,69,0.8625,1516,13518838,0.8999999999999999,NaN
9301,9.0,2.0,0.4150800050197757,69,0.8625,1516,13533998,0.8999999999999999,NaN
9311,9.0,2.0,0.41507830812172636,69,0.8625,1516,13549158,0.8999999999999999,NaN
9321,9.0,2.0,0.4150766282760093,69,0.8625,1516,13564318,0.8999999999999999,NaN
9331,9.0,2.0,0.4150749605874727,69,0.8625,1517,13579479,0.8999999999999999,NaN
9341,9.0,2.0,0.4150733098164781,69,0.8625,1517,13594649,0.8999999999999999,NaN
9351,9.0,2.0,0.4150716628490235,69,0.8625,1517,13609819,0.8999999999999999,NaN
9361,9.0,2.0,0.41507002384817,69,0.8625,1517,13624989,0.8999999999999999,NaN
9371,9.0,2.0,0.415068398612504,69,0.8625,1517,13640159,0.8999999999999999,NaN
9381,9.0,2.0,0.41506678554933024,69,0.8625,1517,13655329,0.8999999999999999,NaN
9391,9.0,2.0,0.41506518097857253,69,0.8625,1517,13670499,0.8999999999999999,NaN
9401,9.0,2.0,0.415063585896194,69,0.8625,1518,13685672,0.8999999999999999,NaN
9411,9.0,2.0,0.41506200265762444,69,0.8625,1518,13700852,0.8999999999999999,NaN
9421,9.0,2.0,0.4150604278249145,69,0.8625,1518,13716032,0.8999999999999999,NaN
9431,9.0,2.0,0.41505886152199134,69,0.8625,1518,13731212,0.8999999999999999,NaN
9441,9.0,2.0,0.41505730882791003,69,0.8625,1518,13746392,0.8999999999999999,NaN
9451,9.0,2.0,0.3250042898459636,68,0.85,1496,13761462,0.8999999999999999,NaN
9461,9.0,2.0,0.3209665425502285,68,0.85,1496,13776422,0.8999999999999999,NaN
9471,9.0,2.0,0.31969281954407436,68,0.85,1497,13791387,0.8999999999999999,NaN
9481,9.0,2.0,0.31900655358186236,68,0.85,1497,13806357,0.8999999999999999,NaN
9491,9.0,2.0,0.3185605782899291,68,0.85,1497,13821327,0.8999999999999999,NaN
9501,9.0,2.0,0.3182406298339297,68,0.85,1497,13836297,0.8999999999999999,NaN
9511,9.0,2.0,0.3179964411217041,68,0.85,1497,13851267,0.8999999999999999,NaN
9521,9.0,2.0,0.31780194313544996,68,0.85,1497,13866237,0.8999999999999999,NaN
9531,9.0,2.0,0.31764227353882907,68,0.85,1497,13881207,0.8999999999999999,NaN
9541,9.0,2.0,0.3175079818631287,68,0.85,1498,13896182,0.8999999999999999,NaN
9551,9.0,2.0,0.31739297039969355,68,0.85,1498,13911162,0.8999999999999999,NaN
9561,9.0,2.0,0.317293003006996,68,0.85,1498,13926142,0.8999999999999999,NaN
9571,9.0,2.0,0.3172050529881885,68,0.85,1498,13941122,0.8999999999999999,NaN
9581,9.0,2.0,0.3171268619791933,68,0.85,1498,13956102,0.8999999999999999,NaN
9591,9.0,2.0,0.3170567344511979,68,0.85,1498,13971082,0.8999999999999999,NaN
9601,9.0,2.0,0.31699336106100895,68,0.85,1498,13986062,0.8999999999999999,NaN
9611,9.0,2.0,0.316935692814147,68,0.85,1499,14001047,0.8999999999999999,NaN
9621,9.0,2.0,0.3168828939037685,68,0.85,1499,14016037,0.8999999999999999,NaN
9631,9.0,2.0,0.31683434857524484,68,0.85,1499,14031027,0.8999999999999999,NaN
9641,9.0,2.0,0.31678948651309885,68,0.85,1499,14046017,0.8999999999999999,NaN
9651,9.0,2.0,0.3167478767861377,68,0.85,1499,14061007,0.8999999999999999,NaN
9661,9.0,2.0,0.31670913435940634,68,0.85,1499,14075997,0.8999999999999999,NaN
9671,9.0,2.0,0.31667292177769824,68,0.85,1499,14090987,0.8999999999999999,NaN
9681,9.0,2.0,0.3166389679833133,68,0.85,1500,14105981,0.8999999999999999,NaN
9691,9.0,2.0,0.31660706140314054,68,0.85,1500,14120981,0.8999999999999999,NaN
9701,9.0,2.0,0.31657700548385076,68,0.85,1500,14135981,0.8999999999999999,NaN
9711,9.0,2.0,0.31654861072751694,68,0.85,1500,14150981,0.8999999999999999,NaN
9721,9.0,2.0,0.3165217387411837,68,0.85,1500,14165981,0.8999999999999999,NaN
9731,9.0,2.0,0.3164962526489429,68,0.85,1500,14180981,0.8999999999999999,NaN
9741,9.0,2.0,0.31647203588765727,68,0.85,1500,14195981,0.8999999999999999,NaN
9751,9.0,2.0,0.3164489850486582,68,0.85,1501,14210983,0.8999999999999999,NaN
9761,9.0,2.0,0.31642698171053046,68,0.85,1501,14225993,0.8999999999999999,NaN
9771,9.0,2.0,0.3164059730216775,68,0.85,1501,14241003,0.8999999999999999,NaN
9781,9.0,2.0,0.31638587370890603,68,0.85,1501,14256013,0.8999999999999999,NaN
9791,9.0,2.0,0.3163666306003223,68,0.85,1501,14271023,0.8999999999999999,NaN
9801,9.0,2.0,0.3163481878555803,68,0.85,1501,14286033,0.8999999999999999,NaN
9811,9.0,2.0,0.31633046747677557,68,0.85,1501,14301043,0.8999999999999999,NaN
9821,9.0,2.0,0.31631344307740866,68,0.85,1502,14316054,0.8999999999999999,NaN
9831,9.0,2.0,0.3162970462982284,68,0.85,1502,14331074,0.8999999999999999,NaN
9841,9.0,2.0,0.3162812527544602,68,0.85,1502,14346094,0.8999999999999999,NaN
9851,9.0,2.0,0.31626602246273333,68,0.85,1502,14361114,0.8999999999999999,NaN
9861,9.0,2.0,0.3162513291371729,68,0.85,1502,14376134,0.8999999999999999,NaN
9871,9.0,2.0,0.316237147998845,68,0.85,1502,14391154,0.8999999999999999,NaN
9881,9.0,2.0,0.3162234275376224,68,0.85,1502,14406174,0.8999999999999999,NaN
9891,9.0,2.0,0.3162101538653986,68,0.85,1502,14421194,0.8999999999999999,NaN
9901,9.0,2.0,0.31619730425768394,68,0.85,1503,14436222,0.8999999999999999,NaN
9911,9.0,2.0,0.31618483427080124,68,0.85,1503,14451252,0.8999999999999999,NaN
9921,9.0,2.0,0.3161727665682993,68,0.85,1503,14466282,0.8999999999999999,NaN
9931,9.0,2.0,0.3161610531861852,68,0.85,1503,14481312,0.8999999999999999,NaN
9941,9.0,2.0,0.3161496634411207,68,0.85,1503,14496342,0.8999999999999999,NaN
9951,9.0,2.0,0.3161386123910624,68,0.85,1503,14511372,0.8999999999999999,NaN
9961,9.0,2.0,0.31612786433207996,68,0.85,1503,14526402,0.8999999999999999,NaN
9971,9.0,2.0,0.3161174248495128,68,0.85,1504,14541437,0.8999999999999999,NaN
9981,9.0,2.0,0.31610724657356515,68,0.85,1504,14556477,0.8999999999999999,NaN
9991,9.0,2.0,0.3160973580885388,68,0.85,1504,14571517,0.8999999999999999,NaN
10001,9.0,2.0,0.3160877095329182,68,0.85,1504,14586557,0.8999999999999999,NaN
10011,9.0,2.0,0.3160783183794991,68,0.85,1504,14601597,0.8999999999999999,NaN
10021,9.0,2.0,0.3160691519636527,68,0.85,1504,14616637,0.8999999999999999,NaN
10031,9.0,2.0,0.31606020470703167,68,0.85,1504,14631677,0.8999999999999999,NaN
10041,9.0,2.0,0.31605146693645575,68,0.85,1505,14646718,0.8999999999999999,NaN
10051,9.0,2.0,0.3160429568895452,68,0.85,1505,14661768,0.8999999999999999,NaN
10061,9.0,2.0,0.3160346334869394,68,0.85,1505,14676818,0.8999999999999999,NaN
10071,9.0,2.0,0.3160264976116199,68,0.85,1505,14691868,0.8999999999999999,NaN
10081,9.0,2.0,0.3160185510271337,68,0.85,1505,14706918,0.8999999999999999,NaN
10091,9.0,2.0,0.31601076870743666,68,0.85,1505,14721968,0.8999999999999999,NaN
10101,9.0,2.0,0.3160031512336106,68,0.85,1505,14737018,0.8999999999999999,NaN
10111,9.0,2.0,0.3159957021378067,68,0.85,1505,14752068,0.8999999999999999,NaN
10121,9.0,2.0,0.3159884083309307,68,0.85,1506,14767125,0.8999999999999999,NaN
10131,9.0,2.0,0.3159812695302869,68,0.85,1506,14782185,0.8999999999999999,NaN
10141,9.0,2.0,0.31597427322460325,68,0.85,1506,14797245,0.8999999999999999,NaN
10151,9.0,2.0,0.3159674107573237,68,0.85,1506,14812305,0.8999999999999999,NaN
10161,9.0,2.0,0.3159606746106888,68,0.85,1506,14827365,0.8999999999999999,NaN
10171,9.0,2.0,0.3159540883597357,68,0.85,1506,14842425,0.8999999999999999,NaN
10181,9.0,2.0,0.31594763421749505,68,0.85,1506,14857485,0.8999999999999999,NaN
10191,9.0,2.0,0.3159413016113911,68,0.85,1507,14872548,0.8999999999999999,NaN
10201,9.0,2.0,0.31593507764128964,68,0.85,1507,14887618,0.8999999999999999,NaN
10211,9.0,2.0,0.315928980024078,68,0.85,1507,14902688,0.8999999999999999,NaN
10221,9.0,2.0,0.31592298481122516,68,0.85,1507,14917758,0.8999999999999999,NaN
10231,9.0,2.0,0.3159170952452873,68,0.85,1507,14932828,0.8999999999999999,NaN
10241,9.0,2.0,0.31591132267237565,68,0.85,1507,14947898,0.8999999999999999,NaN
10251,9.0,2.0,0.31590564287172573,68,0.85,1507,14962968,0.8999999999999999,NaN
10261,9.0,2.0,0.315900068270492,68,0.85,1507,14978038,0.8999999999999999,NaN
10271,9.0,2.0,0.3158945799142428,68,0.85,1508,14993116,0.8999999999999999,NaN
10281,9.0,2.0,0.3158891803833268,68,0.85,1508,15008196,0.8999999999999999,NaN
10291,9.0,2.0,0.31588388222409397,68,0.85,1508,15023276,0.8999999999999999,NaN
10301,9.0,2.0,0.3158786711556507,68,0.85,1508,15038356,0.8999999999999999,NaN
10311,9.0,2.0,0.3158735514767954,68,0.85,1508,15053436,0.8999999999999999,NaN
10321,9.0,2.0,0.31586850184690435,68,0.85,1508,15068516,0.8999999999999999,NaN
10331,9.0,2.0,0.3158635247074866,68,0.85,1508,15083596,0.8999999999999999,NaN
10341,9.0,2.0,0.3158586364975452,68,0.85,1509,15098678,0.8999999999999999,NaN
10351,9.0,2.0,0.3158538111289425,68,0.85,1509,15113768,0.8999999999999999,NaN
10361,9.0,2.0,0.3158490575992749,68,0.85,1509,15128858,0.8999999999999999,NaN
10371,9.0,2.0,0.3158443811602432,68,0.85,1509,15143948,0.8999999999999999,NaN
10381,9.0,2.0,0.3158397763329886,68,0.85,1509,15159038,0.8999999999999999,NaN
10391,9.0,2.0,0.3158352445827587,68,0.85,1509,15174128,0.8999999999999999,NaN
10401,9.0,2.0,0.3158307769872556,68,0.85,1509,15189218,0.8999999999999999,NaN
10411,9.0,2.0,0.3158263746655308,68,0.85,1509,15204308,0.8999999999999999,NaN
10421,9.0,2.0,0.31582203570140704,68,0.85,1510,15219403,0.8999999999999999,NaN
10431,9.0,2.0,0.31581775527773986,68,0.85,1510,15234503,0.8999999999999999,NaN
10441,9.0,2.0,0.3158135369854448,68,0.85,1510,15249603,0.8999999999999999,NaN
10451,9.0,2.0,0.31580937878322074,68,0.85,1510,15264703,0.8999999999999999,NaN
10461,9.0,2.0,0.31580527627996874,68,0.85,1510,15279803,0.8999999999999999,NaN
10471,9.0,2.0,0.31580122865982235,68,0.85,1510,15294903,0.8999999999999999,NaN
10481,9.0,2.0,0.31579723454185793,68,0.85,1510,15310003,0.8999999999999999,NaN
10491,9.0,2.0,0.31579329019449665,68,0.85,1510,15325103,0.8999999999999999,NaN
10501,9.0,2.0,0.3157894031748647,68,0.85,1511,15340212,0.8999999999999999,NaN
10511,9.0,2.0,0.31578556444955913,68,0.85,1511,15355322,0.8999999999999999,NaN
10521,9.0,2.0,0.31578178178508065,68,0.85,1511,15370432,0.8999999999999999,NaN
10531,9.0,2.0,0.31577804017830297,68,0.85,1511,15385542,0.8999999999999999,NaN
10541,9.0,2.0,0.31577434770936974,68,0.85,1511,15400652,0.8999999999999999,NaN
10551,9.0,2.0,0.3157707011478333,68,0.85,1511,15415762,0.8999999999999999,NaN
10561,9.0,2.0,0.31576710210775494,68,0.85,1511,15430872,0.8999999999999999,NaN
10571,9.0,2.0,0.31576354550479824,68,0.85,1512,15445983,0.8999999999999999,NaN
10581,9.0,2.0,0.3157600297492621,68,0.85,1512,15461103,0.8999999999999999,NaN
10591,9.0,2.0,0.315756560571966,68,0.85,1512,15476223,0.8999999999999999,NaN
10601,9.0,2.0,0.31575312799779914,68,0.85,1512,15491343,0.8999999999999999,NaN
10611,9.0,2.0,0.31574973845928894,68,0.85,1512,15506463,0.8999999999999999,NaN
10621,9.0,2.0,0.31574638883085526,68,0.85,1512,15521583,0.8999999999999999,NaN
10631,9.0,2.0,0.31574308051704214,68,0.85,1512,15536703,0.8999999999999999,NaN
10641,9.0,2.0,0.31573981071201807,68,0.85,1512,15551823,0.8999999999999999,NaN
10651,9.0,2.0,0.31573657609773587,68,0.85,1513,15566946,0.8999999999999999,NaN
10661,9.0,2.0,0.3157333791538748,68,0.85,1513,15582076,0.8999999999999999,NaN
10671,9.0,2.0,0.31573021683030145,68,0.85,1513,15597206,0.8999999999999999,NaN
10681,9.0,2.0,0.31572709564631846,68,0.85,1513,15612336,0.8999999999999999,NaN
10691,9.0,2.0,0.31572400667269485,68,0.85,1513,15627466,0.8999999999999999,NaN
10701,9.0,2.0,0.3157209503967381,68,0.85,1513,15642596,0.8999999999999999,NaN
10711,9.0,2.0,0.31571792952335576,68,0.85,1513,15657726,0.8999999999999999,NaN
10721,9.0,2.0,0.3157149362099699,68,0.85,1513,15672856,0.8999999999999999,NaN
10731,9.0,2.0,0.31571197475334256,68,0.85,1514,15687991,0.8999999999999999,NaN
10741,9.0,2.0,0.3157090397759293,68,0.85,1514,15703131,0.8999999999999999,NaN
10751,9.0,2.0,0.315706144115817,68,0.85,1514,15718271,0.8999999999999999,NaN
10761,9.0,2.0,0.3157032749458271,68,0.85,1514,15733411,0.8999999999999999,NaN
10771,9.0,2.0,0.315700429460362,68,0.85,1514,15748551,0.8999999999999999,NaN
10781,9.0,2.0,0.31569762238764304,68,0.85,1514,15763691,0.8999999999999999,NaN
10791,9.0,2.0,0.3156948459952714,68,0.85,1514,15778831,0.8999999999999999,NaN
10801,9.0,2.0,0.31569209865284653,68,0.85,1514,15793971,0.8999999999999999,NaN
10811,9.0,2.0,0.315689373900478,68,0.85,1515,15809116,0.8999999999999999,NaN
10821,9.0,2.0,0.3156866720777434,68,0.85,1515,15824266,0.8999999999999999,NaN
10831,9.0,2.0,0.3156840014797309,68,0.85,1515,15839416,0.8999999999999999,NaN
10841,9.0,2.0,0.3156813593472591,68,0.85,1515,15854566,0.8999999999999999,NaN
10851,9.0,2.0,0.3156787360741621,68,0.85,1515,15869716,0.8999999999999999,NaN
10861,9.0,2.0,0.31567614271258243,68,0.85,1515,15884866,0.8999999999999999,NaN
10871,9.0,2.0,0.31567356737721497,68,0.85,1515,15900016,0.8999999999999999,NaN
10881,9.0,2.0,0.3156710278448738,68,0.85,1515,15915166,0.8999999999999999,NaN
10891,9.0,2.0,0.3156685047007856,68,0.85,1516,15930322,0.8999999999999999,NaN
10901,9.0,2.0,0.31566600933462363,68,0.85,1516,15945482,0.8999999999999999,NaN
10911,9.0,2.0,0.31566354136749225,68,0.85,1516,15960642,0.8999999999999999,NaN
10921,9.0,2.0,0.3156610862657009,68,0.85,1516,15975802,0.8999999999999999,NaN
10931,9.0,2.0,0.31565866828692835,68,0.85,1516,15990962,0.8999999999999999,NaN
10941,9.0,2.0,0.3156562666374117,68,0.85,1516,16006122,0.8999999999999999,NaN
10951,9.0,2.0,0.31565388793833044,68,0.85,1516,16021282,0.8999999999999999,NaN
10961,9.0,2.0,0.3156515267772376,68,0.85,1516,16036442,0.8999999999999999,NaN
10971,9.0,2.0,0.3156491896104459,68,0.85,1517,16051607,0.8999999999999999,NaN
10981,9.0,2.0,0.31564687138410996,68,0.85,1517,16066777,0.8999999999999999,NaN
10991,9.0,2.0,0.3156445749847672,68,0.85,1517,16081947,0.8999999999999999,NaN
11001,9.0,2.0,0.31564229802016547,68,0.85,1517,16097117,0.8999999999999999,NaN
11011,9.0,2.0,0.3156400383198872,68,0.85,1517,16112287,0.8999999999999999,NaN
11021,9.0,2.0,0.31563780267507935,68,0.85,1517,16127457,0.8999999999999999,NaN
11031,9.0,2.0,0.31563558080453097,68,0.85,1517,16142627,0.8999999999999999,NaN
11041,9.0,2.0,0.3156333875561291,68,0.85,1517,16157797,0.8999999999999999,NaN
11051,9.0,2.0,0.3156312059151734,68,0.85,1518,16172971,0.8999999999999999,NaN
11061,9.0,2.0,0.3156290506097127,68,0.85,1518,16188151,0.8999999999999999,NaN
11071,9.0,2.0,0.31562689779171016,68,0.85,1518,16203331,0.8999999999999999,NaN
11081,9.0,2.0,0.3156247678344727,68,0.85,1518,16218511,0.8999999999999999,NaN
11091,9.0,2.0,0.3156226649377213,68,0.85,1518,16233691,0.8999999999999999,NaN
11101,9.0,2.0,0.3156205819091318,68,0.85,1518,16248871,0.8999999999999999,NaN
11111,9.0,2.0,0.31561850726052476,68,0.85,1518,16264051,0.8999999999999999,NaN
11121,9.0,2.0,0.3156164576759953,68,0.85,1518,16279231,0.8999999999999999,NaN
11131,9.0,2.0,0.3156144105232846,68,0.85,1519,16294414,0.8999999999999999,NaN
11141,9.0,2.0,0.3156123815191051,68,0.85,1519,16309604,0.8999999999999999,NaN
11151,9.0,2.0,0.3156103659147236,68,0.85,1519,16324794,0.8999999999999999,NaN
11161,9.0,2.0,0.3156083708166811,68,0.85,1519,16339984,0.8999999999999999,NaN
11171,9.0,2.0,0.31560639267220714,68,0.85,1519,16355174,0.8999999999999999,NaN
11181,9.0,2.0,0.3156044291493941,68,0.85,1519,16370364,0.8999999999999999,NaN
11191,9.0,2.0,0.31560247235775274,68,0.85,1519,16385554,0.8999999999999999,NaN
11201,9.0,2.0,0.3156005428933787,68,0.85,1519,16400744,0.8999999999999999,NaN
11211,9.0,2.0,0.3155986231649546,68,0.85,1520,16415935,0.8999999999999999,NaN
11221,9.0,2.0,0.3155967178400451,68,0.85,1520,16431135,0.8999999999999999,NaN
11231,9.0,2.0,0.3155948346513805,68,0.85,1520,16446335,0.8999999999999999,NaN
11241,9.0,2.0,0.31559296262340614,68,0.85,1520,16461535,0.8999999999999999,NaN
11251,9.0,2.0,0.3155910994825304,68,0.85,1520,16476735,0.8999999999999999,NaN
11261,9.0,2.0,0.31558924868551697,68,0.85,1520,16491935,0.8999999999999999,NaN
11271,9.0,2.0,0.31558741569054877,68,0.85,1520,16507135,0.8999999999999999,NaN
11281,9.0,2.0,0.31558559698253924,68,0.85,1520,16522335,0.8999999999999999,NaN
11291,9.0,2.0,0.3155837897509194,68,0.85,1520,16537535,0.8999999999999999,NaN
11301,9.0,2.0,0.31558199907889795,68,0.85,1521,16552743,0.8999999999999999,NaN
11311,9.0,2.0,0.3155802182960069,68,0.85,1521,16567953,0.8999999999999999,NaN
11321,9.0,2.0,0.3155784499529327,68,0.85,1521,16583163,0.8999999999999999,NaN
11331,9.0,2.0,0.3155766946025969,68,0.85,1521,16598373,0.8999999999999999,NaN
11341,9.0,2.0,0.31557494879025716,68,0.85,1521,16613583,0.8999999999999999,NaN
11351,9.0,2.0,0.3155732160100996,68,0.85,1521,16628793,0.8999999999999999,NaN
11361,9.0,2.0,0.31557149598175693,68,0.85,1521,16644003,0.8999999999999999,NaN
11371,9.0,2.0,0.315569784187538,68,0.85,1521,16659213,0.8999999999999999,NaN
11381,9.0,2.0,0.31556809023697363,68,0.85,1522,16674428,0.8999999999999999,NaN
11391,9.0,2.0,0.3155664014863016,68,0.85,1522,16689648,0.8999999999999999,NaN
11401,9.0,2.0,0.31556472849281836,68,0.85,1522,16704868,0.8999999999999999,NaN
11411,9.0,2.0,0.31556306173644455,68,0.85,1522,16720088,0.8999999999999999,NaN
11421,9.0,2.0,0.31556140876980937,68,0.85,1522,16735308,0.8999999999999999,NaN
11431,9.0,2.0,0.31555977064579616,68,0.85,1522,16750528,0.8999999999999999,NaN
11441,9.0,2.0,0.3155581488808162,68,0.85,1522,16765748,0.8999999999999999,NaN
11451,9.0,2.0,0.315556535458165,68,0.85,1522,16780968,0.8999999999999999,NaN
11461,9.0,2.0,0.3155549315464997,68,0.85,1523,16796189,0.8999999999999999,NaN
11471,9.0,2.0,0.31555334177528466,68,0.85,1523,16811419,0.8999999999999999,NaN
11481,9.0,2.0,0.31555175745365777,68,0.85,1523,16826649,0.8999999999999999,NaN
11491,9.0,2.0,0.3155501886110509,68,0.85,1523,16841879,0.8999999999999999,NaN
11501,9.0,2.0,0.31554862116207666,68,0.85,1523,16857109,0.8999999999999999,NaN
11511,9.0,2.0,0.31554707618930433,68,0.85,1523,16872339,0.8999999999999999,NaN
11521,9.0,2.0,0.31554553531511886,68,0.85,1523,16887569,0.8999999999999999,NaN
11531,9.0,2.0,0.3155439991190831,68,0.85,1523,16902799,0.8999999999999999,NaN
11541,9.0,2.0,0.3155424799210452,68,0.85,1523,16918029,0.8999999999999999,NaN
11551,9.0,2.0,0.31554096332801784,68,0.85,1524,16933265,0.8999999999999999,NaN
11561,9.0,2.0,0.31553945884215295,68,0.85,1524,16948505,0.8999999999999999,NaN
11571,9.0,2.0,0.3155379659877834,68,0.85,1524,16963745,0.8999999999999999,NaN
11581,9.0,2.0,0.3155364869089032,68,0.85,1524,16978985,0.8999999999999999,NaN
11591,9.0,2.0,0.3155350115135133,68,0.85,1524,16994225,0.8999999999999999,NaN
11601,9.0,2.0,0.31553354994998684,68,0.85,1524,17009465,0.8999999999999999,NaN
11611,9.0,2.0,0.22399971102068342,67,0.8375,1502,17024551,0.10000000000000003,NaN
11621,9.0,2.0,0.22109183841119973,67,0.8375,1502,17039571,0.10000000000000003,NaN
11631,9.0,2.0,0.21999487811987248,67,0.8375,1502,17054591,0.10000000000000003,NaN
11641,9.0,2.0,0.21937367882297326,67,0.8375,1502,17069611,0.10000000000000003,NaN
11651,9.0,2.0,0.21896005969022325,67,0.8375,1502,17084631,0.10000000000000003,NaN
11661,9.0,2.0,0.21865892689215194,67,0.8375,1502,17099651,0.10000000000000003,NaN
11671,9.0,2.0,0.21842679584348748,67,0.8375,1503,17114676,0.10000000000000003,NaN
11681,9.0,2.0,0.21824065688743327,67,0.8375,1503,17129706,0.10000000000000003,NaN
11691,9.0,2.0,0.21808706089492777,67,0.8375,1503,17144736,0.10000000000000003,NaN
11701,9.0,2.0,0.2179574526438544,67,0.8375,1503,17159766,0.10000000000000003,NaN
11711,9.0,2.0,0.21784612656423544,67,0.8375,1503,17174796,0.10000000000000003,NaN
11721,9.0,2.0,0.21774914002149073,67,0.8375,1503,17189826,0.10000000000000003,NaN
11731,9.0,2.0,0.21766363247552314,67,0.8375,1503,17204856,0.10000000000000003,NaN
11741,9.0,2.0,0.21758747407668494,67,0.8375,1503,17219886,0.10000000000000003,NaN
11751,9.0,2.0,0.21751907610595217,67,0.8375,1503,17234916,0.10000000000000003,NaN
11761,9.0,2.0,0.21745714957684084,67,0.8375,1504,17249954,0.10000000000000003,NaN
11771,9.0,2.0,0.21740076142346437,67,0.8375,1504,17264994,0.10000000000000003,NaN
11781,9.0,2.0,0.21734911575356247,67,0.8375,1504,17280034,0.10000000000000003,NaN
11791,9.0,2.0,0.21730157894451133,67,0.8375,1504,17295074,0.10000000000000003,NaN
11801,9.0,2.0,0.21725762999341205,67,0.8375,1504,17310114,0.10000000000000003,NaN
11811,9.0,2.0,0.21721684094450405,67,0.8375,1504,17325154,0.10000000000000003,NaN
11821,9.0,2.0,0.21717883906051355,67,0.8375,1504,17340194,0.10000000000000003,NaN
11831,9.0,2.0,0.21714332149491397,67,0.8375,1504,17355234,0.10000000000000003,NaN
11841,9.0,2.0,0.21711002061735107,67,0.8375,1504,17370274,0.10000000000000003,NaN
11851,9.0,2.0,0.2170786916014115,67,0.8375,1505,17385324,0.10000000000000003,NaN
11861,9.0,2.0,0.21704918533970724,67,0.8375,1505,17400374,0.10000000000000003,NaN
11871,9.0,2.0,0.2170212945356183,67,0.8375,1505,17415424,0.10000000000000003,NaN
11881,9.0,2.0,0.21699489130949634,67,0.8375,1505,17430474,0.10000000000000003,NaN
11891,9.0,2.0,0.21696985000829758,67,0.8375,1505,17445524,0.10000000000000003,NaN
11901,9.0,2.0,0.2169460458241085,67,0.8375,1505,17460574,0.10000000000000003,NaN
11911,9.0,2.0,0.21692339310462913,67,0.8375,1505,17475624,0.10000000000000003,NaN
11921,9.0,2.0,0.21690178326044302,67,0.8375,1505,17490674,0.10000000000000003,NaN
11931,9.0,2.0,0.21688115078337397,67,0.8375,1506,17505725,0.10000000000000003,NaN
11941,9.0,2.0,0.2168614006160335,67,0.8375,1506,17520785,0.10000000000000003,NaN
11951,9.0,2.0,0.2168424898229322,67,0.8375,1506,17535845,0.10000000000000003,NaN
11961,9.0,2.0,0.2168243642560821,67,0.8375,1506,17550905,0.10000000000000003,NaN
11971,9.0,2.0,0.2168069477960033,67,0.8375,1506,17565965,0.10000000000000003,NaN
11981,9.0,2.0,0.21679021237085397,67,0.8375,1506,17581025,0.10000000000000003,NaN
11991,9.0,2.0,0.21677410083380444,67,0.8375,1506,17596085,0.10000000000000003,NaN
12001,9.0,2.0,0.2167585854295248,67,0.8375,1506,17611145,0.10000000000000003,NaN
12011,9.0,2.0,0.21674363672703606,67,0.8375,1506,17626205,0.10000000000000003,NaN
12021,9.0,2.0,0.21672920215713765,67,0.8375,1507,17641267,0.10000000000000003,NaN
12031,9.0,2.0,0.21671526618195774,67,0.8375,1507,17656337,0.10000000000000003,NaN
12041,9.0,2.0,0.2167017867444096,67,0.8375,1507,17671407,0.10000000000000003,NaN
12051,9.0,2.0,0.21668875063959753,67,0.8375,1507,17686477,0.10000000000000003,NaN
12061,9.0,2.0,0.21667613015440473,67,0.8375,1507,17701547,0.10000000000000003,NaN
12071,9.0,2.0,0.21666390508092412,67,0.8375,1507,17716617,0.10000000000000003,NaN
12081,9.0,2.0,0.21665203897657848,67,0.8375,1507,17731687,0.10000000000000003,NaN
12091,9.0,2.0,0.21664053945096345,67,0.8375,1507,17746757,0.10000000000000003,NaN
12101,9.0,2.0,0.2166293793479715,67,0.8375,1507,17761827,0.10000000000000003,NaN
12111,9.0,2.0,0.2166185224129218,67,0.8375,1508,17776898,0.10000000000000003,NaN
12121,9.0,2.0,0.21660797517351113,67,0.8375,1508,17791978,0.10000000000000003,NaN
12131,9.0,2.0,0.216597715196902,67,0.8375,1508,17807058,0.10000000000000003,NaN
12141,9.0,2.0,0.21658773264820508,67,0.8375,1508,17822138,0.10000000000000003,NaN
12151,9.0,2.0,0.21657801764623139,67,0.8375,1508,17837218,0.10000000000000003,NaN
12161,9.0,2.0,0.2165685620744287,67,0.8375,1508,17852298,0.10000000000000003,NaN
12171,9.0,2.0,0.2165593568366448,67,0.8375,1508,17867378,0.10000000000000003,NaN
12181,9.0,2.0,0.21655037043428188,67,0.8375,1508,17882458,0.10000000000000003,NaN
12191,9.0,2.0,0.2165416037814738,67,0.8375,1508,17897538,0.10000000000000003,NaN
12201,9.0,2.0,0.21653305440259155,67,0.8375,1509,17912619,0.10000000000000003,NaN
12211,9.0,2.0,0.2165246970789339,67,0.8375,1509,17927709,0.10000000000000003,NaN
12221,9.0,2.0,0.216516539057073,67,0.8375,1509,17942799,0.10000000000000003,NaN
12231,9.0,2.0,0.2165085653980375,67,0.8375,1509,17957889,0.10000000000000003,NaN
12241,9.0,2.0,0.21650077280491006,67,0.8375,1509,17972979,0.10000000000000003,NaN
12251,9.0,2.0,0.21649316117724587,67,0.8375,1509,17988069,0.10000000000000003,NaN
12261,9.0,2.0,0.21648570137141004,67,0.8375,1509,18003159,0.10000000000000003,NaN
12271,9.0,2.0,0.21647841508208132,67,0.8375,1509,18018249,0.10000000000000003,NaN
12281,9.0,2.0,0.21647127175934827,67,0.8375,1509,18033339,0.10000000000000003,NaN
12291,9.0,2.0,0.2164642911604119,67,0.8375,1509,18048429,0.10000000000000003,NaN
12301,9.0,2.0,0.21645745093379326,67,0.8375,1510,18063528,0.10000000000000003,NaN
12311,9.0,2.0,0.21645074739907133,67,0.8375,1510,18078628,0.10000000000000003,NaN
12321,9.0,2.0,0.21644416761017443,67,0.8375,1510,18093728,0.10000000000000003,NaN
12331,9.0,2.0,0.2164377231070989,67,0.8375,1510,18108828,0.10000000000000003,NaN
12341,9.0,2.0,0.2164314050130216,67,0.8375,1510,18123928,0.10000000000000003,NaN
12351,9.0,2.0,0.21642521139669055,67,0.8375,1510,18139028,0.10000000000000003,NaN
12361,9.0,2.0,0.216419140097215,67,0.8375,1510,18154128,0.10000000000000003,NaN
12371,9.0,2.0,0.21641317885662,67,0.8375,1510,18169228,0.10000000000000003,NaN
12381,9.0,2.0,0.21640732542231897,67,0.8375,1510,18184328,0.10000000000000003,NaN
12391,9.0,2.0,0.21640157977895988,67,0.8375,1511,18199435,0.10000000000000003,NaN
12401,9.0,2.0,0.21639593010488128,67,0.8375,1511,18214545,0.10000000000000003,NaN
12411,9.0,2.0,0.21639038820138468,67,0.8375,1511,18229655,0.10000000000000003,NaN
12421,9.0,2.0,0.21638493979499676,67,0.8375,1511,18244765,0.10000000000000003,NaN
12431,9.0,2.0,0.21637958935319834,67,0.8375,1511,18259875,0.10000000000000003,NaN
12441,9.0,2.0,0.21637433700135777,67,0.8375,1511,18274985,0.10000000000000003,NaN
12451,9.0,2.0,0.21636916263899023,67,0.8375,1511,18290095,0.10000000000000003,NaN
12461,9.0,2.0,0.21636406787402862,67,0.8375,1511,18305205,0.10000000000000003,NaN
12471,9.0,2.0,0.2163590604607363,67,0.8375,1511,18320315,0.10000000000000003,NaN
12481,9.0,2.0,0.21635413113198582,67,0.8375,1512,18335430,0.10000000000000003,NaN
12491,9.0,2.0,0.21634928442094808,67,0.8375,1512,18350550,0.10000000000000003,NaN
12501,9.0,2.0,0.21634451075982025,67,0.8375,1512,18365670,0.10000000000000003,NaN
12511,9.0,2.0,0.21633982377981073,67,0.8375,1512,18380790,0.10000000000000003,NaN
12521,9.0,2.0,0.2163352020630119,67,0.8375,1512,18395910,0.10000000000000003,NaN
12531,9.0,2.0,0.21633065733871618,67,0.8375,1512,18411030,0.10000000000000003,NaN
12541,9.0,2.0,0.2163261706945092,67,0.8375,1512,18426150,0.10000000000000003,NaN
12551,9.0,2.0,0.21632175609942655,67,0.8375,1512,18441270,0.10000000000000003,NaN
12561,9.0,2.0,0.21631740379143038,67,0.8375,1512,18456390,0.10000000000000003,NaN
12571,9.0,2.0,0.21631311985458274,67,0.8375,1513,18471511,0.10000000000000003,NaN
12581,9.0,2.0,0.21630889403610493,67,0.8375,1513,18486641,0.10000000000000003,NaN
12591,9.0,2.0,0.21630473532556063,67,0.8375,1513,18501771,0.10000000000000003,NaN
12601,9.0,2.0,0.21630063203727587,67,0.8375,1513,18516901,0.10000000000000003,NaN
12611,9.0,2.0,0.21629657394990134,67,0.8375,1513,18532031,0.10000000000000003,NaN
12621,9.0,2.0,0.21629257639068777,67,0.8375,1513,18547161,0.10000000000000003,NaN
12631,9.0,2.0,0.2162886432269037,67,0.8375,1513,18562291,0.10000000000000003,NaN
12641,9.0,2.0,0.21628476031403926,67,0.8375,1513,18577421,0.10000000000000003,NaN
12651,9.0,2.0,0.2162809252077274,67,0.8375,1513,18592551,0.10000000000000003,NaN
12661,9.0,2.0,0.21627713714318117,67,0.8375,1513,18607681,0.10000000000000003,NaN
12671,9.0,2.0,0.21627339979330654,67,0.8375,1514,18622818,0.10000000000000003,NaN
12681,9.0,2.0,0.2162697201276751,67,0.8375,1514,18637958,0.10000000000000003,NaN
12691,9.0,2.0,0.21626608487381976,67,0.8375,1514,18653098,0.10000000000000003,NaN
12701,9.0,2.0,0.21626249790334112,67,0.8375,1514,18668238,0.10000000000000003,NaN
12711,9.0,2.0,0.216258948571795,67,0.8375,1514,18683378,0.10000000000000003,NaN
12721,9.0,2.0,0.2162554585513506,67,0.8375,1514,18698518,0.10000000000000003,NaN
12731,9.0,2.0,0.2162519964377915,67,0.8375,1514,18713658,0.10000000000000003,NaN
12741,9.0,2.0,0.2162485898833238,67,0.8375,1514,18728798,0.10000000000000003,NaN
12751,9.0,2.0,0.21624521206373246,67,0.8375,1514,18743938,0.10000000000000003,NaN
12761,9.0,2.0,0.21624188179659803,67,0.8375,1515,18759080,0.10000000000000003,NaN
12771,9.0,2.0,0.2162385938985166,67,0.8375,1515,18774230,0.10000000000000003,NaN
12781,9.0,2.0,0.21623533973166512,67,0.8375,1515,18789380,0.10000000000000003,NaN
12791,9.0,2.0,0.21623213191091012,67,0.8375,1515,18804530,0.10000000000000003,NaN
12801,9.0,2.0,0.21622895654859278,67,0.8375,1515,18819680,0.10000000000000003,NaN
12811,9.0,2.0,0.21622582081295771,67,0.8375,1515,18834830,0.10000000000000003,NaN
12821,9.0,2.0,0.21622271621600272,67,0.8375,1515,18849980,0.10000000000000003,NaN
12831,9.0,2.0,0.21621964191254484,67,0.8375,1515,18865130,0.10000000000000003,NaN
12841,9.0,2.0,0.21621661582304524,67,0.8375,1515,18880280,0.10000000000000003,NaN
12851,9.0,2.0,0.21621362206973313,67,0.8375,1515,18895430,0.10000000000000003,NaN
12861,9.0,2.0,0.21621065066259032,67,0.8375,1516,18910586,0.10000000000000003,NaN
12871,9.0,2.0,0.21620771652738932,67,0.8375,1516,18925746,0.10000000000000003,NaN
12881,9.0,2.0,0.21620481798025182,67,0.8375,1516,18940906,0.10000000000000003,NaN
12891,9.0,2.0,0.21620195314501145,67,0.8375,1516,18956066,0.10000000000000003,NaN
12901,9.0,2.0,0.21619911100598213,67,0.8375,1516,18971226,0.10000000000000003,NaN
12911,9.0,2.0,0.21619630199895412,67,0.8375,1516,18986386,0.10000000000000003,NaN
12921,9.0,2.0,0.21619352778123643,67,0.8375,1516,19001546,0.10000000000000003,NaN
12931,9.0,2.0,0.216190781151904,67,0.8375,1516,19016706,0.10000000000000003,NaN
12941,9.0,2.0,0.21618805696026913,67,0.8375,1516,19031866,0.10000000000000003,NaN
12951,9.0,2.0,0.21618536287010418,67,0.8375,1516,19047026,0.10000000000000003,NaN
12961,9.0,2.0,0.21618269452186806,67,0.8375,1517,19062196,0.10000000000000003,NaN
12971,9.0,2.0,0.21618004787485662,67,0.8375,1517,19077366,0.10000000000000003,NaN
12981,9.0,2.0,0.21617743187429755,67,0.8375,1517,19092536,0.10000000000000003,NaN
12991,9.0,2.0,0.21617484621699426,67,0.8375,1517,19107706,0.10000000000000003,NaN
13001,9.0,2.0,0.21617229021058879,67,0.8375,1517,19122876,0.10000000000000003,NaN
13011,9.0,2.0,0.21616975219543325,67,0.8375,1517,19138046,0.10000000000000003,NaN
13021,9.0,2.0,0.2161672469265373,67,0.8375,1517,19153216,0.10000000000000003,NaN
13031,9.0,2.0,0.21616476368111578,67,0.8375,1517,19168386,0.10000000000000003,NaN
13041,9.0,2.0,0.21616230724157365,67,0.8375,1517,19183556,0.10000000000000003,NaN
13051,9.0,2.0,0.21615987205133685,67,0.8375,1518,19198729,0.10000000000000003,NaN
13061,9.0,2.0,0.2161574513883208,67,0.8375,1518,19213909,0.10000000000000003,NaN
13071,9.0,2.0,0.21615506186819894,67,0.8375,1518,19229089,0.10000000000000003,NaN
13081,9.0,2.0,0.21615269680495755,67,0.8375,1518,19244269,0.10000000000000003,NaN
13091,9.0,2.0,0.21615035108802866,67,0.8375,1518,19259449,0.10000000000000003,NaN
13101,9.0,2.0,0.21614802363583308,67,0.8375,1518,19274629,0.10000000000000003,NaN
13111,9.0,2.0,0.21614571607284055,67,0.8375,1518,19289809,0.10000000000000003,NaN
13121,9.0,2.0,0.21614343912950856,67,0.8375,1518,19304989,0.10000000000000003,NaN
13131,9.0,2.0,0.21614117552668066,67,0.8375,1518,19320169,0.10000000000000003,NaN
13141,9.0,2.0,0.21613894026852623,67,0.8375,1518,19335349,0.10000000000000003,NaN
13151,9.0,2.0,0.21613672282102941,67,0.8375,1519,19350534,0.10000000000000003,NaN
13161,9.0,2.0,0.21613451629510524,67,0.8375,1519,19365724,0.10000000000000003,NaN
13171,9.0,2.0,0.21613233620652678,67,0.8375,1519,19380914,0.10000000000000003,NaN
13181,9.0,2.0,0.21613017624438022,67,0.8375,1519,19396104,0.10000000000000003,NaN
13191,9.0,2.0,0.2161280262855263,67,0.8375,1519,19411294,0.10000000000000003,NaN
13201,9.0,2.0,0.21612590455694156,67,0.8375,1519,19426484,0.10000000000000003,NaN
13211,9.0,2.0,0.21612379471585963,67,0.8375,1519,19441674,0.10000000000000003,NaN
13221,9.0,2.0,0.21612170307757078,67,0.8375,1519,19456864,0.10000000000000003,NaN
13231,9.0,2.0,0.2161196343471047,67,0.8375,1519,19472054,0.10000000000000003,NaN
13241,9.0,2.0,0.2161175774874827,67,0.8375,1519,19487244,0.10000000000000003,NaN
13251,9.0,2.0,0.21611553833504166,67,0.8375,1520,19502441,0.10000000000000003,NaN
13261,9.0,2.0,0.2161135186622168,67,0.8375,1520,19517641,0.10000000000000003,NaN
13271,9.0,2.0,0.2161115161895924,67,0.8375,1520,19532841,0.10000000000000003,NaN
13281,9.0,2.0,0.21610952255042015,67,0.8375,1520,19548041,0.10000000000000003,NaN
13291,9.0,2.0,0.21610754915804836,67,0.8375,1520,19563241,0.10000000000000003,NaN
13301,9.0,2.0,0.21610559805732552,67,0.8375,1520,19578441,0.10000000000000003,NaN
13311,9.0,2.0,0.2161036639141173,67,0.8375,1520,19593641,0.10000000000000003,NaN
13321,9.0,2.0,0.21610174216126393,67,0.8375,1520,19608841,0.10000000000000003,NaN
13331,9.0,2.0,0.21609983886569378,67,0.8375,1520,19624041,0.10000000000000003,NaN
13341,9.0,2.0,0.2160979471294387,67,0.8375,1520,19639241,0.10000000000000003,NaN
13351,9.0,2.0,0.2160960686269881,67,0.8375,1521,19654449,0.10000000000000003,NaN
13361,9.0,2.0,0.21609420759724643,67,0.8375,1521,19669659,0.10000000000000003,NaN
13371,9.0,2.0,0.216092359343715,67,0.8375,1521,19684869,0.10000000000000003,NaN
13381,9.0,2.0,0.21609052630867848,67,0.8375,1521,19700079,0.10000000000000003,NaN
13391,9.0,2.0,0.21608870363207067,67,0.8375,1521,19715289,0.10000000000000003,NaN
13401,9.0,2.0,0.21608690128230051,67,0.8375,1521,19730499,0.10000000000000003,NaN
13411,9.0,2.0,0.21608510485859375,67,0.8375,1521,19745709,0.10000000000000003,NaN
13421,9.0,2.0,0.21608332532407556,67,0.8375,1521,19760919,0.10000000000000003,NaN
13431,9.0,2.0,0.21608156480383078,67,0.8375,1521,19776129,0.10000000000000003,NaN
13441,9.0,2.0,0.21607981252469455,67,0.8375,1521,19791339,0.10000000000000003,NaN
13451,9.0,2.0,0.21607807382935146,67,0.8375,1522,19806557,0.10000000000000003,NaN
13461,9.0,2.0,0.21607634494531552,67,0.8375,1522,19821777,0.10000000000000003,NaN
13471,9.0,2.0,0.2160746350424992,67,0.8375,1522,19836997,0.10000000000000003,NaN
13481,9.0,2.0,0.21607293412236403,67,0.8375,1522,19852217,0.10000000000000003,NaN
13491,9.0,2.0,0.21607124558071322,67,0.8375,1522,19867437,0.10000000000000003,NaN
13501,9.0,2.0,0.2160695729636642,67,0.8375,1522,19882657,0.10000000000000003,NaN
13511,9.0,2.0,0.21606790936105313,67,0.8375,1522,19897877,0.10000000000000003,NaN
13521,9.0,2.0,0.21606625474891863,67,0.8375,1522,19913097,0.10000000000000003,NaN
13531,9.0,2.0,0.21606461384946893,67,0.8375,1522,19928317,0.10000000000000003,NaN
13541,9.0,2.0,0.21606298009277558,67,0.8375,1522,19943537,0.10000000000000003,NaN
13551,9.0,2.0,0.21606136176761487,67,0.8375,1523,19958764,0.10000000000000003,NaN
13561,9.0,2.0,0.21605975653382722,67,0.8375,1523,19973994,0.10000000000000003,NaN
13571,9.0,2.0,0.2160581659226643,67,0.8375,1523,19989224,0.10000000000000003,NaN
13581,9.0,2.0,0.21605658166149272,67,0.8375,1523,20004454,0.10000000000000003,NaN
13591,9.0,2.0,0.21605500500613145,67,0.8375,1523,20019684,0.10000000000000003,NaN
13601,9.0,2.0,0.21605343830358542,67,0.8375,1523,20034914,0.10000000000000003,NaN
13611,9.0,2.0,0.21605188688929994,67,0.8375,1523,20050144,0.10000000000000003,NaN
13621,9.0,2.0,0.2160503416892429,67,0.8375,1523,20065374,0.10000000000000003,NaN
13631,9.0,2.0,0.21604881438017576,67,0.8375,1523,20080604,0.10000000000000003,NaN
13641,9.0,2.0,0.21604729013309504,67,0.8375,1523,20095834,0.10000000000000003,NaN
13651,9.0,2.0,0.21604577271586614,67,0.8375,1524,20111070,0.10000000000000003,NaN
13661,9.0,2.0,0.21604426949975428,67,0.8375,1524,20126310,0.10000000000000003,NaN
13671,9.0,2.0,0.21604277329905938,67,0.8375,1524,20141550,0.10000000000000003,NaN
13681,9.0,2.0,0.21604129260291574,67,0.8375,1524,20156790,0.10000000000000003,NaN
13691,9.0,2.0,0.21603982091343504,67,0.8375,1524,20172030,0.10000000000000003,NaN
13701,9.0,2.0,0.21603835911707742,67,0.8375,1524,20187270,0.10000000000000003,NaN
13711,9.0,2.0,0.2160369051959891,67,0.8375,1524,20202510,0.10000000000000003,NaN
13721,9.0,2.0,0.21603545990150197,67,0.8375,1524,20217750,0.10000000000000003,NaN
13731,9.0,2.0,0.21603402372276337,67,0.8375,1524,20232990,0.10000000000000003,NaN
13741,9.0,2.0,0.2160325987701266,67,0.8375,1524,20248230,0.10000000000000003,NaN
13751,9.0,2.0,0.2160311846607001,67,0.8375,1525,20263473,0.10000000000000003,NaN
13761,9.0,2.0,0.21602977637061277,65,0.8125,1525,20278723,0.10000000000000003,NaN
13771,9.0,2.0,0.12323156057012566,65,0.8125,1479,20293513,0.10000000000000003,NaN
13781,9.0,2.0,0.12121185926922744,65,0.8125,1479,20308303,0.10000000000000003,NaN
13791,9.0,2.0,0.1203023847154218,65,0.8125,1479,20323093,0.10000000000000003,NaN
13801,9.0,2.0,0.1197546019834838,65,0.8125,1480,20337884,0.10000000000000003,NaN
13811,9.0,2.0,0.11937767755331033,65,0.8125,1480,20352684,0.10000000000000003,NaN
13821,9.0,2.0,0.11909771171432597,65,0.8125,1480,20367484,0.10000000000000003,NaN
13831,9.0,2.0,0.118878964145876,65,0.8125,1480,20382284,0.10000000000000003,NaN
13841,9.0,2.0,0.11870179290055734,65,0.8125,1480,20397084,0.10000000000000003,NaN
13851,9.0,2.0,0.11855440530883507,65,0.8125,1480,20411884,0.10000000000000003,NaN
13861,9.0,2.0,0.1184292434136798,65,0.8125,1480,20426684,0.10000000000000003,NaN
13871,9.0,0.4470208514252352,0.039869889888485235,64,0.8,1457,20441461,0.09047619047619043,NaN
13881,0.6609632980271087,0.14049415094219073,0.025264483100596848,64,0.8,1457,20456031,0.01524586113170251,NaN
13891,0.4731388402345841,0.10270207960984203,0.023430281769778745,64,0.8,1458,20470611,0.015103921520053576,NaN
13901,0.38935863482991984,0.08509118993047107,0.022567166381034794,64,0.8,1458,20485191,0.015103921520053576,NaN
13911,0.33986802538216515,0.07466626532133062,0.022038396340207468,64,0.8,1458,20499771,0.015103921520053576,NaN
13921,0.30545013689681877,0.06724383080830955,0.02167119216026709,64,0.8,1458,20514351,0.015103921520053576,NaN
13931,0.279908837563904,0.06172098704293672,0.0213968575136674,64,0.8,1458,20528931,0.015103921520053576,NaN
13941,0.26041039518237996,0.05748260189645795,0.021181641098464758,64,0.8,1458,20543511,0.015103921520053576,NaN
13951,0.24445297140472344,0.054014480933660035,0.02100679083662295,64,0.8,1458,20558091,0.015103921520053576,NaN
13961,0.23106953572131017,0.051081253468751524,0.020860995772010737,64,0.8,1458,20572671,0.015103921520053576,NaN
13971,0.21983415365208583,0.04861999237919562,0.020736962145459135,64,0.8,1458,20587251,0.015103921520053576,NaN
13981,0.20985477828153581,0.04644545266030358,0.02062968194813667,63,0.7875,1458,20601831,0.015103921520053576,NaN
13991,0.2080345228920544,0.04622989397601209,0.020535710706747333,62,0.775,1413,20616007,0.014212903973126412,NaN
14001,0.2080345228920544,0.04622989397601209,0.020452278602006286,62,0.775,1413,20630137,0.014739977286849948,NaN
14011,0.2080345228920544,0.04622989397601209,0.020377599029259157,62,0.775,1413,20644267,0.011277955907832649,NaN
14021,0.2080345228920544,0.04622989397601209,0.020310233562740664,62,0.775,1413,20658397,0.010146437675604303,NaN
14031,0.2080345228920544,0.04622989397601209,0.020249038799317963,62,0.775,1413,20672527,0.00803633822501748,NaN
14041,0.2080345228920544,0.04622989397601209,0.020193121543518357,62,0.775,1413,20686657,0.00829493087557609,NaN
14051,0.2080345228920544,0.04622989397601209,0.020141761194934583,62,0.775,1413,20700787,0.008113833548809235,NaN
14061,0.2080345228920544,0.04622989397601209,0.02009431698069021,62,0.775,1414,20714924,0.00817350250811455,NaN
14071,0.2080345228920544,0.04622989397601209,0.02005033301314349,62,0.775,1414,20729064,0.00792018606928635,NaN
14081,0.2080345228920544,0.04622989397601209,0.02000940546726452,62,0.775,1414,20743204,0.00792018606928635,NaN
14091,0.2080345228920544,0.04622989397601209,0.01997119172055905,62,0.775,1414,20757344,0.00792018606928635,NaN
14101,0.2080345228920544,0.04622989397601209,0.01993539657334025,62,0.775,1414,20771484,0.00792018606928635,NaN
14111,0.2080345228920544,0.04622989397601209,0.019901777530238536,62,0.775,1414,20785624,0.00792018606928635,NaN
14121,0.2080345228920544,0.04622989397601209,0.019870116370090105,62,0.775,1414,20799764,0.00792018606928635,NaN
14131,0.2080345228920544,0.04622989397601209,0.019840222893866374,62,0.775,1414,20813904,0.00792018606928635,NaN
14141,0.2080345228920544,0.04622989397601209,0.01981194035983549,62,0.775,1414,20828044,0.00792018606928635,NaN
14151,0.2080345228920544,0.04622989397601209,0.019785123838915793,62,0.775,1414,20842184,0.00792018606928635,NaN
14161,0.2080345228920544,0.04622989397601209,0.01975964166016655,62,0.775,1414,20856324,0.00792018606928635,NaN
14171,0.2080345228920544,0.04622989397601209,0.019735388770911015,62,0.775,1415,20870467,0.00792018606928635,NaN
14181,0.2080345228920544,0.04622989397601209,0.019712257262646228,62,0.775,1415,20884617,0.00792018606928635,NaN
14191,0.2080345228920544,0.04622989397601209,0.019690167456884424,62,0.775,1415,20898767,0.00792018606928635,NaN
14201,0.2080345228920544,0.04622989397601209,0.019669053155403737,62,0.775,1415,20912917,0.00792018606928635,NaN
14211,0.2080345228920544,0.04622989397601209,0.01964883484993631,62,0.775,1415,20927067,0.00792018606928635,NaN
14221,0.2080345228920544,0.04622989397601209,0.01962944885562236,62,0.775,1415,20941217,0.00792018606928635,NaN
14231,0.2080345228920544,0.04622989397601209,0.019610835846574082,62,0.775,1415,20955367,0.00792018606928635,NaN
14241,0.2080345228920544,0.04622989397601209,0.019592955338862565,62,0.775,1415,20969517,0.00792018606928635,NaN
14251,0.2080345228920544,0.04622989397601209,0.019575745144306888,62,0.775,1415,20983667,0.00792018606928635,NaN
14261,0.2080345228920544,0.04622989397601209,0.019559176246940493,62,0.775,1415,20997817,0.00792018606928635,NaN
14271,0.2080345228920544,0.04622989397601209,0.019543199948134114,62,0.775,1415,21011967,0.00792018606928635,NaN
14281,0.2080345228920544,0.04622989397601209,0.019527777754328984,62,0.775,1415,21026117,0.00792018606928635,NaN
14291,0.2080345228920544,0.04622989397601209,0.01951287882860768,62,0.775,1416,21040276,0.00792018606928635,NaN
14301,0.2080345228920544,0.04622989397601209,0.019498478511555818,62,0.775,1416,21054436,0.00792018606928635,NaN
14311,0.2080345228920544,0.04622989397601209,0.01948454992578557,62,0.775,1416,21068596,0.00792018606928635,NaN
14321,0.2080345228920544,0.04622989397601209,0.019471066931106944,62,0.775,1416,21082756,0.00792018606928635,NaN
14331,0.2080345228920544,0.04622989397601209,0.019457998054906292,62,0.775,1416,21096916,0.00792018606928635,NaN
14341,0.2080345228920544,0.04622989397601209,0.01944532898256928,62,0.775,1416,21111076,0.00792018606928635,NaN
14351,0.2080345228920544,0.04622989397601209,0.01943304385537733,62,0.775,1416,21125236,0.00792018606928635,NaN
14361,0.2080345228920544,0.04622989397601209,0.019421114908633404,62,0.775,1416,21139396,0.00792018606928635,NaN
14371,0.2080345228920544,0.04622989397601209,0.019409523458072005,62,0.775,1416,21153556,0.00792018606928635,NaN
14381,0.2080345228920544,0.04622989397601209,0.01939825851775768,62,0.775,1416,21167716,0.00792018606928635,NaN
14391,0.2080345228920544,0.04622989397601209,0.019387306957843443,62,0.775,1416,21181876,0.00792018606928635,NaN
14401,0.2080345228920544,0.04622989397601209,0.019376648678395093,62,0.775,1417,21196039,0.00792018606928635,NaN
14411,0.2080345228920544,0.04622989397601209,0.019366262853241247,62,0.775,1417,21210209,0.00792018606928635,NaN
14421,0.2080345228920544,0.04622989397601209,0.01935615045080573,62,0.775,1417,21224379,0.00792018606928635,NaN
14431,0.2080345228920544,0.04622989397601209,0.019346297195744783,62,0.775,1417,21238549,0.00792018606928635,NaN
14441,0.2080345228920544,0.04622989397601209,0.019336687673844794,62,0.775,1417,21252719,0.00792018606928635,NaN
14451,0.2080345228920544,0.04622989397601209,0.019327315274766662,62,0.775,1417,21266889,0.00792018606928635,NaN
14461,0.2080345228920544,0.04622989397601209,0.019318172863145477,62,0.775,1417,21281059,0.00792018606928635,NaN
14471,0.2080345228920544,0.04622989397601209,0.019309244711973067,62,0.775,1417,21295229,0.00792018606928635,NaN
14481,0.2080345228920544,0.04622989397601209,0.019300523739044728,62,0.775,1417,21309399,0.00792018606928635,NaN
14491,0.2080345228920544,0.04622989397601209,0.019292002836025765,62,0.775,1417,21323569,0.00792018606928635,NaN
14501,0.2080345228920544,0.04622989397601209,0.019283673947730683,62,0.775,1417,21337739,0.00792018606928635,NaN
14511,0.2080345228920544,0.04622989397601209,0.01927552619354458,62,0.775,1417,21351909,0.00792018606928635,NaN
14521,0.2080345228920544,0.04622989397601209,0.0192675552404725,62,0.775,1418,21366085,0.00792018606928635,NaN
14531,0.2080345228920544,0.04622989397601209,0.01925975887143224,62,0.775,1418,21380265,0.00792018606928635,NaN
14541,0.2080345228920544,0.04622989397601209,0.019252127368989857,62,0.775,1418,21394445,0.00792018606928635,NaN
14551,0.2080345228920544,0.04622989397601209,0.01924465328624814,62,0.775,1418,21408625,0.00792018606928635,NaN
14561,0.2080345228920544,0.04622989397601209,0.019237333932929524,62,0.775,1418,21422805,0.00792018606928635,NaN
14571,0.2080345228920544,0.04622989397601209,0.01923016460059907,62,0.775,1418,21436985,0.00792018606928635,NaN
14581,0.2080345228920544,0.04622989397601209,0.019223136237269903,62,0.775,1418,21451165,0.00792018606928635,NaN
14591,0.2080345228920544,0.04622989397601209,0.019216250949096375,62,0.775,1418,21465345,0.00792018606928635,NaN
14601,0.2080345228920544,0.04622989397601209,0.01920949630271266,62,0.775,1418,21479525,0.00792018606928635,NaN
14611,0.2080345228920544,0.04622989397601209,0.01920287272818294,62,0.775,1418,21493705,0.00792018606928635,NaN
14621,0.2080345228920544,0.04622989397601209,0.019196371901019534,62,0.775,1418,21507885,0.00792018606928635,NaN
14631,0.2080345228920544,0.04622989397601209,0.019189994307157687,62,0.775,1418,21522065,0.00792018606928635,NaN
14641,0.2080345228920544,0.04622989397601209,0.019183731330410944,62,0.775,1419,21536254,0.00792018606928635,NaN
14651,0.2080345228920544,0.04622989397601209,0.01917757815632338,62,0.775,1419,21550444,0.00792018606928635,NaN
14661,0.2080345228920544,0.04622989397601209,0.019171536189552228,62,0.775,1419,21564634,0.00792018606928635,NaN
14671,0.2080345228920544,0.04622989397601209,0.01916560020201397,62,0.775,1419,21578824,0.00792018606928635,NaN
14681,0.2080345228920544,0.04622989397601209,0.01915977145126928,62,0.775,1419,21593014,0.00792018606928635,NaN
14691,0.2080345228920544,0.04622989397601209,0.019154036637263123,62,0.775,1419,21607204,0.00792018606928635,NaN
14701,0.2080345228920544,0.04622989397601209,0.01914840394190017,62,0.775,1419,21621394,0.00792018606928635,NaN
14711,0.2080345228920544,0.04622989397601209,0.019142862877575932,62,0.775,1419,21635584,0.00792018606928635,NaN
14721,0.2080345228920544,0.04622989397601209,0.019137419209351674,62,0.775,1419,21649774,0.00792018606928635,NaN
14731,0.2080345228920544,0.04622989397601209,0.019132063626284574,62,0.775,1419,21663964,0.00792018606928635,NaN
14741,0.2080345228920544,0.04622989397601209,0.019126797927647064,62,0.775,1419,21678154,0.00792018606928635,NaN
14751,0.2080345228920544,0.04622989397601209,0.019121613499744096,62,0.775,1419,21692344,0.00792018606928635,NaN
14761,0.2080345228920544,0.04622989397601209,0.019116507805860758,62,0.775,1420,21706544,0.00792018606928635,NaN
14771,0.2080345228920544,0.04622989397601209,0.019111480275358788,62,0.775,1420,21720744,0.00792018606928635,NaN
14781,0.2080345228920544,0.04622989397601209,0.01910652771319976,62,0.775,1420,21734944,0.00792018606928635,NaN
14791,0.2080345228920544,0.04622989397601209,0.019101655466744416,62,0.775,1420,21749144,0.00792018606928635,NaN
14801,0.2080345228920544,0.04622989397601209,0.01909686184979862,62,0.775,1420,21763344,0.00792018606928635,NaN
14811,0.2080345228920544,0.04622989397601209,0.019092132792575565,62,0.775,1420,21777544,0.00792018606928635,NaN
14821,0.2080345228920544,0.04622989397601209,0.019087477985065836,62,0.775,1420,21791744,0.00792018606928635,NaN
14831,0.2080345228920544,0.04622989397601209,0.01908289138530953,62,0.775,1420,21805944,0.00792018606928635,NaN
14841,0.2080345228920544,0.04622989397601209,0.01907837110437176,62,0.775,1420,21820144,0.00792018606928635,NaN
14851,0.2080345228920544,0.04622989397601209,0.019073915462767453,62,0.775,1420,21834344,0.00792018606928635,NaN
14861,0.2080345228920544,0.04622989397601209,0.019069525268574427,62,0.775,1420,21848544,0.00792018606928635,NaN
14871,0.2080345228920544,0.04622989397601209,0.019065192105425652,62,0.775,1421,21862745,0.00792018606928635,NaN
14881,0.2080345228920544,0.04622989397601209,0.019060920631064928,62,0.775,1421,21876955,0.00792018606928635,NaN
14891,0.2080345228920544,0.04622989397601209,0.01905670936132107,62,0.775,1421,21891165,0.00792018606928635,NaN
14901,0.2080345228920544,0.04622989397601209,0.019052554665877776,62,0.775,1421,21905375,0.00792018606928635,NaN
14911,0.2080345228920544,0.04622989397601209,0.019048453869064282,62,0.775,1421,21919585,0.00792018606928635,NaN
14921,0.2080345228920544,0.04622989397601209,0.019044408086145718,62,0.775,1421,21933795,0.00792018606928635,NaN
14931,0.2080345228920544,0.04622989397601209,0.01904041686247931,62,0.775,1421,21948005,0.00792018606928635,NaN
14941,0.2080345228920544,0.04622989397601209,0.019036475105475553,62,0.775,1421,21962215,0.00792018606928635,NaN
14951,0.2080345228920544,0.04622989397601209,0.01903259029615451,62,0.775,1421,21976425,0.00792018606928635,NaN
14961,0.2080345228920544,0.04622989397601209,0.01902875026070688,62,0.775,1421,21990635,0.00792018606928635,NaN
14971,0.2080345228920544,0.04622989397601209,0.019024964050311923,62,0.775,1421,22004845,0.00792018606928635,NaN
14981,0.2080345228920544,0.04622989397601209,0.01902122471282986,62,0.775,1421,22019055,0.00792018606928635,NaN
14991,0.2080345228920544,0.04622989397601209,0.01901753270553642,62,0.775,1422,22033266,0.00792018606928635,NaN
15001,0.2080345228920544,0.04622989397601209,0.01901388419941426,62,0.775,1422,22047486,0.00792018606928635,NaN
15011,0.2080345228920544,0.04622989397601209,0.019010282541638036,62,0.775,1422,22061706,0.00792018606928635,NaN
15021,0.2080345228920544,0.04622989397601209,0.019006722861188218,62,0.775,1422,22075926,0.00792018606928635,NaN
15031,0.2080345228920544,0.04622989397601209,0.019003206491957938,62,0.775,1422,22090146,0.00792018606928635,NaN
15041,0.2080345228920544,0.04622989397601209,0.01899973186882491,62,0.775,1422,22104366,0.00792018606928635,NaN
15051,0.2080345228920544,0.04622989397601209,0.018996297286960277,62,0.775,1422,22118586,0.00792018606928635,NaN
15061,0.2080345228920544,0.04622989397601209,0.018992907151509062,62,0.775,1422,22132806,0.00792018606928635,NaN
15071,0.2080345228920544,0.04622989397601209,0.01898955452928907,62,0.775,1422,22147026,0.00792018606928635,NaN
15081,0.2080345228920544,0.04622989397601209,0.01898624214424684,62,0.775,1422,22161246,0.00792018606928635,NaN
15091,0.2080345228920544,0.04622989397601209,0.01898296815570945,62,0.775,1422,22175466,0.00792018606928635,NaN
15101,0.2080345228920544,0.04622989397601209,0.018979729984903253,62,0.775,1422,22189686,0.00792018606928635,NaN
15111,0.2080345228920544,0.04622989397601209,0.01897652705177518,62,0.775,1422,22203906,0.00792018606928635,NaN
15121,0.2080345228920544,0.04622989397601209,0.018973356309809394,62,0.775,1423,22218135,0.00792018606928635,NaN
15131,0.2080345228920544,0.04622989397601209,0.018970225599777738,62,0.775,1423,22232365,0.00792018606928635,NaN
15141,0.2080345228920544,0.04622989397601209,0.01896713446385513,62,0.775,1423,22246595,0.00792018606928635,NaN
15151,0.2080345228920544,0.04622989397601209,0.01896407291595601,62,0.775,1423,22260825,0.00792018606928635,NaN
15161,0.2080345228920544,0.04622989397601209,0.018961042250830562,62,0.775,1423,22275055,0.00792018606928635,NaN
15171,0.2080345228920544,0.04622989397601209,0.01895804819934494,62,0.775,1423,22289285,0.00792018606928635,NaN
15181,0.2080345228920544,0.04622989397601209,0.018955083640349958,62,0.775,1423,22303515,0.00792018606928635,NaN
15191,0.2080345228920544,0.04622989397601209,0.018952150737953984,62,0.775,1423,22317745,0.00792018606928635,NaN
15201,0.2080345228920544,0.04622989397601209,0.018949247851512467,62,0.775,1423,22331975,0.00792018606928635,NaN
15211,0.2080345228920544,0.04622989397601209,0.01894637800600999,62,0.775,1423,22346205,0.00792018606928635,NaN
15221,0.2080345228920544,0.04622989397601209,0.018943536597241527,62,0.775,1423,22360435,0.00792018606928635,NaN
15231,0.2080345228920544,0.04622989397601209,0.018940724067531386,62,0.775,1423,22374665,0.00792018606928635,NaN
15241,0.2080345228920544,0.04622989397601209,0.018937939880594067,62,0.775,1424,22388902,0.00792018606928635,NaN
15251,0.2080345228920544,0.04622989397601209,0.01893518282620445,62,0.775,1424,22403142,0.00792018606928635,NaN
15261,0.2080345228920544,0.04622989397601209,0.01893245444646979,62,0.775,1424,22417382,0.00792018606928635,NaN
15271,0.2080345228920544,0.04622989397601209,0.01892975273696973,62,0.775,1424,22431622,0.00792018606928635,NaN
15281,0.2080345228920544,0.04622989397601209,0.018927077255097204,62,0.775,1424,22445862,0.00792018606928635,NaN
15291,0.2080345228920544,0.04622989397601209,0.018924431185157263,62,0.775,1424,22460102,0.00792018606928635,NaN
15301,0.2080345228920544,0.04622989397601209,0.018921810675019503,62,0.775,1424,22474342,0.00792018606928635,NaN
15311,0.2080345228920544,0.04622989397601209,0.01891921334721336,62,0.775,1424,22488582,0.00792018606928635,NaN
15321,0.2080345228920544,0.04622989397601209,0.018916641417050618,62,0.775,1424,22502822,0.00792018606928635,NaN
15331,0.2080345228920544,0.04622989397601209,0.01891409676231346,62,0.775,1424,22517062,0.00792018606928635,NaN
15341,0.2080345228920544,0.04622989397601209,0.018911575355077696,62,0.775,1424,22531302,0.00792018606928635,NaN
15351,0.2080345228920544,0.04622989397601209,0.018909075929686776,62,0.775,1424,22545542,0.00792018606928635,NaN
15361,0.2080345228920544,0.04622989397601209,0.01890659807130478,62,0.775,1425,22559785,0.00792018606928635,NaN
15371,0.2080345228920544,0.04622989397601209,0.01890414468529845,62,0.775,1425,22574035,0.00792018606928635,NaN
15381,0.2080345228920544,0.04622989397601209,0.018901713291949097,62,0.775,1425,22588285,0.00792018606928635,NaN
15391,0.2080345228920544,0.04622989397601209,0.018899306576297355,62,0.775,1425,22602535,0.00792018606928635,NaN
15401,0.2080345228920544,0.04622989397601209,0.018896919161128248,62,0.775,1425,22616785,0.00792018606928635,NaN
15411,0.2080345228920544,0.04622989397601209,0.018894553813115188,62,0.775,1425,22631035,0.00792018606928635,NaN
15421,0.2080345228920544,0.04622989397601209,0.018892209147478373,62,0.775,1425,22645285,0.00792018606928635,NaN
15431,0.2080345228920544,0.04622989397601209,0.018889886036728667,62,0.775,1425,22659535,0.00792018606928635,NaN
15441,0.2080345228920544,0.04622989397601209,0.018887585385943297,62,0.775,1425,22673785,0.00792018606928635,NaN
15451,0.2080345228920544,0.04622989397601209,0.018885305512130815,62,0.775,1425,22688035,0.00792018606928635,NaN
15461,0.2080345228920544,0.04622989397601209,0.01888304470125106,62,0.775,1425,22702285,0.00792018606928635,NaN
15471,0.2080345228920544,0.04622989397601209,0.018880807182900552,62,0.775,1425,22716535,0.00792018606928635,NaN
15481,0.2080345228920544,0.04622989397601209,0.018878586891822594,62,0.775,1425,22730785,0.00792018606928635,NaN
15491,0.2080345228920544,0.04622989397601209,0.01887638321025541,62,0.775,1426,22745044,0.00792018606928635,NaN
15501,0.2080345228920544,0.04622989397601209,0.01887420061085549,62,0.775,1426,22759304,0.00792018606928635,NaN
15511,0.2080345228920544,0.04622989397601209,0.01887203708720521,62,0.775,1426,22773564,0.00792018606928635,NaN
15521,0.2080345228920544,0.04622989397601209,0.01886989309648745,62,0.775,1426,22787824,0.00792018606928635,NaN
15531,0.2080345228920544,0.04622989397601209,0.01886776694293614,62,0.775,1426,22802084,0.00792018606928635,NaN
15541,0.2080345228920544,0.04622989397601209,0.018865657264585854,62,0.775,1426,22816344,0.00792018606928635,NaN
15551,0.2080345228920544,0.04622989397601209,0.018863563470932817,62,0.775,1426,22830604,0.00792018606928635,NaN
15561,0.2080345228920544,0.04622989397601209,0.01886148766339293,62,0.775,1426,22844864,0.00792018606928635,NaN
15571,0.2080345228920544,0.04622989397601209,0.018859427899131316,62,0.775,1426,22859124,0.00792018606928635,NaN
15581,0.2080345228920544,0.04622989397601209,0.01885738465284758,62,0.775,1426,22873384,0.00792018606928635,NaN
15591,0.2080345228920544,0.04622989397601209,0.01885535806312979,62,0.775,1426,22887644,0.00792018606928635,NaN
15601,0.2080345228920544,0.04622989397601209,0.018853351019546456,62,0.775,1426,22901904,0.00792018606928635,NaN
15611,0.2080345228920544,0.04622989397601209,0.018851357572537572,62,0.775,1427,22916168,0.00792018606928635,NaN
15621,0.2080345228920544,0.04622989397601209,0.01884937920816127,62,0.775,1427,22930438,0.00792018606928635,NaN
15631,0.2080345228920544,0.04622989397601209,0.01884741560453613,62,0.775,1427,22944708,0.00792018606928635,NaN
15641,0.2080345228920544,0.04622989397601209,0.018845468973272585,62,0.775,1427,22958978,0.00792018606928635,NaN
15651,0.2080345228920544,0.04622989397601209,0.01884353648965516,62,0.775,1427,22973248,0.00792018606928635,NaN
15661,0.2080345228920544,0.04622989397601209,0.018841621449503347,62,0.775,1427,22987518,0.00792018606928635,NaN
15671,0.2080345228920544,0.04622989397601209,0.018839719990392974,62,0.775,1427,23001788,0.00792018606928635,NaN
15681,0.2080345228920544,0.04622989397601209,0.01883783192946912,62,0.775,1427,23016058,0.00792018606928635,NaN
15691,0.2080345228920544,0.04622989397601209,0.01883596040514787,62,0.775,1427,23030328,0.00792018606928635,NaN
15701,0.2080345228920544,0.04622989397601209,0.01883410272723754,62,0.775,1427,23044598,0.00792018606928635,NaN
15711,0.2080345228920544,0.04622989397601209,0.018832260184051115,62,0.775,1427,23058868,0.00792018606928635,NaN
15721,0.2080345228920544,0.04622989397601209,0.018830432346164373,62,0.775,1427,23073138,0.00792018606928635,NaN
15731,0.2080345228920544,0.04622989397601209,0.018828615609827862,62,0.775,1427,23087408,0.00792018606928635,NaN
15741,0.2080345228920544,0.04622989397601209,0.018826813248287146,62,0.775,1428,23101685,0.00792018606928635,NaN
15751,0.2080345228920544,0.04622989397601209,0.018825025860981788,62,0.775,1428,23115965,0.00792018606928635,NaN
15761,0.2080345228920544,0.04622989397601209,0.018823249564394358,62,0.775,1428,23130245,0.00792018606928635,NaN
15771,0.2080345228920544,0.04622989397601209,0.018821486706675595,62,0.775,1428,23144525,0.00792018606928635,NaN
15781,0.2080345228920544,0.04622989397601209,0.018819736165971962,62,0.775,1428,23158805,0.00792018606928635,NaN
15791,0.2080345228920544,0.04622989397601209,0.018817998716603956,62,0.775,1428,23173085,0.00792018606928635,NaN
15801,0.2080345228920544,0.04622989397601209,0.018816271788452722,62,0.775,1428,23187365,0.00792018606928635,NaN
15811,0.2080345228920544,0.04622989397601209,0.01881456144024242,62,0.775,1428,23201645,0.00792018606928635,NaN
15821,0.2080345228920544,0.04622989397601209,0.018812862914142896,62,0.775,1428,23215925,0.00792018606928635,NaN
15831,0.2080345228920544,0.04622989397601209,0.018811174651909783,62,0.775,1428,23230205,0.00792018606928635,NaN
15841,0.2080345228920544,0.04622989397601209,0.018809499661233655,62,0.775,1428,23244485,0.00792018606928635,NaN
15851,0.2080345228920544,0.04622989397601209,0.018807835492249184,62,0.775,1428,23258765,0.00792018606928635,NaN
15861,0.2080345228920544,0.04622989397601209,0.018806182749621744,62,0.775,1428,23273045,0.00792018606928635,NaN
15871,0.2080345228920544,0.04622989397601209,0.01880454111311471,62,0.775,1429,23287335,0.00792018606928635,NaN
15881,0.2080345228920544,0.04622989397601209,0.018802912348144574,62,0.775,1429,23301625,0.00792018606928635,NaN
15891,0.2080345228920544,0.04622989397601209,0.018801295026957033,62,0.775,1429,23315915,0.00792018606928635,NaN
15901,0.2080345228920544,0.04622989397601209,0.018799686311005568,62,0.775,1429,23330205,0.00792018606928635,NaN
15911,0.2080345228920544,0.04622989397601209,0.01879809082800548,62,0.775,1429,23344495,0.00792018606928635,NaN
15921,0.2080345228920544,0.04622989397601209,0.01879650557412778,62,0.775,1429,23358785,0.00792018606928635,NaN
15931,0.2080345228920544,0.04622989397601209,0.018794932068856036,62,0.775,1429,23373075,0.00792018606928635,NaN
15941,0.2080345228920544,0.04622989397601209,0.018793368051784106,62,0.775,1429,23387365,0.00792018606928635,NaN
15951,0.2080345228920544,0.04622989397601209,0.01879181496349638,62,0.775,1429,23401655,0.00792018606928635,NaN
15961,0.2080345228920544,0.04622989397601209,0.01879027451686912,62,0.775,1429,23415945,0.00792018606928635,NaN
15971,0.2080345228920544,0.04622989397601209,0.01878874137270594,62,0.775,1429,23430235,0.00792018606928635,NaN
15981,0.2080345228920544,0.04622989397601209,0.018787221719115864,62,0.775,1429,23444525,0.00792018606928635,NaN
15991,0.2080345228920544,0.04622989397601209,0.01878570868148298,62,0.775,1430,23458816,0.00792018606928635,NaN
16001,0.2080345228920544,0.04622989397601209,0.018784206902215182,62,0.775,1430,23473116,0.00792018606928635,NaN
16011,0.2080345228920544,0.04622989397601209,0.018782713398044847,62,0.775,1430,23487416,0.00792018606928635,NaN
16021,0.2080345228920544,0.04622989397601209,0.018781230412255517,62,0.775,1430,23501716,0.00792018606928635,NaN
16031,0.2080345228920544,0.04622989397601209,0.018779754535878403,62,0.775,1430,23516016,0.00792018606928635,NaN
16041,0.2080345228920544,0.04622989397601209,0.018778290842941976,62,0.775,1430,23530316,0.00792018606928635,NaN
16051,0.2080345228920544,0.04622989397601209,0.01877683713370321,62,0.775,1430,23544616,0.00792018606928635,NaN
16061,0.2080345228920544,0.04622989397601209,0.01877539194351358,62,0.775,1430,23558916,0.00792018606928635,NaN
16071,0.2080345228920544,0.04622989397601209,0.01877395637076009,62,0.775,1430,23573216,0.00792018606928635,NaN
16081,0.2080345228920544,0.04622989397601209,0.018772529492351163,62,0.775,1430,23587516,0.00792018606928635,NaN
16091,0.2080345228920544,0.04622989397601209,0.018771113626197267,62,0.775,1430,23601816,0.00792018606928635,NaN
16101,0.2080345228920544,0.04622989397601209,0.018769704342795835,62,0.775,1430,23616116,0.00792018606928635,NaN
16111,0.2080345228920544,0.04622989397601209,0.018768305385920697,62,0.775,1430,23630416,0.00792018606928635,NaN
16121,0.2080345228920544,0.04622989397601209,0.0187669127531192,62,0.775,1431,23644718,0.00792018606928635,NaN
16131,0.2080345228920544,0.04622989397601209,0.018765529419221064,62,0.775,1431,23659028,0.00792018606928635,NaN
16141,0.2080345228920544,0.04622989397601209,0.01876415521185239,62,0.775,1431,23673338,0.00792018606928635,NaN
16151,0.2080345228920544,0.04622989397601209,0.018762789820365812,62,0.775,1431,23687648,0.00792018606928635,NaN
16161,0.2080345228920544,0.04622989397601209,0.018761431372747613,62,0.775,1431,23701958,0.00792018606928635,NaN
16171,0.20722377766865946,0.04604972837081321,0.018714863315270884,60,0.75,1385,23716038,0.007295873780675088,NaN
16181,0.20722377766865946,0.04604972837081321,0.01863083068507165,60,0.75,1385,23729888,0.006999125109361404,NaN
16191,0.20722377766865946,0.04604972837081321,0.018555597999299175,60,0.75,1385,23743738,0.0074809160305344125,NaN
16201,0.20722377766865946,0.04604972837081321,0.018487703917883503,60,0.75,1385,23757588,0.007493343476607073,NaN
16211,0.20722377766865946,0.04604972837081321,0.018426019121142022,60,0.75,1385,23771438,0.005665752644136601,NaN
16221,0.20722377766865946,0.04604972837081321,0.018369637630669282,60,0.75,1385,23785288,0.005164570511105082,NaN
16231,0.20722377766865946,0.04604972837081321,0.018317825436491866,60,0.75,1385,23799138,0.005164570511105082,NaN
16241,0.20722377766865946,0.04604972837081321,0.018269995070843714,60,0.75,1385,23812988,0.005164570511105082,NaN
16251,0.20722377766865946,0.04604972837081321,0.018225652787526886,60,0.75,1385,23826838,0.005164570511105082,NaN
16261,0.20722377766865946,0.04604972837081321,0.018184382594152577,60,0.75,1385,23840688,0.005164570511105082,NaN
16271,0.20722377766865946,0.04604972837081321,0.018145835340042504,60,0.75,1385,23854538,0.005164570511105082,NaN
16281,0.20722377766865946,0.04604972837081321,0.018109701580180295,60,0.75,1386,23868398,0.005164570511105082,NaN
16291,0.20722377766865946,0.04604972837081321,0.018075751338046054,60,0.75,1386,23882258,0.005164570511105082,NaN
16301,0.20722377766865946,0.04604972837081321,0.018043768576053686,60,0.75,1386,23896118,0.005164570511105082,NaN
16311,0.20722377766865946,0.04604972837081321,0.018013578092281306,60,0.75,1386,23909978,0.005164570511105082,NaN
16321,0.20722377766865946,0.04604972837081321,0.017985014199415977,60,0.75,1386,23923838,0.005164570511105082,NaN
16331,0.20722377766865946,0.04604972837081321,0.01795792401484709,60,0.75,1386,23937698,0.005164570511105082,NaN
16341,0.20722377766865946,0.04604972837081321,0.017932178209753215,60,0.75,1386,23951558,0.005164570511105082,NaN
16351,0.20722377766865946,0.04604972837081321,0.01790768374190479,60,0.75,1386,23965418,0.005164570511105082,NaN
16361,0.20722377766865946,0.04604972837081321,0.01788432692894816,60,0.75,1386,23979278,0.005164570511105082,NaN
16371,0.20722377766865946,0.04604972837081321,0.017862017937033643,60,0.75,1386,23993138,0.005164570511105082,NaN
16381,0.20722377766865946,0.04604972837081321,0.017840686596489,60,0.75,1386,24006998,0.005164570511105082,NaN
16391,0.20722377766865946,0.04604972837081321,0.017820259958024505,60,0.75,1386,24020858,0.005164570511105082,NaN
16401,0.20722377766865946,0.04604972837081321,0.01780067405099294,60,0.75,1386,24034718,0.005164570511105082,NaN
16411,0.20722377766865946,0.04604972837081321,0.017781860709903258,60,0.75,1387,24048581,0.005164570511105082,NaN
16421,0.20722377766865946,0.04604972837081321,0.01776377463281245,60,0.75,1387,24062451,0.005164570511105082,NaN
16431,0.20722377766865946,0.04604972837081321,0.017746372665933784,60,0.75,1387,24076321,0.005164570511105082,NaN
16441,0.20722377766865946,0.04604972837081321,0.017729612414156985,60,0.75,1387,24090191,0.005164570511105082,NaN
16451,0.20722377766865946,0.04604972837081321,0.017713455870313578,60,0.75,1387,24104061,0.005164570511105082,NaN
16461,0.20722377766865946,0.04604972837081321,0.01769786515772831,60,0.75,1387,24117931,0.005164570511105082,NaN
16471,0.20722377766865946,0.04604972837081321,0.017682800027481148,60,0.75,1387,24131801,0.005164570511105082,NaN
16481,0.20722377766865946,0.04604972837081321,0.017668240422230065,60,0.75,1387,24145671,0.005164570511105082,NaN
16491,0.20722377766865946,0.04604972837081321,0.017654149029911432,60,0.75,1387,24159541,0.005164570511105082,NaN
16501,0.20722377766865946,0.04604972837081321,0.01764051544714772,60,0.75,1387,24173411,0.005164570511105082,NaN
16511,0.20722377766865946,0.04604972837081321,0.01762730949477702,60,0.75,1387,24187281,0.005164570511105082,NaN
16521,0.20722377766865946,0.04604972837081321,0.017614498418881012,60,0.75,1387,24201151,0.005164570511105082,NaN
16531,0.20722377766865946,0.04604972837081321,0.017602071723022368,60,0.75,1387,24215021,0.005164570511105082,NaN
16541,0.20722377766865946,0.04604972837081321,0.017590004262987163,60,0.75,1387,24228891,0.005164570511105082,NaN
16551,0.20722377766865946,0.04604972837081321,0.017578269667856493,60,0.75,1388,24242767,0.005164570511105082,NaN
16561,0.20722377766865946,0.04604972837081321,0.01756686320488338,60,0.75,1388,24256647,0.005164570511105082,NaN
16571,0.20722377766865946,0.04604972837081321,0.017555772941955965,60,0.75,1388,24270527,0.005164570511105082,NaN
16581,0.20722377766865946,0.04604972837081321,0.01754498100222574,60,0.75,1388,24284407,0.005164570511105082,NaN
16591,0.20722377766865946,0.04604972837081321,0.017534475098779034,60,0.75,1388,24298287,0.005164570511105082,NaN
16601,0.20722377766865946,0.04604972837081321,0.017524237013728662,60,0.75,1388,24312167,0.005164570511105082,NaN
16611,0.20722377766865946,0.04604972837081321,0.017514259019052358,60,0.75,1388,24326047,0.005164570511105082,NaN
16621,0.20722377766865946,0.04604972837081321,0.017504534765012243,60,0.75,1388,24339927,0.005164570511105082,NaN
16631,0.20722377766865946,0.04604972837081321,0.017495053968514914,60,0.75,1388,24353807,0.005164570511105082,NaN
16641,0.20722377766865946,0.04604972837081321,0.01748579246583228,60,0.75,1388,24367687,0.005164570511105082,NaN
16651,0.20722377766865946,0.04604972837081321,0.017476750434098028,60,0.75,1388,24381567,0.005164570511105082,NaN
16661,0.20722377766865946,0.04604972837081321,0.017467924503865206,60,0.75,1388,24395447,0.005164570511105082,NaN
16671,0.20722377766865946,0.04604972837081321,0.017459300171459597,60,0.75,1388,24409327,0.005164570511105082,NaN
16681,0.20722377766865946,0.04604972837081321,0.017450865335520836,60,0.75,1388,24423207,0.005164570511105082,NaN
16691,0.20722377766865946,0.04604972837081321,0.017442613536919813,60,0.75,1389,24437095,0.005164570511105082,NaN
16701,0.20722377766865946,0.04604972837081321,0.017434538796983493,60,0.75,1389,24450985,0.005164570511105082,NaN
16711,0.20722377766865946,0.04604972837081321,0.017426641357273377,60,0.75,1389,24464875,0.005164570511105082,NaN
16721,0.20722377766865946,0.04604972837081321,0.017418914111347418,60,0.75,1389,24478765,0.005164570511105082,NaN
16731,0.20722377766865946,0.04604972837081321,0.017411348902382946,60,0.75,1389,24492655,0.005164570511105082,NaN
16741,0.20722377766865946,0.04604972837081321,0.01740393767154724,60,0.75,1389,24506545,0.005164570511105082,NaN
16751,0.20722377766865946,0.04604972837081321,0.017396673922726636,60,0.75,1389,24520435,0.005164570511105082,NaN
16761,0.20722377766865946,0.04604972837081321,0.01738955200330395,60,0.75,1389,24534325,0.005164570511105082,NaN
16771,0.20722377766865946,0.04604972837081321,0.017382572727768646,60,0.75,1389,24548215,0.005164570511105082,NaN
16781,0.20722377766865946,0.04604972837081321,0.017375726969544016,60,0.75,1389,24562105,0.005164570511105082,NaN
16791,0.20722377766865946,0.04604972837081321,0.017369015884247625,60,0.75,1389,24575995,0.005164570511105082,NaN
16801,0.20722377766865946,0.04604972837081321,0.017362432505801752,60,0.75,1389,24589885,0.005164570511105082,NaN
16811,0.20722377766865946,0.04604972837081321,0.01735596972928017,60,0.75,1389,24603775,0.005164570511105082,NaN
16821,0.20722377766865946,0.04604972837081321,0.017349631128953723,60,0.75,1389,24617665,0.005164570511105082,NaN
16831,0.20722377766865946,0.04604972837081321,0.017343394781917314,60,0.75,1390,24631563,0.005164570511105082,NaN
16841,0.20722377766865946,0.04604972837081321,0.017337272498526894,60,0.75,1390,24645463,0.005164570511105082,NaN
16851,0.20722377766865946,0.04604972837081321,0.01733125391414183,60,0.75,1390,24659363,0.005164570511105082,NaN
16861,0.20722377766865946,0.04604972837081321,0.01732534499988721,60,0.75,1390,24673263,0.005164570511105082,NaN
16871,0.20722377766865946,0.04604972837081321,0.0173195366300399,60,0.75,1390,24687163,0.005164570511105082,NaN
16881,0.20722377766865946,0.04604972837081321,0.017313832604767522,60,0.75,1390,24701063,0.005164570511105082,NaN
16891,0.20722377766865946,0.04604972837081321,0.01730821955840614,60,0.75,1390,24714963,0.005164570511105082,NaN
16901,0.20722377766865946,0.04604972837081321,0.017302696815181113,60,0.75,1390,24728863,0.005164570511105082,NaN
16911,0.20722377766865946,0.04604972837081321,0.01729726729091547,60,0.75,1390,24742763,0.005164570511105082,NaN
16921,0.20722377766865946,0.04604972837081321,0.017291929198774376,60,0.75,1390,24756663,0.005164570511105082,NaN
16931,0.20722377766865946,0.04604972837081321,0.017286674905323436,60,0.75,1390,24770563,0.005164570511105082,NaN
16941,0.20722377766865946,0.04604972837081321,0.017281504705440036,60,0.75,1390,24784463,0.005164570511105082,NaN
16951,0.20722377766865946,0.04604972837081321,0.017276408579088194,60,0.75,1390,24798363,0.005164570511105082,NaN
16961,0.20722377766865946,0.04604972837081321,0.01727139486889718,60,0.75,1390,24812263,0.005164570511105082,NaN
16971,0.20722377766865946,0.04604972837081321,0.01726645673650212,60,0.75,1391,24826170,0.005164570511105082,NaN
16981,0.20722377766865946,0.04604972837081321,0.01726159523807323,60,0.75,1391,24840080,0.005164570511105082,NaN
16991,0.20722377766865946,0.04604972837081321,0.017256805208963544,60,0.75,1391,24853990,0.005164570511105082,NaN
17001,0.20722377766865946,0.04604972837081321,0.017252084118378582,60,0.75,1391,24867900,0.005164570511105082,NaN
17011,0.20722377766865946,0.04604972837081321,0.01724743418573258,60,0.75,1391,24881810,0.005164570511105082,NaN
17021,0.20722377766865946,0.04604972837081321,0.017242847354804375,60,0.75,1391,24895720,0.005164570511105082,NaN
17031,0.20722377766865946,0.04604972837081321,0.017238332595882686,60,0.75,1391,24909630,0.005164570511105082,NaN
17041,0.20722377766865946,0.04604972837081321,0.017233876583421463,60,0.75,1391,24923540,0.005164570511105082,NaN
17051,0.20722377766865946,0.04604972837081321,0.017229485901962136,60,0.75,1391,24937450,0.005164570511105082,NaN
17061,0.20722377766865946,0.04604972837081321,0.017225158092818223,60,0.75,1391,24951360,0.005164570511105082,NaN
17071,0.20722377766865946,0.04604972837081321,0.017220885965641607,60,0.75,1391,24965270,0.005164570511105082,NaN
17081,0.20722377766865946,0.04604972837081321,0.017216672961188832,60,0.75,1391,24979180,0.005164570511105082,NaN
17091,0.20722377766865946,0.04604972837081321,0.01721252018815343,60,0.75,1391,24993090,0.005164570511105082,NaN
17101,0.20722377766865946,0.04604972837081321,0.017208417725547293,60,0.75,1391,25007000,0.005164570511105082,NaN
17111,0.20722377766865946,0.04604972837081321,0.017204375713116914,60,0.75,1392,25020915,0.005164570511105082,NaN
17121,0.20722377766865946,0.04604972837081321,0.017200382486430223,60,0.75,1392,25034835,0.005164570511105082,NaN
17131,0.20722377766865946,0.04604972837081321,0.017196439501398028,60,0.75,1392,25048755,0.005164570511105082,NaN
17141,0.20722377766865946,0.04604972837081321,0.017192548206783956,60,0.75,1392,25062675,0.005164570511105082,NaN
17151,0.20722377766865946,0.04604972837081321,0.017188705908607587,60,0.75,1392,25076595,0.005164570511105082,NaN
17161,0.20722377766865946,0.04604972837081321,0.0171849158765996,60,0.75,1392,25090515,0.005164570511105082,NaN
17171,0.20722377766865946,0.04604972837081321,0.017181174831971832,60,0.75,1392,25104435,0.005164570511105082,NaN
17181,0.20722377766865946,0.04604972837081321,0.017177477686325975,60,0.75,1392,25118355,0.005164570511105082,NaN
17191,0.20722377766865946,0.04604972837081321,0.01717382524426184,60,0.75,1392,25132275,0.005164570511105082,NaN
17201,0.20722377766865946,0.04604972837081321,0.017170214124916566,60,0.75,1392,25146195,0.005164570511105082,NaN
17211,0.20722377766865946,0.04604972837081321,0.017166650555039683,60,0.75,1392,25160115,0.005164570511105082,NaN
17221,0.20722377766865946,0.04604972837081321,0.0171631305965202,60,0.75,1392,25174035,0.005164570511105082,NaN
17231,0.20722377766865946,0.04604972837081321,0.01715965331803096,60,0.75,1392,25187955,0.005164570511105082,NaN
17241,0.20722377766865946,0.04604972837081321,0.01715621338517951,60,0.75,1392,25201875,0.005164570511105082,NaN
17251,0.20722377766865946,0.04604972837081321,0.017152816178032743,60,0.75,1393,25215797,0.005164570511105082,NaN
17261,0.20722377766865946,0.04604972837081321,0.017149456112513322,60,0.75,1393,25229727,0.005164570511105082,NaN
17271,0.20722377766865946,0.04604972837081321,0.017146136565330494,60,0.75,1393,25243657,0.005164570511105082,NaN
17281,0.20722377766865946,0.04604972837081321,0.017142854659609238,60,0.75,1393,25257587,0.005164570511105082,NaN
17291,0.20722377766865946,0.04604972837081321,0.017139609007556837,60,0.75,1393,25271517,0.005164570511105082,NaN
17301,0.20722377766865946,0.04604972837081321,0.017136399329549398,60,0.75,1393,25285447,0.005164570511105082,NaN
17311,0.20722377766865946,0.04604972837081321,0.01713322515685632,60,0.75,1393,25299377,0.005164570511105082,NaN
17321,0.20722377766865946,0.04604972837081321,0.017130084394221024,60,0.75,1393,25313307,0.005164570511105082,NaN
17331,0.20722377766865946,0.04604972837081321,0.017126978712550117,60,0.75,1393,25327237,0.005164570511105082,NaN
17341,0.20722377766865946,0.04604972837081321,0.01712390612037832,60,0.75,1393,25341167,0.005164570511105082,NaN
17351,0.20722377766865946,0.04604972837081321,0.017120865323070014,60,0.75,1393,25355097,0.005164570511105082,NaN
17361,0.20722377766865946,0.04604972837081321,0.017117859964421108,60,0.75,1393,25369027,0.005164570511105082,NaN
17371,0.20722377766865946,0.04604972837081321,0.017114886703945575,60,0.75,1393,25382957,0.005164570511105082,NaN
17381,0.20722377766865946,0.04604972837081321,0.01711194508006664,60,0.75,1393,25396887,0.005164570511105082,NaN
17391,0.20722377766865946,0.04604972837081321,0.017109030804957733,60,0.75,1393,25410817,0.005164570511105082,NaN
17401,0.20722377766865946,0.04604972837081321,0.017106145861570717,60,0.75,1394,25424755,0.005164570511105082,NaN
17411,0.20722377766865946,0.04604972837081321,0.017103291859486447,60,0.75,1394,25438695,0.005164570511105082,NaN
17421,0.20722377766865946,0.04604972837081321,0.017100466302849376,60,0.75,1394,25452635,0.005164570511105082,NaN
17431,0.20722377766865946,0.04604972837081321,0.017097670492790207,60,0.75,1394,25466575,0.005164570511105082,NaN
17441,0.20722377766865946,0.04604972837081321,0.017094900962903017,60,0.75,1394,25480515,0.005164570511105082,NaN
17451,0.20722377766865946,0.04604972837081321,0.01709216323321503,60,0.75,1394,25494455,0.005164570511105082,NaN
17461,0.20722377766865946,0.04604972837081321,0.017089450990238682,60,0.75,1394,25508395,0.005164570511105082,NaN
17471,0.20722377766865946,0.04604972837081321,0.017086765817280917,60,0.75,1394,25522335,0.005164570511105082,NaN
17481,0.20722377766865946,0.04604972837081321,0.017084106034500352,60,0.75,1394,25536275,0.005164570511105082,NaN
17491,0.20722377766865946,0.04604972837081321,0.017081471319847705,60,0.75,1394,25550215,0.005164570511105082,NaN
17501,0.20722377766865946,0.04604972837081321,0.01707886255306635,60,0.75,1394,25564155,0.005164570511105082,NaN
17511,0.20722377766865946,0.04604972837081321,0.017076280014988558,60,0.75,1394,25578095,0.005164570511105082,NaN
17521,0.20722377766865946,0.04604972837081321,0.017073722406250914,60,0.75,1394,25592035,0.005164570511105082,NaN
17531,0.20722377766865946,0.04604972837081321,0.017071189304615604,60,0.75,1394,25605975,0.005164570511105082,NaN
17541,0.20722377766865946,0.04604972837081321,0.017068679286791212,60,0.75,1395,25619917,0.005164570511105082,NaN
17551,0.20722377766865946,0.04604972837081321,0.01706619027844653,60,0.75,1395,25633867,0.005164570511105082,NaN
17561,0.20722377766865946,0.04604972837081321,0.017063726579703016,60,0.75,1395,25647817,0.005164570511105082,NaN
17571,0.20722377766865946,0.04604972837081321,0.017061287148265714,60,0.75,1395,25661767,0.005164570511105082,NaN
17581,0.20722377766865946,0.04604972837081321,0.017058867874613803,60,0.75,1395,25675717,0.005164570511105082,NaN
17591,0.20722377766865946,0.04604972837081321,0.017056468738257485,60,0.75,1395,25689667,0.005164570511105082,NaN
17601,0.20722377766865946,0.04604972837081321,0.0170540921201455,60,0.75,1395,25703617,0.005164570511105082,NaN
17611,0.20722377766865946,0.04604972837081321,0.01705173672631469,60,0.75,1395,25717567,0.005164570511105082,NaN
17621,0.20722377766865946,0.04604972837081321,0.01704940106159527,60,0.75,1395,25731517,0.005164570511105082,NaN
17631,0.20722377766865946,0.04604972837081321,0.017047090318449806,60,0.75,1395,25745467,0.005164570511105082,NaN
17641,0.20722377766865946,0.04604972837081321,0.017044797873522234,60,0.75,1395,25759417,0.005164570511105082,NaN
17651,0.20722377766865946,0.04604972837081321,0.017042524282266262,60,0.75,1395,25773367,0.005164570511105082,NaN
17661,0.20722377766865946,0.04604972837081321,0.017040272495280003,60,0.75,1395,25787317,0.005164570511105082,NaN
17671,0.20722377766865946,0.04604972837081321,0.01703803984101974,60,0.75,1395,25801267,0.005164570511105082,NaN
17681,0.20722377766865946,0.04604972837081321,0.01703582793934048,60,0.75,1395,25815217,0.005164570511105082,NaN
17691,0.20722377766865946,0.04604972837081321,0.017033633690438414,60,0.75,1396,25829172,0.005164570511105082,NaN
17701,0.20722377766865946,0.04604972837081321,0.017031456023956965,60,0.75,1396,25843132,0.005164570511105082,NaN
17711,0.20722377766865946,0.04604972837081321,0.017029295832645057,60,0.75,1396,25857092,0.005164570511105082,NaN
17721,0.20722377766865946,0.04604972837081321,0.017027152128542812,60,0.75,1396,25871052,0.005164570511105082,NaN
17731,0.20722377766865946,0.04604972837081321,0.017025028587765275,60,0.75,1396,25885012,0.005164570511105082,NaN
17741,0.20722377766865946,0.04604972837081321,0.017022923692580183,60,0.75,1396,25898972,0.005164570511105082,NaN
17751,0.20722377766865946,0.04604972837081321,0.01702083584305459,60,0.75,1396,25912932,0.005164570511105082,NaN
17761,0.20722377766865946,0.04604972837081321,0.01701876338528735,60,0.75,1396,25926892,0.005164570511105082,NaN
17771,0.20722377766865946,0.04604972837081321,0.017016710206467382,60,0.75,1396,25940852,0.005164570511105082,NaN
17781,0.20722377766865946,0.04604972837081321,0.017014675473687704,60,0.75,1396,25954812,0.005164570511105082,NaN
17791,0.20722377766865946,0.04604972837081321,0.017012655571685156,60,0.75,1396,25968772,0.005164570511105082,NaN
17801,0.20722377766865946,0.04604972837081321,0.017010650206822055,60,0.75,1396,25982732,0.005164570511105082,NaN
17811,0.20722377766865946,0.04604972837081321,0.01700865973408546,60,0.75,1396,25996692,0.005164570511105082,NaN
17821,0.20722377766865946,0.04604972837081321,0.017006687746979422,60,0.75,1396,26010652,0.005164570511105082,NaN
17831,0.20722377766865946,0.04604972837081321,0.01700472757853653,60,0.75,1396,26024612,0.005164570511105082,NaN
17841,0.20722377766865946,0.04604972837081321,0.017002785366835572,60,0.75,1397,26038579,0.005164570511105082,NaN
17851,0.20722377766865946,0.04604972837081321,0.017000856016190214,60,0.75,1397,26052549,0.005164570511105082,NaN
17861,0.20722377766865946,0.04604972837081321,0.016998941442357553,60,0.75,1397,26066519,0.005164570511105082,NaN
17871,0.20722377766865946,0.04604972837081321,0.01699704219013275,60,0.75,1397,26080489,0.005164570511105082,NaN
17881,0.20722377766865946,0.04604972837081321,0.016995156685732427,60,0.75,1397,26094459,0.005164570511105082,NaN
17891,0.20722377766865946,0.04604972837081321,0.016993288329866477,60,0.75,1397,26108429,0.005164570511105082,NaN
17901,0.20722377766865946,0.04604972837081321,0.01699143196788453,60,0.75,1397,26122399,0.005164570511105082,NaN
17911,0.20722377766865946,0.04604972837081321,0.016989589509351595,60,0.75,1397,26136369,0.005164570511105082,NaN
17921,0.20722377766865946,0.04604972837081321,0.01698776071873597,60,0.75,1397,26150339,0.005164570511105082,NaN
17931,0.20722377766865946,0.04604972837081321,0.01698594534485879,60,0.75,1397,26164309,0.005164570511105082,NaN
17941,0.20722377766865946,0.04604972837081321,0.016984144124624293,60,0.75,1397,26178279,0.005164570511105082,NaN
17951,0.20722377766865946,0.04604972837081321,0.016982356716536445,60,0.75,1397,26192249,0.005164570511105082,NaN
17961,0.20722377766865946,0.04604972837081321,0.016980582441404074,60,0.75,1397,26206219,0.005164570511105082,NaN
17971,0.20722377766865946,0.04604972837081321,0.016978821319945082,60,0.75,1397,26220189,0.005164570511105082,NaN
17981,0.20722377766865946,0.04604972837081321,0.016977075254082707,60,0.75,1397,26234159,0.005164570511105082,NaN
17991,0.20722377766865946,0.04604972837081321,0.016975337992173597,60,0.75,1398,26248137,0.005164570511105082,NaN
18001,0.20722377766865946,0.04604972837081321,0.016973614390408377,60,0.75,1398,26262117,0.005164570511105082,NaN
18011,0.20722377766865946,0.04604972837081321,0.016971904573262198,60,0.75,1398,26276097,0.005164570511105082,NaN
18021,0.20722377766865946,0.04604972837081321,0.01697020524302135,60,0.75,1398,26290077,0.005164570511105082,NaN
18031,0.20722377766865946,0.04604972837081321,0.016968516333341403,60,0.75,1398,26304057,0.005164570511105082,NaN
18041,0.20722377766865946,0.04604972837081321,0.01696684091152676,60,0.75,1398,26318037,0.005164570511105082,NaN
18051,0.20722377766865946,0.04604972837081321,0.016965178655234142,60,0.75,1398,26332017,0.005164570511105082,NaN
18061,0.20722377766865946,0.04604972837081321,0.0169635266211958,60,0.75,1398,26345997,0.005164570511105082,NaN
18071,0.20722377766865946,0.04604972837081321,0.016961883702640446,60,0.75,1398,26359977,0.005164570511105082,NaN
18081,0.20722377766865946,0.04604972837081321,0.016960255626057148,60,0.75,1398,26373957,0.005164570511105082,NaN
18091,0.20722377766865946,0.04604972837081321,0.01695863795360698,60,0.75,1398,26387937,0.005164570511105082,NaN
18101,0.20722377766865946,0.04604972837081321,0.016957031455750973,60,0.75,1398,26401917,0.005164570511105082,NaN
18111,0.20722377766865946,0.04604972837081321,0.016955434280315138,60,0.75,1398,26415897,0.005164570511105082,NaN
18121,0.20722377766865946,0.04604972837081321,0.016953849022417564,60,0.75,1398,26429877,0.005164570511105082,NaN
18131,0.20722377766865946,0.04604972837081321,0.01695227316067812,60,0.75,1398,26443857,0.005164570511105082,NaN
18141,0.20722377766865946,0.04604972837081321,0.01695070693891117,60,0.75,1399,26457845,0.005164570511105082,NaN
18151,0.20722377766865946,0.04604972837081321,0.01694915193094174,60,0.75,1399,26471835,0.005164570511105082,NaN
18161,0.20722377766865946,0.04604972837081321,0.016947608198389457,60,0.75,1399,26485825,0.005164570511105082,NaN
18171,0.20722377766865946,0.04604972837081321,0.01694607528892755,60,0.75,1399,26499815,0.005164570511105082,NaN
18181,0.20722377766865946,0.04604972837081321,0.016944551500100748,60,0.75,1399,26513805,0.005164570511105082,NaN
18191,0.20722377766865946,0.04604972837081321,0.01694303756446624,60,0.75,1399,26527795,0.005164570511105082,NaN
18201,0.20722377766865946,0.04604972837081321,0.01694153394363674,60,0.75,1399,26541785,0.005164570511105082,NaN
18211,0.20722377766865946,0.04604972837081321,0.016940038192492724,60,0.75,1399,26555775,0.005164570511105082,NaN
18221,0.20722377766865946,0.04604972837081321,0.016938553713460182,60,0.75,1399,26569765,0.005164570511105082,NaN
18231,0.20722377766865946,0.04604972837081321,0.01693707752646538,60,0.75,1399,26583755,0.005164570511105082,NaN
18241,0.20722377766865946,0.04604972837081321,0.01693561327255171,60,0.75,1399,26597745,0.005164570511105082,NaN
18251,0.20722377766865946,0.04604972837081321,0.016934158843260546,60,0.75,1399,26611735,0.005164570511105082,NaN
18261,0.20722377766865946,0.04604972837081321,0.01693271146259726,60,0.75,1399,26625725,0.005164570511105082,NaN
18271,0.20722377766865946,0.04604972837081321,0.016931274090236353,60,0.75,1399,26639715,0.005164570511105082,NaN
18281,0.20722377766865946,0.04604972837081321,0.016929844627880587,60,0.75,1399,26653705,0.005164570511105082,NaN
18291,0.20722377766865946,0.04604972837081321,0.016928425123813352,60,0.75,1400,26667701,0.005164570511105082,NaN
18301,0.20722377766865946,0.04604972837081321,0.016927012007237594,60,0.75,1400,26681701,0.005164570511105082,NaN
18311,0.20722377766865946,0.04604972837081321,0.01692560948112801,60,0.75,1400,26695701,0.005164570511105082,NaN
18321,0.20722377766865946,0.04604972837081321,0.016924213513569857,60,0.75,1400,26709701,0.005164570511105082,NaN
18331,0.20722377766865946,0.04604972837081321,0.016922827987039032,60,0.75,1400,26723701,0.005164570511105082,NaN
18341,0.20722377766865946,0.04604972837081321,0.016921450000600264,60,0.75,1400,26737701,0.005164570511105082,NaN
18351,0.20722377766865946,0.04604972837081321,0.01692008125850034,60,0.75,1400,26751701,0.005164570511105082,NaN
18361,0.20722377766865946,0.04604972837081321,0.016918721389926446,60,0.75,1400,26765701,0.005164570511105082,NaN
18371,0.20722377766865946,0.04604972837081321,0.01691736857567906,60,0.75,1400,26779701,0.005164570511105082,NaN
18381,0.20722377766865946,0.04604972837081321,0.0169160259296587,60,0.75,1400,26793701,0.005164570511105082,NaN
18391,0.20722377766865946,0.04604972837081321,0.01691468798708772,60,0.75,1400,26807701,0.005164570511105082,NaN
18401,0.20176255244540944,0.04466578657810355,0.016843967875902532,59,0.7375,1377,26821517,0.006355131572883532,NaN
18411,0.1944576460518995,0.043058572647018276,0.016764575058484815,59,0.7375,1377,26835287,0.005940594059405946,NaN
18421,0.1878825804529842,0.04162005441771975,0.016693295398312984,59,0.7375,1377,26849057,0.005851827098853957,NaN
18431,0.18205192987466437,0.040334749796760064,0.016628821119813723,59,0.7375,1377,26862827,0.004915354552169016,NaN
18441,0.17672140557610624,0.039163086668022554,0.01657012172768318,59,0.7375,1377,26876597,0.0052768842910544955,NaN
18451,0.17193135383256236,0.03810322366595243,0.016516377782638845,59,0.7375,1377,26890367,0.005781219240107549,NaN
18461,0.16729646921968297,0.0370832864876022,0.016466922890978876,59,0.7375,1377,26904137,0.00648486450349034,NaN
18471,0.16312324353570942,0.03617161401728479,0.01642121516996386,59,0.7375,1377,26917907,0.005437059326784066,NaN
18481,0.15932793427284322,0.03532036140495697,0.01637879927876803,59,0.7375,1377,26931677,0.004915354552169016,NaN
18491,0.15571755172911994,0.03452900344685146,0.016339289394779702,59,0.7375,1378,26945448,0.004915354552169016,NaN
18501,0.15243679528019455,0.033804498024780485,0.016302344557179074,59,0.7375,1378,26959228,0.004915354552169016,NaN
18511,0.1493059516974073,0.033108639517660576,0.01626772147477835,59,0.7375,1378,26973008,0.004915354552169016,NaN
18521,0.14635401865240427,0.03245686122251019,0.01623517708084542,59,0.7375,1378,26986788,0.005837784418456837,NaN
18531,0.14354012827757273,0.031837814419127246,0.016204514639958575,59,0.7375,1378,27000568,0.005762052349388036,NaN
18541,0.1409628578560404,0.031264271990264235,0.016175557505253242,59,0.7375,1378,27014348,0.004993681641901615,NaN
18551,0.1384842469979601,0.030723189186121186,0.016148150593540186,59,0.7375,1378,27028128,0.005622127552412259,NaN
18561,0.13617858265430632,0.030215156799551418,0.016122160281086692,59,0.7375,1378,27041908,0.004915354552169016,NaN
18571,0.13392007603747774,0.02971018519561557,0.016097463823400916,59,0.7375,1378,27055688,0.004915354552169016,NaN
18581,0.13174883953620373,0.029231064242666503,0.016073959207702347,59,0.7375,1378,27069468,0.004915354552169016,NaN
18591,0.12972042320171676,0.028783358943184612,0.016051550308422258,59,0.7375,1378,27083248,0.004915354552169016,NaN
18601,0.12783725086382725,0.02836642781620594,0.016030155086046244,59,0.7375,1378,27097028,0.004915354552169016,NaN
18611,0.12599375540095684,0.027956979842535902,0.01600969782851401,59,0.7375,1378,27110808,0.004915354552169016,NaN
18621,0.1242169794218237,0.027565029083523623,0.015990112835039795,59,0.7375,1378,27124588,0.004915354552169016,NaN
18631,0.12253929643664283,0.027194966915708104,0.015971336583674778,59,0.7375,1378,27138368,0.004915354552169016,NaN
18641,0.12095632943314262,0.026842880710414546,0.015953318043559175,59,0.7375,1378,27152148,0.004915354552169016,NaN
18651,0.11939153577981435,0.026496186507535928,0.015935996530745667,59,0.7375,1379,27165931,0.004915354552169016,NaN
18661,0.11788208589293603,0.026164554439026377,0.015919327804024802,59,0.7375,1379,27179721,0.004915354552169016,NaN
18671,0.11644190296761064,0.02584523153065754,0.01590327672887997,59,0.7375,1379,27193511,0.004915354552169016,NaN
18681,0.11506849010760986,0.025539038775766472,0.01588780666783037,59,0.7375,1379,27207301,0.004915354552169016,NaN
18691,0.11374541274601871,0.02524588075026424,0.01587288364294786,59,0.7375,1379,27221091,0.004915354552169016,NaN
18701,0.11246122545308154,0.024963845199614452,0.01585847417632903,59,0.7375,1379,27234881,0.004915354552169016,NaN
18711,0.11120976978300133,0.02468667801761373,0.015844549972285113,59,0.7375,1379,27248671,0.004915354552169016,NaN
18721,0.11002641015597378,0.024423888280008813,0.015831084653831484,59,0.7375,1379,27262461,0.004915354552169016,NaN
18731,0.10887609461104683,0.02416682388248471,0.015818051887030105,59,0.7375,1379,27276251,0.004915354552169016,NaN
18741,0.10773540415055803,0.023917362385092993,0.01580542974425925,59,0.7375,1379,27290041,0.004915354552169016,NaN
18751,0.10677883208539198,0.02372862935230933,0.015793195588228986,59,0.7375,1379,27303831,0.004915354552169016,NaN
18761,0.10677883208539198,0.02372862935230933,0.015781330033778497,59,0.7375,1379,27317621,0.004915354552169016,NaN
18771,0.10677883208539198,0.02372862935230933,0.01576981529036433,59,0.7375,1379,27331411,0.004915354552169016,NaN
18781,0.10677883208539198,0.02372862935230933,0.01575863213595147,59,0.7375,1379,27345201,0.004915354552169016,NaN
18791,0.10677883208539198,0.02372862935230933,0.0157477675358468,59,0.7375,1379,27358991,0.004915354552169016,NaN
18801,0.10677883208539198,0.02372862935230933,0.015737204453282003,59,0.7375,1379,27372781,0.004915354552169016,NaN
18811,0.10677883208539198,0.02372862935230933,0.015726925421951594,59,0.7375,1380,27386576,0.004915354552169016,NaN
18821,0.10677883208539198,0.02372862935230933,0.015716919110358198,59,0.7375,1380,27400376,0.004915354552169016,NaN
18831,0.10677883208539198,0.02372862935230933,0.015707175048367338,59,0.7375,1380,27414176,0.004915354552169016,NaN
18841,0.10677883208539198,0.02372862935230933,0.0156976822776003,59,0.7375,1380,27427976,0.004915354552169016,NaN
18851,0.10677883208539198,0.02372862935230933,0.015688430416083636,59,0.7375,1380,27441776,0.004915354552169016,NaN
18861,0.10677883208539198,0.02372862935230933,0.01567940897064927,59,0.7375,1380,27455576,0.004915354552169016,NaN
18871,0.10677883208539198,0.02372862935230933,0.015670609489831885,59,0.7375,1380,27469376,0.004915354552169016,NaN
18881,0.10677883208539198,0.02372862935230933,0.01566202180169703,59,0.7375,1380,27483176,0.004915354552169016,NaN
18891,0.10677883208539198,0.02372862935230933,0.015653635964669323,59,0.7375,1380,27496976,0.004915354552169016,NaN
18901,0.10677883208539198,0.02372862935230933,0.015645447100787885,59,0.7375,1380,27510776,0.004915354552169016,NaN
18911,0.10677883208539198,0.02372862935230933,0.015637445197634173,59,0.7375,1380,27524576,0.004915354552169016,NaN
18921,0.10677883208539198,0.02372862935230933,0.015629623227617122,59,0.7375,1380,27538376,0.004915354552169016,NaN
18931,0.10677883208539198,0.02372862935230933,0.015621974676351296,59,0.7375,1380,27552176,0.004915354552169016,NaN
18941,0.10677883208539198,0.02372862935230933,0.015614493993647019,59,0.7375,1380,27565976,0.004915354552169016,NaN
18951,0.10677883208539198,0.02372862935230933,0.015607173968020346,59,0.7375,1380,27579776,0.004915354552169016,NaN
18961,0.10677883208539198,0.02372862935230933,0.015600009547828895,59,0.7375,1380,27593576,0.004915354552169016,NaN
18971,0.10677883208539198,0.02372862935230933,0.015592992387313325,59,0.7375,1381,27607381,0.004915354552169016,NaN
18981,0.10677883208539198,0.02372862935230933,0.015586116624024834,59,0.7375,1381,27621191,0.004915354552169016,NaN
18991,0.10677883208539198,0.02372862935230933,0.015579381223116601,59,0.7375,1381,27635001,0.004915354552169016,NaN
19001,0.10677883208539198,0.02372862935230933,0.015572781350591897,59,0.7375,1381,27648811,0.004915354552169016,NaN
19011,0.10677883208539198,0.02372862935230933,0.015566311244427599,59,0.7375,1381,27662621,0.004915354552169016,NaN
19021,0.10677883208539198,0.02372862935230933,0.015559967887704817,59,0.7375,1381,27676431,0.004915354552169016,NaN
19031,0.10677883208539198,0.02372862935230933,0.015553747145494509,59,0.7375,1381,27690241,0.004915354552169016,NaN
19041,0.10677883208539198,0.02372862935230933,0.015547643350207325,59,0.7375,1381,27704051,0.004915354552169016,NaN
19051,0.10677883208539198,0.02372862935230933,0.015541652654457056,59,0.7375,1381,27717861,0.004915354552169016,NaN
19061,0.10677883208539198,0.02372862935230933,0.015535773732045144,59,0.7375,1381,27731671,0.004915354552169016,NaN
19071,0.10677883208539198,0.02372862935230933,0.015530000319892734,59,0.7375,1381,27745481,0.004915354552169016,NaN
19081,0.10677883208539198,0.02372862935230933,0.015524332475268108,59,0.7375,1381,27759291,0.004915354552169016,NaN
19091,0.10677883208539198,0.02372862935230933,0.015518764969334237,59,0.7375,1381,27773101,0.004915354552169016,NaN
19101,0.10677883208539198,0.02372862935230933,0.015513295735523869,59,0.7375,1381,27786911,0.004915354552169016,NaN
19111,0.10677883208539198,0.02372862935230933,0.015507919845186596,59,0.7375,1381,27800721,0.004915354552169016,NaN
19121,0.10677883208539198,0.02372862935230933,0.015502636253850347,59,0.7375,1381,27814531,0.004915354552169016,NaN
19131,0.10677883208539198,0.02372862935230933,0.0154974395714155,59,0.7375,1382,27828344,0.004915354552169016,NaN
19141,0.10677883208539198,0.02372862935230933,0.015492328964060937,59,0.7375,1382,27842164,0.004915354552169016,NaN
19151,0.10677883208539198,0.02372862935230933,0.015487303726928919,59,0.7375,1382,27855984,0.004915354552169016,NaN
19161,0.10677883208539198,0.02372862935230933,0.01548235988626027,59,0.7375,1382,27869804,0.004915354552169016,NaN
19171,0.10677883208539198,0.02372862935230933,0.015477495356817698,59,0.7375,1382,27883624,0.004915354552169016,NaN
19181,0.10677883208539198,0.02372862935230933,0.015472708295526624,59,0.7375,1382,27897444,0.004915354552169016,NaN
19191,0.10677883208539198,0.02372862935230933,0.015467997200961647,59,0.7375,1382,27911264,0.004915354552169016,NaN
19201,0.10677883208539198,0.02372862935230933,0.015463361361928458,59,0.7375,1382,27925084,0.004915354552169016,NaN
19211,0.10677883208539198,0.02372862935230933,0.015458796044150333,59,0.7375,1382,27938904,0.004915354552169016,NaN
19221,0.10677883208539198,0.02372862935230933,0.015454300564587539,59,0.7375,1382,27952724,0.004915354552169016,NaN
19231,0.10677883208539198,0.02372862935230933,0.015449872352930041,59,0.7375,1382,27966544,0.004915354552169016,NaN
19241,0.10677883208539198,0.02372862935230933,0.01544551040966377,59,0.7375,1382,27980364,0.004915354552169016,NaN
19251,0.10677883208539198,0.02372862935230933,0.015441212606743419,59,0.7375,1382,27994184,0.004915354552169016,NaN
19261,0.10677883208539198,0.02372862935230933,0.015436977711051084,59,0.7375,1382,28008004,0.004915354552169016,NaN
19271,0.10677883208539198,0.02372862935230933,0.015432804235770703,59,0.7375,1382,28021824,0.004915354552169016,NaN
19281,0.10677883208539198,0.02372862935230933,0.015428691080080357,59,0.7375,1382,28035644,0.004915354552169016,NaN
19291,0.10677883208539198,0.02372862935230933,0.015424635921787902,59,0.7375,1382,28049464,0.004915354552169016,NaN
19301,0.10677883208539198,0.02372862935230933,0.015420636123876171,59,0.7375,1383,28063294,0.004915354552169016,NaN
19311,0.10677883208539198,0.02372862935230933,0.015416691410244205,59,0.7375,1383,28077124,0.004915354552169016,NaN
19321,0.10677883208539198,0.02372862935230933,0.015412801341483312,59,0.7375,1383,28090954,0.004915354552169016,NaN
19331,0.10677883208539198,0.02372862935230933,0.0154089642549094,59,0.7375,1383,28104784,0.004915354552169016,NaN
19341,0.10677883208539198,0.02372862935230933,0.015405178929839428,59,0.7375,1383,28118614,0.004915354552169016,NaN
19351,0.10677883208539198,0.02372862935230933,0.015401443628475892,59,0.7375,1383,28132444,0.004915354552169016,NaN
19361,0.10677883208539198,0.02372862935230933,0.015397758702899814,59,0.7375,1383,28146274,0.004915354552169016,NaN
19371,0.10677883208539198,0.02372862935230933,0.0153941235789074,59,0.7375,1383,28160104,0.004915354552169016,NaN
19381,0.10677883208539198,0.02372862935230933,0.015390534592448876,59,0.7375,1383,28173934,0.004915354552169016,NaN
19391,0.10677883208539198,0.02372862935230933,0.015386991628529365,59,0.7375,1383,28187764,0.004915354552169016,NaN
19401,0.10677883208539198,0.02372862935230933,0.01538349334744572,59,0.7375,1383,28201594,0.004915354552169016,NaN
19411,0.10677883208539198,0.02372862935230933,0.015380038965564021,59,0.7375,1383,28215424,0.004915354552169016,NaN
19421,0.10677883208539198,0.02372862935230933,0.015376628477994722,59,0.7375,1383,28229254,0.004915354552169016,NaN
19431,0.10677883208539198,0.02372862935230933,0.015373259732125055,59,0.7375,1383,28243084,0.004915354552169016,NaN
19441,0.10677883208539198,0.02372862935230933,0.01536993343574633,59,0.7375,1383,28256914,0.004915354552169016,NaN
19451,0.10677883208539198,0.02372862935230933,0.015366646548659019,59,0.7375,1383,28270744,0.004915354552169016,NaN
19461,0.10677883208539198,0.02372862935230933,0.015363399265541245,59,0.7375,1384,28284580,0.004915354552169016,NaN
19471,0.10677883208539198,0.02372862935230933,0.015360188503032413,59,0.7375,1384,28298420,0.004915354552169016,NaN
19481,0.10677883208539198,0.02372862935230933,0.015357017382504482,59,0.7375,1384,28312260,0.004915354552169016,NaN
19491,0.10677883208539198,0.02372862935230933,0.015353883120845749,59,0.7375,1384,28326100,0.004915354552169016,NaN
19501,0.10677883208539198,0.02372862935230933,0.015350786396166868,59,0.7375,1384,28339940,0.004915354552169016,NaN
19511,0.10677883208539198,0.02372862935230933,0.01534772636051578,59,0.7375,1384,28353780,0.004915354552169016,NaN
19521,0.10677883208539198,0.02372862935230933,0.015344700484830096,59,0.7375,1384,28367620,0.004915354552169016,NaN
19531,0.10677883208539198,0.02372862935230933,0.015341709789968652,59,0.7375,1384,28381460,0.004915354552169016,NaN
19541,0.10677883208539198,0.02372862935230933,0.015338752377526271,59,0.7375,1384,28395300,0.004915354552169016,NaN
19551,0.10677883208539198,0.02372862935230933,0.015335828077779367,59,0.7375,1384,28409140,0.004915354552169016,NaN
19561,0.10677883208539198,0.02372862935230933,0.015332937035295997,59,0.7375,1384,28422980,0.004915354552169016,NaN
19571,0.10677883208539198,0.02372862935230933,0.015330077709432236,59,0.7375,1384,28436820,0.004915354552169016,NaN
19581,0.10677883208539198,0.02372862935230933,0.015327248130022628,59,0.7375,1384,28450660,0.004915354552169016,NaN
19591,0.10677883208539198,0.02372862935230933,0.0153244509576415,59,0.7375,1384,28464500,0.004915354552169016,NaN
19601,0.10677883208539198,0.02372862935230933,0.015321684298144863,59,0.7375,1384,28478340,0.004915354552169016,NaN
19611,0.10677883208539198,0.02372862935230933,0.015318946824121233,59,0.7375,1384,28492180,0.004915354552169016,NaN
19621,0.10677883208539198,0.02372862935230933,0.015316237611447427,59,0.7375,1385,28506021,0.004915354552169016,NaN
19631,0.10677883208539198,0.02372862935230933,0.015313556255395497,59,0.7375,1385,28519871,0.004915354552169016,NaN
19641,0.10677883208539198,0.02372862935230933,0.01531090311337259,59,0.7375,1385,28533721,0.004915354552169016,NaN
19651,0.10677883208539198,0.02372862935230933,0.015308277687435817,59,0.7375,1385,28547571,0.004915354552169016,NaN
19661,0.10677883208539198,0.02372862935230933,0.015305678662046593,59,0.7375,1385,28561421,0.004915354552169016,NaN
19671,0.10677883208539198,0.02372862935230933,0.015303106743561288,59,0.7375,1385,28575271,0.004915354552169016,NaN
19681,0.10677883208539198,0.02372862935230933,0.015300561009986242,59,0.7375,1385,28589121,0.004915354552169016,NaN
19691,0.10677883208539198,0.02372862935230933,0.01529804118168385,59,0.7375,1385,28602971,0.004915354552169016,NaN
19701,0.10677883208539198,0.02372862935230933,0.015295547068838908,59,0.7375,1385,28616821,0.004915354552169016,NaN
19711,0.10677883208539198,0.02372862935230933,0.015293076339187306,59,0.7375,1385,28630671,0.004915354552169016,NaN
19721,0.10677883208539198,0.02372862935230933,0.015290630178142394,59,0.7375,1385,28644521,0.004915354552169016,NaN
19731,0.10677883208539198,0.02372862935230933,0.015288208447111285,59,0.7375,1385,28658371,0.004915354552169016,NaN
19741,0.10677883208539198,0.02372862935230933,0.015285810100170683,59,0.7375,1385,28672221,0.004915354552169016,NaN
19751,0.10677883208539198,0.02372862935230933,0.015283435661273867,59,0.7375,1385,28686071,0.004915354552169016,NaN
19761,0.10677883208539198,0.02372862935230933,0.015281084318119562,59,0.7375,1385,28699921,0.004915354552169016,NaN
19771,0.10677883208539198,0.02372862935230933,0.015278754681656789,59,0.7375,1385,28713771,0.004915354552169016,NaN
19781,0.10677883208539198,0.02372862935230933,0.015276446215220205,59,0.7375,1385,28727621,0.004915354552169016,NaN
19791,0.10677883208539198,0.02372862935230933,0.01527415927503368,59,0.7375,1386,28741475,0.004915354552169016,NaN
19801,0.10677883208539198,0.02372862935230933,0.015271893739804698,59,0.7375,1386,28755335,0.004915354552169016,NaN
19811,0.10677883208539198,0.02372862935230933,0.015269648796488391,59,0.7375,1386,28769195,0.004915354552169016,NaN
19821,0.10677883208539198,0.02372862935230933,0.01526742421565529,59,0.7375,1386,28783055,0.004915354552169016,NaN
19831,0.10677883208539198,0.02372862935230933,0.015265220395003212,59,0.7375,1386,28796915,0.004915354552169016,NaN
19841,0.10677883208539198,0.02372862935230933,0.015263035892125165,59,0.7375,1386,28810775,0.004915354552169016,NaN
19851,0.10677883208539198,0.02372862935230933,0.015260872321358592,59,0.7375,1386,28824635,0.004915354552169016,NaN
19861,0.10677883208539198,0.02372862935230933,0.015258727721632703,59,0.7375,1386,28838495,0.004915354552169016,NaN
19871,0.10677883208539198,0.02372862935230933,0.015256602133790228,59,0.7375,1386,28852355,0.004915354552169016,NaN
19881,0.10677883208539198,0.02372862935230933,0.015254494807486262,59,0.7375,1386,28866215,0.004915354552169016,NaN
19891,0.10677883208539198,0.02372862935230933,0.015252407217530881,59,0.7375,1386,28880075,0.004915354552169016,NaN
19901,0.10677883208539198,0.02372862935230933,0.015250337226760835,59,0.7375,1386,28893935,0.004915354552169016,NaN
19911,0.10677883208539198,0.02372862935230933,0.015248285731720055,59,0.7375,1386,28907795,0.004915354552169016,NaN
19921,0.10677883208539198,0.02372862935230933,0.015246251153540526,59,0.7375,1386,28921655,0.004915354552169016,NaN
19931,0.10677883208539198,0.02372862935230933,0.015244235030079092,59,0.7375,1386,28935515,0.004915354552169016,NaN
19941,0.10677883208539198,0.02372862935230933,0.015242235327555007,59,0.7375,1386,28949375,0.004915354552169016,NaN
19951,0.10677883208539198,0.02372862935230933,0.01524025301930117,59,0.7375,1386,28963235,0.004915354552169016,NaN
19961,0.10677883208539198,0.02372862935230933,0.01523828577633643,59,0.7375,1387,28977100,0.004915354552169016,NaN
19971,0.10677883208539198,0.02372862935230933,0.015236335073492882,59,0.7375,1387,28990970,0.004915354552169016,NaN
19981,0.10677883208539198,0.02372862935230933,0.015234401607789846,59,0.7375,1387,29004840,0.004915354552169016,NaN
19991,0.10677883208539198,0.02372862935230933,0.015232483584506323,59,0.7375,1387,29018710,0.004915354552169016,NaN
20001,0.10677883208539198,0.02372862935230933,0.015230581966359532,59,0.7375,1387,29032580,0.004915354552169016,NaN
20011,0.10677883208539198,0.02372862935230933,0.015228694862074154,59,0.7375,1387,29046450,0.004915354552169016,NaN
20021,0.10677883208539198,0.02372862935230933,0.01522682415946473,59,0.7375,1387,29060320,0.004915354552169016,NaN
20031,0.10677883208539198,0.02372862935230933,0.015224967800259536,59,0.7375,1387,29074190,0.004915354552169016,NaN
20041,0.10677883208539198,0.02372862935230933,0.015223127556778102,59,0.7375,1387,29088060,0.004915354552169016,NaN
20051,0.10677883208539198,0.02372862935230933,0.015221301060199099,59,0.7375,1387,29101930,0.004915354552169016,NaN
20061,0.10677883208539198,0.02372862935230933,0.015219489580582054,59,0.7375,1387,29115800,0.004915354552169016,NaN
20071,0.10677883208539198,0.02372862935230933,0.015217691761520222,59,0.7375,1387,29129670,0.004915354552169016,NaN
20081,0.10677883208539198,0.02372862935230933,0.015215908575605803,59,0.7375,1387,29143540,0.004915354552169016,NaN
20091,0.10677883208539198,0.02372862935230933,0.015214138992693757,59,0.7375,1387,29157410,0.004915354552169016,NaN
20101,0.10677883208539198,0.02372862935230933,0.015212382823717983,59,0.7375,1387,29171280,0.004915354552169016,NaN
20111,0.10677883208539198,0.02372862935230933,0.015210640630649455,59,0.7375,1387,29185150,0.004915354552169016,NaN
20121,0.10677883208539198,0.02372862935230933,0.015208911970168961,59,0.7375,1387,29199020,0.004915354552169016,NaN
20131,0.10677883208539198,0.02372862935230933,0.015207196476474515,59,0.7375,1388,29212895,0.004915354552169016,NaN
20141,0.10677883208539198,0.02372862935230933,0.015205493228344951,59,0.7375,1388,29226775,0.004915354552169016,NaN
20151,0.10677883208539198,0.02372862935230933,0.015203802391081633,59,0.7375,1388,29240655,0.004915354552169016,NaN
20161,0.10677883208539198,0.02372862935230933,0.015202125400106025,59,0.7375,1388,29254535,0.004915354552169016,NaN
20171,0.10677883208539198,0.02372862935230933,0.015200460337896321,59,0.7375,1388,29268415,0.004915354552169016,NaN
20181,0.10677883208539198,0.02372862935230933,0.0151988071373181,59,0.7375,1388,29282295,0.004915354552169016,NaN
20191,0.10677883208539198,0.02372862935230933,0.015197166072894275,59,0.7375,1388,29296175,0.004915354552169016,NaN
20201,0.10677883208539198,0.02372862935230933,0.015195536667886858,59,0.7375,1388,29310055,0.004915354552169016,NaN
20211,0.10677883208539198,0.02372862935230933,0.0151939209369501,59,0.7375,1388,29323935,0.004915354552169016,NaN
20221,0.10677883208539198,0.02372862935230933,0.015192315577985305,59,0.7375,1388,29337815,0.004915354552169016,NaN
20231,0.10677883208539198,0.02372862935230933,0.015190722664417414,59,0.7375,1388,29351695,0.004915354552169016,NaN
20241,0.10677883208539198,0.02372862935230933,0.015189140861315295,59,0.7375,1388,29365575,0.004915354552169016,NaN
20251,0.10677883208539198,0.02372862935230933,0.01518757068607455,59,0.7375,1388,29379455,0.004915354552169016,NaN
20261,0.10677883208539198,0.02372862935230933,0.01518601111463854,59,0.7375,1388,29393335,0.004915354552169016,NaN
20271,0.10677883208539198,0.02372862935230933,0.015184463050425057,59,0.7375,1388,29407215,0.004915354552169016,NaN
20281,0.10677883208539198,0.02372862935230933,0.015182925689101175,59,0.7375,1388,29421095,0.004915354552169016,NaN
20291,0.10677883208539198,0.02372862935230933,0.015181399814538605,59,0.7375,1388,29434975,0.004915354552169016,NaN
20301,0.10677883208539198,0.02372862935230933,0.01517988326060713,59,0.7375,1389,29448859,0.004915354552169016,NaN
20311,0.10677883208539198,0.02372862935230933,0.015178377620931044,59,0.7375,1389,29462749,0.004915354552169016,NaN
20321,0.10677883208539198,0.02372862935230933,0.015176881983412768,59,0.7375,1389,29476639,0.004915354552169016,NaN
20331,0.10677883208539198,0.02372862935230933,0.015175396643152737,59,0.7375,1389,29490529,0.004915354552169016,NaN
20341,0.10677883208539198,0.02372862935230933,0.015173921850225498,59,0.7375,1389,29504419,0.004915354552169016,NaN
20351,0.10677883208539198,0.02372862935230933,0.015172456152276198,59,0.7375,1389,29518309,0.004915354552169016,NaN
20361,0.10677883208539198,0.02372862935230933,0.015171000846192346,59,0.7375,1389,29532199,0.004915354552169016,NaN
20371,0.10677883208539198,0.02372862935230933,0.015169556048185692,59,0.7375,1389,29546089,0.004915354552169016,NaN
20381,0.10677883208539198,0.02372862935230933,0.015168120086404228,59,0.7375,1389,29559979,0.004915354552169016,NaN
20391,0.10677883208539198,0.02372862935230933,0.01516669426962734,59,0.7375,1389,29573869,0.004915354552169016,NaN
20401,0.10677883208539198,0.02372862935230933,0.015165277310800047,59,0.7375,1389,29587759,0.004915354552169016,NaN
20411,0.10677883208539198,0.02372862935230933,0.015163870551283126,59,0.7375,1389,29601649,0.004915354552169016,NaN
20421,0.10677883208539198,0.02372862935230933,0.015162473386932255,59,0.7375,1389,29615539,0.004915354552169016,NaN
20431,0.10677883208539198,0.02372862935230933,0.015161084864186731,59,0.7375,1389,29629429,0.004915354552169016,NaN
20441,0.10677883208539198,0.02372862935230933,0.015159705786789116,59,0.7375,1389,29643319,0.004915354552169016,NaN
20451,0.10677883208539198,0.02372862935230933,0.01515833534149344,59,0.7375,1389,29657209,0.004915354552169016,NaN
20461,0.10677883208539198,0.02372862935230933,0.015156973462593922,59,0.7375,1389,29671099,0.004915354552169016,NaN
20471,0.10677883208539198,0.02372862935230933,0.015155620045455167,59,0.7375,1390,29684990,0.004915354552169016,NaN
20481,0.10677883208539198,0.02372862935230933,0.015154275007639276,59,0.7375,1390,29698890,0.004915354552169016,NaN
20491,0.10677883208539198,0.02372862935230933,0.015152937938474081,59,0.7375,1390,29712790,0.004915354552169016,NaN
20501,0.10677883208539198,0.02372862935230933,0.015151609902446492,59,0.7375,1390,29726690,0.004915354552169016,NaN
20511,0.10677883208539198,0.02372862935230933,0.015150290413651388,59,0.7375,1390,29740590,0.004915354552169016,NaN
20521,0.10677883208539198,0.02372862935230933,0.015148979291382666,59,0.7375,1390,29754490,0.004915354552169016,NaN
20531,0.10677883208539198,0.02372862935230933,0.015147675714109502,59,0.7375,1390,29768390,0.004915354552169016,NaN
20541,0.10677883208539198,0.02372862935230933,0.015146379972501687,59,0.7375,1390,29782290,0.004915354552169016,NaN
20551,0.10677883208539198,0.02372862935230933,0.015145093828844432,59,0.7375,1390,29796190,0.004915354552169016,NaN
20561,0.10677883208539198,0.02372862935230933,0.015143814292949581,59,0.7375,1390,29810090,0.004915354552169016,NaN
20571,0.10677883208539198,0.02372862935230933,0.015142543064222583,59,0.7375,1390,29823990,0.004915354552169016,NaN
20581,0.10677883208539198,0.02372862935230933,0.015141279868451488,59,0.7375,1390,29837890,0.004915354552169016,NaN
20591,0.10677883208539198,0.02372862935230933,0.015140023288955506,59,0.7375,1390,29851790,0.004915354552169016,NaN
20601,0.10677883208539198,0.02372862935230933,0.01513877470685158,59,0.7375,1390,29865690,0.004915354552169016,NaN
20611,0.10677883208539198,0.02372862935230933,0.015137533774152018,59,0.7375,1390,29879590,0.004915354552169016,NaN
20621,0.10677883208539198,0.02372862935230933,0.015136300385474501,59,0.7375,1390,29893490,0.004915354552169016,NaN
20631,0.10677883208539198,0.02372862935230933,0.015135075269791052,59,0.7375,1390,29907390,0.004915354552169016,NaN
20641,0.10677883208539198,0.02372862935230933,0.01512673899911469,57,0.7125,1343,29921008,0.004915354552169016,NaN
20651,0.10677883208539198,0.02372862935230933,0.015113920223402123,57,0.7125,1343,29934438,0.004915354552169016,NaN
20661,0.10677883208539198,0.02372862935230933,0.015101442949514474,57,0.7125,1343,29947868,0.004915354552169016,NaN
20671,0.10677883208539198,0.02372862935230933,0.015089311861900734,57,0.7125,1344,29961304,0.004915354552169016,NaN
20681,0.10677883208539198,0.02372862935230933,0.015077512217539186,57,0.7125,1344,29974744,0.004915354552169016,NaN
20691,0.10677883208539198,0.02372862935230933,0.015066043211861066,57,0.7125,1344,29988184,0.004915354552169016,NaN
20701,0.10677883208539198,0.02372862935230933,0.015054865371093412,57,0.7125,1344,30001624,0.004915354552169016,NaN
20711,0.10677883208539198,0.02372862935230933,0.015043961667309752,57,0.7125,1344,30015064,0.004915354552169016,NaN
20721,0.10677883208539198,0.02372862935230933,0.015033311851855418,57,0.7125,1344,30028504,0.004915354552169016,NaN
20731,0.10677883208539198,0.02372862935230933,0.015022905821413135,57,0.7125,1344,30041944,0.004915354552169016,NaN
20741,0.10677883208539198,0.02372862935230933,0.015012757998935575,57,0.7125,1344,30055384,0.004915354552169016,NaN
20751,0.10677883208539198,0.02372862935230933,0.015002863070912332,57,0.7125,1344,30068824,0.004915354552169016,NaN
20761,0.10677883208539198,0.02372862935230933,0.014993183603632868,57,0.7125,1344,30082264,0.004915354552169016,NaN
20771,0.10677883208539198,0.02372862935230933,0.014983760437788715,57,0.7125,1344,30095704,0.004915354552169016,NaN
20781,0.10677883208539198,0.02372862935230933,0.014974516032287295,57,0.7125,1344,30109144,0.004915354552169016,NaN
20791,0.10677883208539198,0.02372862935230933,0.014965508182037951,57,0.7125,1344,30122584,0.004915354552169016,NaN
20801,0.10677883208539198,0.02372862935230933,0.014956696264929195,57,0.7125,1344,30136024,0.004915354552169016,NaN
20811,0.10677883208539198,0.02372862935230933,0.01494807792587693,57,0.7125,1344,30149464,0.004915354552169016,NaN
20821,0.10677883208539198,0.02372862935230933,0.014939659728173581,57,0.7125,1344,30162904,0.004915354552169016,NaN
20831,0.10677883208539198,0.02372862935230933,0.014931370761203284,57,0.7125,1344,30176344,0.004915354552169016,NaN
20841,0.10677883208539198,0.02372862935230933,0.014923287054689371,57,0.7125,1344,30189784,0.004915354552169016,NaN
20851,0.10677883208539198,0.02372862935230933,0.014915340830977028,57,0.7125,1345,30203228,0.004915354552169016,NaN
20861,0.10677883208539198,0.02372862935230933,0.014907575825679817,57,0.7125,1345,30216678,0.004915354552169016,NaN
20871,0.10677883208539198,0.02372862935230933,0.014899933609987237,57,0.7125,1345,30230128,0.004915354552169016,NaN
20881,0.10677883208539198,0.02372862935230933,0.014892472804891638,57,0.7125,1345,30243578,0.004915354552169016,NaN
20891,0.10677883208539198,0.02372862935230933,0.01488514225431102,57,0.7125,1345,30257028,0.004915354552169016,NaN
20901,0.10677883208539198,0.02372862935230933,0.014877973585027533,57,0.7125,1345,30270478,0.004915354552169016,NaN
20911,0.10677883208539198,0.02372862935230933,0.014870914297055917,57,0.7125,1345,30283928,0.004915354552169016,NaN
20921,0.10677883208539198,0.02372862935230933,0.014863967062551203,57,0.7125,1345,30297378,0.004915354552169016,NaN
20931,0.10677883208539198,0.02372862935230933,0.014857154985254136,57,0.7125,1345,30310828,0.004915354552169016,NaN
20941,0.10677883208539198,0.02372862935230933,0.014850473007341599,57,0.7125,1345,30324278,0.004915354552169016,NaN
20951,0.10677883208539198,0.02372862935230933,0.014843910260075538,57,0.7125,1345,30337728,0.004915354552169016,NaN
20961,0.10677883208539198,0.02372862935230933,0.014837462039714793,57,0.7125,1345,30351178,0.004915354552169016,NaN
20971,0.10677883208539198,0.02372862935230933,0.014831141991852074,57,0.7125,1345,30364628,0.004915354552169016,NaN
20981,0.10677883208539198,0.02372862935230933,0.014824897010013802,57,0.7125,1345,30378078,0.004915354552169016,NaN
20991,0.10677883208539198,0.02372862935230933,0.014818801161885175,57,0.7125,1345,30391528,0.004915354552169016,NaN
21001,0.10677883208539198,0.02372862935230933,0.014812787938159886,57,0.7125,1345,30404978,0.004915354552169016,NaN
21011,0.10677883208539198,0.02372862935230933,0.014806883429702438,57,0.7125,1345,30418428,0.004915354552169016,NaN
21021,0.10677883208539198,0.02372862935230933,0.014801065532528464,57,0.7125,1345,30431878,0.004915354552169016,NaN
21031,0.10677883208539198,0.02372862935230933,0.014795350200756618,57,0.7125,1345,30445328,0.004915354552169016,NaN
21041,0.10677883208539198,0.02372862935230933,0.014789721862014531,57,0.7125,1346,30458788,0.004915354552169016,NaN
21051,0.10677883208539198,0.02372862935230933,0.014784186027559137,57,0.7125,1346,30472248,0.004915354552169016,NaN
21061,0.10677883208539198,0.02372862935230933,0.014778727079646897,57,0.7125,1346,30485708,0.004915354552169016,NaN
21071,0.10677883208539198,0.02372862935230933,0.014773362355271413,57,0.7125,1346,30499168,0.004915354552169016,NaN
21081,0.10677883208539198,0.02372862935230933,0.014768071877064998,57,0.7125,1346,30512628,0.004915354552169016,NaN
21091,0.10677883208539198,0.02372862935230933,0.014762858499400271,57,0.7125,1346,30526088,0.004915354552169016,NaN
21101,0.10677883208539198,0.02372862935230933,0.014757732912404831,57,0.7125,1346,30539548,0.004915354552169016,NaN
21111,0.10677883208539198,0.02372862935230933,0.01475268152090491,57,0.7125,1346,30553008,0.004915354552169016,NaN
21121,0.10677883208539198,0.02372862935230933,0.01474770450218695,57,0.7125,1346,30566468,0.004915354552169016,NaN
21131,0.10677883208539198,0.02372862935230933,0.014742796690494697,57,0.7125,1346,30579928,0.004915354552169016,NaN
21141,0.10677883208539198,0.02372862935230933,0.014737979578924249,57,0.7125,1346,30593388,0.004915354552169016,NaN
21151,0.10677883208539198,0.02372862935230933,0.014733198897114917,57,0.7125,1346,30606848,0.004915354552169016,NaN
21161,0.10677883208539198,0.02372862935230933,0.014728511840850287,57,0.7125,1346,30620308,0.004915354552169016,NaN
21171,0.10677883208539198,0.02372862935230933,0.014723861884859477,57,0.7125,1346,30633768,0.004915354552169016,NaN
21181,0.10677883208539198,0.02372862935230933,0.014719298188926533,57,0.7125,1346,30647228,0.004915354552169016,NaN
21191,0.10677883208539198,0.02372862935230933,0.014714790114297632,57,0.7125,1346,30660688,0.004915354552169016,NaN
21201,0.10677883208539198,0.02372862935230933,0.014710356361296606,57,0.7125,1346,30674148,0.004915354552169016,NaN
21211,0.10677883208539198,0.02372862935230933,0.014705967013013277,57,0.7125,1346,30687608,0.004915354552169016,NaN
21221,0.10677883208539198,0.02372862935230933,0.014701645660997544,57,0.7125,1347,30701073,0.004915354552169016,NaN
21231,0.10677883208539198,0.02372862935230933,0.01469738119314023,57,0.7125,1347,30714543,0.004915354552169016,NaN
21241,0.10677883208539198,0.02372862935230933,0.01469315868822051,57,0.7125,1347,30728013,0.004915354552169016,NaN
21251,0.10677883208539198,0.02372862935230933,0.014688997366655816,57,0.7125,1347,30741483,0.004915354552169016,NaN
21261,0.10677883208539198,0.02372862935230933,0.014684894753529253,57,0.7125,1347,30754953,0.004915354552169016,NaN
21271,0.10677883208539198,0.02372862935230933,0.014680840035113382,57,0.7125,1347,30768423,0.004915354552169016,NaN
21281,0.10677883208539198,0.02372862935230933,0.01467683962546723,57,0.7125,1347,30781893,0.004915354552169016,NaN
21291,0.10677883208539198,0.02372862935230933,0.014672887325961757,57,0.7125,1347,30795363,0.004915354552169016,NaN
21301,0.10677883208539198,0.02372862935230933,0.014668991610054796,57,0.7125,1347,30808833,0.004915354552169016,NaN
21311,0.10677883208539198,0.02372862935230933,0.014665142238421405,57,0.7125,1347,30822303,0.004915354552169016,NaN
21321,0.10677883208539198,0.02372862935230933,0.014661336694292468,57,0.7125,1347,30835773,0.004915354552169016,NaN
21331,0.10677883208539198,0.02372862935230933,0.014657579705652842,57,0.7125,1347,30849243,0.004915354552169016,NaN
21341,0.10677883208539198,0.02372862935230933,0.01465387222536886,57,0.7125,1347,30862713,0.004915354552169016,NaN
21351,0.10677883208539198,0.02372862935230933,0.014650200644409186,57,0.7125,1347,30876183,0.004915354552169016,NaN
21361,0.10677883208539198,0.02372862935230933,0.014646575929091807,57,0.7125,1347,30889653,0.004915354552169016,NaN
21371,0.10677883208539198,0.02372862935230933,0.01464299298487238,57,0.7125,1347,30903123,0.004915354552169016,NaN
21381,0.10677883208539198,0.02372862935230933,0.01463945207151196,57,0.7125,1347,30916593,0.004915354552169016,NaN
21391,0.10677883208539198,0.02372862935230933,0.014635954466301027,57,0.7125,1347,30930063,0.004915354552169016,NaN
21401,0.10677883208539198,0.02372862935230933,0.014632497636315342,57,0.7125,1347,30943533,0.004915354552169016,NaN
21411,0.10677883208539198,0.02372862935230933,0.014629077909330542,57,0.7125,1348,30957011,0.004915354552169016,NaN
21421,0.10677883208539198,0.02372862935230933,0.014625700237983189,57,0.7125,1348,30970491,0.004915354552169016,NaN
21431,0.10677883208539198,0.02372862935230933,0.014622357917874348,57,0.7125,1348,30983971,0.004915354552169016,NaN
21441,0.10677883208539198,0.02372862935230933,0.014619046434165575,57,0.7125,1348,30997451,0.004915354552169016,NaN
21451,0.10677883208539198,0.02372862935230933,0.014615770182341711,57,0.7125,1348,31010931,0.004915354552169016,NaN
21461,0.10677883208539198,0.02372862935230933,0.014612549246214834,57,0.7125,1348,31024411,0.004915354552169016,NaN
21471,0.10677883208539198,0.02372862935230933,0.014609353330447272,57,0.7125,1348,31037891,0.004915354552169016,NaN
21481,0.10677883208539198,0.02372862935230933,0.01460619391842094,57,0.7125,1348,31051371,0.004915354552169016,NaN
21491,0.10677883208539198,0.02372862935230933,0.01460306863053373,57,0.7125,1348,31064851,0.004915354552169016,NaN
21501,0.10677883208539198,0.02372862935230933,0.01459997648611358,57,0.7125,1348,31078331,0.004915354552169016,NaN
21511,0.10677883208539198,0.02372862935230933,0.014596910332090398,57,0.7125,1348,31091811,0.004915354552169016,NaN
21521,0.10677883208539198,0.02372862935230933,0.014593873924880586,57,0.7125,1348,31105291,0.004915354552169016,NaN
21531,0.10677883208539198,0.02372862935230933,0.014590865379521345,57,0.7125,1348,31118771,0.004915354552169016,NaN
21541,0.10677883208539198,0.02372862935230933,0.014587886859696666,57,0.7125,1348,31132251,0.004915354552169016,NaN
21551,0.10677883208539198,0.02372862935230933,0.014584950010516864,57,0.7125,1348,31145731,0.004915354552169016,NaN
21561,0.10677883208539198,0.02372862935230933,0.014582036304838269,57,0.7125,1348,31159211,0.004915354552169016,NaN
21571,0.10677883208539198,0.02372862935230933,0.014579161452102488,57,0.7125,1348,31172691,0.004915354552169016,NaN
21581,0.10677883208539198,0.02372862935230933,0.01457631973985198,57,0.7125,1348,31186171,0.004915354552169016,NaN
21591,0.10677883208539198,0.02372862935230933,0.014573495569523306,57,0.7125,1348,31199651,0.004915354552169016,NaN
21601,0.10677883208539198,0.02372862935230933,0.014570689555448203,57,0.7125,1349,31213140,0.004915354552169016,NaN
21611,0.10677883208539198,0.02372862935230933,0.014567924344065347,57,0.7125,1349,31226630,0.004915354552169016,NaN
21621,0.10677883208539198,0.02372862935230933,0.014565182022947668,57,0.7125,1349,31240120,0.004915354552169016,NaN
21631,0.10677883208539198,0.02372862935230933,0.014562471466663821,57,0.7125,1349,31253610,0.004915354552169016,NaN
21641,0.10677883208539198,0.02372862935230933,0.014559776530683041,57,0.7125,1349,31267100,0.004915354552169016,NaN
21651,0.10677883208539198,0.02372862935230933,0.014553480956081031,56,0.7,1325,31280470,0.004915354552169016,NaN
21661,0.10677883208539198,0.02372862935230933,0.014543747295627182,56,0.7,1325,31293720,0.004915354552169016,NaN
21671,0.10677883208539198,0.02372862935230933,0.014534217468196432,56,0.7,1325,31306970,0.004915354552169016,NaN
21681,0.10677883208539198,0.02372862935230933,0.014524941876857874,56,0.7,1325,31320220,0.004915354552169016,NaN
21691,0.10677883208539198,0.02372862935230933,0.014515870322871511,56,0.7,1325,31333470,0.004915354552169016,NaN
21701,0.10677883208539198,0.02372862935230933,0.01450700770231631,56,0.7,1325,31346720,0.004915354552169016,NaN
21711,0.10677883208539198,0.02372862935230933,0.014498335864114887,56,0.7,1325,31359970,0.004915354552169016,NaN
21721,0.10677883208539198,0.02372862935230933,0.014489846966506625,56,0.7,1326,31373224,0.004915354552169016,NaN
21731,0.10677883208539198,0.02372862935230933,0.01448152241224506,56,0.7,1326,31386484,0.004915354552169016,NaN
21741,0.10677883208539198,0.02372862935230933,0.014473386876743117,56,0.7,1326,31399744,0.004915354552169016,NaN
21751,0.10677883208539198,0.02372862935230933,0.01446539348222938,56,0.7,1326,31413004,0.004915354552169016,NaN
21761,0.10677883208539198,0.02372862935230933,0.014457587855268664,56,0.7,1326,31426264,0.004915354552169016,NaN
21771,0.10677883208539198,0.02372862935230933,0.014449916298841795,56,0.7,1326,31439524,0.004915354552169016,NaN
21781,0.10677883208539198,0.02372862935230933,0.014442367564554342,56,0.7,1326,31452784,0.004915354552169016,NaN
21791,0.10677883208539198,0.02372862935230933,0.01443497716041955,56,0.7,1326,31466044,0.004915354552169016,NaN
21801,0.10677883208539198,0.02372862935230933,0.014427722165328116,56,0.7,1326,31479304,0.004915354552169016,NaN
21811,0.10677883208539198,0.02372862935230933,0.014420615492340794,56,0.7,1326,31492564,0.004915354552169016,NaN
21821,0.10677883208539198,0.02372862935230933,0.01441363773930048,56,0.7,1326,31505824,0.004915354552169016,NaN
21831,0.10677883208539198,0.02372862935230933,0.014406794611264017,56,0.7,1326,31519084,0.004915354552169016,NaN
21841,0.10677883208539198,0.02372862935230933,0.014400083292831337,56,0.7,1326,31532344,0.004915354552169016,NaN
21851,0.10677883208539198,0.02372862935230933,0.01439347608745237,56,0.7,1326,31545604,0.004915354552169016,NaN
21861,0.10677883208539198,0.02372862935230933,0.014387003629181948,56,0.7,1326,31558864,0.004915354552169016,NaN
21871,0.10677883208539198,0.02372862935230933,0.014380620776500175,56,0.7,1326,31572124,0.004915354552169016,NaN
21881,0.10677883208539198,0.02372862935230933,0.01437435920764516,56,0.7,1326,31585384,0.004915354552169016,NaN
21891,0.10677883208539198,0.02372862935230933,0.014368215555226346,56,0.7,1326,31598644,0.004915354552169016,NaN
21901,0.10677883208539198,0.02372862935230933,0.014362174671299664,56,0.7,1326,31611904,0.004915354552169016,NaN
21911,0.10677883208539198,0.02372862935230933,0.01435620304603149,56,0.7,1326,31625164,0.004915354552169016,NaN
21921,0.10677883208539198,0.02372862935230933,0.01435034439782564,56,0.7,1327,31638433,0.004915354552169016,NaN
21931,0.10677883208539198,0.02372862935230933,0.014344582341245934,56,0.7,1327,31651703,0.004915354552169016,NaN
21941,0.10677883208539198,0.02372862935230933,0.014338896728790138,56,0.7,1327,31664973,0.004915354552169016,NaN
21951,0.10677883208539198,0.02372862935230933,0.014333322097788656,56,0.7,1327,31678243,0.004915354552169016,NaN
21961,0.10677883208539198,0.02372862935230933,0.014327842174754576,56,0.7,1327,31691513,0.004915354552169016,NaN
21971,0.10677883208539198,0.02372862935230933,0.014322442608368315,56,0.7,1327,31704783,0.004915354552169016,NaN
21981,0.10677883208539198,0.02372862935230933,0.01431713223165717,56,0.7,1327,31718053,0.004915354552169016,NaN
21991,0.10677883208539198,0.02372862935230933,0.014311888515593599,56,0.7,1327,31731323,0.004915354552169016,NaN
22001,0.10677883208539198,0.02372862935230933,0.014306745223183606,56,0.7,1327,31744593,0.004915354552169016,NaN
22011,0.10677883208539198,0.02372862935230933,0.014301667090844277,56,0.7,1327,31757863,0.004915354552169016,NaN
22021,0.10677883208539198,0.02372862935230933,0.01429667523881827,56,0.7,1327,31771133,0.004915354552169016,NaN
22031,0.10677883208539198,0.02372862935230933,0.01429174901517911,56,0.7,1327,31784403,0.004915354552169016,NaN
22041,0.10677883208539198,0.02372862935230933,0.014286889688988755,56,0.7,1327,31797673,0.004915354552169016,NaN
22051,0.10677883208539198,0.02372862935230933,0.014282101556801971,56,0.7,1327,31810943,0.004915354552169016,NaN
22061,0.10677883208539198,0.02372862935230933,0.014277400482755925,56,0.7,1327,31824213,0.004915354552169016,NaN
22071,0.10677883208539198,0.02372862935230933,0.014272757094954394,56,0.7,1327,31837483,0.004915354552169016,NaN
22081,0.10677883208539198,0.02372862935230933,0.014268162025415972,56,0.7,1327,31850753,0.004915354552169016,NaN
22091,0.10677883208539198,0.02372862935230933,0.014263638104551188,56,0.7,1327,31864023,0.004915354552169016,NaN
22101,0.10677883208539198,0.02372862935230933,0.014259164817483645,56,0.7,1327,31877293,0.004915354552169016,NaN
22111,0.10677883208539198,0.02372862935230933,0.014254764210857866,56,0.7,1328,31890565,0.004915354552169016,NaN
22121,0.10677883208539198,0.02372862935230933,0.01425041401256399,56,0.7,1328,31903845,0.004915354552169016,NaN
22131,0.10677883208539198,0.02372862935230933,0.014246115620331975,56,0.7,1328,31917125,0.004915354552169016,NaN
22141,0.10677883208539198,0.02372862935230933,0.014241877369717396,56,0.7,1328,31930405,0.004915354552169016,NaN
22151,0.10677883208539198,0.02372862935230933,0.014237692851111544,56,0.7,1328,31943685,0.004915354552169016,NaN
22161,0.10677883208539198,0.02372862935230933,0.014233576278304272,56,0.7,1328,31956965,0.004915354552169016,NaN
22171,0.10677883208539198,0.02372862935230933,0.014229503870958619,56,0.7,1328,31970245,0.004915354552169016,NaN
22181,0.10677883208539198,0.02372862935230933,0.01422549257047721,56,0.7,1328,31983525,0.004915354552169016,NaN
22191,0.10677883208539198,0.02372862935230933,0.014221517463129774,56,0.7,1328,31996805,0.004915354552169016,NaN
22201,0.10677883208539198,0.02372862935230933,0.014217603186749589,56,0.7,1328,32010085,0.004915354552169016,NaN
22211,0.10677883208539198,0.02372862935230933,0.014213741050589836,56,0.7,1328,32023365,0.004915354552169016,NaN
22221,0.10677883208539198,0.02372862935230933,0.014209909787131537,56,0.7,1328,32036645,0.004915354552169016,NaN
22231,0.10677883208539198,0.02372862935230933,0.014206128206764668,56,0.7,1328,32049925,0.004915354552169016,NaN
22241,0.10677883208539198,0.02372862935230933,0.014202397990176932,56,0.7,1328,32063205,0.004915354552169016,NaN
22251,0.10677883208539198,0.02372862935230933,0.014198704943889992,56,0.7,1328,32076485,0.004915354552169016,NaN
22261,0.10677883208539198,0.02372862935230933,0.01419506466533162,56,0.7,1328,32089765,0.004915354552169016,NaN
22271,0.10677883208539198,0.02372862935230933,0.01419146297021261,56,0.7,1328,32103045,0.004915354552169016,NaN
22281,0.10677883208539198,0.02372862935230933,0.014187912757254442,56,0.7,1328,32116325,0.004915354552169016,NaN
22291,0.10677883208539198,0.02372862935230933,0.014184397165746446,56,0.7,1328,32129605,0.004915354552169016,NaN
22301,0.10677883208539198,0.02372862935230933,0.014180934960855738,56,0.7,1328,32142885,0.004915354552169016,NaN
22311,0.10677883208539198,0.02372862935230933,0.014177501633836718,56,0.7,1329,32156169,0.004915354552169016,NaN
22321,0.10677883208539198,0.02372862935230933,0.014174106673933356,56,0.7,1329,32169459,0.004915354552169016,NaN
22331,0.10677883208539198,0.02372862935230933,0.01417074137228819,56,0.7,1329,32182749,0.004915354552169016,NaN
22341,0.10677883208539198,0.02372862935230933,0.014167423981588573,56,0.7,1329,32196039,0.004915354552169016,NaN
22351,0.10677883208539198,0.02372862935230933,0.014164142570911361,56,0.7,1329,32209329,0.004915354552169016,NaN
22361,0.10677883208539198,0.02372862935230933,0.014160899862872897,56,0.7,1329,32222619,0.004915354552169016,NaN
22371,0.10677883208539198,0.02372862935230933,0.014157702518410092,56,0.7,1329,32235909,0.004915354552169016,NaN
22381,0.10677883208539198,0.02372862935230933,0.014154531287089132,56,0.7,1329,32249199,0.004915354552169016,NaN
22391,0.10677883208539198,0.02372862935230933,0.014151389111058229,56,0.7,1329,32262489,0.004915354552169016,NaN
22401,0.10677883208539198,0.02372862935230933,0.014148283249083599,56,0.7,1329,32275779,0.004915354552169016,NaN
22411,0.10677883208539198,0.02372862935230933,0.01414519957835994,56,0.7,1329,32289069,0.004915354552169016,NaN
22421,0.10677883208539198,0.02372862935230933,0.014142150751072367,56,0.7,1329,32302359,0.004915354552169016,NaN
22431,0.10677883208539198,0.02372862935230933,0.014139142969728267,56,0.7,1329,32315649,0.004915354552169016,NaN
22441,0.10677883208539198,0.02372862935230933,0.01413616209724439,56,0.7,1329,32328939,0.004915354552169016,NaN
22451,0.10677883208539198,0.02372862935230933,0.014133209235864374,56,0.7,1329,32342229,0.004915354552169016,NaN
22461,0.10677883208539198,0.02372862935230933,0.01413028976694602,56,0.7,1329,32355519,0.004915354552169016,NaN
22471,0.10677883208539198,0.02372862935230933,0.0141274061709247,56,0.7,1329,32368809,0.004915354552169016,NaN
22481,0.10677883208539198,0.02372862935230933,0.014124552876452864,56,0.7,1329,32382099,0.004915354552169016,NaN
22491,0.10677883208539198,0.02372862935230933,0.014121728409604184,56,0.7,1329,32395389,0.004915354552169016,NaN
22501,0.10677883208539198,0.02372862935230933,0.014118925030387128,56,0.7,1329,32408679,0.004915354552169016,NaN
22511,0.10677883208539198,0.02372862935230933,0.014116155626630069,56,0.7,1330,32421973,0.004915354552169016,NaN
22521,0.10677883208539198,0.02372862935230933,0.014113410463197099,56,0.7,1330,32435273,0.004915354552169016,NaN
22531,0.10677883208539198,0.02372862935230933,0.01411068909166677,56,0.7,1330,32448573,0.004915354552169016,NaN
22541,0.10677883208539198,0.02372862935230933,0.014107989734185037,56,0.7,1330,32461873,0.004915354552169016,NaN
22551,0.10677883208539198,0.02372862935230933,0.014105326848538238,56,0.7,1330,32475173,0.004915354552169016,NaN
22561,0.10677883208539198,0.02372862935230933,0.014102681377896092,56,0.7,1330,32488473,0.004915354552169016,NaN
22571,0.10648343385232051,0.023639784505000143,0.014096556324918583,55,0.6875,1306,32501677,0.004915354552169016,NaN
22581,0.10546303599870158,0.0234123069532325,0.014085418552395831,55,0.6875,1306,32514737,0.004915354552169016,NaN
22591,0.10446140791890839,0.023194369669241197,0.014074593110991726,55,0.6875,1306,32527797,0.004915354552169016,NaN
22601,0.10352695124290892,0.02298522213919554,0.014064064515162705,55,0.6875,1306,32540857,0.004932633021237753,NaN
22611,0.10261339535393202,0.02278184967061724,0.01405382001473161,55,0.6875,1306,32553917,0.004915354552169016,NaN
22621,0.10171134225553302,0.022583632192388202,0.014043846505162402,55,0.6875,1306,32566977,0.004915354552169016,NaN
22631,0.10083568396681908,0.022387271861237595,0.01403413085679384,55,0.6875,1306,32580037,0.004915354552169016,NaN
22641,0.09997598697257955,0.022198407815110493,0.014024664269157345,55,0.6875,1306,32593097,0.004915354552169016,NaN
22651,0.09915544283833337,0.02201669392338815,0.01401543449275373,55,0.6875,1306,32606157,0.004915354552169016,NaN
22661,0.09835994808913313,0.02184019369493087,0.014006430172349833,55,0.6875,1307,32619221,0.004915354552169016,NaN
22671,0.09758904028922583,0.021669354641421366,0.013997640085812923,55,0.6875,1307,32632291,0.004915354552169016,NaN
22681,0.09682167077300635,0.021498367509650902,0.013989059527671705,55,0.6875,1307,32645361,0.004915354552169016,NaN
22691,0.09608188422501747,0.021335082082046878,0.013980680496727644,55,0.6875,1307,32658431,0.004915354552169016,NaN
22701,0.0959945743835166,0.02133212764078147,0.01397249413665928,55,0.6875,1307,32671501,0.004915354552169016,NaN
22711,0.0959945743835166,0.02133212764078147,0.01396449424190549,55,0.6875,1307,32684571,0.004915354552169016,NaN
22721,0.0959945743835166,0.02133212764078147,0.013956673636337,55,0.6875,1307,32697641,0.004915354552169016,NaN
22731,0.0959945743835166,0.02133212764078147,0.013949025186821118,55,0.6875,1307,32710711,0.004915354552169016,NaN
22741,0.0959945743835166,0.02133212764078147,0.013941542420957631,55,0.6875,1307,32723781,0.004915354552169016,NaN
22751,0.0959945743835166,0.02133212764078147,0.013934218860908232,55,0.6875,1307,32736851,0.004915354552169016,NaN
22761,0.0959945743835166,0.02133212764078147,0.013927049977371065,55,0.6875,1307,32749921,0.004915354552169016,NaN
22771,0.0959945743835166,0.02133212764078147,0.013920029676041404,55,0.6875,1307,32762991,0.004915354552169016,NaN
22781,0.0959945743835166,0.02133212764078147,0.013913153606720616,55,0.6875,1307,32776061,0.004915354552169016,NaN
22791,0.0959945743835166,0.02133212764078147,0.01390641557675063,55,0.6875,1307,32789131,0.004915354552169016,NaN
22801,0.0959945743835166,0.02133212764078147,0.013899811994515145,55,0.6875,1307,32802201,0.004915354552169016,NaN
22811,0.0959945743835166,0.02133212764078147,0.013893337044157211,55,0.6875,1307,32815271,0.004915354552169016,NaN
22821,0.0959945743835166,0.02133212764078147,0.01388698819638741,55,0.6875,1307,32828341,0.004915354552169016,NaN
22831,0.0959945743835166,0.02133212764078147,0.013880760605171866,55,0.6875,1307,32841411,0.004915354552169016,NaN
22841,0.0959945743835166,0.02133212764078147,0.013874649950139536,55,0.6875,1307,32854481,0.004915354552169016,NaN
22851,0.0959945743835166,0.02133212764078147,0.013868653195518823,55,0.6875,1307,32867551,0.004915354552169016,NaN
22861,0.0959945743835166,0.02133212764078147,0.013862766099903459,55,0.6875,1307,32880621,0.004915354552169016,NaN
22871,0.0959945743835166,0.02133212764078147,0.013856983078490542,55,0.6875,1308,32893698,0.004915354552169016,NaN
22881,0.0959945743835166,0.02133212764078147,0.013851302438198477,55,0.6875,1308,32906778,0.004915354552169016,NaN
22891,0.0959945743835166,0.02133212764078147,0.013845721373540593,55,0.6875,1308,32919858,0.004915354552169016,NaN
22901,0.0959945743835166,0.02133212764078147,0.01384023862373814,55,0.6875,1308,32932938,0.004915354552169016,NaN
22911,0.0959945743835166,0.02133212764078147,0.013834850594395123,55,0.6875,1308,32946018,0.004915354552169016,NaN
22921,0.0959945743835166,0.02133212764078147,0.013829554171180838,55,0.6875,1308,32959098,0.004915354552169016,NaN
22931,0.0959945743835166,0.02133212764078147,0.013824346395553666,55,0.6875,1308,32972178,0.004915354552169016,NaN
22941,0.0959945743835166,0.02133212764078147,0.013819225103428368,55,0.6875,1308,32985258,0.004915354552169016,NaN
22951,0.0959945743835166,0.02133212764078147,0.013814189203725753,55,0.6875,1308,32998338,0.004915354552169016,NaN
22961,0.0959945743835166,0.02133212764078147,0.013809234867532608,55,0.6875,1308,33011418,0.004915354552169016,NaN
22971,0.0959945743835166,0.02133212764078147,0.013804360331934055,55,0.6875,1308,33024498,0.004915354552169016,NaN
22981,0.0959945743835166,0.02133212764078147,0.013799563250727426,55,0.6875,1308,33037578,0.004915354552169016,NaN
22991,0.0959945743835166,0.02133212764078147,0.01379484091342063,55,0.6875,1308,33050658,0.004915354552169016,NaN
23001,0.0959945743835166,0.02133212764078147,0.013790192628580316,55,0.6875,1308,33063738,0.004915354552169016,NaN
23011,0.0959945743835166,0.02133212764078147,0.01378561614244187,55,0.6875,1308,33076818,0.004915354552169016,NaN
23021,0.0959945743835166,0.02133212764078147,0.01378110925933286,55,0.6875,1308,33089898,0.004915354552169016,NaN
23031,0.0959945743835166,0.02133212764078147,0.013776669130623415,55,0.6875,1308,33102978,0.004915354552169016,NaN
23041,0.0959945743835166,0.02133212764078147,0.013772295966173784,55,0.6875,1308,33116058,0.004915354552169016,NaN
23051,0.0959945743835166,0.02133212764078147,0.013767987993281383,55,0.6875,1308,33129138,0.004915354552169016,NaN
23061,0.0959945743835166,0.02133212764078147,0.013763742549809225,55,0.6875,1308,33142218,0.004915354552169016,NaN
23071,0.0959945743835166,0.02133212764078147,0.01375955802439035,55,0.6875,1308,33155298,0.004915354552169016,NaN
23081,0.0959945743835166,0.02133212764078147,0.01375543100005821,55,0.6875,1309,33168386,0.004915354552169016,NaN
23091,0.0959945743835166,0.02133212764078147,0.013751362790256478,55,0.6875,1309,33181476,0.004915354552169016,NaN
23101,0.0959945743835166,0.02133212764078147,0.013747351454837178,55,0.6875,1309,33194566,0.004915354552169016,NaN
23111,0.0959945743835166,0.02133212764078147,0.01374339543384026,55,0.6875,1309,33207656,0.004915354552169016,NaN
23121,0.0959945743835166,0.02133212764078147,0.013739494117335174,55,0.6875,1309,33220746,0.004915354552169016,NaN
23131,0.0959945743835166,0.02133212764078147,0.01373564560046776,55,0.6875,1309,33233836,0.004915354552169016,NaN
23141,0.0959945743835166,0.02133212764078147,0.013731848877646516,55,0.6875,1309,33246926,0.004915354552169016,NaN
23151,0.0959945743835166,0.02133212764078147,0.013728103308035939,55,0.6875,1309,33260016,0.004915354552169016,NaN
23161,0.0959945743835166,0.02133212764078147,0.013724407727487922,55,0.6875,1309,33273106,0.004915354552169016,NaN
23171,0.0959945743835166,0.02133212764078147,0.013720760268853101,55,0.6875,1309,33286196,0.004915354552169016,NaN
23181,0.0959945743835166,0.02133212764078147,0.01371716020718108,55,0.6875,1309,33299286,0.004915354552169016,NaN
23191,0.0959945743835166,0.02133212764078147,0.013713606319826741,55,0.6875,1309,33312376,0.004915354552169016,NaN
23201,0.0959945743835166,0.02133212764078147,0.013710097806774601,55,0.6875,1309,33325466,0.004915354552169016,NaN
23211,0.0959945743835166,0.02133212764078147,0.01370663334900206,55,0.6875,1309,33338556,0.004915354552169016,NaN
23221,0.0959945743835166,0.02133212764078147,0.013703212491400819,55,0.6875,1309,33351646,0.004915354552169016,NaN
23231,0.0959945743835166,0.02133212764078147,0.013699834481313353,55,0.6875,1309,33364736,0.004915354552169016,NaN
23241,0.0959945743835166,0.02133212764078147,0.013696498516407602,55,0.6875,1309,33377826,0.004915354552169016,NaN
23251,0.0959945743835166,0.02133212764078147,0.013693202978509686,55,0.6875,1309,33390916,0.004915354552169016,NaN
23261,0.0959945743835166,0.02133212764078147,0.01368994705439119,55,0.6875,1309,33404006,0.004915354552169016,NaN
23271,0.0959945743835166,0.02133212764078147,0.01368673021129238,55,0.6875,1309,33417096,0.004915354552169016,NaN
23281,0.0959945743835166,0.02133212764078147,0.01368355247901179,55,0.6875,1309,33430186,0.004915354552169016,NaN
23291,0.0959945743835166,0.02133212764078147,0.01368041011015586,55,0.6875,1310,33443283,0.004915354552169016,NaN
23301,0.0959945743835166,0.02133212764078147,0.013677303358270262,55,0.6875,1310,33456383,0.004915354552169016,NaN
23311,0.0959945743835166,0.02133212764078147,0.013674233100997949,55,0.6875,1310,33469483,0.004915354552169016,NaN
23321,0.0959945743835166,0.02133212764078147,0.013671198530332319,55,0.6875,1310,33482583,0.004915354552169016,NaN
23331,0.0959945743835166,0.02133212764078147,0.013668198535767714,55,0.6875,1310,33495683,0.004915354552169016,NaN
23341,0.0959945743835166,0.02133212764078147,0.01366523223580049,55,0.6875,1310,33508783,0.004915354552169016,NaN
23351,0.0959945743835166,0.02133212764078147,0.013662299739515849,55,0.6875,1310,33521883,0.004915354552169016,NaN
23361,0.0959945743835166,0.02133212764078147,0.013659399636625994,55,0.6875,1310,33534983,0.004915354552169016,NaN
23371,0.0959945743835166,0.02133212764078147,0.013656531512019935,55,0.6875,1310,33548083,0.004915354552169016,NaN
23381,0.0959945743835166,0.02133212764078147,0.013653695224692088,55,0.6875,1310,33561183,0.004915354552169016,NaN
23391,0.0959945743835166,0.02133212764078147,0.013650889389024127,55,0.6875,1310,33574283,0.004915354552169016,NaN
23401,0.0959945743835166,0.02133212764078147,0.013648113236591472,55,0.6875,1310,33587383,0.004915354552169016,NaN
23411,0.0959945743835166,0.02133212764078147,0.013645367893190258,55,0.6875,1310,33600483,0.004915354552169016,NaN
23421,0.0959945743835166,0.02133212764078147,0.013642651681390599,55,0.6875,1310,33613583,0.004915354552169016,NaN
23431,0.0959945743835166,0.02133212764078147,0.013639964189919338,55,0.6875,1310,33626683,0.004915354552169016,NaN
23441,0.0959945743835166,0.02133212764078147,0.01363730477335634,55,0.6875,1310,33639783,0.004915354552169016,NaN
23451,0.0959945743835166,0.02133212764078147,0.013634672925412147,55,0.6875,1310,33652883,0.004915354552169016,NaN
23461,0.0959945743835166,0.02133212764078147,0.013632068956677105,55,0.6875,1310,33665983,0.004915354552169016,NaN
23471,0.0959945743835166,0.02133212764078147,0.013629491142807907,55,0.6875,1310,33679083,0.004915354552169016,NaN
23481,0.0959945743835166,0.02133212764078147,0.013626939647278088,55,0.6875,1310,33692183,0.004915354552169016,NaN
23491,0.0959945743835166,0.02133212764078147,0.01362441476077017,55,0.6875,1310,33705283,0.004915354552169016,NaN
23501,0.0959945743835166,0.02133212764078147,0.01362191363549749,55,0.6875,1311,33718387,0.004915354552169016,NaN
23511,0.0959945743835166,0.02133212764078147,0.013619436159122306,55,0.6875,1311,33731497,0.004915354552169016,NaN
23521,0.0959945743835166,0.02133212764078147,0.01361698295539282,55,0.6875,1311,33744607,0.004915354552169016,NaN
23531,0.0959945743835166,0.02133212764078147,0.013614554483595767,55,0.6875,1311,33757717,0.004915354552169016,NaN
23541,0.0959945743835166,0.02133212764078147,0.013612149405057158,55,0.6875,1311,33770827,0.004915354552169016,NaN
23551,0.0959945743835166,0.02133212764078147,0.01360976772885443,55,0.6875,1311,33783937,0.004915354552169016,NaN
23561,0.0959945743835166,0.02133212764078147,0.013607409116389297,55,0.6875,1311,33797047,0.004915354552169016,NaN
23571,0.0959945743835166,0.02133212764078147,0.01360507299336099,55,0.6875,1311,33810157,0.004915354552169016,NaN
23581,0.0959945743835166,0.02133212764078147,0.013602759329117656,55,0.6875,1311,33823267,0.004915354552169016,NaN
23591,0.0959945743835166,0.02133212764078147,0.013600466779008835,55,0.6875,1311,33836377,0.004915354552169016,NaN
23601,0.0959945743835166,0.02133212764078147,0.013598196215537362,55,0.6875,1311,33849487,0.004915354552169016,NaN
23611,0.0959945743835166,0.02133212764078147,0.013595946514310734,55,0.6875,1311,33862597,0.004915354552169016,NaN
23621,0.0959945743835166,0.02133212764078147,0.013593717870234976,55,0.6875,1311,33875707,0.004915354552169016,NaN
23631,0.0959945743835166,0.02133212764078147,0.013591509304804114,55,0.6875,1311,33888817,0.004915354552169016,NaN
23641,0.0959945743835166,0.02133212764078147,0.013589321676453794,55,0.6875,1311,33901927,0.004915354552169016,NaN
23651,0.0959945743835166,0.02133212764078147,0.013587153439133349,55,0.6875,1311,33915037,0.004915354552169016,NaN
23661,0.0959945743835166,0.02133212764078147,0.013585004872494913,55,0.6875,1311,33928147,0.004915354552169016,NaN
23671,0.0959945743835166,0.02133212764078147,0.01358287515957617,55,0.6875,1311,33941257,0.004915354552169016,NaN
23681,0.0959945743835166,0.02133212764078147,0.013580764652944919,55,0.6875,1311,33954367,0.004915354552169016,NaN
23691,0.0959945743835166,0.02133212764078147,0.013578673445079372,55,0.6875,1311,33967477,0.004915354552169016,NaN
23701,0.0959945743835166,0.02133212764078147,0.013576600594814048,55,0.6875,1311,33980587,0.004915354552169016,NaN
23711,0.0959945743835166,0.02133212764078147,0.013574545796686831,55,0.6875,1311,33993697,0.004915354552169016,NaN
23721,0.0959945743835166,0.02133212764078147,0.013572506758878302,55,0.6875,1312,34006817,0.004915354552169016,NaN
23731,0.0959945743835166,0.02133212764078147,0.013570484584513955,55,0.6875,1312,34019937,0.004915354552169016,NaN
23741,0.0959945743835166,0.02133212764078147,0.013568480479291104,55,0.6875,1312,34033057,0.004915354552169016,NaN
23751,0.0959945743835166,0.02133212764078147,0.01356649305392971,55,0.6875,1312,34046177,0.004915354552169016,NaN
23761,0.0959945743835166,0.02133212764078147,0.013564522686706635,55,0.6875,1312,34059297,0.004915354552169016,NaN
23771,0.0959945743835166,0.02133212764078147,0.013562569556844945,55,0.6875,1312,34072417,0.004915354552169016,NaN
23781,0.0959945743835166,0.02133212764078147,0.013560632868375508,55,0.6875,1312,34085537,0.004915354552169016,NaN
23791,0.0959945743835166,0.02133212764078147,0.013558711805247755,55,0.6875,1312,34098657,0.004915354552169016,NaN
23801,0.0959945743835166,0.02133212764078147,0.013556806290413484,55,0.6875,1312,34111777,0.004915354552169016,NaN
23811,0.0959945743835166,0.02133212764078147,0.013554916896103528,55,0.6875,1312,34124897,0.004915354552169016,NaN
23821,0.0959945743835166,0.02133212764078147,0.013553042887256122,55,0.6875,1312,34138017,0.004915354552169016,NaN
23831,0.0959945743835166,0.02133212764078147,0.01355118389175219,55,0.6875,1312,34151137,0.004915354552169016,NaN
23841,0.0959945743835166,0.02133212764078147,0.013549340178129879,55,0.6875,1312,34164257,0.004915354552169016,NaN
23851,0.0959945743835166,0.02133212764078147,0.013547511024788798,55,0.6875,1312,34177377,0.004915354552169016,NaN
23861,0.0959945743835166,0.02133212764078147,0.013545696624539227,55,0.6875,1312,34190497,0.004915354552169016,NaN
23871,0.0959945743835166,0.02133212764078147,0.013543896952035409,55,0.6875,1312,34203617,0.004915354552169016,NaN
23881,0.0959945743835166,0.02133212764078147,0.013542111011937977,55,0.6875,1312,34216737,0.004915354552169016,NaN
23891,0.0959945743835166,0.02133212764078147,0.0135403393906595,55,0.6875,1312,34229857,0.004915354552169016,NaN
23901,0.0959945743835166,0.02133212764078147,0.013538581784032397,55,0.6875,1312,34242977,0.004915354552169016,NaN
23911,0.0959945743835166,0.02133212764078147,0.013536837425391296,55,0.6875,1312,34256097,0.004915354552169016,NaN
23921,0.0959945743835166,0.02133212764078147,0.013535106465526909,55,0.6875,1312,34269217,0.004915354552169016,NaN
23931,0.0959945743835166,0.02133212764078147,0.013533388800788124,55,0.6875,1313,34282340,0.004915354552169016,NaN
23941,0.0959945743835166,0.02133212764078147,0.013531683456187058,55,0.6875,1313,34295470,0.004915354552169016,NaN
23951,0.0959945743835166,0.02133212764078147,0.013529990479187414,55,0.6875,1313,34308600,0.004915354552169016,NaN
23961,0.0959945743835166,0.02133212764078147,0.013528310284974625,55,0.6875,1313,34321730,0.004915354552169016,NaN
23971,0.0959945743835166,0.02133212764078147,0.013526642854528556,55,0.6875,1313,34334860,0.004915354552169016,NaN
23981,0.0959945743835166,0.02133212764078147,0.01352498832868768,55,0.6875,1313,34347990,0.004915354552169016,NaN
23991,0.0959945743835166,0.02133212764078147,0.01352334576435349,55,0.6875,1313,34361120,0.004915354552169016,NaN
24001,0.0959945743835166,0.02133212764078147,0.01352171530645969,55,0.6875,1313,34374250,0.004915354552169016,NaN
24011,0.0959945743835166,0.02133212764078147,0.013520096974378268,55,0.6875,1313,34387380,0.004915354552169016,NaN
24021,0.0959945743835166,0.02133212764078147,0.013518490230450523,55,0.6875,1313,34400510,0.004915354552169016,NaN
24031,0.0959945743835166,0.02133212764078147,0.013516895285964867,55,0.6875,1313,34413640,0.004915354552169016,NaN
24041,0.0959945743835166,0.02133212764078147,0.01351531128667049,55,0.6875,1313,34426770,0.004915354552169016,NaN
24051,0.0959945743835166,0.02133212764078147,0.013513739167678441,55,0.6875,1313,34439900,0.004915354552169016,NaN
24061,0.0959945743835166,0.02133212764078147,0.013512178231785984,55,0.6875,1313,34453030,0.004915354552169016,NaN
24071,0.0959945743835166,0.02133212764078147,0.01351062860962349,55,0.6875,1313,34466160,0.004915354552169016,NaN
24081,0.0959945743835166,0.02133212764078147,0.01350908992644086,55,0.6875,1313,34479290,0.004915354552169016,NaN
24091,0.0959945743835166,0.02133212764078147,0.013507562425726278,55,0.6875,1313,34492420,0.004915354552169016,NaN
24101,0.0959945743835166,0.02133212764078147,0.013506045064444697,55,0.6875,1313,34505550,0.004915354552169016,NaN
24111,0.0959945743835166,0.02133212764078147,0.013504538841490166,55,0.6875,1313,34518680,0.004915354552169016,NaN
24121,0.0959945743835166,0.02133212764078147,0.013503043144916904,55,0.6875,1313,34531810,0.004915354552169016,NaN
24131,0.0959945743835166,0.02133212764078147,0.013501557152441196,55,0.6875,1313,34544940,0.004915354552169016,NaN
24141,0.0959945743835166,0.02133212764078147,0.013500081691080721,55,0.6875,1313,34558070,0.004915354552169016,NaN
24151,0.0959945743835166,0.02133212764078147,0.01349861553783006,55,0.6875,1314,34571205,0.004915354552169016,NaN
24161,0.0959945743835166,0.02133212764078147,0.013497158977115172,55,0.6875,1314,34584345,0.004915354552169016,NaN
24171,0.0959945743835166,0.02133212764078147,0.013495712140100629,55,0.6875,1314,34597485,0.004915354552169016,NaN
24181,0.0959945743835166,0.02133212764078147,0.013494275134331754,55,0.6875,1314,34610625,0.004915354552169016,NaN
24191,0.0959945743835166,0.02133212764078147,0.013492847626907636,55,0.6875,1314,34623765,0.004915354552169016,NaN
24201,0.0959945743835166,0.02133212764078147,0.01349143021534965,55,0.6875,1314,34636905,0.004915354552169016,NaN
24211,0.0959945743835166,0.02133212764078147,0.01349002229700233,55,0.6875,1314,34650045,0.004915354552169016,NaN
24221,0.0959945743835166,0.02133212764078147,0.01348862371157534,55,0.6875,1314,34663185,0.004915354552169016,NaN
24231,0.0959945743835166,0.02133212764078147,0.013487233766146637,55,0.6875,1314,34676325,0.004915354552169016,NaN
24241,0.0959945743835166,0.02133212764078147,0.013485852821225405,55,0.6875,1314,34689465,0.004915354552169016,NaN
24251,0.0959945743835166,0.02133212764078147,0.01348448104734346,55,0.6875,1314,34702605,0.004915354552169016,NaN
24261,0.0959945743835166,0.02133212764078147,0.013483118407276399,55,0.6875,1314,34715745,0.004915354552169016,NaN
24271,0.0959945743835166,0.02133212764078147,0.013481764468552038,55,0.6875,1314,34728885,0.004915354552169016,NaN
24281,0.0959945743835166,0.02133212764078147,0.013480419567975419,55,0.6875,1314,34742025,0.004915354552169016,NaN
24291,0.0959945743835166,0.02133212764078147,0.013479082829370676,55,0.6875,1314,34755165,0.004915354552169016,NaN
24301,0.0959945743835166,0.02133212764078147,0.013477755045045314,55,0.6875,1314,34768305,0.004915354552169016,NaN
24311,0.0959945743835166,0.02133212764078147,0.013476435365837435,55,0.6875,1314,34781445,0.004915354552169016,NaN
24321,0.0959945743835166,0.02133212764078147,0.013475124416723364,55,0.6875,1314,34794585,0.004915354552169016,NaN
24331,0.0959945743835166,0.02133212764078147,0.013473821509364808,55,0.6875,1314,34807725,0.004915354552169016,NaN
24341,0.0959945743835166,0.02133212764078147,0.01347252649146922,55,0.6875,1314,34820865,0.004915354552169016,NaN
24351,0.0959945743835166,0.02133212764078147,0.013471239682737756,55,0.6875,1314,34834005,0.004915354552169016,NaN
24361,0.0959945743835166,0.02133212764078147,0.01346996082771798,55,0.6875,1314,34847145,0.004915354552169016,NaN
24371,0.0959945743835166,0.02133212764078147,0.013468689499405934,55,0.6875,1315,34860289,0.004915354552169016,NaN
24381,0.0959945743835166,0.02133212764078147,0.013467425560062548,55,0.6875,1315,34873439,0.004915354552169016,NaN
24391,0.0959945743835166,0.02133212764078147,0.013466168932080604,55,0.6875,1315,34886589,0.004915354552169016,NaN
24401,0.0959945743835166,0.02133212764078147,0.013464920601050867,55,0.6875,1315,34899739,0.004915354552169016,NaN
24411,0.0959945743835166,0.02133212764078147,0.013463679541149737,55,0.6875,1315,34912889,0.004915354552169016,NaN
24421,0.0959945743835166,0.02133212764078147,0.013462446464244817,55,0.6875,1315,34926039,0.004915354552169016,NaN
24431,0.0959945743835166,0.02133212764078147,0.01346122065847249,55,0.6875,1315,34939189,0.004915354552169016,NaN
24441,0.0959945743835166,0.02133212764078147,0.013460002351138912,55,0.6875,1315,34952339,0.004915354552169016,NaN
24451,0.0959945743835166,0.02133212764078147,0.01345879113068405,55,0.6875,1315,34965489,0.004915354552169016,NaN
24461,0.0959945743835166,0.02133212764078147,0.01345758736082867,55,0.6875,1315,34978639,0.004915354552169016,NaN
24471,0.0959945743835166,0.02133212764078147,0.01345638997210361,55,0.6875,1315,34991789,0.004915354552169016,NaN
24481,0.0959945743835166,0.02133212764078147,0.01345520002808486,55,0.6875,1315,35004939,0.004915354552169016,NaN
24491,0.0959945743835166,0.02133212764078147,0.013454017156437908,55,0.6875,1315,35018089,0.004915354552169016,NaN
24501,0.0959945743835166,0.02133212764078147,0.013452841201250862,55,0.6875,1315,35031239,0.004915354552169016,NaN
24511,0.0959945743835166,0.02133212764078147,0.013451671820598718,55,0.6875,1315,35044389,0.004915354552169016,NaN
24521,0.0959945743835166,0.02133212764078147,0.013450509261208124,55,0.6875,1315,35057539,0.004915354552169016,NaN
24531,0.0959945743835166,0.02133212764078147,0.013449353395229107,55,0.6875,1315,35070689,0.004915354552169016,NaN
24541,0.0959945743835166,0.02133212764078147,0.013448204291340629,55,0.6875,1315,35083839,0.004915354552169016,NaN
24551,0.0959945743835166,0.02133212764078147,0.01344706151848303,55,0.6875,1315,35096989,0.004915354552169016,NaN
24561,0.0959945743835166,0.02133212764078147,0.013443833954669323,54,0.675,1291,35110067,0.004915354552169016,NaN
24571,0.0959945743835166,0.02133212764078147,0.013435846458619807,54,0.675,1292,35122979,0.004915354552169016,NaN
24581,0.0959945743835166,0.02133212764078147,0.013428033121559635,54,0.675,1292,35135899,0.004915354552169016,NaN
24591,0.0959945743835166,0.02133212764078147,0.013420391932851375,54,0.675,1292,35148819,0.004915354552169016,NaN
24601,0.0959945743835166,0.02133212764078147,0.013412917527463458,54,0.675,1292,35161739,0.004915354552169016,NaN
24611,0.0959945743835166,0.02133212764078147,0.01340560312551416,54,0.675,1292,35174659,0.004915354552169016,NaN
24621,0.0959945743835166,0.02133212764078147,0.013398443464193388,54,0.675,1292,35187579,0.004915354552169016,NaN
24631,0.0959945743835166,0.02133212764078147,0.013391433565446054,54,0.675,1292,35200499,0.004915354552169016,NaN
24641,0.0959945743835166,0.02133212764078147,0.013384567055365568,54,0.675,1292,35213419,0.004915354552169016,NaN
24651,0.0959945743835166,0.02133212764078147,0.01337783934463133,54,0.675,1292,35226339,0.004915354552169016,NaN
24661,0.0959945743835166,0.02133212764078147,0.013371246319949487,54,0.675,1292,35239259,0.004915354552169016,NaN
24671,0.0959945743835166,0.02133212764078147,0.013364783111318682,54,0.675,1292,35252179,0.004915354552169016,NaN
24681,0.0959945743835166,0.02133212764078147,0.013358445176082295,54,0.675,1292,35265099,0.004915354552169016,NaN
24691,0.0959945743835166,0.02133212764078147,0.0133522288886738,54,0.675,1292,35278019,0.004915354552169016,NaN
24701,0.0959945743835166,0.02133212764078147,0.013346130305692363,54,0.675,1292,35290939,0.004915354552169016,NaN
24711,0.0959945743835166,0.02133212764078147,0.013340145703922637,54,0.675,1292,35303859,0.004915354552169016,NaN
24721,0.0959945743835166,0.02133212764078147,0.013334271213953908,54,0.675,1292,35316779,0.004915354552169016,NaN
24731,0.0959945743835166,0.02133212764078147,0.013328503598838037,54,0.675,1292,35329699,0.004915354552169016,NaN
24741,0.0959945743835166,0.02133212764078147,0.013322840380122162,54,0.675,1292,35342619,0.004915354552169016,NaN
24751,0.0959945743835166,0.02133212764078147,0.013317277313579656,54,0.675,1292,35355539,0.004915354552169016,NaN
24761,0.0959945743835166,0.02133212764078147,0.013311812027906263,54,0.675,1292,35368459,0.004915354552169016,NaN
24771,0.0959945743835166,0.02133212764078147,0.01330644092393039,54,0.675,1292,35381379,0.004915354552169016,NaN
24781,0.0959945743835166,0.02133212764078147,0.01330116263018363,54,0.675,1292,35394299,0.004915354552169016,NaN
24791,0.0959945743835166,0.02133212764078147,0.013295973566233858,54,0.675,1292,35407219,0.004915354552169016,NaN
24801,0.0959945743835166,0.02133212764078147,0.013290868875106953,54,0.675,1293,35420143,0.004915354552169016,NaN
24811,0.0959945743835166,0.02133212764078147,0.013285846734020145,54,0.675,1293,35433073,0.004915354552169016,NaN
24821,0.0959945743835166,0.02133212764078147,0.013280906793937095,54,0.675,1293,35446003,0.004915354552169016,NaN
24831,0.0959945743835166,0.02133212764078147,0.013276046913143815,54,0.675,1293,35458933,0.004915354552169016,NaN
24841,0.0959945743835166,0.02133212764078147,0.013271264594640295,54,0.675,1293,35471863,0.004915354552169016,NaN
24851,0.0959945743835166,0.02133212764078147,0.013266557980136272,54,0.675,1293,35484793,0.004915354552169016,NaN
24861,0.0959945743835166,0.02133212764078147,0.01326192500841775,54,0.675,1293,35497723,0.004915354552169016,NaN
24871,0.0959945743835166,0.02133212764078147,0.013257363688989424,54,0.675,1293,35510653,0.004915354552169016,NaN
24881,0.0959945743835166,0.02133212764078147,0.013252872210944868,54,0.675,1293,35523583,0.004915354552169016,NaN
24891,0.0959945743835166,0.02133212764078147,0.013248448541061882,54,0.675,1293,35536513,0.004915354552169016,NaN
24901,0.0959945743835166,0.02133212764078147,0.013244091558044254,54,0.675,1293,35549443,0.004915354552169016,NaN
24911,0.0959945743835166,0.02133212764078147,0.013239799277049416,54,0.675,1293,35562373,0.004915354552169016,NaN
24921,0.0959945743835166,0.02133212764078147,0.013235569518849197,54,0.675,1293,35575303,0.004915354552169016,NaN
24931,0.0959945743835166,0.02133212764078147,0.013231401813802548,54,0.675,1293,35588233,0.004915354552169016,NaN
24941,0.0959945743835166,0.02133212764078147,0.013227293966439527,54,0.675,1293,35601163,0.004915354552169016,NaN
24951,0.0959945743835166,0.02133212764078147,0.01322324449075028,54,0.675,1293,35614093,0.004915354552169016,NaN
24961,0.0959945743835166,0.02133212764078147,0.013219252301555046,54,0.675,1293,35627023,0.004915354552169016,NaN
24971,0.0959945743835166,0.02133212764078147,0.013215315705306032,54,0.675,1293,35639953,0.004915354552169016,NaN
24981,0.0959945743835166,0.02133212764078147,0.013211433746172072,54,0.675,1293,35652883,0.004915354552169016,NaN
24991,0.0959945743835166,0.02133212764078147,0.013207605456662126,54,0.675,1293,35665813,0.004915354552169016,NaN
25001,0.0959945743835166,0.02133212764078147,0.013203828006817936,54,0.675,1293,35678743,0.004915354552169016,NaN
25011,0.0959945743835166,0.02133212764078147,0.013200101822865337,54,0.675,1293,35691673,0.004915354552169016,NaN
25021,0.0959945743835166,0.02133212764078147,0.013196425773118548,54,0.675,1293,35704603,0.004915354552169016,NaN
25031,0.0959945743835166,0.02133212764078147,0.01319279709403089,54,0.675,1294,35717536,0.004915354552169016,NaN
25041,0.0959945743835166,0.02133212764078147,0.013189213939127756,54,0.675,1294,35730476,0.004915354552169016,NaN
25051,0.0959945743835166,0.02133212764078147,0.013185677045304494,54,0.675,1294,35743416,0.004915354552169016,NaN
25061,0.0959945743835166,0.02133212764078147,0.01318218532763038,54,0.675,1294,35756356,0.004915354552169016,NaN
25071,0.0959945743835166,0.02133212764078147,0.01317873853413642,54,0.675,1294,35769296,0.004915354552169016,NaN
25081,0.0959945743835166,0.02133212764078147,0.01317533528626683,54,0.675,1294,35782236,0.004915354552169016,NaN
25091,0.0959945743835166,0.02133212764078147,0.013171974754855643,54,0.675,1294,35795176,0.004915354552169016,NaN
25101,0.0959945743835166,0.02133212764078147,0.013168656000787649,54,0.675,1294,35808116,0.004915354552169016,NaN
25111,0.0959945743835166,0.02133212764078147,0.01316537778788592,54,0.675,1294,35821056,0.004915354552169016,NaN
25121,0.0959945743835166,0.02133212764078147,0.013162139823322682,54,0.675,1294,35833996,0.004915354552169016,NaN
25131,0.0959945743835166,0.02133212764078147,0.013158940918704875,54,0.675,1294,35846936,0.004915354552169016,NaN
25141,0.0959945743835166,0.02133212764078147,0.013155779871690188,54,0.675,1294,35859876,0.004915354552169016,NaN
25151,0.0959945743835166,0.02133212764078147,0.013152656190363373,54,0.675,1294,35872816,0.004915354552169016,NaN
25161,0.0959945743835166,0.02133212764078147,0.01314956969600096,54,0.675,1294,35885756,0.004915354552169016,NaN
25171,0.0959945743835166,0.02133212764078147,0.013146519449019104,54,0.675,1294,35898696,0.004915354552169016,NaN
25181,0.0959945743835166,0.02133212764078147,0.013143503747031937,54,0.675,1294,35911636,0.004915354552169016,NaN
25191,0.0959945743835166,0.02133212764078147,0.013140523444665967,54,0.675,1294,35924576,0.004915354552169016,NaN
25201,0.0959945743835166,0.02133212764078147,0.013137576742995783,54,0.675,1294,35937516,0.004915354552169016,NaN
25211,0.0959945743835166,0.02133212764078147,0.013134663681217035,54,0.675,1294,35950456,0.004915354552169016,NaN
25221,0.0959945743835166,0.02133212764078147,0.013131783177856338,54,0.675,1294,35963396,0.004915354552169016,NaN
25231,0.0959945743835166,0.02133212764078147,0.013128934956642918,54,0.675,1294,35976336,0.004915354552169016,NaN
25241,0.0959945743835166,0.02133212764078147,0.01312611856305523,54,0.675,1294,35989276,0.004915354552169016,NaN
25251,0.0959945743835166,0.02133212764078147,0.013123332638683347,54,0.675,1294,36002216,0.004915354552169016,NaN
25261,0.0959945743835166,0.02133212764078147,0.01312057685629342,54,0.675,1294,36015156,0.004915354552169016,NaN
25271,0.0959945743835166,0.02133212764078147,0.013117849197236317,54,0.675,1295,36028106,0.004915354552169016,NaN
25281,0.0959945743835166,0.02133212764078147,0.013115150546099515,54,0.675,1295,36041056,0.004915354552169016,NaN
25291,0.0959945743835166,0.02133212764078147,0.013112480547513378,54,0.675,1295,36054006,0.004915354552169016,NaN
25301,0.0959945743835166,0.02133212764078147,0.01310983924549713,54,0.675,1295,36066956,0.004915354552169016,NaN
25311,0.0959945743835166,0.02133212764078147,0.013107225092586888,54,0.675,1295,36079906,0.004915354552169016,NaN
25321,0.0959945743835166,0.02133212764078147,0.013104638087584206,54,0.675,1295,36092856,0.004915354552169016,NaN
25331,0.0959945743835166,0.02133212764078147,0.013102077864908917,54,0.675,1295,36105806,0.004915354552169016,NaN
25341,0.0959945743835166,0.02133212764078147,0.013099544410316378,54,0.675,1295,36118756,0.004915354552169016,NaN
25351,0.0959945743835166,0.02133212764078147,0.013097036634257996,54,0.675,1295,36131706,0.004915354552169016,NaN
25361,0.0959945743835166,0.02133212764078147,0.013094554220864144,54,0.675,1295,36144656,0.004915354552169016,NaN
25371,0.0959945743835166,0.02133212764078147,0.013092096722228264,54,0.675,1295,36157606,0.004915354552169016,NaN
25381,0.0959945743835166,0.02133212764078147,0.013089663188951195,54,0.675,1295,36170556,0.004915354552169016,NaN
25391,0.0959945743835166,0.02133212764078147,0.013087254113991984,54,0.675,1295,36183506,0.004915354552169016,NaN
25401,0.0959945743835166,0.02133212764078147,0.013084869037565667,54,0.675,1295,36196456,0.004915354552169016,NaN
25411,0.0959945743835166,0.02133212764078147,0.01308250674134252,54,0.675,1295,36209406,0.004915354552169016,NaN
25421,0.0959945743835166,0.02133212764078147,0.013080167561579936,54,0.675,1295,36222356,0.004915354552169016,NaN
25431,0.0959945743835166,0.02133212764078147,0.013077851082499013,54,0.675,1295,36235306,0.004915354552169016,NaN
25441,0.0959945743835166,0.02133212764078147,0.013075556877302963,54,0.675,1295,36248256,0.004915354552169016,NaN
25451,0.0959945743835166,0.02133212764078147,0.01307328434757601,54,0.675,1295,36261206,0.004915354552169016,NaN
25461,0.0959945743835166,0.02133212764078147,0.013071033137775096,54,0.675,1295,36274156,0.004915354552169016,NaN
25471,0.0959945743835166,0.02133212764078147,0.013068803545183982,54,0.675,1295,36287106,0.004915354552169016,NaN
25481,0.0959945743835166,0.02133212764078147,0.013066594641526083,54,0.675,1295,36300056,0.004915354552169016,NaN
25491,0.0959945743835166,0.02133212764078147,0.013064405906150888,54,0.675,1295,36313006,0.004915354552169016,NaN
25501,0.0959945743835166,0.02133212764078147,0.01306223651080323,54,0.675,1296,36325961,0.004915354552169016,NaN
25511,0.0959945743835166,0.02133212764078147,0.013060085910155783,54,0.675,1296,36338921,0.004915354552169016,NaN
25521,0.0959945743835166,0.02133212764078147,0.013057955079805696,54,0.675,1296,36351881,0.004915354552169016,NaN
25531,0.0959945743835166,0.02133212764078147,0.013055843325454928,54,0.675,1296,36364841,0.004915354552169016,NaN
25541,0.0959945743835166,0.02133212764078147,0.013053750363418465,54,0.675,1296,36377801,0.004915354552169016,NaN
25551,0.0959945743835166,0.02133212764078147,0.013051676309387158,54,0.675,1296,36390761,0.004915354552169016,NaN
25561,0.0959945743835166,0.02133212764078147,0.013049620554887311,54,0.675,1296,36403721,0.004915354552169016,NaN
25571,0.0959945743835166,0.02133212764078147,0.013047583084065081,54,0.675,1296,36416681,0.004915354552169016,NaN
25581,0.0959945743835166,0.02133212764078147,0.013045563141003535,54,0.675,1296,36429641,0.004915354552169016,NaN
25591,0.0959945743835166,0.02133212764078147,0.013043560912409163,54,0.675,1296,36442601,0.004915354552169016,NaN
25601,0.0959945743835166,0.02133212764078147,0.013041576293055024,54,0.675,1296,36455561,0.004915354552169016,NaN
25611,0.0959945743835166,0.02133212764078147,0.013039608302471731,54,0.675,1296,36468521,0.004915354552169016,NaN
25621,0.0959945743835166,0.02133212764078147,0.013037657263017994,54,0.675,1296,36481481,0.004915354552169016,NaN
25631,0.0959945743835166,0.02133212764078147,0.013035722731611108,54,0.675,1296,36494441,0.004915354552169016,NaN
25641,0.0959945743835166,0.02133212764078147,0.013033804707188262,54,0.675,1296,36507401,0.004915354552169016,NaN
25651,0.0959945743835166,0.02133212764078147,0.013031902349239238,54,0.675,1296,36520361,0.004915354552169016,NaN
25661,0.0959945743835166,0.02133212764078147,0.013030015966376226,54,0.675,1296,36533321,0.004915354552169016,NaN
25671,0.0959945743835166,0.02133212764078147,0.013028144996784136,54,0.675,1296,36546281,0.004915354552169016,NaN
25681,0.0959945743835166,0.02133212764078147,0.013026289618998942,54,0.675,1296,36559241,0.004915354552169016,NaN
25691,0.0959945743835166,0.02133212764078147,0.013024449601665749,54,0.675,1296,36572201,0.004915354552169016,NaN
25701,0.0959945743835166,0.02133212764078147,0.013022624626012511,54,0.675,1296,36585161,0.004915354552169016,NaN
25711,0.0959945743835166,0.02133212764078147,0.013020814240072055,54,0.675,1296,36598121,0.004915354552169016,NaN
25721,0.0959945743835166,0.02133212764078147,0.01301901852585266,54,0.675,1296,36611081,0.004915354552169016,NaN
25731,0.0959945743835166,0.02133212764078147,0.013017236648521138,54,0.675,1296,36624041,0.004915354552169016,NaN
25741,0.0959945743835166,0.02133212764078147,0.013015468339525571,54,0.675,1297,36637009,0.004915354552169016,NaN
25751,0.0959945743835166,0.02133212764078147,0.013013713724725156,54,0.675,1297,36649979,0.004915354552169016,NaN
25761,0.0959945743835166,0.02133212764078147,0.013011972703958753,54,0.675,1297,36662949,0.004915354552169016,NaN
25771,0.0959945743835166,0.02133212764078147,0.013010245214030528,54,0.675,1297,36675919,0.004915354552169016,NaN
25781,0.0959945743835166,0.02133212764078147,0.013008531553365427,54,0.675,1297,36688889,0.004915354552169016,NaN
25791,0.0959945743835166,0.02133212764078147,0.01300683122970218,54,0.675,1297,36701859,0.004915354552169016,NaN
25801,0.0959945743835166,0.02133212764078147,0.013005143684732235,54,0.675,1297,36714829,0.004915354552169016,NaN
25811,0.0959945743835166,0.02133212764078147,0.013003469435990895,54,0.675,1297,36727799,0.004915354552169016,NaN
25821,0.0959945743835166,0.02133212764078147,0.013001807874619447,54,0.675,1297,36740769,0.004915354552169016,NaN
25831,0.0959945743835166,0.02133212764078147,0.013000158708674806,54,0.675,1297,36753739,0.004915354552169016,NaN
25841,0.0959945743835166,0.02133212764078147,0.012998522159554188,54,0.675,1297,36766709,0.004915354552169016,NaN
25851,0.0959945743835166,0.02133212764078147,0.01299689818861519,54,0.675,1297,36779679,0.004915354552169016,NaN
25861,0.0959945743835166,0.02133212764078147,0.012995285880517488,54,0.675,1297,36792649,0.004915354552169016,NaN
25871,0.0959945743835166,0.02133212764078147,0.012993685355956994,54,0.675,1297,36805619,0.004915354552169016,NaN
25881,0.0959945743835166,0.02133212764078147,0.01299209668797222,54,0.675,1297,36818589,0.004915354552169016,NaN
25891,0.0959945743835166,0.02133212764078147,0.012990519589532323,54,0.675,1297,36831559,0.004915354552169016,NaN
25901,0.0959945743835166,0.02133212764078147,0.012988954002760933,54,0.675,1297,36844529,0.004915354552169016,NaN
25911,0.0959945743835166,0.02133212764078147,0.01298739991275812,54,0.675,1297,36857499,0.004915354552169016,NaN
25921,0.0959945743835166,0.02133212764078147,0.012985857250278534,54,0.675,1297,36870469,0.004915354552169016,NaN
25931,0.0959945743835166,0.02133212764078147,0.012984325385017037,54,0.675,1297,36883439,0.004915354552169016,NaN
25941,0.0959945743835166,0.02133212764078147,0.012982804563170438,54,0.675,1297,36896409,0.004915354552169016,NaN
25951,0.0959945743835166,0.02133212764078147,0.012981294489030803,54,0.675,1297,36909379,0.004915354552169016,NaN
25961,0.0959945743835166,0.02133212764078147,0.012979795414034337,54,0.675,1297,36922349,0.004915354552169016,NaN
25971,0.0959945743835166,0.02133212764078147,0.0129783065920342,54,0.675,1297,36935319,0.004915354552169016,NaN
25981,0.0959945743835166,0.02133212764078147,0.012976827381447583,54,0.675,1298,36948298,0.004915354552169016,NaN
25991,0.0959945743835166,0.02133212764078147,0.012975358183448199,54,0.675,1298,36961278,0.004915354552169016,NaN
26001,0.0959945743835166,0.02133212764078147,0.012973899000244279,54,0.675,1298,36974258,0.004915354552169016,NaN
26011,0.0959945743835166,0.02133212764078147,0.012972450306896529,54,0.675,1298,36987238,0.004915354552169016,NaN
26021,0.0959945743835166,0.02133212764078147,0.012971011587346103,54,0.675,1298,37000218,0.004915354552169016,NaN
26031,0.0959945743835166,0.02133212764078147,0.012969582439527543,54,0.675,1298,37013198,0.004915354552169016,NaN
26041,0.0959945743835166,0.02133212764078147,0.012968162980614522,54,0.675,1298,37026178,0.004915354552169016,NaN
26051,0.0959945743835166,0.02133212764078147,0.012966753277467108,54,0.675,1298,37039158,0.004915354552169016,NaN
26061,0.0959945743835166,0.02133212764078147,0.01296535307594521,54,0.675,1298,37052138,0.004915354552169016,NaN
26071,0.0959945743835166,0.02133212764078147,0.012963962302787877,54,0.675,1298,37065118,0.004915354552169016,NaN
26081,0.0959945743835166,0.02133212764078147,0.012962580653543259,54,0.675,1298,37078098,0.004915354552169016,NaN
26091,0.0959945743835166,0.02133212764078147,0.012961208222920911,54,0.675,1298,37091078,0.004915354552169016,NaN
26101,0.0959945743835166,0.02133212764078147,0.01295984513597222,54,0.675,1298,37104058,0.004915354552169016,NaN
26111,0.0959945743835166,0.02133212764078147,0.012958490744526218,54,0.675,1298,37117038,0.004915354552169016,NaN
26121,0.0959945743835166,0.02133212764078147,0.012957145390641554,54,0.675,1298,37130018,0.004915354552169016,NaN
26131,0.0959945743835166,0.02133212764078147,0.01295580875768142,54,0.675,1298,37142998,0.004915354552169016,NaN
26141,0.0959945743835166,0.02133212764078147,0.012954480961170314,54,0.675,1298,37155978,0.004915354552169016,NaN
26151,0.0959945743835166,0.02133212764078147,0.012953161566611426,54,0.675,1298,37168958,0.004915354552169016,NaN
26161,0.0959945743835166,0.02133212764078147,0.01295185061130868,54,0.675,1298,37181938,0.004915354552169016,NaN
26171,0.0959945743835166,0.02133212764078147,0.012950548226509182,54,0.675,1298,37194918,0.004915354552169016,NaN
26181,0.0959945743835166,0.02133212764078147,0.012949254171903787,54,0.675,1298,37207898,0.004915354552169016,NaN
26191,0.0959945743835166,0.02133212764078147,0.012947968339934394,54,0.675,1298,37220878,0.004915354552169016,NaN
26201,0.0959945743835166,0.02133212764078147,0.012946690437567021,54,0.675,1298,37233858,0.004915354552169016,NaN
26211,0.0959945743835166,0.02133212764078147,0.012945420225377351,54,0.675,1298,37246838,0.004915354552169016,NaN
26221,0.0959945743835166,0.02133212764078147,0.012944157607025006,54,0.675,1299,37259825,0.004915354552169016,NaN
26231,0.0959945743835166,0.02133212764078147,0.012942902294793496,54,0.675,1299,37272815,0.004915354552169016,NaN
26241,0.0959945743835166,0.02133212764078147,0.012941654947547118,54,0.675,1299,37285805,0.004915354552169016,NaN
26251,0.0959945743835166,0.02133212764078147,0.01294041546780684,54,0.675,1299,37298795,0.004915354552169016,NaN
26261,0.0959945743835166,0.02133212764078147,0.012939183645299845,54,0.675,1299,37311785,0.004915354552169016,NaN
26271,0.0959945743835166,0.02133212764078147,0.012937959237543758,54,0.675,1299,37324775,0.004915354552169016,NaN
26281,0.0959945743835166,0.02133212764078147,0.012936742293718325,54,0.675,1299,37337765,0.004915354552169016,NaN
26291,0.0959945743835166,0.02133212764078147,0.012935532925402,54,0.675,1299,37350755,0.004915354552169016,NaN
26301,0.0959945743835166,0.02133212764078147,0.012934330430254607,54,0.675,1299,37363745,0.004915354552169016,NaN
26311,0.0959945743835166,0.02133212764078147,0.012933135665226603,54,0.675,1299,37376735,0.004915354552169016,NaN
26321,0.0959945743835166,0.02133212764078147,0.012931948186417736,54,0.675,1299,37389725,0.004915354552169016,NaN
26331,0.0959945743835166,0.02133212764078147,0.01293076729359299,54,0.675,1299,37402715,0.004915354552169016,NaN
26341,0.0959945743835166,0.02133212764078147,0.01292959364206775,54,0.675,1299,37415705,0.004915354552169016,NaN
26351,0.0959945743835166,0.02133212764078147,0.012928426703990054,54,0.675,1299,37428695,0.004915354552169016,NaN
26361,0.0959945743835166,0.02133212764078147,0.01292726677032414,54,0.675,1299,37441685,0.004915354552169016,NaN
26371,0.0959945743835166,0.02133212764078147,0.01292611344981259,54,0.675,1299,37454675,0.004915354552169016,NaN
26381,0.0959945743835166,0.02133212764078147,0.012924967083712787,54,0.675,1299,37467665,0.004915354552169016,NaN
26391,0.0959945743835166,0.02133212764078147,0.012923827434823374,54,0.675,1299,37480655,0.004915354552169016,NaN
26401,0.0959945743835166,0.02133212764078147,0.012922694187200837,54,0.675,1299,37493645,0.004915354552169016,NaN
26411,0.0959945743835166,0.02133212764078147,0.01292156739634639,54,0.675,1299,37506635,0.004915354552169016,NaN
26421,0.0959945743835166,0.02133212764078147,0.012920446908577108,54,0.675,1299,37519625,0.004915354552169016,NaN
26431,0.0959945743835166,0.02133212764078147,0.01291933316742841,54,0.675,1299,37532615,0.004915354552169016,NaN
26441,0.0959945743835166,0.02133212764078147,0.012918225861597627,54,0.675,1299,37545605,0.004915354552169016,NaN
26451,0.09592616134864217,0.0213149268511844,0.012915775112558875,52,0.65,1251,37558499,0.004915354552169016,NaN
26461,0.0959171708303298,0.0213149268511844,0.012908032352097027,52,0.65,1251,37571009,0.004915354552169016,NaN
26471,0.0959171708303298,0.0213149268511844,0.012900458054931122,52,0.65,1251,37583519,0.004915354552169016,NaN
26481,0.0959171708303298,0.0213149268511844,0.012893046482019357,52,0.65,1251,37596029,0.004915354552169016,NaN
26491,0.0959171708303298,0.0213149268511844,0.012885789019765595,52,0.65,1252,37608544,0.004915354552169016,NaN
26501,0.0959171708303298,0.0213149268511844,0.01287867960303617,52,0.65,1252,37621064,0.004915354552169016,NaN
26511,0.0959171708303298,0.0213149268511844,0.01287171664298982,52,0.65,1252,37633584,0.004915354552169016,NaN
26521,0.0959171708303298,0.0213149268511844,0.012864894945659821,52,0.65,1252,37646104,0.004915354552169016,NaN
26531,0.0959171708303298,0.0213149268511844,0.012858209973979151,52,0.65,1252,37658624,0.004915354552169016,NaN
26541,0.0959171708303298,0.0213149268511844,0.012851657015718668,52,0.65,1252,37671144,0.004915354552169016,NaN
26551,0.0959171708303298,0.0213149268511844,0.012845231378735254,52,0.65,1252,37683664,0.004915354552169016,NaN
26561,0.0959171708303298,0.0213149268511844,0.01283892925697159,52,0.65,1252,37696184,0.004915354552169016,NaN
26571,0.0959171708303298,0.0213149268511844,0.01283274672287511,52,0.65,1252,37708704,0.004915354552169016,NaN
26581,0.0959171708303298,0.0213149268511844,0.012826679773429623,52,0.65,1252,37721224,0.004915354552169016,NaN
26591,0.0959171708303298,0.0213149268511844,0.01282072475605823,52,0.65,1252,37733744,0.004915354552169016,NaN
26601,0.0959171708303298,0.0213149268511844,0.01281487815624895,52,0.65,1252,37746264,0.004915354552169016,NaN
26611,0.0959171708303298,0.0213149268511844,0.012809137283383265,52,0.65,1252,37758784,0.004915354552169016,NaN
26621,0.0959171708303298,0.0213149268511844,0.012803498476618071,52,0.65,1252,37771304,0.004915354552169016,NaN
26631,0.0959171708303298,0.0213149268511844,0.01279795878397314,52,0.65,1252,37783824,0.004915354552169016,NaN
26641,0.0959171708303298,0.0213149268511844,0.012792515361080508,52,0.65,1252,37796344,0.004915354552169016,NaN
26651,0.0959171708303298,0.0213149268511844,0.012787165437388438,52,0.65,1252,37808864,0.004915354552169016,NaN
26661,0.0959171708303298,0.0213149268511844,0.012781906500610651,52,0.65,1252,37821384,0.004915354552169016,NaN
26671,0.0959171708303298,0.0213149268511844,0.01277673537603304,52,0.65,1252,37833904,0.004915354552169016,NaN
26681,0.0959171708303298,0.0213149268511844,0.01277165001468646,52,0.65,1252,37846424,0.004915354552169016,NaN
26691,0.0959171708303298,0.0213149268511844,0.012766647630336048,52,0.65,1252,37858944,0.004915354552169016,NaN
26701,0.0959171708303298,0.0213149268511844,0.012761726223807173,52,0.65,1252,37871464,0.004915354552169016,NaN
26711,0.0959171708303298,0.0213149268511844,0.012756883796010055,52,0.65,1252,37883984,0.004915354552169016,NaN
26721,0.0959171708303298,0.0213149268511844,0.012752118009869511,52,0.65,1252,37896504,0.004915354552169016,NaN
26731,0.0959171708303298,0.0213149268511844,0.012747427200430553,52,0.65,1252,37909024,0.004915354552169016,NaN
26741,0.0959171708303298,0.0213149268511844,0.012742809275265549,52,0.65,1252,37921544,0.004915354552169016,NaN
26751,0.0959171708303298,0.0213149268511844,0.012738258495241479,52,0.65,1253,37934073,0.004915354552169016,NaN
26761,0.0959171708303298,0.0213149268511844,0.012733776686440965,52,0.65,1253,37946603,0.004915354552169016,NaN
26771,0.0959171708303298,0.0213149268511844,0.012729362166368243,52,0.65,1253,37959133,0.004915354552169016,NaN
26781,0.0959171708303298,0.0213149268511844,0.012725013319647357,52,0.65,1253,37971663,0.004915354552169016,NaN
26791,0.0959171708303298,0.0213149268511844,0.01272072858668766,52,0.65,1253,37984193,0.004915354552169016,NaN
26801,0.0959171708303298,0.0213149268511844,0.012716506268516137,52,0.65,1253,37996723,0.004915354552169016,NaN
26811,0.0959171708303298,0.0213149268511844,0.012712344540551493,52,0.65,1253,38009253,0.004915354552169016,NaN
26821,0.0959171708303298,0.0213149268511844,0.012708242737871434,52,0.65,1253,38021783,0.004915354552169016,NaN
26831,0.0959171708303298,0.0213149268511844,0.01270419882522759,52,0.65,1253,38034313,0.004915354552169016,NaN
26841,0.0959171708303298,0.0213149268511844,0.01270021141370464,52,0.65,1253,38046843,0.004915354552169016,NaN
26851,0.0959171708303298,0.0213149268511844,0.0126962795414356,52,0.65,1253,38059373,0.004915354552169016,NaN
26861,0.0959171708303298,0.0213149268511844,0.012692401477875353,52,0.65,1253,38071903,0.004915354552169016,NaN
26871,0.0959171708303298,0.0213149268511844,0.01268857632684342,52,0.65,1253,38084433,0.004915354552169016,NaN
26881,0.0959171708303298,0.0213149268511844,0.012684802672728063,52,0.65,1253,38096963,0.004915354552169016,NaN
26891,0.0959171708303298,0.0213149268511844,0.012681079171562137,52,0.65,1253,38109493,0.004915354552169016,NaN
26901,0.0959171708303298,0.0213149268511844,0.01267740545454385,52,0.65,1253,38122023,0.004915354552169016,NaN
26911,0.0959171708303298,0.0213149268511844,0.01267377950442477,52,0.65,1253,38134553,0.004915354552169016,NaN
26921,0.0959171708303298,0.0213149268511844,0.012670200722625211,52,0.65,1253,38147083,0.004915354552169016,NaN
26931,0.0959171708303298,0.0213149268511844,0.012666667509832327,52,0.65,1253,38159613,0.004915354552169016,NaN
26941,0.0959171708303298,0.0213149268511844,0.0126631798364535,52,0.65,1253,38172143,0.004915354552169016,NaN
26951,0.0959171708303298,0.0213149268511844,0.012659736185353912,52,0.65,1253,38184673,0.004915354552169016,NaN
26961,0.0959171708303298,0.0213149268511844,0.012656335878357577,52,0.65,1253,38197203,0.004915354552169016,NaN
26971,0.0959171708303298,0.0213149268511844,0.012652977453034148,52,0.65,1253,38209733,0.004915354552169016,NaN
26981,0.0959171708303298,0.0213149268511844,0.012649660818199775,52,0.65,1253,38222263,0.004915354552169016,NaN
26991,0.0959171708303298,0.0213149268511844,0.012646384633742519,52,0.65,1253,38234793,0.004915354552169016,NaN
27001,0.0959171708303298,0.0213149268511844,0.012643147861931095,52,0.65,1254,38247324,0.004915354552169016,NaN
27011,0.0959171708303298,0.0213149268511844,0.01263994787962166,52,0.65,1254,38259864,0.004915354552169016,NaN
27021,0.0959171708303298,0.0213149268511844,0.012636786150853872,52,0.65,1254,38272404,0.004915354552169016,NaN
27031,0.0959171708303298,0.0213149268511844,0.012633661567555878,52,0.65,1254,38284944,0.004915354552169016,NaN
27041,0.0959171708303298,0.0213149268511844,0.012630573935494526,52,0.65,1254,38297484,0.004915354552169016,NaN
27051,0.0959171708303298,0.0213149268511844,0.012627521952187654,52,0.65,1254,38310024,0.004915354552169016,NaN
27061,0.0959171708303298,0.0213149268511844,0.012624505108008388,52,0.65,1254,38322564,0.004915354552169016,NaN
27071,0.0959171708303298,0.0213149268511844,0.012621522796140382,52,0.65,1254,38335104,0.004915354552169016,NaN
27081,0.0959171708303298,0.0213149268511844,0.012618574404554758,52,0.65,1254,38347644,0.004915354552169016,NaN
27091,0.0959171708303298,0.0213149268511844,0.012615658970566865,52,0.65,1254,38360184,0.004915354552169016,NaN
27101,0.0959171708303298,0.0213149268511844,0.012612776295277359,52,0.65,1254,38372724,0.004915354552169016,NaN
27111,0.0959171708303298,0.0213149268511844,0.012609925763152393,52,0.65,1254,38385264,0.004915354552169016,NaN
27121,0.0959171708303298,0.0213149268511844,0.012607106352688196,52,0.65,1254,38397804,0.004915354552169016,NaN
27131,0.0959171708303298,0.0213149268511844,0.012604317777720569,52,0.65,1254,38410344,0.004915354552169016,NaN
27141,0.0959171708303298,0.0213149268511844,0.012601559395273543,52,0.65,1254,38422884,0.004915354552169016,NaN
27151,0.0959171708303298,0.0213149268511844,0.012598830796812783,52,0.65,1254,38435424,0.004915354552169016,NaN
27161,0.0959171708303298,0.0213149268511844,0.012596131224485083,52,0.65,1254,38447964,0.004915354552169016,NaN
27171,0.0959171708303298,0.0213149268511844,0.012593460413330782,52,0.65,1254,38460504,0.004915354552169016,NaN
27181,0.0959171708303298,0.0213149268511844,0.012590817663264284,52,0.65,1254,38473044,0.004915354552169016,NaN
27191,0.0959171708303298,0.0213149268511844,0.012588202596318557,52,0.65,1254,38485584,0.004915354552169016,NaN
27201,0.0959171708303298,0.0213149268511844,0.012585614293645037,52,0.65,1254,38498124,0.004915354552169016,NaN
27211,0.0959171708303298,0.0213149268511844,0.01258305285838369,52,0.65,1254,38510664,0.004915354552169016,NaN
27221,0.0959171708303298,0.0213149268511844,0.012580517517633455,52,0.65,1254,38523204,0.004915354552169016,NaN
27231,0.0959171708303298,0.0213149268511844,0.012578007949763026,52,0.65,1254,38535744,0.004915354552169016,NaN
27241,0.0959171708303298,0.0213149268511844,0.012575523617826486,52,0.65,1254,38548284,0.004915354552169016,NaN
27251,0.0959171708303298,0.0213149268511844,0.012573063831010228,52,0.65,1254,38560824,0.004915354552169016,NaN
27261,0.0959171708303298,0.0213149268511844,0.012570628848323473,52,0.65,1254,38573364,0.004915354552169016,NaN
27271,0.0959171708303298,0.0213149268511844,0.012568215948042813,52,0.65,1255,38585914,0.004915354552169016,NaN
27281,0.0959171708303298,0.0213149268511844,0.012565826675697857,52,0.65,1255,38598464,0.004915354552169016,NaN
27291,0.0959171708303298,0.0213149268511844,0.012563460629461629,52,0.65,1255,38611014,0.004915354552169016,NaN
27301,0.0959171708303298,0.0213149268511844,0.012561117209781657,52,0.65,1255,38623564,0.004915354552169016,NaN
27311,0.0959171708303298,0.0213149268511844,0.012558796573388837,52,0.65,1255,38636114,0.004915354552169016,NaN
27321,0.0959171708303298,0.0213149268511844,0.012556498068527891,52,0.65,1255,38648664,0.004915354552169016,NaN
27331,0.0959171708303298,0.0213149268511844,0.012554221484536169,52,0.65,1255,38661214,0.004915354552169016,NaN
27341,0.0959171708303298,0.0213149268511844,0.012551966252613003,52,0.65,1255,38673764,0.004915354552169016,NaN
27351,0.0959171708303298,0.0213149268511844,0.01254973206562616,52,0.65,1255,38686314,0.004915354552169016,NaN
27361,0.0959171708303298,0.0213149268511844,0.012547518407125058,52,0.65,1255,38698864,0.004915354552169016,NaN
27371,0.0959171708303298,0.0213149268511844,0.012545325163093915,52,0.65,1255,38711414,0.004915354552169016,NaN
27381,0.0959171708303298,0.0213149268511844,0.012543152445937613,52,0.65,1255,38723964,0.004915354552169016,NaN
27391,0.0959171708303298,0.0213149268511844,0.012540999147312193,52,0.65,1255,38736514,0.004915354552169016,NaN
27401,0.0959171708303298,0.0213149268511844,0.012538865672172106,52,0.65,1255,38749064,0.004915354552169016,NaN
27411,0.0959171708303298,0.0213149268511844,0.012536751136369803,52,0.65,1255,38761614,0.004915354552169016,NaN
27421,0.0959171708303298,0.0213149268511844,0.012534655442486975,52,0.65,1255,38774164,0.004915354552169016,NaN
27431,0.0959171708303298,0.0213149268511844,0.012532578344623239,52,0.65,1255,38786714,0.004915354552169016,NaN
27441,0.0959171708303298,0.0213149268511844,0.012530519743213892,52,0.65,1255,38799264,0.004915354552169016,NaN
27451,0.0959171708303298,0.0213149268511844,0.012528479212127065,52,0.65,1255,38811814,0.004915354552169016,NaN
27461,0.0959171708303298,0.0213149268511844,0.012526456255038015,52,0.65,1255,38824364,0.004915354552169016,NaN
27471,0.0959171708303298,0.0213149268511844,0.012524450955347826,52,0.65,1255,38836914,0.004915354552169016,NaN
27481,0.0959171708303298,0.0213149268511844,0.012522463198748394,52,0.65,1255,38849464,0.004915354552169016,NaN
27491,0.0959171708303298,0.0213149268511844,0.012520492086653411,52,0.65,1255,38862014,0.004915354552169016,NaN
27501,0.0959171708303298,0.0213149268511844,0.012518538049794603,52,0.65,1255,38874564,0.004915354552169016,NaN
27511,0.0959171708303298,0.0213149268511844,0.012516600462416668,52,0.65,1255,38887114,0.004915354552169016,NaN
27521,0.0959171708303298,0.0213149268511844,0.012514678784541922,52,0.65,1255,38899664,0.004915354552169016,NaN
27531,0.0959171708303298,0.0213149268511844,0.0125127722454276,52,0.65,1256,38912221,0.004915354552169016,NaN
27541,0.0959171708303298,0.0213149268511844,0.01251088108257245,52,0.65,1256,38924781,0.004915354552169016,NaN
27551,0.0959171708303298,0.0213149268511844,0.012509005501486458,52,0.65,1256,38937341,0.004915354552169016,NaN
27561,0.0959171708303298,0.0213149268511844,0.01250714572975308,52,0.65,1256,38949901,0.004915354552169016,NaN
27571,0.0959171708303298,0.0213149268511844,0.012505300793623548,52,0.65,1256,38962461,0.004915354552169016,NaN
27581,0.0959171708303298,0.0213149268511844,0.012503471090289755,52,0.65,1256,38975021,0.004915354552169016,NaN
27591,0.0959171708303298,0.0213149268511844,0.012501656055640567,52,0.65,1256,38987581,0.004915354552169016,NaN
27601,0.0959171708303298,0.0213149268511844,0.012499855487993882,52,0.65,1256,39000141,0.004915354552169016,NaN
27611,0.0959171708303298,0.0213149268511844,0.012498069404985433,52,0.65,1256,39012701,0.004915354552169016,NaN
27621,0.0959171708303298,0.0213149268511844,0.01249629753142158,52,0.65,1256,39025261,0.004915354552169016,NaN
27631,0.0959171708303298,0.0213149268511844,0.012494539808284664,52,0.65,1256,39037821,0.004915354552169016,NaN
27641,0.0959171708303298,0.0213149268511844,0.012492795705840562,52,0.65,1256,39050381,0.004915354552169016,NaN
27651,0.0959171708303298,0.0213149268511844,0.012491065351613739,52,0.65,1256,39062941,0.004915354552169016,NaN
27661,0.0959171708303298,0.0213149268511844,0.012489348118903738,52,0.65,1256,39075501,0.004915354552169016,NaN
27671,0.0959171708303298,0.0213149268511844,0.012487644356668642,52,0.65,1256,39088061,0.004915354552169016,NaN
27681,0.0959171708303298,0.0213149268511844,0.012485953813535513,52,0.65,1256,39100621,0.004915354552169016,NaN
27691,0.0959171708303298,0.0213149268511844,0.012484276117550678,52,0.65,1256,39113181,0.004915354552169016,NaN
27701,0.0959171708303298,0.0213149268511844,0.01248261124112424,52,0.65,1256,39125741,0.004915354552169016,NaN
27711,0.0959171708303298,0.0213149268511844,0.012480958768586185,52,0.65,1256,39138301,0.004915354552169016,NaN
27721,0.0959171708303298,0.0213149268511844,0.012479318774800468,52,0.65,1256,39150861,0.004915354552169016,NaN
27731,0.0959171708303298,0.0213149268511844,0.012477690975909138,52,0.65,1256,39163421,0.004915354552169016,NaN
27741,0.0959171708303298,0.0213149268511844,0.012476075371549922,52,0.65,1256,39175981,0.004915354552169016,NaN
27751,0.0959171708303298,0.0213149268511844,0.012474471571026007,52,0.65,1256,39188541,0.004915354552169016,NaN
27761,0.0959171708303298,0.0213149268511844,0.01247287972775751,52,0.65,1256,39201101,0.004915354552169016,NaN
27771,0.0959171708303298,0.0213149268511844,0.012471299442249067,52,0.65,1256,39213661,0.004915354552169016,NaN
27781,0.0959171708303298,0.0213149268511844,0.012469730652012893,52,0.65,1256,39226221,0.004915354552169016,NaN
27791,0.0959171708303298,0.0213149268511844,0.012468173253558253,52,0.65,1257,39238782,0.004915354552169016,NaN
27801,0.0959171708303298,0.0213149268511844,0.012466626027684771,52,0.65,1257,39251352,0.004915354552169016,NaN
27811,0.0959171708303298,0.0213149268511844,0.012465089661631451,52,0.65,1257,39263922,0.004915354552169016,NaN
27821,0.0959171708303298,0.0213149268511844,0.012463564822472194,52,0.65,1257,39276492,0.004915354552169016,NaN
27831,0.0959171708303298,0.0213149268511844,0.012462050381010835,52,0.65,1257,39289062,0.004915354552169016,NaN
27841,0.0959171708303298,0.0213149268511844,0.012460546859209748,52,0.65,1257,39301632,0.004915354552169016,NaN
27851,0.0959171708303298,0.0213149268511844,0.012459053732503455,52,0.65,1257,39314202,0.004915354552169016,NaN
27861,0.0959171708303298,0.0213149268511844,0.012457571238841513,52,0.65,1257,39326772,0.004915354552169016,NaN
27871,0.0959171708303298,0.0213149268511844,0.012456099050859055,52,0.65,1257,39339342,0.004915354552169016,NaN
27881,0.0959171708303298,0.0213149268511844,0.012454636930632883,52,0.65,1257,39351912,0.004915354552169016,NaN
27891,0.0959171708303298,0.0213149268511844,0.012453184842789152,52,0.65,1257,39364482,0.004915354552169016,NaN
27901,0.0959171708303298,0.0213149268511844,0.012451742915803395,52,0.65,1257,39377052,0.004915354552169016,NaN
27911,0.0959171708303298,0.0213149268511844,0.012450310929654245,52,0.65,1257,39389622,0.004915354552169016,NaN
27921,0.0959171708303298,0.0213149268511844,0.012448888339110366,52,0.65,1257,39402192,0.004915354552169016,NaN
27931,0.0959171708303298,0.0213149268511844,0.012447475506231312,52,0.65,1257,39414762,0.004915354552169016,NaN
27941,0.0959171708303298,0.0213149268511844,0.012446072203675843,52,0.65,1257,39427332,0.004915354552169016,NaN
27951,0.0959171708303298,0.0213149268511844,0.0124446783602428,52,0.65,1257,39439902,0.004915354552169016,NaN
27961,0.0959171708303298,0.0213149268511844,0.012443293627864038,52,0.65,1257,39452472,0.004915354552169016,NaN
27971,0.0959171708303298,0.0213149268511844,0.01244191810612382,52,0.65,1257,39465042,0.004915354552169016,NaN
27981,0.0959171708303298,0.0213149268511844,0.012440551693999104,52,0.65,1257,39477612,0.004915354552169016,NaN
27991,0.0959171708303298,0.0213149268511844,0.012439194136375401,52,0.65,1257,39490182,0.004915354552169016,NaN
28001,0.0959171708303298,0.0213149268511844,0.012437845665934012,52,0.65,1257,39502752,0.004915354552169016,NaN
28011,0.0959171708303298,0.0213149268511844,0.01243650619297272,52,0.65,1257,39515322,0.004915354552169016,NaN
28021,0.0959171708303298,0.0213149268511844,0.012435174980471012,52,0.65,1257,39527892,0.004915354552169016,NaN
28031,0.0959171708303298,0.0213149268511844,0.01243385257219656,52,0.65,1257,39540462,0.004915354552169016,NaN
28041,0.0959171708303298,0.0213149268511844,0.012432538714059211,52,0.65,1257,39553032,0.004915354552169016,NaN
28051,0.0959171708303298,0.0213149268511844,0.012431233123501025,52,0.65,1257,39565602,0.004915354552169016,NaN
28061,0.0959171708303298,0.0213149268511844,0.012429935411029767,52,0.65,1258,39578174,0.004915354552169016,NaN
28071,0.0959171708303298,0.0213149268511844,0.012428645281297303,52,0.65,1258,39590754,0.004915354552169016,NaN
28081,0.0959171708303298,0.0213149268511844,0.012427363535232359,52,0.65,1258,39603334,0.004915354552169016,NaN
28091,0.0959171708303298,0.0213149268511844,0.01242608977234458,52,0.65,1258,39615914,0.004915354552169016,NaN
28101,0.0959171708303298,0.0213149268511844,0.012424823884113187,52,0.65,1258,39628494,0.004915354552169016,NaN
28111,0.0959171708303298,0.0213149268511844,0.012423565740754962,52,0.65,1258,39641074,0.004915354552169016,NaN
28121,0.0959171708303298,0.0213149268511844,0.012422315639832347,52,0.65,1258,39653654,0.004915354552169016,NaN
28131,0.0959171708303298,0.0213149268511844,0.012421073090227296,52,0.65,1258,39666234,0.004915354552169016,NaN
28141,0.0959171708303298,0.0213149268511844,0.01241983830273422,52,0.65,1258,39678814,0.004915354552169016,NaN
28151,0.0959171708303298,0.0213149268511844,0.012418611132794218,52,0.65,1258,39691394,0.004915354552169016,NaN
28161,0.0959171708303298,0.0213149268511844,0.012417391366230688,52,0.65,1258,39703974,0.004915354552169016,NaN
28171,0.0959171708303298,0.0213149268511844,0.01241617898536647,52,0.65,1258,39716554,0.004915354552169016,NaN
28181,0.0959171708303298,0.0213149268511844,0.012414974014440283,52,0.65,1258,39729134,0.004915354552169016,NaN
28191,0.0959171708303298,0.0213149268511844,0.012413776031912759,52,0.65,1258,39741714,0.004915354552169016,NaN
28201,0.0959171708303298,0.0213149268511844,0.012412585149493243,52,0.65,1258,39754294,0.004915354552169016,NaN
28211,0.0959171708303298,0.0213149268511844,0.012411401649757408,52,0.65,1258,39766874,0.004915354552169016,NaN
28221,0.0959171708303298,0.0213149268511844,0.012410225113221875,52,0.65,1258,39779454,0.004915354552169016,NaN
28231,0.0959171708303298,0.0213149268511844,0.012409055412558715,52,0.65,1258,39792034,0.004915354552169016,NaN
28241,0.0959171708303298,0.0213149268511844,0.012407892727123362,52,0.65,1258,39804614,0.004915354552169016,NaN
28251,0.0959171708303298,0.0213149268511844,0.012406736780560002,52,0.65,1258,39817194,0.004915354552169016,NaN
28261,0.0959171708303298,0.0213149268511844,0.012405587697656,52,0.65,1258,39829774,0.004915354552169016,NaN
28271,0.0959171708303298,0.0213149268511844,0.012404445164517348,52,0.65,1258,39842354,0.004915354552169016,NaN
28281,0.0959171708303298,0.0213149268511844,0.012403309202795736,52,0.65,1258,39854934,0.004915354552169016,NaN
28291,0.0959171708303298,0.0213149268511844,0.012402180149016541,52,0.65,1258,39867514,0.004915354552169016,NaN
28301,0.0959171708303298,0.0213149268511844,0.012401057373530023,52,0.65,1258,39880094,0.004915354552169016,NaN
28311,0.0959171708303298,0.0213149268511844,0.012399940899553019,52,0.65,1258,39892674,0.004915354552169016,NaN
28321,0.0959171708303298,0.0213149268511844,0.01239883082075347,52,0.65,1258,39905254,0.004915354552169016,NaN
28331,0.0959171708303298,0.0213149268511844,0.012397726912966232,52,0.65,1259,39917835,0.004915354552169016,NaN
28341,0.0959171708303298,0.0213149268511844,0.012396628487212432,52,0.65,1259,39930425,0.004915354552169016,NaN
28351,0.0959171708303298,0.0213149268511844,0.012395536358489988,52,0.65,1259,39943015,0.004915354552169016,NaN
28361,0.0959171708303298,0.0213149268511844,0.012394450194870588,52,0.65,1259,39955605,0.004915354552169016,NaN
28371,0.0959171708303298,0.0213149268511844,0.012393370259683964,52,0.65,1259,39968195,0.004915354552169016,NaN
28381,0.0959171708303298,0.0213149268511844,0.0123922964014866,52,0.65,1259,39980785,0.004915354552169016,NaN
28391,0.0959171708303298,0.0213149268511844,0.012391228081855225,52,0.65,1259,39993375,0.004915354552169016,NaN
28401,0.09586776941846101,0.021303948759658003,0.012388220912062169,50,0.625,1210,40005818,0.004915354552169016,NaN
28411,0.09586776941846101,0.021303948759658003,0.01238078259839295,50,0.625,1210,40017918,0.004915354552169016,NaN
28421,0.09586776941846101,0.021303948759658003,0.01237350121608925,50,0.625,1210,40030018,0.004915354552169016,NaN
28431,0.09586776941846101,0.021303948759658003,0.01236637153979832,50,0.625,1210,40042118,0.004915354552169016,NaN
28441,0.09586776941846101,0.021303948759658003,0.012359387110652893,50,0.625,1211,40054220,0.004915354552169016,NaN
28451,0.09586776941846101,0.021303948759658003,0.012352539216905264,50,0.625,1211,40066330,0.004915354552169016,NaN
28461,0.09586776941846101,0.021303948759658003,0.012345828354992086,50,0.625,1211,40078440,0.004915354552169016,NaN
28471,0.09586776941846101,0.021303948759658003,0.012339249751201563,50,0.625,1211,40090550,0.004915354552169016,NaN
28481,0.09586776941846101,0.021303948759658003,0.012332798817983425,50,0.625,1211,40102660,0.004915354552169016,NaN
28491,0.09586776941846101,0.021303948759658003,0.012326471723303051,50,0.625,1211,40114770,0.004915354552169016,NaN
28501,0.09586776941846101,0.021303948759658003,0.012320264425964187,50,0.625,1211,40126880,0.004915354552169016,NaN
28511,0.09586776941846101,0.021303948759658003,0.012314173243334423,50,0.625,1211,40138990,0.004915354552169016,NaN
28521,0.09586776941846101,0.021303948759658003,0.01230819467990638,50,0.625,1211,40151100,0.004915354552169016,NaN
28531,0.09586776941846101,0.021303948759658003,0.012302324826020082,50,0.625,1211,40163210,0.004915354552169016,NaN
28541,0.09586776941846101,0.021303948759658003,0.012296560850707117,50,0.625,1211,40175320,0.004915354552169016,NaN
28551,0.09586776941846101,0.021303948759658003,0.012290899446525054,50,0.625,1211,40187430,0.004915354552169016,NaN
28561,0.09586776941846101,0.021303948759658003,0.012285337543665942,50,0.625,1211,40199540,0.004915354552169016,NaN
28571,0.09586776941846101,0.021303948759658003,0.012279872225921376,50,0.625,1211,40211650,0.004915354552169016,NaN
28581,0.09586776941846101,0.021303948759658003,0.012274500581132346,50,0.625,1211,40223760,0.004915354552169016,NaN
28591,0.09586776941846101,0.021303948759658003,0.012269220144753132,50,0.625,1211,40235870,0.004915354552169016,NaN
28601,0.09586776941846101,0.021303948759658003,0.01226402820201791,50,0.625,1211,40247980,0.004915354552169016,NaN
28611,0.09586776941846101,0.021303948759658003,0.012258922396259954,50,0.625,1211,40260090,0.004915354552169016,NaN
28621,0.09586776941846101,0.021303948759658003,0.012253900327104458,50,0.625,1211,40272200,0.004915354552169016,NaN
28631,0.09586776941846101,0.021303948759658003,0.01224895958604888,50,0.625,1211,40284310,0.004915354552169016,NaN
28641,0.09586776941846101,0.021303948759658003,0.012244097959410541,50,0.625,1211,40296420,0.004915354552169016,NaN
28651,0.09586776941846101,0.021303948759658003,0.012239313440272606,50,0.625,1211,40308530,0.004915354552169016,NaN
28661,0.09586776941846101,0.021303948759658003,0.012234603842690284,50,0.625,1211,40320640,0.004915354552169016,NaN
28671,0.09586776941846101,0.021303948759658003,0.012229967398209914,50,0.625,1211,40332750,0.004915354552169016,NaN
28681,0.09586776941846101,0.021303948759658003,0.012225402345782578,50,0.625,1211,40344860,0.004915354552169016,NaN
28691,0.09586776941846101,0.021303948759658003,0.012220906515876939,50,0.625,1211,40356970,0.004915354552169016,NaN
28701,0.09586776941846101,0.021303948759658003,0.012216478275930306,50,0.625,1211,40369080,0.004915354552169016,NaN
28711,0.09586776941846101,0.021303948759658003,0.012212116007019708,50,0.625,1211,40381190,0.004915354552169016,NaN
28721,0.09586776941846101,0.021303948759658003,0.012207817924047282,50,0.625,1211,40393300,0.004915354552169016,NaN
28731,0.09586776941846101,0.021303948759658003,0.012203580568578894,50,0.625,1212,40405416,0.004915354552169016,NaN
28741,0.09586776941846101,0.021303948759658003,0.012199402964929312,50,0.625,1212,40417536,0.004915354552169016,NaN
28751,0.09586776941846101,0.021303948759658003,0.012195285164613188,50,0.625,1212,40429656,0.004915354552169016,NaN
28761,0.09586776941846101,0.021303948759658003,0.012191225721001701,50,0.625,1212,40441776,0.004915354552169016,NaN
28771,0.09586776941846101,0.021303948759658003,0.012187223304103158,50,0.625,1212,40453896,0.004915354552169016,NaN
28781,0.09586776941846101,0.021303948759658003,0.012183276556467745,50,0.625,1212,40466016,0.004915354552169016,NaN
28791,0.09586776941846101,0.021303948759658003,0.012179383984134365,50,0.625,1212,40478136,0.004915354552169016,NaN
28801,0.09586776941846101,0.021303948759658003,0.012175544515061792,50,0.625,1212,40490256,0.004915354552169016,NaN
28811,0.09586776941846101,0.021303948759658003,0.012171756991820716,50,0.625,1212,40502376,0.004915354552169016,NaN
28821,0.09586776941846101,0.021303948759658003,0.012168020057865618,50,0.625,1212,40514496,0.004915354552169016,NaN
28831,0.09586776941846101,0.021303948759658003,0.012164332736233097,50,0.625,1212,40526616,0.004915354552169016,NaN
28841,0.09586776941846101,0.021303948759658003,0.012160694046620844,50,0.625,1212,40538736,0.004915354552169016,NaN
28851,0.09586776941846101,0.021303948759658003,0.01215710258130028,50,0.625,1212,40550856,0.004915354552169016,NaN
28861,0.09586776941846101,0.021303948759658003,0.01215355744484482,50,0.625,1212,40562976,0.004915354552169016,NaN
28871,0.09586776941846101,0.021303948759658003,0.012150057819222817,50,0.625,1212,40575096,0.004915354552169016,NaN
28881,0.09586776941846101,0.021303948759658003,0.012146602584003503,50,0.625,1212,40587216,0.004915354552169016,NaN
28891,0.09586776941846101,0.021303948759658003,0.0121431905790995,50,0.625,1212,40599336,0.004915354552169016,NaN
28901,0.09586776941846101,0.021303948759658003,0.012139821288302167,50,0.625,1212,40611456,0.004915354552169016,NaN
28911,0.09586776941846101,0.021303948759658003,0.012136493627294796,50,0.625,1212,40623576,0.004915354552169016,NaN
28921,0.09586776941846101,0.021303948759658003,0.012133206767435541,50,0.625,1212,40635696,0.004915354552169016,NaN
28931,0.09586776941846101,0.021303948759658003,0.0121299599177738,50,0.625,1212,40647816,0.004915354552169016,NaN
28941,0.09586776941846101,0.021303948759658003,0.01212675219464781,50,0.625,1212,40659936,0.004915354552169016,NaN
28951,0.09586776941846101,0.021303948759658003,0.012123582658674643,50,0.625,1212,40672056,0.004915354552169016,NaN
28961,0.09586776941846101,0.021303948759658003,0.012120450830338475,50,0.625,1212,40684176,0.004915354552169016,NaN
28971,0.09586776941846101,0.021303948759658003,0.012117355697153415,50,0.625,1212,40696296,0.004915354552169016,NaN
28981,0.09586776941846101,0.021303948759658003,0.012114296701983607,50,0.625,1212,40708416,0.004915354552169016,NaN
28991,0.09586776941846101,0.021303948759658003,0.012111273103777638,50,0.625,1212,40720536,0.004915354552169016,NaN
29001,0.09586776941846101,0.021303948759658003,0.012108284199551123,50,0.625,1212,40732656,0.004915354552169016,NaN
29011,0.09586776941846101,0.021303948759658003,0.012105329466436986,50,0.625,1212,40744776,0.004915354552169016,NaN
29021,0.09586776941846101,0.021303948759658003,0.012102406511177005,50,0.625,1213,40756903,0.004915354552169016,NaN
29031,0.09586776941846101,0.021303948759658003,0.01209951560301678,50,0.625,1213,40769033,0.004915354552169016,NaN
29041,0.09586776941846101,0.021303948759658003,0.012096656951634022,50,0.625,1213,40781163,0.004915354552169016,NaN
29051,0.09586776941846101,0.021303948759658003,0.0120938299000878,50,0.625,1213,40793293,0.004915354552169016,NaN
29061,0.09586776941846101,0.021303948759658003,0.012091033730864854,50,0.625,1213,40805423,0.004915354552169016,NaN
29071,0.09586776941846101,0.021303948759658003,0.012088268203421657,50,0.625,1213,40817553,0.004915354552169016,NaN
29081,0.09586776941846101,0.021303948759658003,0.012085532310759296,50,0.625,1213,40829683,0.004915354552169016,NaN
29091,0.09586776941846101,0.021303948759658003,0.012082825798486026,50,0.625,1213,40841813,0.004915354552169016,NaN
29101,0.09586776941846101,0.021303948759658003,0.012080148092472416,50,0.625,1213,40853943,0.004915354552169016,NaN
29111,0.09586776941846101,0.021303948759658003,0.012077498775934028,50,0.625,1213,40866073,0.004915354552169016,NaN
29121,0.09586776941846101,0.021303948759658003,0.012074877188976162,50,0.625,1213,40878203,0.004915354552169016,NaN
29131,0.09586776941846101,0.021303948759658003,0.012072282910166116,50,0.625,1213,40890333,0.004915354552169016,NaN
29141,0.09586776941846101,0.021303948759658003,0.012069715510069018,50,0.625,1213,40902463,0.004915354552169016,NaN
29151,0.09586776941846101,0.021303948759658003,0.012067174417923189,50,0.625,1213,40914593,0.004915354552169016,NaN
29161,0.09586776941846101,0.021303948759658003,0.012064659283741428,50,0.625,1213,40926723,0.004915354552169016,NaN
29171,0.09586776941846101,0.021303948759658003,0.012062169580692611,50,0.625,1213,40938853,0.004915354552169016,NaN
29181,0.09586776941846101,0.021303948759658003,0.012059704987094206,50,0.625,1213,40950983,0.004915354552169016,NaN
29191,0.09586776941846101,0.021303948759658003,0.01205726499068718,50,0.625,1213,40963113,0.004915354552169016,NaN
29201,0.09586776941846101,0.021303948759658003,0.012054849244461251,50,0.625,1213,40975243,0.004915354552169016,NaN
29211,0.09586776941846101,0.021303948759658003,0.012052457200702643,50,0.625,1213,40987373,0.004915354552169016,NaN
29221,0.09586776941846101,0.021303948759658003,0.012050088298187656,50,0.625,1213,40999503,0.004915354552169016,NaN
29231,0.09586776941846101,0.021303948759658003,0.012047742601758917,50,0.625,1213,41011633,0.004915354552169016,NaN
29241,0.09586776941846101,0.021303948759658003,0.012045419673287818,50,0.625,1213,41023763,0.004915354552169016,NaN
29251,0.09586776941846101,0.021303948759658003,0.012043119041788647,50,0.625,1213,41035893,0.004915354552169016,NaN
29261,0.09586776941846101,0.021303948759658003,0.012040840204363277,50,0.625,1213,41048023,0.004915354552169016,NaN
29271,0.09586776941846101,0.021303948759658003,0.01203858293737484,50,0.625,1213,41060153,0.004915354552169016,NaN
29281,0.09586776941846101,0.021303948759658003,0.012036347035504187,50,0.625,1213,41072283,0.004915354552169016,NaN
29291,0.09586776941846101,0.021303948759658003,0.012034131940274558,50,0.625,1213,41084413,0.004915354552169016,NaN
29301,0.09586776941846101,0.021303948759658003,0.012031937476197924,50,0.625,1213,41096543,0.004915354552169016,NaN
29311,0.09586776941846101,0.021303948759658003,0.012029761925784845,50,0.625,1214,41108679,0.004915354552169016,NaN
29321,0.09586776941846101,0.021303948759658003,0.012027605634167826,50,0.625,1214,41120819,0.004915354552169016,NaN
29331,0.09586776941846101,0.021303948759658003,0.012025469059587072,50,0.625,1214,41132959,0.004915354552169016,NaN
29341,0.09586776941846101,0.021303948759658003,0.012023351858363536,50,0.625,1214,41145099,0.004915354552169016,NaN
29351,0.09586776941846101,0.021303948759658003,0.012021253684985276,50,0.625,1214,41157239,0.004915354552169016,NaN
29361,0.09586776941846101,0.021303948759658003,0.01201917440405932,50,0.625,1214,41169379,0.004915354552169016,NaN
29371,0.09586776941846101,0.021303948759658003,0.01201711344243956,50,0.625,1214,41181519,0.004915354552169016,NaN
29381,0.09586776941846101,0.021303948759658003,0.012015070623887101,50,0.625,1214,41193659,0.004915354552169016,NaN
29391,0.09586776941846101,0.021303948759658003,0.01201304585803506,50,0.625,1214,41205799,0.004915354552169016,NaN
29401,0.09586776941846101,0.021303948759658003,0.012011038756711579,50,0.625,1214,41217939,0.004915354552169016,NaN
29411,0.09586776941846101,0.021303948759658003,0.012009048996163112,50,0.625,1214,41230079,0.004915354552169016,NaN
29421,0.09586776941846101,0.021303948759658003,0.012007076431755451,50,0.625,1214,41242219,0.004915354552169016,NaN
29431,0.09586776941846101,0.021303948759658003,0.012005120724805713,50,0.625,1214,41254359,0.004915354552169016,NaN
29441,0.09586776941846101,0.021303948759658003,0.012003181576761224,50,0.625,1214,41266499,0.004915354552169016,NaN
29451,0.09586776941846101,0.021303948759658003,0.012001258877887996,50,0.625,1214,41278639,0.004915354552169016,NaN
29461,0.09586776941846101,0.021303948759658003,0.011999352332496212,50,0.625,1214,41290779,0.004915354552169016,NaN
29471,0.09586776941846101,0.021303948759658003,0.011997461848552243,50,0.625,1214,41302919,0.004915354552169016,NaN
29481,0.09586776941846101,0.021303948759658003,0.011995587160477706,50,0.625,1214,41315059,0.004915354552169016,NaN
29491,0.09586776941846101,0.021303948759658003,0.011993727849408184,50,0.625,1214,41327199,0.004915354552169016,NaN
29501,0.09586776941846101,0.021303948759658003,0.011991883744165217,50,0.625,1214,41339339,0.004915354552169016,NaN
29511,0.09586776941846101,0.021303948759658003,0.011990054817693658,50,0.625,1214,41351479,0.004915354552169016,NaN
29521,0.09586776941846101,0.021303948759658003,0.011988240725894835,50,0.625,1214,41363619,0.004915354552169016,NaN
29531,0.09586776941846101,0.021303948759658003,0.011986441261895936,50,0.625,1214,41375759,0.004915354552169016,NaN
29541,0.09586776941846101,0.021303948759658003,0.011984656311753657,50,0.625,1214,41387899,0.004915354552169016,NaN
29551,0.09586776941846101,0.021303948759658003,0.01198288577387919,50,0.625,1214,41400039,0.004915354552169016,NaN
29561,0.09586776941846101,0.021303948759658003,0.011981129288863796,50,0.625,1214,41412179,0.004915354552169016,NaN
29571,0.09586776941846101,0.021303948759658003,0.011979386701993354,50,0.625,1214,41424319,0.004915354552169016,NaN
29581,0.09586776941846101,0.021303948759658003,0.011977657843753623,50,0.625,1214,41436459,0.004915354552169016,NaN
29591,0.09586776941846101,0.021303948759658003,0.011975942479797662,50,0.625,1214,41448599,0.004915354552169016,NaN
29601,0.09586776941846101,0.021303948759658003,0.011974240274201822,50,0.625,1215,41460740,0.004915354552169016,NaN
29611,0.09586776941846101,0.021303948759658003,0.011972549963084753,50,0.625,1215,41472890,0.004915354552169016,NaN
29621,0.09586776941846101,0.021303948759658003,0.011970872600484876,50,0.625,1215,41485040,0.004915354552169016,NaN
29631,0.09586776941846101,0.021303948759658003,0.011969208333379116,50,0.625,1215,41497190,0.004915354552169016,NaN
29641,0.09586776941846101,0.021303948759658003,0.011967556586352103,50,0.625,1215,41509340,0.004915354552169016,NaN
29651,0.09586776941846101,0.021303948759658003,0.011965917222866532,50,0.625,1215,41521490,0.004915354552169016,NaN
29661,0.09586776941846101,0.021303948759658003,0.011964290351967928,50,0.625,1215,41533640,0.004915354552169016,NaN
29671,0.09586776941846101,0.021303948759658003,0.011962675585243759,50,0.625,1215,41545790,0.004915354552169016,NaN
29681,0.09586776941846101,0.021303948759658003,0.01196107300857903,50,0.625,1215,41557940,0.004915354552169016,NaN
29691,0.09586776941846101,0.021303948759658003,0.011959482213375758,50,0.625,1215,41570090,0.004915354552169016,NaN
29701,0.09586776941846101,0.021303948759658003,0.01195790323635339,50,0.625,1215,41582240,0.004915354552169016,NaN
29711,0.09586776941846101,0.021303948759658003,0.011956335914060635,50,0.625,1215,41594390,0.004915354552169016,NaN
29721,0.09586776941846101,0.021303948759658003,0.011954779984920848,50,0.625,1215,41606540,0.004915354552169016,NaN
29731,0.09586776941846101,0.021303948759658003,0.011953235387344063,50,0.625,1215,41618690,0.004915354552169016,NaN
29741,0.09586776941846101,0.021303948759658003,0.011951702008391681,50,0.625,1215,41630840,0.004915354552169016,NaN
29751,0.09586776941846101,0.021303948759658003,0.011950179497493114,50,0.625,1215,41642990,0.004915354552169016,NaN
29761,0.09586776941846101,0.021303948759658003,0.011948667989423447,50,0.625,1215,41655140,0.004915354552169016,NaN
29771,0.09586776941846101,0.021303948759658003,0.01194716731399275,50,0.625,1215,41667290,0.004915354552169016,NaN
29781,0.09586776941846101,0.021303948759658003,0.011945677233883843,50,0.625,1215,41679440,0.004915354552169016,NaN
29791,0.09586776941846101,0.021303948759658003,0.01194419777333437,50,0.625,1215,41691590,0.004915354552169016,NaN
29801,0.09586776941846101,0.021303948759658003,0.01194272873735248,50,0.625,1215,41703740,0.004915354552169016,NaN
29811,0.09586776941846101,0.021303948759658003,0.011941269949238888,50,0.625,1215,41715890,0.004915354552169016,NaN
29821,0.09586776941846101,0.021303948759658003,0.011939821186827581,50,0.625,1215,41728040,0.004915354552169016,NaN
29831,0.09586776941846101,0.021303948759658003,0.011938382751833064,50,0.625,1215,41740190,0.004915354552169016,NaN
29841,0.09586776941846101,0.021303948759658003,0.011936954068165171,50,0.625,1215,41752340,0.004915354552169016,NaN
29851,0.09586776941846101,0.021303948759658003,0.011935535192241992,50,0.625,1215,41764490,0.004915354552169016,NaN
29861,0.09586776941846101,0.021303948759658003,0.011934125833496876,50,0.625,1215,41776640,0.004915354552169016,NaN
29871,0.09586776941846101,0.021303948759658003,0.01193272610465267,50,0.625,1215,41788790,0.004915354552169016,NaN
29881,0.09586776941846101,0.021303948759658003,0.011931335704216783,50,0.625,1215,41800940,0.004915354552169016,NaN
29891,0.09586776941846101,0.021303948759658003,0.011929954671032921,50,0.625,1215,41813090,0.004915354552169016,NaN
29901,0.09586776941846101,0.021303948759658003,0.011928582524571636,50,0.625,1216,41825244,0.004915354552169016,NaN
29911,0.09586776941846101,0.021303948759658003,0.011927218816889212,50,0.625,1216,41837404,0.004915354552169016,NaN
29921,0.09586776941846101,0.021303948759658003,0.011925864194776826,50,0.625,1216,41849564,0.004915354552169016,NaN
29931,0.09586776941846101,0.021303948759658003,0.011924518531060063,50,0.625,1216,41861724,0.004915354552169016,NaN
29941,0.09586776941846101,0.021303948759658003,0.011923181764513251,50,0.625,1216,41873884,0.004915354552169016,NaN
29951,0.09586776941846101,0.021303948759658003,0.01192185357192134,50,0.625,1216,41886044,0.004915354552169016,NaN
29961,0.09586776941846101,0.021303948759658003,0.011920534213373,50,0.625,1216,41898204,0.004915354552169016,NaN
29971,0.09586776941846101,0.021303948759658003,0.011919223284176222,50,0.625,1216,41910364,0.004915354552169016,NaN
29981,0.09586776941846101,0.021303948759658003,0.011917920854817837,50,0.625,1216,41922524,0.004915354552169016,NaN
29991,0.09586776941846101,0.021303948759658003,0.011916626893958887,50,0.625,1216,41934684,0.004915354552169016,NaN
30001,0.09586776941846101,0.021303948759658003,0.011915341107718313,50,0.625,1216,41946844,0.004915354552169016,NaN
30011,0.09586776941846101,0.021303948759658003,0.011914063516449,50,0.625,1216,41959004,0.004915354552169016,NaN
30021,0.09586776941846101,0.021303948759658003,0.01191279395200449,50,0.625,1216,41971164,0.004915354552169016,NaN
30031,0.09586776941846101,0.021303948759658003,0.011911532440714207,50,0.625,1216,41983324,0.004915354552169016,NaN
30041,0.09586776941846101,0.021303948759658003,0.011910278978394749,50,0.625,1216,41995484,0.004915354552169016,NaN
30051,0.09586776941846101,0.021303948759658003,0.01190903327921394,50,0.625,1216,42007644,0.004915354552169016,NaN
30061,0.09586776941846101,0.021303948759658003,0.011907795430389381,50,0.625,1216,42019804,0.004915354552169016,NaN
30071,0.09586776941846101,0.021303948759658003,0.011906565150834235,50,0.625,1216,42031964,0.004915354552169016,NaN
30081,0.09586776941846101,0.021303948759658003,0.011905342361779842,50,0.625,1216,42044124,0.004915354552169016,NaN
30091,0.09586776941846101,0.021303948759658003,0.011904127216791785,50,0.625,1216,42056284,0.004915354552169016,NaN
30101,0.09586776941846101,0.021303948759658003,0.01190291968116001,50,0.625,1216,42068444,0.004915354552169016,NaN
30111,0.09586776941846101,0.021303948759658003,0.011901719317421466,50,0.625,1216,42080604,0.004915354552169016,NaN
30121,0.09586776941846101,0.021303948759658003,0.011900526410844717,50,0.625,1216,42092764,0.004915354552169016,NaN
30131,0.09586776941846101,0.021303948759658003,0.011899340598709993,50,0.625,1216,42104924,0.004915354552169016,NaN
30141,0.09586776941846101,0.021303948759658003,0.011898161901940122,50,0.625,1216,42117084,0.004915354552169016,NaN
30151,0.09586776941846101,0.021303948759658003,0.011896990358098523,50,0.625,1216,42129244,0.004915354552169016,NaN
30161,0.09586776941846101,0.021303948759658003,0.011895825801502356,50,0.625,1216,42141404,0.004915354552169016,NaN
30171,0.09586776941846101,0.021303948759658003,0.01189466818157846,50,0.625,1216,42153564,0.004915354552169016,NaN
30181,0.09586776941846101,0.021303948759658003,0.011893517201829618,50,0.625,1216,42165724,0.004915354552169016,NaN
30191,0.09586776941846101,0.021303948759658003,0.011892373049593927,50,0.625,1216,42177884,0.004915354552169016,NaN
30201,0.09586776941846101,0.021303948759658003,0.011891235480785483,50,0.625,1217,42190047,0.004915354552169016,NaN
30211,0.09586776941846101,0.021303948759658003,0.011890104057729866,50,0.625,1217,42202217,0.004915354552169016,NaN
30221,0.09586776941846101,0.021303948759658003,0.011888979130606197,50,0.625,1217,42214387,0.004915354552169016,NaN
30231,0.09586776941846101,0.021303948759658003,0.011887860641945889,50,0.625,1217,42226557,0.004915354552169016,NaN
30241,0.09586776941846101,0.021303948759658003,0.011886748591100494,50,0.625,1217,42238727,0.004915354552169016,NaN
30251,0.09586776941846101,0.021303948759658003,0.011885642872976995,50,0.625,1217,42250897,0.004915354552169016,NaN
30261,0.09586776941846101,0.021303948759658003,0.011884543510730889,50,0.625,1217,42263067,0.004915354552169016,NaN
30271,0.09586776941846101,0.021303948759658003,0.011883450496956846,50,0.625,1217,42275237,0.004915354552169016,NaN
30281,0.09586776941846101,0.021303948759658003,0.011882363743260248,50,0.625,1217,42287407,0.004915354552169016,NaN
30291,0.09586776941846101,0.021303948759658003,0.01188128317835078,50,0.625,1217,42299577,0.004915354552169016,NaN
30301,0.09586776941846101,0.021303948759658003,0.011880208637006789,50,0.625,1217,42311747,0.004915354552169016,NaN
30311,0.09586776941846101,0.021303948759658003,0.011879140266040386,50,0.625,1217,42323917,0.004915354552169016,NaN
30321,0.09586776941846101,0.021303948759658003,0.011878077708620314,50,0.625,1217,42336087,0.004915354552169016,NaN
30331,0.09586776941846101,0.021303948759658003,0.011877021082213621,50,0.625,1217,42348257,0.004915354552169016,NaN
30341,0.09586776941846101,0.021303948759658003,0.011875970364659033,50,0.625,1217,42360427,0.004915354552169016,NaN
30351,0.09586776941846101,0.021303948759658003,0.011874925369563322,50,0.625,1217,42372597,0.004915354552169016,NaN
30361,0.09586776941846101,0.021303948759658003,0.011873886249939122,50,0.625,1217,42384767,0.004915354552169016,NaN
30371,0.09586776941846101,0.021303948759658003,0.01187285289859761,50,0.625,1217,42396937,0.004915354552169016,NaN
30381,0.09586776941846101,0.021303948759658003,0.011871825192542419,50,0.625,1217,42409107,0.004915354552169016,NaN
30391,0.09586776941846101,0.021303948759658003,0.011870802962813405,50,0.625,1217,42421277,0.004915354552169016,NaN
30401,0.09586776941846101,0.021303948759658003,0.011869786430887947,50,0.625,1217,42433447,0.004915354552169016,NaN
30411,0.09586776941846101,0.021303948759658003,0.011868775366648453,50,0.625,1217,42445617,0.004915354552169016,NaN
30421,0.09586395530399305,0.021303101178665122,0.011862016844580716,49,0.6125,1193,42457571,0.004915354552169016,NaN
30431,0.09586395530399305,0.021303101178665122,0.011854766269658274,49,0.6125,1193,42469501,0.004915354552169016,NaN
30441,0.09586395530399305,0.021303101178665122,0.011847665065908872,49,0.6125,1193,42481431,0.004915354552169016,NaN
30451,0.09586395530399305,0.021303101178665122,0.011840708354350055,49,0.6125,1193,42493361,0.004915354552169016,NaN
30461,0.09586395530399305,0.021303101178665122,0.01183389109445516,49,0.6125,1193,42505291,0.004915354552169016,NaN
30471,0.09586395530399305,0.021303101178665122,0.011827208547179715,49,0.6125,1193,42517221,0.004915354552169016,NaN
30481,0.09586395530399305,0.021303101178665122,0.011820656684489114,49,0.6125,1193,42529151,0.004915354552169016,NaN
30491,0.09586395530399305,0.021303101178665122,0.011814230782569931,49,0.6125,1193,42541081,0.004915354552169016,NaN
30501,0.09586395530399305,0.021303101178665122,0.011807927185421103,49,0.6125,1193,42553011,0.004915354552169016,NaN
30511,0.09586395530399305,0.021303101178665122,0.011801741772588494,49,0.6125,1193,42564941,0.004915354552169016,NaN
30521,0.09586395530399305,0.021303101178665122,0.011795670909629564,49,0.6125,1193,42576871,0.004915354552169016,NaN
30531,0.09586395530399305,0.021303101178665122,0.011789711010970145,49,0.6125,1193,42588801,0.004915354552169016,NaN
30541,0.09586395530399305,0.021303101178665122,0.011783858902176095,49,0.6125,1193,42600731,0.004915354552169016,NaN
30551,0.09586395530399305,0.021303101178665122,0.011778111148658763,49,0.6125,1193,42612661,0.004915354552169016,NaN
30561,0.09586395530399305,0.021303101178665122,0.01177246419482867,49,0.6125,1193,42624591,0.004915354552169016,NaN
30571,0.09586395530399305,0.021303101178665122,0.011766916173676355,49,0.6125,1193,42636521,0.004915354552169016,NaN
30581,0.09586395530399305,0.021303101178665122,0.011761463632054063,49,0.6125,1193,42648451,0.004915354552169016,NaN
30591,0.09586395530399305,0.021303101178665122,0.011756103813089456,49,0.6125,1193,42660381,0.004915354552169016,NaN
30601,0.09586395530399305,0.021303101178665122,0.011750834044230503,49,0.6125,1193,42672311,0.004915354552169016,NaN
30611,0.09586395530399305,0.021303101178665122,0.011745649960612397,49,0.6125,1194,42684245,0.004915354552169016,NaN
30621,0.09586395530399305,0.021303101178665122,0.011740548603882428,49,0.6125,1194,42696185,0.004915354552169016,NaN
30631,0.09586395530399305,0.021303101178665122,0.011735530110706298,49,0.6125,1194,42708125,0.004915354552169016,NaN
30641,0.09586395530399305,0.021303101178665122,0.011730592521585363,49,0.6125,1194,42720065,0.004915354552169016,NaN
30651,0.09586395530399305,0.021303101178665122,0.011725733267170722,49,0.6125,1194,42732005,0.004915354552169016,NaN
30661,0.09586395530399305,0.021303101178665122,0.011720950587388815,49,0.6125,1194,42743945,0.004915354552169016,NaN
30671,0.09586395530399305,0.021303101178665122,0.011716242537221885,49,0.6125,1194,42755885,0.004915354552169016,NaN
30681,0.09586395530399305,0.021303101178665122,0.011711606673991197,49,0.6125,1194,42767825,0.004915354552169016,NaN
30691,0.09586395530399305,0.021303101178665122,0.011707041476505746,49,0.6125,1194,42779765,0.004915354552169016,NaN
30701,0.09586395530399305,0.021303101178665122,0.01170254506810505,49,0.6125,1194,42791705,0.004915354552169016,NaN
30711,0.09586395530399305,0.021303101178665122,0.011698116290954914,49,0.6125,1194,42803645,0.004915354552169016,NaN
30721,0.09586395530399305,0.021303101178665122,0.011693752431057015,49,0.6125,1194,42815585,0.004915354552169016,NaN
30731,0.09586395530399305,0.021303101178665122,0.011689452383697558,49,0.6125,1194,42827525,0.004915354552169016,NaN
30741,0.09586395530399305,0.021303101178665122,0.011685214693685157,49,0.6125,1194,42839465,0.004915354552169016,NaN
30751,0.09586395530399305,0.021303101178665122,0.011681037665934119,49,0.6125,1194,42851405,0.004915354552169016,NaN
30761,0.09586395530399305,0.021303101178665122,0.011676919864196295,49,0.6125,1194,42863345,0.004915354552169016,NaN
30771,0.09586395530399305,0.021303101178665122,0.011672860047017262,49,0.6125,1194,42875285,0.004915354552169016,NaN
30781,0.09586395530399305,0.021303101178665122,0.01166885672193926,49,0.6125,1194,42887225,0.004915354552169016,NaN
30791,0.09586395530399305,0.021303101178665122,0.011664908626709877,49,0.6125,1194,42899165,0.004915354552169016,NaN
30801,0.09586395530399305,0.021303101178665122,0.011661014545505975,49,0.6125,1194,42911105,0.004915354552169016,NaN
30811,0.09586395530399305,0.021303101178665122,0.011657173047670367,49,0.6125,1194,42923045,0.004915354552169016,NaN
30821,0.09586395530399305,0.021303101178665122,0.011653383132703313,49,0.6125,1194,42934985,0.004915354552169016,NaN
30831,0.09586395530399305,0.021303101178665122,0.01164964346557255,49,0.6125,1194,42946925,0.004915354552169016,NaN
30841,0.09586395530399305,0.021303101178665122,0.011645953032968743,49,0.6125,1194,42958865,0.004915354552169016,NaN
30851,0.09586395530399305,0.021303101178665122,0.011642310695170851,49,0.6125,1194,42970805,0.004915354552169016,NaN
30861,0.09586395530399305,0.021303101178665122,0.011638715420468914,49,0.6125,1194,42982745,0.004915354552169016,NaN
30871,0.09586395530399305,0.021303101178665122,0.011635166367519548,49,0.6125,1194,42994685,0.004915354552169016,NaN
30881,0.09586395530399305,0.021303101178665122,0.011631662219990284,49,0.6125,1194,43006625,0.004915354552169016,NaN
30891,0.09586395530399305,0.021303101178665122,0.011628202345495758,49,0.6125,1194,43018565,0.004915354552169016,NaN
30901,0.09586395530399305,0.021303101178665122,0.01162478568883452,49,0.6125,1194,43030505,0.004915354552169016,NaN
30911,0.09586395530399305,0.021303101178665122,0.011621411096356605,49,0.6125,1194,43042445,0.004915354552169016,NaN
30921,0.09586395530399305,0.021303101178665122,0.011618077924796395,49,0.6125,1194,43054385,0.004915354552169016,NaN
30931,0.09586395530399305,0.021303101178665122,0.011614782595439731,49,0.6125,1195,43066335,0.004915354552169016,NaN
30941,0.09586395530399305,0.021303101178665122,0.011611526957070708,49,0.6125,1195,43078285,0.004915354552169016,NaN
30951,0.09586395530399305,0.021303101178665122,0.011608310237663249,49,0.6125,1195,43090235,0.004915354552169016,NaN
30961,0.09586395530399305,0.021303101178665122,0.011605131715297753,49,0.6125,1195,43102185,0.004915354552169016,NaN
30971,0.09586395530399305,0.021303101178665122,0.011601990554962974,49,0.6125,1195,43114135,0.004915354552169016,NaN
30981,0.09586395530399305,0.021303101178665122,0.011598886309928445,49,0.6125,1195,43126085,0.004915354552169016,NaN
30991,0.09586395530399305,0.021303101178665122,0.011595818215430431,49,0.6125,1195,43138035,0.004915354552169016,NaN
31001,0.09586395530399305,0.021303101178665122,0.011592785172685327,49,0.6125,1195,43149985,0.004915354552169016,NaN
31011,0.09586395530399305,0.021303101178665122,0.011589786523176356,49,0.6125,1195,43161935,0.004915354552169016,NaN
31021,0.09586395530399305,0.021303101178665122,0.011586822213878654,49,0.6125,1195,43173885,0.004915354552169016,NaN
31031,0.09586395530399305,0.021303101178665122,0.011583890812202175,49,0.6125,1195,43185835,0.004915354552169016,NaN
31041,0.09586395530399305,0.021303101178665122,0.011580992406674113,49,0.6125,1195,43197785,0.004915354552169016,NaN
31051,0.09586395530399305,0.021303101178665122,0.011578125991943314,49,0.6125,1195,43209735,0.004915354552169016,NaN
31061,0.09586395530399305,0.021303101178665122,0.011575290917325702,49,0.6125,1195,43221685,0.004915354552169016,NaN
31071,0.09586395530399305,0.021303101178665122,0.01157248668579874,49,0.6125,1195,43233635,0.004915354552169016,NaN
31081,0.09586395530399305,0.021303101178665122,0.011569712843284676,49,0.6125,1195,43245585,0.004915354552169016,NaN
31091,0.09586395530399305,0.021303101178665122,0.0115669685364277,49,0.6125,1195,43257535,0.004915354552169016,NaN
31101,0.09586395530399305,0.021303101178665122,0.011564253477065065,49,0.6125,1195,43269485,0.004915354552169016,NaN
31111,0.09586395530399305,0.021303101178665122,0.011561567079679872,49,0.6125,1195,43281435,0.004915354552169016,NaN
31121,0.09586395530399305,0.021303101178665122,0.011558909156322007,49,0.6125,1195,43293385,0.004915354552169016,NaN
31131,0.09586395530399305,0.021303101178665122,0.011556278584348904,49,0.6125,1195,43305335,0.004915354552169016,NaN
31141,0.09586395530399305,0.021303101178665122,0.011553675488588062,49,0.6125,1195,43317285,0.004915354552169016,NaN
31151,0.09586395530399305,0.021303101178665122,0.011551098850911224,49,0.6125,1195,43329235,0.004915354552169016,NaN
31161,0.09586395530399305,0.021303101178665122,0.011548548681929251,49,0.6125,1195,43341185,0.004915354552169016,NaN
31171,0.09586395530399305,0.021303101178665122,0.011546024348230075,49,0.6125,1195,43353135,0.004915354552169016,NaN
31181,0.09586395530399305,0.021303101178665122,0.011543525174829686,49,0.6125,1195,43365085,0.004915354552169016,NaN
31191,0.09586395530399305,0.021303101178665122,0.011541050924241944,49,0.6125,1195,43377035,0.004915354552169016,NaN
31201,0.09586395530399305,0.021303101178665122,0.011538601354068246,49,0.6125,1195,43388985,0.004915354552169016,NaN
31211,0.09586395530399305,0.021303101178665122,0.01153617629056466,49,0.6125,1195,43400935,0.004915354552169016,NaN
31221,0.09586395530399305,0.021303101178665122,0.011533774481564719,49,0.6125,1195,43412885,0.004915354552169016,NaN
31231,0.09586395530399305,0.021303101178665122,0.011531395974099279,49,0.6125,1195,43424835,0.004915354552169016,NaN
31241,0.09586395530399305,0.021303101178665122,0.011529039704499422,49,0.6125,1196,43436788,0.004915354552169016,NaN
31251,0.09586395530399305,0.021303101178665122,0.011526704711034648,49,0.6125,1196,43448748,0.004915354552169016,NaN
31261,0.09586395530399305,0.021303101178665122,0.011524392084469525,49,0.6125,1196,43460708,0.004915354552169016,NaN
31271,0.09586395530399305,0.021303101178665122,0.011522101348248529,49,0.6125,1196,43472668,0.004915354552169016,NaN
31281,0.09586395530399305,0.021303101178665122,0.011519832309440993,49,0.6125,1196,43484628,0.004915354552169016,NaN
31291,0.09586395530399305,0.021303101178665122,0.011517584269081534,49,0.6125,1196,43496588,0.004915354552169016,NaN
31301,0.09586395530399305,0.021303101178665122,0.011515357071991878,49,0.6125,1196,43508548,0.004915354552169016,NaN
31311,0.09586395530399305,0.021303101178665122,0.011513150390362489,49,0.6125,1196,43520508,0.004915354552169016,NaN
31321,0.09586395530399305,0.021303101178665122,0.011510963988071516,49,0.6125,1196,43532468,0.004915354552169016,NaN
31331,0.09586395530399305,0.021303101178665122,0.011508797404916563,49,0.6125,1196,43544428,0.004915354552169016,NaN
31341,0.09586395530399305,0.021303101178665122,0.011506650635189644,49,0.6125,1196,43556388,0.004915354552169016,NaN
31351,0.09586395530399305,0.021303101178665122,0.011504523165245702,49,0.6125,1196,43568348,0.004915354552169016,NaN
31361,0.09586395530399305,0.021303101178665122,0.011502414784388537,49,0.6125,1196,43580308,0.004915354552169016,NaN
31371,0.09586395530399305,0.021303101178665122,0.011500325056589173,49,0.6125,1196,43592268,0.004915354552169016,NaN
31381,0.09586395530399305,0.021303101178665122,0.011498253548893968,49,0.6125,1196,43604228,0.004915354552169016,NaN
31391,0.09586395530399305,0.021303101178665122,0.011496200359213744,49,0.6125,1196,43616188,0.004915354552169016,NaN
31401,0.09586395530399305,0.021303101178665122,0.011494164924033238,49,0.6125,1196,43628148,0.004915354552169016,NaN
31411,0.09586395530399305,0.021303101178665122,0.011492147097823863,49,0.6125,1196,43640108,0.004915354552169016,NaN
31421,0.09586395530399305,0.021303101178665122,0.01149014667255217,49,0.6125,1196,43652068,0.004915354552169016,NaN
31431,0.09586395530399305,0.021303101178665122,0.011488163290314027,49,0.6125,1196,43664028,0.004915354552169016,NaN
31441,0.09586395530399305,0.021303101178665122,0.011486196834622495,49,0.6125,1196,43675988,0.004915354552169016,NaN
31451,0.09586395530399305,0.021303101178665122,0.011484247026590509,49,0.6125,1196,43687948,0.004915354552169016,NaN
31461,0.09586395530399305,0.021303101178665122,0.011482313530965564,49,0.6125,1196,43699908,0.004915354552169016,NaN
31471,0.09586395530399305,0.021303101178665122,0.011480396111781383,49,0.6125,1196,43711868,0.004915354552169016,NaN
31481,0.09586395530399305,0.021303101178665122,0.011478494747091289,49,0.6125,1196,43723828,0.004915354552169016,NaN
31491,0.09586395530399305,0.021303101178665122,0.011476609243817458,49,0.6125,1196,43735788,0.004915354552169016,NaN
31501,0.09586395530399305,0.021303101178665122,0.011474739038452187,49,0.6125,1196,43747748,0.004915354552169016,NaN
31511,0.09586395530399305,0.021303101178665122,0.011472884043280429,49,0.6125,1196,43759708,0.004915354552169016,NaN
31521,0.09586395530399305,0.021303101178665122,0.011471044265586098,49,0.6125,1196,43771668,0.004915354552169016,NaN
31531,0.09586395530399305,0.021303101178665122,0.011469219207717565,49,0.6125,1196,43783628,0.004915354552169016,NaN
31541,0.09586395530399305,0.021303101178665122,0.011467408958942854,49,0.6125,1196,43795588,0.004915354552169016,NaN
31551,0.09586395530399305,0.021303101178665122,0.011465613238252863,49,0.6125,1196,43807548,0.004915354552169016,NaN
31561,0.09586395530399305,0.021303101178665122,0.011463831410250914,49,0.6125,1197,43819510,0.004915354552169016,NaN
31571,0.09586395530399305,0.021303101178665122,0.011462062214250932,49,0.6125,1197,43831480,0.004915354552169016,NaN
31581,0.09586395530399305,0.021303101178665122,0.011460307050747093,49,0.6125,1197,43843450,0.004915354552169016,NaN
31591,0.09586395530399305,0.021303101178665122,0.011458565625659231,49,0.6125,1197,43855420,0.004915354552169016,NaN
31601,0.09586395530399305,0.021303101178665122,0.011456837875089158,49,0.6125,1197,43867390,0.004915354552169016,NaN
31611,0.09586395530399305,0.021303101178665122,0.01145512333835892,49,0.6125,1197,43879360,0.004915354552169016,NaN
31621,0.09586395530399305,0.021303101178665122,0.011453421864784001,49,0.6125,1197,43891330,0.004915354552169016,NaN
31631,0.09586395530399305,0.021303101178665122,0.011451733528990425,49,0.6125,1197,43903300,0.004915354552169016,NaN
31641,0.09586395530399305,0.021303101178665122,0.011450058052101593,49,0.6125,1197,43915270,0.004915354552169016,NaN
31651,0.09586395530399305,0.021303101178665122,0.011448395333353727,49,0.6125,1197,43927240,0.004915354552169016,NaN
31661,0.09586395530399305,0.021303101178665122,0.01144674502531202,49,0.6125,1197,43939210,0.004915354552169016,NaN
31671,0.09586395530399305,0.021303101178665122,0.01144510715369306,49,0.6125,1197,43951180,0.004915354552169016,NaN
31681,0.09586395530399305,0.021303101178665122,0.011443481591554498,49,0.6125,1197,43963150,0.004915354552169016,NaN
31691,0.09586395530399305,0.021303101178665122,0.011441867733364317,49,0.6125,1197,43975120,0.004915354552169016,NaN
31701,0.09586395530399305,0.021303101178665122,0.011440266005723187,49,0.6125,1197,43987090,0.004915354552169016,NaN
31711,0.09586395530399305,0.021303101178665122,0.011438675867547664,49,0.6125,1197,43999060,0.004915354552169016,NaN
31721,0.09586395530399305,0.021303101178665122,0.01143709737963593,49,0.6125,1197,44011030,0.004915354552169016,NaN
31731,0.09586395530399305,0.021303101178665122,0.011435530270830222,49,0.6125,1197,44023000,0.004915354552169016,NaN
31741,0.09586395530399305,0.021303101178665122,0.011433974590154267,49,0.6125,1197,44034970,0.004915354552169016,NaN
31751,0.09586395530399305,0.021303101178665122,0.011432430069656758,49,0.6125,1197,44046940,0.004915354552169016,NaN
31761,0.09586395530399305,0.021303101178665122,0.011430896479527799,49,0.6125,1197,44058910,0.004915354552169016,NaN
31771,0.09586395530399305,0.021303101178665122,0.011429373809047624,49,0.6125,1197,44070880,0.004915354552169016,NaN
31781,0.09586395530399305,0.021303101178665122,0.011427861950895435,49,0.6125,1197,44082850,0.004915354552169016,NaN
31791,0.09586395530399305,0.021303101178665122,0.011426360675444844,49,0.6125,1197,44094820,0.004915354552169016,NaN
31801,0.09586395530399305,0.021303101178665122,0.011424870018144148,49,0.6125,1197,44106790,0.004915354552169016,NaN
31811,0.09586395530399305,0.021303101178665122,0.011423389887759105,49,0.6125,1197,44118760,0.004915354552169016,NaN
31821,0.09586395530399305,0.021303101178665122,0.01142191984539786,49,0.6125,1197,44130730,0.004915354552169016,NaN
31831,0.09586395530399305,0.021303101178665122,0.011420459984182046,49,0.6125,1197,44142700,0.004915354552169016,NaN
31841,0.09586395530399305,0.021303101178665122,0.011419010196879529,49,0.6125,1197,44154670,0.004915354552169016,NaN
31851,0.09586395530399305,0.021303101178665122,0.011417570340271473,49,0.6125,1197,44166640,0.004915354552169016,NaN
31861,0.09586395530399305,0.021303101178665122,0.011416140282316292,49,0.6125,1197,44178610,0.004915354552169016,NaN
31871,0.09586395530399305,0.021303101178665122,0.011414719803048527,49,0.6125,1197,44190580,0.004915354552169016,NaN
31881,0.09586395530399305,0.021303101178665122,0.011413308949559688,49,0.6125,1197,44202550,0.004915354552169016,NaN
31891,0.09586395530399305,0.021303101178665122,0.011411906647610574,49,0.6125,1198,44214528,0.004915354552169016,NaN
31901,0.09586395530399305,0.021303101178665122,0.01141051357129272,49,0.6125,1198,44226508,0.004915354552169016,NaN
31911,0.09586395530399305,0.021303101178665122,0.011409129577425844,49,0.6125,1198,44238488,0.004915354552169016,NaN
31921,0.09586395530399305,0.021303101178665122,0.011407754962045746,49,0.6125,1198,44250468,0.004915354552169016,NaN
31931,0.09586395530399305,0.021303101178665122,0.011406389109527525,49,0.6125,1198,44262448,0.004915354552169016,NaN
31941,0.09586395530399305,0.021303101178665122,0.01140503243178506,49,0.6125,1198,44274428,0.004915354552169016,NaN
31951,0.09586395530399305,0.021303101178665122,0.011403684482534185,49,0.6125,1198,44286408,0.004915354552169016,NaN
31961,0.09586395530399305,0.021303101178665122,0.01140234539593106,49,0.6125,1198,44298388,0.004915354552169016,NaN
31971,0.09586395530399305,0.021303101178665122,0.011401015134526678,49,0.6125,1198,44310368,0.004915354552169016,NaN
31981,0.09586395530399305,0.021303101178665122,0.011399693253767877,49,0.6125,1198,44322348,0.004915354552169016,NaN
31991,0.09586395530399305,0.021303101178665122,0.011398379671433968,49,0.6125,1198,44334328,0.004915354552169016,NaN
32001,0.09586395530399305,0.021303101178665122,0.01139707460587373,49,0.6125,1198,44346308,0.004915354552169016,NaN
32011,0.09586395530399305,0.021303101178665122,0.011395777917199052,49,0.6125,1198,44358288,0.004915354552169016,NaN
32021,0.09586395530399305,0.021303101178665122,0.011394489557146247,49,0.6125,1198,44370268,0.004915354552169016,NaN
32031,0.09586395530399305,0.021303101178665122,0.011393209114361013,49,0.6125,1198,44382248,0.004915354552169016,NaN
32041,0.09586395530399305,0.021303101178665122,0.011391936754575203,49,0.6125,1198,44394228,0.004915354552169016,NaN
32051,0.09586395530399305,0.021303101178665122,0.011390672380800783,49,0.6125,1198,44406208,0.004915354552169016,NaN
32061,0.09586395530399305,0.021303101178665122,0.011389415814655097,49,0.6125,1198,44418188,0.004915354552169016,NaN
32071,0.09586395530399305,0.021303101178665122,0.011388166883935149,49,0.6125,1198,44430168,0.004915354552169016,NaN
32081,0.09586395530399305,0.021303101178665122,0.011386925591488949,49,0.6125,1198,44442148,0.004915354552169016,NaN
32091,0.09586395530399305,0.021303101178665122,0.011385692090717976,49,0.6125,1198,44454128,0.004915354552169016,NaN
32101,0.09586395530399305,0.021303101178665122,0.011384466065505812,49,0.6125,1198,44466108,0.004915354552169016,NaN
32111,0.09586395530399305,0.021303101178665122,0.011383247583344348,49,0.6125,1198,44478088,0.004915354552169016,NaN
32121,0.09586395530399305,0.021303101178665122,0.011382036370965343,49,0.6125,1198,44490068,0.004915354552169016,NaN
32131,0.09586395530399305,0.021303101178665122,0.01138083252615386,49,0.6125,1198,44502048,0.004915354552169016,NaN
32141,0.09586395530399305,0.021303101178665122,0.011379635810288204,49,0.6125,1198,44514028,0.004915354552169016,NaN
32151,0.09586395530399305,0.021303101178665122,0.011378446313091487,49,0.6125,1198,44526008,0.004915354552169016,NaN
32161,0.09586395530399305,0.021303101178665122,0.011377263921256625,49,0.6125,1198,44537988,0.004915354552169016,NaN
32171,0.09586395530399305,0.021303101178665122,0.011376088412909583,49,0.6125,1198,44549968,0.004915354552169016,NaN
32181,0.09586395530399305,0.021303101178665122,0.011374919998579544,49,0.6125,1198,44561948,0.004915354552169016,NaN
32191,0.09586395530399305,0.021303101178665122,0.011373758504307215,49,0.6125,1198,44573928,0.004915354552169016,NaN
32201,0.09586395530399305,0.021303101178665122,0.0113726037480037,49,0.6125,1198,44585908,0.004915354552169016,NaN
32211,0.09586395530399305,0.021303101178665122,0.011371455580550588,49,0.6125,1199,44597889,0.004915354552169016,NaN
32221,0.09586395530399305,0.021303101178665122,0.011370313113446436,49,0.6125,1199,44609879,0.004915354552169016,NaN
32231,0.09586395530399305,0.021303101178665122,0.01136917743581298,49,0.6125,1199,44621869,0.004915354552169016,NaN
32241,0.09586395530399305,0.021303101178665122,0.011368048272875051,49,0.6125,1199,44633859,0.004915354552169016,NaN
32251,0.09586395530399305,0.021303101178665122,0.011366925543151257,49,0.6125,1199,44645849,0.004915354552169016,NaN
32261,0.09586395530399305,0.021303101178665122,0.01136580938899211,49,0.6125,1199,44657839,0.004915354552169016,NaN
32271,0.09586395530399305,0.021303101178665122,0.011364699447451106,49,0.6125,1199,44669829,0.004915354552169016,NaN
32281,0.09586395530399305,0.021303101178665122,0.011363595710435192,49,0.6125,1199,44681819,0.004915354552169016,NaN
32291,0.09586395530399305,0.021303101178665122,0.011362498405711135,49,0.6125,1199,44693809,0.004915354552169016,NaN
32301,0.09586395530399305,0.021303101178665122,0.011361407196891282,49,0.6125,1199,44705799,0.004915354552169016,NaN
32311,0.09586395530399305,0.021303101178665122,0.011360322027493059,49,0.6125,1199,44717789,0.004915354552169016,NaN
32321,0.09586395530399305,0.021303101178665122,0.011359242913993975,49,0.6125,1199,44729779,0.004915354552169016,NaN
32331,0.09586395530399305,0.021303101178665122,0.011358169809522799,49,0.6125,1199,44741769,0.004915354552169016,NaN
32341,0.09586395530399305,0.021303101178665122,0.011357102607091007,49,0.6125,1199,44753759,0.004915354552169016,NaN
32351,0.09586395530399305,0.021303101178665122,0.01135604120904755,49,0.6125,1199,44765749,0.004915354552169016,NaN
32361,0.09586395530399305,0.021303101178665122,0.011354985658120743,49,0.6125,1199,44777739,0.004915354552169016,NaN
32371,0.09586395530399305,0.021303101178665122,0.011353936057667848,49,0.6125,1199,44789729,0.004915354552169016,NaN
32381,0.09586395530399305,0.021303101178665122,0.01135289206976053,49,0.6125,1199,44801719,0.004915354552169016,NaN
32391,0.09586395530399305,0.021303101178665122,0.011351853816490539,49,0.6125,1199,44813709,0.004915354552169016,NaN
32401,0.09586395530399305,0.021303101178665122,0.011350821033235767,49,0.6125,1199,44825699,0.004915354552169016,NaN
32411,0.09586395530399305,0.021303101178665122,0.011349793795719137,49,0.6125,1199,44837689,0.004915354552169016,NaN
32421,0.09586395530399305,0.021303101178665122,0.011348772015915533,49,0.6125,1199,44849679,0.004915354552169016,NaN
32431,0.09586395530399305,0.021303101178665122,0.011347755923492417,49,0.6125,1199,44861669,0.004915354552169016,NaN
32441,0.09586395530399305,0.021303101178665122,0.01134674533965366,49,0.6125,1199,44873659,0.004915354552169016,NaN
32451,0.09586395530399305,0.021303101178665122,0.011345739867009619,49,0.6125,1199,44885649,0.004915354552169016,NaN
32461,0.09572762837460704,0.02125926893378392,0.011342843005990326,48,0.6,1175,44897567,0.00487378423264806,NaN
32471,0.09507649931242709,0.021114321987861378,0.011335620665122576,48,0.6,1175,44909317,0.004935663529863632,NaN
32481,0.09447356882332217,0.020980224834144325,0.011328546521363198,48,0.6,1175,44921067,0.0048741661613098675,NaN
32491,0.09383940421967278,0.020839538543509464,0.011321615057569432,48,0.6,1175,44932817,0.004526279892180185,NaN
32501,0.09322231058888338,0.020702818727163782,0.011314821628446815,48,0.6,1175,44944567,0.004697133062397996,NaN
32511,0.0926207977526188,0.020569500580653526,0.011308161691627096,48,0.6,1175,44956317,0.00469323926246501,NaN
32521,0.09203703731446616,0.020439849576744325,0.01130163100857971,48,0.6,1175,44968067,0.004485379224950847,NaN
32531,0.09145769122747123,0.020310664812032832,0.011295225087507268,48,0.6,1175,44979817,0.004460431654676189,NaN
32541,0.090891546028143,0.02018586627486912,0.01128894026484207,48,0.6,1175,44991567,0.004880617824067013,NaN
32551,0.09033887871413512,0.020062865331875335,0.011282772829036388,48,0.6,1175,45003317,0.004511875172604207,NaN
32561,0.0898017685528368,0.019943815549101688,0.011276719051850752,48,0.6,1175,45015067,0.004822624912633577,NaN
32571,0.08925188914552114,0.019821408718680267,0.011270775098563602,48,0.6,1175,45026817,0.004492557282419318,NaN
32581,0.08874053938651756,0.01970807064106703,0.011264938179184331,48,0.6,1175,45038567,0.004133495740957005,NaN
32591,0.08820964742883448,0.01959139343305063,0.01125920466557157,48,0.6,1175,45050317,0.00407719154177788,NaN
32601,0.08772202224939694,0.01948249542727949,0.011253571679992396,48,0.6,1175,45062067,0.004085583373579005,NaN
32611,0.08723054471967494,0.019374253170378188,0.01124803628485729,48,0.6,1175,45073817,0.003992169699303549,NaN
32621,0.08673362353899079,0.019263092662174547,0.011242595696911283,48,0.6,1175,45085567,0.003706822770902507,NaN
32631,0.08626557751001449,0.019160235633043383,0.011237247173679552,48,0.6,1175,45097317,0.003706822770902507,NaN
32641,0.08578691732447928,0.019053010395911466,0.011231988093129381,48,0.6,1175,45109067,0.003706822770902507,NaN
32651,0.08531432218361046,0.018948413917522406,0.011226815826858017,48,0.6,1175,45120817,0.003706822770902507,NaN
32661,0.08486814771347212,0.01884895116698257,0.011221728062693758,48,0.6,1175,45132567,0.003706822770902507,NaN
32671,0.08441727191760892,0.01875020741191487,0.011216722779835254,48,0.6,1175,45144317,0.003706822770902507,NaN
32681,0.08398190649139009,0.01865287684774892,0.011211797335844395,48,0.6,1175,45156067,0.003706822770902507,NaN
32691,0.0835403318340576,0.018555167106559873,0.011206949950163471,48,0.6,1175,45167817,0.003706822770902507,NaN
32701,0.08310829703747416,0.018459788313896417,0.01120217756227028,48,0.6,1176,45179569,0.003706822770902507,NaN
32711,0.08269317518301336,0.018366473771278476,0.011197475769879447,48,0.6,1176,45191329,0.003706822770902507,NaN
32721,0.08227654328807991,0.01827376062202017,0.011192845989704336,48,0.6,1176,45203089,0.003706822770902507,NaN
32731,0.0818674224614133,0.01818397488778071,0.011188286609680218,48,0.6,1176,45214849,0.003706822770902507,NaN
32741,0.08146899390076631,0.018095837575876836,0.01118379561956457,48,0.6,1176,45226609,0.003706822770902507,NaN
32751,0.081076085536134,0.018008411138319108,0.011179371460848794,48,0.6,1176,45238369,0.003706822770902507,NaN
32761,0.08069252397036958,0.017923035259162355,0.011175012403386,48,0.6,1176,45250129,0.003706822770902507,NaN
32771,0.08031476518487321,0.01783970313752175,0.011170716844130565,48,0.6,1176,45261889,0.003706822770902507,NaN
32781,0.0799434337075801,0.017755650207203457,0.011166483168142026,48,0.6,1176,45273649,0.003706822770902507,NaN
32791,0.07956307908056637,0.017673199197235038,0.011162310036024668,48,0.6,1176,45285409,0.003706822770902507,NaN
32801,0.07920106913315869,0.017591393136805154,0.011158195773155567,48,0.6,1176,45297169,0.003706822770902507,NaN
32811,0.07884163736115801,0.017512023846619006,0.011154139322002973,48,0.6,1176,45308929,0.003706822770902507,NaN
32821,0.0784867057720588,0.017432862502523325,0.011150139227483525,48,0.6,1176,45320689,0.003706822770902507,NaN
32831,0.07812472143426764,0.017353258551824603,0.01114619366705653,48,0.6,1176,45332449,0.003706822770902507,NaN
32841,0.07778513868204753,0.017277481625924872,0.011142301713328999,48,0.6,1176,45344209,0.003706822770902507,NaN
32851,0.07744077543871568,0.017201942841693883,0.011138462500243484,48,0.6,1176,45355969,0.003706822770902507,NaN
32861,0.07709671824849251,0.01712532851428466,0.01113467418877292,48,0.6,1176,45367729,0.003706822770902507,NaN
32871,0.07676897454435365,0.017052064632765925,0.011130936137519873,48,0.6,1176,45379489,0.003706822770902507,NaN
32881,0.07644046931146564,0.016979882753700527,0.011127247314949292,48,0.6,1176,45391249,0.003706822770902507,NaN
32891,0.07611791328126001,0.016908292854329862,0.011123606205566083,48,0.6,1176,45403009,0.003706822770902507,NaN
32901,0.07579462725636525,0.01683603358626843,0.0111200120057536,48,0.6,1176,45414769,0.003706822770902507,NaN
32911,0.07547854305144434,0.016765289759544943,0.011116463730190148,48,0.6,1176,45426529,0.003706822770902507,NaN
32921,0.07516394707572727,0.016696536141749468,0.011112960635349823,48,0.6,1176,45438289,0.003706822770902507,NaN
32931,0.07485283754777422,0.016626903831669634,0.011109501224743848,48,0.6,1176,45450049,0.003706822770902507,NaN
32941,0.07454039999779563,0.01655772410047967,0.01110608476285038,48,0.6,1176,45461809,0.003706822770902507,NaN
32951,0.07423755634352983,0.016490804588487645,0.011102710423066715,48,0.6,1176,45473569,0.003706822770902507,NaN
32961,0.0739435103690409,0.016425561585472283,0.011099377406329098,48,0.6,1176,45485329,0.003706822770902507,NaN
32971,0.07365810161724082,0.016362168257674947,0.01109608494216965,48,0.6,1176,45497089,0.003706822770902507,NaN
32981,0.07336642760553252,0.01629714474116842,0.011092831987165814,48,0.6,1176,45508849,0.003706822770902507,NaN
32991,0.07307906340237377,0.01623379540185985,0.011089617991080915,48,0.6,1176,45520609,0.003706822770902507,NaN
33001,0.07279658179728353,0.016170858564122325,0.011086441898623215,48,0.6,1176,45532369,0.003706822770902507,NaN
33011,0.07251355272928423,0.016107910463839564,0.011083302931155534,48,0.6,1176,45544129,0.003706822770902507,NaN
33021,0.07223754448420264,0.016046398303941552,0.011080200592642775,48,0.6,1176,45555889,0.003706822770902507,NaN
33031,0.07196011980838354,0.01598525537423975,0.011077133929555682,48,0.6,1176,45567649,0.003706822770902507,NaN
33041,0.07168449041564431,0.015923911066102567,0.011074102370514916,48,0.6,1176,45579409,0.003706822770902507,NaN
33051,0.07141905667780878,0.01586465234061716,0.011071102995688233,48,0.6,1177,45591178,0.003706822770902507,NaN
33061,0.07115466275507808,0.01580581035007969,0.011068137391162945,48,0.6,1177,45602948,0.003706822770902507,NaN
33071,0.07088866580393849,0.015747498828905183,0.011065204835238051,48,0.6,1177,45614718,0.003706822770902507,NaN
33081,0.0706364659162831,0.01569079667818842,0.01106230490971548,48,0.6,1177,45626488,0.003706822770902507,NaN
33091,0.07037827722330772,0.01563383643758062,0.01105943696619016,48,0.6,1177,45638258,0.003706822770902507,NaN
33101,0.07013084486650946,0.01557872402257568,0.01105660042073522,48,0.6,1177,45650028,0.003706822770902507,NaN
33111,0.06987617709097034,0.015522704006269346,0.01105379455099759,48,0.6,1177,45661798,0.003706822770902507,NaN
33121,0.06961907047189989,0.015464849840413875,0.011051018817265505,48,0.6,1177,45673568,0.003706822770902507,NaN
33131,0.06937114413411823,0.015410922952698398,0.011048272887609269,48,0.6,1177,45685338,0.003706822770902507,NaN
33141,0.0691287840072782,0.015356409173720947,0.011045556285637888,48,0.6,1177,45697108,0.003706822770902507,NaN
33151,0.06888310719946686,0.015301713141092084,0.011042868130454504,48,0.6,1177,45708878,0.003706822770902507,NaN
33161,0.06864899072353875,0.015250172840353512,0.011040208138938084,48,0.6,1177,45720648,0.003706822770902507,NaN
33171,0.06841572552925786,0.015198302005073498,0.011037575864089155,48,0.6,1177,45732418,0.003706822770902507,NaN
33181,0.06818143663600783,0.0151470932394084,0.011034970778901414,48,0.6,1177,45744188,0.003706822770902507,NaN
33191,0.06795410526619027,0.015095447929126362,0.011032392446219041,48,0.6,1177,45755958,0.003706822770902507,NaN
33201,0.06772118359028868,0.015043881458054293,0.011029840156332297,48,0.6,1177,45767728,0.003706822770902507,NaN
33211,0.06749291009320157,0.014993394164067838,0.011027313567853539,48,0.6,1177,45779498,0.003706822770902507,NaN
33221,0.06726661654049274,0.014943342192010788,0.01102481240033615,48,0.6,1177,45791268,0.003706822770902507,NaN
33231,0.06704644339239152,0.014893967144171086,0.011022336330416983,48,0.6,1177,45803038,0.003706822770902507,NaN
33241,0.06682774010284122,0.014846024424204147,0.01101988492917452,48,0.6,1177,45814808,0.003706822770902507,NaN
33251,0.06661859392469711,0.014800239943283756,0.011017457320359896,48,0.6,1177,45826578,0.003706822770902507,NaN
33261,0.06641203134158882,0.014753218343305768,0.011015053410895927,48,0.6,1177,45838348,0.003706822770902507,NaN
33271,0.06619941039685913,0.014706161575703858,0.011012672814383773,48,0.6,1177,45850118,0.003706822770902507,NaN
33281,0.06598929978386948,0.014659706191243781,0.011010315050234271,48,0.6,1177,45861888,0.003706822770902507,NaN
33291,0.06577435205555072,0.014612235215714047,0.011007979703023625,48,0.6,1177,45873658,0.003706822770902507,NaN
33301,0.06557169683042753,0.014566793677624864,0.011005666628203016,48,0.6,1177,45885428,0.003706822770902507,NaN
33311,0.06537061011998099,0.01452199908132773,0.01100337554370178,48,0.6,1177,45897198,0.003706822770902507,NaN
33321,0.06516806987007069,0.014477626487901858,0.011001105941470354,48,0.6,1177,45908968,0.003706822770902507,NaN
33331,0.06497103349313375,0.01443383432175645,0.010998857550207372,48,0.6,1177,45920738,0.003706822770902507,NaN
33341,0.06477649196033768,0.014390165559012728,0.010996629816209722,48,0.6,1177,45932508,0.003706822770902507,NaN
33351,0.06457730065692815,0.014346062179582942,0.010994422689305722,48,0.6,1177,45944278,0.003706822770902507,NaN
33361,0.06438294266217758,0.014302839711549551,0.010992235530308843,48,0.6,1177,45956048,0.003706822770902507,NaN
33371,0.06419044201876625,0.014260319779797335,0.010990068169136747,48,0.6,1177,45967818,0.003706822770902507,NaN
33381,0.06400112424892908,0.014218545279407021,0.010987920797167833,48,0.6,1177,45979588,0.003706822770902507,NaN
33391,0.0638124305099976,0.014176166290457436,0.010985791846736566,48,0.6,1178,45991361,0.003706822770902507,NaN
33401,0.06362164034205121,0.01413394929241737,0.010983680616215359,48,0.6,1178,46003141,0.003706822770902507,NaN
33411,0.06343479493061531,0.014092800431228977,0.010981588213132899,48,0.6,1178,46014921,0.003706822770902507,NaN
33421,0.06325454623490431,0.01405284761015524,0.010979513969662992,48,0.6,1178,46026701,0.003706822770902507,NaN
33431,0.06306988461445928,0.014011749199529007,0.010977458074229667,48,0.6,1178,46038481,0.003706822770902507,NaN
33441,0.06288876967086637,0.013971181944138555,0.010975419919423614,48,0.6,1178,46050261,0.003706822770902507,NaN
33451,0.06271027862645857,0.013931822082810779,0.010973399529294199,48,0.6,1178,46062041,0.003706822770902507,NaN
33461,0.06252895593438022,0.013891508537499932,0.010971396436704691,48,0.6,1178,46073821,0.003706822770902507,NaN
33471,0.06235001365773847,0.013851499600877394,0.010969410356280474,48,0.6,1178,46085601,0.003706822770902507,NaN
33481,0.062171047705037105,0.013811935478231521,0.010967441290295003,48,0.6,1178,46097381,0.003706822770902507,NaN
33491,0.06199581988624787,0.013773211140942265,0.010965488902017324,48,0.6,1178,46109161,0.003706822770902507,NaN
33501,0.06192004648808828,0.013760010330686284,0.010963552869171705,48,0.6,1178,46120941,0.003706822770902507,NaN
33511,0.06192004648808828,0.013760010330686284,0.010961632948136426,48,0.6,1178,46132721,0.003706822770902507,NaN
33521,0.06192004648808828,0.013760010330686284,0.010959728928301254,48,0.6,1178,46144501,0.003706822770902507,NaN
33531,0.06192004648808828,0.013760010330686284,0.010957840667620653,48,0.6,1178,46156281,0.003706822770902507,NaN
33541,0.06192004648808828,0.013760010330686284,0.010955967856050903,48,0.6,1178,46168061,0.003706822770902507,NaN
33551,0.06192004648808828,0.013760010330686284,0.01095411040080825,48,0.6,1178,46179841,0.003706822770902507,NaN
33561,0.06192004648808828,0.013760010330686284,0.0109522678940874,48,0.6,1178,46191621,0.003706822770902507,NaN
33571,0.06192004648808828,0.013760010330686284,0.010950440361914254,48,0.6,1178,46203401,0.003706822770902507,NaN
33581,0.06192004648808828,0.013760010330686284,0.010948627506940386,48,0.6,1178,46215181,0.003706822770902507,NaN
33591,0.06192004648808828,0.013760010330686284,0.010946829026941104,48,0.6,1178,46226961,0.003706822770902507,NaN
33601,0.06192004648808828,0.013760010330686284,0.01094504473252179,48,0.6,1178,46238741,0.003706822770902507,NaN
33611,0.06192004648808828,0.013760010330686284,0.010943274387060258,48,0.6,1178,46250521,0.003706822770902507,NaN
33621,0.06192004648808828,0.013760010330686284,0.01094151810063048,48,0.6,1178,46262301,0.003706822770902507,NaN
33631,0.06192004648808828,0.013760010330686284,0.010939775548047653,48,0.6,1178,46274081,0.003706822770902507,NaN
33641,0.06192004648808828,0.013760010330686284,0.01093804627892805,48,0.6,1178,46285861,0.003706822770902507,NaN
33651,0.06192004648808828,0.013760010330686284,0.01093633053021667,48,0.6,1178,46297641,0.003706822770902507,NaN
33661,0.06192004648808828,0.013760010330686284,0.010934628019689925,48,0.6,1178,46309421,0.003706822770902507,NaN
33671,0.06192004648808828,0.013760010330686284,0.010932938477111135,48,0.6,1178,46321201,0.003706822770902507,NaN
33681,0.06192004648808828,0.013760010330686284,0.010931261744691395,48,0.6,1178,46332981,0.003706822770902507,NaN
33691,0.06192004648808828,0.013760010330686284,0.010929597678306273,48,0.6,1178,46344761,0.003706822770902507,NaN
33701,0.06192004648808828,0.013760010330686284,0.010927946183520694,48,0.6,1178,46356541,0.003706822770902507,NaN
33711,0.06192004648808828,0.013760010330686284,0.010926307024463814,48,0.6,1178,46368321,0.003706822770902507,NaN
33721,0.06192004648808828,0.013760010330686284,0.010924679965956292,48,0.6,1178,46380101,0.003706822770902507,NaN
33731,0.06192004648808828,0.013760010330686284,0.010923064893487754,48,0.6,1178,46391881,0.003706822770902507,NaN
33741,0.06192004648808828,0.013760010330686284,0.010921461300078488,48,0.6,1179,46403665,0.003706822770902507,NaN
33751,0.06192004648808828,0.013760010330686284,0.01091986866999637,48,0.6,1179,46415455,0.003706822770902507,NaN
33761,0.06192004648808828,0.013760010330686284,0.010918287668399206,48,0.6,1179,46427245,0.003706822770902507,NaN
33771,0.06192004648808828,0.013760010330686284,0.010916717816252608,48,0.6,1179,46439035,0.003706822770902507,NaN
33781,0.06192004648808828,0.013760010330686284,0.010915159612174962,48,0.6,1179,46450825,0.003706822770902507,NaN
33791,0.06192004648808828,0.013760010330686284,0.010913612481479764,48,0.6,1179,46462615,0.003706822770902507,NaN
33801,0.06192004648808828,0.013760010330686284,0.010912076600941959,48,0.6,1179,46474405,0.003706822770902507,NaN
33811,0.06192004648808828,0.013760010330686284,0.010910551323977887,48,0.6,1179,46486195,0.003706822770902507,NaN
33821,0.06192004648808828,0.013760010330686284,0.010909036950547837,48,0.6,1179,46497985,0.003706822770902507,NaN
33831,0.06192004648808828,0.013760010330686284,0.010907533338002493,48,0.6,1179,46509775,0.003706822770902507,NaN
33841,0.06192004648808828,0.013760010330686284,0.010906040119116936,48,0.6,1179,46521565,0.003706822770902507,NaN
33851,0.06192004648808828,0.013760010330686284,0.010904557283617073,48,0.6,1179,46533355,0.003706822770902507,NaN
33861,0.06192004648808828,0.013760010330686284,0.01090308475251053,48,0.6,1179,46545145,0.003706822770902507,NaN
33871,0.06192004648808828,0.013760010330686284,0.010901622345046037,48,0.6,1179,46556935,0.003706822770902507,NaN
33881,0.06192004648808828,0.013760010330686284,0.0109001700401373,48,0.6,1179,46568725,0.003706822770902507,NaN
33891,0.06192004648808828,0.013760010330686284,0.010898727546613791,48,0.6,1179,46580515,0.003706822770902507,NaN
33901,0.06192004648808828,0.013760010330686284,0.01089729489528691,48,0.6,1179,46592305,0.003706822770902507,NaN
33911,0.06192004648808828,0.013760010330686284,0.010895872014451592,48,0.6,1179,46604095,0.003706822770902507,NaN
33921,0.06192004648808828,0.013760010330686284,0.01089445850064461,48,0.6,1179,46615885,0.003706822770902507,NaN
33931,0.06192004648808828,0.013760010330686284,0.010893054800101084,48,0.6,1179,46627675,0.003706822770902507,NaN
33941,0.06192004648808828,0.013760010330686284,0.010891660250938387,48,0.6,1179,46639465,0.003706822770902507,NaN
33951,0.06192004648808828,0.013760010330686284,0.010890275103355216,48,0.6,1179,46651255,0.003706822770902507,NaN
33961,0.06192004648808828,0.013760010330686284,0.010888899151935312,48,0.6,1179,46663045,0.003706822770902507,NaN
33971,0.06192004648808828,0.013760010330686284,0.010887532141715872,48,0.6,1179,46674835,0.003706822770902507,NaN
33981,0.06192004648808828,0.013760010330686284,0.010886174245532012,48,0.6,1179,46686625,0.003706822770902507,NaN
33991,0.06192004648808828,0.013760010330686284,0.010884825144468258,48,0.6,1179,46698415,0.003706822770902507,NaN
34001,0.06192004648808828,0.013760010330686284,0.01088348470135604,48,0.6,1179,46710205,0.003706822770902507,NaN
34011,0.06192004648808828,0.013760010330686284,0.010882153178991952,48,0.6,1179,46721995,0.003706822770902507,NaN
34021,0.06192004648808828,0.013760010330686284,0.010880830123202938,48,0.6,1179,46733785,0.003706822770902507,NaN
34031,0.06192004648808828,0.013760010330686284,0.010879515466275223,48,0.6,1179,46745575,0.003706822770902507,NaN
34041,0.06192004648808828,0.013760010330686284,0.01087820912292729,48,0.6,1179,46757365,0.003706822770902507,NaN
34051,0.06192004648808828,0.013760010330686284,0.01087691127083382,48,0.6,1179,46769155,0.003706822770902507,NaN
34061,0.06192004648808828,0.013760010330686284,0.010875621521041993,48,0.6,1179,46780945,0.003706822770902507,NaN
34071,0.06192004648808828,0.013760010330686284,0.010874339700749323,48,0.6,1179,46792735,0.003706822770902507,NaN
34081,0.06192004648808828,0.013760010330686284,0.010873065995454184,48,0.6,1179,46804525,0.003706822770902507,NaN
34091,0.06192004648808828,0.013760010330686284,0.010871800271819297,48,0.6,1179,46816315,0.003706822770902507,NaN
34101,0.06192004648808828,0.013760010330686284,0.010870541371121232,48,0.6,1180,46828115,0.003706822770902507,NaN
34111,0.06192004648808828,0.013760010330686284,0.0108692901512582,48,0.6,1180,46839915,0.003706822770902507,NaN
34121,0.06192004648808828,0.013760010330686284,0.010868046598664206,48,0.6,1180,46851715,0.003706822770902507,NaN
34131,0.06192004648808828,0.013760010330686284,0.010866810839335576,48,0.6,1180,46863515,0.003706822770902507,NaN
34141,0.06192004648808828,0.013760010330686284,0.010865582605154247,48,0.6,1180,46875315,0.003706822770902507,NaN
34151,0.06192004648808828,0.013760010330686284,0.010864361816290745,48,0.6,1180,46887115,0.003706822770902507,NaN
34161,0.06192004648808828,0.013760010330686284,0.010863148412914692,48,0.6,1180,46898915,0.003706822770902507,NaN
34171,0.06192004648808828,0.013760010330686284,0.010861942301441286,48,0.6,1180,46910715,0.003706822770902507,NaN
34181,0.06192004648808828,0.013760010330686284,0.01086074337753304,48,0.6,1180,46922515,0.003706822770902507,NaN
34191,0.06192004648808828,0.013760010330686284,0.010859551623604873,48,0.6,1180,46934315,0.003706822770902507,NaN
34201,0.06192004648808828,0.013760010330686284,0.01085836702296855,48,0.6,1180,46946115,0.003706822770902507,NaN
34211,0.06192004648808828,0.013760010330686284,0.010857189380529864,48,0.6,1180,46957915,0.003706822770902507,NaN
34221,0.06192004648808828,0.013760010330686284,0.010856018794821207,48,0.6,1180,46969715,0.003706822770902507,NaN
34231,0.06192004648808828,0.013760010330686284,0.010854855006942258,48,0.6,1180,46981515,0.003706822770902507,NaN
34241,0.06192004648808828,0.013760010330686284,0.010853698068987302,48,0.6,1180,46993315,0.003706822770902507,NaN
34251,0.06192004648808828,0.013760010330686284,0.010852548021644483,48,0.6,1180,47005115,0.003706822770902507,NaN
34261,0.06192004648808828,0.013760010330686284,0.010851404416865097,48,0.6,1180,47016915,0.003706822770902507,NaN
34271,0.06192004648808828,0.013760010330686284,0.010850267492804305,48,0.6,1180,47028715,0.003706822770902507,NaN
34281,0.06192004648808828,0.013760010330686284,0.010849137061790564,48,0.6,1180,47040515,0.003706822770902507,NaN
34291,0.06192004648808828,0.013760010330686284,0.010848013115895748,48,0.6,1180,47052315,0.003706822770902507,NaN
34301,0.06192004648808828,0.013760010330686284,0.010846895613055144,48,0.6,1180,47064115,0.003706822770902507,NaN
34311,0.06192004648808828,0.013760010330686284,0.010845784515581477,48,0.6,1180,47075915,0.003706822770902507,NaN
34321,0.06192004648808828,0.013760010330686284,0.01084467966483389,48,0.6,1180,47087715,0.003706822770902507,NaN
34331,0.06192004648808828,0.013760010330686284,0.010843581017786907,48,0.6,1180,47099515,0.003706822770902507,NaN
34341,0.06192004648808828,0.013760010330686284,0.010842488722993943,48,0.6,1180,47111315,0.003706822770902507,NaN
34351,0.06192004648808828,0.013760010330686284,0.01084140239337865,48,0.6,1180,47123115,0.003706822770902507,NaN
34361,0.06192004648808828,0.013760010330686284,0.010840322148001546,48,0.6,1180,47134915,0.003706822770902507,NaN
34371,0.06192004648808828,0.013760010330686284,0.010839247890275532,48,0.6,1180,47146715,0.003706822770902507,NaN
34381,0.06192004648808828,0.013760010330686284,0.01083817955048933,48,0.6,1180,47158515,0.003706822770902507,NaN
34391,0.06192004648808828,0.013760010330686284,0.01083711711397759,48,0.6,1180,47170315,0.003706822770902507,NaN
34401,0.06192004648808828,0.013760010330686284,0.010836060424059105,48,0.6,1180,47182115,0.003706822770902507,NaN
34411,0.06192004648808828,0.013760010330686284,0.010835009617912426,48,0.6,1180,47193915,0.003706822770902507,NaN
34421,0.06192004648808828,0.013760010330686284,0.010833964450817045,48,0.6,1180,47205715,0.003706822770902507,NaN
34431,0.06192004648808828,0.013760010330686284,0.010832924989600095,48,0.6,1180,47217515,0.003706822770902507,NaN
34441,0.06192004648808828,0.013760010330686284,0.010831891266235908,48,0.6,1180,47229315,0.003706822770902507,NaN
34451,0.06192004648808828,0.013760010330686284,0.01083086270418382,48,0.6,1181,47241118,0.003706822770902507,NaN
34461,0.06192004648808828,0.013760010330686284,0.010829839239294998,48,0.6,1181,47252928,0.003706822770902507,NaN
34471,0.06192004648808828,0.013760010330686284,0.010828821174156239,48,0.6,1181,47264738,0.003706822770902507,NaN
34481,0.06192004648808828,0.013760010330686284,0.010827808487465241,48,0.6,1181,47276548,0.003706822770902507,NaN
34491,0.06192004648808828,0.013760010330686284,0.010826801278683785,48,0.6,1181,47288358,0.003706822770902507,NaN
34501,0.06192004648808828,0.013760010330686284,0.01082579932368637,48,0.6,1181,47300168,0.003706822770902507,NaN
34511,0.06192004648808828,0.013760010330686284,0.010824802574533917,48,0.6,1181,47311978,0.003706822770902507,NaN
34521,0.06192004648808828,0.013760010330686284,0.010823811031677892,48,0.6,1181,47323788,0.003706822770902507,NaN
34531,0.06192004648808828,0.013760010330686284,0.010822824774954524,48,0.6,1181,47335598,0.003706822770902507,NaN
34541,0.06187552154859956,0.01375011589968879,0.010821218978652609,46,0.575,1132,47347163,0.003706822770902507,NaN
34551,0.06187552154859956,0.01375011589968879,0.01081901534602067,46,0.575,1132,47358483,0.003706822770902507,NaN
34561,0.06187552154859956,0.01375011589968879,0.010816824596069372,46,0.575,1132,47369803,0.003706822770902507,NaN
34571,0.06187552154859956,0.01375011589968879,0.010814654099909173,46,0.575,1132,47381123,0.003706822770902507,NaN
34581,0.06187552154859956,0.01375011589968879,0.010812497703281104,46,0.575,1132,47392443,0.003706822770902507,NaN
34591,0.06187552154859956,0.01375011589968879,0.010810348202666995,46,0.575,1132,47403763,0.003706822770902507,NaN
34601,0.06187552154859956,0.01375011589968879,0.010808220348061944,46,0.575,1132,47415083,0.0038075658673841772,NaN
34611,0.06187552154859956,0.01375011589968879,0.010806112472274466,46,0.575,1132,47426403,0.00394027859185031,NaN
34621,0.06187552154859956,0.01375011589968879,0.01080402211361814,46,0.575,1132,47437723,0.004006928146720767,NaN
34631,0.06187552154859956,0.01375011589968879,0.010801948205320362,46,0.575,1132,47449043,0.004022319696834087,NaN
34641,0.06187552154859956,0.01375011589968879,0.010799900276275478,46,0.575,1132,47460363,0.003920440840863182,NaN
34651,0.06187552154859956,0.01375011589968879,0.010797849555393497,46,0.575,1132,47471683,0.004037440161807682,NaN
34661,0.06187552154859956,0.01375011589968879,0.010795820877622025,46,0.575,1132,47483003,0.004062861444124211,NaN
34671,0.06187552154859956,0.01375011589968879,0.010793813012173489,46,0.575,1132,47494323,0.004063246651712316,NaN
34681,0.06187552154859956,0.01375011589968879,0.010791821313870749,46,0.575,1132,47505643,0.003975748587878636,NaN
34691,0.06187552154859956,0.01375011589968879,0.010789842403973722,46,0.575,1132,47516963,0.004137921059863214,NaN
34701,0.06187552154859956,0.01375011589968879,0.010787872007166445,46,0.575,1132,47528283,0.004119296465962763,NaN
34711,0.06187552154859956,0.01375011589968879,0.010785920120275221,46,0.575,1132,47539603,0.003995991481899108,NaN
34721,0.06187552154859956,0.01375011589968879,0.010783979005101993,46,0.575,1132,47550923,0.004058120693032297,NaN
34731,0.06187552154859956,0.01375011589968879,0.010782056599451242,46,0.575,1132,47562243,0.003910353186331816,NaN
34741,0.06187552154859956,0.01375011589968879,0.010780146239616506,46,0.575,1132,47573563,0.0037550821787869504,NaN
34751,0.06187552154859956,0.01375011589968879,0.010778242110110432,46,0.575,1132,47584883,0.003869842461931561,NaN
34761,0.06187552154859956,0.01375011589968879,0.010776353672359422,46,0.575,1132,47596203,0.0038755033404694883,NaN
34771,0.06187552154859956,0.01375011589968879,0.010774485468104665,46,0.575,1132,47607523,0.0037445328152722057,NaN
34781,0.06187552154859956,0.01375011589968879,0.010772631732706,46,0.575,1132,47618843,0.003706822770902507,NaN
34791,0.06187552154859956,0.01375011589968879,0.010770788003263625,46,0.575,1132,47630163,0.003706822770902507,NaN
34801,0.06187552154859956,0.01375011589968879,0.010768959622548977,46,0.575,1132,47641483,0.003706822770902507,NaN
34811,0.06187552154859956,0.01375011589968879,0.010767145617501998,46,0.575,1132,47652803,0.003706822770902507,NaN
34821,0.06187552154859956,0.01375011589968879,0.01076533816644925,46,0.575,1132,47664123,0.003706822770902507,NaN
34831,0.06187552154859956,0.01375011589968879,0.010763549230177045,46,0.575,1132,47675443,0.003709879116298498,NaN
34841,0.06187552154859956,0.01375011589968879,0.010761770469386412,46,0.575,1132,47686763,0.003706822770902507,NaN
34851,0.06187552154859956,0.01375011589968879,0.010760004599815817,46,0.575,1132,47698083,0.003706822770902507,NaN
34861,0.06187552154859956,0.01375011589968879,0.010758251999246413,46,0.575,1132,47709403,0.003706822770902507,NaN
34871,0.06187552154859956,0.01375011589968879,0.010756511199893282,46,0.575,1132,47720723,0.003706822770902507,NaN
34881,0.06187552154859956,0.01375011589968879,0.010754779449410029,46,0.575,1132,47732043,0.003706822770902507,NaN
34891,0.06187552154859956,0.01375011589968879,0.01075306389031273,46,0.575,1133,47743367,0.003706822770902507,NaN
34901,0.06187552154859956,0.01375011589968879,0.010751356666347871,46,0.575,1133,47754697,0.003706822770902507,NaN
34911,0.06187552154859956,0.01375011589968879,0.010749658706744655,46,0.575,1133,47766027,0.003706822770902507,NaN
34921,0.06187552154859956,0.01375011589968879,0.01074797318905589,46,0.575,1133,47777357,0.003706822770902507,NaN
34931,0.06187552154859956,0.01375011589968879,0.010746293367229093,46,0.575,1133,47788687,0.003706822770902507,NaN
34941,0.06187552154859956,0.01375011589968879,0.010744628258097575,46,0.575,1133,47800017,0.003706822770902507,NaN
34951,0.06187552154859956,0.01375011589968879,0.010742978716348366,46,0.575,1133,47811347,0.003706822770902507,NaN
34961,0.06187552154859956,0.01375011589968879,0.010741333693347465,46,0.575,1133,47822677,0.003706822770902507,NaN
34971,0.06187552154859956,0.01375011589968879,0.01073970005334779,46,0.575,1133,47834007,0.003706822770902507,NaN
34981,0.06187552154859956,0.01375011589968879,0.010738075673025408,46,0.575,1133,47845337,0.003706822770902507,NaN
34991,0.06187552154859956,0.01375011589968879,0.010736466203504543,46,0.575,1133,47856667,0.003706822770902507,NaN
35001,0.06187552154859956,0.01375011589968879,0.01073486793332613,46,0.575,1133,47867997,0.003706822770902507,NaN
35011,0.06187552154859956,0.01375011589968879,0.010733276930905698,46,0.575,1133,47879327,0.003706822770902507,NaN
35021,0.06187552154859956,0.01375011589968879,0.010731698459283488,46,0.575,1133,47890657,0.003706822770902507,NaN
35031,0.06187552154859956,0.01375011589968879,0.01073012932590131,46,0.575,1133,47901987,0.003706822770902507,NaN
35041,0.06187552154859956,0.01375011589968879,0.010728577298145133,46,0.575,1133,47913317,0.003706822770902507,NaN
35051,0.06187552154859956,0.01375011589968879,0.010727031744235995,46,0.575,1133,47924647,0.003706822770902507,NaN
35061,0.06187552154859956,0.01375011589968879,0.010725488199727462,46,0.575,1133,47935977,0.003706822770902507,NaN
35071,0.06187552154859956,0.01375011589968879,0.010723958557962583,46,0.575,1133,47947307,0.003706822770902507,NaN
35081,0.06187552154859956,0.01375011589968879,0.010722435052551767,46,0.575,1133,47958637,0.003706822770902507,NaN
35091,0.06187552154859956,0.01375011589968879,0.010720922784460338,46,0.575,1133,47969967,0.003706822770902507,NaN
35101,0.06187552154859956,0.01375011589968879,0.010719420710136141,46,0.575,1133,47981297,0.003706822770902507,NaN
35111,0.06187552154859956,0.01375011589968879,0.010717925567656057,46,0.575,1133,47992627,0.003706822770902507,NaN
35121,0.06187552154859956,0.01375011589968879,0.010716440388096594,46,0.575,1133,48003957,0.003706822770902507,NaN
35131,0.06187552154859956,0.01375011589968879,0.010714970644040481,46,0.575,1133,48015287,0.003706822770902507,NaN
35141,0.06187552154859956,0.01375011589968879,0.01071350448996713,46,0.575,1133,48026617,0.003706822770902507,NaN
35151,0.06187552154859956,0.01375011589968879,0.010712047091900018,46,0.575,1133,48037947,0.003706822770902507,NaN
35161,0.06187552154859956,0.01375011589968879,0.010710599896650573,46,0.575,1133,48049277,0.003706822770902507,NaN
35171,0.06187552154859956,0.01375011589968879,0.010709157785690385,46,0.575,1133,48060607,0.003706822770902507,NaN
35181,0.06187552154859956,0.01375011589968879,0.010707726704861847,46,0.575,1133,48071937,0.003706822770902507,NaN
35191,0.06187552154859956,0.01375011589968879,0.010706303379354335,46,0.575,1133,48083267,0.003706822770902507,NaN
35201,0.06187552154859956,0.01375011589968879,0.010704890229292274,46,0.575,1133,48094597,0.003706822770902507,NaN
35211,0.06187552154859956,0.01375011589968879,0.010703479251215637,46,0.575,1133,48105927,0.003706822770902507,NaN
35221,0.06187552154859956,0.01375011589968879,0.010702082571100663,46,0.575,1133,48117257,0.003706822770902507,NaN
35231,0.06187552154859956,0.01375011589968879,0.010700695266946026,46,0.575,1133,48128587,0.003706822770902507,NaN
35241,0.06187552154859956,0.01375011589968879,0.010699312614490298,46,0.575,1133,48139917,0.003706822770902507,NaN
35251,0.06187552154859956,0.01375011589968879,0.010697940060676562,46,0.575,1133,48151247,0.003706822770902507,NaN
35261,0.06187552154859956,0.01375011589968879,0.010696576830091033,46,0.575,1133,48162577,0.003706822770902507,NaN
35271,0.06187552154859956,0.01375011589968879,0.010695220743470287,46,0.575,1134,48173909,0.003706822770902507,NaN
35281,0.06187552154859956,0.01375011589968879,0.010693870013954988,46,0.575,1134,48185249,0.003706822770902507,NaN
35291,0.06187552154859956,0.01375011589968879,0.010692528484786504,46,0.575,1134,48196589,0.003706822770902507,NaN
35301,0.06187552154859956,0.01375011589968879,0.010691193722566493,46,0.575,1134,48207929,0.003706822770902507,NaN
35311,0.06187552154859956,0.01375011589968879,0.010689866974458184,46,0.575,1134,48219269,0.003706822770902507,NaN
35321,0.06187552154859956,0.01375011589968879,0.010688545205526909,46,0.575,1134,48230609,0.003706822770902507,NaN
35331,0.06187552154859956,0.01375011589968879,0.01068723104088214,46,0.575,1134,48241949,0.003706822770902507,NaN
35341,0.06187552154859956,0.01375011589968879,0.010685927292781042,46,0.575,1134,48253289,0.003706822770902507,NaN
35351,0.06187552154859956,0.01375011589968879,0.010684628995225928,46,0.575,1134,48264629,0.003706822770902507,NaN
35361,0.06187552154859956,0.01375011589968879,0.010683339583097355,46,0.575,1134,48275969,0.003706822770902507,NaN
35371,0.06187552154859956,0.01375011589968879,0.010682055305384758,46,0.575,1134,48287309,0.003706822770902507,NaN
35381,0.06187552154859956,0.01375011589968879,0.010680776624516422,46,0.575,1134,48298649,0.003706822770902507,NaN
35391,0.06187552154859956,0.01375011589968879,0.010679506493982083,46,0.575,1134,48309989,0.003706822770902507,NaN
35401,0.06187552154859956,0.01375011589968879,0.010678242976679932,46,0.575,1134,48321329,0.003706822770902507,NaN
35411,0.06187552154859956,0.01375011589968879,0.010676985733267684,46,0.575,1134,48332669,0.003706822770902507,NaN
35421,0.06187552154859956,0.01375011589968879,0.010675737927007416,46,0.575,1134,48344009,0.003706822770902507,NaN
35431,0.06187552154859956,0.01375011589968879,0.010674495626431165,46,0.575,1134,48355349,0.003706822770902507,NaN
35441,0.06187552154859956,0.01375011589968879,0.010673260387292072,46,0.575,1134,48366689,0.003706822770902507,NaN
35451,0.06187552154859956,0.01375011589968879,0.010672027121618926,46,0.575,1134,48378029,0.003706822770902507,NaN
35461,0.06187552154859956,0.01375011589968879,0.010670802609201939,46,0.575,1134,48389369,0.003706822770902507,NaN
35471,0.06187552154859956,0.01375011589968879,0.010669586076714884,46,0.575,1134,48400709,0.003706822770902507,NaN
35481,0.06187552154859956,0.01375011589968879,0.01066837751386404,46,0.575,1134,48412049,0.003706822770902507,NaN
35491,0.06187552154859956,0.01375011589968879,0.010667174939628887,46,0.575,1134,48423389,0.003706822770902507,NaN
35501,0.06187552154859956,0.01375011589968879,0.010665979205168789,46,0.575,1134,48434729,0.003706822770902507,NaN
35511,0.06187552154859956,0.01375011589968879,0.010664785261887449,46,0.575,1134,48446069,0.003706822770902507,NaN
35521,0.06187552154859956,0.01375011589968879,0.010663599058309142,46,0.575,1134,48457409,0.003706822770902507,NaN
35531,0.06187552154859956,0.01375011589968879,0.010662420454341784,46,0.575,1134,48468749,0.003706822770902507,NaN
35541,0.06187552154859956,0.01375011589968879,0.010661246125567564,46,0.575,1134,48480089,0.003706822770902507,NaN
35551,0.06187552154859956,0.01375011589968879,0.010660085817070748,46,0.575,1134,48491429,0.003706822770902507,NaN
35561,0.06187552154859956,0.01375011589968879,0.010658925092602791,46,0.575,1134,48502769,0.003706822770902507,NaN
35571,0.06187552154859956,0.01375011589968879,0.010657772534159707,46,0.575,1134,48514109,0.003706822770902507,NaN
35581,0.06187552154859956,0.01375011589968879,0.010656625243238559,46,0.575,1134,48525449,0.003706822770902507,NaN
35591,0.06187552154859956,0.01375011589968879,0.010655483739593647,46,0.575,1134,48536789,0.003706822770902507,NaN
35601,0.06187552154859956,0.01375011589968879,0.010654349559348106,46,0.575,1134,48548129,0.003706822770902507,NaN
35611,0.06187552154859956,0.01375011589968879,0.010653217551444131,46,0.575,1134,48559469,0.003706822770902507,NaN
35621,0.06187459136148825,0.013749909191441832,0.01065157111880767,45,0.5625,1110,48570665,0.003706822770902507,NaN
35631,0.06187459136148825,0.013749909191441832,0.010649590387447424,45,0.5625,1110,48581765,0.003706822770902507,NaN
35641,0.06187459136148825,0.013749909191441832,0.010647623047015642,45,0.5625,1110,48592865,0.003706822770902507,NaN
35651,0.06187459136148825,0.013749909191441832,0.01064567148665403,45,0.5625,1110,48603965,0.003706822770902507,NaN
35661,0.06187459136148825,0.013749909191441832,0.010643735470651616,45,0.5625,1110,48615065,0.003706822770902507,NaN
35671,0.06187459136148825,0.013749909191441832,0.010641815562576859,45,0.5625,1110,48626165,0.003706822770902507,NaN
35681,0.06187459136148825,0.013749909191441832,0.010639906924290107,45,0.5625,1110,48637265,0.003706822770902507,NaN
35691,0.06187459136148825,0.013749909191441832,0.010638010399854814,45,0.5625,1110,48648365,0.003706822770902507,NaN
35701,0.06187459136148825,0.013749909191441832,0.010636133222230922,45,0.5625,1110,48659465,0.003706822770902507,NaN
35711,0.06187459136148825,0.013749909191441832,0.010634268934090797,45,0.5625,1110,48670565,0.003706822770902507,NaN
35721,0.06187459136148825,0.013749909191441832,0.010632417678280194,45,0.5625,1110,48681665,0.003706822770902507,NaN
35731,0.06187459136148825,0.013749909191441832,0.010630576680452329,45,0.5625,1110,48692765,0.003706822770902507,NaN
35741,0.06187459136148825,0.013749909191441832,0.010628752194430205,45,0.5625,1110,48703865,0.003706822770902507,NaN
35751,0.06187459136148825,0.013749909191441832,0.010626941196337544,45,0.5625,1110,48714965,0.003706822770902507,NaN
35761,0.06187459136148825,0.013749909191441832,0.010625140160942646,45,0.5625,1110,48726065,0.003706822770902507,NaN
35771,0.06187459136148825,0.013749909191441832,0.010623356346961463,45,0.5625,1110,48737165,0.003706822770902507,NaN
35781,0.06187459136148825,0.013749909191441832,0.010621581566476789,45,0.5625,1110,48748265,0.003706822770902507,NaN
35791,0.06187459136148825,0.013749909191441832,0.010619817831779203,45,0.5625,1110,48759365,0.003706822770902507,NaN
35801,0.06187459136148825,0.013749909191441832,0.010618071103595384,45,0.5625,1110,48770465,0.003706822770902507,NaN
35811,0.06187459136148825,0.013749909191441832,0.01061633042217875,45,0.5625,1110,48781565,0.003706822770902507,NaN
35821,0.06187459136148825,0.013749909191441832,0.010614604842218395,45,0.5625,1110,48792665,0.003706822770902507,NaN
35831,0.06187459136148825,0.013749909191441832,0.010612892002108116,45,0.5625,1110,48803765,0.003706822770902507,NaN
35841,0.06187459136148825,0.013749909191441832,0.01061119097478579,45,0.5625,1110,48814865,0.003706822770902507,NaN
35851,0.06187459136148825,0.013749909191441832,0.010609501661895615,45,0.5625,1110,48825965,0.003706822770902507,NaN
35861,0.06187459136148825,0.013749909191441832,0.010607823211290907,45,0.5625,1110,48837065,0.003706822770902507,NaN
35871,0.06187459136148825,0.013749909191441832,0.010606159940757852,45,0.5625,1110,48848165,0.003706822770902507,NaN
35881,0.06187459136148825,0.013749909191441832,0.010604502837369412,45,0.5625,1110,48859265,0.003706822770902507,NaN
35891,0.06187459136148825,0.013749909191441832,0.010602860044929578,45,0.5625,1110,48870365,0.003706822770902507,NaN
35901,0.06187459136148825,0.013749909191441832,0.010601227533368038,45,0.5625,1110,48881465,0.003706822770902507,NaN
35911,0.06187459136148825,0.013749909191441832,0.010599603459119715,45,0.5625,1110,48892565,0.003706822770902507,NaN
35921,0.06187459136148825,0.013749909191441832,0.010597988917067836,45,0.5625,1111,48903673,0.003706822770902507,NaN
35931,0.06187459136148825,0.013749909191441832,0.010596384014386149,45,0.5625,1111,48914783,0.003706822770902507,NaN
35941,0.06187459136148825,0.013749909191441832,0.010594788371312478,45,0.5625,1111,48925893,0.003706822770902507,NaN
35951,0.06187459136148825,0.013749909191441832,0.010593205336757065,45,0.5625,1111,48937003,0.003706822770902507,NaN
35961,0.06187459136148825,0.013749909191441832,0.010591634902763877,45,0.5625,1111,48948113,0.003706822770902507,NaN
35971,0.06187459136148825,0.013749909191441832,0.010590073528569624,45,0.5625,1111,48959223,0.003706822770902507,NaN
35981,0.06187459136148825,0.013749909191441832,0.010588518903482426,45,0.5625,1111,48970333,0.003706822770902507,NaN
35991,0.06187459136148825,0.013749909191441832,0.01058697648052338,45,0.5625,1111,48981443,0.003706822770902507,NaN
36001,0.06187459136148825,0.013749909191441832,0.010585446156542392,45,0.5625,1111,48992553,0.003706822770902507,NaN
36011,0.06187459136148825,0.013749909191441832,0.010583921152162862,45,0.5625,1111,49003663,0.003706822770902507,NaN
36021,0.06187459136148825,0.013749909191441832,0.010582410856184346,45,0.5625,1111,49014773,0.003706822770902507,NaN
36031,0.06187459136148825,0.013749909191441832,0.01058090712979386,45,0.5625,1111,49025883,0.003706822770902507,NaN
36041,0.06187459136148825,0.013749909191441832,0.010579417352539696,45,0.5625,1111,49036993,0.003706822770902507,NaN
36051,0.06187459136148825,0.013749909191441832,0.010577932692722478,45,0.5625,1111,49048103,0.003706822770902507,NaN
36061,0.06187459136148825,0.013749909191441832,0.010576456036513531,45,0.5625,1111,49059213,0.003706822770902507,NaN
36071,0.06187459136148825,0.013749909191441832,0.010574990315357866,45,0.5625,1111,49070323,0.003706822770902507,NaN
36081,0.06187459136148825,0.013749909191441832,0.010573533600064078,45,0.5625,1111,49081433,0.003706822770902507,NaN
36091,0.06187459136148825,0.013749909191441832,0.010572084453173366,45,0.5625,1111,49092543,0.003706822770902507,NaN
36101,0.06187459136148825,0.013749909191441832,0.010570640890131548,45,0.5625,1111,49103653,0.003706822770902507,NaN
36111,0.06187459136148825,0.013749909191441832,0.01056920810473498,45,0.5625,1111,49114763,0.003706822770902507,NaN
36121,0.06187459136148825,0.013749909191441832,0.010567787888157234,45,0.5625,1111,49125873,0.003706822770902507,NaN
36131,0.06187459136148825,0.013749909191441832,0.010566375037948135,45,0.5625,1111,49136983,0.003706822770902507,NaN
36141,0.06187459136148825,0.013749909191441832,0.010564972430973518,45,0.5625,1111,49148093,0.003706822770902507,NaN
36151,0.06187459136148825,0.013749909191441832,0.010563573628479064,45,0.5625,1111,49159203,0.003706822770902507,NaN
36161,0.06187459136148825,0.013749909191441832,0.010562184655904725,45,0.5625,1111,49170313,0.003706822770902507,NaN
36171,0.06187459136148825,0.013749909191441832,0.010560800956663893,45,0.5625,1111,49181423,0.003706822770902507,NaN
36181,0.06187459136148825,0.013749909191441832,0.010559429209249793,45,0.5625,1111,49192533,0.003706822770902507,NaN
36191,0.06187459136148825,0.013749909191441832,0.01055806319466501,45,0.5625,1111,49203643,0.003706822770902507,NaN
36201,0.06187459136148825,0.013749909191441832,0.010556707564631994,45,0.5625,1111,49214753,0.003706822770902507,NaN
36211,0.06187459136148825,0.013749909191441832,0.010555358575322445,45,0.5625,1111,49225863,0.003706822770902507,NaN
36221,0.06187459136148825,0.013749909191441832,0.01055401602729818,45,0.5625,1111,49236973,0.003706822770902507,NaN
36231,0.06187459136148825,0.013749909191441832,0.010552680935942109,45,0.5625,1111,49248083,0.003706822770902507,NaN
36241,0.06187459136148825,0.013749909191441832,0.010551354882101134,45,0.5625,1111,49259193,0.003706822770902507,NaN
36251,0.06187459136148825,0.013749909191441832,0.010550036981700884,45,0.5625,1111,49270303,0.003706822770902507,NaN
36261,0.06187459136148825,0.013749909191441832,0.010548724872305322,45,0.5625,1111,49281413,0.003706822770902507,NaN
36271,0.06187459136148825,0.013749909191441832,0.01054742085172462,45,0.5625,1111,49292523,0.003706822770902507,NaN
36281,0.06187459136148825,0.013749909191441832,0.010546127409458879,45,0.5625,1111,49303633,0.003706822770902507,NaN
36291,0.06187459136148825,0.013749909191441832,0.0105448401353612,45,0.5625,1111,49314743,0.003706822770902507,NaN
36301,0.06187459136148825,0.013749909191441832,0.010543559747238515,45,0.5625,1111,49325853,0.003706822770902507,NaN
36311,0.06187459136148825,0.013749909191441832,0.010542284473808752,45,0.5625,1111,49336963,0.003706822770902507,NaN
36321,0.06187459136148825,0.013749909191441832,0.010541017227737957,45,0.5625,1112,49348079,0.003706822770902507,NaN
36331,0.06187459136148825,0.013749909191441832,0.010539754781536475,45,0.5625,1112,49359199,0.003706822770902507,NaN
36341,0.06187459136148825,0.013749909191441832,0.01053850384636284,45,0.5625,1112,49370319,0.003706822770902507,NaN
36351,0.06187459136148825,0.013749909191441832,0.010537257174572712,45,0.5625,1112,49381439,0.003706822770902507,NaN
36361,0.06187459136148825,0.013749909191441832,0.01053601769543325,45,0.5625,1112,49392559,0.003706822770902507,NaN
36371,0.06187459136148825,0.013749909191441832,0.01053478776234169,45,0.5625,1112,49403679,0.003706822770902507,NaN
36381,0.06187459136148825,0.013749909191441832,0.010533561068014754,45,0.5625,1112,49414799,0.003706822770902507,NaN
36391,0.06187459136148825,0.013749909191441832,0.010532343227627654,45,0.5625,1112,49425919,0.003706822770902507,NaN
36401,0.06187459136148825,0.013749909191441832,0.010531127330642103,45,0.5625,1112,49437039,0.003706822770902507,NaN
36411,0.06187459136148825,0.013749909191441832,0.01052991985028241,45,0.5625,1112,49448159,0.003706822770902507,NaN
36421,0.06187459136148825,0.013749909191441832,0.010528719911150666,45,0.5625,1112,49459279,0.003706822770902507,NaN
36431,0.06187459136148825,0.013749909191441832,0.010527522259185473,45,0.5625,1112,49470399,0.003706822770902507,NaN
36441,0.06187459136148825,0.013749909191441832,0.0105263323065248,45,0.5625,1112,49481519,0.003706822770902507,NaN
36451,0.06187459136148825,0.013749909191441832,0.01052515020891657,45,0.5625,1112,49492639,0.003706822770902507,NaN
36461,0.06187459136148825,0.013749909191441832,0.01052397599702388,45,0.5625,1112,49503759,0.003706822770902507,NaN
36471,0.06187459136148825,0.013749909191441832,0.010522808221894784,45,0.5625,1112,49514879,0.003706822770902507,NaN
36481,0.06187459136148825,0.013749909191441832,0.010521646168215494,45,0.5625,1112,49525999,0.003706822770902507,NaN
36491,0.06187459136148825,0.013749909191441832,0.010520487765725015,45,0.5625,1112,49537119,0.003706822770902507,NaN
36501,0.06187459136148825,0.013749909191441832,0.010519334120958724,45,0.5625,1112,49548239,0.003706822770902507,NaN
36511,0.06187459136148825,0.013749909191441832,0.010518186317819032,45,0.5625,1112,49559359,0.003706822770902507,NaN
36521,0.06187459136148825,0.013749909191441832,0.010517047779487945,45,0.5625,1112,49570479,0.003706822770902507,NaN
36531,0.06187459136148825,0.013749909191441832,0.010515914312602102,45,0.5625,1112,49581599,0.003706822770902507,NaN
36541,0.06187459136148825,0.013749909191441832,0.010514784883729167,45,0.5625,1112,49592719,0.003706822770902507,NaN
36551,0.06187459136148825,0.013749909191441832,0.01051366368305515,45,0.5625,1112,49603839,0.003706822770902507,NaN
36561,0.06187459136148825,0.013749909191441832,0.010512547836211897,45,0.5625,1112,49614959,0.003706822770902507,NaN
36571,0.06187459136148825,0.013749909191441832,0.010511437736327133,45,0.5625,1112,49626079,0.003706822770902507,NaN
36581,0.06187459136148825,0.013749909191441832,0.010510333215825554,45,0.5625,1112,49637199,0.003706822770902507,NaN
36591,0.06187459136148825,0.013749909191441832,0.010509233942662824,45,0.5625,1112,49648319,0.003706822770902507,NaN
36601,0.06187459136148825,0.013749909191441832,0.010508140107005333,45,0.5625,1112,49659439,0.003706822770902507,NaN
36611,0.06187459136148825,0.013749909191441832,0.010507050787788349,45,0.5625,1112,49670559,0.003706822770902507,NaN
36621,0.06187459136148825,0.013749909191441832,0.010505965750086315,45,0.5625,1112,49681679,0.003706822770902507,NaN
36631,0.06187459136148825,0.013749909191441832,0.01050488668435058,45,0.5625,1112,49692799,0.003706822770902507,NaN
36641,0.06187459136148825,0.013749909191441832,0.010503817161794672,45,0.5625,1112,49703919,0.003706822770902507,NaN
36651,0.06187459136148825,0.013749909191441832,0.010502749933667435,45,0.5625,1112,49715039,0.003706822770902507,NaN
36661,0.06187459136148825,0.013749909191441832,0.010501687297535374,45,0.5625,1112,49726159,0.003706822770902507,NaN
36671,0.06187459136148825,0.013749909191441832,0.010500630982767684,45,0.5625,1112,49737279,0.003706822770902507,NaN
36681,0.06187459136148825,0.013749909191441832,0.010499580487873241,45,0.5625,1112,49748399,0.003706822770902507,NaN
36691,0.06187459136148825,0.013749909191441832,0.010498535282547248,45,0.5625,1112,49759519,0.003706822770902507,NaN
36701,0.06187459136148825,0.013749909191441832,0.010497495295396266,45,0.5625,1112,49770639,0.003706822770902507,NaN
36711,0.06187459136148825,0.013749909191441832,0.010496459649578939,45,0.5625,1112,49781759,0.003706822770902507,NaN
36721,0.06183799947543275,0.013741777661207278,0.010495084834158206,44,0.55,1088,49792783,0.0036852463117245104,NaN
36731,0.06183799947543275,0.013741777661207278,0.010493210226485267,44,0.55,1088,49803663,0.0037385539592122985,NaN
36741,0.06183799947543275,0.013741777661207278,0.010491349749476814,44,0.55,1088,49814543,0.0039005240664462537,NaN
36751,0.06183799947543275,0.013741777661207278,0.010489502998091585,44,0.55,1088,49825423,0.00384740418999846,NaN
36761,0.06183799947543275,0.013741777661207278,0.010487669637509996,44,0.55,1088,49836303,0.0037369425154949454,NaN
36771,0.06183799947543275,0.013741777661207278,0.010485850877722188,44,0.55,1088,49847183,0.003762713219464031,NaN
36781,0.06183799947543275,0.013741777661207278,0.010484043243431353,44,0.55,1088,49858063,0.0037232702973428733,NaN
36791,0.06183799947543275,0.013741777661207278,0.010482249253865024,44,0.55,1088,49868943,0.003702726937074796,NaN
36801,0.06183799947543275,0.013741777661207278,0.010480469343719923,44,0.55,1088,49879823,0.0038141961404548064,NaN
36811,0.06183799947543275,0.013741777661207278,0.010478701660745719,44,0.55,1088,49890703,0.003705775311735604,NaN
36821,0.06183799947543275,0.013741777661207278,0.010476945337082185,44,0.55,1088,49901583,0.003836630220070747,NaN
36831,0.06183799947543275,0.013741777661207278,0.010475201730903343,44,0.55,1088,49912463,0.003826657243190368,NaN
36841,0.06183799947543275,0.013741777661207278,0.010473470179923144,44,0.55,1088,49923343,0.003804552389940541,NaN
36851,0.06183799947543275,0.013741777661207278,0.010471752210890362,44,0.55,1088,49934223,0.003891999525031775,NaN
36861,0.06183799947543275,0.013741777661207278,0.010470045724344356,44,0.55,1088,49945103,0.004005292890223444,NaN
36871,0.06183799947543275,0.013741777661207278,0.010468352075329196,44,0.55,1088,49955983,0.004039622013516153,NaN
36881,0.06183799947543275,0.013741777661207278,0.010466669845077149,44,0.55,1088,49966863,0.003988077882528307,NaN
36891,0.06183799947543275,0.013741777661207278,0.010464998319179939,44,0.55,1088,49977743,0.0038915210518302157,NaN
36901,0.06183799947543275,0.013741777661207278,0.010463337024577388,44,0.55,1088,49988623,0.004132655698779519,NaN
36911,0.06183799947543275,0.013741777661207278,0.010461688126304863,44,0.55,1088,49999503,0.004277822521988772,NaN
36921,0.06183799947543275,0.013741777661207278,0.010460052552065117,44,0.55,1088,50010383,0.004247284206289115,NaN
36931,0.06183799947543275,0.013741777661207278,0.010458427781111971,44,0.55,1088,50021263,0.004200904096544722,NaN
36941,0.06183799947543275,0.013741777661207278,0.010456811272971291,44,0.55,1088,50032143,0.00425367470911836,NaN
36951,0.06183799947543275,0.013741777661207278,0.010455207381442646,44,0.55,1088,50043023,0.004276776624348555,NaN
36961,0.06183799947543275,0.013741777661207278,0.010453612688785802,44,0.55,1088,50053903,0.004349196835498947,NaN
36971,0.06183799947543275,0.013741777661207278,0.010452030216112136,44,0.55,1088,50064783,0.004350809795831134,NaN
36981,0.06183799947543275,0.013741777661207278,0.010450459542483857,44,0.55,1088,50075663,0.00426010969473567,NaN
36991,0.06183799947543275,0.013741777661207278,0.010448897375606898,44,0.55,1088,50086543,0.004172808844052245,NaN
37001,0.06183799947543275,0.013741777661207278,0.010447346446495333,44,0.55,1088,50097423,0.004108284587131028,NaN
37011,0.06183799947543275,0.013741777661207278,0.010445806006683662,44,0.55,1088,50108303,0.004196173479750376,NaN
37021,0.06183799947543275,0.013741777661207278,0.010444273784970148,44,0.55,1089,50119186,0.004316194025701436,NaN
37031,0.06183799947543275,0.013741777661207278,0.01044275080928612,44,0.55,1089,50130076,0.004275815333623034,NaN
37041,0.06183799947543275,0.013741777661207278,0.010441237920095239,44,0.55,1089,50140966,0.004296748469740486,NaN
37051,0.06183799947543275,0.013741777661207278,0.010439735527593811,44,0.55,1089,50151856,0.004222215204495727,NaN
37061,0.06183799947543275,0.013741777661207278,0.010438242456150385,44,0.55,1089,50162746,0.004251034587745117,NaN
37071,0.06183799947543275,0.013741777661207278,0.010436757129916593,44,0.55,1089,50173636,0.004387492360231393,NaN
37081,0.06183799947543275,0.013741777661207278,0.010435280527686611,44,0.55,1089,50184526,0.004486825209138623,NaN
37091,0.06183799947543275,0.013741777661207278,0.010433815622348422,44,0.55,1089,50195416,0.004400359772709861,NaN
37101,0.06183799947543275,0.013741777661207278,0.010432360289685241,44,0.55,1089,50206306,0.004336138933265288,NaN
37111,0.06183799947543275,0.013741777661207278,0.010430913320963908,44,0.55,1089,50217196,0.0042710205825104985,NaN
37121,0.06183799947543275,0.013741777661207278,0.010429474391811733,44,0.55,1089,50228086,0.004319332929516861,NaN
37131,0.06183799947543275,0.013741777661207278,0.010428046616719963,44,0.55,1089,50238976,0.0042969539321122685,NaN
37141,0.06183799947543275,0.013741777661207278,0.01042662614278869,44,0.55,1089,50249866,0.00421892088226139,NaN
37151,0.06183799947543275,0.013741777661207278,0.010425215498776251,44,0.55,1089,50260756,0.004050488029758714,NaN
37161,0.06183799947543275,0.013741777661207278,0.010423812127253827,44,0.55,1089,50271646,0.004035654426811808,NaN
37171,0.06183799947543275,0.013741777661207278,0.010422419847713239,44,0.55,1089,50282536,0.0040730456598410125,NaN
37181,0.06183799947543275,0.013741777661207278,0.010421032808383001,44,0.55,1089,50293426,0.004099693087887379,NaN
37191,0.06183799947543275,0.013741777661207278,0.010419653835954865,44,0.55,1089,50304316,0.004195295095438534,NaN
37201,0.06183799947543275,0.013741777661207278,0.010418282089917146,44,0.55,1089,50315206,0.0043552795533494115,NaN
37211,0.06183799947543275,0.013741777661207278,0.010416919313016032,44,0.55,1089,50326096,0.0044199536861345146,NaN
37221,0.06183799947543275,0.013741777661207278,0.010415566364434695,44,0.55,1089,50336986,0.00433083434994308,NaN
37231,0.06183799947543275,0.013741777661207278,0.01041422172514929,44,0.55,1089,50347876,0.004196365903816723,NaN
37241,0.06183799947543275,0.013741777661207278,0.010412883218088486,44,0.55,1089,50358766,0.004242155415688398,NaN
37251,0.06183799947543275,0.013741777661207278,0.010411553971160111,44,0.55,1089,50369656,0.004107915608678014,NaN
37261,0.06183799947543275,0.013741777661207278,0.01041023293640022,44,0.55,1089,50380546,0.004012086773568679,NaN
37271,0.06183799947543275,0.013741777661207278,0.01040891847015639,44,0.55,1089,50391436,0.003923070299860942,NaN
37281,0.06183799947543275,0.013741777661207278,0.01040761266281862,44,0.55,1089,50402326,0.00394228136630459,NaN
37291,0.06183799947543275,0.013741777661207278,0.01040631417489064,44,0.55,1089,50413216,0.003908354583619322,NaN
37301,0.06183799947543275,0.013741777661207278,0.01040502181384308,44,0.55,1089,50424106,0.003971350766590831,NaN
37311,0.06183799947543275,0.013741777661207278,0.010403736677970905,44,0.55,1089,50434996,0.0039680664351304795,NaN
37321,0.06183799947543275,0.013741777661207278,0.010402460346580367,44,0.55,1089,50445886,0.0038907874075181925,NaN
37331,0.06183799947543275,0.013741777661207278,0.010401190188430913,44,0.55,1089,50456776,0.003958869500874096,NaN
37341,0.06183799947543275,0.013741777661207278,0.010399927061179554,44,0.55,1089,50467666,0.004149343480609857,NaN
37351,0.06183799947543275,0.013741777661207278,0.010398672886439664,44,0.55,1089,50478556,0.004013453734508177,NaN
37361,0.06183799947543275,0.013741777661207278,0.010397425441562925,44,0.55,1089,50489446,0.003972386271782646,NaN
37371,0.06183799947543275,0.013741777661207278,0.010396183317765598,44,0.55,1089,50500336,0.004047512319808766,NaN
37381,0.06183799947543275,0.013741777661207278,0.010394948305376283,44,0.55,1089,50511226,0.0039984048570946285,NaN
37391,0.06183799947543275,0.013741777661207278,0.010393719543448263,44,0.55,1089,50522116,0.004093880335385602,NaN
37401,0.06183799947543275,0.013741777661207278,0.010392500033113095,44,0.55,1089,50533006,0.004029703112232497,NaN
37411,0.06183799947543275,0.013741777661207278,0.010391286146965828,44,0.55,1089,50543896,0.003992391093237735,NaN
37421,0.06183799947543275,0.013741777661207278,0.010390076937654761,44,0.55,1089,50554786,0.00394817329058067,NaN
37431,0.06183799947543275,0.013741777661207278,0.01038887606453644,44,0.55,1089,50565676,0.003964401867768252,NaN
37441,0.06183799947543275,0.013741777661207278,0.010387684022926415,44,0.55,1089,50576566,0.0038332051128223132,NaN
37451,0.06183799947543275,0.013741777661207278,0.010386494550184831,44,0.55,1090,50587466,0.0038034346073319014,NaN
37461,0.06183799947543275,0.013741777661207278,0.010385311596287564,44,0.55,1090,50598366,0.003893600508799,NaN
37471,0.06183799947543275,0.013741777661207278,0.010384135897425673,44,0.55,1090,50609266,0.0039015233456383136,NaN
37481,0.06183799947543275,0.013741777661207278,0.010382965615388253,44,0.55,1090,50620166,0.00392260730408861,NaN
37491,0.06183799947543275,0.013741777661207278,0.010381800612765101,44,0.55,1090,50631066,0.003979565404695629,NaN
37501,0.06183799947543275,0.013741777661207278,0.010380642717388307,44,0.55,1090,50641966,0.0038554110451123336,NaN
37511,0.06183799947543275,0.013741777661207278,0.01037949114857838,44,0.55,1090,50652866,0.003782278056352728,NaN
37521,0.06183799947543275,0.013741777661207278,0.010378343859415651,44,0.55,1090,50663766,0.0037277511581589873,NaN
37531,0.06183799947543275,0.013741777661207278,0.01037720439889541,44,0.55,1090,50674666,0.003744092064839555,NaN
37541,0.06183799947543275,0.013741777661207278,0.010376072647251674,44,0.55,1090,50685566,0.0036661373129133756,NaN
37551,0.06183799947543275,0.013741777661207278,0.01037494408304661,44,0.55,1090,50696466,0.003712585234470156,NaN
37561,0.06183799947543275,0.013741777661207278,0.010373821018055165,44,0.55,1090,50707366,0.00373940017332286,NaN
37571,0.06183799947543275,0.013741777661207278,0.010372705236658234,44,0.55,1090,50718266,0.003722184488544278,NaN
37581,0.06183799947543275,0.013741777661207278,0.010371594730009936,44,0.55,1090,50729166,0.0037040511258488173,NaN
37591,0.06183799947543275,0.013741777661207278,0.010370489020073417,44,0.55,1090,50740066,0.003754290818349715,NaN
37601,0.06183799947543275,0.013741777661207278,0.010369387784737184,44,0.55,1090,50750966,0.003919784616694344,NaN
37611,0.06183799947543275,0.013741777661207278,0.010368294935659238,44,0.55,1090,50761866,0.0038371672314692074,NaN
37621,0.06183799947543275,0.013741777661207278,0.010367207215497654,44,0.55,1090,50772766,0.0038068022755244346,NaN
37631,0.06183799947543275,0.013741777661207278,0.010366124663987633,44,0.55,1090,50783666,0.0038404551806538456,NaN
37641,0.06183799947543275,0.013741777661207278,0.010365048446869087,44,0.55,1090,50794566,0.003790139449021679,NaN
37651,0.06183799947543275,0.013741777661207278,0.010363977000388783,44,0.55,1090,50805466,0.0037985929201806434,NaN
37661,0.06183799947543275,0.013741777661207278,0.010362910359778977,44,0.55,1090,50816366,0.0038252219878656124,NaN
37671,0.06183799947543275,0.013741777661207278,0.010361850014373824,44,0.55,1090,50827266,0.0037818396960827005,NaN
37681,0.06183799947543275,0.013741777661207278,0.010360794541347428,44,0.55,1090,50838166,0.0037235280428206674,NaN
37691,0.06183799947543275,0.013741777661207278,0.010359743202173236,44,0.55,1090,50849066,0.0038093090674827246,NaN
37701,0.06183799947543275,0.013741777661207278,0.010358697292770943,44,0.55,1090,50859966,0.003860070827458928,NaN
37711,0.06183799947543275,0.013741777661207278,0.010357655368503813,44,0.55,1090,50870866,0.004027209770129714,NaN
37721,0.06183799947543275,0.013741777661207278,0.010356620885635801,44,0.55,1090,50881766,0.003911269909885107,NaN
37731,0.06183799947543275,0.013741777661207278,0.01035559209542754,44,0.55,1090,50892666,0.003904451936848685,NaN
37741,0.06183799947543275,0.013741777661207278,0.010354568585414756,44,0.55,1090,50903566,0.0038919489888582515,NaN
37751,0.06183799947543275,0.013741777661207278,0.010353547507205293,44,0.55,1090,50914466,0.003920655415750041,NaN
37761,0.06183799947543275,0.013741777661207278,0.010352531687168381,44,0.55,1090,50925366,0.003927606454437127,NaN
37771,0.06183799947543275,0.013741777661207278,0.010351521593975677,44,0.55,1090,50936266,0.0039162029591206515,NaN
37781,0.06183799947543275,0.013741777661207278,0.010350516518986446,44,0.55,1090,50947166,0.003881985055738113,NaN
37791,0.06183799947543275,0.013741777661207278,0.010349516560281907,44,0.55,1090,50958066,0.0038010490890505455,NaN
37801,0.06183799947543275,0.013741777661207278,0.010348521459001092,44,0.55,1090,50968966,0.003726409006522602,NaN
37811,0.06183799947543275,0.013741777661207278,0.010347531330912974,44,0.55,1090,50979866,0.003697932511680546,NaN
37821,0.06183799947543275,0.013741777661207278,0.01034654436777137,44,0.55,1090,50990766,0.003742917397472567,NaN
37831,0.06183799947543275,0.013741777661207278,0.010345563139700625,44,0.55,1090,51001666,0.0035821335560906054,NaN
37841,0.06183799947543275,0.013741777661207278,0.010344587681727233,42,0.525,1090,51012566,0.0035034128125861486,NaN
37851,0.06170255322165489,0.01370847750800557,0.010342825791303746,42,0.525,1041,51022976,0.0035034128125861486,NaN
37861,0.0615521649018535,0.013674789695883854,0.010341076042577547,42,0.525,1041,51033386,0.0035034128125861486,NaN
37871,0.06140284406194861,0.013641784456550354,0.010339339279603163,42,0.525,1041,51043796,0.0035034128125861486,NaN
37881,0.061258467042313705,0.01360984964602951,0.010337615431654795,42,0.525,1041,51054206,0.0035034128125861486,NaN
37891,0.061113564514127215,0.013577833489498462,0.010335902606591158,42,0.525,1041,51064616,0.0035034128125861486,NaN
37901,0.060968602375800596,0.013545357528339321,0.01033420029381112,42,0.525,1041,51075026,0.0035034128125861486,NaN
37911,0.06082712167064275,0.013513989341089213,0.01033251198323561,42,0.525,1041,51085436,0.0035034128125861486,NaN
37921,0.06068182964001452,0.013481445723792694,0.010330834437382778,42,0.525,1041,51095846,0.0035034128125861486,NaN
37931,0.06053379805479872,0.013448816677755465,0.010329169121251387,42,0.525,1041,51106256,0.0035034128125861486,NaN
37941,0.06039399452793236,0.013417759531133798,0.010327516713432464,42,0.525,1041,51116666,0.0035034128125861486,NaN
37951,0.06025411014937986,0.013386506063570447,0.01032587637322937,42,0.525,1041,51127076,0.0035034128125861486,NaN
37961,0.060116762279893404,0.013356349969753566,0.010324246041951281,42,0.525,1041,51137486,0.0035034128125861486,NaN
37971,0.05997974110168886,0.013325839246771515,0.010322626356995648,42,0.525,1041,51147896,0.0035034128125861486,NaN
37981,0.05984236683449677,0.013295390937349681,0.010321016944925005,42,0.525,1041,51158306,0.0035034128125861486,NaN
37991,0.059710385193883074,0.013265803806166734,0.010319419799697116,42,0.525,1041,51168716,0.0035034128125861486,NaN
38001,0.05957552003015779,0.013235982149693787,0.010317833048648648,42,0.525,1041,51179126,0.0035034128125861486,NaN
38011,0.05944318207996137,0.01320663999524681,0.01031625516340103,42,0.525,1041,51189536,0.0035034128125861486,NaN
38021,0.05931149098334547,0.0131773727795516,0.010314688855033618,42,0.525,1041,51199946,0.0035034128125861486,NaN
38031,0.05917932673645259,0.013147888171892183,0.010313132877519842,42,0.525,1041,51210356,0.0035034128125861486,NaN
38041,0.05904353677240964,0.01311776782716664,0.010311588425382259,42,0.525,1041,51220766,0.0035034128125861486,NaN
38051,0.05891010178106751,0.013088314127268864,0.010310052778994893,42,0.525,1041,51231176,0.0035034128125861486,NaN
38061,0.058782505425356,0.013059867929010854,0.010308527233892712,42,0.525,1041,51241586,0.0035034128125861486,NaN
38071,0.058653489091485315,0.013031282969257369,0.010307014999358335,42,0.525,1041,51251996,0.0035034128125861486,NaN
38081,0.0585246070739052,0.013002531116459479,0.010305509041403104,42,0.525,1041,51262406,0.0035034128125861486,NaN
38091,0.05839892886115838,0.012974762455262058,0.01030401346791766,42,0.525,1041,51272816,0.0035034128125861486,NaN
38101,0.058273885539345927,0.012947068459607905,0.010302527584837143,42,0.525,1041,51283226,0.0035034128125861486,NaN
38111,0.05815009591667536,0.01291929998223711,0.010301049735893,42,0.525,1041,51293636,0.0035034128125861486,NaN
38121,0.058024871631040496,0.012891544807396045,0.010299581719619033,42,0.525,1042,51304051,0.0035034128125861486,NaN
38131,0.05790104337470546,0.012864077820918755,0.01029812301075156,42,0.525,1042,51314471,0.0035034128125861486,NaN
38141,0.05777557861028909,0.012836142395937049,0.010296671197567029,42,0.525,1042,51324891,0.0035034128125861486,NaN
38151,0.05765370655631849,0.012809265271137706,0.010295229348705384,42,0.525,1042,51335311,0.0035034128125861486,NaN
38161,0.05753606145456911,0.012783221216900327,0.010293796743242946,42,0.525,1042,51345731,0.0035034128125861486,NaN
38171,0.05741352081469875,0.012755627510915357,0.010292372817674969,42,0.525,1042,51356151,0.0035034128125861486,NaN
38181,0.057295129048259404,0.012729703518343143,0.010290958419920521,42,0.525,1042,51366571,0.0035034128125861486,NaN
38191,0.05717652944986832,0.012703020147774812,0.010289551308435766,42,0.525,1042,51376991,0.0035034128125861486,NaN
38201,0.05705632856303111,0.012676699488756686,0.010288154644135041,42,0.525,1042,51387411,0.0035034128125861486,NaN
38211,0.05693910773171774,0.012650646126528524,0.010286766145928588,42,0.525,1042,51397831,0.0035034128125861486,NaN
38221,0.05682240246566506,0.012624786888413585,0.010285385266890377,42,0.525,1042,51408251,0.0035034128125861486,NaN
38231,0.05670860853837932,0.0125993957907058,0.010284012037640565,42,0.525,1042,51418671,0.0035034128125861486,NaN
38241,0.05659330608545454,0.012573710308722135,0.010282648083948683,42,0.525,1042,51429091,0.0035034128125861486,NaN
38251,0.05647982025515817,0.0125485656210926,0.010281292533306124,42,0.525,1042,51439511,0.0035034128125861486,NaN
38261,0.05636703291999179,0.012523352489983824,0.010279944529541552,42,0.525,1042,51449931,0.0035034128125861486,NaN
38271,0.05625285628833355,0.01249819858503266,0.01027860599972895,42,0.525,1042,51460351,0.0035034128125861486,NaN
38281,0.0561402079222691,0.012472893620317397,0.010277273525033215,42,0.525,1042,51470771,0.0035034128125861486,NaN
38291,0.05603129188115537,0.01244881081452825,0.010275950079870127,42,0.525,1042,51481191,0.0035034128125861486,NaN
38301,0.05591842802849673,0.012423991704827116,0.010274633969634895,42,0.525,1042,51491611,0.0035034128125861486,NaN
38311,0.055808418948516035,0.012399502949252073,0.010273326066361457,42,0.525,1042,51502031,0.0035034128125861486,NaN
38321,0.05569941051586608,0.01237519970389977,0.010272024943226423,42,0.525,1042,51512451,0.0035034128125861486,NaN
38331,0.0555918079205682,0.012351386089832795,0.0102707316411175,42,0.525,1042,51522871,0.0035034128125861486,NaN
38341,0.055484884973655405,0.012327500926484564,0.010269444360819844,42,0.525,1042,51533291,0.0035034128125861486,NaN
38351,0.05537607414424291,0.012303436541488633,0.010268165613596527,42,0.525,1042,51543711,0.0035034128125861486,NaN
38361,0.055272064534729895,0.012280473690715747,0.0102668929334459,42,0.525,1042,51554131,0.0035034128125861486,NaN
38371,0.05516334882034064,0.012255992659608075,0.010265629009661749,42,0.525,1042,51564551,0.0035034128125861486,NaN
38381,0.05505723655129282,0.01223266136098556,0.010264372463414728,42,0.525,1042,51574971,0.0035034128125861486,NaN
38391,0.05494997653132402,0.012208705127724274,0.010263121554155551,42,0.525,1042,51585391,0.0035034128125861486,NaN
38401,0.054843879000693777,0.012185355812140121,0.010261879656492882,42,0.525,1042,51595811,0.0035034128125861486,NaN
38411,0.05474207659772566,0.012162524169163474,0.010260643485107213,42,0.525,1042,51606231,0.0035034128125861486,NaN
38421,0.05463843716029964,0.012139559849412439,0.010259414800981005,42,0.525,1042,51616651,0.0035034128125861486,NaN
38431,0.05453591218485339,0.012116789880807813,0.010258192448726031,42,0.525,1042,51627071,0.0035034128125861486,NaN
38441,0.05443550542032848,0.012094655596533785,0.010256976424896444,42,0.525,1042,51637491,0.0035034128125861486,NaN
38451,0.05433484826107689,0.012072290763518274,0.010255766906008898,42,0.525,1042,51647911,0.0035034128125861486,NaN
38461,0.05423534344943798,0.012049966881388137,0.01025456586723718,42,0.525,1042,51658331,0.0035034128125861486,NaN
38471,0.05413370247823489,0.012027307919765076,0.010253371362983836,42,0.525,1042,51668751,0.0035034128125861486,NaN
38481,0.05403260798123447,0.012005162382897465,0.010252183098343616,42,0.525,1042,51679171,0.0035034128125861486,NaN
38491,0.053935252802020314,0.011983421062909769,0.010251001418910263,42,0.525,1042,51689591,0.0035034128125861486,NaN
38501,0.053835483183434306,0.011961296129675957,0.010249825305186961,42,0.525,1042,51700011,0.0035034128125861486,NaN
38511,0.0537396305505062,0.01193995711788162,0.010248655927827702,42,0.525,1042,51710431,0.0035034128125861486,NaN
38521,0.053642954023973954,0.011918369109426716,0.010247493081598042,42,0.525,1042,51720851,0.0035034128125861486,NaN
38531,0.05354375857234165,0.0118962560053399,0.01024633519286994,42,0.525,1042,51731271,0.0035034128125861486,NaN
38541,0.05344612571633825,0.011874729240773072,0.010245184818115033,42,0.525,1042,51741691,0.0035034128125861486,NaN
38551,0.05335139552847908,0.011853608244991338,0.010244039622373018,42,0.525,1042,51752111,0.0035034128125861486,NaN
38561,0.05325421517917107,0.011832236666308822,0.010242900435775477,42,0.525,1042,51762531,0.0035034128125861486,NaN
38571,0.053161146449307285,0.011811436255605611,0.010241769413210621,42,0.525,1042,51772951,0.0035034128125861486,NaN
38581,0.05306730954315233,0.011790707901732379,0.010240642263195234,42,0.525,1043,51783379,0.0035034128125861486,NaN
38591,0.052973116752723454,0.011769659243865006,0.010239519602678751,42,0.525,1043,51793809,0.0035034128125861486,NaN
38601,0.052880404521212905,0.011749068068794057,0.010238400984450459,42,0.525,1043,51804239,0.0035034128125861486,NaN
38611,0.05278697907097014,0.011728136446115051,0.010237290829824617,42,0.525,1043,51814669,0.0035034128125861486,NaN
38621,0.052691650890998296,0.0117071619269496,0.010236185807688716,42,0.525,1043,51825099,0.0035034128125861486,NaN
38631,0.05260090381541039,0.011686960034996597,0.010235087134142267,42,0.525,1043,51835529,0.0035034128125861486,NaN
38641,0.05250976021882038,0.011666717251738516,0.010233993233976942,42,0.525,1043,51845959,0.0035034128125861486,NaN
38651,0.05241829956276286,0.011646752513406647,0.010232904576224817,42,0.525,1043,51856389,0.0035034128125861486,NaN
38661,0.05232673846653327,0.011626191661137273,0.010231822222482312,42,0.525,1043,51866819,0.0035034128125861486,NaN
38671,0.05223756578339,0.01160652377456698,0.010230745376762797,42,0.525,1043,51877249,0.0035034128125861486,NaN
38681,0.05214741840624254,0.011586355889105492,0.010229673699578928,42,0.525,1043,51887679,0.0035034128125861486,NaN
38691,0.05205887518911924,0.011566621613164641,0.010228607448551206,42,0.525,1043,51898109,0.0035034128125861486,NaN
38701,0.05197320489488203,0.011547782572929578,0.010227545970798413,42,0.525,1043,51908539,0.0035034128125861486,NaN
38711,0.051884791365763856,0.011527987047248339,0.010226490653509598,42,0.525,1043,51918969,0.0035034128125861486,NaN
38721,0.05179700773018068,0.01150872122979838,0.010225441796035104,42,0.525,1043,51929399,0.0035034128125861486,NaN
38731,0.051712990656271655,0.01148988110061982,0.010224396005271665,42,0.525,1043,51939829,0.0035034128125861486,NaN
38741,0.05162719602752978,0.011470707056713455,0.01022335608318666,42,0.525,1043,51950259,0.0035034128125861486,NaN
38751,0.05154263299202737,0.01145197683111514,0.010222320631276021,42,0.525,1043,51960689,0.0035034128125861486,NaN
38761,0.05145576169373364,0.011432828456896998,0.010221291508631075,42,0.525,1043,51971119,0.0035034128125861486,NaN
38771,0.051369962496963316,0.011413611026258916,0.010220266726280024,42,0.525,1043,51981549,0.0035034128125861486,NaN
38781,0.05128460262852801,0.011394695501166431,0.010219247698385375,42,0.525,1043,51991979,0.0035034128125861486,NaN
38791,0.051198251461991674,0.011375638547014863,0.01021823302333122,42,0.525,1043,52002409,0.0035034128125861486,NaN
38801,0.051113540427009864,0.01135665080075252,0.010217222341928688,42,0.525,1043,52012839,0.0035034128125861486,NaN
38811,0.05102974129627599,0.011338102588360856,0.010216217711818434,42,0.525,1043,52023269,0.0035034128125861486,NaN
38821,0.05094978183063809,0.011320371067543,0.01021521799742893,42,0.525,1043,52033699,0.0035034128125861486,NaN
38831,0.05086791835698615,0.011302018649162577,0.010214222740680155,42,0.525,1043,52044129,0.0035034128125861486,NaN
38841,0.05078452949983746,0.011283743553301827,0.010213231046697214,42,0.525,1043,52054559,0.0035034128125861486,NaN
38851,0.050702661853479374,0.011265307575341046,0.01021224537018848,42,0.525,1043,52064989,0.0035034128125861486,NaN
38861,0.05062126214585705,0.011247388353508412,0.010211264463860567,42,0.525,1043,52075419,0.0035034128125861486,NaN
38871,0.05054035726039721,0.011229307507710048,0.01021028837841515,42,0.525,1043,52085849,0.0035034128125861486,NaN
38881,0.050459105322043854,0.011211384796178836,0.010209315985019726,42,0.525,1043,52096279,0.0035034128125861486,NaN
38891,0.05037893334134097,0.011193604764772628,0.010208348622322332,42,0.525,1043,52106709,0.0035034128125861486,NaN
38901,0.05030053433843205,0.01117604091702875,0.010207386169409801,42,0.525,1043,52117139,0.0035034128125861486,NaN
38911,0.05022278510511117,0.011158955409809847,0.010206426923435798,42,0.525,1043,52127569,0.0035034128125861486,NaN
38921,0.0501430631033537,0.011141234021070128,0.010205473614399144,42,0.525,1043,52137999,0.0035034128125861486,NaN
38931,0.050064789024585735,0.011123733511089811,0.010204524428522401,42,0.525,1043,52148429,0.0035034128125861486,NaN
