episode,deltaT,maxRadius,avgRadius,numUnknownSlots,propUnknown,numSamples,totalNumSamples,modelErrL1,trueValueGap
1,9.0,2.0,1.9151902731070314,144,1.0,632,632,0.8999999999999999,NaN
11,9.0,2.0,1.8642941782648788,144,1.0,1235,11249,0.8999999999999999,NaN
21,9.0,2.0,1.8589317694428331,144,1.0,1415,24682,0.8999999999999999,NaN
31,9.0,2.0,1.8565679743001344,144,1.0,1525,39472,0.8999999999999999,NaN
41,9.0,2.0,1.8551784359016235,144,1.0,1605,55179,0.8999999999999999,NaN
51,9.0,2.0,1.854242730350589,144,1.0,1667,71579,0.8999999999999999,NaN
61,9.0,2.0,1.853560337589435,144,1.0,1718,88536,0.8999999999999999,NaN
71,9.0,2.0,1.8530355463497743,144,1.0,1761,105959,0.8999999999999999,NaN
81,9.0,2.0,1.8526164251885662,144,1.0,1799,123784,0.8999999999999999,NaN
91,9.0,2.0,1.8522721677385516,144,1.0,1832,141961,0.8999999999999999,NaN
101,9.0,2.0,1.8519830800918813,144,1.0,1862,160454,0.8999999999999999,NaN
111,9.0,2.0,1.8517360818981434,144,1.0,1889,179227,0.8999999999999999,NaN
121,9.0,2.0,1.8515219823468927,144,1.0,1914,198257,0.8999999999999999,NaN
131,9.0,2.0,1.8513341480607055,144,1.0,1937,217524,0.8999999999999999,NaN
141,9.0,2.0,1.8511676894587543,144,1.0,1958,237010,0.8999999999999999,NaN
151,9.0,2.0,1.8510188825693834,144,1.0,1978,256700,0.8999999999999999,NaN
161,9.0,2.0,1.8508848746310835,144,1.0,1996,276578,0.8999999999999999,NaN
171,9.0,2.0,1.8507633856442653,144,1.0,2013,296635,0.8999999999999999,NaN
181,9.0,2.0,1.850652609540975,144,1.0,2030,316859,0.8999999999999999,NaN
191,9.0,2.0,1.850551085002562,144,1.0,2045,337241,0.8999999999999999,NaN
201,9.0,2.0,1.8504575981709006,144,1.0,2060,357774,0.8999999999999999,NaN
211,9.0,2.0,1.850371167063974,144,1.0,2074,378449,0.8999999999999999,NaN
221,9.0,2.0,1.850290955714245,144,1.0,2087,399259,0.8999999999999999,NaN
231,9.0,2.0,1.85021625839838,144,1.0,2100,420199,0.8999999999999999,NaN
241,9.0,2.0,1.850146481116037,144,1.0,2112,441264,0.8999999999999999,NaN
251,9.0,2.0,1.8500811164342668,144,1.0,2124,462447,0.8999999999999999,NaN
261,9.0,2.0,1.8500197161711043,144,1.0,2135,483746,0.8999999999999999,NaN
271,9.0,2.0,1.8499619100814257,144,1.0,2146,505154,0.8999999999999999,NaN
281,9.0,2.0,1.8499073587362227,144,1.0,2156,526669,0.8999999999999999,NaN
291,9.0,2.0,1.8498557800590514,144,1.0,2166,548284,0.8999999999999999,NaN
301,9.0,2.0,1.8498069091961336,144,1.0,2176,569999,0.8999999999999999,NaN
311,9.0,2.0,1.8497605246844324,144,1.0,2185,591809,0.8999999999999999,NaN
321,9.0,2.0,1.849716420874878,144,1.0,2194,613712,0.8999999999999999,NaN
331,9.0,2.0,1.8496744244624073,144,1.0,2203,635704,0.8999999999999999,NaN
341,9.0,2.0,1.8496343717958459,144,1.0,2212,657783,0.8999999999999999,NaN
351,9.0,2.0,1.8495961219880064,144,1.0,2220,679946,0.8999999999999999,NaN
361,9.0,2.0,1.8495595433582974,144,1.0,2228,702190,0.8999999999999999,NaN
371,9.0,2.0,1.8495245184840772,144,1.0,2236,724514,0.8999999999999999,NaN
381,9.0,2.0,1.8494909421820802,144,1.0,2244,746916,0.8999999999999999,NaN
391,9.0,2.0,1.8494587216180933,144,1.0,2251,769393,0.8999999999999999,NaN
401,9.0,2.0,1.8494277672201502,144,1.0,2258,791944,0.8999999999999999,NaN
411,9.0,2.0,1.8493979992474243,144,1.0,2265,814566,0.8999999999999999,NaN
421,9.0,2.0,1.8493693431774938,144,1.0,2272,837258,0.8999999999999999,NaN
431,9.0,2.0,1.8493417344078782,144,1.0,2279,860018,0.8999999999999999,NaN
441,9.0,2.0,1.8493151107022783,144,1.0,2286,882845,0.8999999999999999,NaN
451,9.0,2.0,1.84928941527702,144,1.0,2292,905737,0.8999999999999999,NaN
461,9.0,2.0,1.849264597333358,144,1.0,2298,928693,0.8999999999999999,NaN
471,9.0,2.0,1.8492406067848322,144,1.0,2305,951712,0.8999999999999999,NaN
481,9.0,2.0,1.8492174025871293,144,1.0,2311,974791,0.8999999999999999,NaN
491,9.0,2.0,1.8491949410685669,144,1.0,2317,997930,0.8999999999999999,NaN
501,9.0,2.0,1.7179849531663742,143,0.9930555555555556,2306,1021079,0.8999999999999999,NaN
511,9.0,2.0,1.7070779168796835,143,0.9930555555555556,2312,1044173,0.8999999999999999,NaN
521,9.0,2.0,1.7045139962399833,143,0.9930555555555556,2317,1067322,0.8999999999999999,NaN
531,9.0,2.0,1.7032180993702388,143,0.9930555555555556,2323,1090527,0.8999999999999999,NaN
541,9.0,2.0,1.7023997388028527,143,0.9930555555555556,2328,1113785,0.8999999999999999,NaN
551,9.0,2.0,1.7018226759548105,143,0.9930555555555556,2333,1137095,0.8999999999999999,NaN
561,9.0,2.0,1.7013871928447928,143,0.9930555555555556,2339,1160458,0.8999999999999999,NaN
571,9.0,2.0,1.7010431412277938,143,0.9930555555555556,2344,1183873,0.8999999999999999,NaN
581,9.0,2.0,1.7007626129724769,143,0.9930555555555556,2349,1207338,0.8999999999999999,NaN
591,9.0,2.0,1.7005279345391573,143,0.9930555555555556,2353,1230851,0.8999999999999999,NaN
601,9.0,2.0,1.7003278681723397,143,0.9930555555555556,2358,1254411,0.8999999999999999,NaN
611,9.0,2.0,1.700154561161853,143,0.9930555555555556,2363,1278020,0.8999999999999999,NaN
621,9.0,2.0,1.7000024745336573,143,0.9930555555555556,2368,1301675,0.8999999999999999,NaN
631,9.0,2.0,1.69986767597919,143,0.9930555555555556,2372,1325376,0.8999999999999999,NaN
641,9.0,2.0,1.6997470116912523,143,0.9930555555555556,2377,1349123,0.8999999999999999,NaN
651,9.0,2.0,1.6996381873387405,143,0.9930555555555556,2381,1372914,0.8999999999999999,NaN
661,9.0,2.0,1.6995393837708832,143,0.9930555555555556,2385,1396749,0.8999999999999999,NaN
671,9.0,2.0,1.6994491694359277,143,0.9930555555555556,2390,1420627,0.8999999999999999,NaN
681,9.0,2.0,1.699366290263565,143,0.9930555555555556,2394,1444548,0.8999999999999999,NaN
691,9.0,2.0,1.6992898702965553,143,0.9930555555555556,2398,1468510,0.8999999999999999,NaN
701,9.0,2.0,1.6992190735079225,143,0.9930555555555556,2402,1492514,0.8999999999999999,NaN
711,9.0,2.0,1.699153239598413,143,0.9930555555555556,2406,1516558,0.8999999999999999,NaN
721,9.0,2.0,1.6990918334037248,143,0.9930555555555556,2410,1540642,0.8999999999999999,NaN
731,9.0,2.0,1.6990343222911657,143,0.9930555555555556,2414,1564766,0.8999999999999999,NaN
741,9.0,2.0,1.6989803586108796,143,0.9930555555555556,2418,1588930,0.8999999999999999,NaN
751,9.0,2.0,1.6989295840636165,143,0.9930555555555556,2422,1613132,0.8999999999999999,NaN
761,9.0,2.0,1.698881669790756,143,0.9930555555555556,2426,1637372,0.8999999999999999,NaN
771,9.0,2.0,1.6988363632455536,143,0.9930555555555556,2429,1661649,0.8999999999999999,NaN
781,9.0,2.0,1.6987934515531924,143,0.9930555555555556,2433,1685964,0.8999999999999999,NaN
791,9.0,2.0,1.6987527315239568,143,0.9930555555555556,2437,1710315,0.8999999999999999,NaN
801,9.0,2.0,1.6987140156454474,143,0.9930555555555556,2440,1734702,0.8999999999999999,NaN
811,9.0,2.0,1.69867712416969,143,0.9930555555555556,2444,1759125,0.8999999999999999,NaN
821,9.0,2.0,1.6986419440484648,143,0.9930555555555556,2447,1783583,0.8999999999999999,NaN
831,9.0,2.0,1.6986083208067055,143,0.9930555555555556,2451,1808076,0.8999999999999999,NaN
841,9.0,2.0,1.6985761662507004,143,0.9930555555555556,2454,1832604,0.8999999999999999,NaN
851,9.0,2.0,1.6985453571707483,143,0.9930555555555556,2458,1857166,0.8999999999999999,NaN
861,9.0,2.0,1.6985158133846248,143,0.9930555555555556,2461,1881761,0.8999999999999999,NaN
871,9.0,2.0,1.6984874487071056,143,0.9930555555555556,2464,1906389,0.8999999999999999,NaN
881,9.0,2.0,1.698460186129382,143,0.9930555555555556,2468,1931051,0.8999999999999999,NaN
891,9.0,2.0,1.6984339595723545,143,0.9930555555555556,2471,1955744,0.8999999999999999,NaN
901,9.0,2.0,1.6984086958182734,143,0.9930555555555556,2474,1980469,0.8999999999999999,NaN
911,9.0,2.0,1.6983843499401354,143,0.9930555555555556,2477,2005226,0.8999999999999999,NaN
921,9.0,2.0,1.5828863857698172,142,0.9861111111111112,2463,2029997,0.8999999999999999,NaN
931,9.0,2.0,1.5573718352526218,142,0.9861111111111112,2466,2054643,0.8999999999999999,NaN
941,9.0,2.0,1.554215802886031,142,0.9861111111111112,2469,2079319,0.8999999999999999,NaN
951,9.0,2.0,1.5527344186863712,142,0.9861111111111112,2472,2104026,0.8999999999999999,NaN
961,9.0,2.0,1.5518323434927435,142,0.9861111111111112,2475,2128762,0.8999999999999999,NaN
971,9.0,2.0,1.5512049627394866,142,0.9861111111111112,2478,2153528,0.8999999999999999,NaN
981,9.0,2.0,1.5507398525412865,142,0.9861111111111112,2481,2178323,0.8999999999999999,NaN
991,9.0,2.0,1.5503747792989855,142,0.9861111111111112,2484,2203147,0.8999999999999999,NaN
1001,9.0,2.0,1.550079732688352,142,0.9861111111111112,2487,2228000,0.8999999999999999,NaN
1011,9.0,2.0,1.5498329848986045,142,0.9861111111111112,2489,2252881,0.8999999999999999,NaN
1021,9.0,2.0,1.549623480529227,142,0.9861111111111112,2492,2277790,0.8999999999999999,NaN
1031,9.0,2.0,1.5494423471776722,142,0.9861111111111112,2495,2302727,0.8999999999999999,NaN
1041,9.0,2.0,1.5492845434657811,142,0.9861111111111112,2498,2327691,0.8999999999999999,NaN
1051,9.0,2.0,1.5491442321526563,142,0.9861111111111112,2500,2352682,0.8999999999999999,NaN
1061,9.0,2.0,1.5490192057400731,142,0.9861111111111112,2503,2377701,0.8999999999999999,NaN
1071,9.0,2.0,1.5489068792951992,142,0.9861111111111112,2506,2402746,0.8999999999999999,NaN
1081,9.0,2.0,1.548804825215649,142,0.9861111111111112,2508,2427818,0.8999999999999999,NaN
1091,9.0,2.0,1.548711822809488,142,0.9861111111111112,2511,2452916,0.8999999999999999,NaN
1101,9.0,2.0,1.5486265266865988,142,0.9861111111111112,2514,2478041,0.8999999999999999,NaN
1111,9.0,2.0,1.5485480556946831,142,0.9861111111111112,2516,2503191,0.8999999999999999,NaN
1121,9.0,2.0,1.5484755985227767,142,0.9861111111111112,2519,2528366,0.8999999999999999,NaN
1131,9.0,2.0,1.548407893197046,142,0.9861111111111112,2521,2553566,0.8999999999999999,NaN
1141,9.0,2.0,1.5483447550226215,142,0.9861111111111112,2524,2578791,0.8999999999999999,NaN
1151,9.0,2.0,1.548285788993059,142,0.9861111111111112,2526,2604041,0.8999999999999999,NaN
1161,9.0,2.0,1.5482305399724579,142,0.9861111111111112,2529,2629316,0.8999999999999999,NaN
1171,9.0,2.0,1.5481785363225657,142,0.9861111111111112,2531,2654616,0.8999999999999999,NaN
1181,9.0,2.0,1.5481294224144568,142,0.9861111111111112,2533,2679940,0.8999999999999999,NaN
1191,9.0,2.0,1.548083083978313,142,0.9861111111111112,2536,2705288,0.8999999999999999,NaN
1201,9.0,2.0,1.5480392636489944,142,0.9861111111111112,2538,2730660,0.8999999999999999,NaN
1211,9.0,2.0,1.5479975916136353,142,0.9861111111111112,2541,2756055,0.8999999999999999,NaN
1221,9.0,2.0,1.5479580630377319,142,0.9861111111111112,2543,2781474,0.8999999999999999,NaN
1231,9.0,2.0,1.5479203626908933,142,0.9861111111111112,2545,2806916,0.8999999999999999,NaN
1241,9.0,2.0,1.5478843594519278,142,0.9861111111111112,2548,2832381,0.8999999999999999,NaN
1251,9.0,2.0,1.5478500979201408,142,0.9861111111111112,2550,2857869,0.8999999999999999,NaN
1261,9.0,2.0,1.5478173324924662,142,0.9861111111111112,2552,2883380,0.8999999999999999,NaN
1271,9.0,2.0,1.5477859059108965,142,0.9861111111111112,2554,2908913,0.8999999999999999,NaN
1281,9.0,2.0,1.5477557329166025,142,0.9861111111111112,2557,2934469,0.8999999999999999,NaN
1291,9.0,2.0,1.5477267809792667,142,0.9861111111111112,2559,2960047,0.8999999999999999,NaN
1301,9.0,2.0,1.5476989630981075,142,0.9861111111111112,2561,2985647,0.8999999999999999,NaN
1311,9.0,2.0,1.5476722218085104,142,0.9861111111111112,2563,3011268,0.8999999999999999,NaN
1321,9.0,2.0,1.5476464220236177,142,0.9861111111111112,2565,3036911,0.8999999999999999,NaN
1331,9.0,2.0,1.4076988601746858,141,0.9791666666666666,2549,3062432,0.8999999999999999,NaN
1341,9.0,2.0,1.403556989857332,141,0.9791666666666666,2551,3087937,0.8999999999999999,NaN
1351,9.0,2.0,1.4018917785364517,141,0.9791666666666666,2554,3113464,0.8999999999999999,NaN
1361,9.0,2.0,1.400930417664417,141,0.9791666666666666,2556,3139011,0.8999999999999999,NaN
1371,9.0,2.0,1.400284257526354,141,0.9791666666666666,2558,3164578,0.8999999999999999,NaN
1381,9.0,2.0,1.3998113462472133,141,0.9791666666666666,2560,3190167,0.8999999999999999,NaN
1391,9.0,2.0,1.3994456499063423,141,0.9791666666666666,2562,3215776,0.8999999999999999,NaN
1401,9.0,2.0,1.3991518735577644,141,0.9791666666666666,2564,3241405,0.8999999999999999,NaN
1411,9.0,2.0,1.3989090584522355,141,0.9791666666666666,2566,3267054,0.8999999999999999,NaN
1421,9.0,2.0,1.398703925884879,141,0.9791666666666666,2568,3292723,0.8999999999999999,NaN
1431,9.0,2.0,1.3985276056119897,141,0.9791666666666666,2570,3318412,0.8999999999999999,NaN
1441,9.0,2.0,1.3983738951467393,141,0.9791666666666666,2572,3344121,0.8999999999999999,NaN
1451,9.0,2.0,1.3982383176617263,141,0.9791666666666666,2574,3369849,0.8999999999999999,NaN
1461,9.0,2.0,1.3981175617306734,141,0.9791666666666666,2576,3395596,0.8999999999999999,NaN
1471,9.0,2.0,1.39800907422127,141,0.9791666666666666,2578,3421363,0.8999999999999999,NaN
1481,9.0,2.0,1.3979109191043708,141,0.9791666666666666,2579,3447149,0.8999999999999999,NaN
1491,9.0,2.0,1.397821532924394,141,0.9791666666666666,2581,3472954,0.8999999999999999,NaN
1501,9.0,2.0,1.3977396917854863,141,0.9791666666666666,2583,3498778,0.8999999999999999,NaN
1511,9.0,2.0,1.3976643705723626,141,0.9791666666666666,2585,3524621,0.8999999999999999,NaN
1521,9.0,2.0,1.3975947551941212,141,0.9791666666666666,2587,3550482,0.8999999999999999,NaN
1531,9.0,2.0,1.3975301406872078,141,0.9791666666666666,2589,3576362,0.8999999999999999,NaN
1541,9.0,2.0,1.3974699641733104,141,0.9791666666666666,2591,3602260,0.8999999999999999,NaN
1551,9.0,2.0,1.3974137367750046,141,0.9791666666666666,2592,3628176,0.8999999999999999,NaN
1561,9.0,2.0,1.39736103539056,141,0.9791666666666666,2594,3654111,0.8999999999999999,NaN
1571,9.0,2.0,1.3973115081893335,141,0.9791666666666666,2596,3680064,0.8999999999999999,NaN
1581,9.0,2.0,1.397264847395136,141,0.9791666666666666,2598,3706035,0.8999999999999999,NaN
1591,9.0,2.0,1.397220784894272,141,0.9791666666666666,2600,3732023,0.8999999999999999,NaN
1601,9.0,2.0,1.3971790857830206,141,0.9791666666666666,2601,3758029,0.8999999999999999,NaN
1611,9.0,2.0,1.397139545594535,141,0.9791666666666666,2603,3784053,0.8999999999999999,NaN
1621,9.0,2.0,1.3971019816724517,141,0.9791666666666666,2605,3810095,0.8999999999999999,NaN
1631,9.0,2.0,1.3970662381654781,141,0.9791666666666666,2607,3836153,0.8999999999999999,NaN
1641,9.0,2.0,1.3970321665820349,141,0.9791666666666666,2608,3862229,0.8999999999999999,NaN
1651,9.0,2.0,1.396999642606418,141,0.9791666666666666,2610,3888323,0.8999999999999999,NaN
1661,9.0,2.0,1.3969685527144389,141,0.9791666666666666,2612,3914433,0.8999999999999999,NaN
1671,9.0,2.0,1.3969387932774853,141,0.9791666666666666,2613,3940559,0.8999999999999999,NaN
1681,9.0,2.0,1.3969102680635432,141,0.9791666666666666,2615,3966703,0.8999999999999999,NaN
1691,9.0,2.0,1.3968828951471723,141,0.9791666666666666,2617,3992865,0.8999999999999999,NaN
1701,9.0,2.0,1.3968566004883645,141,0.9791666666666666,2619,4019043,0.8999999999999999,NaN
1711,9.0,2.0,1.3968313136729102,141,0.9791666666666666,2620,4045237,0.8999999999999999,NaN
1721,9.0,2.0,1.2850344590162708,140,0.9722222222222222,2603,4071336,0.8999999999999999,NaN
1731,9.0,2.0,1.2800695294820739,140,0.9722222222222222,2605,4097378,0.8999999999999999,NaN
1741,9.0,2.0,1.2783488561128704,140,0.9722222222222222,2606,4123434,0.8999999999999999,NaN
1751,9.0,2.0,1.2774005126762817,140,0.9722222222222222,2608,4149508,0.8999999999999999,NaN
1761,9.0,2.0,1.2767764385754727,140,0.9722222222222222,2610,4175597,0.8999999999999999,NaN
1771,9.0,2.0,1.2763255032332401,140,0.9722222222222222,2611,4201702,0.8999999999999999,NaN
1781,9.0,2.0,1.2759796660571425,140,0.9722222222222222,2613,4227823,0.8999999999999999,NaN
1791,9.0,2.0,1.2757034387351003,140,0.9722222222222222,2614,4253959,0.8999999999999999,NaN
1801,9.0,2.0,1.275476064220586,140,0.9722222222222222,2616,4280112,0.8999999999999999,NaN
1811,9.0,2.0,1.2752845136763948,140,0.9722222222222222,2617,4306279,0.8999999999999999,NaN
1821,9.0,2.0,1.275120195900483,140,0.9722222222222222,2619,4332463,0.8999999999999999,NaN
1831,9.0,2.0,1.2749771425951084,140,0.9722222222222222,2621,4358661,0.8999999999999999,NaN
1841,9.0,2.0,1.274851105176236,140,0.9722222222222222,2622,4384875,0.8999999999999999,NaN
1851,9.0,2.0,1.2747388784691263,140,0.9722222222222222,2624,4411104,0.8999999999999999,NaN
1861,9.0,2.0,1.2746381076677458,140,0.9722222222222222,2625,4437348,0.8999999999999999,NaN
1871,9.0,2.0,1.2745469357127748,140,0.9722222222222222,2627,4463607,0.8999999999999999,NaN
1881,9.0,2.0,1.274464001587263,140,0.9722222222222222,2628,4489881,0.8999999999999999,NaN
1891,9.0,2.0,1.2743880300917416,140,0.9722222222222222,2630,4516170,0.8999999999999999,NaN
1901,9.0,2.0,1.2743180820114017,140,0.9722222222222222,2631,4542474,0.8999999999999999,NaN
1911,9.0,2.0,1.2742534293019119,140,0.9722222222222222,2633,4568792,0.8999999999999999,NaN
1921,9.0,2.0,1.2741934187746111,140,0.9722222222222222,2634,4595126,0.8999999999999999,NaN
1931,9.0,2.0,1.2741374969542667,140,0.9722222222222222,2635,4621473,0.8999999999999999,NaN
1941,9.0,2.0,1.2740852285543078,140,0.9722222222222222,2637,4647836,0.8999999999999999,NaN
1951,9.0,2.0,1.2740362429603254,140,0.9722222222222222,2638,4674212,0.8999999999999999,NaN
1961,9.0,2.0,1.2739901905608286,140,0.9722222222222222,2640,4700603,0.8999999999999999,NaN
1971,9.0,2.0,1.273946773318344,140,0.9722222222222222,2641,4727008,0.8999999999999999,NaN
1981,9.0,2.0,1.273905759874356,140,0.9722222222222222,2643,4753427,0.8999999999999999,NaN
1991,9.0,2.0,1.273866940611798,140,0.9722222222222222,2644,4779861,0.8999999999999999,NaN
2001,9.0,2.0,1.273830103116421,140,0.9722222222222222,2645,4806308,0.8999999999999999,NaN
2011,9.0,2.0,1.273795097709192,140,0.9722222222222222,2647,4832771,0.8999999999999999,NaN
2021,9.0,2.0,1.2737617665860144,140,0.9722222222222222,2648,4859246,0.8999999999999999,NaN
2031,9.0,2.0,1.2737299748729884,140,0.9722222222222222,2650,4885735,0.8999999999999999,NaN
2041,9.0,2.0,1.273699615425839,140,0.9722222222222222,2651,4912239,0.8999999999999999,NaN
2051,9.0,2.0,1.2736705660510073,140,0.9722222222222222,2652,4938755,0.8999999999999999,NaN
2061,9.0,2.0,1.273642763180708,140,0.9722222222222222,2654,4965286,0.8999999999999999,NaN
2071,9.0,2.0,1.2736160956153233,140,0.9722222222222222,2655,4991830,0.8999999999999999,NaN
2081,9.0,2.0,1.2735904952505708,140,0.9722222222222222,2656,5018387,0.8999999999999999,NaN
2091,9.0,2.0,1.2735658878088125,140,0.9722222222222222,2658,5044959,0.8999999999999999,NaN
2101,9.0,2.0,1.1915521327354563,139,0.9652777777777778,2640,5071525,0.8999999999999999,NaN
2111,9.0,2.0,1.1716373098610622,139,0.9652777777777778,2641,5097932,0.8999999999999999,NaN
2121,9.0,2.0,1.1691616233592799,139,0.9652777777777778,2643,5124354,0.8999999999999999,NaN
2131,9.0,2.0,1.1679955740943901,139,0.9652777777777778,2644,5150788,0.8999999999999999,NaN
2141,9.0,2.0,1.167279581239091,139,0.9652777777777778,2645,5177235,0.8999999999999999,NaN
2151,9.0,2.0,1.1667816521306786,139,0.9652777777777778,2647,5203695,0.8999999999999999,NaN
2161,9.0,2.0,1.166408773781611,139,0.9652777777777778,2648,5230169,0.8999999999999999,NaN
2171,9.0,2.0,1.166115644338841,139,0.9652777777777778,2649,5256655,0.8999999999999999,NaN
2181,9.0,2.0,1.1658770764149096,139,0.9652777777777778,2650,5283153,0.8999999999999999,NaN
2191,9.0,2.0,1.1656778731490651,139,0.9652777777777778,2652,5309665,0.8999999999999999,NaN
2201,9.0,2.0,1.1655081072859559,139,0.9652777777777778,2653,5336189,0.8999999999999999,NaN
2211,9.0,2.0,1.1653610743124085,139,0.9652777777777778,2654,5362725,0.8999999999999999,NaN
2221,9.0,2.0,1.1652321092681208,139,0.9652777777777778,2656,5389275,0.8999999999999999,NaN
2231,9.0,2.0,1.1651177019871912,139,0.9652777777777778,2657,5415838,0.8999999999999999,NaN
2241,9.0,2.0,1.1650152723792826,139,0.9652777777777778,2658,5442413,0.8999999999999999,NaN
2251,9.0,2.0,1.1649228441508426,139,0.9652777777777778,2659,5468999,0.8999999999999999,NaN
2261,9.0,2.0,1.1648388789891877,139,0.9652777777777778,2660,5495597,0.8999999999999999,NaN
2271,9.0,2.0,1.1647621071874996,139,0.9652777777777778,2662,5522209,0.8999999999999999,NaN
2281,9.0,2.0,1.1646915581212687,139,0.9652777777777778,2663,5548833,0.8999999999999999,NaN
2291,9.0,2.0,1.1646264221423255,139,0.9652777777777778,2664,5575469,0.8999999999999999,NaN
2301,9.0,2.0,1.1645660327931795,139,0.9652777777777778,2665,5602116,0.8999999999999999,NaN
2311,9.0,2.0,1.164509814771629,139,0.9652777777777778,2667,5628776,0.8999999999999999,NaN
2321,9.0,2.0,1.164457304634425,139,0.9652777777777778,2668,5655449,0.8999999999999999,NaN
2331,9.0,2.0,1.1644081389573007,139,0.9652777777777778,2669,5682133,0.8999999999999999,NaN
2341,9.0,2.0,1.1643619440639696,139,0.9652777777777778,2670,5708829,0.8999999999999999,NaN
2351,9.0,2.0,1.1643184285701809,139,0.9652777777777778,2671,5735536,0.8999999999999999,NaN
2361,9.0,2.0,1.1642773445977008,139,0.9652777777777778,2672,5762255,0.8999999999999999,NaN
2371,9.0,2.0,1.1642384647636606,139,0.9652777777777778,2674,5788987,0.8999999999999999,NaN
2381,9.0,2.0,1.1642016012840255,139,0.9652777777777778,2675,5815730,0.8999999999999999,NaN
2391,9.0,2.0,1.1641665771262735,139,0.9652777777777778,2676,5842485,0.8999999999999999,NaN
2401,9.0,2.0,1.1641332482784061,139,0.9652777777777778,2677,5869251,0.8999999999999999,NaN
2411,9.0,2.0,1.164101476957664,139,0.9652777777777778,2678,5896029,0.8999999999999999,NaN
2421,9.0,2.0,1.1640711355718691,139,0.9652777777777778,2679,5922818,0.8999999999999999,NaN
2431,9.0,2.0,1.1640421294081713,139,0.9652777777777778,2681,5949620,0.8999999999999999,NaN
2441,9.0,2.0,1.1640143608800586,139,0.9652777777777778,2682,5976433,0.8999999999999999,NaN
2451,9.0,2.0,1.1639877340566358,139,0.9652777777777778,2683,6003257,0.8999999999999999,NaN
2461,9.0,2.0,1.1639621854304163,139,0.9652777777777778,2684,6030092,0.8999999999999999,NaN
2471,9.0,2.0,1.163937634355233,139,0.9652777777777778,2685,6056938,0.8999999999999999,NaN
2481,9.0,2.0,1.0818083509622614,138,0.9583333333333334,2667,6083776,0.8999999999999999,NaN
2491,9.0,2.0,1.0619788092675513,138,0.9583333333333334,2668,6110452,0.8999999999999999,NaN
2501,9.0,2.0,1.0595254970898444,138,0.9583333333333334,2669,6137139,0.8999999999999999,NaN
2511,9.0,2.0,1.0583740219897746,138,0.9583333333333334,2670,6163836,0.8999999999999999,NaN
2521,9.0,2.0,1.0576694494650163,138,0.9583333333333334,2671,6190544,0.8999999999999999,NaN
2531,9.0,2.0,1.0571807748833022,138,0.9583333333333334,2672,6217263,0.8999999999999999,NaN
2541,9.0,2.0,1.0568157730398131,138,0.9583333333333334,2674,6243994,0.8999999999999999,NaN
2551,9.0,2.0,1.0565294783281656,138,0.9583333333333334,2675,6270736,0.8999999999999999,NaN
2561,9.0,2.0,1.0562969604554118,138,0.9583333333333334,2676,6297488,0.8999999999999999,NaN
2571,9.0,2.0,1.056103114758723,138,0.9583333333333334,2677,6324251,0.8999999999999999,NaN
2581,9.0,2.0,1.0559381718917416,138,0.9583333333333334,2678,6351025,0.8999999999999999,NaN
2591,9.0,2.0,1.0557955382351818,138,0.9583333333333334,2679,6377809,0.8999999999999999,NaN
2601,9.0,2.0,1.0556705418820815,138,0.9583333333333334,2680,6404604,0.8999999999999999,NaN
2611,9.0,2.0,1.0555597806772752,138,0.9583333333333334,2681,6431410,0.8999999999999999,NaN
2621,9.0,2.0,1.055460721489011,138,0.9583333333333334,2682,6458226,0.8999999999999999,NaN
2631,9.0,2.0,1.0553713941453031,138,0.9583333333333334,2683,6485053,0.8999999999999999,NaN
2641,9.0,2.0,1.055290293219863,138,0.9583333333333334,2684,6511890,0.8999999999999999,NaN
2651,9.0,2.0,1.0552162011606394,138,0.9583333333333334,2685,6538738,0.8999999999999999,NaN
2661,9.0,2.0,1.0551481549518478,138,0.9583333333333334,2686,6565596,0.8999999999999999,NaN
2671,9.0,2.0,1.0550853612342113,138,0.9583333333333334,2687,6592464,0.8999999999999999,NaN
2681,9.0,2.0,1.055027160991506,138,0.9583333333333334,2688,6619343,0.8999999999999999,NaN
2691,9.0,2.0,1.0549730135542132,138,0.9583333333333334,2689,6646232,0.8999999999999999,NaN
2701,9.0,2.0,1.0549224646338287,138,0.9583333333333334,2690,6673131,0.8999999999999999,NaN
2711,9.0,2.0,1.0548751247693837,138,0.9583333333333334,2691,6700040,0.8999999999999999,NaN
2721,9.0,2.0,1.0548306564924417,138,0.9583333333333334,2692,6726960,0.8999999999999999,NaN
2731,9.0,2.0,1.0547887806077356,138,0.9583333333333334,2693,6753890,0.8999999999999999,NaN
2741,9.0,2.0,1.0547492490294768,138,0.9583333333333334,2694,6780830,0.8999999999999999,NaN
2751,9.0,2.0,1.0547118486199196,138,0.9583333333333334,2695,6807780,0.8999999999999999,NaN
2761,9.0,2.0,1.0546763894248525,138,0.9583333333333334,2696,6834740,0.8999999999999999,NaN
2771,9.0,2.0,1.0546427038338833,138,0.9583333333333334,2697,6861710,0.8999999999999999,NaN
2781,9.0,2.0,1.0546106492116303,138,0.9583333333333334,2698,6888690,0.8999999999999999,NaN
2791,9.0,2.0,0.953578273317773,137,0.9513888888888888,2680,6915504,0.8999999999999999,NaN
2801,9.0,2.0,0.9505346302315968,137,0.9513888888888888,2681,6942308,0.8999999999999999,NaN
2811,9.0,2.0,0.9492367744192316,137,0.9513888888888888,2682,6969122,0.8999999999999999,NaN
2821,9.0,2.0,0.948471114786132,137,0.9513888888888888,2683,6995946,0.8999999999999999,NaN
2831,9.0,2.0,0.8485894122449221,136,0.9444444444444444,2664,7022643,0.8999999999999999,NaN
2841,9.0,2.0,0.8446308901507038,136,0.9444444444444444,2665,7049290,0.8999999999999999,NaN
2851,9.0,2.0,0.8431433025138922,136,0.9444444444444444,2666,7075947,0.8999999999999999,NaN
2861,9.0,2.0,0.8423025591317221,136,0.9444444444444444,2667,7102613,0.8999999999999999,NaN
2871,9.0,2.0,0.8417432660327124,136,0.9444444444444444,2668,7129289,0.8999999999999999,NaN
2881,9.0,2.0,0.8413362724007217,136,0.9444444444444444,2669,7155974,0.8999999999999999,NaN
2891,9.0,2.0,0.8410226820763103,136,0.9444444444444444,2670,7182669,0.8999999999999999,NaN
2901,9.0,2.0,0.840771286324551,136,0.9444444444444444,2671,7209373,0.8999999999999999,NaN
2911,9.0,2.0,0.8405637871790168,136,0.9444444444444444,2672,7236086,0.8999999999999999,NaN
2921,9.0,2.0,0.8403886205091374,136,0.9444444444444444,2673,7262809,0.8999999999999999,NaN
2931,9.0,2.0,0.8402381325063211,136,0.9444444444444444,2674,7289541,0.8999999999999999,NaN
2941,9.0,2.0,0.8401069587824925,136,0.9444444444444444,2675,7316282,0.8999999999999999,NaN
2951,9.0,2.0,0.8399912558996335,136,0.9444444444444444,2675,7343032,0.8999999999999999,NaN
2961,9.0,2.0,0.8398881624003285,136,0.9444444444444444,2676,7369792,0.8999999999999999,NaN
2971,9.0,2.0,0.8397955297167795,136,0.9444444444444444,2677,7396561,0.8999999999999999,NaN
2981,9.0,2.0,0.8397116705390764,136,0.9444444444444444,2678,7423340,0.8999999999999999,NaN
2991,9.0,2.0,0.8396352607858851,136,0.9444444444444444,2679,7450128,0.8999999999999999,NaN
3001,9.0,2.0,0.8395652560489727,136,0.9444444444444444,2680,7476925,0.8999999999999999,NaN
3011,9.0,2.0,0.839500792574237,136,0.9444444444444444,2681,7503731,0.8999999999999999,NaN
3021,9.0,2.0,0.8394411593794765,136,0.9444444444444444,2682,7530546,0.8999999999999999,NaN
3031,9.0,2.0,0.8393857768316101,136,0.9444444444444444,2683,7557369,0.8999999999999999,NaN
3041,9.0,2.0,0.8393341546072098,136,0.9444444444444444,2684,7584201,0.8999999999999999,NaN
3051,9.0,2.0,0.8392858899340947,136,0.9444444444444444,2685,7611042,0.8999999999999999,NaN
3061,9.0,2.0,0.8392406138492302,136,0.9444444444444444,2685,7637892,0.8999999999999999,NaN
3071,9.0,2.0,0.8391980291525253,136,0.9444444444444444,2686,7664752,0.8999999999999999,NaN
3081,9.0,2.0,0.8391578747067164,136,0.9444444444444444,2687,7691621,0.8999999999999999,NaN
3091,9.0,2.0,0.8391199265841206,136,0.9444444444444444,2688,7718498,0.8999999999999999,NaN
3101,9.0,2.0,0.8390839853245106,136,0.9444444444444444,2689,7745384,0.8999999999999999,NaN
3111,9.0,2.0,0.8390498795318906,136,0.9444444444444444,2690,7772278,0.8999999999999999,NaN
3121,9.0,2.0,0.839017453908457,136,0.9444444444444444,2691,7799181,0.8999999999999999,NaN
3131,9.0,2.0,0.8389865715698972,136,0.9444444444444444,2692,7826093,0.8999999999999999,NaN
3141,9.0,2.0,0.8389571088604968,136,0.9444444444444444,2692,7853013,0.8999999999999999,NaN
3151,9.0,2.0,0.8389289586002542,136,0.9444444444444444,2693,7879943,0.8999999999999999,NaN
3161,9.0,2.0,0.8389020289049091,136,0.9444444444444444,2694,7906881,0.8999999999999999,NaN
3171,9.0,2.0,0.8388762284612467,136,0.9444444444444444,2695,7933828,0.8999999999999999,NaN
3181,9.0,2.0,0.8388514803178628,136,0.9444444444444444,2696,7960783,0.8999999999999999,NaN
3191,9.0,2.0,0.8388277157871229,136,0.9444444444444444,2697,7987746,0.8999999999999999,NaN
3201,9.0,2.0,0.8388048719084764,136,0.9444444444444444,2698,8014718,0.8999999999999999,NaN
3211,9.0,2.0,0.7377749886726457,135,0.9375,2679,8041520,0.8999999999999999,NaN
3221,9.0,2.0,0.7347312188333589,135,0.9375,2679,8068310,0.8999999999999999,NaN
3231,9.0,2.0,0.7334333931884655,135,0.9375,2680,8095110,0.8999999999999999,NaN
3241,9.0,2.0,0.7326677471151242,135,0.9375,2681,8121918,0.8999999999999999,NaN
3251,9.0,2.0,0.7321471793545729,135,0.9375,2682,8148734,0.8999999999999999,NaN
3261,9.0,2.0,0.731763266581126,135,0.9375,2683,8175558,0.8999999999999999,NaN
3271,9.0,2.0,0.7314647669855793,135,0.9375,2684,8202390,0.8999999999999999,NaN
3281,9.0,2.0,0.7312238992192691,135,0.9375,2684,8229230,0.8999999999999999,NaN
3291,9.0,2.0,0.7310240520322141,135,0.9375,2685,8256080,0.8999999999999999,NaN
3301,9.0,2.0,0.7308547083189589,135,0.9375,2686,8282938,0.8999999999999999,NaN
3311,9.0,2.0,0.7307087394829089,135,0.9375,2687,8309803,0.8999999999999999,NaN
3321,9.0,2.0,0.7305811951916156,135,0.9375,2688,8336676,0.8999999999999999,NaN
3331,9.0,2.0,0.7304684352208255,135,0.9375,2689,8363557,0.8999999999999999,NaN
3341,9.0,2.0,0.7303677791311995,135,0.9375,2689,8390447,0.8999999999999999,NaN
3351,9.0,2.0,0.7302771792886129,135,0.9375,2690,8417345,0.8999999999999999,NaN
3361,9.0,2.0,0.730195041023328,135,0.9375,2691,8444251,0.8999999999999999,NaN
3371,9.0,2.0,0.7301201176514929,135,0.9375,2692,8471164,0.8999999999999999,NaN
3381,9.0,2.0,0.730051381183481,135,0.9375,2693,8498085,0.8999999999999999,NaN
3391,9.0,2.0,0.7299880330309139,135,0.9375,2693,8525015,0.8999999999999999,NaN
3401,9.0,2.0,0.7299293818673933,135,0.9375,2694,8551953,0.8999999999999999,NaN
3411,9.0,2.0,0.7298748655723657,135,0.9375,2695,8578899,0.8999999999999999,NaN
3421,9.0,2.0,0.7298240195915577,135,0.9375,2696,8605852,0.8999999999999999,NaN
3431,9.0,2.0,0.7297764327884964,135,0.9375,2697,8632813,0.8999999999999999,NaN
3441,9.0,2.0,0.729731772439375,135,0.9375,2697,8659783,0.8999999999999999,NaN
3451,9.0,2.0,0.7296897404720069,135,0.9375,2698,8686761,0.8999999999999999,NaN
3461,9.0,2.0,0.7296500919719091,135,0.9375,2699,8713746,0.8999999999999999,NaN
3471,9.0,2.0,0.7296126021565333,135,0.9375,2700,8740738,0.8999999999999999,NaN
3481,9.0,2.0,0.72957707973638,135,0.9375,2700,8767738,0.8999999999999999,NaN
3491,9.0,2.0,0.7295433507380903,135,0.9375,2701,8794747,0.8999999999999999,NaN
3501,9.0,2.0,0.7295112735819157,135,0.9375,2702,8821763,0.8999999999999999,NaN
3511,9.0,2.0,0.7294807095909644,135,0.9375,2703,8848786,0.8999999999999999,NaN
3521,9.0,2.0,0.7294515441153937,135,0.9375,2703,8875816,0.8999999999999999,NaN
3531,9.0,2.0,0.7294236686402391,135,0.9375,2704,8902856,0.8999999999999999,NaN
3541,9.0,2.0,0.7293969902842303,135,0.9375,2705,8929903,0.8999999999999999,NaN
3551,9.0,2.0,0.729371425475756,135,0.9375,2706,8956957,0.8999999999999999,NaN
3561,9.0,2.0,0.7293468971819965,135,0.9375,2707,8984018,0.8999999999999999,NaN
3571,9.0,2.0,0.7293233372173638,134,0.9305555555555556,2707,9011088,0.8999999999999999,NaN
3581,9.0,2.0,0.6145799046781116,134,0.9305555555555556,2688,9037965,0.8999999999999999,NaN
3591,9.0,2.0,0.611672085951927,134,0.9305555555555556,2689,9064849,0.8999999999999999,NaN
3601,9.0,2.0,0.6103686786938742,134,0.9305555555555556,2689,9091739,0.8999999999999999,NaN
3611,9.0,2.0,0.6095855509409084,134,0.9305555555555556,2690,9118639,0.8999999999999999,NaN
3621,9.0,2.0,0.6090477840560133,134,0.9305555555555556,2691,9145546,0.8999999999999999,NaN
3631,9.0,2.0,0.6086488776614467,134,0.9305555555555556,2692,9172459,0.8999999999999999,NaN
3641,9.0,2.0,0.6083377414453698,134,0.9305555555555556,2692,9199379,0.8999999999999999,NaN
3651,9.0,2.0,0.608085883711139,134,0.9305555555555556,2693,9226309,0.8999999999999999,NaN
3661,9.0,2.0,0.6078766080667686,134,0.9305555555555556,2694,9253245,0.8999999999999999,NaN
3671,9.0,2.0,0.6076989700900651,134,0.9305555555555556,2695,9280188,0.8999999999999999,NaN
3681,9.0,2.0,0.6075458346645475,134,0.9305555555555556,2695,9307138,0.8999999999999999,NaN
3691,9.0,2.0,0.6074120271086528,134,0.9305555555555556,2696,9334097,0.8999999999999999,NaN
3701,9.0,2.0,0.6072934837052766,134,0.9305555555555556,2697,9361062,0.8999999999999999,NaN
3711,9.0,2.0,0.6071876533843829,134,0.9305555555555556,2698,9388033,0.8999999999999999,NaN
3721,9.0,2.0,0.6070925013521319,134,0.9305555555555556,2698,9415013,0.8999999999999999,NaN
3731,9.0,2.0,0.6070061191774143,134,0.9305555555555556,2699,9442000,0.8999999999999999,NaN
3741,9.0,2.0,0.6069273547605342,134,0.9305555555555556,2700,9468993,0.8999999999999999,NaN
3751,9.0,2.0,0.6068551608391686,134,0.9305555555555556,2700,9495993,0.8999999999999999,NaN
3761,9.0,2.0,0.606788636965201,134,0.9305555555555556,2701,9523002,0.8999999999999999,NaN
3771,9.0,2.0,0.6067270362855498,134,0.9305555555555556,2702,9550017,0.8999999999999999,NaN
3781,9.0,2.0,0.606669747585626,134,0.9305555555555556,2703,9577038,0.8999999999999999,NaN
3791,9.0,2.0,0.6066163228184193,134,0.9305555555555556,2703,9604068,0.8999999999999999,NaN
3801,9.0,2.0,0.6065663879522852,134,0.9305555555555556,2704,9631105,0.8999999999999999,NaN
3811,9.0,2.0,0.6065195409997937,134,0.9305555555555556,2705,9658148,0.8999999999999999,NaN
3821,9.0,2.0,0.6064754638012223,134,0.9305555555555556,2705,9685198,0.8999999999999999,NaN
3831,9.0,2.0,0.606433878432343,134,0.9305555555555556,2706,9712257,0.8999999999999999,NaN
3841,9.0,2.0,0.606394513197562,134,0.9305555555555556,2707,9739322,0.8999999999999999,NaN
3851,9.0,2.0,0.606357270656746,134,0.9305555555555556,2707,9766392,0.8999999999999999,NaN
3861,9.0,2.0,0.6063219105031616,134,0.9305555555555556,2708,9793472,0.8999999999999999,NaN
3871,9.0,2.0,0.6062883194234986,134,0.9305555555555556,2709,9820558,0.8999999999999999,NaN
3881,9.0,2.0,0.6062563070347271,134,0.9305555555555556,2710,9847649,0.8999999999999999,NaN
3891,9.0,2.0,0.6062257650558727,134,0.9305555555555556,2710,9874749,0.8999999999999999,NaN
3901,9.0,2.0,0.6061965823741818,134,0.9305555555555556,2711,9901856,0.8999999999999999,NaN
3911,9.0,2.0,0.6061686505835111,134,0.9305555555555556,2712,9928968,0.8999999999999999,NaN
3921,9.0,2.0,0.6061419207661004,134,0.9305555555555556,2712,9956088,0.8999999999999999,NaN
3931,9.0,2.0,0.6061162897890817,134,0.9305555555555556,2713,9983216,0.8999999999999999,NaN
3941,9.0,2.0,0.6060916646785711,134,0.9305555555555556,2714,10010349,0.8999999999999999,NaN
3951,9.0,2.0,0.6060679992621374,134,0.9305555555555556,2714,10037489,0.8999999999999999,NaN
3961,9.0,2.0,0.6060452170995774,134,0.9305555555555556,2715,10064637,0.8999999999999999,NaN
3971,9.0,2.0,0.6060232838262463,134,0.9305555555555556,2716,10091790,0.8999999999999999,NaN
3981,9.0,2.0,0.6060021307428042,134,0.9305555555555556,2716,10118950,0.8999999999999999,NaN
3991,9.0,2.0,0.6059817130152684,134,0.9305555555555556,2717,10146119,0.8999999999999999,NaN
4001,9.0,2.0,0.6059619884951926,134,0.9305555555555556,2718,10173293,0.8999999999999999,NaN
4011,9.0,2.0,0.6059429375873703,134,0.9305555555555556,2718,10200473,0.8999999999999999,NaN
4021,9.0,2.0,0.6059244955380055,134,0.9305555555555556,2719,10227662,0.8999999999999999,NaN
4031,9.0,2.0,0.6059066453011109,134,0.9305555555555556,2720,10254856,0.8999999999999999,NaN
4041,9.0,2.0,0.6058893499137283,134,0.9305555555555556,2720,10282056,0.8999999999999999,NaN
4051,9.0,2.0,0.605872572154834,134,0.9305555555555556,2721,10309265,0.8999999999999999,NaN
4061,9.0,2.0,0.6058563006844646,134,0.9305555555555556,2722,10336479,0.8999999999999999,NaN
4071,9.0,2.0,0.6058405142192123,134,0.9305555555555556,2722,10363699,0.8999999999999999,NaN
4081,9.0,2.0,0.6058251699112907,134,0.9305555555555556,2723,10390927,0.8999999999999999,NaN
4091,9.0,2.0,0.6058102702544093,134,0.9305555555555556,2724,10418160,0.8999999999999999,NaN
4101,9.0,2.0,0.6057957723742877,134,0.9305555555555556,2724,10445400,0.8999999999999999,NaN
4111,9.0,2.0,0.605781679693893,134,0.9305555555555556,2725,10472648,0.8999999999999999,NaN
4121,9.0,2.0,0.6057679502818119,134,0.9305555555555556,2726,10499901,0.8999999999999999,NaN
4131,9.0,2.0,0.6057545755786936,134,0.9305555555555556,2726,10527161,0.8999999999999999,NaN
4141,9.0,2.0,0.6057415496554127,134,0.9305555555555556,2727,10554428,0.8999999999999999,NaN
4151,9.0,2.0,0.6057288493800692,134,0.9305555555555556,2728,10581700,0.8999999999999999,NaN
4161,9.0,2.0,0.6057164675593971,134,0.9305555555555556,2728,10608980,0.8999999999999999,NaN
4171,9.0,2.0,0.6057044019804639,134,0.9305555555555556,2729,10636266,0.8999999999999999,NaN
4181,9.0,2.0,0.6056926075604454,134,0.9305555555555556,2730,10663557,0.8999999999999999,NaN
4191,9.0,2.0,0.6056811020412223,134,0.9305555555555556,2730,10690857,0.8999999999999999,NaN
4201,9.0,2.0,0.6056698541998669,134,0.9305555555555556,2731,10718162,0.8999999999999999,NaN
4211,9.0,2.0,0.6056588667996982,134,0.9305555555555556,2731,10745472,0.8999999999999999,NaN
4221,9.0,2.0,0.6056481260734938,134,0.9305555555555556,2732,10772791,0.8999999999999999,NaN
4231,9.0,2.0,0.6056376240996806,134,0.9305555555555556,2733,10800115,0.8999999999999999,NaN
4241,9.0,2.0,0.6056273477032691,134,0.9305555555555556,2733,10827445,0.8999999999999999,NaN
4251,9.0,2.0,0.6056172843540315,134,0.9305555555555556,2734,10854783,0.8999999999999999,NaN
4261,9.0,2.0,0.6056074427039704,134,0.9305555555555556,2735,10882125,0.8999999999999999,NaN
4271,9.0,2.0,0.6055978039166718,134,0.9305555555555556,2735,10909475,0.8999999999999999,NaN
4281,9.0,2.0,0.605588363124806,134,0.9305555555555556,2736,10936831,0.8999999999999999,NaN
4291,9.0,2.0,0.6055791141904857,134,0.9305555555555556,2736,10964191,0.8999999999999999,NaN
4301,9.0,2.0,0.6055700511872938,134,0.9305555555555556,2737,10991561,0.8999999999999999,NaN
4311,9.0,2.0,0.6055611703431991,134,0.9305555555555556,2738,11018935,0.8999999999999999,NaN
4321,9.0,2.0,0.6055524588136866,134,0.9305555555555556,2738,11046315,0.8999999999999999,NaN
4331,9.0,2.0,0.6055439156242491,134,0.9305555555555556,2739,11073703,0.8999999999999999,NaN
4341,9.0,2.0,0.6055355392278532,134,0.9305555555555556,2740,11101095,0.8999999999999999,NaN
4351,9.0,2.0,0.6055273146707654,134,0.9305555555555556,2740,11128495,0.8999999999999999,NaN
4361,9.0,2.0,0.6055192405134124,134,0.9305555555555556,2741,11155900,0.8999999999999999,NaN
4371,9.0,2.0,0.6055113159051002,134,0.9305555555555556,2741,11183310,0.8999999999999999,NaN
4381,9.0,2.0,0.605503526851802,134,0.9305555555555556,2742,11210729,0.8999999999999999,NaN
4391,9.0,2.0,0.6054958816353693,134,0.9305555555555556,2743,11238152,0.8999999999999999,NaN
4401,9.0,2.0,0.6054883727168963,134,0.9305555555555556,2743,11265582,0.8999999999999999,NaN
4411,9.0,2.0,0.6054809892289765,134,0.9305555555555556,2744,11293018,0.8999999999999999,NaN
4421,9.0,2.0,0.6054737374608204,134,0.9305555555555556,2744,11320458,0.8999999999999999,NaN
4431,9.0,2.0,0.6054666036019294,134,0.9305555555555556,2745,11347908,0.8999999999999999,NaN
4441,9.0,2.0,0.6054595898045432,134,0.9305555555555556,2746,11375361,0.8999999999999999,NaN
4451,9.0,2.0,0.6054526911700546,134,0.9305555555555556,2746,11402821,0.8999999999999999,NaN
4461,9.0,2.0,0.6054459115740343,134,0.9305555555555556,2747,11430288,0.8999999999999999,NaN
4471,9.0,2.0,0.6054392365784026,134,0.9305555555555556,2747,11457758,0.8999999999999999,NaN
4481,9.0,2.0,0.6054326694839571,134,0.9305555555555556,2748,11485238,0.8999999999999999,NaN
4491,9.0,2.0,0.6054262099400508,134,0.9305555555555556,2749,11512721,0.8999999999999999,NaN
4501,9.0,2.0,0.6054198528649501,134,0.9305555555555556,2749,11540211,0.8999999999999999,NaN
4511,9.0,2.0,0.4911268799930118,133,0.9236111111111112,2729,11567521,0.8999999999999999,NaN
4521,9.0,2.0,0.4878958826739573,133,0.9236111111111112,2730,11594819,0.8999999999999999,NaN
4531,9.0,2.0,0.4865207135155638,133,0.9236111111111112,2731,11622120,0.8999999999999999,NaN
4541,9.0,2.0,0.4857101696492211,133,0.9236111111111112,2731,11649430,0.8999999999999999,NaN
4551,9.0,2.0,0.48515936589644504,133,0.9236111111111112,2732,11676744,0.8999999999999999,NaN
4561,9.0,2.0,0.48475342185697845,133,0.9236111111111112,2732,11704064,0.8999999999999999,NaN
4571,9.0,2.0,0.48443831206334764,133,0.9236111111111112,2733,11731391,0.8999999999999999,NaN
4581,9.0,2.0,0.4841839891672708,133,0.9236111111111112,2733,11758721,0.8999999999999999,NaN
4591,9.0,2.0,0.4839734884121342,133,0.9236111111111112,2734,11786061,0.8999999999999999,NaN
4601,9.0,2.0,0.4837952322707671,133,0.9236111111111112,2735,11813403,0.8999999999999999,NaN
4611,9.0,2.0,0.4836417823933414,133,0.9236111111111112,2735,11840753,0.8999999999999999,NaN
4621,9.0,2.0,0.48350784094460675,133,0.9236111111111112,2736,11868108,0.8999999999999999,NaN
4631,9.0,2.0,0.48338952908059407,133,0.9236111111111112,2736,11895468,0.8999999999999999,NaN
4641,9.0,2.0,0.4832840300715184,133,0.9236111111111112,2737,11922836,0.8999999999999999,NaN
4651,9.0,2.0,0.48318923364981103,133,0.9236111111111112,2737,11950206,0.8999999999999999,NaN
4661,9.0,2.0,0.4831033694136606,133,0.9236111111111112,2738,11977586,0.8999999999999999,NaN
4671,9.0,2.0,0.4830251259143929,133,0.9236111111111112,2739,12004969,0.8999999999999999,NaN
4681,9.0,2.0,0.482953451738443,133,0.9236111111111112,2739,12032359,0.8999999999999999,NaN
4691,9.0,2.0,0.4828874524616958,133,0.9236111111111112,2740,12059754,0.8999999999999999,NaN
4701,9.0,2.0,0.48282637556341423,133,0.9236111111111112,2740,12087154,0.8999999999999999,NaN
4711,9.0,2.0,0.48276965532217414,133,0.9236111111111112,2741,12114561,0.8999999999999999,NaN
4721,9.0,2.0,0.4827168441636142,133,0.9236111111111112,2741,12141971,0.8999999999999999,NaN
4731,9.0,2.0,0.48266743389884975,133,0.9236111111111112,2742,12169391,0.8999999999999999,NaN
4741,9.0,2.0,0.4826211105527147,133,0.9236111111111112,2743,12196813,0.8999999999999999,NaN
4751,9.0,2.0,0.4825776010648482,133,0.9236111111111112,2743,12224243,0.8999999999999999,NaN
4761,9.0,2.0,0.4825365567727269,133,0.9236111111111112,2744,12251677,0.8999999999999999,NaN
4771,9.0,2.0,0.4824978050567461,133,0.9236111111111112,2744,12279117,0.8999999999999999,NaN
4781,9.0,2.0,0.4824611080715519,133,0.9236111111111112,2745,12306563,0.8999999999999999,NaN
4791,9.0,2.0,0.4824262761567476,133,0.9236111111111112,2745,12334013,0.8999999999999999,NaN
4801,9.0,2.0,0.4823931901401928,133,0.9236111111111112,2746,12361471,0.8999999999999999,NaN
4811,9.0,2.0,0.4823617380163634,133,0.9236111111111112,2746,12388931,0.8999999999999999,NaN
4821,9.0,2.0,0.48233172029077537,133,0.9236111111111112,2747,12416401,0.8999999999999999,NaN
4831,9.0,2.0,0.48230303833247223,133,0.9236111111111112,2748,12443873,0.8999999999999999,NaN
4841,9.0,2.0,0.48227562971172944,133,0.9236111111111112,2748,12471353,0.8999999999999999,NaN
4851,9.0,2.0,0.4822493508358434,133,0.9236111111111112,2749,12498837,0.8999999999999999,NaN
4861,9.0,2.0,0.48222417854606076,133,0.9236111111111112,2749,12526327,0.8999999999999999,NaN
4871,9.0,2.0,0.48220001455873945,133,0.9236111111111112,2750,12553822,0.8999999999999999,NaN
4881,9.0,2.0,0.4821767965803999,133,0.9236111111111112,2750,12581322,0.8999999999999999,NaN
4891,9.0,2.0,0.48215442489346105,133,0.9236111111111112,2751,12608829,0.8999999999999999,NaN
4901,9.0,2.0,0.4821329251862678,133,0.9236111111111112,2751,12636339,0.8999999999999999,NaN
4911,9.0,2.0,0.48211219413783496,133,0.9236111111111112,2752,12663858,0.8999999999999999,NaN
4921,9.0,2.0,0.4820921745290066,133,0.9236111111111112,2752,12691378,0.8999999999999999,NaN
4931,9.0,2.0,0.48207286569676167,133,0.9236111111111112,2753,12718908,0.8999999999999999,NaN
4941,9.0,2.0,0.48205418842622627,133,0.9236111111111112,2754,12746440,0.8999999999999999,NaN
4951,9.0,2.0,0.4820361289353126,133,0.9236111111111112,2754,12773980,0.8999999999999999,NaN
4961,9.0,2.0,0.4820186499955079,133,0.9236111111111112,2755,12801523,0.8999999999999999,NaN
4971,9.0,2.0,0.4820017383929198,133,0.9236111111111112,2755,12829073,0.8999999999999999,NaN
4981,9.0,2.0,0.48198533967269724,133,0.9236111111111112,2756,12856627,0.8999999999999999,NaN
4991,9.0,2.0,0.4819694349071596,133,0.9236111111111112,2756,12884187,0.8999999999999999,NaN
5001,9.0,2.0,0.4819540059743359,133,0.9236111111111112,2757,12911753,0.8999999999999999,NaN
5011,9.0,2.0,0.48193901773075354,133,0.9236111111111112,2757,12939323,0.8999999999999999,NaN
5021,9.0,2.0,0.4819244418727345,133,0.9236111111111112,2758,12966900,0.8999999999999999,NaN
5031,9.0,2.0,0.4819102821368393,133,0.9236111111111112,2758,12994480,0.8999999999999999,NaN
5041,9.0,2.0,0.481896516713718,133,0.9236111111111112,2759,13022068,0.8999999999999999,NaN
5051,9.0,2.0,0.48188310908049176,133,0.9236111111111112,2759,13049658,0.8999999999999999,NaN
5061,9.0,2.0,0.48187005759788587,133,0.9236111111111112,2760,13077257,0.8999999999999999,NaN
5071,9.0,2.0,0.4818573504106783,133,0.9236111111111112,2760,13104857,0.8999999999999999,NaN
5081,9.0,2.0,0.4818449624379795,133,0.9236111111111112,2761,13132467,0.8999999999999999,NaN
5091,9.0,2.0,0.4818328821392029,133,0.9236111111111112,2762,13160078,0.8999999999999999,NaN
5101,9.0,2.0,0.4818210982659076,133,0.9236111111111112,2762,13187698,0.8999999999999999,NaN
5111,9.0,2.0,0.4818096036457386,133,0.9236111111111112,2763,13215320,0.8999999999999999,NaN
5121,9.0,2.0,0.48179837819740334,133,0.9236111111111112,2763,13242950,0.8999999999999999,NaN
5131,9.0,2.0,0.48178740576008533,133,0.9236111111111112,2764,13270582,0.8999999999999999,NaN
5141,9.0,2.0,0.48177670407861267,133,0.9236111111111112,2764,13298222,0.8999999999999999,NaN
5151,9.0,2.0,0.4817662314835215,133,0.9236111111111112,2765,13325865,0.8999999999999999,NaN
5161,9.0,2.0,0.481755997858592,133,0.9236111111111112,2765,13353515,0.8999999999999999,NaN
5171,9.0,2.0,0.48174598477427655,133,0.9236111111111112,2766,13381169,0.8999999999999999,NaN
5181,9.0,2.0,0.4817361888793415,133,0.9236111111111112,2766,13408829,0.8999999999999999,NaN
5191,9.0,2.0,0.4817266078616577,133,0.9236111111111112,2767,13436493,0.8999999999999999,NaN
5201,9.0,2.0,0.4817172247505222,133,0.9236111111111112,2767,13464163,0.8999999999999999,NaN
5211,9.0,2.0,0.48170803583483696,133,0.9236111111111112,2768,13491838,0.8999999999999999,NaN
5221,9.0,2.0,0.48169903583115964,133,0.9236111111111112,2768,13519518,0.8999999999999999,NaN
5231,9.0,2.0,0.4816902215262584,133,0.9236111111111112,2769,13547203,0.8999999999999999,NaN
5241,9.0,2.0,0.4816815751708019,133,0.9236111111111112,2769,13574893,0.8999999999999999,NaN
5251,9.0,2.0,0.4816730971384799,133,0.9236111111111112,2770,13602588,0.8999999999999999,NaN
5261,9.0,2.0,0.4816647810095559,133,0.9236111111111112,2770,13630288,0.8999999999999999,NaN
5271,9.0,2.0,0.4816566326972077,133,0.9236111111111112,2771,13657994,0.8999999999999999,NaN
5281,9.0,2.0,0.4816486357304462,133,0.9236111111111112,2771,13685704,0.8999999999999999,NaN
5291,9.0,2.0,0.4816407896252373,133,0.9236111111111112,2772,13713420,0.8999999999999999,NaN
5301,9.0,2.0,0.4816330812568622,133,0.9236111111111112,2772,13741140,0.8999999999999999,NaN
5311,9.0,2.0,0.4816255143753815,133,0.9236111111111112,2773,13768866,0.8999999999999999,NaN
5321,9.0,2.0,0.48161808059447225,133,0.9236111111111112,2773,13796596,0.8999999999999999,NaN
5331,9.0,2.0,0.48161078182783956,133,0.9236111111111112,2774,13824332,0.8999999999999999,NaN
5341,9.0,2.0,0.4816036142971644,133,0.9236111111111112,2774,13852072,0.8999999999999999,NaN
5351,9.0,2.0,0.4815965605215109,133,0.9236111111111112,2775,13879818,0.8999999999999999,NaN
5361,9.0,2.0,0.4815896277201042,133,0.9236111111111112,2775,13907568,0.8999999999999999,NaN
5371,9.0,2.0,0.48158281477062975,133,0.9236111111111112,2776,13935324,0.8999999999999999,NaN
5381,9.0,2.0,0.4815761183894521,133,0.9236111111111112,2776,13963084,0.8999999999999999,NaN
5391,9.0,2.0,0.4815695276915226,133,0.9236111111111112,2777,13990850,0.8999999999999999,NaN
5401,9.0,2.0,0.4815630414684896,133,0.9236111111111112,2777,14018620,0.8999999999999999,NaN
5411,9.0,2.0,0.48155666009799286,133,0.9236111111111112,2778,14046395,0.8999999999999999,NaN
5421,9.0,2.0,0.4815503813496351,133,0.9236111111111112,2778,14074175,0.8999999999999999,NaN
5431,9.0,2.0,0.36720663406782605,132,0.9166666666666666,2758,14101773,0.8999999999999999,NaN
5441,9.0,2.0,0.3639910829098032,132,0.9166666666666666,2758,14129353,0.8999999999999999,NaN
5451,9.0,2.0,0.3626219085749843,132,0.9166666666666666,2759,14156940,0.8999999999999999,NaN
5461,9.0,2.0,0.36181522258195536,132,0.9166666666666666,2759,14184530,0.8999999999999999,NaN
5471,9.0,2.0,0.3612672525415205,132,0.9166666666666666,2760,14212126,0.8999999999999999,NaN
5481,9.0,2.0,0.3608634127125226,132,0.9166666666666666,2760,14239726,0.8999999999999999,NaN
5491,9.0,2.0,0.360549782633556,132,0.9166666666666666,2761,14267331,0.8999999999999999,NaN
5501,9.0,2.0,0.3602971197939572,132,0.9166666666666666,2761,14294941,0.8999999999999999,NaN
5511,9.0,2.0,0.3600877616927067,132,0.9166666666666666,2762,14322555,0.8999999999999999,NaN
5521,9.0,2.0,0.3599106069669075,132,0.9166666666666666,2762,14350175,0.8999999999999999,NaN
5531,9.0,2.0,0.35975804649871646,132,0.9166666666666666,2763,14377798,0.8999999999999999,NaN
5541,9.0,2.0,0.35962489797735236,132,0.9166666666666666,2763,14405428,0.8999999999999999,NaN
5551,9.0,2.0,0.3595073409969996,132,0.9166666666666666,2764,14433060,0.8999999999999999,NaN
5561,9.0,2.0,0.3594025453128273,132,0.9166666666666666,2764,14460700,0.8999999999999999,NaN
5571,9.0,2.0,0.3593083438950259,132,0.9166666666666666,2765,14488341,0.8999999999999999,NaN
5581,9.0,2.0,0.35922298520658846,132,0.9166666666666666,2765,14515991,0.8999999999999999,NaN
5591,9.0,2.0,0.3591452194459887,132,0.9166666666666666,2765,14543641,0.8999999999999999,NaN
5601,9.0,2.0,0.3590739720104681,132,0.9166666666666666,2766,14571301,0.8999999999999999,NaN
5611,9.0,2.0,0.35900841390676314,132,0.9166666666666666,2766,14598961,0.8999999999999999,NaN
5621,9.0,2.0,0.35894782530043434,132,0.9166666666666666,2767,14626630,0.8999999999999999,NaN
5631,9.0,2.0,0.3588914855892118,132,0.9166666666666666,2767,14654300,0.8999999999999999,NaN
5641,9.0,2.0,0.35883902397071055,132,0.9166666666666666,2768,14681978,0.8999999999999999,NaN
5651,9.0,2.0,0.3587899915184927,132,0.9166666666666666,2768,14709658,0.8999999999999999,NaN
5661,9.0,2.0,0.3587440311506756,132,0.9166666666666666,2769,14737344,0.8999999999999999,NaN
5671,9.0,2.0,0.35870081619838684,132,0.9166666666666666,2769,14765034,0.8999999999999999,NaN
5681,9.0,2.0,0.35866008309791125,132,0.9166666666666666,2770,14792729,0.8999999999999999,NaN
5691,9.0,2.0,0.35862161168472934,132,0.9166666666666666,2770,14820429,0.8999999999999999,NaN
5701,9.0,2.0,0.3585851959378516,132,0.9166666666666666,2771,14848132,0.8999999999999999,NaN
5711,9.0,2.0,0.35855062590807335,132,0.9166666666666666,2771,14875842,0.8999999999999999,NaN
5721,9.0,2.0,0.3585178206733779,132,0.9166666666666666,2772,14903554,0.8999999999999999,NaN
5731,9.0,2.0,0.35848657488454877,132,0.9166666666666666,2772,14931274,0.8999999999999999,NaN
5741,9.0,2.0,0.3584567825491816,132,0.9166666666666666,2772,14958994,0.8999999999999999,NaN
5751,9.0,2.0,0.3584283303421039,132,0.9166666666666666,2773,14986724,0.8999999999999999,NaN
5761,9.0,2.0,0.35840114182993166,132,0.9166666666666666,2773,15014454,0.8999999999999999,NaN
5771,9.0,2.0,0.3583751108426556,132,0.9166666666666666,2774,15042192,0.8999999999999999,NaN
5781,9.0,2.0,0.35835015521879543,132,0.9166666666666666,2774,15069932,0.8999999999999999,NaN
5791,9.0,2.0,0.3583262119495155,132,0.9166666666666666,2775,15097678,0.8999999999999999,NaN
5801,9.0,2.0,0.3583032108960402,132,0.9166666666666666,2775,15125428,0.8999999999999999,NaN
5811,9.0,2.0,0.35828107165109535,132,0.9166666666666666,2776,15153182,0.8999999999999999,NaN
5821,9.0,2.0,0.3582597489608412,132,0.9166666666666666,2776,15180942,0.8999999999999999,NaN
5831,9.0,2.0,0.35823922061668845,132,0.9166666666666666,2777,15208704,0.8999999999999999,NaN
5841,9.0,2.0,0.3582193966681406,132,0.9166666666666666,2777,15236474,0.8999999999999999,NaN
5851,9.0,2.0,0.3582002858582227,132,0.9166666666666666,2777,15264244,0.8999999999999999,NaN
5861,9.0,2.0,0.3581817948092106,132,0.9166666666666666,2778,15292024,0.8999999999999999,NaN
5871,9.0,2.0,0.3581639123371022,132,0.9166666666666666,2778,15319804,0.8999999999999999,NaN
5881,9.0,2.0,0.3581466136108797,132,0.9166666666666666,2779,15347592,0.8999999999999999,NaN
5891,9.0,2.0,0.3581298646429518,132,0.9166666666666666,2779,15375382,0.8999999999999999,NaN
5901,9.0,2.0,0.3581136252083563,132,0.9166666666666666,2780,15403178,0.8999999999999999,NaN
5911,9.0,2.0,0.35809787477921673,132,0.9166666666666666,2780,15430978,0.8999999999999999,NaN
5921,9.0,2.0,0.35808260166894995,132,0.9166666666666666,2781,15458781,0.8999999999999999,NaN
5931,9.0,2.0,0.3580677798903388,132,0.9166666666666666,2781,15486591,0.8999999999999999,NaN
5941,9.0,2.0,0.3580533678543469,132,0.9166666666666666,2782,15514402,0.8999999999999999,NaN
5951,9.0,2.0,0.35803935449793456,132,0.9166666666666666,2782,15542222,0.8999999999999999,NaN
5961,9.0,2.0,0.35802573454182673,132,0.9166666666666666,2782,15570042,0.8999999999999999,NaN
5971,9.0,2.0,0.3580124856057415,132,0.9166666666666666,2783,15597870,0.8999999999999999,NaN
5981,9.0,2.0,0.35799957710542674,132,0.9166666666666666,2783,15625700,0.8999999999999999,NaN
5991,9.0,2.0,0.35798700463614275,132,0.9166666666666666,2784,15653536,0.8999999999999999,NaN
6001,9.0,2.0,0.3579747579734201,132,0.9166666666666666,2784,15681376,0.8999999999999999,NaN
6011,9.0,2.0,0.3579628090722081,132,0.9166666666666666,2785,15709219,0.8999999999999999,NaN
6021,9.0,2.0,0.35795115898143437,132,0.9166666666666666,2785,15737069,0.8999999999999999,NaN
6031,9.0,2.0,0.3579397900589645,132,0.9166666666666666,2785,15764919,0.8999999999999999,NaN
6041,9.0,2.0,0.3579286867331086,132,0.9166666666666666,2786,15792779,0.8999999999999999,NaN
6051,9.0,2.0,0.35791785667013154,132,0.9166666666666666,2786,15820639,0.8999999999999999,NaN
6061,9.0,2.0,0.3579072731824334,132,0.9166666666666666,2787,15848506,0.8999999999999999,NaN
6071,9.0,2.0,0.35789692359964914,132,0.9166666666666666,2787,15876376,0.8999999999999999,NaN
6081,9.0,2.0,0.35788680973303233,132,0.9166666666666666,2788,15904250,0.8999999999999999,NaN
6091,9.0,2.0,0.35787692096733975,132,0.9166666666666666,2788,15932130,0.8999999999999999,NaN
6101,9.0,2.0,0.3578672393068425,132,0.9166666666666666,2789,15960011,0.8999999999999999,NaN
6111,9.0,2.0,0.35785777012753306,132,0.9166666666666666,2789,15987901,0.8999999999999999,NaN
6121,9.0,2.0,0.35784850863431844,132,0.9166666666666666,2789,16015791,0.8999999999999999,NaN
6131,9.0,2.0,0.35783942905893096,132,0.9166666666666666,2790,16043689,0.8999999999999999,NaN
6141,9.0,2.0,0.3578305410554527,132,0.9166666666666666,2790,16071589,0.8999999999999999,NaN
6151,9.0,2.0,0.357821831125185,132,0.9166666666666666,2791,16099494,0.8999999999999999,NaN
6161,9.0,2.0,0.357813293019296,132,0.9166666666666666,2791,16127404,0.8999999999999999,NaN
6171,9.0,2.0,0.35780492221704135,132,0.9166666666666666,2792,16155316,0.8999999999999999,NaN
6181,9.0,2.0,0.3577967192136391,132,0.9166666666666666,2792,16183236,0.8999999999999999,NaN
6191,9.0,2.0,0.357788673865615,132,0.9166666666666666,2792,16211156,0.8999999999999999,NaN
6201,9.0,2.0,0.35778077741919284,132,0.9166666666666666,2793,16239084,0.8999999999999999,NaN
6211,9.0,2.0,0.3577730197621999,132,0.9166666666666666,2793,16267014,0.8999999999999999,NaN
6221,9.0,2.0,0.3577654175688785,132,0.9166666666666666,2794,16294949,0.8999999999999999,NaN
6231,9.0,2.0,0.35775794054652277,132,0.9166666666666666,2794,16322889,0.8999999999999999,NaN
6241,9.0,2.0,0.35775060141716686,132,0.9166666666666666,2795,16350830,0.8999999999999999,NaN
6251,9.0,2.0,0.3577433916980659,132,0.9166666666666666,2795,16378780,0.8999999999999999,NaN
6261,9.0,2.0,0.35773631372931486,132,0.9166666666666666,2795,16406730,0.8999999999999999,NaN
6271,9.0,2.0,0.35772935356335733,132,0.9166666666666666,2796,16434687,0.8999999999999999,NaN
6281,9.0,2.0,0.3577225128845346,132,0.9166666666666666,2796,16462647,0.8999999999999999,NaN
6291,9.0,2.0,0.35771579431048295,132,0.9166666666666666,2797,16490611,0.8999999999999999,NaN
6301,9.0,2.0,0.3577091789173211,132,0.9166666666666666,2797,16518581,0.8999999999999999,NaN
6311,9.0,2.0,0.35770267816699247,132,0.9166666666666666,2797,16546551,0.8999999999999999,NaN
6321,9.0,2.0,0.3576962820397644,132,0.9166666666666666,2798,16574531,0.8999999999999999,NaN
6331,9.0,2.0,0.3576899881692085,132,0.9166666666666666,2798,16602511,0.8999999999999999,NaN
6341,9.0,2.0,0.2577585015869052,131,0.9097222222222222,2778,16630345,0.8999999999999999,NaN
6351,9.0,2.0,0.2538775089709078,131,0.9097222222222222,2778,16658125,0.8999999999999999,NaN
6361,9.0,2.0,0.252420213628667,131,0.9097222222222222,2778,16685905,0.8999999999999999,NaN
6371,9.0,2.0,0.25159706962885636,131,0.9097222222222222,2779,16713692,0.8999999999999999,NaN
6381,9.0,2.0,0.25104963596727825,131,0.9097222222222222,2779,16741482,0.8999999999999999,NaN
6391,9.0,2.0,0.25065159293720723,131,0.9097222222222222,2780,16769274,0.8999999999999999,NaN
6401,9.0,2.0,0.2503450049762288,131,0.9097222222222222,2780,16797074,0.8999999999999999,NaN
6411,9.0,2.0,0.25009938981468943,131,0.9097222222222222,2780,16824874,0.8999999999999999,NaN
6421,9.0,2.0,0.2498967584541852,131,0.9097222222222222,2781,16852682,0.8999999999999999,NaN
6431,9.0,2.0,0.24972582315997233,131,0.9097222222222222,2781,16880492,0.8999999999999999,NaN
6441,9.0,2.0,0.24957903040570523,131,0.9097222222222222,2782,16908305,0.8999999999999999,NaN
6451,9.0,2.0,0.2494511339617254,131,0.9097222222222222,2782,16936125,0.8999999999999999,NaN
6461,9.0,2.0,0.24933839902926597,131,0.9097222222222222,2782,16963945,0.8999999999999999,NaN
6471,9.0,2.0,0.249237986426967,131,0.9097222222222222,2783,16991774,0.8999999999999999,NaN
6481,9.0,2.0,0.2491478185273076,131,0.9097222222222222,2783,17019604,0.8999999999999999,NaN
6491,9.0,2.0,0.24906623293970456,131,0.9097222222222222,2784,17047438,0.8999999999999999,NaN
6501,9.0,2.0,0.24899193627665245,131,0.9097222222222222,2784,17075278,0.8999999999999999,NaN
6511,9.0,2.0,0.24892390351679916,131,0.9097222222222222,2784,17103118,0.8999999999999999,NaN
6521,9.0,2.0,0.24886128048842876,131,0.9097222222222222,2785,17130967,0.8999999999999999,NaN
6531,9.0,2.0,0.24880339093013656,131,0.9097222222222222,2785,17158817,0.8999999999999999,NaN
6541,9.0,2.0,0.2487496489226639,131,0.9097222222222222,2786,17186671,0.8999999999999999,NaN
6551,9.0,2.0,0.24869957499582032,131,0.9097222222222222,2786,17214531,0.8999999999999999,NaN
6561,9.0,2.0,0.2486527804825175,131,0.9097222222222222,2786,17242391,0.8999999999999999,NaN
6571,9.0,2.0,0.24860890068106542,131,0.9097222222222222,2787,17270260,0.8999999999999999,NaN
6581,9.0,2.0,0.24856765440100995,131,0.9097222222222222,2787,17298130,0.8999999999999999,NaN
6591,9.0,2.0,0.24852878003139342,131,0.9097222222222222,2788,17326004,0.8999999999999999,NaN
6601,9.0,2.0,0.24849205573696592,131,0.9097222222222222,2788,17353884,0.8999999999999999,NaN
6611,9.0,2.0,0.24845728677850293,131,0.9097222222222222,2788,17381764,0.8999999999999999,NaN
6621,9.0,2.0,0.2484243039524086,131,0.9097222222222222,2789,17409653,0.8999999999999999,NaN
6631,9.0,2.0,0.2483929580560994,131,0.9097222222222222,2789,17437543,0.8999999999999999,NaN
6641,9.0,2.0,0.24836311761660365,131,0.9097222222222222,2790,17465437,0.8999999999999999,NaN
6651,9.0,2.0,0.24833466398349108,131,0.9097222222222222,2790,17493337,0.8999999999999999,NaN
6661,9.0,2.0,0.2483074885823387,131,0.9097222222222222,2790,17521237,0.8999999999999999,NaN
6671,9.0,2.0,0.2482814940624484,131,0.9097222222222222,2791,17549145,0.8999999999999999,NaN
6681,9.0,2.0,0.24825660430572968,131,0.9097222222222222,2791,17577055,0.8999999999999999,NaN
6691,9.0,2.0,0.2482327379770888,131,0.9097222222222222,2792,17604968,0.8999999999999999,NaN
6701,9.0,2.0,0.24820982118306492,131,0.9097222222222222,2792,17632888,0.8999999999999999,NaN
6711,9.0,2.0,0.2481877984759166,131,0.9097222222222222,2792,17660808,0.8999999999999999,NaN
6721,9.0,2.0,0.24816660462819273,131,0.9097222222222222,2793,17688735,0.8999999999999999,NaN
6731,9.0,2.0,0.24814619397593138,131,0.9097222222222222,2793,17716665,0.8999999999999999,NaN
6741,9.0,2.0,0.24812652710099142,131,0.9097222222222222,2794,17744597,0.8999999999999999,NaN
6751,9.0,2.0,0.2481075470571762,131,0.9097222222222222,2794,17772537,0.8999999999999999,NaN
6761,9.0,2.0,0.2480892199976326,131,0.9097222222222222,2794,17800477,0.8999999999999999,NaN
6771,9.0,2.0,0.24807149856722838,131,0.9097222222222222,2795,17828423,0.8999999999999999,NaN
6781,9.0,2.0,0.24805435167227893,131,0.9097222222222222,2795,17856373,0.8999999999999999,NaN
6791,9.0,2.0,0.2480377632936371,131,0.9097222222222222,2795,17884323,0.8999999999999999,NaN
6801,9.0,2.0,0.24802168540024194,131,0.9097222222222222,2796,17912283,0.8999999999999999,NaN
6811,9.0,2.0,0.24800610451865004,131,0.9097222222222222,2796,17940243,0.8999999999999999,NaN
6821,9.0,2.0,0.24799099010315417,131,0.9097222222222222,2797,17968207,0.8999999999999999,NaN
6831,9.0,2.0,0.24797631686315905,131,0.9097222222222222,2797,17996177,0.8999999999999999,NaN
6841,9.0,2.0,0.24796207035100584,131,0.9097222222222222,2797,18024147,0.8999999999999999,NaN
6851,9.0,2.0,0.24794822550856901,131,0.9097222222222222,2798,18052125,0.8999999999999999,NaN
6861,9.0,2.0,0.24793476276999687,131,0.9097222222222222,2798,18080105,0.8999999999999999,NaN
6871,9.0,2.0,0.24792166383832973,131,0.9097222222222222,2799,18108087,0.8999999999999999,NaN
6881,9.0,2.0,0.2479089131753154,131,0.9097222222222222,2799,18136077,0.8999999999999999,NaN
6891,9.0,2.0,0.24789649262499497,131,0.9097222222222222,2799,18164067,0.8999999999999999,NaN
6901,9.0,2.0,0.24788439042601057,131,0.9097222222222222,2800,18192063,0.8999999999999999,NaN
6911,9.0,2.0,0.24787259139159667,131,0.9097222222222222,2800,18220063,0.8999999999999999,NaN
6921,9.0,2.0,0.2478610883207394,131,0.9097222222222222,2800,18248063,0.8999999999999999,NaN
6931,9.0,2.0,0.24784986032421039,131,0.9097222222222222,2801,18276072,0.8999999999999999,NaN
6941,9.0,2.0,0.2478389065699729,131,0.9097222222222222,2801,18304082,0.8999999999999999,NaN
6951,9.0,2.0,0.24782820758422128,131,0.9097222222222222,2802,18332095,0.8999999999999999,NaN
6961,9.0,2.0,0.24781775823723354,131,0.9097222222222222,2802,18360115,0.8999999999999999,NaN
6971,9.0,2.0,0.24780754862717982,131,0.9097222222222222,2802,18388135,0.8999999999999999,NaN
6981,9.0,2.0,0.24779756694092367,131,0.9097222222222222,2803,18416161,0.8999999999999999,NaN
6991,9.0,2.0,0.2477878077411816,131,0.9097222222222222,2803,18444191,0.8999999999999999,NaN
7001,9.0,2.0,0.2477782600051747,131,0.9097222222222222,2803,18472221,0.8999999999999999,NaN
7011,9.0,2.0,0.24776891619032806,131,0.9097222222222222,2804,18500260,0.8999999999999999,NaN
7021,9.0,2.0,0.24775977470601512,131,0.9097222222222222,2804,18528300,0.8999999999999999,NaN
7031,9.0,2.0,0.24775082007658897,131,0.9097222222222222,2805,18556343,0.8999999999999999,NaN
7041,9.0,2.0,0.24774204580050252,131,0.9097222222222222,2805,18584393,0.8999999999999999,NaN
7051,9.0,2.0,0.24773344764660454,131,0.9097222222222222,2805,18612443,0.8999999999999999,NaN
7061,9.0,2.0,0.24772502185687412,131,0.9097222222222222,2806,18640499,0.8999999999999999,NaN
7071,9.0,2.0,0.2477167625347646,131,0.9097222222222222,2806,18668559,0.8999999999999999,NaN
7081,9.0,2.0,0.24770866987128967,131,0.9097222222222222,2806,18696619,0.8999999999999999,NaN
7091,9.0,2.0,0.24770072569814663,131,0.9097222222222222,2807,18724688,0.8999999999999999,NaN
7101,9.0,2.0,0.24769293096746992,131,0.9097222222222222,2807,18752758,0.8999999999999999,NaN
7111,9.0,2.0,0.24768528253177344,131,0.9097222222222222,2808,18780830,0.8999999999999999,NaN
7121,9.0,2.0,0.247677774618274,131,0.9097222222222222,2808,18808910,0.8999999999999999,NaN
7131,9.0,2.0,0.2476704041097196,131,0.9097222222222222,2808,18836990,0.8999999999999999,NaN
7141,9.0,2.0,0.24766316337317018,131,0.9097222222222222,2809,18865075,0.8999999999999999,NaN
7151,9.0,2.0,0.24765605057490145,131,0.9097222222222222,2809,18893165,0.8999999999999999,NaN
7161,9.0,2.0,0.24764906173218998,131,0.9097222222222222,2809,18921255,0.8999999999999999,NaN
7171,9.0,2.0,0.24764219632530024,131,0.9097222222222222,2810,18949352,0.8999999999999999,NaN
7181,9.0,2.0,0.24763544077874375,131,0.9097222222222222,2810,18977452,0.8999999999999999,NaN
7191,9.0,2.0,0.2476288040036766,131,0.9097222222222222,2810,19005552,0.8999999999999999,NaN
7201,9.0,2.0,0.24762227586114452,131,0.9097222222222222,2811,19033662,0.8999999999999999,NaN
7211,9.0,2.0,0.24761585687963564,131,0.9097222222222222,2811,19061772,0.8999999999999999,NaN
7221,9.0,2.0,0.24760954578620595,131,0.9097222222222222,2812,19089884,0.8999999999999999,NaN
7231,9.0,2.0,0.24760333262809406,131,0.9097222222222222,2812,19118004,0.8999999999999999,NaN
7241,9.0,2.0,0.2475972179809935,131,0.9097222222222222,2812,19146124,0.8999999999999999,NaN
7251,9.0,2.0,0.2475911997184895,131,0.9097222222222222,2813,19174249,0.8999999999999999,NaN
7261,9.0,2.0,0.24758527639259048,131,0.9097222222222222,2813,19202379,0.8999999999999999,NaN
7271,9.0,2.0,0.24757944159145925,131,0.9097222222222222,2813,19230509,0.8999999999999999,NaN
7281,9.0,2.0,0.24757369774605845,131,0.9097222222222222,2814,19258646,0.8999999999999999,NaN
7291,9.0,2.0,0.2475680395878559,131,0.9097222222222222,2814,19286786,0.8999999999999999,NaN
7301,9.0,2.0,0.2475624667913699,131,0.9097222222222222,2814,19314926,0.8999999999999999,NaN
7311,9.0,2.0,0.2475569778346754,131,0.9097222222222222,2815,19343075,0.8999999999999999,NaN
7321,9.0,2.0,0.24755157174933717,131,0.9097222222222222,2815,19371225,0.8999999999999999,NaN
7331,9.0,2.0,0.24754623704953083,131,0.9097222222222222,2816,19399376,0.8999999999999999,NaN
7341,9.0,2.0,0.24754097795714136,131,0.9097222222222222,2816,19427536,0.8999999999999999,NaN
7351,9.0,2.0,0.24753579560458247,131,0.9097222222222222,2816,19455696,0.8999999999999999,NaN
7361,9.0,2.0,0.24753068975670148,131,0.9097222222222222,2817,19483859,0.8999999999999999,NaN
7371,9.0,2.0,0.24752565209265054,131,0.9097222222222222,2817,19512029,0.8999999999999999,NaN
7381,9.0,2.0,0.24752068289357343,131,0.9097222222222222,2817,19540199,0.8999999999999999,NaN
7391,9.0,2.0,0.24751578313400163,131,0.9097222222222222,2818,19568374,0.8999999999999999,NaN
7401,9.0,2.0,0.24751094504102772,131,0.9097222222222222,2818,19596554,0.8999999999999999,NaN
7411,9.0,2.0,0.2475061724606634,131,0.9097222222222222,2818,19624734,0.8999999999999999,NaN
7421,9.0,2.0,0.24750146330269118,131,0.9097222222222222,2819,19652921,0.8999999999999999,NaN
7431,9.0,2.0,0.24749681646902447,131,0.9097222222222222,2819,19681111,0.8999999999999999,NaN
7441,9.0,2.0,0.24749223357855143,131,0.9097222222222222,2819,19709301,0.8999999999999999,NaN
7451,9.0,2.0,0.2474877083756313,131,0.9097222222222222,2820,19737499,0.8999999999999999,NaN
7461,9.0,2.0,0.2474832387769739,131,0.9097222222222222,2820,19765699,0.8999999999999999,NaN
7471,9.0,2.0,0.2474788285311446,131,0.9097222222222222,2820,19793899,0.8999999999999999,NaN
7481,9.0,2.0,0.24747447387573862,131,0.9097222222222222,2821,19822109,0.8999999999999999,NaN
7491,9.0,2.0,0.2474701697729348,131,0.9097222222222222,2821,19850319,0.8999999999999999,NaN
7501,9.0,2.0,0.2474659169243415,131,0.9097222222222222,2822,19878530,0.8999999999999999,NaN
7511,9.0,2.0,0.24746171769322078,131,0.9097222222222222,2822,19906750,0.8999999999999999,NaN
7521,9.0,2.0,0.24745756990707704,131,0.9097222222222222,2822,19934970,0.8999999999999999,NaN
7531,9.0,2.0,0.24745347303277473,131,0.9097222222222222,2823,19963193,0.8999999999999999,NaN
7541,9.0,2.0,0.24744942505120152,131,0.9097222222222222,2823,19991423,0.8999999999999999,NaN
7551,9.0,2.0,0.24744542444919915,131,0.9097222222222222,2823,20019653,0.8999999999999999,NaN
7561,9.0,2.0,0.24744146955011115,131,0.9097222222222222,2824,20047887,0.8999999999999999,NaN
7571,9.0,2.0,0.24743756333334938,131,0.9097222222222222,2824,20076127,0.8999999999999999,NaN
7581,9.0,2.0,0.24743370267319317,131,0.9097222222222222,2824,20104367,0.8999999999999999,NaN
7591,9.0,2.0,0.24742988277443625,131,0.9097222222222222,2825,20132612,0.8999999999999999,NaN
7601,9.0,2.0,0.24742610821678637,131,0.9097222222222222,2825,20160862,0.8999999999999999,NaN
7611,9.0,2.0,0.24742237434953485,131,0.9097222222222222,2825,20189112,0.8999999999999999,NaN
7621,9.0,2.0,0.24741868303589737,131,0.9097222222222222,2826,20217368,0.8999999999999999,NaN
7631,9.0,2.0,0.24741502885767788,131,0.9097222222222222,2826,20245628,0.8999999999999999,NaN
7641,9.0,2.0,0.24741142139133063,131,0.9097222222222222,2826,20273888,0.8999999999999999,NaN
7651,9.0,2.0,0.24740784779860736,131,0.9097222222222222,2827,20302155,0.8999999999999999,NaN
7661,9.0,2.0,0.24740431191172707,131,0.9097222222222222,2827,20330425,0.8999999999999999,NaN
7671,9.0,2.0,0.24740081551872597,131,0.9097222222222222,2827,20358695,0.8999999999999999,NaN
7681,9.0,2.0,0.2473973595493534,131,0.9097222222222222,2828,20386973,0.8999999999999999,NaN
7691,9.0,2.0,0.24739393757037378,131,0.9097222222222222,2828,20415253,0.8999999999999999,NaN
7701,9.0,2.0,0.2473905565926338,131,0.9097222222222222,2828,20443533,0.8999999999999999,NaN
7711,9.0,2.0,0.2473872093591672,131,0.9097222222222222,2829,20471821,0.8999999999999999,NaN
7721,9.0,2.0,0.2473838945429134,131,0.9097222222222222,2829,20500111,0.8999999999999999,NaN
7731,9.0,2.0,0.24738061063914824,131,0.9097222222222222,2829,20528401,0.8999999999999999,NaN
7741,9.0,2.0,0.247377363796896,131,0.9097222222222222,2830,20556700,0.8999999999999999,NaN
7751,9.0,2.0,0.2473741458088529,131,0.9097222222222222,2830,20585000,0.8999999999999999,NaN
7761,9.0,2.0,0.24737096419631094,131,0.9097222222222222,2830,20613300,0.8999999999999999,NaN
7771,9.0,2.0,0.24736781407165725,131,0.9097222222222222,2831,20641609,0.8999999999999999,NaN
7781,9.0,2.0,0.1645124613077197,130,0.9027777777777778,2810,20669898,0.10000000000000003,NaN
7791,9.0,2.0,0.14520359678375522,130,0.9027777777777778,2810,20697998,0.10000000000000003,NaN
7801,9.0,2.0,0.14281364029174845,130,0.9027777777777778,2810,20726098,0.10000000000000003,NaN
7811,9.0,2.0,0.1416932711050705,130,0.9027777777777778,2811,20754199,0.10000000000000003,NaN
7821,9.0,2.0,0.14100837484806517,130,0.9027777777777778,2811,20782309,0.10000000000000003,NaN
7831,9.0,2.0,0.1405339798124511,130,0.9027777777777778,2811,20810419,0.10000000000000003,NaN
7841,9.0,2.0,0.14018019404960422,130,0.9027777777777778,2812,20838530,0.10000000000000003,NaN
7851,9.0,2.0,0.13990304133894288,130,0.9027777777777778,2812,20866650,0.10000000000000003,NaN
7861,9.0,2.0,0.13967827710304176,130,0.9027777777777778,2812,20894770,0.10000000000000003,NaN
7871,9.0,2.0,0.139491185137471,130,0.9027777777777778,2813,20922891,0.10000000000000003,NaN
7881,9.0,2.0,0.13933218376499112,130,0.9027777777777778,2813,20951021,0.10000000000000003,NaN
7891,9.0,2.0,0.13919490492392225,130,0.9027777777777778,2813,20979151,0.10000000000000003,NaN
7901,9.0,2.0,0.13907478260086364,130,0.9027777777777778,2814,21007282,0.10000000000000003,NaN
7911,9.0,2.0,0.1389684697654422,130,0.9027777777777778,2814,21035422,0.10000000000000003,NaN
7921,9.0,2.0,0.138873524865963,130,0.9027777777777778,2814,21063562,0.10000000000000003,NaN
7931,9.0,2.0,0.13878804004273224,130,0.9027777777777778,2814,21091702,0.10000000000000003,NaN
7941,9.0,2.0,0.13871051342168486,130,0.9027777777777778,2815,21119852,0.10000000000000003,NaN
7951,9.0,2.0,0.13863978291563067,130,0.9027777777777778,2815,21148002,0.10000000000000003,NaN
7961,9.0,2.0,0.13857491648477674,130,0.9027777777777778,2815,21176152,0.10000000000000003,NaN
7971,9.0,2.0,0.1385151228433847,130,0.9027777777777778,2816,21204312,0.10000000000000003,NaN
7981,9.0,2.0,0.13845977711435514,130,0.9027777777777778,2816,21232472,0.10000000000000003,NaN
7991,9.0,2.0,0.1384083613766262,130,0.9027777777777778,2816,21260632,0.10000000000000003,NaN
8001,9.0,2.0,0.13836040693251342,130,0.9027777777777778,2817,21288801,0.10000000000000003,NaN
8011,9.0,2.0,0.13831554712219918,130,0.9027777777777778,2817,21316971,0.10000000000000003,NaN
8021,9.0,2.0,0.13827347075023683,130,0.9027777777777778,2817,21345141,0.10000000000000003,NaN
8031,9.0,2.0,0.13823388112398022,130,0.9027777777777778,2818,21373319,0.10000000000000003,NaN
8041,9.0,2.0,0.1381965486973106,130,0.9027777777777778,2818,21401499,0.10000000000000003,NaN
8051,9.0,2.0,0.13816126908197268,130,0.9027777777777778,2818,21429679,0.10000000000000003,NaN
8061,9.0,2.0,0.13812785017372123,130,0.9027777777777778,2819,21457866,0.10000000000000003,NaN
8071,9.0,2.0,0.13809613910426555,130,0.9027777777777778,2819,21486056,0.10000000000000003,NaN
8081,9.0,2.0,0.13806599838806652,130,0.9027777777777778,2819,21514246,0.10000000000000003,NaN
8091,9.0,2.0,0.13803729103783188,130,0.9027777777777778,2820,21542442,0.10000000000000003,NaN
8101,9.0,2.0,0.1380099075150536,130,0.9027777777777778,2820,21570642,0.10000000000000003,NaN
8111,9.0,2.0,0.13798375773160673,130,0.9027777777777778,2820,21598842,0.10000000000000003,NaN
8121,9.0,2.0,0.13795873890119353,130,0.9027777777777778,2821,21627047,0.10000000000000003,NaN
8131,9.0,2.0,0.13793477641075297,130,0.9027777777777778,2821,21655257,0.10000000000000003,NaN
8141,9.0,2.0,0.13791179362189326,129,0.8958333333333334,2821,21683467,0.10000000000000003,NaN
8151,0.8129269997510399,0.17216198943044603,0.036186299410738615,129,0.8958333333333334,2800,21711467,0.016227461858529746,NaN
8161,0.56411413655674,0.12244251958891701,0.03352675446432127,129,0.8958333333333334,2800,21739467,0.0193944587260782,NaN
8171,0.459631285477029,0.10049797580420441,0.03233461569943108,129,0.8958333333333334,2801,21767469,0.015060981374680926,NaN
8181,0.39841686215577143,0.08745092281089539,0.03161847996145141,129,0.8958333333333334,2801,21795479,0.018504884609939043,NaN
8191,0.39161964035140506,0.08702658674475668,0.031126957249029134,129,0.8958333333333334,2801,21823489,0.012318225541786909,NaN
8201,0.39161964035140506,0.08702658674475668,0.030762493618645477,129,0.8958333333333334,2801,21851499,0.010646016464350483,NaN
8211,0.39161964035140506,0.08702658674475668,0.03047806454662004,129,0.8958333333333334,2802,21879519,0.010993039252028491,NaN
8221,0.39161964035140506,0.08702658674475668,0.03024804058224899,129,0.8958333333333334,2802,21907539,0.010646016464350483,NaN
8231,0.39161964035140506,0.08702658674475668,0.030056945671891933,129,0.8958333333333334,2802,21935559,0.010646016464350483,NaN
8241,0.39161964035140506,0.08702658674475668,0.029894808142549467,129,0.8958333333333334,2803,21963587,0.010646016464350483,NaN
8251,0.39161964035140506,0.08702658674475668,0.02975496543300345,129,0.8958333333333334,2803,21991617,0.010646016464350483,NaN
8261,0.39161964035140506,0.08702658674475668,0.029632720055685895,129,0.8958333333333334,2803,22019647,0.010646016464350483,NaN
8271,0.39161964035140506,0.08702658674475668,0.029524611072907627,129,0.8958333333333334,2804,22047683,0.010646016464350483,NaN
8281,0.39161964035140506,0.08702658674475668,0.029428101122250958,129,0.8958333333333334,2804,22075723,0.010646016464350483,NaN
8291,0.39161964035140506,0.08702658674475668,0.029341246491713047,129,0.8958333333333334,2804,22103763,0.010646016464350483,NaN
8301,0.39161964035140506,0.08702658674475668,0.02926251439745338,129,0.8958333333333334,2805,22131807,0.010646016464350483,NaN
8311,0.39161964035140506,0.08702658674475668,0.029190696703296642,129,0.8958333333333334,2805,22159857,0.010646016464350483,NaN
8321,0.39161964035140506,0.08702658674475668,0.02912483857250511,129,0.8958333333333334,2805,22187907,0.010646016464350483,NaN
8331,0.39161964035140506,0.08702658674475668,0.029064153200921324,129,0.8958333333333334,2806,22215959,0.010646016464350483,NaN
8341,0.39161964035140506,0.08702658674475668,0.02900797840458993,129,0.8958333333333334,2806,22244019,0.010646016464350483,NaN
8351,0.39161964035140506,0.08702658674475668,0.02895579161375978,129,0.8958333333333334,2806,22272079,0.010646016464350483,NaN
8361,0.39161964035140506,0.08702658674475668,0.02890713351438451,129,0.8958333333333334,2806,22300139,0.010646016464350483,NaN
8371,0.39161964035140506,0.08702658674475668,0.028861607511206182,129,0.8958333333333334,2807,22328208,0.010646016464350483,NaN
8381,0.39161964035140506,0.08702658674475668,0.028818896702878776,129,0.8958333333333334,2807,22356278,0.010646016464350483,NaN
8391,0.39161964035140506,0.08702658674475668,0.02877872970484026,129,0.8958333333333334,2807,22384348,0.010646016464350483,NaN
8401,0.39161964035140506,0.08702658674475668,0.028740843382741924,129,0.8958333333333334,2808,22412425,0.010646016464350483,NaN
8411,0.39161964035140506,0.08702658674475668,0.02870503253873238,129,0.8958333333333334,2808,22440505,0.010646016464350483,NaN
8421,0.39161964035140506,0.08702658674475668,0.02867111911542969,129,0.8958333333333334,2808,22468585,0.010646016464350483,NaN
8431,0.39161964035140506,0.08702658674475668,0.02863893160213012,129,0.8958333333333334,2809,22496669,0.010646016464350483,NaN
8441,0.39161964035140506,0.08702658674475668,0.028608323478139765,129,0.8958333333333334,2809,22524759,0.010646016464350483,NaN
8451,0.39161964035140506,0.08702658674475668,0.02857917626541576,129,0.8958333333333334,2809,22552849,0.010646016464350483,NaN
8461,0.39161964035140506,0.08702658674475668,0.028551377052874846,129,0.8958333333333334,2810,22580941,0.010646016464350483,NaN
8471,0.39161964035140506,0.08702658674475668,0.028524816428770843,129,0.8958333333333334,2810,22609041,0.010646016464350483,NaN
8481,0.39161964035140506,0.08702658674475668,0.028499408565740722,129,0.8958333333333334,2810,22637141,0.010646016464350483,NaN
8491,0.39161964035140506,0.08702658674475668,0.02847507333508053,129,0.8958333333333334,2810,22665241,0.010646016464350483,NaN
8501,0.39161964035140506,0.08702658674475668,0.02845172757341425,129,0.8958333333333334,2811,22693350,0.010646016464350483,NaN
8511,0.39161964035140506,0.08702658674475668,0.028429312919612457,129,0.8958333333333334,2811,22721460,0.010646016464350483,NaN
8521,0.39161964035140506,0.08702658674475668,0.02840776949452923,129,0.8958333333333334,2811,22749570,0.010646016464350483,NaN
8531,0.39161964035140506,0.08702658674475668,0.02838703419988001,129,0.8958333333333334,2812,22777686,0.010646016464350483,NaN
8541,0.39161964035140506,0.08702658674475668,0.028367062059309573,129,0.8958333333333334,2812,22805806,0.010646016464350483,NaN
8551,0.39161964035140506,0.08702658674475668,0.02834780868599413,129,0.8958333333333334,2812,22833926,0.010646016464350483,NaN
8561,0.39161964035140506,0.08702658674475668,0.028329226202972988,129,0.8958333333333334,2813,22862049,0.010646016464350483,NaN
8571,0.39161964035140506,0.08702658674475668,0.028311273658846822,129,0.8958333333333334,2813,22890179,0.010646016464350483,NaN
8581,0.39161964035140506,0.08702658674475668,0.028293920341217416,129,0.8958333333333334,2813,22918309,0.010646016464350483,NaN
8591,0.39161964035140506,0.08702658674475668,0.028277134211389648,129,0.8958333333333334,2813,22946439,0.010646016464350483,NaN
8601,0.39161964035140506,0.08702658674475668,0.028260878026326115,129,0.8958333333333334,2814,22974578,0.010646016464350483,NaN
8611,0.39161964035140506,0.08702658674475668,0.028245133637656517,129,0.8958333333333334,2814,23002718,0.010646016464350483,NaN
8621,0.39161964035140506,0.08702658674475668,0.0282298720282725,129,0.8958333333333334,2814,23030858,0.010646016464350483,NaN
8631,0.39161964035140506,0.08702658674475668,0.028215063995443365,129,0.8958333333333334,2815,23059004,0.010646016464350483,NaN
8641,0.39161964035140506,0.08702658674475668,0.028200689027498844,129,0.8958333333333334,2815,23087154,0.010646016464350483,NaN
8651,0.39161964035140506,0.08702658674475668,0.02818673141526456,129,0.8958333333333334,2815,23115304,0.010646016464350483,NaN
8661,0.39161964035140506,0.08702658674475668,0.02817316340077064,129,0.8958333333333334,2816,23143456,0.010646016464350483,NaN
8671,0.39161964035140506,0.08702658674475668,0.028159968869396503,129,0.8958333333333334,2816,23171616,0.010646016464350483,NaN
8681,0.39161964035140506,0.08702658674475668,0.028147134019075357,129,0.8958333333333334,2816,23199776,0.010646016464350483,NaN
8691,0.39161964035140506,0.08702658674475668,0.028134640557838972,129,0.8958333333333334,2816,23227936,0.010646016464350483,NaN
8701,0.39161964035140506,0.08702658674475668,0.028122468679736057,129,0.8958333333333334,2817,23256105,0.010646016464350483,NaN
8711,0.39161964035140506,0.08702658674475668,0.028110610939364438,129,0.8958333333333334,2817,23284275,0.010646016464350483,NaN
8721,0.39161964035140506,0.08702658674475668,0.02809905681005692,129,0.8958333333333334,2817,23312445,0.010646016464350483,NaN
8731,0.39161964035140506,0.08702658674475668,0.02808778443110809,129,0.8958333333333334,2818,23340620,0.010646016464350483,NaN
8741,0.39161964035140506,0.08702658674475668,0.02807678789640791,129,0.8958333333333334,2818,23368800,0.010646016464350483,NaN
8751,0.39161964035140506,0.08702658674475668,0.028066053274621076,129,0.8958333333333334,2818,23396980,0.010646016464350483,NaN
8761,0.39161964035140506,0.08702658674475668,0.0280555736568078,129,0.8958333333333334,2819,23425161,0.010646016464350483,NaN
8771,0.39161964035140506,0.08702658674475668,0.02804533180519391,129,0.8958333333333334,2819,23453351,0.010646016464350483,NaN
8781,0.39161964035140506,0.08702658674475668,0.028035327575290463,129,0.8958333333333334,2819,23481541,0.010646016464350483,NaN
8791,0.39161964035140506,0.08702658674475668,0.028025548517048866,129,0.8958333333333334,2819,23509731,0.010646016464350483,NaN
8801,0.39161964035140506,0.08702658674475668,0.028015984005355148,129,0.8958333333333334,2820,23537928,0.010646016464350483,NaN
8811,0.39161964035140506,0.08702658674475668,0.028006626068773428,129,0.8958333333333334,2820,23566128,0.010646016464350483,NaN
8821,0.39161964035140506,0.08702658674475668,0.027997472013777478,129,0.8958333333333334,2820,23594328,0.010646016464350483,NaN
8831,0.39161964035140506,0.08702658674475668,0.027988509754789774,129,0.8958333333333334,2821,23622531,0.010646016464350483,NaN
8841,0.39161964035140506,0.08702658674475668,0.027979731364016366,129,0.8958333333333334,2821,23650741,0.010646016464350483,NaN
8851,0.39161964035140506,0.08702658674475668,0.027971134549483898,129,0.8958333333333334,2821,23678951,0.010646016464350483,NaN
8861,0.39161964035140506,0.08702658674475668,0.027962712389541955,129,0.8958333333333334,2821,23707161,0.010646016464350483,NaN
8871,0.39161964035140506,0.08702658674475668,0.02795445816182303,129,0.8958333333333334,2822,23735380,0.010646016464350483,NaN
8881,0.39161964035140506,0.08702658674475668,0.02794636805106635,129,0.8958333333333334,2822,23763600,0.010646016464350483,NaN
8891,0.39161964035140506,0.08702658674475668,0.027938434257327765,129,0.8958333333333334,2822,23791820,0.010646016464350483,NaN
8901,0.39161964035140506,0.08702658674475668,0.027930652437733208,129,0.8958333333333334,2823,23820044,0.010646016464350483,NaN
8911,0.39161964035140506,0.08702658674475668,0.027923015267134484,129,0.8958333333333334,2823,23848274,0.010646016464350483,NaN
8921,0.39161964035140506,0.08702658674475668,0.02791552269663706,129,0.8958333333333334,2823,23876504,0.010646016464350483,NaN
8931,0.39161964035140506,0.08702658674475668,0.02790816903447132,129,0.8958333333333334,2823,23904734,0.010646016464350483,NaN
8941,0.39161964035140506,0.08702658674475668,0.02790094778200613,129,0.8958333333333334,2824,23932974,0.010646016464350483,NaN
8951,0.39161964035140506,0.08702658674475668,0.02789385646190705,129,0.8958333333333334,2824,23961214,0.010646016464350483,NaN
8961,0.39161964035140506,0.08702658674475668,0.02788689396665038,129,0.8958333333333334,2824,23989454,0.010646016464350483,NaN
8971,0.39161964035140506,0.08702658674475668,0.027880050402242562,129,0.8958333333333334,2825,24017699,0.010646016464350483,NaN
8981,0.39161964035140506,0.08702658674475668,0.027873323854441127,129,0.8958333333333334,2825,24045949,0.010646016464350483,NaN
8991,0.39161964035140506,0.08702658674475668,0.02786671478833159,129,0.8958333333333334,2825,24074199,0.010646016464350483,NaN
9001,0.39161964035140506,0.08702658674475668,0.02786021903215806,129,0.8958333333333334,2825,24102449,0.010646016464350483,NaN
9011,0.39161964035140506,0.08702658674475668,0.027853829452675054,129,0.8958333333333334,2826,24130709,0.010646016464350483,NaN
9021,0.39161964035140506,0.08702658674475668,0.02784754626836583,129,0.8958333333333334,2826,24158969,0.010646016464350483,NaN
9031,0.39161964035140506,0.08702658674475668,0.02784136456209337,129,0.8958333333333334,2826,24187229,0.010646016464350483,NaN
9041,0.39161964035140506,0.08702658674475668,0.027835283743377317,129,0.8958333333333334,2827,24215494,0.010646016464350483,NaN
9051,0.39161964035140506,0.08702658674475668,0.027829298038513656,129,0.8958333333333334,2827,24243764,0.010646016464350483,NaN
9061,0.39161964035140506,0.08702658674475668,0.027823409082399816,129,0.8958333333333334,2827,24272034,0.010646016464350483,NaN
9071,0.39161964035140506,0.08702658674475668,0.027817612143186527,129,0.8958333333333334,2827,24300304,0.010646016464350483,NaN
9081,0.39161964035140506,0.08702658674475668,0.02781190219043052,129,0.8958333333333334,2828,24328584,0.010646016464350483,NaN
9091,0.39161964035140506,0.08702658674475668,0.027806279830589364,129,0.8958333333333334,2828,24356864,0.010646016464350483,NaN
9101,0.39161964035140506,0.08702658674475668,0.02780074346978066,129,0.8958333333333334,2828,24385144,0.010646016464350483,NaN
9111,0.39161964035140506,0.08702658674475668,0.02779529067316451,129,0.8958333333333334,2829,24413429,0.010646016464350483,NaN
9121,0.39161964035140506,0.08702658674475668,0.027789918243404266,129,0.8958333333333334,2829,24441719,0.010646016464350483,NaN
9131,0.39161964035140506,0.08702658674475668,0.027784625037563022,129,0.8958333333333334,2829,24470009,0.010646016464350483,NaN
9141,0.39161964035140506,0.08702658674475668,0.0277794097421686,129,0.8958333333333334,2829,24498299,0.010646016464350483,NaN
9151,0.39161964035140506,0.08702658674475668,0.027774267324712946,129,0.8958333333333334,2830,24526599,0.010646016464350483,NaN
9161,0.39161964035140506,0.08702658674475668,0.027769199161143492,129,0.8958333333333334,2830,24554899,0.010646016464350483,NaN
9171,0.39161964035140506,0.08702658674475668,0.027764202997213796,129,0.8958333333333334,2830,24583199,0.010646016464350483,NaN
9181,0.39161964035140506,0.08702658674475668,0.027759275669329224,129,0.8958333333333334,2831,24611503,0.010646016464350483,NaN
9191,0.39161964035140506,0.08702658674475668,0.027754415365172133,129,0.8958333333333334,2831,24639813,0.010646016464350483,NaN
9201,0.39161964035140506,0.08702658674475668,0.027749623643356782,129,0.8958333333333334,2831,24668123,0.010646016464350483,NaN
9211,0.39161964035140506,0.08702658674475668,0.027744894515534173,129,0.8958333333333334,2831,24696433,0.010646016464350483,NaN
9221,0.39161964035140506,0.08702658674475668,0.02774023049316917,129,0.8958333333333334,2832,24724751,0.010646016464350483,NaN
9231,0.39161964035140506,0.08702658674475668,0.02773562785971205,129,0.8958333333333334,2832,24753071,0.010646016464350483,NaN
9241,0.39161964035140506,0.08702658674475668,0.02773108749458199,129,0.8958333333333334,2832,24781391,0.010646016464350483,NaN
9251,0.39161964035140506,0.08702658674475668,0.027726604964084647,129,0.8958333333333334,2833,24809714,0.010646016464350483,NaN
9261,0.39161964035140506,0.08702658674475668,0.0277221798653488,129,0.8958333333333334,2833,24838044,0.010646016464350483,NaN
9271,0.39161964035140506,0.08702658674475668,0.027717811906793177,129,0.8958333333333334,2833,24866374,0.010646016464350483,NaN
9281,0.39161964035140506,0.08702658674475668,0.027713501136566492,129,0.8958333333333334,2833,24894704,0.010646016464350483,NaN
9291,0.39161964035140506,0.08702658674475668,0.027709244295850158,129,0.8958333333333334,2834,24923041,0.010646016464350483,NaN
9301,0.39161964035140506,0.08702658674475668,0.02770504021856058,129,0.8958333333333334,2834,24951381,0.010646016464350483,NaN
9311,0.39161964035140506,0.08702658674475668,0.027700889243454756,129,0.8958333333333334,2834,24979721,0.010646016464350483,NaN
9321,0.39161964035140506,0.08702658674475668,0.027696788675825198,129,0.8958333333333334,2835,25008062,0.010646016464350483,NaN
9331,0.39161964035140506,0.08702658674475668,0.027692736850980226,129,0.8958333333333334,2835,25036412,0.010646016464350483,NaN
9341,0.39161964035140506,0.08702658674475668,0.027688735994988577,129,0.8958333333333334,2835,25064762,0.010646016464350483,NaN
9351,0.39161964035140506,0.08702658674475668,0.027684783573110067,129,0.8958333333333334,2835,25093112,0.010646016464350483,NaN
9361,0.39161964035140506,0.08702658674475668,0.027680875926023044,129,0.8958333333333334,2836,25121467,0.010646016464350483,NaN
9371,0.39161964035140506,0.08702658674475668,0.027677014038069672,129,0.8958333333333334,2836,25149827,0.010646016464350483,NaN
9381,0.39161964035140506,0.08702658674475668,0.027673197411135456,129,0.8958333333333334,2836,25178187,0.010646016464350483,NaN
9391,0.39161964035140506,0.08702658674475668,0.0276694267425093,129,0.8958333333333334,2836,25206547,0.010646016464350483,NaN
9401,0.39161964035140506,0.08702658674475668,0.027665698391040654,129,0.8958333333333334,2837,25234915,0.010646016464350483,NaN
9411,0.39161964035140506,0.08702658674475668,0.027662012704393897,129,0.8958333333333334,2837,25263285,0.010646016464350483,NaN
9421,0.39161964035140506,0.08702658674475668,0.027658368254433005,129,0.8958333333333334,2837,25291655,0.010646016464350483,NaN
9431,0.39161964035140506,0.08702658674475668,0.027654765283341848,129,0.8958333333333334,2838,25320027,0.010646016464350483,NaN
9441,0.39161964035140506,0.08702658674475668,0.027651203335468118,129,0.8958333333333334,2838,25348407,0.010646016464350483,NaN
9451,0.39161964035140506,0.08702658674475668,0.027647680499979458,129,0.8958333333333334,2838,25376787,0.010646016464350483,NaN
9461,0.39161964035140506,0.08702658674475668,0.027644195258938423,129,0.8958333333333334,2838,25405167,0.010646016464350483,NaN
9471,0.39161964035140506,0.08702658674475668,0.027640748439659094,129,0.8958333333333334,2839,25433552,0.010646016464350483,NaN
9481,0.39161964035140506,0.08702658674475668,0.027637339808713562,129,0.8958333333333334,2839,25461942,0.010646016464350483,NaN
9491,0.39161964035140506,0.08702658674475668,0.02763396637416065,129,0.8958333333333334,2839,25490332,0.010646016464350483,NaN
9501,0.39161964035140506,0.08702658674475668,0.02763062940740059,129,0.8958333333333334,2839,25518722,0.010646016464350483,NaN
9511,0.39161964035140506,0.08702658674475668,0.027627327561993036,129,0.8958333333333334,2840,25547120,0.010646016464350483,NaN
9521,0.39161964035140506,0.08702658674475668,0.027624060441296668,129,0.8958333333333334,2840,25575520,0.010646016464350483,NaN
9531,0.39161964035140506,0.08702658674475668,0.027620827521360494,129,0.8958333333333334,2840,25603920,0.010646016464350483,NaN
9541,0.39161964035140506,0.08702658674475668,0.027617628446052436,129,0.8958333333333334,2841,25632321,0.010646016464350483,NaN
9551,0.39161964035140506,0.08702658674475668,0.02761446199865249,129,0.8958333333333334,2841,25660731,0.010646016464350483,NaN
9561,0.39161964035140506,0.08702658674475668,0.02761132663617118,129,0.8958333333333334,2841,25689141,0.010646016464350483,NaN
9571,0.39161964035140506,0.08702658674475668,0.027608224274584776,129,0.8958333333333334,2841,25717551,0.010646016464350483,NaN
9581,0.39161964035140506,0.08702658674475668,0.02760515280881963,129,0.8958333333333334,2842,25745965,0.010646016464350483,NaN
9591,0.39161964035140506,0.08702658674475668,0.027602113026409962,129,0.8958333333333334,2842,25774385,0.010646016464350483,NaN
9601,0.39161964035140506,0.08702658674475668,0.02759910271714832,129,0.8958333333333334,2842,25802805,0.010646016464350483,NaN
9611,0.39161964035140506,0.08702658674475668,0.027596123404751576,129,0.8958333333333334,2842,25831225,0.010646016464350483,NaN
9621,0.39161964035140506,0.08702658674475668,0.027593171739167092,129,0.8958333333333334,2843,25859652,0.010646016464350483,NaN
9631,0.39161964035140506,0.08702658674475668,0.02759024925190358,129,0.8958333333333334,2843,25888082,0.010646016464350483,NaN
9641,0.39161964035140506,0.08702658674475668,0.027587355473275885,129,0.8958333333333334,2843,25916512,0.010646016464350483,NaN
9651,0.39161964035140506,0.08702658674475668,0.0275844879652071,129,0.8958333333333334,2843,25944942,0.010646016464350483,NaN
9661,0.39161964035140506,0.08702658674475668,0.02758164801351929,129,0.8958333333333334,2844,25973382,0.010646016464350483,NaN
9671,0.39161964035140506,0.08702658674475668,0.027578834227163285,129,0.8958333333333334,2844,26001822,0.010646016464350483,NaN
9681,0.39161964035140506,0.08702658674475668,0.027576047783793793,129,0.8958333333333334,2844,26030262,0.010646016464350483,NaN
9691,0.39161964035140506,0.08702658674475668,0.027573287477290157,129,0.8958333333333334,2845,26058704,0.010646016464350483,NaN
9701,0.39161964035140506,0.08702658674475668,0.02757055243990373,129,0.8958333333333334,2845,26087154,0.010646016464350483,NaN
9711,0.39161964035140506,0.08702658674475668,0.02756784359918098,129,0.8958333333333334,2845,26115604,0.010646016464350483,NaN
9721,0.39161964035140506,0.08702658674475668,0.027565159082338416,129,0.8958333333333334,2845,26144054,0.010646016464350483,NaN
9731,0.39161964035140506,0.08702658674475668,0.027562499251351864,129,0.8958333333333334,2846,26172509,0.010646016464350483,NaN
9741,0.39161964035140506,0.08702658674475668,0.02755986313706311,129,0.8958333333333334,2846,26200969,0.010646016464350483,NaN
9751,0.39161964035140506,0.08702658674475668,0.027557250663247015,129,0.8958333333333334,2846,26229429,0.010646016464350483,NaN
9761,0.39161964035140506,0.08702658674475668,0.027554662199107502,129,0.8958333333333334,2846,26257889,0.010646016464350483,NaN
9771,0.39161964035140506,0.08702658674475668,0.027552096240137963,129,0.8958333333333334,2847,26286356,0.010646016464350483,NaN
9781,0.39161964035140506,0.08702658674475668,0.027549553123177067,129,0.8958333333333334,2847,26314826,0.010646016464350483,NaN
9791,0.39161964035140506,0.08702658674475668,0.027547032429531364,129,0.8958333333333334,2847,26343296,0.010646016464350483,NaN
9801,0.39161964035140506,0.08702658674475668,0.027544533662896335,129,0.8958333333333334,2847,26371766,0.010646016464350483,NaN
9811,0.39161964035140506,0.08702658674475668,0.02754205635902623,129,0.8958333333333334,2848,26400245,0.010646016464350483,NaN
9821,0.39161964035140506,0.08702658674475668,0.027539600322175683,129,0.8958333333333334,2848,26428725,0.010646016464350483,NaN
9831,0.39161964035140506,0.08702658674475668,0.027537165204684105,129,0.8958333333333334,2848,26457205,0.010646016464350483,NaN
9841,0.39161964035140506,0.08702658674475668,0.02753475173117345,129,0.8958333333333334,2849,26485686,0.010646016464350483,NaN
9851,0.39161964035140506,0.08702658674475668,0.027532357732907048,129,0.8958333333333334,2849,26514176,0.010646016464350483,NaN
9861,0.39161964035140506,0.08702658674475668,0.027529984965788505,129,0.8958333333333334,2849,26542666,0.010646016464350483,NaN
9871,0.39161964035140506,0.08702658674475668,0.027527631927320006,129,0.8958333333333334,2849,26571156,0.010646016464350483,NaN
9881,0.39161964035140506,0.08702658674475668,0.02752529766597906,129,0.8958333333333334,2850,26599649,0.010646016464350483,NaN
9891,0.39161964035140506,0.08702658674475668,0.02752298322610795,129,0.8958333333333334,2850,26628149,0.010646016464350483,NaN
9901,0.39161964035140506,0.08702658674475668,0.02752068781888861,129,0.8958333333333334,2850,26656649,0.010646016464350483,NaN
9911,0.39161964035140506,0.08702658674475668,0.02751841094900699,129,0.8958333333333334,2850,26685149,0.010646016464350483,NaN
9921,0.39161964035140506,0.08702658674475668,0.027516152209991544,129,0.8958333333333334,2851,26713653,0.010646016464350483,NaN
9931,0.39161964035140506,0.08702658674475668,0.027513911441503048,129,0.8958333333333334,2851,26742163,0.010646016464350483,NaN
9941,0.39161964035140506,0.08702658674475668,0.02751168929849956,129,0.8958333333333334,2851,26770673,0.010646016464350483,NaN
9951,0.39161964035140506,0.08702658674475668,0.027509484701739043,129,0.8958333333333334,2851,26799183,0.010646016464350483,NaN
9961,0.39161964035140506,0.08702658674475668,0.027507297130124564,129,0.8958333333333334,2852,26827699,0.010646016464350483,NaN
9971,0.39161964035140506,0.08702658674475668,0.027505127062725922,129,0.8958333333333334,2852,26856219,0.010646016464350483,NaN
9981,0.39161964035140506,0.08702658674475668,0.027502975127140786,129,0.8958333333333334,2852,26884739,0.010646016464350483,NaN
9991,0.39161964035140506,0.08702658674475668,0.027500839110149243,129,0.8958333333333334,2852,26913259,0.010646016464350483,NaN
10001,0.39161964035140506,0.08702658674475668,0.02749871897459742,129,0.8958333333333334,2853,26941786,0.010646016464350483,NaN
10011,0.39161964035140506,0.08702658674475668,0.02749661696020701,129,0.8958333333333334,2853,26970316,0.010646016464350483,NaN
10021,0.39161964035140506,0.08702658674475668,0.02749453001341666,129,0.8958333333333334,2853,26998846,0.010646016464350483,NaN
10031,0.39161964035140506,0.08702658674475668,0.027492459377297704,129,0.8958333333333334,2853,27027376,0.010646016464350483,NaN
10041,0.39161964035140506,0.08702658674475668,0.027490404364612836,129,0.8958333333333334,2854,27055914,0.010646016464350483,NaN
10051,0.39161964035140506,0.08702658674475668,0.027488365551763615,129,0.8958333333333334,2854,27084454,0.010646016464350483,NaN
10061,0.39161964035140506,0.08702658674475668,0.027486341119876648,129,0.8958333333333334,2854,27112994,0.010646016464350483,NaN
10071,0.39161964035140506,0.08702658674475668,0.02748433280305165,129,0.8958333333333334,2854,27141534,0.010646016464350483,NaN
10081,0.39161964035140506,0.08702658674475668,0.02748233894530658,129,0.8958333333333334,2855,27170083,0.010646016464350483,NaN
10091,0.39161964035140506,0.08702658674475668,0.027480359784876833,129,0.8958333333333334,2855,27198633,0.010646016464350483,NaN
10101,0.39161964035140506,0.08702658674475668,0.027478395484784958,129,0.8958333333333334,2855,27227183,0.010646016464350483,NaN
10111,0.39161964035140506,0.08702658674475668,0.02747644622667418,129,0.8958333333333334,2855,27255733,0.010646016464350483,NaN
10121,0.39161964035140506,0.08702658674475668,0.027474510122679312,129,0.8958333333333334,2856,27284293,0.010646016464350483,NaN
10131,0.39161964035140506,0.08702658674475668,0.02747258861961853,129,0.8958333333333334,2856,27312853,0.010646016464350483,NaN
10141,0.39161964035140506,0.08702658674475668,0.02747068078483145,129,0.8958333333333334,2856,27341413,0.010646016464350483,NaN
10151,0.39161964035140506,0.08702658674475668,0.0274687869617216,129,0.8958333333333334,2857,27369974,0.010646016464350483,NaN
10161,0.39161964035140506,0.08702658674475668,0.027466906345048468,129,0.8958333333333334,2857,27398544,0.010646016464350483,NaN
10171,0.39161964035140506,0.08702658674475668,0.027465039355920724,129,0.8958333333333334,2857,27427114,0.010646016464350483,NaN
10181,0.39161964035140506,0.08702658674475668,0.02746318570965279,129,0.8958333333333334,2857,27455684,0.010646016464350483,NaN
10191,0.39161964035140506,0.08702658674475668,0.027461344940927432,129,0.8958333333333334,2858,27484256,0.010646016464350483,NaN
10201,0.39161964035140506,0.08702658674475668,0.02745951658753663,129,0.8958333333333334,2858,27512836,0.010646016464350483,NaN
10211,0.39161964035140506,0.08702658674475668,0.027457701404993134,129,0.8958333333333334,2858,27541416,0.010646016464350483,NaN
10221,0.39161964035140506,0.08702658674475668,0.02745589898665001,129,0.8958333333333334,2858,27569996,0.010646016464350483,NaN
10231,0.39161964035140506,0.08702658674475668,0.027454109289923857,129,0.8958333333333334,2859,27598578,0.010646016464350483,NaN
10241,0.39161964035140506,0.08702658674475668,0.027452331620051937,129,0.8958333333333334,2859,27627168,0.010646016464350483,NaN
10251,0.39161964035140506,0.08702658674475668,0.02745056593308038,129,0.8958333333333334,2859,27655758,0.010646016464350483,NaN
10261,0.39161964035140506,0.08702658674475668,0.027448812984506174,129,0.8958333333333334,2859,27684348,0.010646016464350483,NaN
10271,0.39161964035140506,0.08702658674475668,0.02744707177375985,129,0.8958333333333334,2860,27712940,0.010646016464350483,NaN
10281,0.39161964035140506,0.08702658674475668,0.02744534243946561,129,0.8958333333333334,2860,27741540,0.010646016464350483,NaN
10291,0.39161964035140506,0.08702658674475668,0.027443624936106463,129,0.8958333333333334,2860,27770140,0.010646016464350483,NaN
10301,0.39161964035140506,0.08702658674475668,0.02744191869453826,129,0.8958333333333334,2860,27798740,0.010646016464350483,NaN
10311,0.39161964035140506,0.08702658674475668,0.02744022391673911,129,0.8958333333333334,2861,27827342,0.010646016464350483,NaN
10321,0.39161964035140506,0.08702658674475668,0.027438539457046177,129,0.8958333333333334,2861,27855952,0.010646016464350483,NaN
10331,0.39161964035140506,0.08702658674475668,0.027436866375023846,129,0.8958333333333334,2861,27884562,0.010646016464350483,NaN
10341,0.39161964035140506,0.08702658674475668,0.027435205269308316,129,0.8958333333333334,2861,27913172,0.010646016464350483,NaN
10351,0.39161964035140506,0.08702658674475668,0.02743355468845881,129,0.8958333333333334,2862,27941784,0.010646016464350483,NaN
10361,0.39161964035140506,0.08702658674475668,0.027431914223739324,129,0.8958333333333334,2862,27970404,0.010646016464350483,NaN
10371,0.39161964035140506,0.08702658674475668,0.027430284857375323,129,0.8958333333333334,2862,27999024,0.010646016464350483,NaN
10381,0.39161964035140506,0.08702658674475668,0.027428666154157726,129,0.8958333333333334,2862,28027644,0.010646016464350483,NaN
10391,0.39161964035140506,0.08702658674475668,0.02742705859994219,129,0.8958333333333334,2863,28056266,0.010646016464350483,NaN
10401,0.39161964035140506,0.08702658674475668,0.027425459822525016,129,0.8958333333333334,2863,28084896,0.010646016464350483,NaN
10411,0.39161964035140506,0.08702658674475668,0.027423871212142268,129,0.8958333333333334,2863,28113526,0.010646016464350483,NaN
10421,0.39161964035140506,0.08702658674475668,0.027422293595518427,129,0.8958333333333334,2863,28142156,0.010646016464350483,NaN
10431,0.39161964035140506,0.08702658674475668,0.027420725743238172,129,0.8958333333333334,2864,28170788,0.010646016464350483,NaN
10441,0.39161964035140506,0.08702658674475668,0.027419167393544178,129,0.8958333333333334,2864,28199428,0.010646016464350483,NaN
10451,0.39161964035140506,0.08702658674475668,0.027417618970607557,129,0.8958333333333334,2864,28228068,0.010646016464350483,NaN
10461,0.39161964035140506,0.08702658674475668,0.027416080569553854,129,0.8958333333333334,2864,28256708,0.010646016464350483,NaN
10471,0.39161964035140506,0.08702658674475668,0.027414551995719634,129,0.8958333333333334,2865,28285349,0.010646016464350483,NaN
10481,0.39161964035140506,0.08702658674475668,0.027413031920220796,129,0.8958333333333334,2865,28313999,0.010646016464350483,NaN
10491,0.39161964035140506,0.08702658674475668,0.02741152158865811,129,0.8958333333333334,2865,28342649,0.010646016464350483,NaN
10501,0.39161964035140506,0.08702658674475668,0.027410021107116676,129,0.8958333333333334,2865,28371299,0.010646016464350483,NaN
10511,0.39161964035140506,0.08702658674475668,0.027408529328629444,129,0.8958333333333334,2866,28399950,0.010646016464350483,NaN
10521,0.39161964035140506,0.08702658674475668,0.027407046540044985,129,0.8958333333333334,2866,28428610,0.010646016464350483,NaN
10531,0.39161964035140506,0.08702658674475668,0.02740557220621416,129,0.8958333333333334,2866,28457270,0.010646016464350483,NaN
10541,0.39161964035140506,0.08702658674475668,0.027404106675560536,129,0.8958333333333334,2866,28485930,0.010646016464350483,NaN
10551,0.39161964035140506,0.08702658674475668,0.027402651010009254,129,0.8958333333333334,2866,28514590,0.010646016464350483,NaN
10561,0.39161964035140506,0.08702658674475668,0.027401203553319216,129,0.8958333333333334,2867,28543260,0.010646016464350483,NaN
10571,0.39161964035140506,0.08702658674475668,0.027399764756552383,129,0.8958333333333334,2867,28571930,0.010646016464350483,NaN
10581,0.39161964035140506,0.08702658674475668,0.027398334196757287,129,0.8958333333333334,2867,28600600,0.010646016464350483,NaN
10591,0.39161964035140506,0.08702658674475668,0.02739691248169831,129,0.8958333333333334,2867,28629270,0.010646016464350483,NaN
10601,0.39161964035140506,0.08702658674475668,0.027395498369468717,129,0.8958333333333334,2868,28657949,0.010646016464350483,NaN
10611,0.39161964035140506,0.08702658674475668,0.02739409284650299,129,0.8958333333333334,2868,28686629,0.010646016464350483,NaN
10621,0.39161964035140506,0.08702658674475668,0.027392695807712766,129,0.8958333333333334,2868,28715309,0.010646016464350483,NaN
10631,0.39161964035140506,0.08702658674475668,0.027391307506903186,129,0.8958333333333334,2868,28743989,0.010646016464350483,NaN
10641,0.39161964035140506,0.08702658674475668,0.02738992677675032,129,0.8958333333333334,2869,28772677,0.010646016464350483,NaN
10651,0.39161964035140506,0.08702658674475668,0.027388553998345104,129,0.8958333333333334,2869,28801367,0.010646016464350483,NaN
10661,0.39161964035140506,0.08702658674475668,0.027387188917807243,129,0.8958333333333334,2869,28830057,0.010646016464350483,NaN
10671,0.39161964035140506,0.08702658674475668,0.027385831923744636,129,0.8958333333333334,2869,28858747,0.010646016464350483,NaN
10681,0.39161964035140506,0.08702658674475668,0.02738448279870726,129,0.8958333333333334,2870,28887443,0.010646016464350483,NaN
10691,0.39161964035140506,0.08702658674475668,0.027383141099468038,129,0.8958333333333334,2870,28916143,0.010646016464350483,NaN
10701,0.39161964035140506,0.08702658674475668,0.027381806588129238,129,0.8958333333333334,2870,28944843,0.010646016464350483,NaN
10711,0.39161964035140506,0.08702658674475668,0.0273804796311429,129,0.8958333333333334,2870,28973543,0.010646016464350483,NaN
10721,0.39161964035140506,0.08702658674475668,0.02737916068425052,129,0.8958333333333334,2871,29002248,0.010646016464350483,NaN
10731,0.39161964035140506,0.08702658674475668,0.027377848525958027,129,0.8958333333333334,2871,29030958,0.010646016464350483,NaN
10741,0.39161964035140506,0.08702658674475668,0.027376544001041694,129,0.8958333333333334,2871,29059668,0.010646016464350483,NaN
10751,0.39161964035140506,0.08702658674475668,0.02737524680260719,129,0.8958333333333334,2871,29088378,0.010646016464350483,NaN
10761,0.39161964035140506,0.08702658674475668,0.027373956717403673,129,0.8958333333333334,2872,29117091,0.010646016464350483,NaN
10771,0.39161964035140506,0.08702658674475668,0.027372673570626064,129,0.8958333333333334,2872,29145811,0.010646016464350483,NaN
10781,0.39161964035140506,0.08702658674475668,0.02737139785686108,129,0.8958333333333334,2872,29174531,0.010646016464350483,NaN
10791,0.39161964035140506,0.08702658674475668,0.027370128782716583,129,0.8958333333333334,2872,29203251,0.010646016464350483,NaN
10801,0.39161964035140506,0.08702658674475668,0.027368866748592846,129,0.8958333333333334,2873,29231973,0.010646016464350483,NaN
10811,0.39161964035140506,0.08702658674475668,0.027367610927533634,129,0.8958333333333334,2873,29260703,0.010646016464350483,NaN
10821,0.39161964035140506,0.08702658674475668,0.027366362390919163,129,0.8958333333333334,2873,29289433,0.010646016464350483,NaN
10831,0.39161964035140506,0.08702658674475668,0.02736512064438238,129,0.8958333333333334,2873,29318163,0.010646016464350483,NaN
10841,0.39161964035140506,0.08702658674475668,0.02736388580748309,129,0.8958333333333334,2873,29346893,0.010646016464350483,NaN
10851,0.39161964035140506,0.08702658674475668,0.02736265748036204,129,0.8958333333333334,2874,29375633,0.010646016464350483,NaN
10861,0.39161964035140506,0.08702658674475668,0.027361435617916263,129,0.8958333333333334,2874,29404373,0.010646016464350483,NaN
10871,0.39161964035140506,0.08702658674475668,0.027360220088429994,129,0.8958333333333334,2874,29433113,0.010646016464350483,NaN
10881,0.39161964035140506,0.08702658674475668,0.027359011048113332,129,0.8958333333333334,2874,29461853,0.010646016464350483,NaN
10891,0.39161964035140506,0.08702658674475668,0.027357807850008006,129,0.8958333333333334,2875,29490600,0.010646016464350483,NaN
10901,0.39161964035140506,0.08702658674475668,0.027356610872361912,129,0.8958333333333334,2875,29519350,0.010646016464350483,NaN
10911,0.39161964035140506,0.08702658674475668,0.027355420470112038,129,0.8958333333333334,2875,29548100,0.010646016464350483,NaN
10921,0.39161964035140506,0.08702658674475668,0.027354236674909268,129,0.8958333333333334,2875,29576850,0.010646016464350483,NaN
10931,0.39161964035140506,0.08702658674475668,0.027353058605773285,129,0.8958333333333334,2876,29605605,0.010646016464350483,NaN
10941,0.39161964035140506,0.08702658674475668,0.027351887116466397,129,0.8958333333333334,2876,29634365,0.010646016464350483,NaN
10951,0.39161964035140506,0.08702658674475668,0.027350721032152636,129,0.8958333333333334,2876,29663125,0.010646016464350483,NaN
10961,0.39161964035140506,0.08702658674475668,0.027349561365296496,129,0.8958333333333334,2876,29691885,0.010646016464350483,NaN
10971,0.39161964035140506,0.08702658674475668,0.02734840754811704,129,0.8958333333333334,2877,29720648,0.010646016464350483,NaN
10981,0.39161964035140506,0.08702658674475668,0.02734725977762422,129,0.8958333333333334,2877,29749418,0.010646016464350483,NaN
10991,0.39161964035140506,0.08702658674475668,0.027346117632346564,129,0.8958333333333334,2877,29778188,0.010646016464350483,NaN
11001,0.3585780187751383,0.07889999421327266,0.026896097666489448,127,0.8819444444444444,2833,29806560,0.008941190211995576,NaN
11011,0.3271702457636041,0.07212670773264573,0.026521532288791144,127,0.8819444444444444,2833,29834890,0.00739738421643632,NaN
11021,0.302743386790728,0.06682165798593902,0.02623096710136376,127,0.8819444444444444,2833,29863220,0.007749381698268748,NaN
11031,0.28284102704977365,0.06251678448932803,0.025996975285662048,127,0.8819444444444444,2833,29891550,0.00739738421643632,NaN
11041,0.266949751526147,0.05895347454736948,0.02580319161558995,127,0.8819444444444444,2834,29919884,0.00739738421643632,NaN
11051,0.25352461636067336,0.05603242134339299,0.0256392310787249,127,0.8819444444444444,2834,29948224,0.00739738421643632,NaN
11061,0.24157049998679747,0.053437471432427726,0.02549812884896465,127,0.8819444444444444,2834,29976564,0.00739738421643632,NaN
11071,0.23150078878859706,0.05124441721804927,0.02537501138084262,127,0.8819444444444444,2834,30004904,0.00739738421643632,NaN
11081,0.22257332688209963,0.04927433921601994,0.025266336870832354,127,0.8819444444444444,2834,30033244,0.00739738421643632,NaN
11091,0.21470665187025723,0.047545629723982304,0.025169436636737295,127,0.8819444444444444,2835,30061594,0.00739738421643632,NaN
11101,0.2075918184291234,0.045977113119876414,0.025082348030252603,127,0.8819444444444444,2835,30089944,0.00739738421643632,NaN
11111,0.2011898273456975,0.04457010763749329,0.025003506458009077,127,0.8819444444444444,2835,30118294,0.00739738421643632,NaN
11121,0.19533088149926958,0.043285397815691656,0.024931684896476056,127,0.8819444444444444,2835,30146644,0.00739738421643632,NaN
11131,0.18980098800393538,0.04206386317833505,0.02486587254918097,127,0.8819444444444444,2836,30175001,0.00739738421643632,NaN
11141,0.18484112264599176,0.040965515752027226,0.024805279494004382,127,0.8819444444444444,2836,30203361,0.00739738421643632,NaN
11151,0.18015804765438845,0.03993344450549945,0.02474925799180809,127,0.8819444444444444,2836,30231721,0.00739738421643632,NaN
11161,0.1758929190279585,0.038998957619505906,0.0246972456229581,127,0.8819444444444444,2836,30260081,0.00739738421643632,NaN
11171,0.17192883608114573,0.03811259062493406,0.02464878308581137,127,0.8819444444444444,2837,30288444,0.00739738421643632,NaN
11181,0.16827130955626107,0.03731425338417974,0.024603478334699436,127,0.8819444444444444,2837,30316814,0.00739738421643632,NaN
11191,0.16493276596950768,0.03657498644962245,0.024561010702974687,127,0.8819444444444444,2837,30345184,0.00739738421643632,NaN
11201,0.16169844122828309,0.03586116091139885,0.024521088446545124,127,0.8819444444444444,2837,30373554,0.00739738421643632,NaN
11211,0.15860582475573975,0.03517599492737539,0.024483466724289277,127,0.8819444444444444,2837,30401924,0.00739738421643632,NaN
11221,0.15569667864190345,0.034534067313128955,0.02444791974035343,127,0.8819444444444444,2838,30430303,0.00739738421643632,NaN
11231,0.15294916028890848,0.03392696972389679,0.024414272135867686,127,0.8819444444444444,2838,30458683,0.00739738421643632,NaN
11241,0.15088028881431345,0.033528953069847434,0.024382360694745267,127,0.8819444444444444,2838,30487063,0.00739738421643632,NaN
11251,0.15088028881431345,0.033528953069847434,0.02435203655646002,127,0.8819444444444444,2838,30515443,0.00739738421643632,NaN
11261,0.15088028881431345,0.033528953069847434,0.02432316914661612,127,0.8819444444444444,2839,30543828,0.00739738421643632,NaN
11271,0.15088028881431345,0.033528953069847434,0.02429564581471773,127,0.8819444444444444,2839,30572218,0.00739738421643632,NaN
11281,0.15088028881431345,0.033528953069847434,0.02426936720991479,127,0.8819444444444444,2839,30600608,0.00739738421643632,NaN
11291,0.15088028881431345,0.033528953069847434,0.024244240390705454,127,0.8819444444444444,2839,30628998,0.00739738421643632,NaN
11301,0.15088028881431345,0.033528953069847434,0.02422018666036983,127,0.8819444444444444,2839,30657388,0.00739738421643632,NaN
11311,0.15088028881431345,0.033528953069847434,0.024197115016251446,127,0.8819444444444444,2840,30685788,0.00739738421643632,NaN
11321,0.15088028881431345,0.033528953069847434,0.024174972994117125,127,0.8819444444444444,2840,30714188,0.00739738421643632,NaN
11331,0.15088028881431345,0.033528953069847434,0.02415370124376642,127,0.8819444444444444,2840,30742588,0.00739738421643632,NaN
11341,0.15088028881431345,0.033528953069847434,0.02413324334461829,127,0.8819444444444444,2840,30770988,0.00739738421643632,NaN
11351,0.15088028881431345,0.033528953069847434,0.024113539643667498,127,0.8819444444444444,2841,30799394,0.00739738421643632,NaN
11361,0.15088028881431345,0.033528953069847434,0.02409454746993709,127,0.8819444444444444,2841,30827804,0.00739738421643632,NaN
11371,0.15088028881431345,0.033528953069847434,0.02407622573530127,127,0.8819444444444444,2841,30856214,0.00739738421643632,NaN
11381,0.15088028881431345,0.033528953069847434,0.024058539821471426,127,0.8819444444444444,2841,30884624,0.00739738421643632,NaN
11391,0.15088028881431345,0.033528953069847434,0.024041450884884134,127,0.8819444444444444,2842,30913035,0.00739738421643632,NaN
11401,0.15088028881431345,0.033528953069847434,0.024024918245281756,127,0.8819444444444444,2842,30941455,0.00739738421643632,NaN
11411,0.15088028881431345,0.033528953069847434,0.02400892110142692,127,0.8819444444444444,2842,30969875,0.00739738421643632,NaN
11421,0.15088028881431345,0.033528953069847434,0.02399342985359921,127,0.8819444444444444,2842,30998295,0.00739738421643632,NaN
11431,0.15088028881431345,0.033528953069847434,0.023978417678464096,127,0.8819444444444444,2842,31026715,0.00739738421643632,NaN
11441,0.15088028881431345,0.033528953069847434,0.02396385434356356,127,0.8819444444444444,2843,31055141,0.00739738421643632,NaN
11451,0.15088028881431345,0.033528953069847434,0.023949723163082276,127,0.8819444444444444,2843,31083571,0.00739738421643632,NaN
11461,0.15088028881431345,0.033528953069847434,0.023936000880308558,127,0.8819444444444444,2843,31112001,0.00739738421643632,NaN
11471,0.15088028881431345,0.033528953069847434,0.023922665766108728,127,0.8819444444444444,2843,31140431,0.00739738421643632,NaN
11481,0.15088028881431345,0.033528953069847434,0.023909706738504295,127,0.8819444444444444,2844,31168862,0.00739738421643632,NaN
11491,0.15088028881431345,0.033528953069847434,0.023897096567039186,127,0.8819444444444444,2844,31197302,0.00739738421643632,NaN
11501,0.15088028881431345,0.033528953069847434,0.02388482944489634,127,0.8819444444444444,2844,31225742,0.00739738421643632,NaN
11511,0.15088028881431345,0.033528953069847434,0.02387288127599284,127,0.8819444444444444,2844,31254182,0.00739738421643632,NaN
11521,0.15088028881431345,0.033528953069847434,0.023861247133390752,127,0.8819444444444444,2844,31282622,0.00739738421643632,NaN
11531,0.15088028881431345,0.033528953069847434,0.02384990729651914,127,0.8819444444444444,2845,31311067,0.00739738421643632,NaN
11541,0.15088028881431345,0.033528953069847434,0.023838848019246083,127,0.8819444444444444,2845,31339517,0.00739738421643632,NaN
11551,0.15088028881431345,0.033528953069847434,0.023828061574125838,127,0.8819444444444444,2845,31367967,0.00739738421643632,NaN
11561,0.15088028881431345,0.033528953069847434,0.02381753617080669,127,0.8819444444444444,2845,31396417,0.00739738421643632,NaN
11571,0.15088028881431345,0.033528953069847434,0.023807263605432474,127,0.8819444444444444,2845,31424867,0.00739738421643632,NaN
11581,0.15088028881431345,0.033528953069847434,0.023797226299384053,127,0.8819444444444444,2846,31453327,0.00739738421643632,NaN
11591,0.15088028881431345,0.033528953069847434,0.02378742100065273,127,0.8819444444444444,2846,31481787,0.00739738421643632,NaN
11601,0.15088028881431345,0.033528953069847434,0.023777837861973218,127,0.8819444444444444,2846,31510247,0.00739738421643632,NaN
11611,0.15088028881431345,0.033528953069847434,0.023768468047874133,127,0.8819444444444444,2846,31538707,0.00739738421643632,NaN
11621,0.15088028881431345,0.033528953069847434,0.023759302238306333,127,0.8819444444444444,2847,31567171,0.00739738421643632,NaN
11631,0.15088028881431345,0.033528953069847434,0.023750331824358362,127,0.8819444444444444,2847,31595641,0.00739738421643632,NaN
11641,0.15088028881431345,0.033528953069847434,0.02374155665345109,127,0.8819444444444444,2847,31624111,0.00739738421643632,NaN
11651,0.15088028881431345,0.033528953069847434,0.023732965173117574,127,0.8819444444444444,2847,31652581,0.00739738421643632,NaN
11661,0.15088028881431345,0.033528953069847434,0.02372455235536038,127,0.8819444444444444,2847,31681051,0.00739738421643632,NaN
11671,0.15088028881431345,0.033528953069847434,0.023716306444355868,127,0.8819444444444444,2848,31709529,0.00739738421643632,NaN
11681,0.15088028881431345,0.033528953069847434,0.023708228065862525,127,0.8819444444444444,2848,31738009,0.00739738421643632,NaN
11691,0.15088028881431345,0.033528953069847434,0.023700312869145798,127,0.8819444444444444,2848,31766489,0.00739738421643632,NaN
11701,0.15088028881431345,0.033528953069847434,0.023692549432405036,127,0.8819444444444444,2848,31794969,0.00739738421643632,NaN
11711,0.15088028881431345,0.033528953069847434,0.02368493701205394,127,0.8819444444444444,2849,31823451,0.00739738421643632,NaN
11721,0.15088028881431345,0.033528953069847434,0.023677468828077388,127,0.8819444444444444,2849,31851941,0.00739738421643632,NaN
11731,0.15088028881431345,0.033528953069847434,0.02367014015301861,127,0.8819444444444444,2849,31880431,0.00739738421643632,NaN
11741,0.15088028881431345,0.033528953069847434,0.02366294962406513,127,0.8819444444444444,2849,31908921,0.00739738421643632,NaN
11751,0.15088028881431345,0.033528953069847434,0.023655892623067568,127,0.8819444444444444,2849,31937411,0.00739738421643632,NaN
11761,0.15088028881431345,0.033528953069847434,0.023648960386336487,127,0.8819444444444444,2850,31965907,0.00739738421643632,NaN
11771,0.15088028881431345,0.033528953069847434,0.023642152298364187,127,0.8819444444444444,2850,31994407,0.00739738421643632,NaN
11781,0.15088028881431345,0.033528953069847434,0.023635461533477495,127,0.8819444444444444,2850,32022907,0.00739738421643632,NaN
11791,0.15088028881431345,0.033528953069847434,0.02362889108936753,127,0.8819444444444444,2850,32051407,0.00739738421643632,NaN
11801,0.15088028881431345,0.033528953069847434,0.023622433039796116,127,0.8819444444444444,2850,32079907,0.00739738421643632,NaN
11811,0.15088028881431345,0.033528953069847434,0.023616083100023114,127,0.8819444444444444,2851,32108417,0.00739738421643632,NaN
11821,0.15088028881431345,0.033528953069847434,0.023609841330663198,127,0.8819444444444444,2851,32136927,0.00739738421643632,NaN
11831,0.15088028881431345,0.033528953069847434,0.023603702100241684,127,0.8819444444444444,2851,32165437,0.00739738421643632,NaN
11841,0.15088028881431345,0.033528953069847434,0.02359766520598464,127,0.8819444444444444,2851,32193947,0.00739738421643632,NaN
11851,0.15088028881431345,0.033528953069847434,0.02359172611739635,127,0.8819444444444444,2852,32222460,0.00739738421643632,NaN
11861,0.15088028881431345,0.033528953069847434,0.023585881588190836,127,0.8819444444444444,2852,32250980,0.00739738421643632,NaN
11871,0.15088028881431345,0.033528953069847434,0.02358013152972252,127,0.8819444444444444,2852,32279500,0.00739738421643632,NaN
11881,0.15088028881431345,0.033528953069847434,0.023574469570210733,127,0.8819444444444444,2852,32308020,0.00739738421643632,NaN
11891,0.15088028881431345,0.033528953069847434,0.02356889615123054,127,0.8819444444444444,2852,32336540,0.00739738421643632,NaN
11901,0.15088028881431345,0.033528953069847434,0.023563408015431806,127,0.8819444444444444,2853,32365067,0.00739738421643632,NaN
11911,0.15088028881431345,0.033528953069847434,0.023558003155499958,127,0.8819444444444444,2853,32393597,0.00739738421643632,NaN
11921,0.15088028881431345,0.033528953069847434,0.02355268069612028,127,0.8819444444444444,2853,32422127,0.00739738421643632,NaN
11931,0.15088028881431345,0.033528953069847434,0.02354743698865527,127,0.8819444444444444,2853,32450657,0.00739738421643632,NaN
11941,0.15088028881431345,0.033528953069847434,0.023542270947719234,127,0.8819444444444444,2853,32479187,0.00739738421643632,NaN
11951,0.15088028881431345,0.033528953069847434,0.023537178122929867,127,0.8819444444444444,2854,32507727,0.00739738421643632,NaN
11961,0.15088028881431345,0.033528953069847434,0.0235321618220262,127,0.8819444444444444,2854,32536267,0.00739738421643632,NaN
11971,0.15088028881431345,0.033528953069847434,0.02352721591669547,127,0.8819444444444444,2854,32564807,0.00739738421643632,NaN
11981,0.15088028881431345,0.033528953069847434,0.02352234096987304,127,0.8819444444444444,2854,32593347,0.00739738421643632,NaN
11991,0.15088028881431345,0.033528953069847434,0.023517534090692842,127,0.8819444444444444,2855,32621890,0.00739738421643632,NaN
12001,0.15088028881431345,0.033528953069847434,0.023512791414062782,127,0.8819444444444444,2855,32650440,0.00739738421643632,NaN
12011,0.15088028881431345,0.033528953069847434,0.02350811534312578,127,0.8819444444444444,2855,32678990,0.00739738421643632,NaN
12021,0.15088028881431345,0.033528953069847434,0.023503503781647197,127,0.8819444444444444,2855,32707540,0.00739738421643632,NaN
12031,0.15088028881431345,0.033528953069847434,0.023498951895835715,127,0.8819444444444444,2855,32736090,0.00739738421643632,NaN
12041,0.15088028881431345,0.033528953069847434,0.023494459812852107,127,0.8819444444444444,2856,32764645,0.00739738421643632,NaN
12051,0.15088028881431345,0.033528953069847434,0.023490028133681087,127,0.8819444444444444,2856,32793205,0.00739738421643632,NaN
12061,0.15088028881431345,0.033528953069847434,0.023485652634622135,127,0.8819444444444444,2856,32821765,0.00739738421643632,NaN
12071,0.15088028881431345,0.033528953069847434,0.023481337336932858,127,0.8819444444444444,2856,32850325,0.00739738421643632,NaN
12081,0.15088028881431345,0.033528953069847434,0.023477077742714854,127,0.8819444444444444,2856,32878885,0.00739738421643632,NaN
12091,0.15088028881431345,0.033528953069847434,0.023472872437663824,127,0.8819444444444444,2857,32907453,0.00739738421643632,NaN
12101,0.15088028881431345,0.033528953069847434,0.02346871850113645,127,0.8819444444444444,2857,32936023,0.00739738421643632,NaN
12111,0.15088028881431345,0.033528953069847434,0.023464619037859114,127,0.8819444444444444,2857,32964593,0.00739738421643632,NaN
12121,0.15088028881431345,0.033528953069847434,0.023460569217168013,127,0.8819444444444444,2857,32993163,0.00739738421643632,NaN
12131,0.15088028881431345,0.033528953069847434,0.02345656967409117,127,0.8819444444444444,2857,33021733,0.00739738421643632,NaN
12141,0.15088028881431345,0.033528953069847434,0.02345261832924149,127,0.8819444444444444,2858,33050313,0.00739738421643632,NaN
12151,0.15088028881431345,0.033528953069847434,0.023448714060349925,127,0.8819444444444444,2858,33078893,0.00739738421643632,NaN
12161,0.15088028881431345,0.033528953069847434,0.023444860007076337,127,0.8819444444444444,2858,33107473,0.00739738421643632,NaN
12171,0.15088028881431345,0.033528953069847434,0.023441051372762617,127,0.8819444444444444,2858,33136053,0.00739738421643632,NaN
12181,0.15088028881431345,0.033528953069847434,0.02343728673754805,127,0.8819444444444444,2859,33164635,0.00739738421643632,NaN
12191,0.15088028881431345,0.033528953069847434,0.02343356648293622,127,0.8819444444444444,2859,33193225,0.00739738421643632,NaN
12201,0.15088028881431345,0.033528953069847434,0.023429889889941644,127,0.8819444444444444,2859,33221815,0.00739738421643632,NaN
12211,0.15088028881431345,0.033528953069847434,0.023426252960639007,127,0.8819444444444444,2859,33250405,0.00739738421643632,NaN
12221,0.15088028881431345,0.033528953069847434,0.023422658172364292,127,0.8819444444444444,2859,33278995,0.00739738421643632,NaN
12231,0.15088028881431345,0.033528953069847434,0.023419103073006223,127,0.8819444444444444,2860,33307589,0.00739738421643632,NaN
12241,0.15088028881431345,0.033528953069847434,0.023415588333024095,127,0.8819444444444444,2860,33336189,0.00739738421643632,NaN
12251,0.15088028881431345,0.033528953069847434,0.02341211547759932,127,0.8819444444444444,2860,33364789,0.00739738421643632,NaN
12261,0.15088028881431345,0.033528953069847434,0.02340868007706756,127,0.8819444444444444,2860,33393389,0.00739738421643632,NaN
12271,0.15088028881431345,0.033528953069847434,0.023405282539414082,127,0.8819444444444444,2860,33421989,0.00739738421643632,NaN
12281,0.15088028881431345,0.033528953069847434,0.023401919953816783,127,0.8819444444444444,2861,33450595,0.00739738421643632,NaN
12291,0.15088028881431345,0.033528953069847434,0.023398594600696355,127,0.8819444444444444,2861,33479205,0.00739738421643632,NaN
12301,0.15088028881431345,0.033528953069847434,0.02339530377424021,127,0.8819444444444444,2861,33507815,0.00739738421643632,NaN
12311,0.15088028881431345,0.033528953069847434,0.023392048808794075,127,0.8819444444444444,2861,33536425,0.00739738421643632,NaN
12321,0.15088028881431345,0.033528953069847434,0.023388829640155,127,0.8819444444444444,2861,33565035,0.00739738421643632,NaN
12331,0.15088028881431345,0.033528953069847434,0.023385643329124708,127,0.8819444444444444,2862,33593653,0.00739738421643632,NaN
12341,0.15088028881431345,0.033528953069847434,0.02338249066569659,127,0.8819444444444444,2862,33622273,0.00739738421643632,NaN
12351,0.15088028881431345,0.033528953069847434,0.023379371578513525,127,0.8819444444444444,2862,33650893,0.00739738421643632,NaN
12361,0.15088028881431345,0.033528953069847434,0.02337628527758202,127,0.8819444444444444,2862,33679513,0.00739738421643632,NaN
12371,0.15088028881431345,0.033528953069847434,0.023373229145767664,127,0.8819444444444444,2862,33708133,0.00739738421643632,NaN
12381,0.15088028881431345,0.033528953069847434,0.023370203843236743,127,0.8819444444444444,2863,33736762,0.00739738421643632,NaN
12391,0.15088028881431345,0.033528953069847434,0.02336720931007887,127,0.8819444444444444,2863,33765392,0.00739738421643632,NaN
12401,0.15088028881431345,0.033528953069847434,0.023364244553265384,127,0.8819444444444444,2863,33794022,0.00739738421643632,NaN
12411,0.15088028881431345,0.033528953069847434,0.02336130906404092,127,0.8819444444444444,2863,33822652,0.00739738421643632,NaN
12421,0.15088028881431345,0.033528953069847434,0.02335840243891473,127,0.8819444444444444,2863,33851282,0.00739738421643632,NaN
12431,0.15088028881431345,0.033528953069847434,0.023355522987090385,127,0.8819444444444444,2864,33879922,0.00739738421643632,NaN
12441,0.15088028881431345,0.033528953069847434,0.02335267156996434,127,0.8819444444444444,2864,33908562,0.00739738421643632,NaN
12451,0.15088028881431345,0.033528953069847434,0.023349846218935728,127,0.8819444444444444,2864,33937202,0.00739738421643632,NaN
12461,0.15088028881431345,0.033528953069847434,0.023347050387256464,127,0.8819444444444444,2864,33965842,0.00739738421643632,NaN
12471,0.15088028881431345,0.033528953069847434,0.023344282020275747,127,0.8819444444444444,2865,33994483,0.00739738421643632,NaN
12481,0.15088028881431345,0.033528953069847434,0.023341537399738748,127,0.8819444444444444,2865,34023133,0.00739738421643632,NaN
12491,0.15088028881431345,0.033528953069847434,0.02333881941089613,127,0.8819444444444444,2865,34051783,0.00739738421643632,NaN
12501,0.15088028881431345,0.033528953069847434,0.02333612535337894,127,0.8819444444444444,2865,34080433,0.00739738421643632,NaN
12511,0.15088028881431345,0.033528953069847434,0.02333345857278056,127,0.8819444444444444,2865,34109083,0.00739738421643632,NaN
12521,0.15088028881431345,0.033528953069847434,0.023330815124152002,127,0.8819444444444444,2866,34137735,0.00739738421643632,NaN
12531,0.15088028881431345,0.033528953069847434,0.023328196515908468,127,0.8819444444444444,2866,34166395,0.00739738421643632,NaN
12541,0.15088028881431345,0.033528953069847434,0.02332560344132609,127,0.8819444444444444,2866,34195055,0.00739738421643632,NaN
12551,0.15088028881431345,0.033528953069847434,0.02332303108485418,127,0.8819444444444444,2866,34223715,0.00739738421643632,NaN
12561,0.15088028881431345,0.033528953069847434,0.023320483932113098,127,0.8819444444444444,2866,34252375,0.00739738421643632,NaN
12571,0.15088028881431345,0.033528953069847434,0.023317957769720236,127,0.8819444444444444,2867,34281038,0.00739738421643632,NaN
12581,0.15088028881431345,0.033528953069847434,0.0233154524732088,127,0.8819444444444444,2867,34309708,0.00739738421643632,NaN
12591,0.15088028881431345,0.033528953069847434,0.023312970958122195,127,0.8819444444444444,2867,34338378,0.00739738421643632,NaN
12601,0.15088028881431345,0.033528953069847434,0.02331051013014029,127,0.8819444444444444,2867,34367048,0.00739738421643632,NaN
12611,0.15088028881431345,0.033528953069847434,0.023308069520369026,127,0.8819444444444444,2867,34395718,0.00739738421643632,NaN
12621,0.15088028881431345,0.033528953069847434,0.023305649772617905,127,0.8819444444444444,2868,34424391,0.00739738421643632,NaN
12631,0.15088028881431345,0.033528953069847434,0.023303251620720587,127,0.8819444444444444,2868,34453071,0.00739738421643632,NaN
12641,0.15088028881431345,0.033528953069847434,0.023300874844315412,127,0.8819444444444444,2868,34481751,0.00739738421643632,NaN
12651,0.15088028881431345,0.033528953069847434,0.023298517964280077,127,0.8819444444444444,2868,34510431,0.00739738421643632,NaN
12661,0.15088028881431345,0.033528953069847434,0.0232961796921969,127,0.8819444444444444,2868,34539111,0.00739738421643632,NaN
12671,0.15088028881431345,0.033528953069847434,0.023293862271063406,127,0.8819444444444444,2869,34567794,0.00739738421643632,NaN
12681,0.15088028881431345,0.033528953069847434,0.02329156402552887,127,0.8819444444444444,2869,34596484,0.00739738421643632,NaN
12691,0.15088028881431345,0.033528953069847434,0.023289286184519344,127,0.8819444444444444,2869,34625174,0.00739738421643632,NaN
12701,0.15088028881431345,0.033528953069847434,0.02328702566245681,127,0.8819444444444444,2869,34653864,0.00739738421643632,NaN
12711,0.15088028881431345,0.033528953069847434,0.023284783942764852,127,0.8819444444444444,2869,34682554,0.00739738421643632,NaN
12721,0.15088028881431345,0.033528953069847434,0.023282559312783717,127,0.8819444444444444,2870,34711247,0.00739738421643632,NaN
12731,0.15088028881431345,0.033528953069847434,0.023280353154500305,127,0.8819444444444444,2870,34739947,0.00739738421643632,NaN
12741,0.15088028881431345,0.033528953069847434,0.023278165060426813,127,0.8819444444444444,2870,34768647,0.00739738421643632,NaN
12751,0.15088028881431345,0.033528953069847434,0.02327599604965898,127,0.8819444444444444,2870,34797347,0.00739738421643632,NaN
12761,0.15088028881431345,0.033528953069847434,0.02327384226733205,127,0.8819444444444444,2870,34826047,0.00739738421643632,NaN
12771,0.15088028881431345,0.033528953069847434,0.023271706674649194,127,0.8819444444444444,2871,34854750,0.00739738421643632,NaN
12781,0.15088028881431345,0.033528953069847434,0.023269588512912793,127,0.8819444444444444,2871,34883460,0.00739738421643632,NaN
12791,0.15088028881431345,0.033528953069847434,0.023267484888635604,127,0.8819444444444444,2871,34912170,0.00739738421643632,NaN
12801,0.15088028881431345,0.033528953069847434,0.023265399723301307,127,0.8819444444444444,2871,34940880,0.00739738421643632,NaN
12811,0.15088028881431345,0.033528953069847434,0.023263330699400953,127,0.8819444444444444,2871,34969590,0.00739738421643632,NaN
12821,0.15088028881431345,0.033528953069847434,0.02326127612779638,127,0.8819444444444444,2872,34998303,0.00739738421643632,NaN
12831,0.15088028881431345,0.033528953069847434,0.023259238029730744,127,0.8819444444444444,2872,35027023,0.00739738421643632,NaN
12841,0.15088028881431345,0.033528953069847434,0.023257216326672298,127,0.8819444444444444,2872,35055743,0.00739738421643632,NaN
12851,0.15088028881431345,0.033528953069847434,0.023255209090245546,127,0.8819444444444444,2872,35084463,0.00739738421643632,NaN
12861,0.15088028881431345,0.033528953069847434,0.023253216720717954,127,0.8819444444444444,2872,35113183,0.00739738421643632,NaN
12871,0.15088028881431345,0.033528953069847434,0.02325123960117454,127,0.8819444444444444,2873,35141905,0.00739738421643632,NaN
12881,0.15088028881431345,0.033528953069847434,0.02324927617587434,127,0.8819444444444444,2873,35170635,0.00739738421643632,NaN
12891,0.15088028881431345,0.033528953069847434,0.023247326723562743,127,0.8819444444444444,2873,35199365,0.00739738421643632,NaN
12901,0.15088028881431345,0.033528953069847434,0.023245393106850906,127,0.8819444444444444,2873,35228095,0.00739738421643632,NaN
12911,0.15088028881431345,0.033528953069847434,0.02324347394896276,127,0.8819444444444444,2873,35256825,0.00739738421643632,NaN
12921,0.15088028881431345,0.033528953069847434,0.023241569650652306,127,0.8819444444444444,2874,35285556,0.00739738421643632,NaN
12931,0.15088028881431345,0.033528953069847434,0.023239676913897292,127,0.8819444444444444,2874,35314296,0.00739738421643632,NaN
12941,0.15088028881431345,0.033528953069847434,0.023237795956297366,127,0.8819444444444444,2874,35343036,0.00739738421643632,NaN
12951,0.15088028881431345,0.033528953069847434,0.023235931660923272,127,0.8819444444444444,2874,35371776,0.00739738421643632,NaN
12961,0.15088028881431345,0.033528953069847434,0.023234079592244515,127,0.8819444444444444,2874,35400516,0.00739738421643632,NaN
12971,0.15088028881431345,0.033528953069847434,0.023232241453828645,127,0.8819444444444444,2874,35429256,0.00739738421643632,NaN
12981,0.15088028881431345,0.033528953069847434,0.023230416643217247,127,0.8819444444444444,2875,35458006,0.00739738421643632,NaN
12991,0.15088028881431345,0.033528953069847434,0.02322860408132769,127,0.8819444444444444,2875,35486756,0.00739738421643632,NaN
13001,0.15088028881431345,0.033528953069847434,0.023226804757655782,127,0.8819444444444444,2875,35515506,0.00739738421643632,NaN
13011,0.15088028881431345,0.033528953069847434,0.023225019426431317,127,0.8819444444444444,2875,35544256,0.00739738421643632,NaN
13021,0.15088028881431345,0.033528953069847434,0.023223244891292114,127,0.8819444444444444,2875,35573006,0.00739738421643632,NaN
13031,0.15088028881431345,0.033528953069847434,0.023221480846403336,127,0.8819444444444444,2876,35601765,0.00739738421643632,NaN
13041,0.15088028881431345,0.033528953069847434,0.02321972957652536,127,0.8819444444444444,2876,35630525,0.00739738421643632,NaN
13051,0.15088028881431345,0.033528953069847434,0.023217992592088493,127,0.8819444444444444,2876,35659285,0.00739738421643632,NaN
13061,0.15088028881431345,0.033528953069847434,0.0232162653351033,127,0.8819444444444444,2876,35688045,0.00739738421643632,NaN
13071,0.15088028881431345,0.033528953069847434,0.023214549710208362,127,0.8819444444444444,2876,35716805,0.00739738421643632,NaN
13081,0.15088028881431345,0.033528953069847434,0.023212845226218276,127,0.8819444444444444,2877,35745573,0.00739738421643632,NaN
13091,0.15088028881431345,0.033528953069847434,0.023211152090901434,127,0.8819444444444444,2877,35774343,0.00739738421643632,NaN
13101,0.15088028881431345,0.033528953069847434,0.023209471545913206,127,0.8819444444444444,2877,35803113,0.00739738421643632,NaN
13111,0.15088028881431345,0.033528953069847434,0.023207802636686665,127,0.8819444444444444,2877,35831883,0.00739738421643632,NaN
13121,0.15088028881431345,0.033528953069847434,0.023206143294202543,127,0.8819444444444444,2877,35860653,0.00739738421643632,NaN
13131,0.15088028881431345,0.033528953069847434,0.0232044954948937,127,0.8819444444444444,2878,35889429,0.00739738421643632,NaN
13141,0.15088028881431345,0.033528953069847434,0.023202860107208578,127,0.8819444444444444,2878,35918209,0.00739738421643632,NaN
13151,0.15088028881431345,0.033528953069847434,0.02320123222492676,127,0.8819444444444444,2878,35946989,0.00739738421643632,NaN
13161,0.15088028881431345,0.033528953069847434,0.023199616391845403,127,0.8819444444444444,2878,35975769,0.00739738421643632,NaN
13171,0.15088028881431345,0.033528953069847434,0.023198011634021878,127,0.8819444444444444,2878,36004549,0.00739738421643632,NaN
13181,0.15088028881431345,0.033528953069847434,0.02319641845420388,127,0.8819444444444444,2879,36033333,0.00739738421643632,NaN
13191,0.15088028881431345,0.033528953069847434,0.023194834240378066,127,0.8819444444444444,2879,36062123,0.00739738421643632,NaN
13201,0.15088028881431345,0.033528953069847434,0.023193259136932456,127,0.8819444444444444,2879,36090913,0.00739738421643632,NaN
13211,0.15088028881431345,0.033528953069847434,0.023191694336617816,127,0.8819444444444444,2879,36119703,0.00739738421643632,NaN
13221,0.15088028881431345,0.033528953069847434,0.02319013949338194,127,0.8819444444444444,2879,36148493,0.00739738421643632,NaN
13231,0.15088028881431345,0.033528953069847434,0.02318859516854543,127,0.8819444444444444,2880,36177285,0.00739738421643632,NaN
13241,0.15088028881431345,0.033528953069847434,0.023187059780104477,127,0.8819444444444444,2880,36206085,0.00739738421643632,NaN
13251,0.15088028881431345,0.033528953069847434,0.023185533560242375,127,0.8819444444444444,2880,36234885,0.00739738421643632,NaN
13261,0.15088028881431345,0.033528953069847434,0.023184016465025027,127,0.8819444444444444,2880,36263685,0.00739738421643632,NaN
13271,0.15088028881431345,0.033528953069847434,0.023182510554239588,127,0.8819444444444444,2880,36292485,0.00739738421643632,NaN
13281,0.15088028881431345,0.033528953069847434,0.023181013132556345,127,0.8819444444444444,2880,36321285,0.00739738421643632,NaN
13291,0.15088028881431345,0.033528953069847434,0.02317952370293045,127,0.8819444444444444,2881,36350095,0.00739738421643632,NaN
13301,0.15088028881431345,0.033528953069847434,0.023178042817076847,127,0.8819444444444444,2881,36378905,0.00739738421643632,NaN
13311,0.15088028881431345,0.033528953069847434,0.023176572794602873,127,0.8819444444444444,2881,36407715,0.00739738421643632,NaN
13321,0.15088028881431345,0.033528953069847434,0.0231751117988808,127,0.8819444444444444,2881,36436525,0.00739738421643632,NaN
13331,0.15088028881431345,0.033528953069847434,0.023173658972135695,127,0.8819444444444444,2881,36465335,0.00739738421643632,NaN
13341,0.15088028881431345,0.033528953069847434,0.023172214507838487,127,0.8819444444444444,2882,36494153,0.00739738421643632,NaN
13351,0.15088028881431345,0.033528953069847434,0.023170778929736246,127,0.8819444444444444,2882,36522973,0.00739738421643632,NaN
13361,0.15088028881431345,0.033528953069847434,0.023169351581624857,127,0.8819444444444444,2882,36551793,0.00739738421643632,NaN
13371,0.15088028881431345,0.033528953069847434,0.023167934184991083,127,0.8819444444444444,2882,36580613,0.00739738421643632,NaN
13381,0.15088028881431345,0.033528953069847434,0.023166526261429628,127,0.8819444444444444,2882,36609433,0.00739738421643632,NaN
13391,0.15088028881431345,0.033528953069847434,0.023165122528766065,127,0.8819444444444444,2883,36638258,0.00739738421643632,NaN
13401,0.15088028881431345,0.033528953069847434,0.023163728290060494,127,0.8819444444444444,2883,36667088,0.00739738421643632,NaN
13411,0.15088028881431345,0.033528953069847434,0.023162343462578717,127,0.8819444444444444,2883,36695918,0.00739738421643632,NaN
13421,0.15088028881431345,0.033528953069847434,0.023160965014454603,127,0.8819444444444444,2883,36724748,0.00739738421643632,NaN
13431,0.15088028881431345,0.033528953069847434,0.023159596366884763,127,0.8819444444444444,2883,36753578,0.00739738421643632,NaN
13441,0.15088028881431345,0.033528953069847434,0.02315823569062026,127,0.8819444444444444,2884,36782410,0.00739738421643632,NaN
13451,0.15088028881431345,0.033528953069847434,0.023156882965092992,127,0.8819444444444444,2884,36811250,0.00739738421643632,NaN
13461,0.15088028881431345,0.033528953069847434,0.023155536497525733,127,0.8819444444444444,2884,36840090,0.00739738421643632,NaN
13471,0.15088028881431345,0.033528953069847434,0.023154197333814828,127,0.8819444444444444,2884,36868930,0.00739738421643632,NaN
13481,0.15088028881431345,0.033528953069847434,0.023152866492578233,127,0.8819444444444444,2884,36897770,0.00739738421643632,NaN
13491,0.15088028881431345,0.033528953069847434,0.023151543620857095,127,0.8819444444444444,2884,36926610,0.00739738421643632,NaN
13501,0.15088028881431345,0.033528953069847434,0.023150228336385237,127,0.8819444444444444,2885,36955459,0.00739738421643632,NaN
13511,0.15088028881431345,0.033528953069847434,0.023148918644199268,127,0.8819444444444444,2885,36984309,0.00739738421643632,NaN
13521,0.15088028881431345,0.033528953069847434,0.023147617964950747,127,0.8819444444444444,2885,37013159,0.00739738421643632,NaN
13531,0.15088028881431345,0.033528953069847434,0.023146323487138368,127,0.8819444444444444,2885,37042009,0.00739738421643632,NaN
13541,0.15088028881431345,0.033528953069847434,0.02314503759634441,127,0.8819444444444444,2885,37070859,0.00739738421643632,NaN
13551,0.15088028881431345,0.033528953069847434,0.02314375731075385,127,0.8819444444444444,2886,37099715,0.00739738421643632,NaN
13561,0.15088028881431345,0.033528953069847434,0.023142485003752603,127,0.8819444444444444,2886,37128575,0.00739738421643632,NaN
13571,0.15088028881431345,0.033528953069847434,0.02314121931726211,127,0.8819444444444444,2886,37157435,0.00739738421643632,NaN
13581,0.15088028881431345,0.033528953069847434,0.02313995934128489,127,0.8819444444444444,2886,37186295,0.00739738421643632,NaN
13591,0.15088028881431345,0.033528953069847434,0.02313870750987075,127,0.8819444444444444,2886,37215155,0.00739738421643632,NaN
13601,0.15088028881431345,0.033528953069847434,0.0231374608715634,127,0.8819444444444444,2887,37244018,0.00739738421643632,NaN
13611,0.15088028881431345,0.033528953069847434,0.02313622045519835,127,0.8819444444444444,2887,37272888,0.00739738421643632,NaN
13621,0.15088028881431345,0.033528953069847434,0.023134986643161257,127,0.8819444444444444,2887,37301758,0.00739738421643632,NaN
13631,0.15088028881431345,0.033528953069847434,0.02313376069620927,127,0.8819444444444444,2887,37330628,0.00739738421643632,NaN
13641,0.15088028881431345,0.033528953069847434,0.023132542030461053,127,0.8819444444444444,2887,37359498,0.00739738421643632,NaN
13651,0.15088028881431345,0.033528953069847434,0.023131329480249783,127,0.8819444444444444,2887,37388368,0.00739738421643632,NaN
13661,0.15088028881431345,0.033528953069847434,0.023130122350447552,127,0.8819444444444444,2888,37417247,0.00739738421643632,NaN
13671,0.15088028881431345,0.033528953069847434,0.02312892182267653,127,0.8819444444444444,2888,37446127,0.00739738421643632,NaN
13681,0.15088028881431345,0.033528953069847434,0.023127727371910396,127,0.8819444444444444,2888,37475007,0.00739738421643632,NaN
13691,0.15088028881431345,0.033528953069847434,0.023126538965109404,127,0.8819444444444444,2888,37503887,0.00739738421643632,NaN
13701,0.15088028881431345,0.033528953069847434,0.023125357347747087,127,0.8819444444444444,2888,37532767,0.00739738421643632,NaN
13711,0.15088028881431345,0.033528953069847434,0.023124180447635534,127,0.8819444444444444,2889,37561652,0.00739738421643632,NaN
13721,0.15088028881431345,0.033528953069847434,0.0231230111627338,127,0.8819444444444444,2889,37590542,0.00739738421643632,NaN
13731,0.15088028881431345,0.033528953069847434,0.02312184718072779,127,0.8819444444444444,2889,37619432,0.00739738421643632,NaN
13741,0.15088028881431345,0.033528953069847434,0.023120690472704628,127,0.8819444444444444,2889,37648322,0.00739738421643632,NaN
13751,0.15088028881431345,0.033528953069847434,0.023119540045741366,127,0.8819444444444444,2889,37677212,0.00739738421643632,NaN
13761,0.15088028881431345,0.033528953069847434,0.023118395486102356,127,0.8819444444444444,2890,37706103,0.00739738421643632,NaN
13771,0.15088028881431345,0.033528953069847434,0.023117255149969082,127,0.8819444444444444,2890,37735003,0.00739738421643632,NaN
13781,0.15088028881431345,0.033528953069847434,0.023116120456807127,126,0.875,2890,37763903,0.00739738421643632,NaN
13791,0.14867227989000642,0.03298260665079895,0.02308484376096834,126,0.875,2867,37792573,0.00739738421643632,NaN
13801,0.14622492283254282,0.03244252647051031,0.02305509681914661,126,0.875,2867,37821243,0.00739738421643632,NaN
13811,0.14395028458924855,0.031936307759375095,0.0230267462817607,126,0.875,2868,37849923,0.00739738421643632,NaN
13821,0.14176360269002536,0.03145727572507539,0.022999698637474718,126,0.875,2868,37878603,0.00739738421643632,NaN
13831,0.1396917534696681,0.030999261964722555,0.02297385281360017,126,0.875,2868,37907283,0.00739738421643632,NaN
13841,0.13768941593870457,0.03055448585458277,0.022949120639171944,126,0.875,2868,37935963,0.00739738421643632,NaN
13851,0.13663863441479368,0.030364140981065265,0.022925425083158524,126,0.875,2868,37964643,0.00739738421643632,NaN
13861,0.13663863441479368,0.030364140981065265,0.022902691393970262,126,0.875,2869,37993328,0.00739738421643632,NaN
13871,0.13663863441479368,0.030364140981065265,0.022880852941993976,126,0.875,2869,38022018,0.00739738421643632,NaN
13881,0.13663863441479368,0.030364140981065265,0.022859856240277112,126,0.875,2869,38050708,0.00739738421643632,NaN
13891,0.13663863441479368,0.030364140981065265,0.022839648966365388,126,0.875,2869,38079398,0.00739738421643632,NaN
13901,0.13663863441479368,0.030364140981065265,0.02282017962548455,126,0.875,2869,38108088,0.00739738421643632,NaN
13911,0.13663863441479368,0.030364140981065265,0.02280140660627435,126,0.875,2869,38136778,0.00739738421643632,NaN
13921,0.13663863441479368,0.030364140981065265,0.02278328320790124,126,0.875,2870,38165478,0.00739738421643632,NaN
13931,0.13663863441479368,0.030364140981065265,0.022765777470178498,126,0.875,2870,38194178,0.00739738421643632,NaN
13941,0.13663863441479368,0.030364140981065265,0.022748852210069323,126,0.875,2870,38222878,0.00739738421643632,NaN
13951,0.13663863441479368,0.030364140981065265,0.022732476929690413,126,0.875,2870,38251578,0.00739738421643632,NaN
13961,0.13663863441479368,0.030364140981065265,0.022716622260531255,126,0.875,2870,38280278,0.00739738421643632,NaN
13971,0.13663863441479368,0.030364140981065265,0.02270125954611172,126,0.875,2871,38308983,0.00739738421643632,NaN
13981,0.13663863441479368,0.030364140981065265,0.02268636143130181,126,0.875,2871,38337693,0.00739738421643632,NaN
13991,0.13663863441479368,0.030364140981065265,0.022671907482744974,126,0.875,2871,38366403,0.00739738421643632,NaN
14001,0.13663863441479368,0.030364140981065265,0.022657877336198437,126,0.875,2871,38395113,0.00739738421643632,NaN
14011,0.13663863441479368,0.030364140981065265,0.02264424938658024,126,0.875,2871,38423823,0.00739738421643632,NaN
14021,0.13663863441479368,0.030364140981065265,0.022631005238174403,126,0.875,2871,38452533,0.00739738421643632,NaN
14031,0.13663863441479368,0.030364140981065265,0.022618123402781992,126,0.875,2872,38481253,0.00739738421643632,NaN
14041,0.13663863441479368,0.030364140981065265,0.022605588030158552,126,0.875,2872,38509973,0.00739738421643632,NaN
14051,0.13663863441479368,0.030364140981065265,0.0225933852908255,126,0.875,2872,38538693,0.00739738421643632,NaN
14061,0.13663863441479368,0.030364140981065265,0.02258150167129003,126,0.875,2872,38567413,0.00739738421643632,NaN
14071,0.13663863441479368,0.030364140981065265,0.02256992156586515,126,0.875,2872,38596133,0.00739738421643632,NaN
14081,0.13663863441479368,0.030364140981065265,0.022558632600393556,126,0.875,2873,38624857,0.00739738421643632,NaN
14091,0.13663863441479368,0.030364140981065265,0.022547620415862845,126,0.875,2873,38653587,0.00739738421643632,NaN
14101,0.13663863441479368,0.030364140981065265,0.022536876666395825,126,0.875,2873,38682317,0.00739738421643632,NaN
14111,0.13663863441479368,0.030364140981065265,0.022526391273130282,126,0.875,2873,38711047,0.00739738421643632,NaN
14121,0.13663863441479368,0.030364140981065265,0.02251615294717338,126,0.875,2873,38739777,0.00739738421643632,NaN
14131,0.13663863441479368,0.030364140981065265,0.02250614990929155,126,0.875,2873,38768507,0.00739738421643632,NaN
14141,0.13663863441479368,0.030364140981065265,0.022496373252387365,126,0.875,2874,38797245,0.00739738421643632,NaN
14151,0.13663863441479368,0.030364140981065265,0.02248681468258552,126,0.875,2874,38825985,0.00739738421643632,NaN
14161,0.13663863441479368,0.030364140981065265,0.022477468012520284,126,0.875,2874,38854725,0.00739738421643632,NaN
14171,0.13663863441479368,0.030364140981065265,0.022468325831937638,126,0.875,2874,38883465,0.00739738421643632,NaN
14181,0.13663863441479368,0.030364140981065265,0.022459377575978223,126,0.875,2874,38912205,0.00739738421643632,NaN
14191,0.13663863441479368,0.030364140981065265,0.022450621016788852,126,0.875,2875,38940947,0.00739738421643632,NaN
14201,0.13663863441479368,0.030364140981065265,0.02244204185346034,126,0.875,2875,38969697,0.00739738421643632,NaN
14211,0.13663863441479368,0.030364140981065265,0.022433639902922894,126,0.875,2875,38998447,0.00739738421643632,NaN
14221,0.13663863441479368,0.030364140981065265,0.02242540883672551,126,0.875,2875,39027197,0.00739738421643632,NaN
14231,0.13663863441479368,0.030364140981065265,0.022417341167770517,126,0.875,2875,39055947,0.00739738421643632,NaN
14241,0.13663863441479368,0.030364140981065265,0.02240943244650058,126,0.875,2875,39084697,0.00739738421643632,NaN
14251,0.13663863441479368,0.030364140981065265,0.02240167684571409,126,0.875,2876,39113452,0.00739738421643632,NaN
14261,0.13663863441479368,0.030364140981065265,0.022394070843600063,126,0.875,2876,39142212,0.00739738421643632,NaN
14271,0.13663863441479368,0.030364140981065265,0.02238660521217739,126,0.875,2876,39170972,0.00739738421643632,NaN
14281,0.13663863441479368,0.030364140981065265,0.022379280426372307,126,0.875,2876,39199732,0.00739738421643632,NaN
14291,0.13663863441479368,0.030364140981065265,0.022372091645023906,126,0.875,2876,39228492,0.00739738421643632,NaN
14301,0.13663863441479368,0.030364140981065265,0.022365033781450095,126,0.875,2876,39257252,0.00739738421643632,NaN
14311,0.13663863441479368,0.030364140981065265,0.022358102243806313,126,0.875,2877,39286021,0.00739738421643632,NaN
14321,0.13663863441479368,0.030364140981065265,0.022351292167335973,126,0.875,2877,39314791,0.00739738421643632,NaN
14331,0.13663863441479368,0.030364140981065265,0.022344602491499957,126,0.875,2877,39343561,0.00739738421643632,NaN
14341,0.13663863441479368,0.030364140981065265,0.022338027421244584,126,0.875,2877,39372331,0.00739738421643632,NaN
14351,0.13663863441479368,0.030364140981065265,0.02233156520513962,126,0.875,2877,39401101,0.00739738421643632,NaN
14361,0.13663863441479368,0.030364140981065265,0.022325212443532486,126,0.875,2878,39429873,0.00739738421643632,NaN
14371,0.13663863441479368,0.030364140981065265,0.022318964879103637,126,0.875,2878,39458653,0.00739738421643632,NaN
14381,0.13663863441479368,0.030364140981065265,0.02231281909947342,126,0.875,2878,39487433,0.00739738421643632,NaN
14391,0.13663863441479368,0.030364140981065265,0.02230677411546586,126,0.875,2878,39516213,0.00739738421643632,NaN
14401,0.13663863441479368,0.030364140981065265,0.02230082827793686,126,0.875,2878,39544993,0.00739738421643632,NaN
14411,0.13663863441479368,0.030364140981065265,0.02229497775030865,126,0.875,2878,39573773,0.00739738421643632,NaN
14421,0.13663863441479368,0.030364140981065265,0.022289218282435463,126,0.875,2879,39602558,0.00739738421643632,NaN
14431,0.13663863441479368,0.030364140981065265,0.022283547177101022,126,0.875,2879,39631348,0.00739738421643632,NaN
14441,0.13663863441479368,0.030364140981065265,0.02227796415918349,126,0.875,2879,39660138,0.00739738421643632,NaN
14451,0.13663863441479368,0.030364140981065265,0.022272468473118673,126,0.875,2879,39688928,0.00739738421643632,NaN
14461,0.13663863441479368,0.030364140981065265,0.0222670573167976,126,0.875,2879,39717718,0.00739738421643632,NaN
14471,0.13663863441479368,0.030364140981065265,0.022261727112575753,126,0.875,2879,39746508,0.00739738421643632,NaN
14481,0.13663863441479368,0.030364140981065265,0.022256474222106113,126,0.875,2880,39775305,0.00739738421643632,NaN
14491,0.13663863441479368,0.030364140981065265,0.022251298047831505,126,0.875,2880,39804105,0.00739738421643632,NaN
14501,0.13663863441479368,0.030364140981065265,0.022246195006204797,126,0.875,2880,39832905,0.00739738421643632,NaN
14511,0.13663863441479368,0.030364140981065265,0.022241168075168384,126,0.875,2880,39861705,0.00739738421643632,NaN
14521,0.13663863441479368,0.030364140981065265,0.022236211939536163,126,0.875,2880,39890505,0.00739738421643632,NaN
14531,0.13663863441479368,0.030364140981065265,0.022231324879643563,126,0.875,2880,39919305,0.00739738421643632,NaN
14541,0.13663863441479368,0.030364140981065265,0.022226505452874277,126,0.875,2881,39948115,0.00739738421643632,NaN
14551,0.13663863441479368,0.030364140981065265,0.02222175322001118,126,0.875,2881,39976925,0.00739738421643632,NaN
14561,0.13663863441479368,0.030364140981065265,0.022217067449536342,126,0.875,2881,40005735,0.00739738421643632,NaN
14571,0.13663863441479368,0.030364140981065265,0.022212444142617478,126,0.875,2881,40034545,0.00739738421643632,NaN
14581,0.13663863441479368,0.030364140981065265,0.02220788374211686,126,0.875,2881,40063355,0.00739738421643632,NaN
14591,0.13663863441479368,0.030364140981065265,0.022203383788566004,126,0.875,2882,40092167,0.00739738421643632,NaN
14601,0.13663863441479368,0.030364140981065265,0.02219894280647103,126,0.875,2882,40120987,0.00739738421643632,NaN
14611,0.13663863441479368,0.030364140981065265,0.022194559108831995,126,0.875,2882,40149807,0.00739738421643632,NaN
14621,0.13663863441479368,0.030364140981065265,0.022190232265523992,126,0.875,2882,40178627,0.00739738421643632,NaN
14631,0.13663863441479368,0.030364140981065265,0.0221859615950905,126,0.875,2882,40207447,0.00739738421643632,NaN
14641,0.13663863441479368,0.030364140981065265,0.022181746274402718,126,0.875,2882,40236267,0.00739738421643632,NaN
14651,0.13663863441479368,0.030364140981065265,0.022177583313775336,126,0.875,2883,40265091,0.00739738421643632,NaN
14661,0.13663863441479368,0.030364140981065265,0.022173470875455025,126,0.875,2883,40293921,0.00739738421643632,NaN
14671,0.13663863441479368,0.030364140981065265,0.02216941027174787,126,0.875,2883,40322751,0.00739738421643632,NaN
14681,0.13663863441479368,0.030364140981065265,0.022165399729956365,126,0.875,2883,40351581,0.00739738421643632,NaN
14691,0.13663863441479368,0.030364140981065265,0.022161437560983557,126,0.875,2883,40380411,0.00739738421643632,NaN
14701,0.13663863441479368,0.030364140981065265,0.022157524225690617,126,0.875,2883,40409241,0.00739738421643632,NaN
14711,0.13663863441479368,0.030364140981065265,0.02215365615664019,126,0.875,2884,40438077,0.00739738421643632,NaN
14721,0.13663863441479368,0.030364140981065265,0.022149834151223544,126,0.875,2884,40466917,0.00739738421643632,NaN
14731,0.13663863441479368,0.030364140981065265,0.022146058036329942,126,0.875,2884,40495757,0.00739738421643632,NaN
14741,0.13663863441479368,0.030364140981065265,0.02214232539771987,126,0.875,2884,40524597,0.00739738421643632,NaN
14751,0.13663863441479368,0.030364140981065265,0.022138637492294576,126,0.875,2884,40553437,0.00739738421643632,NaN
14761,0.13663863441479368,0.030364140981065265,0.022134991480317386,126,0.875,2884,40582277,0.00739738421643632,NaN
14771,0.13663863441479368,0.030364140981065265,0.022131385527842145,126,0.875,2885,40611124,0.00739738421643632,NaN
14781,0.13663863441479368,0.030364140981065265,0.022127821754205693,126,0.875,2885,40639974,0.00739738421643632,NaN
14791,0.13663863441479368,0.030364140981065265,0.022124298356398852,126,0.875,2885,40668824,0.00739738421643632,NaN
14801,0.13663863441479368,0.030364140981065265,0.02212081313928466,126,0.875,2885,40697674,0.00739738421643632,NaN
14811,0.13663863441479368,0.030364140981065265,0.022117367844794192,126,0.875,2885,40726524,0.00739738421643632,NaN
14821,0.13663863441479368,0.030364140981065265,0.022113960825712143,126,0.875,2885,40755374,0.00739738421643632,NaN
14831,0.13663863441479368,0.030364140981065265,0.022110590540606403,126,0.875,2886,40784232,0.00739738421643632,NaN
14841,0.13663863441479368,0.030364140981065265,0.022107256026360825,126,0.875,2886,40813092,0.00739738421643632,NaN
14851,0.13663863441479368,0.030364140981065265,0.022103956096800007,126,0.875,2886,40841952,0.00739738421643632,NaN
14861,0.13663863441479368,0.030364140981065265,0.022100692464783217,126,0.875,2886,40870812,0.00739738421643632,NaN
14871,0.13663863441479368,0.030364140981065265,0.02209746445704675,126,0.875,2886,40899672,0.00739738421643632,NaN
14881,0.13663863441479368,0.030364140981065265,0.022094269968729756,126,0.875,2886,40928532,0.00739738421643632,NaN
14891,0.13663863441479368,0.030364140981065265,0.022091107591721167,126,0.875,2887,40957402,0.00739738421643632,NaN
14901,0.13663863441479368,0.030364140981065265,0.022087978871281833,126,0.875,2887,40986272,0.00739738421643632,NaN
14911,0.13663863441479368,0.030364140981065265,0.022084881086161013,126,0.875,2887,41015142,0.00739738421643632,NaN
14921,0.13663863441479368,0.030364140981065265,0.022081816068196265,126,0.875,2887,41044012,0.00739738421643632,NaN
14931,0.13663863441479368,0.030364140981065265,0.022078782249197012,126,0.875,2887,41072882,0.00739738421643632,NaN
14941,0.13663863441479368,0.030364140981065265,0.02207577842690287,126,0.875,2887,41101752,0.00739738421643632,NaN
14951,0.13663863441479368,0.030364140981065265,0.022072804371513655,126,0.875,2888,41130632,0.00739738421643632,NaN
14961,0.13663863441479368,0.030364140981065265,0.02206985991756135,126,0.875,2888,41159512,0.00739738421643632,NaN
14971,0.13663863441479368,0.030364140981065265,0.022066944194954197,126,0.875,2888,41188392,0.00739738421643632,NaN
14981,0.13663863441479368,0.030364140981065265,0.022064057714659434,126,0.875,2888,41217272,0.00739738421643632,NaN
14991,0.13663863441479368,0.030364140981065265,0.022061198173903198,126,0.875,2888,41246152,0.00739738421643632,NaN
15001,0.13663863441479368,0.030364140981065265,0.022058367656835613,126,0.875,2889,41275033,0.00739738421643632,NaN
15011,0.13663863441479368,0.030364140981065265,0.022055563622699025,126,0.875,2889,41303923,0.00739738421643632,NaN
15021,0.13663863441479368,0.030364140981065265,0.02205278559229076,126,0.875,2889,41332813,0.00739738421643632,NaN
15031,0.13663863441479368,0.030364140981065265,0.022050034775042564,126,0.875,2889,41361703,0.00739738421643632,NaN
15041,0.13663863441479368,0.030364140981065265,0.022047308821362886,126,0.875,2889,41390593,0.00739738421643632,NaN
15051,0.13663863441479368,0.030364140981065265,0.022044609867560495,126,0.875,2889,41419483,0.00739738421643632,NaN
15061,0.13663863441479368,0.030364140981065265,0.022041935744963777,126,0.875,2890,41448374,0.00739738421643632,NaN
15071,0.13663863441479368,0.030364140981065265,0.022039285391801555,126,0.875,2890,41477274,0.00739738421643632,NaN
15081,0.13663863441479368,0.030364140981065265,0.02203665954058003,126,0.875,2890,41506174,0.00739738421643632,NaN
15091,0.13663863441479368,0.030364140981065265,0.02203405807166594,126,0.875,2890,41535074,0.00739738421643632,NaN
15101,0.13663863441479368,0.030364140981065265,0.02203148017057146,126,0.875,2890,41563974,0.00739738421643632,NaN
15111,0.13663863441479368,0.030364140981065265,0.022028925693282186,126,0.875,2890,41592874,0.00739738421643632,NaN
15121,0.13663863441479368,0.030364140981065265,0.02202639377791489,126,0.875,2891,41621775,0.00739738421643632,NaN
15131,0.13663863441479368,0.030364140981065265,0.022023883864668865,126,0.875,2891,41650685,0.00739738421643632,NaN
15141,0.13663863441479368,0.030364140981065265,0.02202139699564812,126,0.875,2891,41679595,0.00739738421643632,NaN
15151,0.13663863441479368,0.030364140981065265,0.022018931314900007,126,0.875,2891,41708505,0.00739738421643632,NaN
15161,0.13663863441479368,0.030364140981065265,0.02201648770085585,126,0.875,2891,41737415,0.00739738421643632,NaN
15171,0.13663863441479368,0.030364140981065265,0.022014064504632017,126,0.875,2891,41766325,0.00739738421643632,NaN
15181,0.13663863441479368,0.030364140981065265,0.022011662978617928,126,0.875,2892,41795236,0.00739738421643632,NaN
15191,0.13663863441479368,0.030364140981065265,0.022009281181261598,126,0.875,2892,41824156,0.00739738421643632,NaN
15201,0.13663863441479368,0.030364140981065265,0.022006919996675433,126,0.875,2892,41853076,0.00739738421643632,NaN
15211,0.13663863441479368,0.030364140981065265,0.022004579142099173,126,0.875,2892,41881996,0.00739738421643632,NaN
15221,0.13663863441479368,0.030364140981065265,0.022002257172155988,126,0.875,2892,41910916,0.00739738421643632,NaN
15231,0.13663863441479368,0.030364140981065265,0.02199995569503916,126,0.875,2892,41939836,0.00739738421643632,NaN
15241,0.13663863441479368,0.030364140981065265,0.0219976732308596,126,0.875,2893,41968757,0.00739738421643632,NaN
15251,0.13663863441479368,0.030364140981065265,0.021995409131660273,126,0.875,2893,41997687,0.00739738421643632,NaN
15261,0.13663863441479368,0.030364140981065265,0.021993163803974234,126,0.875,2893,42026617,0.00739738421643632,NaN
15271,0.13663863441479368,0.030364140981065265,0.021990937142267814,126,0.875,2893,42055547,0.00739738421643632,NaN
15281,0.13663863441479368,0.030364140981065265,0.02198872876724028,126,0.875,2893,42084477,0.00739738421643632,NaN
15291,0.13663863441479368,0.030364140981065265,0.021986538403784086,126,0.875,2893,42113407,0.00739738421643632,NaN
15301,0.13663863441479368,0.030364140981065265,0.021984365902157743,126,0.875,2893,42142337,0.00739738421643632,NaN
15311,0.13663863441479368,0.030364140981065265,0.021982209979865747,126,0.875,2894,42171277,0.00739738421643632,NaN
15321,0.13663863441479368,0.030364140981065265,0.02198007140713403,126,0.875,2894,42200217,0.00739738421643632,NaN
15331,0.13663863441479368,0.030364140981065265,0.02197794967696263,126,0.875,2894,42229157,0.00739738421643632,NaN
15341,0.13663863441479368,0.030364140981065265,0.021975844816126397,126,0.875,2894,42258097,0.00739738421643632,NaN
15351,0.13663863441479368,0.030364140981065265,0.021973756567994294,126,0.875,2894,42287037,0.00739738421643632,NaN
15361,0.13663863441479368,0.030364140981065265,0.021971683831502116,126,0.875,2894,42315977,0.00739738421643632,NaN
15371,0.13663863441479368,0.030364140981065265,0.021969627786257398,126,0.875,2895,42344926,0.00739738421643632,NaN
15381,0.13663863441479368,0.030364140981065265,0.021967587192780125,126,0.875,2895,42373876,0.00739738421643632,NaN
15391,0.13663863441479368,0.030364140981065265,0.02196556216639008,126,0.875,2895,42402826,0.00739738421643632,NaN
15401,0.13663863441479368,0.030364140981065265,0.021963553273234716,126,0.875,2895,42431776,0.00739738421643632,NaN
15411,0.13663863441479368,0.030364140981065265,0.021961559264007363,126,0.875,2895,42460726,0.00739738421643632,NaN
15421,0.13663863441479368,0.030364140981065265,0.021959580508349074,126,0.875,2895,42489676,0.00739738421643632,NaN
15431,0.13663863441479368,0.030364140981065265,0.021957615878492962,126,0.875,2896,42518634,0.00739738421643632,NaN
15441,0.13663863441479368,0.030364140981065265,0.021955666681452504,126,0.875,2896,42547594,0.00739738421643632,NaN
15451,0.13663863441479368,0.030364140981065265,0.02195373113716289,126,0.875,2896,42576554,0.00739738421643632,NaN
15461,0.13663863441479368,0.030364140981065265,0.0219518104919458,126,0.875,2896,42605514,0.00739738421643632,NaN
15471,0.13663863441479368,0.030364140981065265,0.021949904414787683,126,0.875,2896,42634474,0.00739738421643632,NaN
15481,0.13663863441479368,0.030364140981065265,0.02194801199923834,126,0.875,2896,42663434,0.00739738421643632,NaN
15491,0.13663863441479368,0.030364140981065265,0.021946132959597874,126,0.875,2897,42692401,0.00739738421643632,NaN
15501,0.13663863441479368,0.030364140981065265,0.02194426725992102,126,0.875,2897,42721371,0.00739738421643632,NaN
15511,0.13663863441479368,0.030364140981065265,0.021942415083553338,126,0.875,2897,42750341,0.00739738421643632,NaN
15521,0.13663863441479368,0.030364140981065265,0.021940576866875436,126,0.875,2897,42779311,0.00739738421643632,NaN
15531,0.13663863441479368,0.030364140981065265,0.021938751763895377,126,0.875,2897,42808281,0.00739738421643632,NaN
15541,0.13663863441479368,0.030364140981065265,0.02193693943530882,126,0.875,2897,42837251,0.00739738421643632,NaN
15551,0.13663863441479368,0.030364140981065265,0.02193513977597765,126,0.875,2898,42866226,0.00739738421643632,NaN
15561,0.13663863441479368,0.030364140981065265,0.021933352264471975,126,0.875,2898,42895206,0.00739738421643632,NaN
15571,0.13663863441479368,0.030364140981065265,0.021931578042062333,126,0.875,2898,42924186,0.00739738421643632,NaN
15581,0.13663863441479368,0.030364140981065265,0.021929815535227593,126,0.875,2898,42953166,0.00739738421643632,NaN
15591,0.13663863441479368,0.030364140981065265,0.021928065940919735,126,0.875,2898,42982146,0.00739738421643632,NaN
15601,0.13663863441479368,0.030364140981065265,0.02192632804813093,126,0.875,2898,43011126,0.00739738421643632,NaN
15611,0.13663863441479368,0.030364140981065265,0.02192460262477058,126,0.875,2899,43040110,0.00739738421643632,NaN
15621,0.13663863441479368,0.030364140981065265,0.021922888096067558,126,0.875,2899,43069100,0.00739738421643632,NaN
15631,0.13663863441479368,0.030364140981065265,0.021921185486784168,126,0.875,2899,43098090,0.00739738421643632,NaN
15641,0.13663863441479368,0.030364140981065265,0.021919494596872,126,0.875,2899,43127080,0.00739738421643632,NaN
15651,0.13663863441479368,0.030364140981065265,0.021917814729452863,126,0.875,2899,43156070,0.00739738421643632,NaN
15661,0.13663863441479368,0.030364140981065265,0.02191614657582637,126,0.875,2899,43185060,0.00739738421643632,NaN
15671,0.13663863441479368,0.030364140981065265,0.021914489334660295,126,0.875,2900,43214052,0.00739738421643632,NaN
15681,0.13663863441479368,0.030364140981065265,0.021912842737315252,126,0.875,2900,43243052,0.00739738421643632,NaN
15691,0.13663863441479368,0.030364140981065265,0.021911207538813045,126,0.875,2900,43272052,0.00739738421643632,NaN
15701,0.13663863441479368,0.030364140981065265,0.021909582732570935,126,0.875,2900,43301052,0.00739738421643632,NaN
15711,0.13663863441479368,0.030364140981065265,0.021907968821424408,126,0.875,2900,43330052,0.00739738421643632,NaN
15721,0.13663863441479368,0.030364140981065265,0.02190636540011742,126,0.875,2900,43359052,0.00739738421643632,NaN
15731,0.13663863441479368,0.030364140981065265,0.021904772989110834,126,0.875,2900,43388052,0.00739738421643632,NaN
15741,0.13663863441479368,0.030364140981065265,0.021903190317751526,126,0.875,2901,43417061,0.00739738421643632,NaN
15751,0.13663863441479368,0.030364140981065265,0.021901617900148895,126,0.875,2901,43446071,0.00739738421643632,NaN
15761,0.13663863441479368,0.030364140981065265,0.021900055349394387,126,0.875,2901,43475081,0.00739738421643632,NaN
15771,0.13663863441479368,0.030364140981065265,0.021898503432784305,126,0.875,2901,43504091,0.00739738421643632,NaN
15781,0.13663863441479368,0.030364140981065265,0.021896961169581206,126,0.875,2901,43533101,0.00739738421643632,NaN
15791,0.13663863441479368,0.030364140981065265,0.021895428955565437,126,0.875,2901,43562111,0.00739738421643632,NaN
15801,0.13663863441479368,0.030364140981065265,0.0218939055311797,126,0.875,2902,43591128,0.00739738421643632,NaN
15811,0.13663863441479368,0.030364140981065265,0.021892391778587095,126,0.875,2902,43620148,0.00739738421643632,NaN
15821,0.13663863441479368,0.030364140981065265,0.021890887488698427,126,0.875,2902,43649168,0.00739738421643632,NaN
15831,0.13663863441479368,0.030364140981065265,0.021889392959274168,126,0.875,2902,43678188,0.00739738421643632,NaN
15841,0.13663863441479368,0.030364140981065265,0.021887907212737888,126,0.875,2902,43707208,0.00739738421643632,NaN
15851,0.13663863441479368,0.030364140981065265,0.021886430790765382,126,0.875,2902,43736228,0.00739738421643632,NaN
15861,0.13663863441479368,0.030364140981065265,0.021884963615394225,126,0.875,2903,43765252,0.00739738421643632,NaN
15871,0.13663863441479368,0.030364140981065265,0.021883504978164978,126,0.875,2903,43794282,0.00739738421643632,NaN
15881,0.13663863441479368,0.030364140981065265,0.02188205592549316,126,0.875,2903,43823312,0.00739738421643632,NaN
15891,0.13663863441479368,0.030364140981065265,0.021880615709469198,126,0.875,2903,43852342,0.00739738421643632,NaN
15901,0.13663863441479368,0.030364140981065265,0.021879183866877535,126,0.875,2903,43881372,0.00739738421643632,NaN
15911,0.13663863441479368,0.030364140981065265,0.021877760588805847,126,0.875,2903,43910402,0.00739738421643632,NaN
15921,0.13663863441479368,0.030364140981065265,0.02187634604566072,126,0.875,2904,43939433,0.00739738421643632,NaN
15931,0.13663863441479368,0.030364140981065265,0.02187493960388258,126,0.875,2904,43968473,0.00739738421643632,NaN
15941,0.13663863441479368,0.030364140981065265,0.02187354154663032,126,0.875,2904,43997513,0.00739738421643632,NaN
15951,0.13663863441479368,0.030364140981065265,0.02187215180274395,126,0.875,2904,44026553,0.00739738421643632,NaN
15961,0.13663863441479368,0.030364140981065265,0.02187077090885722,126,0.875,2904,44055593,0.00739738421643632,NaN
15971,0.13663863441479368,0.030364140981065265,0.02186939690627352,126,0.875,2904,44084633,0.00739738421643632,NaN
15981,0.13663863441479368,0.030364140981065265,0.021868031813945744,126,0.875,2904,44113673,0.00739738421643632,NaN
15991,0.13663863441479368,0.030364140981065265,0.021866674040025583,126,0.875,2905,44142721,0.00739738421643632,NaN
16001,0.13663863441479368,0.030364140981065265,0.021865324205258278,126,0.875,2905,44171771,0.00739738421643632,NaN
16011,0.13663863441479368,0.030364140981065265,0.021863982602755835,126,0.875,2905,44200821,0.00739738421643632,NaN
16021,0.13663863441479368,0.030364140981065265,0.021862648366786214,126,0.875,2905,44229871,0.00739738421643632,NaN
16031,0.13663863441479368,0.030364140981065265,0.0218613217293807,126,0.875,2905,44258921,0.00739738421643632,NaN
16041,0.13663863441479368,0.030364140981065265,0.021860002605197115,126,0.875,2905,44287971,0.00739738421643632,NaN
16051,0.13663863441479368,0.030364140981065265,0.02185869115756164,126,0.875,2906,44317025,0.00739738421643632,NaN
16061,0.13663863441479368,0.030364140981065265,0.021857387069386953,126,0.875,2906,44346085,0.00739738421643632,NaN
16071,0.13663863441479368,0.030364140981065265,0.02185608986125905,126,0.875,2906,44375145,0.00739738421643632,NaN
16081,0.13663863441479368,0.030364140981065265,0.021854799985629066,126,0.875,2906,44404205,0.00739738421643632,NaN
16091,0.13663863441479368,0.030364140981065265,0.021853518216504757,126,0.875,2906,44433265,0.00739738421643632,NaN
16101,0.13663863441479368,0.030364140981065265,0.021852243466059483,126,0.875,2906,44462325,0.00739738421643632,NaN
16111,0.13663863441479368,0.030364140981065265,0.021850975265783792,126,0.875,2906,44491385,0.00739738421643632,NaN
16121,0.13663863441479368,0.030364140981065265,0.021849714005483772,126,0.875,2907,44520455,0.00739738421643632,NaN
16131,0.13663863441479368,0.030364140981065265,0.021848459933555765,126,0.875,2907,44549525,0.00739738421643632,NaN
16141,0.13663863441479368,0.030364140981065265,0.021847212781634248,126,0.875,2907,44578595,0.00739738421643632,NaN
16151,0.13663863441479368,0.030364140981065265,0.02184597204409153,126,0.875,2907,44607665,0.00739738421643632,NaN
16161,0.13663863441479368,0.030364140981065265,0.021844738688980136,126,0.875,2907,44636735,0.00739738421643632,NaN
16171,0.13663863441479368,0.030364140981065265,0.02184351189057844,126,0.875,2907,44665805,0.00739738421643632,NaN
16181,0.13663863441479368,0.030364140981065265,0.021842291620921057,126,0.875,2908,44694881,0.00739738421643632,NaN
16191,0.13663863441479368,0.030364140981065265,0.02184107788009805,126,0.875,2908,44723961,0.00739738421643632,NaN
16201,0.13663863441479368,0.030364140981065265,0.021839870600673276,126,0.875,2908,44753041,0.00739738421643632,NaN
16211,0.13663863441479368,0.030364140981065265,0.021838669772919875,126,0.875,2908,44782121,0.00739738421643632,NaN
16221,0.13663863441479368,0.030364140981065265,0.021837475171954276,126,0.875,2908,44811201,0.00739738421643632,NaN
16231,0.13663863441479368,0.030364140981065265,0.02183628729233196,126,0.875,2908,44840281,0.00739738421643632,NaN
16241,0.13663863441479368,0.030364140981065265,0.021835105600428104,126,0.875,2909,44869363,0.00739738421643632,NaN
16251,0.13663863441479368,0.030364140981065265,0.02183393015610883,126,0.875,2909,44898453,0.00739738421643632,NaN
16261,0.13663863441479368,0.030364140981065265,0.02183276061252596,126,0.875,2909,44927543,0.00739738421643632,NaN
16271,0.13663863441479368,0.030364140981065265,0.021831597597310307,126,0.875,2909,44956633,0.00739738421643632,NaN
16281,0.13663863441479368,0.030364140981065265,0.02183044040007649,126,0.875,2909,44985723,0.00739738421643632,NaN
16291,0.13663863441479368,0.030364140981065265,0.021829289445993567,126,0.875,2909,45014813,0.00739738421643632,NaN
16301,0.13663863441479368,0.030364140981065265,0.02182814420618303,126,0.875,2909,45043903,0.00739738421643632,NaN
16311,0.13663863441479368,0.030364140981065265,0.021806284473500415,125,0.8680555555555556,2887,45072788,0.00739738421643632,NaN
16321,0.13663863441479368,0.030364140981065265,0.021783055338319163,125,0.8680555555555556,2887,45101658,0.00739738421643632,NaN
16331,0.13663863441479368,0.030364140981065265,0.02176073028586135,125,0.8680555555555556,2887,45130528,0.00739738421643632,NaN
16341,0.13663863441479368,0.030364140981065265,0.02173925838064392,125,0.8680555555555556,2887,45159398,0.00739738421643632,NaN
16351,0.13663863441479368,0.030364140981065265,0.021718579176917094,125,0.8680555555555556,2887,45188268,0.00739738421643632,NaN
16361,0.13663863441479368,0.030364140981065265,0.02169864839790757,125,0.8680555555555556,2887,45217138,0.00739738421643632,NaN
16371,0.13663863441479368,0.030364140981065265,0.021679414934596034,125,0.8680555555555556,2887,45246008,0.00739738421643632,NaN
16381,0.13663863441479368,0.030364140981065265,0.021660855125025975,125,0.8680555555555556,2888,45274884,0.00739738421643632,NaN
16391,0.13663863441479368,0.030364140981065265,0.021642920133053998,125,0.8680555555555556,2888,45303764,0.00739738421643632,NaN
16401,0.13663863441479368,0.030364140981065265,0.02162558145275927,125,0.8680555555555556,2888,45332644,0.00739738421643632,NaN
16411,0.13663863441479368,0.030364140981065265,0.021608807360625957,125,0.8680555555555556,2888,45361524,0.00739738421643632,NaN
16421,0.13663863441479368,0.030364140981065265,0.021592551506031413,125,0.8680555555555556,2888,45390404,0.00739738421643632,NaN
16431,0.13663863441479368,0.030364140981065265,0.021576796291919893,125,0.8680555555555556,2888,45419284,0.00739738421643632,NaN
16441,0.13663863441479368,0.030364140981065265,0.021561522273811782,125,0.8680555555555556,2889,45448165,0.00739738421643632,NaN
16451,0.13663863441479368,0.030364140981065265,0.02154670024599776,125,0.8680555555555556,2889,45477055,0.00739738421643632,NaN
16461,0.13663863441479368,0.030364140981065265,0.021532320217968946,125,0.8680555555555556,2889,45505945,0.00739738421643632,NaN
16471,0.13663863441479368,0.030364140981065265,0.02151834148282741,125,0.8680555555555556,2889,45534835,0.00739738421643632,NaN
16481,0.13663863441479368,0.030364140981065265,0.021504746812653488,125,0.8680555555555556,2889,45563725,0.00739738421643632,NaN
16491,0.13663863441479368,0.030364140981065265,0.021491534859657813,125,0.8680555555555556,2889,45592615,0.00739738421643632,NaN
16501,0.13663863441479368,0.030364140981065265,0.021478672837725022,125,0.8680555555555556,2889,45621505,0.00739738421643632,NaN
16511,0.13663863441479368,0.030364140981065265,0.021466164538188132,125,0.8680555555555556,2890,45650400,0.00739738421643632,NaN
16521,0.13663863441479368,0.030364140981065265,0.021453982711034845,125,0.8680555555555556,2890,45679300,0.00739738421643632,NaN
16531,0.13663863441479368,0.030364140981065265,0.021442104658676506,125,0.8680555555555556,2890,45708200,0.00739738421643632,NaN
16541,0.13663863441479368,0.030364140981065265,0.02143052399943041,125,0.8680555555555556,2890,45737100,0.00739738421643632,NaN
16551,0.13663863441479368,0.030364140981065265,0.02141922760518081,125,0.8680555555555556,2890,45766000,0.00739738421643632,NaN
16561,0.13663863441479368,0.030364140981065265,0.021408207994810944,125,0.8680555555555556,2890,45794900,0.00739738421643632,NaN
16571,0.13663863441479368,0.030364140981065265,0.021397451580634257,125,0.8680555555555556,2890,45823800,0.00739738421643632,NaN
16581,0.13663863441479368,0.030364140981065265,0.02138694281284605,125,0.8680555555555556,2891,45852709,0.00739738421643632,NaN
16591,0.13663863441479368,0.030364140981065265,0.02137667516875088,125,0.8680555555555556,2891,45881619,0.00739738421643632,NaN
16601,0.13663863441479368,0.030364140981065265,0.02136665550974083,125,0.8680555555555556,2891,45910529,0.00739738421643632,NaN
16611,0.13663863441479368,0.030364140981065265,0.021356855664117783,125,0.8680555555555556,2891,45939439,0.00739738421643632,NaN
16621,0.13663863441479368,0.030364140981065265,0.02134727039466851,125,0.8680555555555556,2891,45968349,0.00739738421643632,NaN
16631,0.13663863441479368,0.030364140981065265,0.021337892843378628,125,0.8680555555555556,2891,45997259,0.00739738421643632,NaN
16641,0.13663863441479368,0.030364140981065265,0.021328718082576272,125,0.8680555555555556,2892,46026171,0.00739738421643632,NaN
16651,0.13663863441479368,0.030364140981065265,0.021319733930171433,125,0.8680555555555556,2892,46055091,0.00739738421643632,NaN
16661,0.13663863441479368,0.030364140981065265,0.021310937709794583,125,0.8680555555555556,2892,46084011,0.00739738421643632,NaN
16671,0.13663863441479368,0.030364140981065265,0.021302322815519692,125,0.8680555555555556,2892,46112931,0.00739738421643632,NaN
16681,0.13663863441479368,0.030364140981065265,0.021293877546136143,125,0.8680555555555556,2892,46141851,0.00739738421643632,NaN
16691,0.13663863441479368,0.030364140981065265,0.021285602301996574,125,0.8680555555555556,2892,46170771,0.00739738421643632,NaN
16701,0.13663863441479368,0.030364140981065265,0.021277494442468944,125,0.8680555555555556,2892,46199691,0.00739738421643632,NaN
16711,0.13663863441479368,0.030364140981065265,0.0212695404292212,125,0.8680555555555556,2893,46228616,0.00739738421643632,NaN
16721,0.13663863441479368,0.030364140981065265,0.021261742030749577,125,0.8680555555555556,2893,46257546,0.00739738421643632,NaN
16731,0.13663863441479368,0.030364140981065265,0.021254089494781817,125,0.8680555555555556,2893,46286476,0.00739738421643632,NaN
16741,0.13663863441479368,0.030364140981065265,0.02124657958759678,125,0.8680555555555556,2893,46315406,0.00739738421643632,NaN
16751,0.13663863441479368,0.030364140981065265,0.021239210848398807,125,0.8680555555555556,2893,46344336,0.00739738421643632,NaN
16761,0.13663863441479368,0.030364140981065265,0.0212319785714001,125,0.8680555555555556,2893,46373266,0.00739738421643632,NaN
16771,0.13663863441479368,0.030364140981065265,0.021224879233985586,125,0.8680555555555556,2893,46402196,0.00739738421643632,NaN
16781,0.13663863441479368,0.030364140981065265,0.021217905883142693,125,0.8680555555555556,2894,46431134,0.00739738421643632,NaN
16791,0.13663863441479368,0.030364140981065265,0.021211053939655992,125,0.8680555555555556,2894,46460074,0.00739738421643632,NaN
16801,0.13663863441479368,0.030364140981065265,0.02120431836929766,125,0.8680555555555556,2894,46489014,0.00739738421643632,NaN
16811,0.13663863441479368,0.030364140981065265,0.021197701910409147,125,0.8680555555555556,2894,46517954,0.00739738421643632,NaN
16821,0.13663863441479368,0.030364140981065265,0.021191193039132316,125,0.8680555555555556,2894,46546894,0.00739738421643632,NaN
16831,0.13607083236666526,0.03019633724129485,0.021178003046276844,124,0.8611111111111112,2871,46575742,0.007959781818762612,NaN
16841,0.13555124646163347,0.03012249921369633,0.021155322281025127,124,0.8611111111111112,2871,46604452,0.007393455483149403,NaN
16851,0.13555124646163347,0.03012249921369633,0.021133552248952362,124,0.8611111111111112,2872,46633163,0.007540042308854689,NaN
16861,0.13555124646163347,0.03012249921369633,0.021112627615264338,124,0.8611111111111112,2872,46661883,0.007557955607218836,NaN
16871,0.13555124646163347,0.03012249921369633,0.021092500333901767,124,0.8611111111111112,2872,46690603,0.0074543864929556,NaN
16881,0.13555124646163347,0.03012249921369633,0.02107312191451899,124,0.8611111111111112,2872,46719323,0.007247187085051399,NaN
16891,0.13555124646163347,0.03012249921369633,0.021054443333319014,124,0.8611111111111112,2872,46748043,0.007080943580230981,NaN
16901,0.13555124646163347,0.03012249921369633,0.02103642573139712,124,0.8611111111111112,2872,46776763,0.006942845162106248,NaN
16911,0.13555124646163347,0.03012249921369633,0.021019029702707397,124,0.8611111111111112,2872,46805483,0.006912178724455653,NaN
16921,0.13555124646163347,0.03012249921369633,0.021002219355484956,124,0.8611111111111112,2873,46834206,0.0070649446353813206,NaN
16931,0.13555124646163347,0.03012249921369633,0.020985960076995346,124,0.8611111111111112,2873,46862936,0.006659876788553287,NaN
16941,0.13555124646163347,0.03012249921369633,0.020970225639627242,124,0.8611111111111112,2873,46891666,0.006117214957413797,NaN
16951,0.13555124646163347,0.03012249921369633,0.020954987936901294,124,0.8611111111111112,2873,46920396,0.006117214957413797,NaN
16961,0.13555124646163347,0.03012249921369633,0.020940221754657328,124,0.8611111111111112,2873,46949126,0.006117214957413797,NaN
16971,0.13555124646163347,0.03012249921369633,0.020925902039910075,124,0.8611111111111112,2873,46977856,0.006117214957413797,NaN
16981,0.13555124646163347,0.03012249921369633,0.020912007199720153,124,0.8611111111111112,2873,47006586,0.006117214957413797,NaN
16991,0.13555124646163347,0.03012249921369633,0.020898513973954647,124,0.8611111111111112,2874,47035320,0.006117214957413797,NaN
17001,0.13555124646163347,0.03012249921369633,0.0208854031358806,124,0.8611111111111112,2874,47064060,0.006117214957413797,NaN
17011,0.13555124646163347,0.03012249921369633,0.020872659185135815,124,0.8611111111111112,2874,47092800,0.006117214957413797,NaN
17021,0.13555124646163347,0.03012249921369633,0.020860264775737068,124,0.8611111111111112,2874,47121540,0.006117214957413797,NaN
17031,0.13555124646163347,0.03012249921369633,0.0208482038644265,124,0.8611111111111112,2874,47150280,0.006117214957413797,NaN
17041,0.13555124646163347,0.03012249921369633,0.020836462389826896,124,0.8611111111111112,2874,47179020,0.006117214957413797,NaN
17051,0.13555124646163347,0.03012249921369633,0.020825026583251402,124,0.8611111111111112,2874,47207760,0.006117214957413797,NaN
17061,0.13555124646163347,0.03012249921369633,0.020813880524003188,124,0.8611111111111112,2875,47236506,0.006117214957413797,NaN
17071,0.13555124646163347,0.03012249921369633,0.020803013086887256,124,0.8611111111111112,2875,47265256,0.006117214957413797,NaN
17081,0.13555124646163347,0.03012249921369633,0.020792413719743604,124,0.8611111111111112,2875,47294006,0.006117214957413797,NaN
17091,0.13555124646163347,0.03012249921369633,0.020782070898805453,124,0.8611111111111112,2875,47322756,0.006117214957413797,NaN
17101,0.13555124646163347,0.03012249921369633,0.020771974968880655,124,0.8611111111111112,2875,47351506,0.006117214957413797,NaN
17111,0.13555124646163347,0.03012249921369633,0.020762116830936806,124,0.8611111111111112,2875,47380256,0.006117214957413797,NaN
17121,0.13555124646163347,0.03012249921369633,0.020752486186587253,124,0.8611111111111112,2875,47409006,0.006117214957413797,NaN
17131,0.13555124646163347,0.03012249921369633,0.020743072887257647,124,0.8611111111111112,2876,47437763,0.006117214957413797,NaN
17141,0.13555124646163347,0.03012249921369633,0.02073386920861177,124,0.8611111111111112,2876,47466523,0.006117214957413797,NaN
17151,0.13555124646163347,0.03012249921369633,0.020724869119542137,124,0.8611111111111112,2876,47495283,0.006117214957413797,NaN
17161,0.13555124646163347,0.03012249921369633,0.020716065055303327,124,0.8611111111111112,2876,47524043,0.006117214957413797,NaN
17171,0.13555124646163347,0.03012249921369633,0.02070744966807865,124,0.8611111111111112,2876,47552803,0.006117214957413797,NaN
17181,0.13555124646163347,0.03012249921369633,0.02069901658641478,124,0.8611111111111112,2876,47581563,0.006117214957413797,NaN
17191,0.13555124646163347,0.03012249921369633,0.020690758919502703,124,0.8611111111111112,2876,47610323,0.006117214957413797,NaN
17201,0.13555124646163347,0.03012249921369633,0.020682668831308135,124,0.8611111111111112,2877,47639091,0.006117214957413797,NaN
17211,0.13555124646163347,0.03012249921369633,0.020674741497930874,124,0.8611111111111112,2877,47667861,0.006117214957413797,NaN
17221,0.13555124646163347,0.03012249921369633,0.020666973210327164,124,0.8611111111111112,2877,47696631,0.006117214957413797,NaN
17231,0.13555124646163347,0.03012249921369633,0.020659357478996325,124,0.8611111111111112,2877,47725401,0.006117214957413797,NaN
17241,0.13555124646163347,0.03012249921369633,0.020651890105630375,124,0.8611111111111112,2877,47754171,0.006117214957413797,NaN
17251,0.13555124646163347,0.03012249921369633,0.020644566197608266,124,0.8611111111111112,2877,47782941,0.006117214957413797,NaN
17261,0.13555124646163347,0.03012249921369633,0.0206373811024411,124,0.8611111111111112,2877,47811711,0.006117214957413797,NaN
17271,0.13555124646163347,0.03012249921369633,0.020630328026906227,124,0.8611111111111112,2878,47840489,0.006117214957413797,NaN
17281,0.13555124646163347,0.03012249921369633,0.020623405119025492,124,0.8611111111111112,2878,47869269,0.006117214957413797,NaN
17291,0.13555124646163347,0.03012249921369633,0.02061660822100135,124,0.8611111111111112,2878,47898049,0.006117214957413797,NaN
17301,0.13555124646163347,0.03012249921369633,0.020609933884360606,124,0.8611111111111112,2878,47926829,0.006117214957413797,NaN
17311,0.13555124646163347,0.03012249921369633,0.020603377889963168,124,0.8611111111111112,2878,47955609,0.006117214957413797,NaN
17321,0.13555124646163347,0.03012249921369633,0.020596937764254426,124,0.8611111111111112,2878,47984389,0.006117214957413797,NaN
17331,0.13555124646163347,0.03012249921369633,0.020590609255796567,124,0.8611111111111112,2878,48013169,0.006117214957413797,NaN
17341,0.13555124646163347,0.03012249921369633,0.020584387659414612,124,0.8611111111111112,2879,48041957,0.006117214957413797,NaN
17351,0.13555124646163347,0.03012249921369633,0.02057827120680221,124,0.8611111111111112,2879,48070747,0.006117214957413797,NaN
17361,0.13555124646163347,0.03012249921369633,0.0205722571405116,124,0.8611111111111112,2879,48099537,0.006117214957413797,NaN
17371,0.13555124646163347,0.03012249921369633,0.020566342813160447,124,0.8611111111111112,2879,48128327,0.006117214957413797,NaN
17381,0.13555124646163347,0.03012249921369633,0.020560525477339654,124,0.8611111111111112,2879,48157117,0.006117214957413797,NaN
17391,0.13555124646163347,0.03012249921369633,0.020554802119305784,124,0.8611111111111112,2879,48185907,0.006117214957413797,NaN
17401,0.13555124646163347,0.03012249921369633,0.020549170745772956,124,0.8611111111111112,2879,48214697,0.006117214957413797,NaN
17411,0.13555124646163347,0.03012249921369633,0.020543627052105953,124,0.8611111111111112,2880,48243495,0.006117214957413797,NaN
17421,0.13555124646163347,0.03012249921369633,0.02053817021278398,124,0.8611111111111112,2880,48272295,0.006117214957413797,NaN
17431,0.13555124646163347,0.03012249921369633,0.02053279823163239,124,0.8611111111111112,2880,48301095,0.006117214957413797,NaN
17441,0.13555124646163347,0.03012249921369633,0.020527508279843475,124,0.8611111111111112,2880,48329895,0.006117214957413797,NaN
17451,0.13555124646163347,0.03012249921369633,0.020522299206525048,124,0.8611111111111112,2880,48358695,0.006117214957413797,NaN
17461,0.13555124646163347,0.03012249921369633,0.020517168757002692,124,0.8611111111111112,2880,48387495,0.006117214957413797,NaN
17471,0.13555124646163347,0.03012249921369633,0.020512114191755186,124,0.8611111111111112,2880,48416295,0.006117214957413797,NaN
17481,0.13555124646163347,0.03012249921369633,0.020507133187824635,124,0.8611111111111112,2881,48445103,0.006117214957413797,NaN
17491,0.13555124646163347,0.03012249921369633,0.02050222486558738,124,0.8611111111111112,2881,48473913,0.006117214957413797,NaN
17501,0.13555124646163347,0.03012249921369633,0.020497387030456612,124,0.8611111111111112,2881,48502723,0.006117214957413797,NaN
17511,0.13555124646163347,0.03012249921369633,0.020492618254015375,124,0.8611111111111112,2881,48531533,0.006117214957413797,NaN
17521,0.13555124646163347,0.03012249921369633,0.020487917203875324,124,0.8611111111111112,2881,48560343,0.006117214957413797,NaN
17531,0.13555124646163347,0.03012249921369633,0.02048328210799273,124,0.8611111111111112,2881,48589153,0.006117214957413797,NaN
17541,0.13555124646163347,0.03012249921369633,0.02047871167921943,124,0.8611111111111112,2881,48617963,0.006117214957413797,NaN
17551,0.13555124646163347,0.03012249921369633,0.020474202886010682,124,0.8611111111111112,2882,48646781,0.006117214957413797,NaN
17561,0.13555124646163347,0.03012249921369633,0.02046975518289935,124,0.8611111111111112,2882,48675601,0.006117214957413797,NaN
17571,0.13555124646163347,0.03012249921369633,0.02046536741761419,124,0.8611111111111112,2882,48704421,0.006117214957413797,NaN
17581,0.13555124646163347,0.03012249921369633,0.020461038337543532,124,0.8611111111111112,2882,48733241,0.006117214957413797,NaN
17591,0.13555124646163347,0.03012249921369633,0.02045676674251727,124,0.8611111111111112,2882,48762061,0.006117214957413797,NaN
17601,0.13555124646163347,0.03012249921369633,0.020452551551759787,124,0.8611111111111112,2882,48790881,0.006117214957413797,NaN
17611,0.13555124646163347,0.03012249921369633,0.020448391246760532,124,0.8611111111111112,2882,48819701,0.006117214957413797,NaN
17621,0.13555124646163347,0.03012249921369633,0.02044428357455799,124,0.8611111111111112,2883,48848528,0.006117214957413797,NaN
17631,0.13555124646163347,0.03012249921369633,0.020440228612725365,124,0.8611111111111112,2883,48877358,0.006117214957413797,NaN
17641,0.13555124646163347,0.03012249921369633,0.02043622494882619,124,0.8611111111111112,2883,48906188,0.006117214957413797,NaN
17651,0.13555124646163347,0.03012249921369633,0.020432271407158864,124,0.8611111111111112,2883,48935018,0.006117214957413797,NaN
17661,0.13555124646163347,0.03012249921369633,0.02042836697970947,124,0.8611111111111112,2883,48963848,0.006117214957413797,NaN
17671,0.13555124646163347,0.03012249921369633,0.020424510857080587,124,0.8611111111111112,2883,48992678,0.006117214957413797,NaN
17681,0.13555124646163347,0.03012249921369633,0.020420702417663736,124,0.8611111111111112,2883,49021508,0.006117214957413797,NaN
17691,0.13555124646163347,0.03012249921369633,0.020416939509646192,124,0.8611111111111112,2884,49050343,0.006117214957413797,NaN
17701,0.13555124646163347,0.03012249921369633,0.020413221252516368,124,0.8611111111111112,2884,49079183,0.006117214957413797,NaN
17711,0.13555124646163347,0.03012249921369633,0.020409547332617357,124,0.8611111111111112,2884,49108023,0.006117214957413797,NaN
17721,0.13555124646163347,0.03012249921369633,0.02040591721592776,124,0.8611111111111112,2884,49136863,0.006117214957413797,NaN
17731,0.13555124646163347,0.03012249921369633,0.02040233013370538,124,0.8611111111111112,2884,49165703,0.006117214957413797,NaN
17741,0.13555124646163347,0.03012249921369633,0.020398784909140315,124,0.8611111111111112,2884,49194543,0.006117214957413797,NaN
17751,0.13555124646163347,0.03012249921369633,0.020395280775960627,124,0.8611111111111112,2884,49223383,0.006117214957413797,NaN
17761,0.13555124646163347,0.03012249921369633,0.020391816208421797,124,0.8611111111111112,2885,49252227,0.006117214957413797,NaN
17771,0.13555124646163347,0.03012249921369633,0.020388390658384815,124,0.8611111111111112,2885,49281077,0.006117214957413797,NaN
17781,0.13555124646163347,0.03012249921369633,0.020385003776453928,124,0.8611111111111112,2885,49309927,0.006117214957413797,NaN
17791,0.13555124646163347,0.03012249921369633,0.02038165475644435,124,0.8611111111111112,2885,49338777,0.006117214957413797,NaN
17801,0.13555124646163347,0.03012249921369633,0.02037834293977831,124,0.8611111111111112,2885,49367627,0.006117214957413797,NaN
17811,0.13555124646163347,0.03012249921369633,0.020375068215106974,124,0.8611111111111112,2885,49396477,0.006117214957413797,NaN
17821,0.13555124646163347,0.03012249921369633,0.020371829144635575,124,0.8611111111111112,2885,49425327,0.006117214957413797,NaN
17831,0.13555124646163347,0.03012249921369633,0.020368624899028985,124,0.8611111111111112,2886,49454179,0.006117214957413797,NaN
17841,0.13555124646163347,0.03012249921369633,0.020365454661142243,124,0.8611111111111112,2886,49483039,0.006117214957413797,NaN
17851,0.13555124646163347,0.03012249921369633,0.02036231841147907,124,0.8611111111111112,2886,49511899,0.006117214957413797,NaN
17861,0.13555124646163347,0.03012249921369633,0.020359215788658923,124,0.8611111111111112,2886,49540759,0.006117214957413797,NaN
17871,0.13555124646163347,0.03012249921369633,0.020356145828509163,124,0.8611111111111112,2886,49569619,0.006117214957413797,NaN
17881,0.13555124646163347,0.03012249921369633,0.020353108150367758,124,0.8611111111111112,2886,49598479,0.006117214957413797,NaN
17891,0.13555124646163347,0.03012249921369633,0.02035010218050733,124,0.8611111111111112,2886,49627339,0.006117214957413797,NaN
17901,0.13555124646163347,0.03012249921369633,0.020347127466874275,124,0.8611111111111112,2886,49656199,0.006117214957413797,NaN
17911,0.13555124646163347,0.03012249921369633,0.020344182156849928,124,0.8611111111111112,2887,49685069,0.006117214957413797,NaN
17921,0.13555124646163347,0.03012249921369633,0.020341266655083012,124,0.8611111111111112,2887,49713939,0.006117214957413797,NaN
17931,0.13555124646163347,0.03012249921369633,0.020338381014194943,124,0.8611111111111112,2887,49742809,0.006117214957413797,NaN
17941,0.13555124646163347,0.03012249921369633,0.020335524123555146,124,0.8611111111111112,2887,49771679,0.006117214957413797,NaN
17951,0.13555124646163347,0.03012249921369633,0.020332696206318033,124,0.8611111111111112,2887,49800549,0.006117214957413797,NaN
17961,0.13555124646163347,0.03012249921369633,0.02032989589174258,124,0.8611111111111112,2887,49829419,0.006117214957413797,NaN
17971,0.13555124646163347,0.03012249921369633,0.02032712352739461,124,0.8611111111111112,2887,49858289,0.006117214957413797,NaN
17981,0.13555124646163347,0.03012249921369633,0.02032437733226247,124,0.8611111111111112,2888,49887167,0.006117214957413797,NaN
17991,0.13555124646163347,0.03012249921369633,0.020321657811605397,124,0.8611111111111112,2888,49916047,0.006117214957413797,NaN
18001,0.13555124646163347,0.03012249921369633,0.02031896449064117,124,0.8611111111111112,2888,49944927,0.006117214957413797,NaN
18011,0.13555124646163347,0.03012249921369633,0.020316297143182376,124,0.8611111111111112,2888,49973807,0.006117214957413797,NaN
18021,0.13555124646163347,0.03012249921369633,0.020313655225243577,124,0.8611111111111112,2888,50002687,0.006117214957413797,NaN
18031,0.13555124646163347,0.03012249921369633,0.020311038192745965,124,0.8611111111111112,2888,50031567,0.006117214957413797,NaN
18041,0.13555124646163347,0.03012249921369633,0.020308445838688367,124,0.8611111111111112,2888,50060447,0.006117214957413797,NaN
18051,0.13555124646163347,0.03012249921369633,0.020305877414604795,124,0.8611111111111112,2889,50089332,0.006117214957413797,NaN
18061,0.13555124646163347,0.03012249921369633,0.02030333227565731,124,0.8611111111111112,2889,50118222,0.006117214957413797,NaN
18071,0.13555124646163347,0.03012249921369633,0.020300810477902203,124,0.8611111111111112,2889,50147112,0.006117214957413797,NaN
18081,0.13555124646163347,0.03012249921369633,0.0202983124697055,124,0.8611111111111112,2889,50176002,0.006117214957413797,NaN
18091,0.13555124646163347,0.03012249921369633,0.020295836558997055,124,0.8611111111111112,2889,50204892,0.006117214957413797,NaN
18101,0.13555124646163347,0.03012249921369633,0.020293383296601686,124,0.8611111111111112,2889,50233782,0.006117214957413797,NaN
18111,0.13555124646163347,0.03012249921369633,0.02029095210384031,124,0.8611111111111112,2889,50262672,0.006117214957413797,NaN
18121,0.13555124646163347,0.03012249921369633,0.02028854262513193,124,0.8611111111111112,2890,50291564,0.006117214957413797,NaN
18131,0.13555124646163347,0.03012249921369633,0.02028615381568605,124,0.8611111111111112,2890,50320464,0.006117214957413797,NaN
18141,0.13555124646163347,0.03012249921369633,0.02028378652338409,124,0.8611111111111112,2890,50349364,0.006117214957413797,NaN
18151,0.13555124646163347,0.03012249921369633,0.020281439760444372,124,0.8611111111111112,2890,50378264,0.006117214957413797,NaN
18161,0.13555124646163347,0.03012249921369633,0.020279113622275694,124,0.8611111111111112,2890,50407164,0.006117214957413797,NaN
18171,0.13555124646163347,0.03012249921369633,0.02027680722416629,124,0.8611111111111112,2890,50436064,0.006117214957413797,NaN
18181,0.13555124646163347,0.03012249921369633,0.02027452100062191,124,0.8611111111111112,2890,50464964,0.006117214957413797,NaN
18191,0.13555124646163347,0.03012249921369633,0.020272254454326188,124,0.8611111111111112,2890,50493864,0.006117214957413797,NaN
18201,0.13555124646163347,0.03012249921369633,0.020270006321662627,124,0.8611111111111112,2891,50522773,0.006117214957413797,NaN
18211,0.13555124646163347,0.03012249921369633,0.020267777120764732,124,0.8611111111111112,2891,50551683,0.006117214957413797,NaN
18221,0.13555124646163347,0.03012249921369633,0.020265566805353942,124,0.8611111111111112,2891,50580593,0.006117214957413797,NaN
18231,0.13555124646163347,0.03012249921369633,0.020263375122960465,124,0.8611111111111112,2891,50609503,0.006117214957413797,NaN
18241,0.13555124646163347,0.03012249921369633,0.020261201790221384,124,0.8611111111111112,2891,50638413,0.006117214957413797,NaN
18251,0.13555124646163347,0.03012249921369633,0.020259046542375165,124,0.8611111111111112,2891,50667323,0.006117214957413797,NaN
18261,0.13555124646163347,0.03012249921369633,0.020256908840489706,124,0.8611111111111112,2891,50696233,0.006117214957413797,NaN
18271,0.13555124646163347,0.03012249921369633,0.02025478829854251,124,0.8611111111111112,2892,50725149,0.006117214957413797,NaN
18281,0.13555124646163347,0.03012249921369633,0.020252684781567762,124,0.8611111111111112,2892,50754069,0.006117214957413797,NaN
18291,0.13555124646163347,0.03012249921369633,0.020250598029471368,124,0.8611111111111112,2892,50782989,0.006117214957413797,NaN
18301,0.13555124646163347,0.03012249921369633,0.020248528416626384,124,0.8611111111111112,2892,50811909,0.006117214957413797,NaN
18311,0.13555124646163347,0.03012249921369633,0.020246475236868976,124,0.8611111111111112,2892,50840829,0.006117214957413797,NaN
18321,0.13555124646163347,0.03012249921369633,0.02024443873734767,124,0.8611111111111112,2892,50869749,0.006117214957413797,NaN
18331,0.13555124646163347,0.03012249921369633,0.0202424180756791,124,0.8611111111111112,2892,50898669,0.006117214957413797,NaN
18341,0.13555124646163347,0.03012249921369633,0.0202404132995608,124,0.8611111111111112,2893,50927591,0.006117214957413797,NaN
18351,0.13555124646163347,0.03012249921369633,0.02023842371724599,124,0.8611111111111112,2893,50956521,0.006117214957413797,NaN
18361,0.13555124646163347,0.03012249921369633,0.020236449628123,124,0.8611111111111112,2893,50985451,0.006117214957413797,NaN
18371,0.13555124646163347,0.03012249921369633,0.020234490900426585,124,0.8611111111111112,2893,51014381,0.006117214957413797,NaN
18381,0.13555124646163347,0.03012249921369633,0.02023254715001639,124,0.8611111111111112,2893,51043311,0.006117214957413797,NaN
18391,0.13555124646163347,0.03012249921369633,0.020230618578155782,124,0.8611111111111112,2893,51072241,0.006117214957413797,NaN
18401,0.13555124646163347,0.03012249921369633,0.02022870460786595,124,0.8611111111111112,2893,51101171,0.006117214957413797,NaN
18411,0.13555124646163347,0.03012249921369633,0.020226804986435424,124,0.8611111111111112,2893,51130101,0.006117214957413797,NaN
18421,0.13555124646163347,0.03012249921369633,0.02022491944852743,124,0.8611111111111112,2894,51159039,0.006117214957413797,NaN
18431,0.13555124646163347,0.03012249921369633,0.020223047790046463,124,0.8611111111111112,2894,51187979,0.006117214957413797,NaN
18441,0.13555124646163347,0.03012249921369633,0.020221190441124266,124,0.8611111111111112,2894,51216919,0.006117214957413797,NaN
18451,0.13555124646163347,0.03012249921369633,0.020219346919152736,124,0.8611111111111112,2894,51245859,0.006117214957413797,NaN
18461,0.13555124646163347,0.03012249921369633,0.02021751695676797,124,0.8611111111111112,2894,51274799,0.006117214957413797,NaN
18471,0.13555124646163347,0.03012249921369633,0.020215700294345666,124,0.8611111111111112,2894,51303739,0.006117214957413797,NaN
18481,0.13555124646163347,0.03012249921369633,0.02021389678640981,124,0.8611111111111112,2894,51332679,0.006117214957413797,NaN
18491,0.13555124646163347,0.03012249921369633,0.02021210643850143,124,0.8611111111111112,2895,51361622,0.006117214957413797,NaN
18501,0.13555124646163347,0.03012249921369633,0.020210328873185773,124,0.8611111111111112,2895,51390572,0.006117214957413797,NaN
18511,0.13555124646163347,0.03012249921369633,0.02020856389427322,124,0.8611111111111112,2895,51419522,0.006117214957413797,NaN
18521,0.13555124646163347,0.03012249921369633,0.02020681175047106,124,0.8611111111111112,2895,51448472,0.006117214957413797,NaN
18531,0.13555124646163347,0.03012249921369633,0.02020507227828886,124,0.8611111111111112,2895,51477422,0.006117214957413797,NaN
18541,0.13555124646163347,0.03012249921369633,0.020203344649297256,124,0.8611111111111112,2895,51506372,0.006117214957413797,NaN
18551,0.13555124646163347,0.03012249921369633,0.020201629508253452,124,0.8611111111111112,2895,51535322,0.006117214957413797,NaN
18561,0.13555124646163347,0.03012249921369633,0.020199926472981255,124,0.8611111111111112,2895,51564272,0.006117214957413797,NaN
18571,0.13555124646163347,0.03012249921369633,0.020198234887837313,124,0.8611111111111112,2896,51593231,0.006117214957413797,NaN
18581,0.13555124646163347,0.03012249921369633,0.020196555193886627,124,0.8611111111111112,2896,51622191,0.006117214957413797,NaN
18591,0.13555124646163347,0.03012249921369633,0.020194886731054296,124,0.8611111111111112,2896,51651151,0.006117214957413797,NaN
18601,0.13555124646163347,0.03012249921369633,0.0201932302047235,124,0.8611111111111112,2896,51680111,0.006117214957413797,NaN
18611,0.13555124646163347,0.03012249921369633,0.02019158488977057,124,0.8611111111111112,2896,51709071,0.006117214957413797,NaN
18621,0.13555124646163347,0.03012249921369633,0.02018995125576285,124,0.8611111111111112,2896,51738031,0.006117214957413797,NaN
18631,0.13555124646163347,0.03012249921369633,0.020188328531700373,124,0.8611111111111112,2896,51766991,0.006117214957413797,NaN
18641,0.13555124646163347,0.03012249921369633,0.02018671640226125,124,0.8611111111111112,2897,51795955,0.006117214957413797,NaN
18651,0.13555124646163347,0.03012249921369633,0.020185114979394535,124,0.8611111111111112,2897,51824925,0.006117214957413797,NaN
18661,0.13555124646163347,0.03012249921369633,0.02018352410506114,124,0.8611111111111112,2897,51853895,0.006117214957413797,NaN
18671,0.13555124646163347,0.03012249921369633,0.020181943979154165,124,0.8611111111111112,2897,51882865,0.006117214957413797,NaN
18681,0.13555124646163347,0.03012249921369633,0.02018037429034566,124,0.8611111111111112,2897,51911835,0.006117214957413797,NaN
18691,0.13555124646163347,0.03012249921369633,0.020178815241887884,124,0.8611111111111112,2897,51940805,0.006117214957413797,NaN
18701,0.13555124646163347,0.03012249921369633,0.020177266367592806,124,0.8611111111111112,2897,51969775,0.006117214957413797,NaN
18711,0.13555124646163347,0.03012249921369633,0.02017572772516437,124,0.8611111111111112,2897,51998745,0.006117214957413797,NaN
18721,0.13555124646163347,0.03012249921369633,0.020174198561228464,124,0.8611111111111112,2898,52027723,0.006117214957413797,NaN
18731,0.13555124646163347,0.03012249921369633,0.02017267924380961,124,0.8611111111111112,2898,52056703,0.006117214957413797,NaN
18741,0.13555124646163347,0.03012249921369633,0.02017116978977136,124,0.8611111111111112,2898,52085683,0.006117214957413797,NaN
18751,0.13555124646163347,0.03012249921369633,0.020169670264973336,124,0.8611111111111112,2898,52114663,0.006117214957413797,NaN
18761,0.13555124646163347,0.03012249921369633,0.020168180181709346,124,0.8611111111111112,2898,52143643,0.006117214957413797,NaN
18771,0.13555124646163347,0.03012249921369633,0.02016669970483685,124,0.8611111111111112,2898,52172623,0.006117214957413797,NaN
18781,0.13555124646163347,0.03012249921369633,0.020165228653424336,124,0.8611111111111112,2898,52201603,0.006117214957413797,NaN
18791,0.13555124646163347,0.03012249921369633,0.02016376672090011,124,0.8611111111111112,2899,52230586,0.006117214957413797,NaN
18801,0.13555124646163347,0.03012249921369633,0.020162313846197332,124,0.8611111111111112,2899,52259576,0.006117214957413797,NaN
18811,0.13555124646163347,0.03012249921369633,0.020160869952734736,124,0.8611111111111112,2899,52288566,0.006117214957413797,NaN
18821,0.13555124646163347,0.03012249921369633,0.02015943517508524,124,0.8611111111111112,2899,52317556,0.006117214957413797,NaN
18831,0.13555124646163347,0.03012249921369633,0.020158009153818397,124,0.8611111111111112,2899,52346546,0.006117214957413797,NaN
18841,0.13555124646163347,0.03012249921369633,0.02015659185402221,124,0.8611111111111112,2899,52375536,0.006117214957413797,NaN
18851,0.13555124646163347,0.03012249921369633,0.02015518331910838,124,0.8611111111111112,2899,52404526,0.006117214957413797,NaN
18861,0.13555124646163347,0.03012249921369633,0.020153783688226522,124,0.8611111111111112,2899,52433516,0.006117214957413797,NaN
18871,0.13555124646163347,0.03012249921369633,0.02015239246404859,124,0.8611111111111112,2900,52462513,0.006117214957413797,NaN
18881,0.13555124646163347,0.03012249921369633,0.020151009509758445,124,0.8611111111111112,2900,52491513,0.006117214957413797,NaN
18891,0.13555124646163347,0.03012249921369633,0.020149634769941825,124,0.8611111111111112,2900,52520513,0.006117214957413797,NaN
18901,0.13555124646163347,0.03012249921369633,0.020148268261530208,124,0.8611111111111112,2900,52549513,0.006117214957413797,NaN
18911,0.13555124646163347,0.03012249921369633,0.020146910169595373,124,0.8611111111111112,2900,52578513,0.006117214957413797,NaN
18921,0.13555124646163347,0.03012249921369633,0.020145560254548014,124,0.8611111111111112,2900,52607513,0.006117214957413797,NaN
18931,0.13555124646163347,0.03012249921369633,0.020144218340141684,124,0.8611111111111112,2900,52636513,0.006117214957413797,NaN
18941,0.13555124646163347,0.03012249921369633,0.0201428843618141,124,0.8611111111111112,2901,52665514,0.006117214957413797,NaN
18951,0.13555124646163347,0.03012249921369633,0.020141557825237424,124,0.8611111111111112,2901,52694524,0.006117214957413797,NaN
18961,0.13555124646163347,0.03012249921369633,0.02014023930550532,124,0.8611111111111112,2901,52723534,0.006117214957413797,NaN
18971,0.13555124646163347,0.03012249921369633,0.020138928435833738,124,0.8611111111111112,2901,52752544,0.006117214957413797,NaN
18981,0.13555124646163347,0.03012249921369633,0.02013762518542712,124,0.8611111111111112,2901,52781554,0.006117214957413797,NaN
18991,0.13555124646163347,0.03012249921369633,0.020136329631449602,124,0.8611111111111112,2901,52810564,0.006117214957413797,NaN
19001,0.13555124646163347,0.03012249921369633,0.020135041514355523,124,0.8611111111111112,2901,52839574,0.006117214957413797,NaN
19011,0.13555124646163347,0.03012249921369633,0.020133760878890784,124,0.8611111111111112,2901,52868584,0.006117214957413797,NaN
19021,0.13555124646163347,0.03012249921369633,0.02013248742198932,124,0.8611111111111112,2902,52897598,0.006117214957413797,NaN
19031,0.13555124646163347,0.03012249921369633,0.02013122108548458,124,0.8611111111111112,2902,52926618,0.006117214957413797,NaN
19041,0.13555124646163347,0.03012249921369633,0.02012996194354343,124,0.8611111111111112,2902,52955638,0.006117214957413797,NaN
19051,0.13555124646163347,0.03012249921369633,0.020128710036739664,124,0.8611111111111112,2902,52984658,0.006117214957413797,NaN
19061,0.13555124646163347,0.03012249921369633,0.020127465075545498,124,0.8611111111111112,2902,53013678,0.006117214957413797,NaN
19071,0.13555124646163347,0.03012249921369633,0.020126227006948532,124,0.8611111111111112,2902,53042698,0.006117214957413797,NaN
19081,0.13555124646163347,0.03012249921369633,0.020124996136313,124,0.8611111111111112,2902,53071718,0.006117214957413797,NaN
19091,0.13555124646163347,0.03012249921369633,0.02012377218900375,124,0.8611111111111112,2902,53100738,0.006117214957413797,NaN
19101,0.13555124646163347,0.03012249921369633,0.020122554722303843,124,0.8611111111111112,2903,53129765,0.006117214957413797,NaN
19111,0.13555124646163347,0.03012249921369633,0.020121344188313278,124,0.8611111111111112,2903,53158795,0.006117214957413797,NaN
19121,0.13555124646163347,0.03012249921369633,0.020120140153820014,124,0.8611111111111112,2903,53187825,0.006117214957413797,NaN
19131,0.13555124646163347,0.03012249921369633,0.020118942696267336,124,0.8611111111111112,2903,53216855,0.006117214957413797,NaN
19141,0.13555124646163347,0.03012249921369633,0.02011775188352428,124,0.8611111111111112,2903,53245885,0.006117214957413797,NaN
19151,0.13555124646163347,0.03012249921369633,0.020116567455673487,124,0.8611111111111112,2903,53274915,0.006117214957413797,NaN
19161,0.13555124646163347,0.03012249921369633,0.020115389841286968,124,0.8611111111111112,2903,53303945,0.006117214957413797,NaN
19171,0.13555124646163347,0.03012249921369633,0.02011421834449077,124,0.8611111111111112,2903,53332975,0.006117214957413797,NaN
19181,0.13555124646163347,0.03012249921369633,0.02011305288112152,124,0.8611111111111112,2904,53362015,0.006117214957413797,NaN
19191,0.13555124646163347,0.03012249921369633,0.020111893715202587,124,0.8611111111111112,2904,53391055,0.006117214957413797,NaN
19201,0.13555124646163347,0.03012249921369633,0.020110740815426655,124,0.8611111111111112,2904,53420095,0.006117214957413797,NaN
19211,0.13555124646163347,0.03012249921369633,0.02010959400355132,124,0.8611111111111112,2904,53449135,0.006117214957413797,NaN
19221,0.13555124646163347,0.03012249921369633,0.02010845321078445,124,0.8611111111111112,2904,53478175,0.006117214957413797,NaN
19231,0.13555124646163347,0.03012249921369633,0.020107318755217665,124,0.8611111111111112,2904,53507215,0.006117214957413797,NaN
19241,0.13555124646163347,0.03012249921369633,0.020106190285186395,124,0.8611111111111112,2904,53536255,0.006117214957413797,NaN
19251,0.13555124646163347,0.03012249921369633,0.020105067432024018,124,0.8611111111111112,2905,53565298,0.006117214957413797,NaN
19261,0.13555124646163347,0.03012249921369633,0.020103950288316172,124,0.8611111111111112,2905,53594348,0.006117214957413797,NaN
19271,0.13555124646163347,0.03012249921369633,0.020102839112772188,124,0.8611111111111112,2905,53623398,0.006117214957413797,NaN
19281,0.13555124646163347,0.03012249921369633,0.020101733758560236,124,0.8611111111111112,2905,53652448,0.006117214957413797,NaN
19291,0.13531801573570304,0.030070670163489563,0.020083386282335653,123,0.8541666666666666,2882,53681314,0.006117214957413797,NaN
19301,0.13531801573570304,0.030070670163489563,0.020061550165807077,123,0.8541666666666666,2882,53710134,0.006117214957413797,NaN
19311,0.13531801573570304,0.030070670163489563,0.02004057201660025,123,0.8541666666666666,2882,53738954,0.006117214957413797,NaN
19321,0.13531801573570304,0.030070670163489563,0.020020397173241736,123,0.8541666666666666,2882,53767774,0.006117214957413797,NaN
19331,0.13531801573570304,0.030070670163489563,0.020000974486547557,123,0.8541666666666666,2882,53796594,0.006117214957413797,NaN
19341,0.13531801573570304,0.030070670163489563,0.019982259297389674,123,0.8541666666666666,2882,53825414,0.006117214957413797,NaN
19351,0.13531801573570304,0.030070670163489563,0.01996420905234123,123,0.8541666666666666,2882,53854234,0.006117214957413797,NaN
19361,0.13531801573570304,0.030070670163489563,0.01994678443620917,123,0.8541666666666666,2883,53883055,0.006117214957413797,NaN
19371,0.13531801573570304,0.030070670163489563,0.019929944303353167,123,0.8541666666666666,2883,53911885,0.006117214957413797,NaN
19381,0.13531801573570304,0.030070670163489563,0.0199136620204199,123,0.8541666666666666,2883,53940715,0.006117214957413797,NaN
19391,0.13531801573570304,0.030070670163489563,0.0198979071200442,123,0.8541666666666666,2883,53969545,0.006117214957413797,NaN
19401,0.13531801573570304,0.030070670163489563,0.019882651800111967,123,0.8541666666666666,2883,53998375,0.006117214957413797,NaN
19411,0.13531801573570304,0.030070670163489563,0.019867869761318227,123,0.8541666666666666,2883,54027205,0.006117214957413797,NaN
19421,0.13531801573570304,0.030070670163489563,0.019853537425104168,123,0.8541666666666666,2883,54056035,0.006117214957413797,NaN
19431,0.13531801573570304,0.030070670163489563,0.019839631676972877,123,0.8541666666666666,2883,54084865,0.006117214957413797,NaN
19441,0.13531801573570304,0.030070670163489563,0.01982613028782319,123,0.8541666666666666,2884,54113697,0.006117214957413797,NaN
19451,0.13531801573570304,0.030070670163489563,0.01981301262115374,123,0.8541666666666666,2884,54142537,0.006117214957413797,NaN
19461,0.13531801573570304,0.030070670163489563,0.01980026292729217,123,0.8541666666666666,2884,54171377,0.006117214957413797,NaN
19471,0.13531801573570304,0.030070670163489563,0.019787864658944516,123,0.8541666666666666,2884,54200217,0.006117214957413797,NaN
19481,0.13531801573570304,0.030070670163489563,0.019775801901490263,123,0.8541666666666666,2884,54229057,0.006117214957413797,NaN
19491,0.13531801573570304,0.030070670163489563,0.019764059751929124,123,0.8541666666666666,2884,54257897,0.006117214957413797,NaN
19501,0.13531801573570304,0.030070670163489563,0.019752623786901204,123,0.8541666666666666,2884,54286737,0.006117214957413797,NaN
19511,0.13531801573570304,0.030070670163489563,0.0197414807433867,123,0.8541666666666666,2884,54315577,0.006117214957413797,NaN
19521,0.13531801573570304,0.030070670163489563,0.0197306177539449,123,0.8541666666666666,2885,54344420,0.006117214957413797,NaN
19531,0.13531801573570304,0.030070670163489563,0.019720021007479185,123,0.8541666666666666,2885,54373270,0.006117214957413797,NaN
19541,0.13531801573570304,0.030070670163489563,0.019709682600528564,123,0.8541666666666666,2885,54402120,0.006117214957413797,NaN
19551,0.13531801573570304,0.030070670163489563,0.01969959182505046,123,0.8541666666666666,2885,54430970,0.006117214957413797,NaN
19561,0.13531801573570304,0.030070670163489563,0.01968973918553667,123,0.8541666666666666,2885,54459820,0.006117214957413797,NaN
19571,0.13531801573570304,0.030070670163489563,0.01968011496063333,123,0.8541666666666666,2885,54488670,0.006117214957413797,NaN
19581,0.13531801573570304,0.030070670163489563,0.01967071085306908,123,0.8541666666666666,2885,54517520,0.006117214957413797,NaN
19591,0.13531801573570304,0.030070670163489563,0.01966151823196012,123,0.8541666666666666,2885,54546370,0.006117214957413797,NaN
19601,0.13531801573570304,0.030070670163489563,0.01965252827679861,123,0.8541666666666666,2886,54575224,0.006117214957413797,NaN
19611,0.13531801573570304,0.030070670163489563,0.019643732883385157,123,0.8541666666666666,2886,54604084,0.006117214957413797,NaN
19621,0.13531801573570304,0.030070670163489563,0.01963512661417174,123,0.8541666666666666,2886,54632944,0.006117214957413797,NaN
19631,0.13531801573570304,0.030070670163489563,0.019626702741332585,123,0.8541666666666666,2886,54661804,0.006117214957413797,NaN
19641,0.13531801573570304,0.030070670163489563,0.01961845493746794,123,0.8541666666666666,2886,54690664,0.006117214957413797,NaN
19651,0.13531801573570304,0.030070670163489563,0.019610376794759896,123,0.8541666666666666,2886,54719524,0.006117214957413797,NaN
19661,0.13531801573570304,0.030070670163489563,0.019602462872030612,123,0.8541666666666666,2886,54748384,0.006117214957413797,NaN
19671,0.13531801573570304,0.030070670163489563,0.019594707770854928,123,0.8541666666666666,2886,54777244,0.006117214957413797,NaN
19681,0.13531801573570304,0.030070670163489563,0.01958710500716719,123,0.8541666666666666,2887,54806108,0.006117214957413797,NaN
19691,0.13531801573570304,0.030070670163489563,0.019579648745367537,123,0.8541666666666666,2887,54834978,0.006117214957413797,NaN
19701,0.13531801573570304,0.030070670163489563,0.019572336215732636,123,0.8541666666666666,2887,54863848,0.006117214957413797,NaN
19711,0.13531801573570304,0.030070670163489563,0.019565162862242642,123,0.8541666666666666,2887,54892718,0.006117214957413797,NaN
19721,0.13531801573570304,0.030070670163489563,0.019558123972271114,123,0.8541666666666666,2887,54921588,0.006117214957413797,NaN
19731,0.13531801573570304,0.030070670163489563,0.0195512157646016,123,0.8541666666666666,2887,54950458,0.006117214957413797,NaN
19741,0.13531801573570304,0.030070670163489563,0.01954443403041597,123,0.8541666666666666,2887,54979328,0.006117214957413797,NaN
19751,0.13531801573570304,0.030070670163489563,0.019537774886967483,123,0.8541666666666666,2887,55008198,0.006117214957413797,NaN
19761,0.13531801573570304,0.030070670163489563,0.019531233755451027,123,0.8541666666666666,2888,55037072,0.006117214957413797,NaN
19771,0.13531801573570304,0.030070670163489563,0.019524806645753793,123,0.8541666666666666,2888,55065952,0.006117214957413797,NaN
19781,0.13531801573570304,0.030070670163489563,0.019518491633925713,123,0.8541666666666666,2888,55094832,0.006117214957413797,NaN
19791,0.13531801573570304,0.030070670163489563,0.019512285374375018,123,0.8541666666666666,2888,55123712,0.006117214957413797,NaN
19801,0.13531801573570304,0.030070670163489563,0.019506184595616885,123,0.8541666666666666,2888,55152592,0.006117214957413797,NaN
19811,0.13531801573570304,0.030070670163489563,0.019500186482918166,123,0.8541666666666666,2888,55181472,0.006117214957413797,NaN
19821,0.13531801573570304,0.030070670163489563,0.019494288395577614,123,0.8541666666666666,2888,55210352,0.006117214957413797,NaN
19831,0.13531801573570304,0.030070670163489563,0.0194884870725356,123,0.8541666666666666,2888,55239232,0.006117214957413797,NaN
19841,0.13531801573570304,0.030070670163489563,0.01948277980203758,123,0.8541666666666666,2889,55268115,0.006117214957413797,NaN
19851,0.13531801573570304,0.030070670163489563,0.01947716306751125,123,0.8541666666666666,2889,55297005,0.006117214957413797,NaN
19861,0.13531801573570304,0.030070670163489563,0.019471635890312786,123,0.8541666666666666,2889,55325895,0.006117214957413797,NaN
19871,0.13531801573570304,0.030070670163489563,0.019466195429998084,123,0.8541666666666666,2889,55354785,0.006117214957413797,NaN
19881,0.13531801573570304,0.030070670163489563,0.01946083980791368,123,0.8541666666666666,2889,55383675,0.006117214957413797,NaN
19891,0.13531801573570304,0.030070670163489563,0.01945556680116333,123,0.8541666666666666,2889,55412565,0.006117214957413797,NaN
19901,0.13531801573570304,0.030070670163489563,0.019450374304299814,123,0.8541666666666666,2889,55441455,0.006117214957413797,NaN
19911,0.13531801573570304,0.030070670163489563,0.0194452600275743,123,0.8541666666666666,2889,55470345,0.006117214957413797,NaN
19921,0.13531801573570304,0.030070670163489563,0.019440221954025557,123,0.8541666666666666,2890,55499237,0.006117214957413797,NaN
19931,0.13531801573570304,0.030070670163489563,0.019435256977231526,123,0.8541666666666666,2890,55528137,0.006117214957413797,NaN
19941,0.13531801573570304,0.030070670163489563,0.01943036486588952,123,0.8541666666666666,2890,55557037,0.006117214957413797,NaN
19951,0.13531801573570304,0.030070670163489563,0.01942554350616994,123,0.8541666666666666,2890,55585937,0.006117214957413797,NaN
19961,0.13531801573570304,0.030070670163489563,0.01942079157786924,123,0.8541666666666666,2890,55614837,0.006117214957413797,NaN
19971,0.13531801573570304,0.030070670163489563,0.019416107073994826,123,0.8541666666666666,2890,55643737,0.006117214957413797,NaN
19981,0.13531801573570304,0.030070670163489563,0.019411488601681667,123,0.8541666666666666,2890,55672637,0.006117214957413797,NaN
19991,0.13531801573570304,0.030070670163489563,0.019406934680229266,123,0.8541666666666666,2890,55701537,0.006117214957413797,NaN
20001,0.13531801573570304,0.030070670163489563,0.019402443456044798,123,0.8541666666666666,2891,55730438,0.006117214957413797,NaN
20011,0.13531801573570304,0.030070670163489563,0.019398012256973837,123,0.8541666666666666,2891,55759348,0.006117214957413797,NaN
20021,0.13531801573570304,0.030070670163489563,0.019393641147539144,123,0.8541666666666666,2891,55788258,0.006117214957413797,NaN
20031,0.13531801573570304,0.030070670163489563,0.01938932883497944,123,0.8541666666666666,2891,55817168,0.006117214957413797,NaN
20041,0.13531801573570304,0.030070670163489563,0.019385074018527695,123,0.8541666666666666,2891,55846078,0.006117214957413797,NaN
20051,0.13531801573570304,0.030070670163489563,0.019380875145710005,123,0.8541666666666666,2891,55874988,0.006117214957413797,NaN
20061,0.13531801573570304,0.030070670163489563,0.01937673130057497,123,0.8541666666666666,2891,55903898,0.006117214957413797,NaN
20071,0.13531801573570304,0.030070670163489563,0.01937264113004053,123,0.8541666666666666,2891,55932808,0.006117214957413797,NaN
20081,0.13531801573570304,0.030070670163489563,0.019368603413821125,123,0.8541666666666666,2891,55961718,0.006117214957413797,NaN
20091,0.13531801573570304,0.030070670163489563,0.019364615765222276,123,0.8541666666666666,2892,55990638,0.006117214957413797,NaN
20101,0.13531801573570304,0.030070670163489563,0.019360678590432247,123,0.8541666666666666,2892,56019558,0.006117214957413797,NaN
20111,0.13531801573570304,0.030070670163489563,0.019356790685220934,123,0.8541666666666666,2892,56048478,0.006117214957413797,NaN
20121,0.13531801573570304,0.030070670163489563,0.01935295100589842,123,0.8541666666666666,2892,56077398,0.006117214957413797,NaN
20131,0.13531801573570304,0.030070670163489563,0.019349158703741057,123,0.8541666666666666,2892,56106318,0.006117214957413797,NaN
20141,0.13531801573570304,0.030070670163489563,0.019345412676705188,123,0.8541666666666666,2892,56135238,0.006117214957413797,NaN
20151,0.13531801573570304,0.030070670163489563,0.01934171206569378,123,0.8541666666666666,2892,56164158,0.006117214957413797,NaN
20161,0.13531801573570304,0.030070670163489563,0.019338055739464188,123,0.8541666666666666,2892,56193078,0.006117214957413797,NaN
20171,0.13531801573570304,0.030070670163489563,0.01933444184276188,123,0.8541666666666666,2893,56222006,0.006117214957413797,NaN
20181,0.13531801573570304,0.030070670163489563,0.019330870678381087,123,0.8541666666666666,2893,56250936,0.006117214957413797,NaN
20191,0.13531801573570304,0.030070670163489563,0.019327341204814528,123,0.8541666666666666,2893,56279866,0.006117214957413797,NaN
20201,0.13531801573570304,0.030070670163489563,0.01932385280488709,123,0.8541666666666666,2893,56308796,0.006117214957413797,NaN
20211,0.13531801573570304,0.030070670163489563,0.01932040461664679,123,0.8541666666666666,2893,56337726,0.006117214957413797,NaN
20221,0.13531801573570304,0.030070670163489563,0.019316995949698237,123,0.8541666666666666,2893,56366656,0.006117214957413797,NaN
20231,0.13531801573570304,0.030070670163489563,0.019313625918446153,123,0.8541666666666666,2893,56395586,0.006117214957413797,NaN
20241,0.13531801573570304,0.030070670163489563,0.01931029399424926,123,0.8541666666666666,2893,56424516,0.006117214957413797,NaN
20251,0.13531801573570304,0.030070670163489563,0.01930699857219871,123,0.8541666666666666,2894,56453452,0.006117214957413797,NaN
20261,0.13531801573570304,0.030070670163489563,0.019303739194350866,123,0.8541666666666666,2894,56482392,0.006117214957413797,NaN
20271,0.13531801573570304,0.030070670163489563,0.019300515724204742,123,0.8541666666666666,2894,56511332,0.006117214957413797,NaN
20281,0.13531801573570304,0.030070670163489563,0.019297327535904237,123,0.8541666666666666,2894,56540272,0.006117214957413797,NaN
20291,0.13531801573570304,0.030070670163489563,0.01929417396120123,123,0.8541666666666666,2894,56569212,0.006117214957413797,NaN
20301,0.13531801573570304,0.030070670163489563,0.0192910542502142,123,0.8541666666666666,2894,56598152,0.006117214957413797,NaN
20311,0.13531801573570304,0.030070670163489563,0.01928796802357365,123,0.8541666666666666,2894,56627092,0.006117214957413797,NaN
20321,0.13531801573570304,0.030070670163489563,0.019284914337570274,123,0.8541666666666666,2894,56656032,0.006117214957413797,NaN
20331,0.13531801573570304,0.030070670163489563,0.019281892679780376,123,0.8541666666666666,2895,56684975,0.006117214957413797,NaN
20341,0.13531801573570304,0.030070670163489563,0.019278901778302746,123,0.8541666666666666,2895,56713925,0.006117214957413797,NaN
20351,0.13531801573570304,0.030070670163489563,0.019275942119520065,123,0.8541666666666666,2895,56742875,0.006117214957413797,NaN
20361,0.13531801573570304,0.030070670163489563,0.019273012850517884,123,0.8541666666666666,2895,56771825,0.006117214957413797,NaN
20371,0.13531801573570304,0.030070670163489563,0.019270113535208796,123,0.8541666666666666,2895,56800775,0.006117214957413797,NaN
20381,0.13531801573570304,0.030070670163489563,0.019267243742502008,123,0.8541666666666666,2895,56829725,0.006117214957413797,NaN
20391,0.13531801573570304,0.030070670163489563,0.01926440297555057,123,0.8541666666666666,2895,56858675,0.006117214957413797,NaN
20401,0.13531801573570304,0.030070670163489563,0.01926159057243667,123,0.8541666666666666,2895,56887625,0.006117214957413797,NaN
20411,0.13531801573570304,0.030070670163489563,0.019258806330413866,123,0.8541666666666666,2896,56916576,0.006117214957413797,NaN
20421,0.13531801573570304,0.030070670163489563,0.019256048658533535,123,0.8541666666666666,2896,56945536,0.006117214957413797,NaN
20431,0.13531801573570304,0.030070670163489563,0.019253318030005736,123,0.8541666666666666,2896,56974496,0.006117214957413797,NaN
20441,0.13531801573570304,0.030070670163489563,0.019250614043781693,123,0.8541666666666666,2896,57003456,0.006117214957413797,NaN
20451,0.13531801573570304,0.030070670163489563,0.019247936218554175,123,0.8541666666666666,2896,57032416,0.006117214957413797,NaN
20461,0.13531801573570304,0.030070670163489563,0.019245284205844045,123,0.8541666666666666,2896,57061376,0.006117214957413797,NaN
20471,0.13531801573570304,0.030070670163489563,0.019242657781507223,123,0.8541666666666666,2896,57090336,0.006117214957413797,NaN
20481,0.13531801573570304,0.030070670163489563,0.01924005615028143,123,0.8541666666666666,2896,57119296,0.006117214957413797,NaN
20491,0.13531801573570304,0.030070670163489563,0.019237479061206555,123,0.8541666666666666,2896,57148256,0.006117214957413797,NaN
20501,0.13531801573570304,0.030070670163489563,0.019234925542792727,123,0.8541666666666666,2897,57177223,0.006117214957413797,NaN
20511,0.13531801573570304,0.030070670163489563,0.01923239574187864,123,0.8541666666666666,2897,57206193,0.006117214957413797,NaN
20521,0.13531801573570304,0.030070670163489563,0.019229889355456102,123,0.8541666666666666,2897,57235163,0.006117214957413797,NaN
20531,0.13531801573570304,0.030070670163489563,0.019227405949945108,123,0.8541666666666666,2897,57264133,0.006117214957413797,NaN
20541,0.13531801573570304,0.030070670163489563,0.01922494533355946,123,0.8541666666666666,2897,57293103,0.006117214957413797,NaN
20551,0.13531801573570304,0.030070670163489563,0.019222507085988667,123,0.8541666666666666,2897,57322073,0.006117214957413797,NaN
20561,0.13531801573570304,0.030070670163489563,0.019220090692853974,123,0.8541666666666666,2897,57351043,0.006117214957413797,NaN
20571,0.13531801573570304,0.030070670163489563,0.019217696244237373,123,0.8541666666666666,2897,57380013,0.006117214957413797,NaN
20581,0.13531801573570304,0.030070670163489563,0.01921532282556954,123,0.8541666666666666,2898,57408987,0.006117214957413797,NaN
20591,0.13531801573570304,0.030070670163489563,0.01921296986016743,123,0.8541666666666666,2898,57437967,0.006117214957413797,NaN
20601,0.13531801573570304,0.030070670163489563,0.019210637746409458,123,0.8541666666666666,2898,57466947,0.006117214957413797,NaN
20611,0.13531801573570304,0.030070670163489563,0.01920832598267647,123,0.8541666666666666,2898,57495927,0.006117214957413797,NaN
20621,0.13531801573570304,0.030070670163489563,0.01920603437757469,123,0.8541666666666666,2898,57524907,0.006117214957413797,NaN
20631,0.13531801573570304,0.030070670163489563,0.019203762672124678,123,0.8541666666666666,2898,57553887,0.006117214957413797,NaN
20641,0.13531801573570304,0.030070670163489563,0.019201510588455643,123,0.8541666666666666,2898,57582867,0.006117214957413797,NaN
20651,0.13531801573570304,0.030070670163489563,0.019199277796226738,123,0.8541666666666666,2898,57611847,0.006117214957413797,NaN
20661,0.13531801573570304,0.030070670163489563,0.019197063935320002,123,0.8541666666666666,2898,57640827,0.006117214957413797,NaN
20671,0.13531801573570304,0.030070670163489563,0.01919486794316211,123,0.8541666666666666,2899,57669817,0.006117214957413797,NaN
20681,0.13531801573570304,0.030070670163489563,0.019192690469068456,123,0.8541666666666666,2899,57698807,0.006117214957413797,NaN
20691,0.13531801573570304,0.030070670163489563,0.01919053122812136,123,0.8541666666666666,2899,57727797,0.006117214957413797,NaN
20701,0.13531801573570304,0.030070670163489563,0.019188390120294534,123,0.8541666666666666,2899,57756787,0.006117214957413797,NaN
20711,0.13531801573570304,0.030070670163489563,0.0191862665963512,123,0.8541666666666666,2899,57785777,0.006117214957413797,NaN
20721,0.13531801573570304,0.030070670163489563,0.01918416040083129,123,0.8541666666666666,2899,57814767,0.006117214957413797,NaN
20731,0.13531801573570304,0.030070670163489563,0.019182071589961814,123,0.8541666666666666,2899,57843757,0.006117214957413797,NaN
20741,0.13531801573570304,0.030070670163489563,0.0191799996135651,123,0.8541666666666666,2899,57872747,0.006117214957413797,NaN
20751,0.13531801573570304,0.030070670163489563,0.019177944116305624,123,0.8541666666666666,2900,57901743,0.006117214957413797,NaN
20761,0.13531801573570304,0.030070670163489563,0.019175904723724536,123,0.8541666666666666,2900,57930743,0.006117214957413797,NaN
20771,0.13531801573570304,0.030070670163489563,0.01917388169204315,123,0.8541666666666666,2900,57959743,0.006117214957413797,NaN
20781,0.13531801573570304,0.030070670163489563,0.019171874784154552,123,0.8541666666666666,2900,57988743,0.006117214957413797,NaN
20791,0.13531801573570304,0.030070670163489563,0.019169883798983694,123,0.8541666666666666,2900,58017743,0.006117214957413797,NaN
20801,0.13531801573570304,0.030070670163489563,0.01916790835653222,123,0.8541666666666666,2900,58046743,0.006117214957413797,NaN
20811,0.13531801573570304,0.030070670163489563,0.01916594831044029,123,0.8541666666666666,2900,58075743,0.006117214957413797,NaN
20821,0.13531801573570304,0.030070670163489563,0.019164003644942872,123,0.8541666666666666,2900,58104743,0.006117214957413797,NaN
20831,0.13531801573570304,0.030070670163489563,0.01916207396825964,123,0.8541666666666666,2901,58133744,0.006117214957413797,NaN
20841,0.13531801573570304,0.030070670163489563,0.019160158581538696,123,0.8541666666666666,2901,58162754,0.006117214957413797,NaN
20851,0.13531801573570304,0.030070670163489563,0.019158257862968854,123,0.8541666666666666,2901,58191764,0.006117214957413797,NaN
20861,0.13531801573570304,0.030070670163489563,0.0191563716561146,123,0.8541666666666666,2901,58220774,0.006117214957413797,NaN
20871,0.13531801573570304,0.030070670163489563,0.019154499710792937,123,0.8541666666666666,2901,58249784,0.006117214957413797,NaN
20881,0.13531801573570304,0.030070670163489563,0.019152641920540992,123,0.8541666666666666,2901,58278794,0.006117214957413797,NaN
20891,0.13531801573570304,0.030070670163489563,0.019150798134496133,123,0.8541666666666666,2901,58307804,0.006117214957413797,NaN
20901,0.13531801573570304,0.030070670163489563,0.019148968066902965,123,0.8541666666666666,2901,58336814,0.006117214957413797,NaN
20911,0.13531801573570304,0.030070670163489563,0.01914715146194527,123,0.8541666666666666,2901,58365824,0.006117214957413797,NaN
20921,0.13531801573570304,0.030070670163489563,0.019145348068119808,123,0.8541666666666666,2902,58394841,0.006117214957413797,NaN
20931,0.13531801573570304,0.030070670163489563,0.01914355757812393,123,0.8541666666666666,2902,58423861,0.006117214957413797,NaN
20941,0.13531801573570304,0.030070670163489563,0.01914178020781157,123,0.8541666666666666,2902,58452881,0.006117214957413797,NaN
20951,0.13531801573570304,0.030070670163489563,0.019140015806146403,123,0.8541666666666666,2902,58481901,0.006117214957413797,NaN
20961,0.13531801573570304,0.030070670163489563,0.019138264188860065,123,0.8541666666666666,2902,58510921,0.006117214957413797,NaN
20971,0.13531801573570304,0.030070670163489563,0.019136525164437302,123,0.8541666666666666,2902,58539941,0.006117214957413797,NaN
20981,0.13531801573570304,0.030070670163489563,0.019134798527440586,123,0.8541666666666666,2902,58568961,0.006117214957413797,NaN
20991,0.13531801573570304,0.030070670163489563,0.01913308424050644,123,0.8541666666666666,2902,58597981,0.006117214957413797,NaN
21001,0.13531801573570304,0.030070670163489563,0.019131382177829916,123,0.8541666666666666,2903,58627002,0.006117214957413797,NaN
21011,0.13531801573570304,0.030070670163489563,0.019129691513601846,123,0.8541666666666666,2903,58656032,0.006117214957413797,NaN
21021,0.13531801573570304,0.030070670163489563,0.019128012729766913,123,0.8541666666666666,2903,58685062,0.006117214957413797,NaN
21031,0.13531801573570304,0.030070670163489563,0.019126345712635343,123,0.8541666666666666,2903,58714092,0.006117214957413797,NaN
21041,0.13531801573570304,0.030070670163489563,0.019124690317205123,123,0.8541666666666666,2903,58743122,0.006117214957413797,NaN
21051,0.13531801573570304,0.030070670163489563,0.019123046290855938,123,0.8541666666666666,2903,58772152,0.006117214957413797,NaN
21061,0.13531801573570304,0.030070670163489563,0.01912141378255141,123,0.8541666666666666,2903,58801182,0.006117214957413797,NaN
21071,0.13531801573570304,0.030070670163489563,0.01911979247557902,123,0.8541666666666666,2903,58830212,0.006117214957413797,NaN
21081,0.13531801573570304,0.030070670163489563,0.019118182220942265,123,0.8541666666666666,2903,58859242,0.006117214957413797,NaN
21091,0.13531801573570304,0.030070670163489563,0.019116582532925946,123,0.8541666666666666,2904,58888278,0.006117214957413797,NaN
21101,0.13531801573570304,0.030070670163489563,0.019114993526265733,123,0.8541666666666666,2904,58917318,0.006117214957413797,NaN
21111,0.13531801573570304,0.030070670163489563,0.019113415215453067,123,0.8541666666666666,2904,58946358,0.006117214957413797,NaN
21121,0.13531801573570304,0.030070670163489563,0.019111847464748383,123,0.8541666666666666,2904,58975398,0.006117214957413797,NaN
21131,0.13531801573570304,0.030070670163489563,0.019110290169209093,123,0.8541666666666666,2904,59004438,0.006117214957413797,NaN
21141,0.13531801573570304,0.030070670163489563,0.01910874326819494,123,0.8541666666666666,2904,59033478,0.006117214957413797,NaN
21151,0.13531801573570304,0.030070670163489563,0.01910720659073649,123,0.8541666666666666,2904,59062518,0.006117214957413797,NaN
21161,0.13531801573570304,0.030070670163489563,0.019105680085754275,123,0.8541666666666666,2904,59091558,0.006117214957413797,NaN
21171,0.13531801573570304,0.030070670163489563,0.019104163505906605,123,0.8541666666666666,2904,59120598,0.006117214957413797,NaN
21181,0.13531801573570304,0.030070670163489563,0.01910265646440113,123,0.8541666666666666,2905,59149648,0.006117214957413797,NaN
21191,0.13531801573570304,0.030070670163489563,0.019101159048810698,123,0.8541666666666666,2905,59178698,0.006117214957413797,NaN
21201,0.13531801573570304,0.030070670163489563,0.01909967141336608,123,0.8541666666666666,2905,59207748,0.006117214957413797,NaN
21211,0.13531801573570304,0.030070670163489563,0.01909819342271225,123,0.8541666666666666,2905,59236798,0.006117214957413797,NaN
21221,0.13531801573570304,0.030070670163489563,0.019096724850027173,123,0.8541666666666666,2905,59265848,0.006117214957413797,NaN
21231,0.13531801573570304,0.030070670163489563,0.019095265773833952,123,0.8541666666666666,2905,59294898,0.006117214957413797,NaN
21241,0.13531801573570304,0.030070670163489563,0.019093815853122045,123,0.8541666666666666,2905,59323948,0.006117214957413797,NaN
21251,0.13531801573570304,0.030070670163489563,0.01909237515299457,123,0.8541666666666666,2905,59352998,0.006117214957413797,NaN
21261,0.13531801573570304,0.030070670163489563,0.019090943320083598,123,0.8541666666666666,2906,59382052,0.006117214957413797,NaN
21271,0.13531801573570304,0.030070670163489563,0.01908952011402207,123,0.8541666666666666,2906,59411112,0.006117214957413797,NaN
21281,0.13531801573570304,0.030070670163489563,0.01908810580040236,123,0.8541666666666666,2906,59440172,0.006117214957413797,NaN
21291,0.13531801573570304,0.030070670163489563,0.019086700281776336,123,0.8541666666666666,2906,59469232,0.006117214957413797,NaN
21301,0.13531801573570304,0.030070670163489563,0.019085303659145236,123,0.8541666666666666,2906,59498292,0.006117214957413797,NaN
21311,0.13531801573570304,0.030070670163489563,0.01908391547546481,123,0.8541666666666666,2906,59527352,0.006117214957413797,NaN
21321,0.13531801573570304,0.030070670163489563,0.019082535861853663,123,0.8541666666666666,2906,59556412,0.006117214957413797,NaN
21331,0.13531801573570304,0.030070670163489563,0.01908116465112021,123,0.8541666666666666,2906,59585472,0.006117214957413797,NaN
21341,0.13531801573570304,0.030070670163489563,0.019079801929615264,123,0.8541666666666666,2906,59614532,0.006117214957413797,NaN
21351,0.13531801573570304,0.030070670163489563,0.019078447090533135,123,0.8541666666666666,2907,59643599,0.006117214957413797,NaN
21361,0.13531801573570304,0.030070670163489563,0.019077100200139877,123,0.8541666666666666,2907,59672669,0.006117214957413797,NaN
21371,0.13531801573570304,0.030070670163489563,0.01907576151049069,123,0.8541666666666666,2907,59701739,0.006117214957413797,NaN
21381,0.13531801573570304,0.030070670163489563,0.019074430785712033,123,0.8541666666666666,2907,59730809,0.006117214957413797,NaN
21391,0.13531801573570304,0.030070670163489563,0.019073107834981413,123,0.8541666666666666,2907,59759879,0.006117214957413797,NaN
21401,0.13531801573570304,0.030070670163489563,0.01907179277652181,123,0.8541666666666666,2907,59788949,0.006117214957413797,NaN
21411,0.13531801573570304,0.030070670163489563,0.01907048560219575,123,0.8541666666666666,2907,59818019,0.006117214957413797,NaN
21421,0.13531801573570304,0.030070670163489563,0.01906918616950944,123,0.8541666666666666,2907,59847089,0.006117214957413797,NaN
21431,0.13531801573570304,0.030070670163489563,0.019067894325712816,123,0.8541666666666666,2907,59876159,0.006117214957413797,NaN
21441,0.13531801573570304,0.030070670163489563,0.019066609774045278,123,0.8541666666666666,2908,59905239,0.006117214957413797,NaN
21451,0.13531801573570304,0.030070670163489563,0.019065332504064388,123,0.8541666666666666,2908,59934319,0.006117214957413797,NaN
21461,0.13531801573570304,0.030070670163489563,0.019064062730903962,123,0.8541666666666666,2908,59963399,0.006117214957413797,NaN
21471,0.13531801573570304,0.030070670163489563,0.0190628000818706,123,0.8541666666666666,2908,59992479,0.006117214957413797,NaN
21481,0.13531801573570304,0.030070670163489563,0.019061544914203078,123,0.8541666666666666,2908,60021559,0.006117214957413797,NaN
21491,0.13531801573570304,0.030070670163489563,0.01906029682590468,123,0.8541666666666666,2908,60050639,0.006117214957413797,NaN
21501,0.13531801573570304,0.030070670163489563,0.019059055965989734,123,0.8541666666666666,2908,60079719,0.006117214957413797,NaN
21511,0.13531801573570304,0.030070670163489563,0.019057822099440194,123,0.8541666666666666,2908,60108799,0.006117214957413797,NaN
21521,0.13531801573570304,0.030070670163489563,0.019056595180003553,123,0.8541666666666666,2909,60137882,0.006117214957413797,NaN
21531,0.13531801573570304,0.030070670163489563,0.01905537483404334,123,0.8541666666666666,2909,60166972,0.006117214957413797,NaN
21541,0.13531801573570304,0.030070670163489563,0.019054161316231544,123,0.8541666666666666,2909,60196062,0.006117214957413797,NaN
21551,0.13531801573570304,0.030070670163489563,0.019052954691319814,123,0.8541666666666666,2909,60225152,0.006117214957413797,NaN
21561,0.13531801573570304,0.030070670163489563,0.019051754923573735,123,0.8541666666666666,2909,60254242,0.006117214957413797,NaN
21571,0.13531801573570304,0.030070670163489563,0.019050561674832288,123,0.8541666666666666,2909,60283332,0.006117214957413797,NaN
21581,0.13531801573570304,0.030070670163489563,0.0190493751394782,123,0.8541666666666666,2909,60312422,0.006117214957413797,NaN
21591,0.13531801573570304,0.030070670163489563,0.019048194941821354,123,0.8541666666666666,2909,60341512,0.006117214957413797,NaN
21601,0.13531801573570304,0.030070670163489563,0.01904702120770419,123,0.8541666666666666,2909,60370602,0.006117214957413797,NaN
21611,0.13531801573570304,0.030070670163489563,0.019045853797445257,123,0.8541666666666666,2910,60399697,0.006117214957413797,NaN
21621,0.13531801573570304,0.030070670163489563,0.019044692688987636,123,0.8541666666666666,2910,60428797,0.006117214957413797,NaN
21631,0.13531801573570304,0.030070670163489563,0.019043537777287664,123,0.8541666666666666,2910,60457897,0.006117214957413797,NaN
21641,0.13531801573570304,0.030070670163489563,0.019042389081255533,123,0.8541666666666666,2910,60486997,0.006117214957413797,NaN
21651,0.13531801573570304,0.030070670163489563,0.019041246576164766,123,0.8541666666666666,2910,60516097,0.006117214957413797,NaN
21661,0.13531801573570304,0.030070670163489563,0.019040110261161477,123,0.8541666666666666,2910,60545197,0.006117214957413797,NaN
21671,0.13531801573570304,0.030070670163489563,0.019038979989022257,123,0.8541666666666666,2910,60574297,0.006117214957413797,NaN
21681,0.13531801573570304,0.030070670163489563,0.01903785577647146,123,0.8541666666666666,2910,60603397,0.006117214957413797,NaN
21691,0.13531801573570304,0.030070670163489563,0.01903673745789855,123,0.8541666666666666,2910,60632497,0.006117214957413797,NaN
21701,0.13531801573570304,0.030070670163489563,0.01903562488475534,123,0.8541666666666666,2911,60661604,0.006117214957413797,NaN
21711,0.13531801573570304,0.030070670163489563,0.01903451808085034,123,0.8541666666666666,2911,60690714,0.006117214957413797,NaN
21721,0.13531801573570304,0.030070670163489563,0.019033417080360167,123,0.8541666666666666,2911,60719824,0.006117214957413797,NaN
21731,0.13524157753626517,0.030053683896947816,0.019027959671175595,122,0.8472222222222222,2887,60748886,0.0062885210286443005,NaN
21741,0.13524157753626517,0.030053683896947816,0.01900561983889431,122,0.8472222222222222,2887,60777756,0.0069539592024187025,NaN
21751,0.13524157753626517,0.030053683896947816,0.018984173680003942,122,0.8472222222222222,2887,60806626,0.007061317071356876,NaN
21761,0.13524157753626517,0.030053683896947816,0.01896355570466044,122,0.8472222222222222,2888,60835505,0.007378972680128715,NaN
21771,0.13524157753626517,0.030053683896947816,0.01894371937017428,122,0.8472222222222222,2888,60864385,0.006684968726120011,NaN
21781,0.13524157753626517,0.030053683896947816,0.01892461703597169,122,0.8472222222222222,2888,60893265,0.0074163371588388816,NaN
21791,0.13524157753626517,0.030053683896947816,0.018906203951976504,122,0.8472222222222222,2888,60922145,0.007477734834481609,NaN
21801,0.13524157753626517,0.030053683896947816,0.018888439871658055,122,0.8472222222222222,2888,60951025,0.007031414162639249,NaN
21811,0.13524157753626517,0.030053683896947816,0.01887128642128613,122,0.8472222222222222,2888,60979905,0.006887681461571593,NaN
21821,0.13524157753626517,0.030053683896947816,0.018854709714092373,122,0.8472222222222222,2888,61008785,0.006991033920622003,NaN
21831,0.13524157753626517,0.030053683896947816,0.018838678167080784,122,0.8472222222222222,2888,61037665,0.006464055534092572,NaN
21841,0.13524157753626517,0.030053683896947816,0.01882316213558372,122,0.8472222222222222,2888,61066545,0.006355357721333721,NaN
21851,0.13524157753626517,0.030053683896947816,0.018808129977146943,122,0.8472222222222222,2889,61095434,0.006364885657571762,NaN
21861,0.13524157753626517,0.030053683896947816,0.018793560420983905,122,0.8472222222222222,2889,61124324,0.0063944795859689485,NaN
21871,0.13524157753626517,0.030053683896947816,0.018779430353146005,122,0.8472222222222222,2889,61153214,0.0059978263440345625,NaN
21881,0.13524157753626517,0.030053683896947816,0.01876571884451269,122,0.8472222222222222,2889,61182104,0.00607417550562922,NaN
21891,0.13524157753626517,0.030053683896947816,0.01875240503787034,122,0.8472222222222222,2889,61210994,0.005219966113255425,NaN
21901,0.13524157753626517,0.030053683896947816,0.018739470092956755,122,0.8472222222222222,2889,61239884,0.005142432367855221,NaN
21911,0.13524157753626517,0.030053683896947816,0.018726896190385974,122,0.8472222222222222,2889,61268774,0.00513394970180811,NaN
21921,0.13524157753626517,0.030053683896947816,0.018714666610828448,122,0.8472222222222222,2889,61297664,0.00513394970180811,NaN
21931,0.13524157753626517,0.030053683896947816,0.018702766120244164,122,0.8472222222222222,2889,61326554,0.005231532884854007,NaN
21941,0.13524157753626517,0.030053683896947816,0.01869117616299932,122,0.8472222222222222,2890,61355454,0.00513394970180811,NaN
21951,0.13524157753626517,0.030053683896947816,0.01867988679145324,122,0.8472222222222222,2890,61384354,0.00513394970180811,NaN
21961,0.13524157753626517,0.030053683896947816,0.018668885098715206,122,0.8472222222222222,2890,61413254,0.005172619303038528,NaN
21971,0.13524157753626517,0.030053683896947816,0.018658158920606533,122,0.8472222222222222,2890,61442154,0.005160050616300316,NaN
21981,0.13524157753626517,0.030053683896947816,0.018647697396535053,122,0.8472222222222222,2890,61471054,0.00513394970180811,NaN
21991,0.13524157753626517,0.030053683896947816,0.01863748940605291,122,0.8472222222222222,2890,61499954,0.00513394970180811,NaN
22001,0.13524157753626517,0.030053683896947816,0.01862752533719396,122,0.8472222222222222,2890,61528854,0.00513394970180811,NaN
22011,0.13524157753626517,0.030053683896947816,0.018617795036872845,122,0.8472222222222222,2890,61557754,0.00513394970180811,NaN
22021,0.13524157753626517,0.030053683896947816,0.01860828938475789,122,0.8472222222222222,2890,61586654,0.00513394970180811,NaN
22031,0.13524157753626517,0.030053683896947816,0.01859899745206272,122,0.8472222222222222,2891,61615563,0.00513394970180811,NaN
22041,0.13524157753626517,0.030053683896947816,0.018589913095406516,122,0.8472222222222222,2891,61644473,0.00513394970180811,NaN
22051,0.13524157753626517,0.030053683896947816,0.018581029415797187,122,0.8472222222222222,2891,61673383,0.00513394970180811,NaN
22061,0.13524157753626517,0.030053683896947816,0.018572338855449302,122,0.8472222222222222,2891,61702293,0.00513394970180811,NaN
22071,0.13524157753626517,0.030053683896947816,0.018563834695250716,122,0.8472222222222222,2891,61731203,0.00513394970180811,NaN
22081,0.13524157753626517,0.030053683896947816,0.018555510089101605,122,0.8472222222222222,2891,61760113,0.00513394970180811,NaN
22091,0.13524157753626517,0.030053683896947816,0.018547358768679745,122,0.8472222222222222,2891,61789023,0.00513394970180811,NaN
22101,0.13524157753626517,0.030053683896947816,0.018539375031232992,122,0.8472222222222222,2891,61817933,0.00513394970180811,NaN
22111,0.13524157753626517,0.030053683896947816,0.01853155286693661,122,0.8472222222222222,2891,61846843,0.00513394970180811,NaN
22121,0.13524157753626517,0.030053683896947816,0.018523884375698366,122,0.8472222222222222,2892,61875762,0.00513394970180811,NaN
22131,0.13524157753626517,0.030053683896947816,0.018516366730082938,122,0.8472222222222222,2892,61904682,0.00513394970180811,NaN
22141,0.13524157753626517,0.030053683896947816,0.018508995603507477,122,0.8472222222222222,2892,61933602,0.00513394970180811,NaN
22151,0.13524157753626517,0.030053683896947816,0.01850176616685321,122,0.8472222222222222,2892,61962522,0.00513394970180811,NaN
22161,0.13524157753626517,0.030053683896947816,0.018494673721238402,122,0.8472222222222222,2892,61991442,0.00513394970180811,NaN
22171,0.13524157753626517,0.030053683896947816,0.018487713712001252,122,0.8472222222222222,2892,62020362,0.00513394970180811,NaN
22181,0.13524157753626517,0.030053683896947816,0.018480882411252963,122,0.8472222222222222,2892,62049282,0.00513394970180811,NaN
22191,0.13524157753626517,0.030053683896947816,0.018474175930578922,122,0.8472222222222222,2892,62078202,0.00513394970180811,NaN
22201,0.13524157753626517,0.030053683896947816,0.018467590361096714,122,0.8472222222222222,2892,62107122,0.00513394970180811,NaN
22211,0.13524157753626517,0.030053683896947816,0.018461120084704487,122,0.8472222222222222,2893,62136050,0.00513394970180811,NaN
22221,0.13524157753626517,0.030053683896947816,0.018454763093129545,122,0.8472222222222222,2893,62164980,0.00513394970180811,NaN
22231,0.13524157753626517,0.030053683896947816,0.018448516849787835,122,0.8472222222222222,2893,62193910,0.00513394970180811,NaN
22241,0.13524157753626517,0.030053683896947816,0.01844237780985901,122,0.8472222222222222,2893,62222840,0.00513394970180811,NaN
22251,0.13524157753626517,0.030053683896947816,0.01843634319252721,122,0.8472222222222222,2893,62251770,0.00513394970180811,NaN
22261,0.13524157753626517,0.030053683896947816,0.018430409917832857,122,0.8472222222222222,2893,62280700,0.00513394970180811,NaN
22271,0.13524157753626517,0.030053683896947816,0.01842457503328206,122,0.8472222222222222,2893,62309630,0.00513394970180811,NaN
22281,0.13524157753626517,0.030053683896947816,0.01841883601201798,122,0.8472222222222222,2893,62338560,0.00513394970180811,NaN
22291,0.13524157753626517,0.030053683896947816,0.018413190216840996,122,0.8472222222222222,2893,62367490,0.00513394970180811,NaN
22301,0.13524157753626517,0.030053683896947816,0.018407633729049338,122,0.8472222222222222,2894,62396427,0.00513394970180811,NaN
22311,0.13524157753626517,0.030053683896947816,0.018402164966957495,122,0.8472222222222222,2894,62425367,0.00513394970180811,NaN
22321,0.13524157753626517,0.030053683896947816,0.018396782017144245,122,0.8472222222222222,2894,62454307,0.00513394970180811,NaN
22331,0.13524157753626517,0.030053683896947816,0.01839148284069271,122,0.8472222222222222,2894,62483247,0.00513394970180811,NaN
22341,0.13524157753626517,0.030053683896947816,0.018386265387580595,122,0.8472222222222222,2894,62512187,0.00513394970180811,NaN
22351,0.13524157753626517,0.030053683896947816,0.018381127327631426,122,0.8472222222222222,2894,62541127,0.00513394970180811,NaN
22361,0.13524157753626517,0.030053683896947816,0.018376066815343175,122,0.8472222222222222,2894,62570067,0.00513394970180811,NaN
22371,0.13524157753626517,0.030053683896947816,0.018371081775605223,122,0.8472222222222222,2894,62599007,0.00513394970180811,NaN
22381,0.13524157753626517,0.030053683896947816,0.018366170369664744,122,0.8472222222222222,2894,62627947,0.00513394970180811,NaN
22391,0.13524157753626517,0.030053683896947816,0.018361329997039304,122,0.8472222222222222,2895,62656892,0.00513394970180811,NaN
22401,0.13524157753626517,0.030053683896947816,0.01835655891626276,122,0.8472222222222222,2895,62685842,0.00513394970180811,NaN
22411,0.13524157753626517,0.030053683896947816,0.01835185633659659,122,0.8472222222222222,2895,62714792,0.00513394970180811,NaN
22421,0.13524157753626517,0.030053683896947816,0.018347220548127555,122,0.8472222222222222,2895,62743742,0.00513394970180811,NaN
22431,0.13524157753626517,0.030053683896947816,0.01834264997738352,122,0.8472222222222222,2895,62772692,0.00513394970180811,NaN
22441,0.13524157753626517,0.030053683896947816,0.018338143077659783,122,0.8472222222222222,2895,62801642,0.00513394970180811,NaN
22451,0.13524157753626517,0.030053683896947816,0.01833369826294225,122,0.8472222222222222,2895,62830592,0.00513394970180811,NaN
22461,0.13524157753626517,0.030053683896947816,0.01832931423201211,122,0.8472222222222222,2895,62859542,0.00513394970180811,NaN
22471,0.13524157753626517,0.030053683896947816,0.01832498964739843,122,0.8472222222222222,2895,62888492,0.00513394970180811,NaN
22481,0.13524157753626517,0.030053683896947816,0.01832072243031395,122,0.8472222222222222,2896,62917446,0.00513394970180811,NaN
22491,0.13524157753626517,0.030053683896947816,0.018316511063148945,122,0.8472222222222222,2896,62946406,0.00513394970180811,NaN
22501,0.13524157753626517,0.030053683896947816,0.01831235537849867,122,0.8472222222222222,2896,62975366,0.00513394970180811,NaN
22511,0.13524157753626517,0.030053683896947816,0.018308254086609722,122,0.8472222222222222,2896,63004326,0.00513394970180811,NaN
22521,0.13524157753626517,0.030053683896947816,0.018304205920700884,122,0.8472222222222222,2896,63033286,0.00513394970180811,NaN
22531,0.13524157753626517,0.030053683896947816,0.018300209541721055,122,0.8472222222222222,2896,63062246,0.00513394970180811,NaN
22541,0.13524157753626517,0.030053683896947816,0.018296264073020447,122,0.8472222222222222,2896,63091206,0.00513394970180811,NaN
22551,0.13524157753626517,0.030053683896947816,0.01829236856064318,122,0.8472222222222222,2896,63120166,0.00513394970180811,NaN
22561,0.13524157753626517,0.030053683896947816,0.018288521698705953,122,0.8472222222222222,2896,63149126,0.00513394970180811,NaN
22571,0.13524157753626517,0.030053683896947816,0.01828472247410197,122,0.8472222222222222,2897,63178087,0.00513394970180811,NaN
22581,0.13524157753626517,0.030053683896947816,0.018280968802671774,122,0.8472222222222222,2897,63207057,0.00513394970180811,NaN
22591,0.13524157753626517,0.030053683896947816,0.018277260983607723,122,0.8472222222222222,2897,63236027,0.00513394970180811,NaN
22601,0.13524157753626517,0.030053683896947816,0.018273597914209412,122,0.8472222222222222,2897,63264997,0.00513394970180811,NaN
22611,0.13524157753626517,0.030053683896947816,0.018269978871028204,122,0.8472222222222222,2897,63293967,0.00513394970180811,NaN
22621,0.13524157753626517,0.030053683896947816,0.018266402936058395,122,0.8472222222222222,2897,63322937,0.00513394970180811,NaN
22631,0.13524157753626517,0.030053683896947816,0.01826286920222791,122,0.8472222222222222,2897,63351907,0.00513394970180811,NaN
22641,0.13524157753626517,0.030053683896947816,0.0182593768550057,122,0.8472222222222222,2897,63380877,0.00513394970180811,NaN
22651,0.13524157753626517,0.030053683896947816,0.01825592516749625,122,0.8472222222222222,2897,63409847,0.00513394970180811,NaN
22661,0.13524157753626517,0.030053683896947816,0.01825251313782543,122,0.8472222222222222,2897,63438817,0.00513394970180811,NaN
22671,0.13524157753626517,0.030053683896947816,0.018249139284291924,122,0.8472222222222222,2898,63467795,0.00513394970180811,NaN
22681,0.13524157753626517,0.030053683896947816,0.01824580352972921,122,0.8472222222222222,2898,63496775,0.00513394970180811,NaN
22691,0.13524157753626517,0.030053683896947816,0.018242505344129297,122,0.8472222222222222,2898,63525755,0.00513394970180811,NaN
22701,0.13524157753626517,0.030053683896947816,0.018239244015730637,122,0.8472222222222222,2898,63554735,0.00513394970180811,NaN
22711,0.13524157753626517,0.030053683896947816,0.018236018886778692,122,0.8472222222222222,2898,63583715,0.00513394970180811,NaN
22721,0.13524157753626517,0.030053683896947816,0.01823282933036944,122,0.8472222222222222,2898,63612695,0.00513394970180811,NaN
22731,0.13524157753626517,0.030053683896947816,0.018229674644049697,122,0.8472222222222222,2898,63641675,0.00513394970180811,NaN
22741,0.13524157753626517,0.030053683896947816,0.018226554215291766,122,0.8472222222222222,2898,63670655,0.00513394970180811,NaN
22751,0.13524157753626517,0.030053683896947816,0.018223467388352666,122,0.8472222222222222,2898,63699635,0.00513394970180811,NaN
22761,0.13524157753626517,0.030053683896947816,0.018220412928437388,122,0.8472222222222222,2899,63728620,0.00513394970180811,NaN
22771,0.13524157753626517,0.030053683896947816,0.01821739038890778,122,0.8472222222222222,2899,63757610,0.00513394970180811,NaN
22781,0.13524157753626517,0.030053683896947816,0.018214399700290054,122,0.8472222222222222,2899,63786600,0.00513394970180811,NaN
22791,0.13524157753626517,0.030053683896947816,0.01821144038301228,122,0.8472222222222222,2899,63815590,0.00513394970180811,NaN
22801,0.13524157753626517,0.030053683896947816,0.018208511735629082,122,0.8472222222222222,2899,63844580,0.00513394970180811,NaN
22811,0.13524157753626517,0.030053683896947816,0.018205613351322546,122,0.8472222222222222,2899,63873570,0.00513394970180811,NaN
22821,0.13524157753626517,0.030053683896947816,0.01820274469822649,122,0.8472222222222222,2899,63902560,0.00513394970180811,NaN
22831,0.13524157753626517,0.030053683896947816,0.018199905200307443,122,0.8472222222222222,2899,63931550,0.00513394970180811,NaN
22841,0.13524157753626517,0.030053683896947816,0.018197094280095406,122,0.8472222222222222,2899,63960540,0.00513394970180811,NaN
22851,0.13524157753626517,0.030053683896947816,0.018194311468023236,122,0.8472222222222222,2900,63989532,0.00513394970180811,NaN
22861,0.13524157753626517,0.030053683896947816,0.018191555629416108,122,0.8472222222222222,2900,64018532,0.00513394970180811,NaN
22871,0.13524157753626517,0.030053683896947816,0.018188827009901355,122,0.8472222222222222,2900,64047532,0.00513394970180811,NaN
22881,0.13524157753626517,0.030053683896947816,0.018186125160069885,122,0.8472222222222222,2900,64076532,0.00513394970180811,NaN
22891,0.13524157753626517,0.030053683896947816,0.018183449845277207,122,0.8472222222222222,2900,64105532,0.00513394970180811,NaN
22901,0.13524157753626517,0.030053683896947816,0.01818080046238968,122,0.8472222222222222,2900,64134532,0.00513394970180811,NaN
22911,0.13524157753626517,0.030053683896947816,0.018178176655670272,122,0.8472222222222222,2900,64163532,0.00513394970180811,NaN
22921,0.13524157753626517,0.030053683896947816,0.01817557786119088,122,0.8472222222222222,2900,64192532,0.00513394970180811,NaN
22931,0.13524157753626517,0.030053683896947816,0.018173003890452462,122,0.8472222222222222,2900,64221532,0.00513394970180811,NaN
22941,0.13524157753626517,0.030053683896947816,0.018170454331029994,122,0.8472222222222222,2900,64250532,0.00513394970180811,NaN
22951,0.13524157753626517,0.030053683896947816,0.018167927873692237,122,0.8472222222222222,2901,64279540,0.00513394970180811,NaN
22961,0.13524157753626517,0.030053683896947816,0.018165424744988178,122,0.8472222222222222,2901,64308550,0.00513394970180811,NaN
22971,0.13524157753626517,0.030053683896947816,0.018162944942775334,122,0.8472222222222222,2901,64337560,0.00513394970180811,NaN
22981,0.13524157753626517,0.030053683896947816,0.018160487938802122,122,0.8472222222222222,2901,64366570,0.00513394970180811,NaN
22991,0.13524157753626517,0.030053683896947816,0.018158053510748912,122,0.8472222222222222,2901,64395580,0.00513394970180811,NaN
23001,0.13524157753626517,0.030053683896947816,0.0181556412908578,122,0.8472222222222222,2901,64424590,0.00513394970180811,NaN
23011,0.13524157753626517,0.030053683896947816,0.018153250757881736,122,0.8472222222222222,2901,64453600,0.00513394970180811,NaN
23021,0.13524157753626517,0.030053683896947816,0.018150881657317552,122,0.8472222222222222,2901,64482610,0.00513394970180811,NaN
23031,0.13524157753626517,0.030053683896947816,0.01814853376069622,122,0.8472222222222222,2901,64511620,0.00513394970180811,NaN
23041,0.13524157753626517,0.030053683896947816,0.01814620642042901,122,0.8472222222222222,2902,64540634,0.00513394970180811,NaN
23051,0.13524157753626517,0.030053683896947816,0.018143899105163883,122,0.8472222222222222,2902,64569654,0.00513394970180811,NaN
23061,0.13524157753626517,0.030053683896947816,0.018141612094766075,122,0.8472222222222222,2902,64598674,0.00513394970180811,NaN
23071,0.13524157753626517,0.030053683896947816,0.018139344859040465,122,0.8472222222222222,2902,64627694,0.00513394970180811,NaN
23081,0.13524157753626517,0.030053683896947816,0.018137097472662587,122,0.8472222222222222,2902,64656714,0.00513394970180811,NaN
23091,0.13524157753626517,0.030053683896947816,0.01813486945148758,122,0.8472222222222222,2902,64685734,0.00513394970180811,NaN
23101,0.13524157753626517,0.030053683896947816,0.018132660492053993,122,0.8472222222222222,2902,64714754,0.00513394970180811,NaN
23111,0.13524157753626517,0.030053683896947816,0.018130470445175895,122,0.8472222222222222,2902,64743774,0.00513394970180811,NaN
23121,0.13524157753626517,0.030053683896947816,0.01812829886010307,122,0.8472222222222222,2902,64772794,0.00513394970180811,NaN
23131,0.13524157753626517,0.030053683896947816,0.018126145595679804,122,0.8472222222222222,2902,64801814,0.00513394970180811,NaN
23141,0.13524157753626517,0.030053683896947816,0.01812400966166701,122,0.8472222222222222,2903,64830843,0.00513394970180811,NaN
23151,0.13524157753626517,0.030053683896947816,0.01812189136247474,122,0.8472222222222222,2903,64859873,0.00513394970180811,NaN
23161,0.13524157753626517,0.030053683896947816,0.01811979062568263,122,0.8472222222222222,2903,64888903,0.00513394970180811,NaN
23171,0.13524157753626517,0.030053683896947816,0.01811770724221948,122,0.8472222222222222,2903,64917933,0.00513394970180811,NaN
23181,0.13524157753626517,0.030053683896947816,0.018115640938184106,122,0.8472222222222222,2903,64946963,0.00513394970180811,NaN
23191,0.13524157753626517,0.030053683896947816,0.018113591372457688,122,0.8472222222222222,2903,64975993,0.00513394970180811,NaN
23201,0.13524157753626517,0.030053683896947816,0.018111558456084854,122,0.8472222222222222,2903,65005023,0.00513394970180811,NaN
23211,0.13524157753626517,0.030053683896947816,0.01810954189921338,122,0.8472222222222222,2903,65034053,0.00513394970180811,NaN
23221,0.13524157753626517,0.030053683896947816,0.0181075415009017,122,0.8472222222222222,2903,65063083,0.00513394970180811,NaN
23231,0.13524157753626517,0.030053683896947816,0.018105556774877702,122,0.8472222222222222,2904,65092117,0.00513394970180811,NaN
23241,0.13524157753626517,0.030053683896947816,0.018103587297021616,122,0.8472222222222222,2904,65121157,0.00513394970180811,NaN
23251,0.13524157753626517,0.030053683896947816,0.018101633415615413,122,0.8472222222222222,2904,65150197,0.00513394970180811,NaN
23261,0.13524157753626517,0.030053683896947816,0.018099694795873932,122,0.8472222222222222,2904,65179237,0.00513394970180811,NaN
23271,0.13524157753626517,0.030053683896947816,0.01809777129222144,122,0.8472222222222222,2904,65208277,0.00513394970180811,NaN
23281,0.13524157753626517,0.030053683896947816,0.01809586273804551,122,0.8472222222222222,2904,65237317,0.00513394970180811,NaN
23291,0.13524157753626517,0.030053683896947816,0.018093968933261984,122,0.8472222222222222,2904,65266357,0.00513394970180811,NaN
23301,0.13524157753626517,0.030053683896947816,0.018092089643832975,122,0.8472222222222222,2904,65295397,0.00513394970180811,NaN
23311,0.13524157753626517,0.030053683896947816,0.018090224698194077,122,0.8472222222222222,2904,65324437,0.00513394970180811,NaN
23321,0.13524157753626517,0.030053683896947816,0.018088373834191877,122,0.8472222222222222,2904,65353477,0.00513394970180811,NaN
23331,0.13524157753626517,0.030053683896947816,0.018086536403059534,122,0.8472222222222222,2905,65382526,0.00513394970180811,NaN
23341,0.13524157753626517,0.030053683896947816,0.018084712762760354,122,0.8472222222222222,2905,65411576,0.00513394970180811,NaN
23351,0.13524157753626517,0.030053683896947816,0.01808290278456885,122,0.8472222222222222,2905,65440626,0.00513394970180811,NaN
23361,0.13524157753626517,0.030053683896947816,0.018081106272147415,122,0.8472222222222222,2905,65469676,0.00513394970180811,NaN
23371,0.13524157753626517,0.030053683896947816,0.018079322909681086,122,0.8472222222222222,2905,65498726,0.00513394970180811,NaN
23381,0.13524157753626517,0.030053683896947816,0.018077552825092227,122,0.8472222222222222,2905,65527776,0.00513394970180811,NaN
23391,0.13524157753626517,0.030053683896947816,0.018075795687855677,122,0.8472222222222222,2905,65556826,0.00513394970180811,NaN
23401,0.13524157753626517,0.030053683896947816,0.01807405127379718,122,0.8472222222222222,2905,65585876,0.00513394970180811,NaN
23411,0.13524157753626517,0.030053683896947816,0.0180723195479987,122,0.8472222222222222,2905,65614926,0.00513394970180811,NaN
23421,0.13524157753626517,0.030053683896947816,0.018070600153339875,122,0.8472222222222222,2906,65643979,0.00513394970180811,NaN
23431,0.13524157753626517,0.030053683896947816,0.01806889269789533,122,0.8472222222222222,2906,65673039,0.00513394970180811,NaN
23441,0.13524157753626517,0.030053683896947816,0.018067197497241776,122,0.8472222222222222,2906,65702099,0.00513394970180811,NaN
23451,0.13524157753626517,0.030053683896947816,0.01806551428724597,122,0.8472222222222222,2906,65731159,0.00513394970180811,NaN
23461,0.13524157753626517,0.030053683896947816,0.018063842940580884,122,0.8472222222222222,2906,65760219,0.00513394970180811,NaN
23471,0.13524157753626517,0.030053683896947816,0.018062183376143483,122,0.8472222222222222,2906,65789279,0.00513394970180811,NaN
23481,0.13524157753626517,0.030053683896947816,0.01806053550534758,122,0.8472222222222222,2906,65818339,0.00513394970180811,NaN
23491,0.13524157753626517,0.030053683896947816,0.018058899184332813,122,0.8472222222222222,2906,65847399,0.00513394970180811,NaN
23501,0.13524157753626517,0.030053683896947816,0.01805727419795528,122,0.8472222222222222,2906,65876459,0.00513394970180811,NaN
23511,0.13524157753626517,0.030053683896947816,0.01805566043527145,122,0.8472222222222222,2906,65905519,0.00513394970180811,NaN
23521,0.13524157753626517,0.030053683896947816,0.018054057342713238,122,0.8472222222222222,2907,65934586,0.00513394970180811,NaN
23531,0.13524157753626517,0.030053683896947816,0.018052465129945048,122,0.8472222222222222,2907,65963656,0.00513394970180811,NaN
23541,0.13524157753626517,0.030053683896947816,0.018050883647893604,122,0.8472222222222222,2907,65992726,0.00513394970180811,NaN
23551,0.13524157753626517,0.030053683896947816,0.018049312991595193,122,0.8472222222222222,2907,66021796,0.00513394970180811,NaN
23561,0.13524157753626517,0.030053683896947816,0.0180477529096991,122,0.8472222222222222,2907,66050866,0.00513394970180811,NaN
23571,0.13524157753626517,0.030053683896947816,0.018046203258399986,122,0.8472222222222222,2907,66079936,0.00513394970180811,NaN
23581,0.13524157753626517,0.030053683896947816,0.018044663987826903,122,0.8472222222222222,2907,66109006,0.00513394970180811,NaN
23591,0.13524157753626517,0.030053683896947816,0.018043135012373493,122,0.8472222222222222,2907,66138076,0.00513394970180811,NaN
23601,0.13524157753626517,0.030053683896947816,0.018041616132916632,122,0.8472222222222222,2907,66167146,0.00513394970180811,NaN
23611,0.13524157753626517,0.030053683896947816,0.01804010732681476,122,0.8472222222222222,2907,66196216,0.00513394970180811,NaN
23621,0.13524157753626517,0.030053683896947816,0.018038607877944098,122,0.8472222222222222,2908,66225296,0.00513394970180811,NaN
23631,0.13524157753626517,0.030053683896947816,0.018037118218933126,122,0.8472222222222222,2908,66254376,0.00513394970180811,NaN
23641,0.13524157753626517,0.030053683896947816,0.01803563827474665,122,0.8472222222222222,2908,66283456,0.00513394970180811,NaN
23651,0.13524157753626517,0.030053683896947816,0.018034167942670872,122,0.8472222222222222,2908,66312536,0.00513394970180811,NaN
23661,0.13524157753626517,0.030053683896947816,0.018032707142299247,122,0.8472222222222222,2908,66341616,0.00513394970180811,NaN
23671,0.13524157753626517,0.030053683896947816,0.01803125563330075,122,0.8472222222222222,2908,66370696,0.00513394970180811,NaN
23681,0.13524157753626517,0.030053683896947816,0.018029813429640756,122,0.8472222222222222,2908,66399776,0.00513394970180811,NaN
23691,0.13524157753626517,0.030053683896947816,0.018028380375381552,122,0.8472222222222222,2908,66428856,0.00513394970180811,NaN
23701,0.13524157753626517,0.030053683896947816,0.018026956456497212,122,0.8472222222222222,2908,66457936,0.00513394970180811,NaN
23711,0.13524157753626517,0.030053683896947816,0.018025541416182705,122,0.8472222222222222,2909,66487019,0.00513394970180811,NaN
23721,0.13524157753626517,0.030053683896947816,0.01802413496789919,122,0.8472222222222222,2909,66516109,0.00513394970180811,NaN
23731,0.13524157753626517,0.030053683896947816,0.018022737273603307,122,0.8472222222222222,2909,66545199,0.00513394970180811,NaN
23741,0.13524157753626517,0.030053683896947816,0.01802134830433007,122,0.8472222222222222,2909,66574289,0.00513394970180811,NaN
23751,0.13524157753626517,0.030053683896947816,0.018019967885714788,122,0.8472222222222222,2909,66603379,0.00513394970180811,NaN
23761,0.13524157753626517,0.030053683896947816,0.01801859596114451,122,0.8472222222222222,2909,66632469,0.00513394970180811,NaN
23771,0.13524157753626517,0.030053683896947816,0.018017232578169035,122,0.8472222222222222,2909,66661559,0.00513394970180811,NaN
23781,0.13524157753626517,0.030053683896947816,0.018015877546960365,122,0.8472222222222222,2909,66690649,0.00513394970180811,NaN
23791,0.13524157753626517,0.030053683896947816,0.018014530800410388,122,0.8472222222222222,2909,66719739,0.00513394970180811,NaN
23801,0.13524157753626517,0.030053683896947816,0.018013192195345976,122,0.8472222222222222,2909,66748829,0.00513394970180811,NaN
23811,0.13524157753626517,0.030053683896947816,0.018011861401606332,122,0.8472222222222222,2910,66777925,0.00513394970180811,NaN
23821,0.13524157753626517,0.030053683896947816,0.018010538539341495,122,0.8472222222222222,2910,66807025,0.00513394970180811,NaN
23831,0.13524157753626517,0.030053683896947816,0.018009223587896122,122,0.8472222222222222,2910,66836125,0.00513394970180811,NaN
23841,0.13524157753626517,0.030053683896947816,0.018007916518868936,122,0.8472222222222222,2910,66865225,0.00513394970180811,NaN
23851,0.13524157753626517,0.030053683896947816,0.018006617199222523,122,0.8472222222222222,2910,66894325,0.00513394970180811,NaN
23861,0.13524157753626517,0.030053683896947816,0.018005325616871813,122,0.8472222222222222,2910,66923425,0.00513394970180811,NaN
23871,0.13524157753626517,0.030053683896947816,0.018004041670218043,122,0.8472222222222222,2910,66952525,0.00513394970180811,NaN
23881,0.13524157753626517,0.030053683896947816,0.018002765170472473,122,0.8472222222222222,2910,66981625,0.00513394970180811,NaN
23891,0.13524157753626517,0.030053683896947816,0.018001496244133563,122,0.8472222222222222,2910,67010725,0.00513394970180811,NaN
23901,0.13524157753626517,0.030053683896947816,0.018000234688428294,122,0.8472222222222222,2910,67039825,0.00513394970180811,NaN
23911,0.13524157753626517,0.030053683896947816,0.01799898011142675,122,0.8472222222222222,2911,67068933,0.00513394970180811,NaN
23921,0.13524157753626517,0.030053683896947816,0.017997732690558682,122,0.8472222222222222,2911,67098043,0.00513394970180811,NaN
23931,0.13524157753626517,0.030053683896947816,0.017996492448394588,122,0.8472222222222222,2911,67127153,0.00513394970180811,NaN
23941,0.13524157753626517,0.030053683896947816,0.017995259431776264,122,0.8472222222222222,2911,67156263,0.00513394970180811,NaN
23951,0.13524157753626517,0.030053683896947816,0.017994033376068135,122,0.8472222222222222,2911,67185373,0.00513394970180811,NaN
23961,0.13524157753626517,0.030053683896947816,0.01799281433355941,122,0.8472222222222222,2911,67214483,0.00513394970180811,NaN
23971,0.13524157753626517,0.030053683896947816,0.01799160222926356,122,0.8472222222222222,2911,67243593,0.00513394970180811,NaN
23981,0.13524157753626517,0.030053683896947816,0.0179903970260369,122,0.8472222222222222,2911,67272703,0.00513394970180811,NaN
23991,0.13524157753626517,0.030053683896947816,0.01798919851843081,122,0.8472222222222222,2911,67301813,0.00513394970180811,NaN
24001,0.13524157753626517,0.030053683896947816,0.01798800669009948,122,0.8472222222222222,2911,67330923,0.00513394970180811,NaN
24011,0.13524157753626517,0.030053683896947816,0.017986821194016508,122,0.8472222222222222,2912,67360043,0.00513394970180811,NaN
24021,0.13524157753626517,0.030053683896947816,0.017985642392118528,122,0.8472222222222222,2912,67389163,0.00513394970180811,NaN
24031,0.13524157753626517,0.030053683896947816,0.017984470017730948,122,0.8472222222222222,2912,67418283,0.00513394970180811,NaN
24041,0.13524157753626517,0.030053683896947816,0.01798330419462147,122,0.8472222222222222,2912,67447403,0.00513394970180811,NaN
24051,0.13524157753626517,0.030053683896947816,0.017982144758234272,122,0.8472222222222222,2912,67476523,0.00513394970180811,NaN
24061,0.13524157753626517,0.030053683896947816,0.017980991658852107,122,0.8472222222222222,2912,67505643,0.00513394970180811,NaN
24071,0.13524157753626517,0.030053683896947816,0.017979844836226125,122,0.8472222222222222,2912,67534763,0.00513394970180811,NaN
24081,0.13524157753626517,0.030053683896947816,0.01797870428670025,122,0.8472222222222222,2912,67563883,0.00513394970180811,NaN
24091,0.13524157753626517,0.030053683896947816,0.017977569916678232,122,0.8472222222222222,2912,67593003,0.00513394970180811,NaN
24101,0.13524157753626517,0.030053683896947816,0.017976441621000615,122,0.8472222222222222,2913,67622125,0.00513394970180811,NaN
24111,0.13524157753626517,0.030053683896947816,0.017975319055111887,122,0.8472222222222222,2913,67651255,0.00513394970180811,NaN
24121,0.13524157753626517,0.030053683896947816,0.017974202507594496,122,0.8472222222222222,2913,67680385,0.00513394970180811,NaN
24131,0.13524157753626517,0.030053683896947816,0.017973091945470667,122,0.8472222222222222,2913,67709515,0.00513394970180811,NaN
24141,0.13524157753626517,0.030053683896947816,0.01797198737023786,122,0.8472222222222222,2913,67738645,0.00513394970180811,NaN
24151,0.13524157753626517,0.030053683896947816,0.017970888509262914,122,0.8472222222222222,2913,67767775,0.00513394970180811,NaN
24161,0.13524157753626517,0.030053683896947816,0.017969795538907776,122,0.8472222222222222,2913,67796905,0.00513394970180811,NaN
24171,0.13523693354175512,0.030052651898167804,0.01796435201872859,121,0.8402777777777778,2889,67825987,0.00513394970180811,NaN
24181,0.13523693354175512,0.030052651898167804,0.017942047266758424,121,0.8402777777777778,2889,67854877,0.00513394970180811,NaN
24191,0.13523693354175512,0.030052651898167804,0.017920630575665477,121,0.8402777777777778,2890,67883772,0.00513394970180811,NaN
24201,0.13523693354175512,0.030052651898167804,0.017900043929823202,121,0.8402777777777778,2890,67912672,0.0052810508575107384,NaN
24211,0.13523693354175512,0.030052651898167804,0.01788023776982314,121,0.8402777777777778,2890,67941572,0.00513394970180811,NaN
24221,0.13523693354175512,0.030052651898167804,0.017861164546691757,121,0.8402777777777778,2890,67970472,0.00513394970180811,NaN
24231,0.13523693354175512,0.030052651898167804,0.01784277901488051,121,0.8402777777777778,2890,67999372,0.00513394970180811,NaN
24241,0.13523693354175512,0.030052651898167804,0.017825040916501955,121,0.8402777777777778,2890,68028272,0.00513394970180811,NaN
24251,0.13523693354175512,0.030052651898167804,0.01780791257138413,121,0.8402777777777778,2890,68057172,0.00513394970180811,NaN
24261,0.13523693354175512,0.030052651898167804,0.017791360134911918,121,0.8402777777777778,2890,68086072,0.00513394970180811,NaN
24271,0.13523693354175512,0.030052651898167804,0.017775351795279688,121,0.8402777777777778,2890,68114972,0.00513394970180811,NaN
24281,0.13523693354175512,0.030052651898167804,0.017759857838686426,121,0.8402777777777778,2890,68143872,0.00513394970180811,NaN
24291,0.13523693354175512,0.030052651898167804,0.01774484902990208,121,0.8402777777777778,2891,68172777,0.00513394970180811,NaN
24301,0.13523693354175512,0.030052651898167804,0.017730299980001144,121,0.8402777777777778,2891,68201687,0.00513394970180811,NaN
24311,0.13523693354175512,0.030052651898167804,0.017716190210423394,121,0.8402777777777778,2891,68230597,0.00513394970180811,NaN
24321,0.13523693354175512,0.030052651898167804,0.01770249785194369,121,0.8402777777777778,2891,68259507,0.00513394970180811,NaN
24331,0.13523693354175512,0.030052651898167804,0.017689202539441326,121,0.8402777777777778,2891,68288417,0.00513394970180811,NaN
24341,0.13523693354175512,0.030052651898167804,0.017676285132617993,121,0.8402777777777778,2891,68317327,0.00513394970180811,NaN
24351,0.13523693354175512,0.030052651898167804,0.017663728551999137,121,0.8402777777777778,2891,68346237,0.00513394970180811,NaN
24361,0.13523693354175512,0.030052651898167804,0.01765151562431285,121,0.8402777777777778,2891,68375147,0.00513394970180811,NaN
24371,0.13523693354175512,0.030052651898167804,0.017639630759631778,121,0.8402777777777778,2891,68404057,0.005206095528740962,NaN
24381,0.13523693354175512,0.030052651898167804,0.01762806008724949,121,0.8402777777777778,2891,68432967,0.00513394970180811,NaN
24391,0.13523693354175512,0.030052651898167804,0.017616788181050697,121,0.8402777777777778,2892,68461881,0.0051520638271090324,NaN
24401,0.13523693354175512,0.030052651898167804,0.017605801564594778,121,0.8402777777777778,2892,68490801,0.005237358715050544,NaN
24411,0.13523693354175512,0.030052651898167804,0.017595090134281587,121,0.8402777777777778,2892,68519721,0.005361671860815487,NaN
24421,0.13523693354175512,0.030052651898167804,0.017584642712603297,121,0.8402777777777778,2892,68548641,0.005596120489355649,NaN
24431,0.13523693354175512,0.030052651898167804,0.017574448690765663,121,0.8402777777777778,2892,68577561,0.00513394970180811,NaN
24441,0.13523693354175512,0.030052651898167804,0.017564497550950624,121,0.8402777777777778,2892,68606481,0.005153243653624351,NaN
24451,0.13523693354175512,0.030052651898167804,0.017554780369141532,121,0.8402777777777778,2892,68635401,0.00513394970180811,NaN
24461,0.13523693354175512,0.030052651898167804,0.01754528752336443,121,0.8402777777777778,2892,68664321,0.00513394970180811,NaN
24471,0.13523693354175512,0.030052651898167804,0.0175360104217768,121,0.8402777777777778,2892,68693241,0.00513394970180811,NaN
24481,0.13523693354175512,0.030052651898167804,0.017526941366215354,121,0.8402777777777778,2892,68722161,0.00513394970180811,NaN
24491,0.13523693354175512,0.030052651898167804,0.01751807138022678,121,0.8402777777777778,2893,68751084,0.00513394970180811,NaN
24501,0.13523693354175512,0.030052651898167804,0.017509392101794353,121,0.8402777777777778,2893,68780014,0.00513394970180811,NaN
24511,0.13523693354175512,0.030052651898167804,0.01750089896184196,121,0.8402777777777778,2893,68808944,0.00513394970180811,NaN
24521,0.13523693354175512,0.030052651898167804,0.01749258518770669,121,0.8402777777777778,2893,68837874,0.00513394970180811,NaN
24531,0.13523693354175512,0.030052651898167804,0.017484444559269976,121,0.8402777777777778,2893,68866804,0.00513394970180811,NaN
24541,0.13523693354175512,0.030052651898167804,0.01747647105772513,121,0.8402777777777778,2893,68895734,0.00513394970180811,NaN
24551,0.13523693354175512,0.030052651898167804,0.01746865908341673,121,0.8402777777777778,2893,68924664,0.00513394970180811,NaN
24561,0.13523693354175512,0.030052651898167804,0.017461003185407362,121,0.8402777777777778,2893,68953594,0.00513394970180811,NaN
24571,0.13523693354175512,0.030052651898167804,0.017453498145000163,121,0.8402777777777778,2893,68982524,0.00513394970180811,NaN
24581,0.13523693354175512,0.030052651898167804,0.017446139189570335,121,0.8402777777777778,2893,69011454,0.00513394970180811,NaN
24591,0.13523693354175512,0.030052651898167804,0.017438921063825656,121,0.8402777777777778,2894,69040386,0.00513394970180811,NaN
24601,0.13523693354175512,0.030052651898167804,0.017431837740758307,121,0.8402777777777778,2894,69069326,0.00513394970180811,NaN
24611,0.13523693354175512,0.030052651898167804,0.01742488713713493,121,0.8402777777777778,2894,69098266,0.00513394970180811,NaN
24621,0.13523693354175512,0.030052651898167804,0.017418064917233984,121,0.8402777777777778,2894,69127206,0.00513394970180811,NaN
24631,0.13523693354175512,0.030052651898167804,0.017411367201516405,121,0.8402777777777778,2894,69156146,0.00513394970180811,NaN
24641,0.13523693354175512,0.030052651898167804,0.017404790317148887,121,0.8402777777777778,2894,69185086,0.00513394970180811,NaN
24651,0.13523693354175512,0.030052651898167804,0.01739833052076711,121,0.8402777777777778,2894,69214026,0.00513394970180811,NaN
24661,0.13523693354175512,0.030052651898167804,0.01739198438510344,121,0.8402777777777778,2894,69242966,0.00513394970180811,NaN
24671,0.13523693354175512,0.030052651898167804,0.017385748570550606,121,0.8402777777777778,2894,69271906,0.00513394970180811,NaN
24681,0.13523693354175512,0.030052651898167804,0.017379620037879965,121,0.8402777777777778,2894,69300846,0.00513394970180811,NaN
24691,0.13523693354175512,0.030052651898167804,0.01737359542447682,121,0.8402777777777778,2894,69329786,0.00513394970180811,NaN
24701,0.13523693354175512,0.030052651898167804,0.017367669906967594,121,0.8402777777777778,2895,69358736,0.00513394970180811,NaN
24711,0.13523693354175512,0.030052651898167804,0.017361843059039848,121,0.8402777777777778,2895,69387686,0.00513394970180811,NaN
24721,0.13523693354175512,0.030052651898167804,0.017356111715174552,121,0.8402777777777778,2895,69416636,0.00513394970180811,NaN
24731,0.13523693354175512,0.030052651898167804,0.01735047356772798,121,0.8402777777777778,2895,69445586,0.00513394970180811,NaN
24741,0.13523693354175512,0.030052651898167804,0.017344926044063146,121,0.8402777777777778,2895,69474536,0.00513394970180811,NaN
24751,0.13523693354175512,0.030052651898167804,0.017339466635995268,121,0.8402777777777778,2895,69503486,0.00513394970180811,NaN
24761,0.13523693354175512,0.030052651898167804,0.01733409303102629,121,0.8402777777777778,2895,69532436,0.00513394970180811,NaN
24771,0.13523693354175512,0.030052651898167804,0.017328802980816294,121,0.8402777777777778,2895,69561386,0.00513394970180811,NaN
24781,0.13523693354175512,0.030052651898167804,0.01732359441907992,121,0.8402777777777778,2895,69590336,0.00513394970180811,NaN
24791,0.13523693354175512,0.030052651898167804,0.017318465142898223,121,0.8402777777777778,2895,69619286,0.00513394970180811,NaN
24801,0.13523693354175512,0.030052651898167804,0.01731341188646332,121,0.8402777777777778,2896,69648244,0.00513394970180811,NaN
24811,0.13523693354175512,0.030052651898167804,0.01730843358419909,121,0.8402777777777778,2896,69677204,0.00513394970180811,NaN
24821,0.13523693354175512,0.030052651898167804,0.017303528963051318,121,0.8402777777777778,2896,69706164,0.00513394970180811,NaN
24831,0.13523693354175512,0.030052651898167804,0.01729869597637596,121,0.8402777777777778,2896,69735124,0.00513394970180811,NaN
24841,0.13523693354175512,0.030052651898167804,0.017293933154118743,121,0.8402777777777778,2896,69764084,0.00513394970180811,NaN
24851,0.13523693354175512,0.030052651898167804,0.017289238512697834,121,0.8402777777777778,2896,69793044,0.00513394970180811,NaN
24861,0.13523693354175512,0.030052651898167804,0.01728461063035998,121,0.8402777777777778,2896,69822004,0.00513394970180811,NaN
24871,0.13523693354175512,0.030052651898167804,0.0172800479713952,121,0.8402777777777778,2896,69850964,0.00513394970180811,NaN
24881,0.13523693354175512,0.030052651898167804,0.017275548875564768,121,0.8402777777777778,2896,69879924,0.00513394970180811,NaN
24891,0.13523693354175512,0.030052651898167804,0.017271111904060985,121,0.8402777777777778,2896,69908884,0.00513394970180811,NaN
24901,0.13523693354175512,0.030052651898167804,0.017266734676308373,121,0.8402777777777778,2897,69937849,0.00513394970180811,NaN
24911,0.13523693354175512,0.030052651898167804,0.017262416233949834,121,0.8402777777777778,2897,69966819,0.00513394970180811,NaN
24921,0.13523693354175512,0.030052651898167804,0.017258155739986607,121,0.8402777777777778,2897,69995789,0.00513394970180811,NaN
24931,0.13523693354175512,0.030052651898167804,0.017253951906998372,121,0.8402777777777778,2897,70024759,0.00513394970180811,NaN
24941,0.13523693354175512,0.030052651898167804,0.017249803550926084,121,0.8402777777777778,2897,70053729,0.00513394970180811,NaN
24951,0.13523693354175512,0.030052651898167804,0.017245709539212173,121,0.8402777777777778,2897,70082699,0.00513394970180811,NaN
24961,0.13523693354175512,0.030052651898167804,0.017241668395956797,121,0.8402777777777778,2897,70111669,0.00513394970180811,NaN
24971,0.13523693354175512,0.030052651898167804,0.017237679207429142,121,0.8402777777777778,2897,70140639,0.00513394970180811,NaN
24981,0.13523693354175512,0.030052651898167804,0.017233740837722597,121,0.8402777777777778,2897,70169609,0.00513394970180811,NaN
24991,0.13523693354175512,0.030052651898167804,0.01722985210714513,121,0.8402777777777778,2897,70198579,0.00513394970180811,NaN
25001,0.13523693354175512,0.030052651898167804,0.01722601189478055,121,0.8402777777777778,2898,70227551,0.00513394970180811,NaN
25011,0.13523693354175512,0.030052651898167804,0.01722221824621997,121,0.8402777777777778,2898,70256531,0.00513394970180811,NaN
25021,0.13523693354175512,0.030052651898167804,0.017218471284852134,121,0.8402777777777778,2898,70285511,0.00513394970180811,NaN
25031,0.13523693354175512,0.030052651898167804,0.017214770057317447,121,0.8402777777777778,2898,70314491,0.00513394970180811,NaN
25041,0.13523693354175512,0.030052651898167804,0.017211113597156835,121,0.8402777777777778,2898,70343471,0.00513394970180811,NaN
25051,0.13523693354175512,0.030052651898167804,0.017207501019063546,121,0.8402777777777778,2898,70372451,0.00513394970180811,NaN
25061,0.13523693354175512,0.030052651898167804,0.017203931524384212,121,0.8402777777777778,2898,70401431,0.00513394970180811,NaN
25071,0.13523693354175512,0.030052651898167804,0.01720040424582249,121,0.8402777777777778,2898,70430411,0.00513394970180811,NaN
25081,0.13523693354175512,0.030052651898167804,0.01719691823164838,121,0.8402777777777778,2898,70459391,0.00513394970180811,NaN
25091,0.13523693354175512,0.030052651898167804,0.01719347271275497,121,0.8402777777777778,2898,70488371,0.00513394970180811,NaN
25101,0.13523693354175512,0.030052651898167804,0.017190067013817797,121,0.8402777777777778,2898,70517351,0.00513394970180811,NaN
25111,0.13523693354175512,0.030052651898167804,0.017186699432482678,121,0.8402777777777778,2899,70546339,0.00513394970180811,NaN
25121,0.13523693354175512,0.030052651898167804,0.017183369716541993,121,0.8402777777777778,2899,70575329,0.00513394970180811,NaN
25131,0.13523693354175512,0.030052651898167804,0.01718007763852638,121,0.8402777777777778,2899,70604319,0.00513394970180811,NaN
25141,0.13523693354175512,0.030052651898167804,0.017176822358306382,121,0.8402777777777778,2899,70633309,0.00513394970180811,NaN
25151,0.13523693354175512,0.030052651898167804,0.01717360313886046,121,0.8402777777777778,2899,70662299,0.00513394970180811,NaN
25161,0.13523693354175512,0.030052651898167804,0.017170419471057432,121,0.8402777777777778,2899,70691289,0.00513394970180811,NaN
25171,0.13523693354175512,0.030052651898167804,0.01716727060150285,121,0.8402777777777778,2899,70720279,0.00513394970180811,NaN
25181,0.13523693354175512,0.030052651898167804,0.017164155927085374,121,0.8402777777777778,2899,70749269,0.00513394970180811,NaN
25191,0.13523693354175512,0.030052651898167804,0.0171610748169444,121,0.8402777777777778,2899,70778259,0.00513394970180811,NaN
25201,0.13523693354175512,0.030052651898167804,0.017158026587459657,121,0.8402777777777778,2899,70807249,0.00513394970180811,NaN
25211,0.13523693354175512,0.030052651898167804,0.01715501030962884,121,0.8402777777777778,2900,70836243,0.00513394970180811,NaN
25221,0.13523693354175512,0.030052651898167804,0.017152025241526113,121,0.8402777777777778,2900,70865243,0.00513394970180811,NaN
25231,0.13523693354175512,0.030052651898167804,0.017149071409555565,121,0.8402777777777778,2900,70894243,0.00513394970180811,NaN
25241,0.13523693354175512,0.030052651898167804,0.01714614837223948,121,0.8402777777777778,2900,70923243,0.00513394970180811,NaN
25251,0.13523693354175512,0.030052651898167804,0.017143255440610634,121,0.8402777777777778,2900,70952243,0.00513394970180811,NaN
25261,0.13523693354175512,0.030052651898167804,0.017140392183502925,121,0.8402777777777778,2900,70981243,0.00513394970180811,NaN
25271,0.13523693354175512,0.030052651898167804,0.017137558039800535,121,0.8402777777777778,2900,71010243,0.00513394970180811,NaN
25281,0.13523693354175512,0.030052651898167804,0.017134752580184147,121,0.8402777777777778,2900,71039243,0.00513394970180811,NaN
25291,0.13523693354175512,0.030052651898167804,0.017131975292553926,121,0.8402777777777778,2900,71068243,0.00513394970180811,NaN
25301,0.13523693354175512,0.030052651898167804,0.017129225610150147,121,0.8402777777777778,2900,71097243,0.00513394970180811,NaN
25311,0.13523693354175512,0.030052651898167804,0.01712650321431316,121,0.8402777777777778,2900,71126243,0.00513394970180811,NaN
25321,0.13523693354175512,0.030052651898167804,0.01712380668634274,121,0.8402777777777778,2901,71155253,0.00513394970180811,NaN
25331,0.13523693354175512,0.030052651898167804,0.01712113649622729,121,0.8402777777777778,2901,71184263,0.00513394970180811,NaN
25341,0.13523693354175512,0.030052651898167804,0.017118492206785435,121,0.8402777777777778,2901,71213273,0.00513394970180811,NaN
25351,0.13523693354175512,0.030052651898167804,0.017115873383602515,121,0.8402777777777778,2901,71242283,0.00513394970180811,NaN
25361,0.13523693354175512,0.030052651898167804,0.01711327966615052,121,0.8402777777777778,2901,71271293,0.00513394970180811,NaN
25371,0.13523693354175512,0.030052651898167804,0.017110710673334827,121,0.8402777777777778,2901,71300303,0.00513394970180811,NaN
25381,0.13523693354175512,0.030052651898167804,0.01710816597279759,121,0.8402777777777778,2901,71329313,0.00513394970180811,NaN
25391,0.13523693354175512,0.030052651898167804,0.01710564514722506,121,0.8402777777777778,2901,71358323,0.00513394970180811,NaN
25401,0.13523693354175512,0.030052651898167804,0.01710314796853871,121,0.8402777777777778,2901,71387333,0.00513394970180811,NaN
25411,0.13523693354175512,0.030052651898167804,0.017100673892286273,121,0.8402777777777778,2901,71416343,0.00513394970180811,NaN
25421,0.13523693354175512,0.030052651898167804,0.017098222275127247,121,0.8402777777777778,2902,71445358,0.00513394970180811,NaN
25431,0.13523693354175512,0.030052651898167804,0.017095792675099995,121,0.8402777777777778,2902,71474378,0.00513394970180811,NaN
25441,0.13523693354175512,0.030052651898167804,0.017093385171568262,121,0.8402777777777778,2902,71503398,0.00513394970180811,NaN
25451,0.13523693354175512,0.030052651898167804,0.017090999454079023,121,0.8402777777777778,2902,71532418,0.00513394970180811,NaN
25461,0.13523693354175512,0.030052651898167804,0.01708863521581942,121,0.8402777777777778,2902,71561438,0.00513394970180811,NaN
25471,0.13523693354175512,0.030052651898167804,0.01708629205647233,121,0.8402777777777778,2902,71590458,0.00513394970180811,NaN
25481,0.13523693354175512,0.030052651898167804,0.017083969741562004,121,0.8402777777777778,2902,71619478,0.00513394970180811,NaN
25491,0.13523693354175512,0.030052651898167804,0.017081667978783115,121,0.8402777777777778,2902,71648498,0.00513394970180811,NaN
25501,0.13523693354175512,0.030052651898167804,0.01707938638432255,121,0.8402777777777778,2902,71677518,0.00513394970180811,NaN
25511,0.13523693354175512,0.030052651898167804,0.017077124766297812,121,0.8402777777777778,2902,71706538,0.00513394970180811,NaN
25521,0.13523693354175512,0.030052651898167804,0.01707488274541598,121,0.8402777777777778,2902,71735558,0.00513394970180811,NaN
25531,0.13523693354175512,0.030052651898167804,0.017072659287541134,121,0.8402777777777778,2903,71764588,0.00513394970180811,NaN
25541,0.13523693354175512,0.030052651898167804,0.017070454865075246,121,0.8402777777777778,2903,71793618,0.00513394970180811,NaN
25551,0.13523693354175512,0.030052651898167804,0.017068269280338735,121,0.8402777777777778,2903,71822648,0.00513394970180811,NaN
25561,0.13523693354175512,0.030052651898167804,0.017066102175139663,121,0.8402777777777778,2903,71851678,0.00513394970180811,NaN
25571,0.13523693354175512,0.030052651898167804,0.017063953327515147,121,0.8402777777777778,2903,71880708,0.00513394970180811,NaN
25581,0.13523693354175512,0.030052651898167804,0.017061822514553213,121,0.8402777777777778,2903,71909738,0.00513394970180811,NaN
25591,0.13523693354175512,0.030052651898167804,0.017059709405689363,121,0.8402777777777778,2903,71938768,0.00513394970180811,NaN
25601,0.13523693354175512,0.030052651898167804,0.017057613827804085,121,0.8402777777777778,2903,71967798,0.00513394970180811,NaN
25611,0.13523693354175512,0.030052651898167804,0.01705553550326109,121,0.8402777777777778,2903,71996828,0.00513394970180811,NaN
25621,0.13523693354175512,0.030052651898167804,0.017053474182652323,121,0.8402777777777778,2903,72025858,0.00513394970180811,NaN
25631,0.13523693354175512,0.030052651898167804,0.01705142939837434,121,0.8402777777777778,2904,72054892,0.00513394970180811,NaN
25641,0.13523693354175512,0.030052651898167804,0.017049400751123416,121,0.8402777777777778,2904,72083932,0.00513394970180811,NaN
25651,0.13523693354175512,0.030052651898167804,0.01704738843530659,121,0.8402777777777778,2904,72112972,0.00513394970180811,NaN
25661,0.13523693354175512,0.030052651898167804,0.017045392250346795,121,0.8402777777777778,2904,72142012,0.00513394970180811,NaN
25671,0.13523693354175512,0.030052651898167804,0.01704341200746119,121,0.8402777777777778,2904,72171052,0.00513394970180811,NaN
25681,0.13523693354175512,0.030052651898167804,0.017041447459073013,121,0.8402777777777778,2904,72200092,0.00513394970180811,NaN
25691,0.13523693354175512,0.030052651898167804,0.017039498342033874,121,0.8402777777777778,2904,72229132,0.00513394970180811,NaN
25701,0.13523693354175512,0.030052651898167804,0.017037564527713947,121,0.8402777777777778,2904,72258172,0.00513394970180811,NaN
25711,0.13523693354175512,0.030052651898167804,0.01703564579077396,121,0.8402777777777778,2904,72287212,0.00513394970180811,NaN
25721,0.13523693354175512,0.030052651898167804,0.017033741979719897,121,0.8402777777777778,2904,72316252,0.00513394970180811,NaN
25731,0.13523693354175512,0.030052651898167804,0.017031852789268363,121,0.8402777777777778,2904,72345292,0.00513394970180811,NaN
25741,0.13523693354175512,0.030052651898167804,0.01702997758990087,121,0.8402777777777778,2905,72374340,0.00513394970180811,NaN
25751,0.13523693354175512,0.030052651898167804,0.01702811661894305,121,0.8402777777777778,2905,72403390,0.00513394970180811,NaN
25761,0.13523693354175512,0.030052651898167804,0.017026269736142678,121,0.8402777777777778,2905,72432440,0.00513394970180811,NaN
25771,0.13523693354175512,0.030052651898167804,0.017024436867820205,121,0.8402777777777778,2905,72461490,0.00513394970180811,NaN
25781,0.13523693354175512,0.030052651898167804,0.01702261776885466,121,0.8402777777777778,2905,72490540,0.00513394970180811,NaN
25791,0.13523693354175512,0.030052651898167804,0.017020812302254818,121,0.8402777777777778,2905,72519590,0.00513394970180811,NaN
25801,0.13523693354175512,0.030052651898167804,0.017019020216108665,121,0.8402777777777778,2905,72548640,0.00513394970180811,NaN
25811,0.13523693354175512,0.030052651898167804,0.017017241396138957,121,0.8402777777777778,2905,72577690,0.00513394970180811,NaN
25821,0.13523693354175512,0.030052651898167804,0.01701547570384091,121,0.8402777777777778,2905,72606740,0.00513394970180811,NaN
25831,0.13523693354175512,0.030052651898167804,0.01701372303938293,121,0.8402777777777778,2905,72635790,0.00513394970180811,NaN
25841,0.13523693354175512,0.030052651898167804,0.017011982981279896,121,0.8402777777777778,2906,72664842,0.00513394970180811,NaN
25851,0.13523693354175512,0.030052651898167804,0.017010255030333533,121,0.8402777777777778,2906,72693902,0.00513394970180811,NaN
25861,0.13523693354175512,0.030052651898167804,0.01700853957826656,121,0.8402777777777778,2906,72722962,0.00513394970180811,NaN
25871,0.13523693354175512,0.030052651898167804,0.01700683653062142,121,0.8402777777777778,2906,72752022,0.00513394970180811,NaN
25881,0.13523693354175512,0.030052651898167804,0.01700514558846078,121,0.8402777777777778,2906,72781082,0.00513394970180811,NaN
25891,0.13523693354175512,0.030052651898167804,0.01700346669123331,121,0.8402777777777778,2906,72810142,0.00513394970180811,NaN
25901,0.13523693354175512,0.030052651898167804,0.017001799709335297,121,0.8402777777777778,2906,72839202,0.00513394970180811,NaN
25911,0.13523693354175512,0.030052651898167804,0.017000144493632866,121,0.8402777777777778,2906,72868262,0.00513394970180811,NaN
25921,0.13523693354175512,0.030052651898167804,0.01699850089378555,121,0.8402777777777778,2906,72897322,0.00513394970180811,NaN
25931,0.13523693354175512,0.030052651898167804,0.016996868785561833,121,0.8402777777777778,2906,72926382,0.00513394970180811,NaN
25941,0.13523693354175512,0.030052651898167804,0.016995247950747448,121,0.8402777777777778,2906,72955442,0.00513394970180811,NaN
25951,0.13523693354175512,0.030052651898167804,0.016993638074223404,121,0.8402777777777778,2907,72984507,0.00513394970180811,NaN
25961,0.13523693354175512,0.030052651898167804,0.01699203898787087,121,0.8402777777777778,2907,73013577,0.00513394970180811,NaN
25971,0.13523693354175512,0.030052651898167804,0.016990450879898478,121,0.8402777777777778,2907,73042647,0.00513394970180811,NaN
25981,0.13523693354175512,0.030052651898167804,0.016988873633027667,121,0.8402777777777778,2907,73071717,0.00513394970180811,NaN
25991,0.13523693354175512,0.030052651898167804,0.016987307004741534,121,0.8402777777777778,2907,73100787,0.00513394970180811,NaN
26001,0.13523693354175512,0.030052651898167804,0.016985751013789796,121,0.8402777777777778,2907,73129857,0.00513394970180811,NaN
26011,0.13523693354175512,0.030052651898167804,0.016984205526796754,121,0.8402777777777778,2907,73158927,0.00513394970180811,NaN
26021,0.13523693354175512,0.030052651898167804,0.01698267035427227,121,0.8402777777777778,2907,73187997,0.00513394970180811,NaN
26031,0.13523693354175512,0.030052651898167804,0.016981145382107456,121,0.8402777777777778,2907,73217067,0.00513394970180811,NaN
26041,0.13523693354175512,0.030052651898167804,0.016979630573657437,121,0.8402777777777778,2907,73246137,0.00513394970180811,NaN
26051,0.13523693354175512,0.030052651898167804,0.016978125776209742,121,0.8402777777777778,2907,73275207,0.00513394970180811,NaN
26061,0.13523693354175512,0.030052651898167804,0.01697663044191034,121,0.8402777777777778,2908,73304284,0.00513394970180811,NaN
26071,0.13523693354175512,0.030052651898167804,0.016975144765453636,121,0.8402777777777778,2908,73333364,0.00513394970180811,NaN
26081,0.13523693354175512,0.030052651898167804,0.016973668752518378,121,0.8402777777777778,2908,73362444,0.00513394970180811,NaN
26091,0.13523693354175512,0.030052651898167804,0.016972202360506672,121,0.8402777777777778,2908,73391524,0.00513394970180811,NaN
26101,0.13523693354175512,0.030052651898167804,0.016970745445853426,121,0.8402777777777778,2908,73420604,0.00513394970180811,NaN
26111,0.13523693354175512,0.030052651898167804,0.016969297909419968,121,0.8402777777777778,2908,73449684,0.00513394970180811,NaN
26121,0.13523693354175512,0.030052651898167804,0.01696785965190489,121,0.8402777777777778,2908,73478764,0.00513394970180811,NaN
26131,0.13523693354175512,0.030052651898167804,0.01696643050932663,121,0.8402777777777778,2908,73507844,0.00513394970180811,NaN
26141,0.13523693354175512,0.030052651898167804,0.01696501043315904,121,0.8402777777777778,2908,73536924,0.00513394970180811,NaN
26151,0.13523693354175512,0.030052651898167804,0.016963599387702283,121,0.8402777777777778,2908,73566004,0.00513394970180811,NaN
26161,0.13523693354175512,0.030052651898167804,0.016962197201922158,121,0.8402777777777778,2908,73595084,0.00513394970180811,NaN
26171,0.13523693354175512,0.030052651898167804,0.016960803370209002,121,0.8402777777777778,2909,73624173,0.00513394970180811,NaN
26181,0.13523693354175512,0.030052651898167804,0.016959418126145927,121,0.8402777777777778,2909,73653263,0.00513394970180811,NaN
26191,0.13523693354175512,0.030052651898167804,0.01695804151617139,121,0.8402777777777778,2909,73682353,0.00513394970180811,NaN
26201,0.13523693354175512,0.030052651898167804,0.01695667346903274,121,0.8402777777777778,2909,73711443,0.00513394970180811,NaN
26211,0.13523693354175512,0.030052651898167804,0.01695531379193725,121,0.8402777777777778,2909,73740533,0.00513394970180811,NaN
26221,0.13523693354175512,0.030052651898167804,0.016953962522095085,121,0.8402777777777778,2909,73769623,0.00513394970180811,NaN
26231,0.13523693354175512,0.030052651898167804,0.01695261946946159,121,0.8402777777777778,2909,73798713,0.00513394970180811,NaN
26241,0.13523693354175512,0.030052651898167804,0.01695128461837675,121,0.8402777777777778,2909,73827803,0.00513394970180811,NaN
26251,0.13523693354175512,0.030052651898167804,0.01694995783906593,121,0.8402777777777778,2909,73856893,0.00513394970180811,NaN
26261,0.13523693354175512,0.030052651898167804,0.016948639054333088,121,0.8402777777777778,2909,73885983,0.00513394970180811,NaN
26271,0.13523693354175512,0.030052651898167804,0.01694732814295397,121,0.8402777777777778,2910,73915074,0.00513394970180811,NaN
26281,0.13523693354175512,0.030052651898167804,0.016946024652075495,121,0.8402777777777778,2910,73944174,0.00513394970180811,NaN
26291,0.13523693354175512,0.030052651898167804,0.016944728936551346,121,0.8402777777777778,2910,73973274,0.00513394970180811,NaN
26301,0.13523693354175512,0.030052651898167804,0.016943440930199838,121,0.8402777777777778,2910,74002374,0.00513394970180811,NaN
26311,0.13523693354175512,0.030052651898167804,0.01694216056135813,121,0.8402777777777778,2910,74031474,0.00513394970180811,NaN
26321,0.13523693354175512,0.030052651898167804,0.016940887699174036,121,0.8402777777777778,2910,74060574,0.00513394970180811,NaN
26331,0.13523693354175512,0.030052651898167804,0.01693962230788015,121,0.8402777777777778,2910,74089674,0.00513394970180811,NaN
26341,0.13523693354175512,0.030052651898167804,0.016938364295586077,121,0.8402777777777778,2910,74118774,0.00513394970180811,NaN
26351,0.13523693354175512,0.030052651898167804,0.016937113631639186,121,0.8402777777777778,2910,74147874,0.00513394970180811,NaN
26361,0.13523693354175512,0.030052651898167804,0.016935870127529826,121,0.8402777777777778,2910,74176974,0.00513394970180811,NaN
26371,0.13523693354175512,0.030052651898167804,0.01693463382728263,121,0.8402777777777778,2910,74206074,0.00513394970180811,NaN
26381,0.13523693354175512,0.030052651898167804,0.016933404592684383,121,0.8402777777777778,2911,74235176,0.00513394970180811,NaN
26391,0.13523693354175512,0.030052651898167804,0.016932182003905713,121,0.8402777777777778,2911,74264286,0.00513394970180811,NaN
26401,0.13523693354175512,0.030052651898167804,0.01693096643894521,121,0.8402777777777778,2911,74293396,0.00513394970180811,NaN
26411,0.13523693354175512,0.030052651898167804,0.016929757774613162,121,0.8402777777777778,2911,74322506,0.00513394970180811,NaN
26421,0.13523693354175512,0.030052651898167804,0.01692855593709163,121,0.8402777777777778,2911,74351616,0.00513394970180811,NaN
26431,0.13523693354175512,0.030052651898167804,0.01692736077950864,121,0.8402777777777778,2911,74380726,0.00513394970180811,NaN
26441,0.13523693354175512,0.030052651898167804,0.01692617242134375,121,0.8402777777777778,2911,74409836,0.00513394970180811,NaN
26451,0.13523693354175512,0.030052651898167804,0.016924990749969136,121,0.8402777777777778,2911,74438946,0.00513394970180811,NaN
26461,0.13523693354175512,0.030052651898167804,0.016923815618544093,121,0.8402777777777778,2911,74468056,0.00513394970180811,NaN
26471,0.13523693354175512,0.030052651898167804,0.016922647022601708,121,0.8402777777777778,2911,74497166,0.00513394970180811,NaN
26481,0.13523693354175512,0.030052651898167804,0.016921484910997153,121,0.8402777777777778,2911,74526276,0.00513394970180811,NaN
26491,0.13523693354175512,0.030052651898167804,0.016920329091701193,121,0.8402777777777778,2912,74555389,0.00513394970180811,NaN
26501,0.13523693354175512,0.030052651898167804,0.016919179284300125,121,0.8402777777777778,2912,74584509,0.00513394970180811,NaN
26511,0.13523693354175512,0.030052651898167804,0.016918035785602005,121,0.8402777777777778,2912,74613629,0.00513394970180811,NaN
26521,0.13523693354175512,0.030052651898167804,0.016916898504536163,121,0.8402777777777778,2912,74642749,0.00513394970180811,NaN
26531,0.13523693354175512,0.030052651898167804,0.016915767446881332,121,0.8402777777777778,2912,74671869,0.00513394970180811,NaN
26541,0.13523693354175512,0.030052651898167804,0.016914642485994932,121,0.8402777777777778,2912,74700989,0.00513394970180811,NaN
26551,0.13523693354175512,0.030052651898167804,0.01691352361050676,121,0.8402777777777778,2912,74730109,0.00513394970180811,NaN
26561,0.13523693354175512,0.030052651898167804,0.016912410733706175,121,0.8402777777777778,2912,74759229,0.00513394970180811,NaN
26571,0.13523693354175512,0.030052651898167804,0.016911303808274845,121,0.8402777777777778,2912,74788349,0.00513394970180811,NaN
26581,0.13523693354175512,0.030052651898167804,0.016910202791918308,121,0.8402777777777778,2912,74817469,0.00513394970180811,NaN
26591,0.13523693354175512,0.030052651898167804,0.016909107617109058,121,0.8402777777777778,2912,74846589,0.00513394970180811,NaN
26601,0.13523693354175512,0.030052651898167804,0.016908018071331014,121,0.8402777777777778,2913,74875712,0.00513394970180811,NaN
26611,0.13523693354175512,0.030052651898167804,0.01690475230521156,120,0.8333333333333334,2889,74904818,0.005172223883180421,NaN
26621,0.13523693354175512,0.030052651898167804,0.016882371433889237,120,0.8333333333333334,2889,74933708,0.005385650498501454,NaN
26631,0.13523693354175512,0.030052651898167804,0.016860887124768794,120,0.8333333333333334,2889,74962598,0.005414979757085048,NaN
26641,0.13523693354175512,0.030052651898167804,0.01684024072501706,120,0.8333333333333334,2889,74991488,0.005051574041186752,NaN
26651,0.13523693354175512,0.030052651898167804,0.01682037840743846,120,0.8333333333333334,2889,75020378,0.004984632776345033,NaN
26661,0.13523693354175512,0.030052651898167804,0.0168012516811576,120,0.8333333333333334,2889,75049268,0.005054139183535561,NaN
26671,0.13523693354175512,0.030052651898167804,0.016782816259993373,120,0.8333333333333334,2889,75078158,0.004931454021880388,NaN
26681,0.13523693354175512,0.030052651898167804,0.016765030943478098,120,0.8333333333333334,2889,75107048,0.004931454021880388,NaN
26691,0.13523693354175512,0.030052651898167804,0.01674785860504313,120,0.8333333333333334,2889,75135938,0.004931454021880388,NaN
26701,0.13523693354175512,0.030052651898167804,0.01673126434309752,120,0.8333333333333334,2889,75164828,0.004931454021880388,NaN
26711,0.13523693354175512,0.030052651898167804,0.016715216367293083,120,0.8333333333333334,2889,75193718,0.004931454021880388,NaN
26721,0.13523693354175512,0.030052651898167804,0.016699681913011893,120,0.8333333333333334,2890,75222613,0.004931454021880388,NaN
26731,0.13523693354175512,0.030052651898167804,0.01668463464853427,120,0.8333333333333334,2890,75251513,0.004931454021880388,NaN
26741,0.13523693354175512,0.030052651898167804,0.016670052056454082,120,0.8333333333333334,2890,75280413,0.004931454021880388,NaN
26751,0.13523693354175512,0.030052651898167804,0.016655910238082855,120,0.8333333333333334,2890,75309313,0.004931454021880388,NaN
26761,0.13523693354175512,0.030052651898167804,0.016642187460273992,120,0.8333333333333334,2890,75338213,0.004931454021880388,NaN
26771,0.13523693354175512,0.030052651898167804,0.01662886260078993,120,0.8333333333333334,2890,75367113,0.004931454021880388,NaN
26781,0.13523693354175512,0.030052651898167804,0.016615917388591542,120,0.8333333333333334,2890,75396013,0.004931454021880388,NaN
26791,0.13523693354175512,0.030052651898167804,0.016603334146251644,120,0.8333333333333334,2890,75424913,0.004931454021880388,NaN
26801,0.13523693354175512,0.030052651898167804,0.01659109570548145,120,0.8333333333333334,2890,75453813,0.004931454021880388,NaN
26811,0.13523693354175512,0.030052651898167804,0.016579186849190745,120,0.8333333333333334,2890,75482713,0.004931454021880388,NaN
26821,0.13523693354175512,0.030052651898167804,0.01656759302161516,120,0.8333333333333334,2890,75511613,0.004931454021880388,NaN
26831,0.13523693354175512,0.030052651898167804,0.016556299150611964,120,0.8333333333333334,2891,75540516,0.004931454021880388,NaN
26841,0.13523693354175512,0.030052651898167804,0.016545291031463977,120,0.8333333333333334,2891,75569426,0.004931454021880388,NaN
26851,0.13523693354175512,0.030052651898167804,0.01653455905147443,120,0.8333333333333334,2891,75598336,0.004931454021880388,NaN
26861,0.13523693354175512,0.030052651898167804,0.016524091792883847,120,0.8333333333333334,2891,75627246,0.004931454021880388,NaN
26871,0.13523693354175512,0.030052651898167804,0.016513878917546618,120,0.8333333333333334,2891,75656156,0.004931454021880388,NaN
26881,0.13523693354175512,0.030052651898167804,0.016503909912534347,120,0.8333333333333334,2891,75685066,0.004931454021880388,NaN
26891,0.13523693354175512,0.030052651898167804,0.01649417505035074,120,0.8333333333333334,2891,75713976,0.004931454021880388,NaN
26901,0.13523693354175512,0.030052651898167804,0.0164846653103969,120,0.8333333333333334,2891,75742886,0.004931454021880388,NaN
26911,0.13523693354175512,0.030052651898167804,0.016475372223177607,120,0.8333333333333334,2891,75771796,0.004931454021880388,NaN
26921,0.13523693354175512,0.030052651898167804,0.016466287408987125,120,0.8333333333333334,2891,75800706,0.004931454021880388,NaN
26931,0.13523693354175512,0.030052651898167804,0.016457403560828136,120,0.8333333333333334,2891,75829616,0.004931454021880388,NaN
26941,0.13523693354175512,0.030052651898167804,0.016448712684968687,120,0.8333333333333334,2892,75858527,0.004931454021880388,NaN
26951,0.13523693354175512,0.030052651898167804,0.016440205550465065,120,0.8333333333333334,2892,75887447,0.004931454021880388,NaN
26961,0.13523693354175512,0.030052651898167804,0.016431878213566693,120,0.8333333333333334,2892,75916367,0.004931454021880388,NaN
26971,0.13523693354175512,0.030052651898167804,0.016423724594260045,120,0.8333333333333334,2892,75945287,0.004931454021880388,NaN
26981,0.13523693354175512,0.030052651898167804,0.016415738562211415,120,0.8333333333333334,2892,75974207,0.004931454021880388,NaN
26991,0.13523693354175512,0.030052651898167804,0.016407914534752904,120,0.8333333333333334,2892,76003127,0.004931454021880388,NaN
27001,0.13523693354175512,0.030052651898167804,0.016400246957797952,120,0.8333333333333334,2892,76032047,0.004931454021880388,NaN
27011,0.13523693354175512,0.030052651898167804,0.01639273078573058,120,0.8333333333333334,2892,76060967,0.004931454021880388,NaN
27021,0.13523693354175512,0.030052651898167804,0.0163853607814058,120,0.8333333333333334,2892,76089887,0.004931454021880388,NaN
27031,0.13523693354175512,0.030052651898167804,0.016378132434387224,120,0.8333333333333334,2892,76118807,0.004931454021880388,NaN
27041,0.13523693354175512,0.030052651898167804,0.01637104126935515,120,0.8333333333333334,2892,76147727,0.004931454021880388,NaN
27051,0.13523693354175512,0.030052651898167804,0.016364082900928646,120,0.8333333333333334,2892,76176647,0.004931454021880388,NaN
27061,0.13523693354175512,0.030052651898167804,0.016357251206515995,120,0.8333333333333334,2893,76205576,0.004931454021880388,NaN
27071,0.13523693354175512,0.030052651898167804,0.016350544115800027,120,0.8333333333333334,2893,76234506,0.004931454021880388,NaN
27081,0.13523693354175512,0.030052651898167804,0.016343958000588486,120,0.8333333333333334,2893,76263436,0.004931454021880388,NaN
27091,0.13523693354175512,0.030052651898167804,0.016337489298986516,120,0.8333333333333334,2893,76292366,0.004931454021880388,NaN
27101,0.13523693354175512,0.030052651898167804,0.016331134608917667,120,0.8333333333333334,2893,76321296,0.004931454021880388,NaN
27111,0.13523693354175512,0.030052651898167804,0.016324890438447367,120,0.8333333333333334,2893,76350226,0.004931454021880388,NaN
27121,0.13523693354175512,0.030052651898167804,0.016318753700167384,120,0.8333333333333334,2893,76379156,0.004931454021880388,NaN
27131,0.13523693354175512,0.030052651898167804,0.01631272128081324,120,0.8333333333333334,2893,76408086,0.004931454021880388,NaN
27141,0.13523693354175512,0.030052651898167804,0.016306790451812984,120,0.8333333333333334,2893,76437016,0.004931454021880388,NaN
27151,0.13523693354175512,0.030052651898167804,0.016300957965532156,120,0.8333333333333334,2893,76465946,0.004931454021880388,NaN
27161,0.13523693354175512,0.030052651898167804,0.016295221363434743,120,0.8333333333333334,2893,76494876,0.004931454021880388,NaN
27171,0.13523693354175512,0.030052651898167804,0.016289576854988098,120,0.8333333333333334,2894,76523812,0.004931454021880388,NaN
27181,0.13523693354175512,0.030052651898167804,0.016284022279171802,120,0.8333333333333334,2894,76552752,0.004931454021880388,NaN
27191,0.13523693354175512,0.030052651898167804,0.016278556038307735,120,0.8333333333333334,2894,76581692,0.004931454021880388,NaN
27201,0.13523693354175512,0.030052651898167804,0.016273175933761902,120,0.8333333333333334,2894,76610632,0.004931454021880388,NaN
27211,0.13523693354175512,0.030052651898167804,0.016267879536006776,120,0.8333333333333334,2894,76639572,0.004931454021880388,NaN
27221,0.13523693354175512,0.030052651898167804,0.016262664839233464,120,0.8333333333333334,2894,76668512,0.004931454021880388,NaN
27231,0.13523693354175512,0.030052651898167804,0.016257529549202523,120,0.8333333333333334,2894,76697452,0.004931454021880388,NaN
27241,0.13523693354175512,0.030052651898167804,0.01625247188883738,120,0.8333333333333334,2894,76726392,0.004931454021880388,NaN
27251,0.13523693354175512,0.030052651898167804,0.016247489658975305,120,0.8333333333333334,2894,76755332,0.004931454021880388,NaN
27261,0.13523693354175512,0.030052651898167804,0.016242581176029287,120,0.8333333333333334,2894,76784272,0.004931454021880388,NaN
27271,0.13523693354175512,0.030052651898167804,0.016237744547914795,120,0.8333333333333334,2894,76813212,0.004931454021880388,NaN
27281,0.13523693354175512,0.030052651898167804,0.01623297773012601,120,0.8333333333333334,2895,76842154,0.004931454021880388,NaN
27291,0.13523693354175512,0.030052651898167804,0.01622827802017478,120,0.8333333333333334,2895,76871104,0.004931454021880388,NaN
27301,0.13523693354175512,0.030052651898167804,0.016223645151787914,120,0.8333333333333334,2895,76900054,0.004931454021880388,NaN
27311,0.13523693354175512,0.030052651898167804,0.01621907760504954,120,0.8333333333333334,2895,76929004,0.004931454021880388,NaN
27321,0.13523693354175512,0.030052651898167804,0.01621457359644651,120,0.8333333333333334,2895,76957954,0.004931454021880388,NaN
27331,0.13523693354175512,0.030052651898167804,0.016210131972858758,120,0.8333333333333334,2895,76986904,0.004931454021880388,NaN
27341,0.13523693354175512,0.030052651898167804,0.01620575108792343,120,0.8333333333333334,2895,77015854,0.004931454021880388,NaN
27351,0.13523693354175512,0.030052651898167804,0.016201429662670908,120,0.8333333333333334,2895,77044804,0.004931454021880388,NaN
27361,0.13523693354175512,0.030052651898167804,0.01619716637284031,120,0.8333333333333334,2895,77073754,0.004931454021880388,NaN
27371,0.13523693354175512,0.030052651898167804,0.01619295972739914,120,0.8333333333333334,2895,77102704,0.004931454021880388,NaN
27381,0.13523693354175512,0.030052651898167804,0.01618880866674045,120,0.8333333333333334,2895,77131654,0.004931454021880388,NaN
27391,0.13523693354175512,0.030052651898167804,0.01618471198160949,120,0.8333333333333334,2895,77160604,0.004931454021880388,NaN
27401,0.13523693354175512,0.030052651898167804,0.016180667018245665,120,0.8333333333333334,2896,77189563,0.004931454021880388,NaN
27411,0.13523693354175512,0.030052651898167804,0.0161766738293743,120,0.8333333333333334,2896,77218523,0.004931454021880388,NaN
27421,0.13523693354175512,0.030052651898167804,0.016172731762598626,120,0.8333333333333334,2896,77247483,0.004931454021880388,NaN
27431,0.13523693354175512,0.030052651898167804,0.016168839425321935,120,0.8333333333333334,2896,77276443,0.004931454021880388,NaN
27441,0.13523693354175512,0.030052651898167804,0.01616499582743148,120,0.8333333333333334,2896,77305403,0.004931454021880388,NaN
27451,0.13523693354175512,0.030052651898167804,0.01616120006425893,120,0.8333333333333334,2896,77334363,0.004931454021880388,NaN
27461,0.13523693354175512,0.030052651898167804,0.016157451041806575,120,0.8333333333333334,2896,77363323,0.004931454021880388,NaN
27471,0.13523693354175512,0.030052651898167804,0.016153747825870292,120,0.8333333333333334,2896,77392283,0.004931454021880388,NaN
27481,0.13523693354175512,0.030052651898167804,0.016150089579270405,120,0.8333333333333334,2896,77421243,0.004931454021880388,NaN
27491,0.13523693354175512,0.030052651898167804,0.01614647517303512,120,0.8333333333333334,2896,77450203,0.004931454021880388,NaN
27501,0.13523693354175512,0.030052651898167804,0.0161429038493773,120,0.8333333333333334,2896,77479163,0.004931454021880388,NaN
27511,0.13523693354175512,0.030052651898167804,0.01613937420111228,120,0.8333333333333334,2897,77508127,0.004931454021880388,NaN
27521,0.13523693354175512,0.030052651898167804,0.016135885334547857,120,0.8333333333333334,2897,77537097,0.004931454021880388,NaN
27531,0.13523693354175512,0.030052651898167804,0.016132437015206866,120,0.8333333333333334,2897,77566067,0.004931454021880388,NaN
27541,0.13523693354175512,0.030052651898167804,0.01612902845141354,120,0.8333333333333334,2897,77595037,0.004931454021880388,NaN
27551,0.13523693354175512,0.030052651898167804,0.016125658988898638,120,0.8333333333333334,2897,77624007,0.004931454021880388,NaN
27561,0.13523693354175512,0.030052651898167804,0.016122327766711145,120,0.8333333333333334,2897,77652977,0.004931454021880388,NaN
27571,0.13523693354175512,0.030052651898167804,0.016119034184043198,120,0.8333333333333334,2897,77681947,0.004931454021880388,NaN
27581,0.13523693354175512,0.030052651898167804,0.016115777408733087,120,0.8333333333333334,2897,77710917,0.004931454021880388,NaN
27591,0.13523693354175512,0.030052651898167804,0.016112556896992206,120,0.8333333333333334,2897,77739887,0.004931454021880388,NaN
27601,0.13523693354175512,0.030052651898167804,0.016109371929523296,120,0.8333333333333334,2897,77768857,0.004931454021880388,NaN
27611,0.13523693354175512,0.030052651898167804,0.016106221739522444,120,0.8333333333333334,2897,77797827,0.004931454021880388,NaN
27621,0.13523693354175512,0.030052651898167804,0.01610310587790654,120,0.8333333333333334,2897,77826797,0.004931454021880388,NaN
27631,0.13523693354175512,0.030052651898167804,0.01610002251129484,120,0.8333333333333334,2898,77855776,0.004931454021880388,NaN
27641,0.13523693354175512,0.030052651898167804,0.016096972117588888,120,0.8333333333333334,2898,77884756,0.004931454021880388,NaN
27651,0.13523693354175512,0.030052651898167804,0.016093954198639075,120,0.8333333333333334,2898,77913736,0.004931454021880388,NaN
27661,0.13523693354175512,0.030052651898167804,0.016090968007256026,120,0.8333333333333334,2898,77942716,0.004931454021880388,NaN
27671,0.13523693354175512,0.030052651898167804,0.016088013155314385,120,0.8333333333333334,2898,77971696,0.004931454021880388,NaN
27681,0.13523693354175512,0.030052651898167804,0.016085089021821472,120,0.8333333333333334,2898,78000676,0.004931454021880388,NaN
27691,0.13523693354175512,0.030052651898167804,0.016082195094620954,120,0.8333333333333334,2898,78029656,0.004931454021880388,NaN
27701,0.13523693354175512,0.030052651898167804,0.016079330877368143,120,0.8333333333333334,2898,78058636,0.004931454021880388,NaN
27711,0.13523693354175512,0.030052651898167804,0.01607649584365883,120,0.8333333333333334,2898,78087616,0.004931454021880388,NaN
27721,0.13523693354175512,0.030052651898167804,0.016073689463898855,120,0.8333333333333334,2898,78116596,0.004931454021880388,NaN
27731,0.13523693354175512,0.030052651898167804,0.01607091125998579,120,0.8333333333333334,2898,78145576,0.004931454021880388,NaN
27741,0.13523693354175512,0.030052651898167804,0.016068160472907198,120,0.8333333333333334,2899,78174560,0.004931454021880388,NaN
27751,0.13523693354175512,0.030052651898167804,0.016065436381400358,120,0.8333333333333334,2899,78203550,0.004931454021880388,NaN
27761,0.13523693354175512,0.030052651898167804,0.016062739103208643,120,0.8333333333333334,2899,78232540,0.004931454021880388,NaN
27771,0.13523693354175512,0.030052651898167804,0.016060068279346536,120,0.8333333333333334,2899,78261530,0.004931454021880388,NaN
27781,0.13523693354175512,0.030052651898167804,0.016057423335804993,120,0.8333333333333334,2899,78290520,0.004931454021880388,NaN
27791,0.13523693354175512,0.030052651898167804,0.016054803890016033,120,0.8333333333333334,2899,78319510,0.004931454021880388,NaN
27801,0.13523693354175512,0.030052651898167804,0.01605220964802582,120,0.8333333333333334,2899,78348500,0.004931454021880388,NaN
27811,0.13523693354175512,0.030052651898167804,0.016049640105252675,120,0.8333333333333334,2899,78377490,0.004931454021880388,NaN
27821,0.13523693354175512,0.030052651898167804,0.016047094891111367,120,0.8333333333333334,2899,78406480,0.004931454021880388,NaN
27831,0.13523693354175512,0.030052651898167804,0.016044573621520404,120,0.8333333333333334,2899,78435470,0.004931454021880388,NaN
27841,0.13523693354175512,0.030052651898167804,0.016042075885250896,120,0.8333333333333334,2899,78464460,0.004931454021880388,NaN
27851,0.13523693354175512,0.030052651898167804,0.016039601333997528,120,0.8333333333333334,2899,78493450,0.004931454021880388,NaN
27861,0.13523693354175512,0.030052651898167804,0.016037149007509403,120,0.8333333333333334,2900,78522448,0.004931454021880388,NaN
27871,0.13523693354175512,0.030052651898167804,0.016034718968097727,120,0.8333333333333334,2900,78551448,0.004931454021880388,NaN
27881,0.13523693354175512,0.030052651898167804,0.016032311094139867,120,0.8333333333333334,2900,78580448,0.004931454021880388,NaN
27891,0.13523693354175512,0.030052651898167804,0.016029925011380338,120,0.8333333333333334,2900,78609448,0.004931454021880388,NaN
27901,0.13523693354175512,0.030052651898167804,0.016027560404946004,120,0.8333333333333334,2900,78638448,0.004931454021880388,NaN
27911,0.13523693354175512,0.030052651898167804,0.016025216873746313,120,0.8333333333333334,2900,78667448,0.004931454021880388,NaN
27921,0.13523693354175512,0.030052651898167804,0.016022894201752288,120,0.8333333333333334,2900,78696448,0.004931454021880388,NaN
27931,0.13523693354175512,0.030052651898167804,0.01602059212369357,120,0.8333333333333334,2900,78725448,0.004931454021880388,NaN
27941,0.13523693354175512,0.030052651898167804,0.016018310277016782,120,0.8333333333333334,2900,78754448,0.004931454021880388,NaN
27951,0.13523693354175512,0.030052651898167804,0.016016048342175838,120,0.8333333333333334,2900,78783448,0.004931454021880388,NaN
27961,0.13523693354175512,0.030052651898167804,0.01601380611098741,120,0.8333333333333334,2900,78812448,0.004931454021880388,NaN
27971,0.13523693354175512,0.030052651898167804,0.01601158309631588,120,0.8333333333333334,2901,78841450,0.004931454021880388,NaN
27981,0.13523693354175512,0.030052651898167804,0.016009378528659416,120,0.8333333333333334,2901,78870460,0.004931454021880388,NaN
27991,0.13523693354175512,0.030052651898167804,0.016007192758029035,120,0.8333333333333334,2901,78899470,0.004931454021880388,NaN
28001,0.13523693354175512,0.030052651898167804,0.01600502551776067,120,0.8333333333333334,2901,78928480,0.004931454021880388,NaN
28011,0.13523693354175512,0.030052651898167804,0.01600287658445025,120,0.8333333333333334,2901,78957490,0.004931454021880388,NaN
28021,0.13523693354175512,0.030052651898167804,0.01600074565906536,120,0.8333333333333334,2901,78986500,0.004931454021880388,NaN
28031,0.13523693354175512,0.030052651898167804,0.015998632534042604,120,0.8333333333333334,2901,79015510,0.004931454021880388,NaN
28041,0.13523693354175512,0.030052651898167804,0.01599653692553074,120,0.8333333333333334,2901,79044520,0.004931454021880388,NaN
28051,0.13523693354175512,0.030052651898167804,0.015994458599016655,120,0.8333333333333334,2901,79073530,0.004931454021880388,NaN
28061,0.13523693354175512,0.030052651898167804,0.015992397311613584,120,0.8333333333333334,2901,79102540,0.004931454021880388,NaN
28071,0.13523693354175512,0.030052651898167804,0.015990352803562223,120,0.8333333333333334,2901,79131550,0.004931454021880388,NaN
28081,0.13523693354175512,0.030052651898167804,0.015988324923847292,120,0.8333333333333334,2901,79160560,0.004931454021880388,NaN
28091,0.13523693354175512,0.030052651898167804,0.01598631299401574,120,0.8333333333333334,2902,79189575,0.004931454021880388,NaN
28101,0.13523693354175512,0.030052651898167804,0.01598431686474973,120,0.8333333333333334,2902,79218595,0.004931454021880388,NaN
28111,0.13523693354175512,0.030052651898167804,0.015982336680386136,120,0.8333333333333334,2902,79247615,0.004931454021880388,NaN
28121,0.13523693354175512,0.030052651898167804,0.015980372241843302,120,0.8333333333333334,2902,79276635,0.004931454021880388,NaN
28131,0.13523693354175512,0.030052651898167804,0.01597842323081959,120,0.8333333333333334,2902,79305655,0.004931454021880388,NaN
28141,0.13523693354175512,0.030052651898167804,0.01597648955500993,120,0.8333333333333334,2902,79334675,0.004931454021880388,NaN
28151,0.13523693354175512,0.030052651898167804,0.01597457101009726,120,0.8333333333333334,2902,79363695,0.004931454021880388,NaN
28161,0.13523693354175512,0.030052651898167804,0.015972667324726422,120,0.8333333333333334,2902,79392715,0.004931454021880388,NaN
28171,0.13523693354175512,0.030052651898167804,0.015970778383811425,120,0.8333333333333334,2902,79421735,0.004931454021880388,NaN
28181,0.13523693354175512,0.030052651898167804,0.015968903916174566,120,0.8333333333333334,2902,79450755,0.004931454021880388,NaN
28191,0.13523693354175512,0.030052651898167804,0.015967043804833284,120,0.8333333333333334,2902,79479775,0.004931454021880388,NaN
28201,0.13523693354175512,0.030052651898167804,0.015965197868096567,120,0.8333333333333334,2902,79508795,0.004931454021880388,NaN
28211,0.13523693354175512,0.030052651898167804,0.015963365348765992,120,0.8333333333333334,2903,79537823,0.004931454021880388,NaN
28221,0.13523693354175512,0.030052651898167804,0.01596154652456196,120,0.8333333333333334,2903,79566853,0.004931454021880388,NaN
28231,0.13523693354175512,0.030052651898167804,0.015959741303872548,120,0.8333333333333334,2903,79595883,0.004931454021880388,NaN
28241,0.13523693354175512,0.030052651898167804,0.01595794955544923,120,0.8333333333333334,2903,79624913,0.004931454021880388,NaN
28251,0.13523693354175512,0.030052651898167804,0.015956171126905495,120,0.8333333333333334,2903,79653943,0.004931454021880388,NaN
28261,0.13523693354175512,0.030052651898167804,0.015954405797862833,120,0.8333333333333334,2903,79682973,0.004931454021880388,NaN
28271,0.13523693354175512,0.030052651898167804,0.01595265345003394,120,0.8333333333333334,2903,79712003,0.004931454021880388,NaN
28281,0.13523693354175512,0.030052651898167804,0.015950913855562358,120,0.8333333333333334,2903,79741033,0.004931454021880388,NaN
28291,0.13523693354175512,0.030052651898167804,0.015949186875379794,120,0.8333333333333334,2903,79770063,0.004931454021880388,NaN
28301,0.13523693354175512,0.030052651898167804,0.015947472406070914,120,0.8333333333333334,2903,79799093,0.004931454021880388,NaN
28311,0.13523693354175512,0.030052651898167804,0.015945770290471166,120,0.8333333333333334,2903,79828123,0.004931454021880388,NaN
28321,0.13523693354175512,0.030052651898167804,0.015944080329700336,120,0.8333333333333334,2903,79857153,0.004931454021880388,NaN
28331,0.13523693354175512,0.030052651898167804,0.015942401892891856,120,0.8333333333333334,2904,79886193,0.004931454021880388,NaN
28341,0.13523693354175512,0.030052651898167804,0.01594073538028268,120,0.8333333333333334,2904,79915233,0.004931454021880388,NaN
28351,0.13523693354175512,0.030052651898167804,0.015939080587602485,120,0.8333333333333334,2904,79944273,0.004931454021880388,NaN
28361,0.13523693354175512,0.030052651898167804,0.015937437449988517,120,0.8333333333333334,2904,79973313,0.004931454021880388,NaN
28371,0.13523693354175512,0.030052651898167804,0.015935805743096835,120,0.8333333333333334,2904,80002353,0.004931454021880388,NaN
28381,0.13523693354175512,0.030052651898167804,0.015934185401308386,120,0.8333333333333334,2904,80031393,0.004931454021880388,NaN
28391,0.13523693354175512,0.030052651898167804,0.0159325763119481,120,0.8333333333333334,2904,80060433,0.004931454021880388,NaN
28401,0.13523693354175512,0.030052651898167804,0.015930978282693808,120,0.8333333333333334,2904,80089473,0.004931454021880388,NaN
28411,0.13523693354175512,0.030052651898167804,0.01592939122259519,120,0.8333333333333334,2904,80118513,0.004931454021880388,NaN
28421,0.13523693354175512,0.030052651898167804,0.015927814999032557,120,0.8333333333333334,2904,80147553,0.004931454021880388,NaN
28431,0.13523693354175512,0.030052651898167804,0.01592624950787809,120,0.8333333333333334,2904,80176593,0.004931454021880388,NaN
28441,0.13523693354175512,0.030052651898167804,0.015924694520085096,120,0.8333333333333334,2905,80205635,0.004931454021880388,NaN
28451,0.13523693354175512,0.030052651898167804,0.01592314953474619,120,0.8333333333333334,2905,80234685,0.004931454021880388,NaN
28461,0.13523693354175512,0.030052651898167804,0.015921614935089437,120,0.8333333333333334,2905,80263735,0.004931454021880388,NaN
28471,0.13523693354175512,0.030052651898167804,0.01592009058353683,120,0.8333333333333334,2905,80292785,0.004931454021880388,NaN
28481,0.13523693354175512,0.030052651898167804,0.015918576345418784,120,0.8333333333333334,2905,80321835,0.004931454021880388,NaN
28491,0.13523693354175512,0.030052651898167804,0.015917072084891917,120,0.8333333333333334,2905,80350885,0.004931454021880388,NaN
28501,0.13523693354175512,0.030052651898167804,0.015915577769088533,120,0.8333333333333334,2905,80379935,0.004931454021880388,NaN
28511,0.13523693354175512,0.030052651898167804,0.01591409322366155,120,0.8333333333333334,2905,80408985,0.004931454021880388,NaN
28521,0.13523693354175512,0.030052651898167804,0.01591261834641633,120,0.8333333333333334,2905,80438035,0.004931454021880388,NaN
28531,0.13523693354175512,0.030052651898167804,0.015911153082517906,120,0.8333333333333334,2905,80467085,0.004931454021880388,NaN
28541,0.13523693354175512,0.030052651898167804,0.015909697334404962,120,0.8333333333333334,2905,80496135,0.004931454021880388,NaN
28551,0.13523693354175512,0.030052651898167804,0.015908250889830878,120,0.8333333333333334,2905,80525185,0.004931454021880388,NaN
28561,0.13523693354175512,0.030052651898167804,0.015906813576472573,120,0.8333333333333334,2906,80554238,0.004931454021880388,NaN
28571,0.13523693354175512,0.030052651898167804,0.01590538513450842,120,0.8333333333333334,2906,80583298,0.004931454021880388,NaN
28581,0.13523693354175512,0.030052651898167804,0.015903965766855835,120,0.8333333333333334,2906,80612358,0.004931454021880388,NaN
28591,0.13523693354175512,0.030052651898167804,0.015902555377649355,120,0.8333333333333334,2906,80641418,0.004931454021880388,NaN
28601,0.13523693354175512,0.030052651898167804,0.01590115383977901,120,0.8333333333333334,2906,80670478,0.004931454021880388,NaN
28611,0.13523693354175512,0.030052651898167804,0.015899761129318207,120,0.8333333333333334,2906,80699538,0.004931454021880388,NaN
28621,0.13523693354175512,0.030052651898167804,0.01589837710679797,120,0.8333333333333334,2906,80728598,0.004931454021880388,NaN
28631,0.13523693354175512,0.030052651898167804,0.01589700171820542,120,0.8333333333333334,2906,80757658,0.004931454021880388,NaN
28641,0.13523693354175512,0.030052651898167804,0.015895634869715382,120,0.8333333333333334,2906,80786718,0.004931454021880388,NaN
28651,0.13523693354175512,0.030052651898167804,0.015894276415320888,120,0.8333333333333334,2906,80815778,0.004931454021880388,NaN
28661,0.13523693354175512,0.030052651898167804,0.01589292634288779,120,0.8333333333333334,2906,80844838,0.004931454021880388,NaN
28671,0.13523693354175512,0.030052651898167804,0.015891584497670294,120,0.8333333333333334,2906,80873898,0.004931454021880388,NaN
28681,0.13523693354175512,0.030052651898167804,0.015890250643305865,120,0.8333333333333334,2907,80902962,0.004931454021880388,NaN
28691,0.13523693354175512,0.030052651898167804,0.015888924637542226,120,0.8333333333333334,2907,80932032,0.004931454021880388,NaN
28701,0.13523693354175512,0.030052651898167804,0.01588760661121335,120,0.8333333333333334,2907,80961102,0.004931454021880388,NaN
28711,0.13523693354175512,0.030052651898167804,0.015886296542888145,120,0.8333333333333334,2907,80990172,0.004931454021880388,NaN
28721,0.13523693354175512,0.030052651898167804,0.015884994319376424,120,0.8333333333333334,2907,81019242,0.004931454021880388,NaN
28731,0.13523693354175512,0.030052651898167804,0.015883699833768382,120,0.8333333333333334,2907,81048312,0.004931454021880388,NaN
28741,0.13523693354175512,0.030052651898167804,0.01588241305589637,120,0.8333333333333334,2907,81077382,0.004931454021880388,NaN
28751,0.13523693354175512,0.030052651898167804,0.015881133903949945,120,0.8333333333333334,2907,81106452,0.004931454021880388,NaN
28761,0.13523693354175512,0.030052651898167804,0.015879862307445886,120,0.8333333333333334,2907,81135522,0.004931454021880388,NaN
28771,0.13523693354175512,0.030052651898167804,0.01587859820208903,120,0.8333333333333334,2907,81164592,0.004931454021880388,NaN
28781,0.13523693354175512,0.030052651898167804,0.01587734144442869,120,0.8333333333333334,2907,81193662,0.004931454021880388,NaN
28791,0.13523693354175512,0.030052651898167804,0.015876092024815002,120,0.8333333333333334,2907,81222732,0.004931454021880388,NaN
28801,0.13523693354175512,0.030052651898167804,0.015874849709217178,120,0.8333333333333334,2908,81251806,0.004931454021880388,NaN
28811,0.13523693354175512,0.030052651898167804,0.015873614315467497,120,0.8333333333333334,2908,81280886,0.004931454021880388,NaN
28821,0.13523693354175512,0.030052651898167804,0.015872385990223954,120,0.8333333333333334,2908,81309966,0.004931454021880388,NaN
28831,0.13523693354175512,0.030052651898167804,0.015871164745574484,120,0.8333333333333334,2908,81339046,0.004931454021880388,NaN
28841,0.13523693354175512,0.030052651898167804,0.015869950480013252,120,0.8333333333333334,2908,81368126,0.004931454021880388,NaN
28851,0.13523693354175512,0.030052651898167804,0.0158687430813978,120,0.8333333333333334,2908,81397206,0.004931454021880388,NaN
28861,0.13523693354175512,0.030052651898167804,0.015867542584333146,120,0.8333333333333334,2908,81426286,0.004931454021880388,NaN
28871,0.13523693354175512,0.030052651898167804,0.01586634887235379,120,0.8333333333333334,2908,81455366,0.004931454021880388,NaN
28881,0.13523693354175512,0.030052651898167804,0.01586516187853208,120,0.8333333333333334,2908,81484446,0.004931454021880388,NaN
28891,0.13523693354175512,0.030052651898167804,0.01586398148162991,120,0.8333333333333334,2908,81513526,0.004931454021880388,NaN
28901,0.13523693354175512,0.030052651898167804,0.015862807680976476,120,0.8333333333333334,2908,81542606,0.004931454021880388,NaN
28911,0.13523693354175512,0.030052651898167804,0.01586164043374195,120,0.8333333333333334,2908,81571686,0.004931454021880388,NaN
28921,0.13523693354175512,0.030052651898167804,0.01586047948561072,120,0.8333333333333334,2909,81600770,0.004931454021880388,NaN
28931,0.13523693354175512,0.030052651898167804,0.01585932472391357,120,0.8333333333333334,2909,81629860,0.004931454021880388,NaN
28941,0.13523693354175512,0.030052651898167804,0.015858176271852507,120,0.8333333333333334,2909,81658950,0.004931454021880388,NaN
28951,0.13523693354175512,0.030052651898167804,0.01585703414501843,120,0.8333333333333334,2909,81688040,0.004931454021880388,NaN
28961,0.13523693354175512,0.030052651898167804,0.01585589820729586,120,0.8333333333333334,2909,81717130,0.004931454021880388,NaN
28971,0.13523693354175512,0.030052651898167804,0.015854768487436652,120,0.8333333333333334,2909,81746220,0.004931454021880388,NaN
28981,0.13523693354175512,0.030052651898167804,0.01585364489364452,120,0.8333333333333334,2909,81775310,0.004931454021880388,NaN
28991,0.13523693354175512,0.030052651898167804,0.01585252733601554,120,0.8333333333333334,2909,81804400,0.004931454021880388,NaN
29001,0.13523693354175512,0.030052651898167804,0.015851415825772926,120,0.8333333333333334,2909,81833490,0.004931454021880388,NaN
29011,0.13523693354175512,0.030052651898167804,0.015850310258708467,120,0.8333333333333334,2909,81862580,0.004931454021880388,NaN
29021,0.13523693354175512,0.030052651898167804,0.015849210548964838,120,0.8333333333333334,2909,81891670,0.004931454021880388,NaN
29031,0.13523693354175512,0.030052651898167804,0.015848116731441556,120,0.8333333333333334,2909,81920760,0.004931454021880388,NaN
29041,0.13523693354175512,0.030052651898167804,0.015847028575054333,120,0.8333333333333334,2910,81949853,0.004931454021880388,NaN
29051,0.13523693354175512,0.0300204852263525,0.015843769830753692,119,0.8263888888888888,2885,81978928,0.004931454021880388,NaN
29061,0.13509218351858623,0.0300204852263525,0.015821442112203453,119,0.8263888888888888,2885,82007778,0.004931454021880388,NaN
29071,0.13509218351858623,0.0300204852263525,0.015800005499175807,119,0.8263888888888888,2886,82036632,0.004931454021880388,NaN
29081,0.13509218351858623,0.0300204852263525,0.0157793990796651,119,0.8263888888888888,2886,82065492,0.004931454021880388,NaN
29091,0.13509218351858623,0.0300204852263525,0.01575957536587912,119,0.8263888888888888,2886,82094352,0.004931454021880388,NaN
29101,0.13509218351858623,0.0300204852263525,0.015740484713142145,119,0.8263888888888888,2886,82123212,0.004931454021880388,NaN
29111,0.13509218351858623,0.0300204852263525,0.015722083832811675,119,0.8263888888888888,2886,82152072,0.004931454021880388,NaN
29121,0.13509218351858623,0.0300204852263525,0.01570433129304288,119,0.8263888888888888,2886,82180932,0.004931454021880388,NaN
29131,0.13509218351858623,0.0300204852263525,0.015687190094375362,119,0.8263888888888888,2886,82209792,0.004931454021880388,NaN
29141,0.13509218351858623,0.0300204852263525,0.0156706250959341,119,0.8263888888888888,2886,82238652,0.004931454021880388,NaN
29151,0.13509218351858623,0.0300204852263525,0.015654604828968983,119,0.8263888888888888,2886,82267512,0.004931454021880388,NaN
29161,0.13509218351858623,0.0300204852263525,0.015639100341467833,119,0.8263888888888888,2886,82296372,0.004931454021880388,NaN
29171,0.13509218351858623,0.0300204852263525,0.015624084090570999,119,0.8263888888888888,2886,82325232,0.004931454021880388,NaN
29181,0.13509218351858623,0.0300204852263525,0.015609530655588233,119,0.8263888888888888,2886,82354092,0.004931454021880388,NaN
29191,0.13509218351858623,0.0300204852263525,0.015595416933089409,119,0.8263888888888888,2887,82382953,0.004931454021880388,NaN
29201,0.13509218351858623,0.0300204852263525,0.015581716310467222,119,0.8263888888888888,2887,82411823,0.004931454021880388,NaN
29211,0.13509218351858623,0.0300204852263525,0.015568413059370083,119,0.8263888888888888,2887,82440693,0.004931454021880388,NaN
29221,0.13509218351858623,0.0300204852263525,0.015555489066210352,119,0.8263888888888888,2887,82469563,0.004931454021880388,NaN
29231,0.13509218351858623,0.0300204852263525,0.015542925739049591,119,0.8263888888888888,2887,82498433,0.004931454021880388,NaN
29241,0.13509218351858623,0.0300204852263525,0.015530706592695682,119,0.8263888888888888,2887,82527303,0.004931454021880388,NaN
29251,0.13509218351858623,0.0300204852263525,0.0155188166256693,119,0.8263888888888888,2887,82556173,0.004931454021880388,NaN
29261,0.13509218351858623,0.0300204852263525,0.015507240763044279,119,0.8263888888888888,2887,82585043,0.004931454021880388,NaN
29271,0.13509218351858623,0.0300204852263525,0.015495965698782652,119,0.8263888888888888,2887,82613913,0.004931454021880388,NaN
29281,0.13509218351858623,0.0300204852263525,0.015484978429140268,119,0.8263888888888888,2887,82642783,0.004931454021880388,NaN
29291,0.13509218351858623,0.0300204852263525,0.015474266538465294,119,0.8263888888888888,2887,82671653,0.004931454021880388,NaN
29301,0.13509218351858623,0.0300204852263525,0.015463818937999231,119,0.8263888888888888,2887,82700523,0.004931454021880388,NaN
29311,0.13509218351858623,0.0300204852263525,0.015453624743505583,119,0.8263888888888888,2887,82729393,0.004931454021880388,NaN
29321,0.13509218351858623,0.0300204852263525,0.01544367137978334,119,0.8263888888888888,2888,82758271,0.004931454021880388,NaN
29331,0.13509218351858623,0.0300204852263525,0.015433951131807129,119,0.8263888888888888,2888,82787151,0.004931454021880388,NaN
29341,0.13509218351858623,0.0300204852263525,0.015424455821342768,119,0.8263888888888888,2888,82816031,0.004931454021880388,NaN
29351,0.13509218351858623,0.0300204852263525,0.015415176661332467,119,0.8263888888888888,2888,82844911,0.004931454021880388,NaN
29361,0.13509218351858623,0.0300204852263525,0.015406105625748658,119,0.8263888888888888,2888,82873791,0.004931454021880388,NaN
29371,0.13509218351858623,0.0300204852263525,0.015397234886583741,119,0.8263888888888888,2888,82902671,0.004931454021880388,NaN
29381,0.13509218351858623,0.0300204852263525,0.01538855733116384,119,0.8263888888888888,2888,82931551,0.004931454021880388,NaN
29391,0.13509218351858623,0.0300204852263525,0.015380065676882517,119,0.8263888888888888,2888,82960431,0.004931454021880388,NaN
29401,0.13509218351858623,0.0300204852263525,0.015371753573537539,119,0.8263888888888888,2888,82989311,0.004931454021880388,NaN
29411,0.13509218351858623,0.0300204852263525,0.015363614569168769,119,0.8263888888888888,2888,83018191,0.004931454021880388,NaN
29421,0.13509218351858623,0.0300204852263525,0.015355643047692435,119,0.8263888888888888,2888,83047071,0.004931454021880388,NaN
29431,0.13509218351858623,0.0300204852263525,0.015347832862209053,119,0.8263888888888888,2888,83075951,0.004931454021880388,NaN
29441,0.13509218351858623,0.0300204852263525,0.015340177731919279,119,0.8263888888888888,2889,83104836,0.004931454021880388,NaN
29451,0.13509218351858623,0.0300204852263525,0.015332672368588858,119,0.8263888888888888,2889,83133726,0.004931454021880388,NaN
29461,0.13509218351858623,0.0300204852263525,0.015325313285577883,119,0.8263888888888888,2889,83162616,0.004931454021880388,NaN
29471,0.13509218351858623,0.0300204852263525,0.015318095631325752,119,0.8263888888888888,2889,83191506,0.004931454021880388,NaN
29481,0.13509218351858623,0.0300204852263525,0.015311014942406822,119,0.8263888888888888,2889,83220396,0.004931454021880388,NaN
29491,0.13509218351858623,0.0300204852263525,0.015304067035032889,119,0.8263888888888888,2889,83249286,0.004931454021880388,NaN
29501,0.13509218351858623,0.0300204852263525,0.01529724750314598,119,0.8263888888888888,2889,83278176,0.004931454021880388,NaN
29511,0.13509218351858623,0.0300204852263525,0.015290552573412823,119,0.8263888888888888,2889,83307066,0.004931454021880388,NaN
29521,0.13509218351858623,0.0300204852263525,0.015283978244150124,119,0.8263888888888888,2889,83335956,0.004931454021880388,NaN
29531,0.13509218351858623,0.0300204852263525,0.015277521387662134,119,0.8263888888888888,2889,83364846,0.004931454021880388,NaN
29541,0.13509218351858623,0.0300204852263525,0.015271177991773898,119,0.8263888888888888,2889,83393736,0.004931454021880388,NaN
29551,0.13509218351858623,0.0300204852263525,0.015264945311863485,119,0.8263888888888888,2889,83422626,0.004931454021880388,NaN
29561,0.13509218351858623,0.0300204852263525,0.015258819531426123,119,0.8263888888888888,2890,83451517,0.004931454021880388,NaN
29571,0.13509218351858623,0.0300204852263525,0.015252796169319892,119,0.8263888888888888,2890,83480417,0.004931454021880388,NaN
29581,0.13509218351858623,0.0300204852263525,0.015246873961097846,119,0.8263888888888888,2890,83509317,0.004931454021880388,NaN
29591,0.13509218351858623,0.0300204852263525,0.015241050248749215,119,0.8263888888888888,2890,83538217,0.004931454021880388,NaN
29601,0.13509218351858623,0.0300204852263525,0.015235322471915743,119,0.8263888888888888,2890,83567117,0.004931454021880388,NaN
29611,0.13509218351858623,0.0300204852263525,0.015229687760640737,119,0.8263888888888888,2890,83596017,0.004931454021880388,NaN
29621,0.13509218351858623,0.0300204852263525,0.015224143655623183,119,0.8263888888888888,2890,83624917,0.004931454021880388,NaN
29631,0.13509218351858623,0.0300204852263525,0.015218687508339913,119,0.8263888888888888,2890,83653817,0.004931454021880388,NaN
29641,0.13509218351858623,0.0300204852263525,0.015213317550800028,119,0.8263888888888888,2890,83682717,0.004931454021880388,NaN
29651,0.13509218351858623,0.0300204852263525,0.015208030984813388,119,0.8263888888888888,2890,83711617,0.004931454021880388,NaN
29661,0.13509218351858623,0.0300204852263525,0.015202826064661695,119,0.8263888888888888,2890,83740517,0.004931454021880388,NaN
29671,0.13509218351858623,0.0300204852263525,0.015197700302712228,119,0.8263888888888888,2890,83769417,0.004931454021880388,NaN
29681,0.13509218351858623,0.0300204852263525,0.015192651988012701,119,0.8263888888888888,2890,83798317,0.004931454021880388,NaN
29691,0.13509218351858623,0.0300204852263525,0.015187678164981585,119,0.8263888888888888,2891,83827223,0.004931454021880388,NaN
29701,0.13509218351858623,0.0300204852263525,0.015182777247378352,119,0.8263888888888888,2891,83856133,0.004931454021880388,NaN
29711,0.13509218351858623,0.0300204852263525,0.015177948208447672,119,0.8263888888888888,2891,83885043,0.004931454021880388,NaN
29721,0.13509218351858623,0.0300204852263525,0.01517318914698448,119,0.8263888888888888,2891,83913953,0.004931454021880388,NaN
29731,0.13509218351858623,0.0300204852263525,0.015168498355181192,119,0.8263888888888888,2891,83942863,0.004931454021880388,NaN
29741,0.13509218351858623,0.0300204852263525,0.015163874334605532,119,0.8263888888888888,2891,83971773,0.004931454021880388,NaN
29751,0.13509218351858623,0.0300204852263525,0.015159315390464686,119,0.8263888888888888,2891,84000683,0.004931454021880388,NaN
29761,0.13509218351858623,0.0300204852263525,0.015154820221209363,119,0.8263888888888888,2891,84029593,0.004931454021880388,NaN
29771,0.13509218351858623,0.0300204852263525,0.015150387072353895,119,0.8263888888888888,2891,84058503,0.004931454021880388,NaN
29781,0.13509218351858623,0.0300204852263525,0.015146014686633822,119,0.8263888888888888,2891,84087413,0.004931454021880388,NaN
29791,0.13509218351858623,0.0300204852263525,0.015141701703401813,119,0.8263888888888888,2891,84116323,0.004931454021880388,NaN
29801,0.13509218351858623,0.0300204852263525,0.015137446651869203,119,0.8263888888888888,2891,84145233,0.004931454021880388,NaN
29811,0.13509218351858623,0.0300204852263525,0.015133248124904087,119,0.8263888888888888,2892,84174144,0.004931454021880388,NaN
29821,0.13509218351858623,0.0300204852263525,0.015129103734202605,119,0.8263888888888888,2892,84203064,0.004931454021880388,NaN
29831,0.13509218351858623,0.0300204852263525,0.015125013506173861,119,0.8263888888888888,2892,84231984,0.004931454021880388,NaN
29841,0.13509218351858623,0.0300204852263525,0.015120976462449602,119,0.8263888888888888,2892,84260904,0.004931454021880388,NaN
29851,0.13509218351858623,0.0300204852263525,0.01511699135562587,119,0.8263888888888888,2892,84289824,0.004931454021880388,NaN
29861,0.13509218351858623,0.0300204852263525,0.015113057032618064,119,0.8263888888888888,2892,84318744,0.004931454021880388,NaN
29871,0.13509218351858623,0.0300204852263525,0.01510917250871937,119,0.8263888888888888,2892,84347664,0.004931454021880388,NaN
29881,0.13509218351858623,0.0300204852263525,0.015105336580852073,119,0.8263888888888888,2892,84376584,0.004931454021880388,NaN
29891,0.13509218351858623,0.0300204852263525,0.0151015482897554,119,0.8263888888888888,2892,84405504,0.004931454021880388,NaN
29901,0.13509218351858623,0.0300204852263525,0.015097806776717244,119,0.8263888888888888,2892,84434424,0.004931454021880388,NaN
29911,0.13509218351858623,0.0300204852263525,0.015094111008264462,119,0.8263888888888888,2892,84463344,0.004931454021880388,NaN
29921,0.13509218351858623,0.0300204852263525,0.015090459951715533,119,0.8263888888888888,2892,84492264,0.004931454021880388,NaN
29931,0.13509218351858623,0.0300204852263525,0.015086852835723212,119,0.8263888888888888,2892,84521184,0.004931454021880388,NaN
29941,0.13509218351858623,0.0300204852263525,0.015083287994200056,119,0.8263888888888888,2893,84550110,0.004931454021880388,NaN
29951,0.13509218351858623,0.0300204852263525,0.015079764734254273,119,0.8263888888888888,2893,84579040,0.004931454021880388,NaN
29961,0.13509218351858623,0.0300204852263525,0.015076282946708609,119,0.8263888888888888,2893,84607970,0.004931454021880388,NaN
29971,0.13509218351858623,0.0300204852263525,0.0150728416595065,119,0.8263888888888888,2893,84636900,0.004931454021880388,NaN
29981,0.13509218351858623,0.0300204852263525,0.015069440185472318,119,0.8263888888888888,2893,84665830,0.004931454021880388,NaN
29991,0.13509218351858623,0.0300204852263525,0.015066077669927298,119,0.8263888888888888,2893,84694760,0.004931454021880388,NaN
30001,0.13509218351858623,0.0300204852263525,0.01506275345770393,119,0.8263888888888888,2893,84723690,0.004931454021880388,NaN
30011,0.13509218351858623,0.0300204852263525,0.015059466694344693,119,0.8263888888888888,2893,84752620,0.004931454021880388,NaN
30021,0.13509218351858623,0.0300204852263525,0.015056216776510697,119,0.8263888888888888,2893,84781550,0.004931454021880388,NaN
30031,0.13509218351858623,0.0300204852263525,0.015053003008138131,119,0.8263888888888888,2893,84810480,0.004931454021880388,NaN
30041,0.13509218351858623,0.0300204852263525,0.015049824636201366,119,0.8263888888888888,2893,84839410,0.004931454021880388,NaN
30051,0.13509218351858623,0.0300204852263525,0.015046681052067575,119,0.8263888888888888,2893,84868340,0.004931454021880388,NaN
30061,0.13509218351858623,0.0300204852263525,0.015043571673746188,119,0.8263888888888888,2893,84897270,0.004931454021880388,NaN
30071,0.13509218351858623,0.0300204852263525,0.01504049481707063,119,0.8263888888888888,2894,84926210,0.004931454021880388,NaN
30081,0.13509218351858623,0.0300204852263525,0.015037450945705907,119,0.8263888888888888,2894,84955150,0.004931454021880388,NaN
30091,0.13509218351858623,0.0300204852263525,0.015034439378291804,119,0.8263888888888888,2894,84984090,0.004931454021880388,NaN
30101,0.13509218351858623,0.0300204852263525,0.015031459589282462,119,0.8263888888888888,2894,85013030,0.004931454021880388,NaN
30111,0.13509218351858623,0.0300204852263525,0.015028511095558916,119,0.8263888888888888,2894,85041970,0.004931454021880388,NaN
30121,0.13509218351858623,0.0300204852263525,0.015025593299558113,119,0.8263888888888888,2894,85070910,0.004931454021880388,NaN
30131,0.13509218351858623,0.0300204852263525,0.01502270567486361,119,0.8263888888888888,2894,85099850,0.004931454021880388,NaN
30141,0.13509218351858623,0.0300204852263525,0.015019847671129247,119,0.8263888888888888,2894,85128790,0.004931454021880388,NaN
30151,0.13509218351858623,0.0300204852263525,0.015017018797750458,119,0.8263888888888888,2894,85157730,0.004931454021880388,NaN
30161,0.13509218351858623,0.0300204852263525,0.01501421857046393,119,0.8263888888888888,2894,85186670,0.004931454021880388,NaN
30171,0.13509218351858623,0.0300204852263525,0.015011446449769808,119,0.8263888888888888,2894,85215610,0.004931454021880388,NaN
30181,0.13509218351858623,0.0300204852263525,0.015008702054733302,119,0.8263888888888888,2894,85244550,0.004931454021880388,NaN
30191,0.13509218351858623,0.0300204852263525,0.01500598459936099,119,0.8263888888888888,2895,85273493,0.004931454021880388,NaN
30201,0.13509218351858623,0.0300204852263525,0.015003293285476156,119,0.8263888888888888,2895,85302443,0.004931454021880388,NaN
30211,0.13509218351858623,0.0300204852263525,0.015000628293984429,119,0.8263888888888888,2895,85331393,0.004931454021880388,NaN
30221,0.13509218351858623,0.0300204852263525,0.014997989227681197,119,0.8263888888888888,2895,85360343,0.004931454021880388,NaN
30231,0.13509218351858623,0.0300204852263525,0.01499537566567585,119,0.8263888888888888,2895,85389293,0.004931454021880388,NaN
30241,0.13509218351858623,0.0300204852263525,0.0149927871838236,119,0.8263888888888888,2895,85418243,0.004931454021880388,NaN
30251,0.13509218351858623,0.0300204852263525,0.014990223436630047,119,0.8263888888888888,2895,85447193,0.004931454021880388,NaN
30261,0.13509218351858623,0.0300204852263525,0.01498768387236487,119,0.8263888888888888,2895,85476143,0.004931454021880388,NaN
30271,0.13509218351858623,0.0300204852263525,0.014985168268208011,119,0.8263888888888888,2895,85505093,0.004931454021880388,NaN
30281,0.13509218351858623,0.0300204852263525,0.014982676207399888,119,0.8263888888888888,2895,85534043,0.004931454021880388,NaN
30291,0.13509218351858623,0.0300204852263525,0.014980207239923679,119,0.8263888888888888,2895,85562993,0.004931454021880388,NaN
30301,0.13509218351858623,0.0300204852263525,0.01497776112967383,119,0.8263888888888888,2895,85591943,0.004931454021880388,NaN
30311,0.13509218351858623,0.0300204852263525,0.014975337433117387,119,0.8263888888888888,2895,85620893,0.004931454021880388,NaN
30321,0.13509218351858623,0.0300204852263525,0.014972935312498215,119,0.8263888888888888,2896,85649849,0.004931454021880388,NaN
30331,0.13509218351858623,0.0300204852263525,0.014970554728246786,119,0.8263888888888888,2896,85678809,0.004931454021880388,NaN
30341,0.13509218351858623,0.0300204852263525,0.014968195479249475,119,0.8263888888888888,2896,85707769,0.004931454021880388,NaN
30351,0.13509218351858623,0.0300204852263525,0.014965857391988767,119,0.8263888888888888,2896,85736729,0.004931454021880388,NaN
30361,0.13509218351858623,0.0300204852263525,0.014963540130682261,119,0.8263888888888888,2896,85765689,0.004931454021880388,NaN
30371,0.13509218351858623,0.0300204852263525,0.014961243387528063,119,0.8263888888888888,2896,85794649,0.004931454021880388,NaN
30381,0.13509218351858623,0.0300204852263525,0.014958966793637847,119,0.8263888888888888,2896,85823609,0.004931454021880388,NaN
30391,0.13509218351858623,0.0300204852263525,0.014956710177948359,119,0.8263888888888888,2896,85852569,0.004931454021880388,NaN
30401,0.13509218351858623,0.0300204852263525,0.014954473114081327,119,0.8263888888888888,2896,85881529,0.004931454021880388,NaN
30411,0.13509218351858623,0.0300204852263525,0.014952255376880117,119,0.8263888888888888,2896,85910489,0.004931454021880388,NaN
30421,0.13509218351858623,0.0300204852263525,0.01495005673696331,119,0.8263888888888888,2896,85939449,0.004931454021880388,NaN
30431,0.13509218351858623,0.0300204852263525,0.01494787686890003,119,0.8263888888888888,2896,85968409,0.004931454021880388,NaN
30441,0.13509218351858623,0.0300204852263525,0.014945715461991483,119,0.8263888888888888,2896,85997369,0.004931454021880388,NaN
30451,0.13509218351858623,0.0300204852263525,0.014943571624660403,119,0.8263888888888888,2897,86026338,0.004931454021880388,NaN
30461,0.13509218351858623,0.0300204852263525,0.014941445719557035,119,0.8263888888888888,2897,86055308,0.004931454021880388,NaN
30471,0.13509218351858623,0.0300204852263525,0.014939337577976143,119,0.8263888888888888,2897,86084278,0.004931454021880388,NaN
30481,0.13509218351858623,0.0300204852263525,0.014937246916680712,119,0.8263888888888888,2897,86113248,0.004931454021880388,NaN
30491,0.13509218351858623,0.0300204852263525,0.014935173560004955,119,0.8263888888888888,2897,86142218,0.004931454021880388,NaN
30501,0.13509218351858623,0.0300204852263525,0.014933117203049635,119,0.8263888888888888,2897,86171188,0.004931454021880388,NaN
30511,0.13509218351858623,0.0300204852263525,0.014931077611328808,119,0.8263888888888888,2897,86200158,0.004931454021880388,NaN
30521,0.13509218351858623,0.0300204852263525,0.01492905453988183,119,0.8263888888888888,2897,86229128,0.004931454021880388,NaN
30531,0.13509218351858623,0.0300204852263525,0.014927047782648849,119,0.8263888888888888,2897,86258098,0.004931454021880388,NaN
30541,0.13509218351858623,0.0300204852263525,0.014925057178526,119,0.8263888888888888,2897,86287068,0.004931454021880388,NaN
30551,0.13509218351858623,0.0300204852263525,0.014923082429765817,119,0.8263888888888888,2897,86316038,0.004931454021880388,NaN
30561,0.13509218351858623,0.0300204852263525,0.014921123401014008,119,0.8263888888888888,2897,86345008,0.004931454021880388,NaN
30571,0.13509218351858623,0.0300204852263525,0.01491917984622182,119,0.8263888888888888,2897,86373978,0.004931454021880388,NaN
30581,0.13509218351858623,0.0300204852263525,0.014917250893709495,119,0.8263888888888888,2898,86402958,0.004931454021880388,NaN
30591,0.13509218351858623,0.0300204852263525,0.01491533693598215,119,0.8263888888888888,2898,86431938,0.004931454021880388,NaN
30601,0.13509218351858623,0.0300204852263525,0.01491343792042383,119,0.8263888888888888,2898,86460918,0.004931454021880388,NaN
30611,0.13509218351858623,0.0300204852263525,0.014911553574081308,119,0.8263888888888888,2898,86489898,0.004931454021880388,NaN
30621,0.13509218351858623,0.0300204852263525,0.014909683702840348,119,0.8263888888888888,2898,86518878,0.004931454021880388,NaN
30631,0.13509218351858623,0.0300204852263525,0.01490782817469268,119,0.8263888888888888,2898,86547858,0.004931454021880388,NaN
30641,0.13509218351858623,0.0300204852263525,0.014905986730445107,119,0.8263888888888888,2898,86576838,0.004931454021880388,NaN
30651,0.13509218351858623,0.0300204852263525,0.014904159241895242,119,0.8263888888888888,2898,86605818,0.004931454021880388,NaN
30661,0.13509218351858623,0.0300204852263525,0.014902345551403379,119,0.8263888888888888,2898,86634798,0.004931454021880388,NaN
30671,0.13509218351858623,0.0300204852263525,0.014900545424708582,119,0.8263888888888888,2898,86663778,0.004931454021880388,NaN
30681,0.13509218351858623,0.0300204852263525,0.014898758749596138,119,0.8263888888888888,2898,86692758,0.004931454021880388,NaN
30691,0.13509218351858623,0.0300204852263525,0.014896985329334414,119,0.8263888888888888,2898,86721738,0.004931454021880388,NaN
30701,0.13509218351858623,0.0300204852263525,0.014895224855668595,119,0.8263888888888888,2899,86750720,0.004931454021880388,NaN
30711,0.13509218351858623,0.0300204852263525,0.014893476828229621,119,0.8263888888888888,2899,86779710,0.004931454021880388,NaN
30721,0.13509218351858623,0.0300204852263525,0.014891741597826837,119,0.8263888888888888,2899,86808700,0.004931454021880388,NaN
30731,0.13509218351858623,0.0300204852263525,0.014890018987889223,119,0.8263888888888888,2899,86837690,0.004931454021880388,NaN
30741,0.13509218351858623,0.0300204852263525,0.014888308826134185,119,0.8263888888888888,2899,86866680,0.004931454021880388,NaN
30751,0.13509218351858623,0.0300204852263525,0.014886610993773456,119,0.8263888888888888,2899,86895670,0.004931454021880388,NaN
30761,0.13509218351858623,0.0300204852263525,0.01488492529838259,119,0.8263888888888888,2899,86924660,0.004931454021880388,NaN
30771,0.13509218351858623,0.0300204852263525,0.014883251666835453,119,0.8263888888888888,2899,86953650,0.004931454021880388,NaN
30781,0.13509218351858623,0.0300204852263525,0.014881589836270831,119,0.8263888888888888,2899,86982640,0.004931454021880388,NaN
30791,0.13509218351858623,0.0300204852263525,0.01487993984569183,119,0.8263888888888888,2899,87011630,0.004931454021880388,NaN
30801,0.13509218351858623,0.0300204852263525,0.014878301379186018,119,0.8263888888888888,2899,87040620,0.004931454021880388,NaN
30811,0.13509218351858623,0.0300204852263525,0.014876674382108558,119,0.8263888888888888,2899,87069610,0.004931454021880388,NaN
30821,0.13509218351858623,0.0300204852263525,0.014875058676472822,119,0.8263888888888888,2899,87098600,0.004931454021880388,NaN
30831,0.13509218351858623,0.0300204852263525,0.014873454102340346,119,0.8263888888888888,2900,87127592,0.004931454021880388,NaN
30841,0.13509218351858623,0.0300204852263525,0.014871860112460706,119,0.8263888888888888,2900,87156592,0.004931454021880388,NaN
30851,0.13509218351858623,0.0300204852263525,0.014870277099205076,119,0.8263888888888888,2900,87185592,0.004931454021880388,NaN
30861,0.13509218351858623,0.0300204852263525,0.014868704921622273,119,0.8263888888888888,2900,87214592,0.004931454021880388,NaN
30871,0.13509218351858623,0.0300204852263525,0.014867143419980014,119,0.8263888888888888,2900,87243592,0.004931454021880388,NaN
30881,0.13509218351858623,0.0300204852263525,0.01486559248693884,119,0.8263888888888888,2900,87272592,0.004931454021880388,NaN
30891,0.13509218351858623,0.0300204852263525,0.014864051976070393,119,0.8263888888888888,2900,87301592,0.004931454021880388,NaN
30901,0.13509218351858623,0.0300204852263525,0.014862521838114527,119,0.8263888888888888,2900,87330592,0.004931454021880388,NaN
30911,0.13509218351858623,0.0300204852263525,0.014861001924548204,119,0.8263888888888888,2900,87359592,0.004931454021880388,NaN
30921,0.13509218351858623,0.0300204852263525,0.014859492116279306,119,0.8263888888888888,2900,87388592,0.004931454021880388,NaN
30931,0.13509218351858623,0.0300204852263525,0.014857992291953226,119,0.8263888888888888,2900,87417592,0.004931454021880388,NaN
30941,0.13509218351858623,0.0300204852263525,0.014856502362394062,119,0.8263888888888888,2900,87446592,0.004931454021880388,NaN
30951,0.13509218351858623,0.0300204852263525,0.014855022194426724,119,0.8263888888888888,2900,87475592,0.004931454021880388,NaN
30961,0.13509218351858623,0.0300204852263525,0.01485355154107779,119,0.8263888888888888,2901,87504595,0.004931454021880388,NaN
30971,0.13509218351858623,0.0300204852263525,0.014852090071358244,119,0.8263888888888888,2901,87533605,0.004931454021880388,NaN
30981,0.13509218351858623,0.0300204852263525,0.014850638019753384,119,0.8263888888888888,2901,87562615,0.004931454021880388,NaN
30991,0.13509218351858623,0.0300204852263525,0.014849195394926386,119,0.8263888888888888,2901,87591625,0.004931454021880388,NaN
31001,0.13509218351858623,0.0300204852263525,0.01484776199323621,119,0.8263888888888888,2901,87620635,0.004931454021880388,NaN
31011,0.13509218351858623,0.0300204852263525,0.014846337741481426,119,0.8263888888888888,2901,87649645,0.004931454021880388,NaN
31021,0.13509218351858623,0.0300204852263525,0.014844922534782997,119,0.8263888888888888,2901,87678655,0.004931454021880388,NaN
31031,0.13509218351858623,0.0300204852263525,0.014843516282271355,119,0.8263888888888888,2901,87707665,0.004931454021880388,NaN
31041,0.13509218351858623,0.0300204852263525,0.014842118943824166,119,0.8263888888888888,2901,87736675,0.004931454021880388,NaN
31051,0.13509218351858623,0.0300204852263525,0.014840730400284635,119,0.8263888888888888,2901,87765685,0.004931454021880388,NaN
31061,0.13509218351858623,0.0300204852263525,0.014839350480317327,119,0.8263888888888888,2901,87794695,0.004931454021880388,NaN
31071,0.13509218351858623,0.0300204852263525,0.01483797918041932,119,0.8263888888888888,2901,87823705,0.004931454021880388,NaN
31081,0.13509218351858623,0.0300204852263525,0.01483661635877827,119,0.8263888888888888,2901,87852715,0.004931454021880388,NaN
31091,0.13509218351858623,0.0300204852263525,0.014835261857293065,119,0.8263888888888888,2902,87881727,0.004931454021880388,NaN
31101,0.13509218351858623,0.0300204852263525,0.014833915372643567,119,0.8263888888888888,2902,87910747,0.004931454021880388,NaN
31111,0.13509218351858623,0.0300204852263525,0.014832577033683656,119,0.8263888888888888,2902,87939767,0.004931454021880388,NaN
31121,0.13509218351858623,0.0300204852263525,0.014831246878527,119,0.8263888888888888,2902,87968787,0.004931454021880388,NaN
31131,0.13509218351858623,0.0300204852263525,0.01482992482181062,119,0.8263888888888888,2902,87997807,0.004931454021880388,NaN
31141,0.13509218351858623,0.0300204852263525,0.0148286107415327,119,0.8263888888888888,2902,88026827,0.004931454021880388,NaN
31151,0.13509218351858623,0.0300204852263525,0.014827304619487676,119,0.8263888888888888,2902,88055847,0.004931454021880388,NaN
31161,0.13509218351858623,0.0300204852263525,0.014826006268824866,119,0.8263888888888888,2902,88084867,0.004931454021880388,NaN
31171,0.13509218351858623,0.0300204852263525,0.014824715701109333,119,0.8263888888888888,2902,88113887,0.004931454021880388,NaN
31181,0.13509218351858623,0.0300204852263525,0.014823432795021515,119,0.8263888888888888,2902,88142907,0.004931454021880388,NaN
31191,0.13509218351858623,0.0300204852263525,0.01482215751724201,119,0.8263888888888888,2902,88171927,0.004931454021880388,NaN
31201,0.13509218351858623,0.0300204852263525,0.014820889727366627,119,0.8263888888888888,2902,88200947,0.004931454021880388,NaN
31211,0.13509218351858623,0.0300204852263525,0.014819629395616448,119,0.8263888888888888,2902,88229967,0.004931454021880388,NaN
31221,0.13509218351858623,0.0300204852263525,0.014818376417010991,119,0.8263888888888888,2903,88258988,0.004931454021880388,NaN
31231,0.13509218351858623,0.0300204852263525,0.014817130351968142,119,0.8263888888888888,2903,88288018,0.004931454021880388,NaN
31241,0.13509218351858623,0.0300204852263525,0.014815891521657456,119,0.8263888888888888,2903,88317048,0.004931454021880388,NaN
31251,0.13509218351858623,0.0300204852263525,0.014814659818184604,119,0.8263888888888888,2903,88346078,0.004931454021880388,NaN
31261,0.13509218351858623,0.0300204852263525,0.01481343523403797,119,0.8263888888888888,2903,88375108,0.004931454021880388,NaN
31271,0.13509218351858623,0.0300204852263525,0.01481221770036997,119,0.8263888888888888,2903,88404138,0.004931454021880388,NaN
31281,0.13509218351858623,0.0300204852263525,0.01481100709291375,119,0.8263888888888888,2903,88433168,0.004931454021880388,NaN
31291,0.13509218351858623,0.0300204852263525,0.014809803407657097,119,0.8263888888888888,2903,88462198,0.004931454021880388,NaN
31301,0.13509218351858623,0.0300204852263525,0.014808606526996266,119,0.8263888888888888,2903,88491228,0.004931454021880388,NaN
31311,0.13509218351858623,0.0300204852263525,0.014807416408711178,119,0.8263888888888888,2903,88520258,0.004931454021880388,NaN
31321,0.13509218351858623,0.0300204852263525,0.014806233020691308,119,0.8263888888888888,2903,88549288,0.004931454021880388,NaN
31331,0.13509218351858623,0.0300204852263525,0.014805056231628097,119,0.8263888888888888,2903,88578318,0.004931454021880388,NaN
31341,0.13509218351858623,0.0300204852263525,0.014803886037278443,119,0.8263888888888888,2903,88607348,0.004931454021880388,NaN
31351,0.13509218351858623,0.0300204852263525,0.014802722358972835,119,0.8263888888888888,2903,88636378,0.004931454021880388,NaN
31361,0.13509218351858623,0.0300204852263525,0.014801564718286317,119,0.8263888888888888,2904,88665418,0.004931454021880388,NaN
31371,0.13509218351858623,0.0300204852263525,0.014800413424449512,119,0.8263888888888888,2904,88694458,0.004931454021880388,NaN
31381,0.13509218351858623,0.0300204852263525,0.014799268466504764,119,0.8263888888888888,2904,88723498,0.004931454021880388,NaN
31391,0.13509218351858623,0.0300204852263525,0.014798129813655933,119,0.8263888888888888,2904,88752538,0.004931454021880388,NaN
31401,0.13509218351858623,0.0300204852263525,0.014796997413462461,119,0.8263888888888888,2904,88781578,0.004931454021880388,NaN
31411,0.13509218351858623,0.0300204852263525,0.014795871156056496,119,0.8263888888888888,2904,88810618,0.004931454021880388,NaN
31421,0.13509218351858623,0.0300204852263525,0.01479475098258249,119,0.8263888888888888,2904,88839658,0.004931454021880388,NaN
31431,0.13509218351858623,0.0300204852263525,0.014793636885008003,119,0.8263888888888888,2904,88868698,0.004931454021880388,NaN
31441,0.13509218351858623,0.0300204852263525,0.014792528748075098,119,0.8263888888888888,2904,88897738,0.004931454021880388,NaN
31451,0.13509218351858623,0.0300204852263525,0.014791426602384857,119,0.8263888888888888,2904,88926778,0.004931454021880388,NaN
31461,0.13509218351858623,0.0300204852263525,0.014790330326464417,119,0.8263888888888888,2904,88955818,0.004931454021880388,NaN
31471,0.13509218351858623,0.0300204852263525,0.014789239843752569,119,0.8263888888888888,2904,88984858,0.004931454021880388,NaN
31481,0.13509218351858623,0.0300204852263525,0.014788155148926499,119,0.8263888888888888,2904,89013898,0.004931454021880388,NaN
31491,0.13509218351858623,0.0300204852263525,0.014787075894534315,119,0.8263888888888888,2905,89042946,0.004931454021880388,NaN
31501,0.1350536295165825,0.030011917670351666,0.014775248714887525,118,0.8194444444444444,2880,89071871,0.004931454021880388,NaN
31511,0.1350536295165825,0.030011917670351666,0.014753354790509472,118,0.8194444444444444,2880,89100671,0.004931454021880388,NaN
31521,0.1350536295165825,0.030011917670351666,0.014732324824499337,118,0.8194444444444444,2880,89129471,0.004931454021880388,NaN
31531,0.1350536295165825,0.030011917670351666,0.014712103723039348,118,0.8194444444444444,2880,89158271,0.004931454021880388,NaN
31541,0.1350536295165825,0.030011917670351666,0.014692637234216164,118,0.8194444444444444,2881,89187075,0.004931454021880388,NaN
31551,0.1350536295165825,0.030011917670351666,0.014673878599372624,118,0.8194444444444444,2881,89215885,0.004931454021880388,NaN
31561,0.1350536295165825,0.030011917670351666,0.014655789463388115,118,0.8194444444444444,2881,89244695,0.004931454021880388,NaN
31571,0.1350536295165825,0.030011917670351666,0.014638330128999653,118,0.8194444444444444,2881,89273505,0.004931454021880388,NaN
31581,0.1350536295165825,0.030011917670351666,0.014621465277903593,118,0.8194444444444444,2881,89302315,0.004931454021880388,NaN
31591,0.1350536295165825,0.030011917670351666,0.014605161341599318,118,0.8194444444444444,2881,89331125,0.004931454021880388,NaN
31601,0.1350536295165825,0.030011917670351666,0.014589387683584988,118,0.8194444444444444,2881,89359935,0.004931454021880388,NaN
31611,0.1350536295165825,0.030011917670351666,0.01457411647021216,118,0.8194444444444444,2881,89388745,0.004931454021880388,NaN
31621,0.1350536295165825,0.030011917670351666,0.014559320992836904,118,0.8194444444444444,2881,89417555,0.004931454021880388,NaN
31631,0.1350536295165825,0.030011917670351666,0.014544977551563441,118,0.8194444444444444,2881,89446365,0.004931454021880388,NaN
31641,0.1350536295165825,0.030011917670351666,0.014531062793599963,118,0.8194444444444444,2881,89475175,0.004931454021880388,NaN
31651,0.1350536295165825,0.030011917670351666,0.014517555734071366,118,0.8194444444444444,2881,89503985,0.004931454021880388,NaN
31661,0.1350536295165825,0.030011917670351666,0.014504437373143343,118,0.8194444444444444,2881,89532795,0.004931454021880388,NaN
31671,0.1350536295165825,0.030011917670351666,0.014491688506386609,118,0.8194444444444444,2881,89561605,0.004931454021880388,NaN
31681,0.1350536295165825,0.030011917670351666,0.014479288310568102,118,0.8194444444444444,2882,89590425,0.004931454021880388,NaN
31691,0.1350536295165825,0.030011917670351666,0.014467224669744106,118,0.8194444444444444,2882,89619245,0.004931454021880388,NaN
31701,0.1350536295165825,0.030011917670351666,0.01445548293491139,118,0.8194444444444444,2882,89648065,0.004931454021880388,NaN
31711,0.1350536295165825,0.030011917670351666,0.014444049098431127,118,0.8194444444444444,2882,89676885,0.004931454021880388,NaN
31721,0.1350536295165825,0.030011917670351666,0.014432909683153737,118,0.8194444444444444,2882,89705705,0.004931454021880388,NaN
31731,0.1350536295165825,0.030011917670351666,0.014422052169829567,118,0.8194444444444444,2882,89734525,0.004931454021880388,NaN
31741,0.1350536295165825,0.030011917670351666,0.014411464583044771,118,0.8194444444444444,2882,89763345,0.004931454021880388,NaN
31751,0.1350536295165825,0.030011917670351666,0.014401135999498152,118,0.8194444444444444,2882,89792165,0.004931454021880388,NaN
31761,0.1350536295165825,0.030011917670351666,0.014391055957113433,118,0.8194444444444444,2882,89820985,0.004931454021880388,NaN
31771,0.1350536295165825,0.030011917670351666,0.01438121473908764,118,0.8194444444444444,2882,89849805,0.004931454021880388,NaN
31781,0.1350536295165825,0.030011917670351666,0.014371603139606877,118,0.8194444444444444,2882,89878625,0.004931454021880388,NaN
31791,0.1350536295165825,0.030011917670351666,0.014362211894748329,118,0.8194444444444444,2882,89907445,0.004931454021880388,NaN
31801,0.1350536295165825,0.030011917670351666,0.014353032985695739,118,0.8194444444444444,2882,89936265,0.004931454021880388,NaN
31811,0.1350536295165825,0.030011917670351666,0.014344056510579259,118,0.8194444444444444,2883,89965091,0.004931454021880388,NaN
31821,0.1350536295165825,0.030011917670351666,0.014335275724215082,118,0.8194444444444444,2883,89993921,0.004931454021880388,NaN
31831,0.1350536295165825,0.030011917670351666,0.014326684603822257,118,0.8194444444444444,2883,90022751,0.004931454021880388,NaN
31841,0.1350536295165825,0.030011917670351666,0.014318276382935737,118,0.8194444444444444,2883,90051581,0.004931454021880388,NaN
31851,0.1350536295165825,0.030011917670351666,0.014310044797793162,118,0.8194444444444444,2883,90080411,0.004931454021880388,NaN
31861,0.1350536295165825,0.030011917670351666,0.01430198364819426,118,0.8194444444444444,2883,90109241,0.004931454021880388,NaN
31871,0.1350536295165825,0.030011917670351666,0.014294087234325598,118,0.8194444444444444,2883,90138071,0.004931454021880388,NaN
31881,0.1350536295165825,0.030011917670351666,0.014286349826208303,118,0.8194444444444444,2883,90166901,0.004931454021880388,NaN
31891,0.1350536295165825,0.030011917670351666,0.014278765983698843,118,0.8194444444444444,2883,90195731,0.004931454021880388,NaN
31901,0.1350536295165825,0.030011917670351666,0.01427133079317975,118,0.8194444444444444,2883,90224561,0.004931454021880388,NaN
31911,0.1350536295165825,0.030011917670351666,0.014264039495618643,118,0.8194444444444444,2883,90253391,0.004931454021880388,NaN
31921,0.1350536295165825,0.030011917670351666,0.014256887518702169,118,0.8194444444444444,2883,90282221,0.004931454021880388,NaN
31931,0.1350536295165825,0.030011917670351666,0.014249870160476942,118,0.8194444444444444,2883,90311051,0.004931454021880388,NaN
31941,0.1350536295165825,0.030011917670351666,0.014242983616668021,118,0.8194444444444444,2883,90339881,0.004931454021880388,NaN
31951,0.1350536295165825,0.030011917670351666,0.01423622128571719,118,0.8194444444444444,2884,90368721,0.004931454021880388,NaN
31961,0.1350536295165825,0.030011917670351666,0.014229581837153175,118,0.8194444444444444,2884,90397561,0.004931454021880388,NaN
31971,0.1350536295165825,0.030011917670351666,0.014223061395015502,118,0.8194444444444444,2884,90426401,0.004931454021880388,NaN
31981,0.1350536295165825,0.030011917670351666,0.014216656660462984,118,0.8194444444444444,2884,90455241,0.004931454021880388,NaN
31991,0.1350536295165825,0.030011917670351666,0.014210364082622752,118,0.8194444444444444,2884,90484081,0.004931454021880388,NaN
32001,0.1350536295165825,0.030011917670351666,0.014204180514414485,118,0.8194444444444444,2884,90512921,0.004931454021880388,NaN
32011,0.1350536295165825,0.030011917670351666,0.01419810260636188,118,0.8194444444444444,2884,90541761,0.004931454021880388,NaN
32021,0.1350536295165825,0.030011917670351666,0.01419212754142314,118,0.8194444444444444,2884,90570601,0.004931454021880388,NaN
32031,0.1350536295165825,0.030011917670351666,0.014186252378234752,118,0.8194444444444444,2884,90599441,0.004931454021880388,NaN
32041,0.1350536295165825,0.030011917670351666,0.014180474346790924,118,0.8194444444444444,2884,90628281,0.004931454021880388,NaN
32051,0.1350536295165825,0.030011917670351666,0.01417479081542192,118,0.8194444444444444,2884,90657121,0.004931454021880388,NaN
32061,0.1350536295165825,0.030011917670351666,0.01416919916563635,118,0.8194444444444444,2884,90685961,0.004931454021880388,NaN
32071,0.1350536295165825,0.030011917670351666,0.014163697048465654,118,0.8194444444444444,2884,90714801,0.004931454021880388,NaN
32081,0.1350536295165825,0.030011917670351666,0.014158281007608816,118,0.8194444444444444,2885,90743646,0.004931454021880388,NaN
32091,0.1350536295165825,0.030011917670351666,0.014152948892749694,118,0.8194444444444444,2885,90772496,0.004931454021880388,NaN
32101,0.1350536295165825,0.030011917670351666,0.014147699404111294,118,0.8194444444444444,2885,90801346,0.004931454021880388,NaN
32111,0.1350536295165825,0.030011917670351666,0.014142530459402761,118,0.8194444444444444,2885,90830196,0.004931454021880388,NaN
32121,0.1350536295165825,0.030011917670351666,0.014137439915497315,118,0.8194444444444444,2885,90859046,0.004931454021880388,NaN
32131,0.1350536295165825,0.030011917670351666,0.014132425833155163,118,0.8194444444444444,2885,90887896,0.004931454021880388,NaN
32141,0.1350536295165825,0.030011917670351666,0.014127486299632477,118,0.8194444444444444,2885,90916746,0.004931454021880388,NaN
32151,0.1350536295165825,0.030011917670351666,0.014122619481550977,118,0.8194444444444444,2885,90945596,0.004931454021880388,NaN
32161,0.1350536295165825,0.030011917670351666,0.014117823632334433,118,0.8194444444444444,2885,90974446,0.004931454021880388,NaN
32171,0.1350536295165825,0.030011917670351666,0.014113097010086232,118,0.8194444444444444,2885,91003296,0.004931454021880388,NaN
32181,0.1350536295165825,0.030011917670351666,0.014108437927076537,118,0.8194444444444444,2885,91032146,0.004931454021880388,NaN
32191,0.1350536295165825,0.030011917670351666,0.014103844835255437,118,0.8194444444444444,2885,91060996,0.004931454021880388,NaN
32201,0.1350536295165825,0.030011917670351666,0.0140993160977426,118,0.8194444444444444,2885,91089846,0.004931454021880388,NaN
32211,0.1350536295165825,0.030011917670351666,0.014094850348880259,118,0.8194444444444444,2885,91118696,0.004931454021880388,NaN
32221,0.1350536295165825,0.030011917670351666,0.01409044465267255,118,0.8194444444444444,2886,91147555,0.004931454021880388,NaN
32231,0.1350536295165825,0.030011917670351666,0.014086098881862876,118,0.8194444444444444,2886,91176415,0.004931454021880388,NaN
32241,0.1350536295165825,0.030011917670351666,0.014081811843749955,118,0.8194444444444444,2886,91205275,0.004931454021880388,NaN
32251,0.1350536295165825,0.030011917670351666,0.014077582255182982,118,0.8194444444444444,2886,91234135,0.004931454021880388,NaN
32261,0.1350536295165825,0.030011917670351666,0.014073408771829443,118,0.8194444444444444,2886,91262995,0.004931454021880388,NaN
32271,0.1350536295165825,0.030011917670351666,0.014069290152327683,118,0.8194444444444444,2886,91291855,0.004931454021880388,NaN
32281,0.1350536295165825,0.030011917670351666,0.014065225173927744,118,0.8194444444444444,2886,91320715,0.004931454021880388,NaN
32291,0.1350536295165825,0.030011917670351666,0.014061212735117559,118,0.8194444444444444,2886,91349575,0.004931454021880388,NaN
32301,0.1350536295165825,0.030011917670351666,0.014057251731180961,118,0.8194444444444444,2886,91378435,0.004931454021880388,NaN
32311,0.1350536295165825,0.030011917670351666,0.014053340926685344,118,0.8194444444444444,2886,91407295,0.004931454021880388,NaN
32321,0.1350536295165825,0.030011917670351666,0.014049479390088536,118,0.8194444444444444,2886,91436155,0.004931454021880388,NaN
32331,0.1350536295165825,0.030011917670351666,0.014045666065097304,118,0.8194444444444444,2886,91465015,0.004931454021880388,NaN
32341,0.1350536295165825,0.030011917670351666,0.014041899955644453,118,0.8194444444444444,2886,91493875,0.004931454021880388,NaN
32351,0.1350536295165825,0.030011917670351666,0.014038179811511786,118,0.8194444444444444,2887,91522737,0.004931454021880388,NaN
32361,0.1350536295165825,0.030011917670351666,0.014034503903047855,118,0.8194444444444444,2887,91551607,0.004931454021880388,NaN
32371,0.1350536295165825,0.030011917670351666,0.014030872424128198,118,0.8194444444444444,2887,91580477,0.004931454021880388,NaN
32381,0.1350536295165825,0.030011917670351666,0.014027284461056931,118,0.8194444444444444,2887,91609347,0.004931454021880388,NaN
32391,0.1350536295165825,0.030011917670351666,0.014023739133372253,118,0.8194444444444444,2887,91638217,0.004931454021880388,NaN
32401,0.1350536295165825,0.030011917670351666,0.014020235552104096,118,0.8194444444444444,2887,91667087,0.004931454021880388,NaN
32411,0.1350536295165825,0.030011917670351666,0.014016772963528526,118,0.8194444444444444,2887,91695957,0.004931454021880388,NaN
32421,0.1350536295165825,0.030011917670351666,0.01401335051921717,118,0.8194444444444444,2887,91724827,0.004931454021880388,NaN
32431,0.1350536295165825,0.030011917670351666,0.014009967507450004,118,0.8194444444444444,2887,91753697,0.004931454021880388,NaN
32441,0.1350536295165825,0.030011917670351666,0.014006623120062425,118,0.8194444444444444,2887,91782567,0.004931454021880388,NaN
32451,0.1350536295165825,0.030011917670351666,0.01400331658924033,118,0.8194444444444444,2887,91811437,0.004931454021880388,NaN
32461,0.1350536295165825,0.030011917670351666,0.014000047246659094,118,0.8194444444444444,2887,91840307,0.004931454021880388,NaN
32471,0.1350536295165825,0.030011917670351666,0.013996814352927628,118,0.8194444444444444,2887,91869177,0.004931454021880388,NaN
32481,0.1350536295165825,0.030011917670351666,0.013993617313254401,118,0.8194444444444444,2887,91898047,0.004931454021880388,NaN
32491,0.1350536295165825,0.030011917670351666,0.01399045496419201,118,0.8194444444444444,2888,91926921,0.004931454021880388,NaN
32501,0.1350536295165825,0.030011917670351666,0.013987326492897181,118,0.8194444444444444,2888,91955801,0.004931454021880388,NaN
32511,0.1350536295165825,0.030011917670351666,0.013984231947304002,118,0.8194444444444444,2888,91984681,0.004931454021880388,NaN
32521,0.1350536295165825,0.030011917670351666,0.013981170643741596,118,0.8194444444444444,2888,92013561,0.004931454021880388,NaN
32531,0.1350536295165825,0.030011917670351666,0.013978142034244261,118,0.8194444444444444,2888,92042441,0.004931454021880388,NaN
32541,0.1350536295165825,0.030011917670351666,0.013975145523799847,118,0.8194444444444444,2888,92071321,0.004931454021880388,NaN
32551,0.1350536295165825,0.030011917670351666,0.01397218058299692,118,0.8194444444444444,2888,92100201,0.004931454021880388,NaN
32561,0.1350536295165825,0.030011917670351666,0.01396924662246733,118,0.8194444444444444,2888,92129081,0.004931454021880388,NaN
32571,0.1350536295165825,0.030011917670351666,0.013966343067382944,118,0.8194444444444444,2888,92157961,0.004931454021880388,NaN
32581,0.1350536295165825,0.030011917670351666,0.013963469457628755,118,0.8194444444444444,2888,92186841,0.004931454021880388,NaN
32591,0.1350536295165825,0.030011917670351666,0.013960625221889823,118,0.8194444444444444,2888,92215721,0.004931454021880388,NaN
32601,0.1350536295165825,0.030011917670351666,0.013957809950571902,118,0.8194444444444444,2888,92244601,0.004931454021880388,NaN
32611,0.1350536295165825,0.030011917670351666,0.013955023023621326,118,0.8194444444444444,2888,92273481,0.004931454021880388,NaN
32621,0.1350536295165825,0.030011917670351666,0.01395226406474239,118,0.8194444444444444,2888,92302361,0.004931454021880388,NaN
32631,0.1350536295165825,0.030011917670351666,0.01394953187355594,118,0.8194444444444444,2889,92331248,0.004931454021880388,NaN
32641,0.1350536295165825,0.030011917670351666,0.013946826437175798,118,0.8194444444444444,2889,92360138,0.004931454021880388,NaN
32651,0.1350536295165825,0.030011917670351666,0.013944147592287098,118,0.8194444444444444,2889,92389028,0.004931454021880388,NaN
32661,0.1350536295165825,0.030011917670351666,0.013941494848079987,118,0.8194444444444444,2889,92417918,0.004931454021880388,NaN
32671,0.1350536295165825,0.030011917670351666,0.013938867843716908,118,0.8194444444444444,2889,92446808,0.004931454021880388,NaN
32681,0.1350536295165825,0.030011917670351666,0.013936266127675428,118,0.8194444444444444,2889,92475698,0.004931454021880388,NaN
32691,0.1350536295165825,0.030011917670351666,0.013933689314017554,118,0.8194444444444444,2889,92504588,0.004931454021880388,NaN
32701,0.1350536295165825,0.030011917670351666,0.013931137018052566,118,0.8194444444444444,2889,92533478,0.004931454021880388,NaN
32711,0.1350536295165825,0.030011917670351666,0.013928608778470844,118,0.8194444444444444,2889,92562368,0.004931454021880388,NaN
32721,0.1350536295165825,0.030011917670351666,0.013926104295676403,118,0.8194444444444444,2889,92591258,0.004931454021880388,NaN
32731,0.1350536295165825,0.030011917670351666,0.013923623177205448,118,0.8194444444444444,2889,92620148,0.004931454021880388,NaN
32741,0.1350536295165825,0.030011917670351666,0.013921165048729228,118,0.8194444444444444,2889,92649038,0.004931454021880388,NaN
32751,0.1350536295165825,0.030011917670351666,0.013918729582771449,118,0.8194444444444444,2889,92677928,0.004931454021880388,NaN
32761,0.1350536295165825,0.030011917670351666,0.013916316395624982,118,0.8194444444444444,2889,92706818,0.004931454021880388,NaN
32771,0.1350536295165825,0.030011917670351666,0.013913924460080392,118,0.8194444444444444,2890,92735716,0.004931454021880388,NaN
32781,0.1350536295165825,0.030011917670351666,0.013911553982850048,118,0.8194444444444444,2890,92764616,0.004931454021880388,NaN
32791,0.1350536295165825,0.030011917670351666,0.01390920484500436,118,0.8194444444444444,2890,92793516,0.004931454021880388,NaN
32801,0.1350536295165825,0.030011917670351666,0.013906876633906233,118,0.8194444444444444,2890,92822416,0.004931454021880388,NaN
32811,0.1350536295165825,0.030011917670351666,0.01390456912683334,118,0.8194444444444444,2890,92851316,0.004931454021880388,NaN
32821,0.1350536295165825,0.030011917670351666,0.013902281956628234,118,0.8194444444444444,2890,92880216,0.004931454021880388,NaN
32831,0.1350536295165825,0.030011917670351666,0.01390001485664434,118,0.8194444444444444,2890,92909116,0.004931454021880388,NaN
32841,0.1350536295165825,0.030011917670351666,0.013897767518257812,118,0.8194444444444444,2890,92938016,0.004931454021880388,NaN
32851,0.1350536295165825,0.030011917670351666,0.01389553969496441,118,0.8194444444444444,2890,92966916,0.004931454021880388,NaN
32861,0.1350536295165825,0.030011917670351666,0.013893331046196547,118,0.8194444444444444,2890,92995816,0.004931454021880388,NaN
32871,0.1350536295165825,0.030011917670351666,0.01389114134621517,118,0.8194444444444444,2890,93024716,0.004931454021880388,NaN
32881,0.1350536295165825,0.030011917670351666,0.01388897025713807,118,0.8194444444444444,2890,93053616,0.004931454021880388,NaN
32891,0.1350536295165825,0.030011917670351666,0.013886817565913716,118,0.8194444444444444,2890,93082516,0.004931454021880388,NaN
32901,0.1350536295165825,0.030011917670351666,0.013884682934499569,118,0.8194444444444444,2890,93111416,0.004931454021880388,NaN
32911,0.1350536295165825,0.030011917670351666,0.013882565558798342,118,0.8194444444444444,2891,93140325,0.004931454021880388,NaN
32921,0.1350536295165825,0.030011917670351666,0.013880465760077718,118,0.8194444444444444,2891,93169235,0.004931454021880388,NaN
32931,0.1350536295165825,0.030011917670351666,0.013878383388865805,118,0.8194444444444444,2891,93198145,0.004931454021880388,NaN
32941,0.1350536295165825,0.030011917670351666,0.013876318128332272,118,0.8194444444444444,2891,93227055,0.004931454021880388,NaN
32951,0.1350536295165825,0.030011917670351666,0.013874269748253011,118,0.8194444444444444,2891,93255965,0.004931454021880388,NaN
32961,0.1350536295165825,0.030011917670351666,0.013872238025334344,118,0.8194444444444444,2891,93284875,0.004931454021880388,NaN
32971,0.1350536295165825,0.030011917670351666,0.013870222764765655,118,0.8194444444444444,2891,93313785,0.004931454021880388,NaN
32981,0.1350536295165825,0.030011917670351666,0.013868223729207275,118,0.8194444444444444,2891,93342695,0.004931454021880388,NaN
32991,0.1350536295165825,0.030011917670351666,0.013866240698125108,118,0.8194444444444444,2891,93371605,0.004931454021880388,NaN
33001,0.1350536295165825,0.030011917670351666,0.013864273447243872,118,0.8194444444444444,2891,93400515,0.004931454021880388,NaN
33011,0.1350536295165825,0.030011917670351666,0.013862321815868118,118,0.8194444444444444,2891,93429425,0.004931454021880388,NaN
33021,0.1350536295165825,0.030011917670351666,0.013860385544955051,118,0.8194444444444444,2891,93458335,0.004931454021880388,NaN
33031,0.1350536295165825,0.030011917670351666,0.013858464421859541,118,0.8194444444444444,2891,93487245,0.004931454021880388,NaN
33041,0.1350536295165825,0.030011917670351666,0.013856558301011112,118,0.8194444444444444,2891,93516155,0.004931454021880388,NaN
33051,0.1350536295165825,0.030011917670351666,0.013854666378730618,118,0.8194444444444444,2892,93545074,0.004931454021880388,NaN
33061,0.1350536295165825,0.030011917670351666,0.013852788950196296,118,0.8194444444444444,2892,93573994,0.004931454021880388,NaN
33071,0.1350536295165825,0.030011917670351666,0.013850925955462424,118,0.8194444444444444,2892,93602914,0.004931454021880388,NaN
33081,0.1350536295165825,0.030011917670351666,0.013849077179706997,118,0.8194444444444444,2892,93631834,0.004931454021880388,NaN
33091,0.1350536295165825,0.030011917670351666,0.013847242443820957,118,0.8194444444444444,2892,93660754,0.004931454021880388,NaN
33101,0.1350536295165825,0.030011917670351666,0.013845421602598064,118,0.8194444444444444,2892,93689674,0.004931454021880388,NaN
33111,0.1350536295165825,0.030011917670351666,0.013843614396097381,118,0.8194444444444444,2892,93718594,0.004931454021880388,NaN
33121,0.1350536295165825,0.030011917670351666,0.013841820724284038,118,0.8194444444444444,2892,93747514,0.004931454021880388,NaN
33131,0.1350536295165825,0.030011917670351666,0.013840040395381387,118,0.8194444444444444,2892,93776434,0.004931454021880388,NaN
33141,0.1350536295165825,0.030011917670351666,0.013838273228068602,118,0.8194444444444444,2892,93805354,0.004931454021880388,NaN
33151,0.1350536295165825,0.030011917670351666,0.013836519068603446,118,0.8194444444444444,2892,93834274,0.004931454021880388,NaN
33161,0.1350536295165825,0.030011917670351666,0.013834777804326879,118,0.8194444444444444,2892,93863194,0.004931454021880388,NaN
33171,0.1350536295165825,0.030011917670351666,0.013833049221822626,118,0.8194444444444444,2892,93892114,0.004931454021880388,NaN
33181,0.1350536295165825,0.030011917670351666,0.013831333199402591,118,0.8194444444444444,2892,93921034,0.004931454021880388,NaN
33191,0.1350536295165825,0.030011917670351666,0.013829629022779597,118,0.8194444444444444,2893,93949963,0.004931454021880388,NaN
33201,0.1350536295165825,0.030011917670351666,0.013827937057183848,118,0.8194444444444444,2893,93978893,0.004931454021880388,NaN
33211,0.1350536295165825,0.030011917670351666,0.013826257149112627,118,0.8194444444444444,2893,94007823,0.004931454021880388,NaN
33221,0.1350536295165825,0.030011917670351666,0.013824589243661731,118,0.8194444444444444,2893,94036753,0.004931454021880388,NaN
33231,0.1350536295165825,0.030011917670351666,0.013822933170374741,118,0.8194444444444444,2893,94065683,0.004931454021880388,NaN
33241,0.1350536295165825,0.030011917670351666,0.013821288758731344,118,0.8194444444444444,2893,94094613,0.004931454021880388,NaN
33251,0.1350536295165825,0.030011917670351666,0.013819655836824981,118,0.8194444444444444,2893,94123543,0.004931454021880388,NaN
33261,0.1350536295165825,0.030011917670351666,0.013818034334720074,118,0.8194444444444444,2893,94152473,0.004931454021880388,NaN
33271,0.1350536295165825,0.030011917670351666,0.013816424127088556,118,0.8194444444444444,2893,94181403,0.004931454021880388,NaN
33281,0.1350536295165825,0.030011917670351666,0.013814825034727897,118,0.8194444444444444,2893,94210333,0.004931454021880388,NaN
33291,0.1350536295165825,0.030011917670351666,0.013813236939121221,118,0.8194444444444444,2893,94239263,0.004931454021880388,NaN
33301,0.1350536295165825,0.030011917670351666,0.013811659764960005,118,0.8194444444444444,2893,94268193,0.004931454021880388,NaN
33311,0.1350536295165825,0.030011917670351666,0.013810093313974113,118,0.8194444444444444,2893,94297123,0.004931454021880388,NaN
33321,0.1350536295165825,0.030011917670351666,0.013808537496865978,118,0.8194444444444444,2893,94326053,0.004931454021880388,NaN
33331,0.1350536295165825,0.030011917670351666,0.013806991786336058,118,0.8194444444444444,2894,94354991,0.004931454021880388,NaN
33341,0.1350536295165825,0.030011917670351666,0.013805456330923354,118,0.8194444444444444,2894,94383931,0.004931454021880388,NaN
33351,0.1350536295165825,0.030011917670351666,0.013803931171081234,118,0.8194444444444444,2894,94412871,0.004931454021880388,NaN
33361,0.1350536295165825,0.030011917670351666,0.013802416176081841,118,0.8194444444444444,2894,94441811,0.004931454021880388,NaN
33371,0.1350536295165825,0.030011917670351666,0.013800911226937378,118,0.8194444444444444,2894,94470751,0.004931454021880388,NaN
33381,0.1350536295165825,0.030011917670351666,0.013799416211972358,118,0.8194444444444444,2894,94499691,0.004931454021880388,NaN
33391,0.1350536295165825,0.030011917670351666,0.013797931050537192,118,0.8194444444444444,2894,94528631,0.004931454021880388,NaN
33401,0.1350536295165825,0.030011917670351666,0.013796455605592457,118,0.8194444444444444,2894,94557571,0.004931454021880388,NaN
33411,0.1350536295165825,0.030011917670351666,0.013794989766835963,118,0.8194444444444444,2894,94586511,0.004931454021880388,NaN
33421,0.1350536295165825,0.030011917670351666,0.013793533447291423,118,0.8194444444444444,2894,94615451,0.004931454021880388,NaN
33431,0.1350536295165825,0.030011917670351666,0.013792086527130524,118,0.8194444444444444,2894,94644391,0.004931454021880388,NaN
33441,0.1350536295165825,0.030011917670351666,0.013790648911892085,118,0.8194444444444444,2894,94673331,0.004931454021880388,NaN
33451,0.1350536295165825,0.030011917670351666,0.013789220488660669,118,0.8194444444444444,2894,94702271,0.004931454021880388,NaN
33461,0.1350536295165825,0.030011917670351666,0.013787801161500026,118,0.8194444444444444,2894,94731211,0.004931454021880388,NaN
33471,0.1350536295165825,0.030011917670351666,0.013786390540588918,118,0.8194444444444444,2895,94760157,0.004931454021880388,NaN
33481,0.1350536295165825,0.030011917670351666,0.01378498866524178,118,0.8194444444444444,2895,94789107,0.004931454021880388,NaN
33491,0.1350536295165825,0.030011917670351666,0.013783595617023487,118,0.8194444444444444,2895,94818057,0.004931454021880388,NaN
33501,0.1350536295165825,0.030011917670351666,0.013782211347339847,118,0.8194444444444444,2895,94847007,0.004931454021880388,NaN
33511,0.1350536295165825,0.030011917670351666,0.013780835686260495,118,0.8194444444444444,2895,94875957,0.004931454021880388,NaN
33521,0.1350536295165825,0.030011917670351666,0.013779468590516448,118,0.8194444444444444,2895,94904907,0.004931454021880388,NaN
33531,0.1350536295165825,0.030011917670351666,0.013778109914378842,118,0.8194444444444444,2895,94933857,0.004931454021880388,NaN
33541,0.1350536295165825,0.030011917670351666,0.013776759639953933,118,0.8194444444444444,2895,94962807,0.004931454021880388,NaN
33551,0.1350536295165825,0.030011917670351666,0.013775417644422285,118,0.8194444444444444,2895,94991757,0.004931454021880388,NaN
33561,0.1350536295165825,0.030011917670351666,0.01377408385577946,118,0.8194444444444444,2895,95020707,0.004931454021880388,NaN
33571,0.1350536295165825,0.030011917670351666,0.013772758179872675,118,0.8194444444444444,2895,95049657,0.004931454021880388,NaN
33581,0.1350536295165825,0.030011917670351666,0.013771440534310776,118,0.8194444444444444,2895,95078607,0.004931454021880388,NaN
33591,0.1350536295165825,0.030011917670351666,0.013770130873220966,118,0.8194444444444444,2895,95107557,0.004931454021880388,NaN
33601,0.1350536295165825,0.030011917670351666,0.013768829063556622,118,0.8194444444444444,2895,95136507,0.004931454021880388,NaN
33611,0.1350536295165825,0.030011917670351666,0.013767534844308317,118,0.8194444444444444,2896,95165461,0.004931454021880388,NaN
33621,0.1350536295165825,0.030011917670351666,0.01376624808653159,118,0.8194444444444444,2896,95194421,0.004931454021880388,NaN
33631,0.1350536295165825,0.030011917670351666,0.01376496894576513,118,0.8194444444444444,2896,95223381,0.004931454021880388,NaN
33641,0.1350536295165825,0.030011917670351666,0.01376369740554994,118,0.8194444444444444,2896,95252341,0.004931454021880388,NaN
33651,0.1350536295165825,0.030011917670351666,0.013762433346843482,118,0.8194444444444444,2896,95281301,0.004931454021880388,NaN
33661,0.1350536295165825,0.030011917670351666,0.013761176666602055,118,0.8194444444444444,2896,95310261,0.004931454021880388,NaN
33671,0.1350536295165825,0.030011917670351666,0.013759927347333369,118,0.8194444444444444,2896,95339221,0.004931454021880388,NaN
33681,0.1350536295165825,0.030011917670351666,0.013758685334814598,118,0.8194444444444444,2896,95368181,0.004931454021880388,NaN
33691,0.1350536295165825,0.030011917670351666,0.013757450480482554,118,0.8194444444444444,2896,95397141,0.004931454021880388,NaN
33701,0.1350536295165825,0.030011917670351666,0.013756222808664433,118,0.8194444444444444,2896,95426101,0.004931454021880388,NaN
33711,0.1350536295165825,0.030011917670351666,0.01375500216124432,118,0.8194444444444444,2896,95455061,0.004931454021880388,NaN
33721,0.1350536295165825,0.030011917670351666,0.013753788498232458,118,0.8194444444444444,2896,95484021,0.004931454021880388,NaN
33731,0.1350536295165825,0.030011917670351666,0.01375258174380995,118,0.8194444444444444,2896,95512981,0.004931454021880388,NaN
33741,0.1350536295165825,0.030011917670351666,0.013751381895530216,118,0.8194444444444444,2896,95541941,0.004931454021880388,NaN
33751,0.1350536295165825,0.030011917670351666,0.013750188703206831,118,0.8194444444444444,2897,95570903,0.004931454021880388,NaN
33761,0.1350536295165825,0.030011917670351666,0.013749001981121167,118,0.8194444444444444,2897,95599873,0.004931454021880388,NaN
33771,0.1350536295165825,0.030011917670351666,0.013747821907241683,118,0.8194444444444444,2897,95628843,0.004931454021880388,NaN
33781,0.1350536295165825,0.030011917670351666,0.013746648439816506,118,0.8194444444444444,2897,95657813,0.004931454021880388,NaN
33791,0.1350536295165825,0.030011917670351666,0.01374548152438702,118,0.8194444444444444,2897,95686783,0.004931454021880388,NaN
33801,0.1350536295165825,0.030011917670351666,0.013744321088823244,118,0.8194444444444444,2897,95715753,0.004931454021880388,NaN
33811,0.1350536295165825,0.030011917670351666,0.013743167064226737,118,0.8194444444444444,2897,95744723,0.004931454021880388,NaN
33821,0.1350536295165825,0.030011917670351666,0.013742019409186028,118,0.8194444444444444,2897,95773693,0.004931454021880388,NaN
33831,0.1350536295165825,0.030011917670351666,0.013740878046973787,118,0.8194444444444444,2897,95802663,0.004931454021880388,NaN
33841,0.1350536295165825,0.030011917670351666,0.013739742949213552,118,0.8194444444444444,2897,95831633,0.004931454021880388,NaN
33851,0.1350536295165825,0.030011917670351666,0.01373861405798381,118,0.8194444444444444,2897,95860603,0.004931454021880388,NaN
33861,0.1350536295165825,0.030011917670351666,0.013737491291053639,118,0.8194444444444444,2897,95889573,0.004931454021880388,NaN
33871,0.1350536295165825,0.030011917670351666,0.01373637456741058,118,0.8194444444444444,2897,95918543,0.004931454021880388,NaN
33881,0.1350536295165825,0.030011917670351666,0.013735263852443046,118,0.8194444444444444,2897,95947513,0.004931454021880388,NaN
33891,0.1350536295165825,0.030011917670351666,0.013734159126279982,118,0.8194444444444444,2897,95976483,0.004931454021880388,NaN
33901,0.1350536295165825,0.030011917670351666,0.013733060009489102,118,0.8194444444444444,2898,96005461,0.004931454021880388,NaN
33911,0.1350536295165825,0.030011917670351666,0.013731966672318486,118,0.8194444444444444,2898,96034441,0.004931454021880388,NaN
33921,0.1350536295165825,0.030011917670351666,0.013730879135818897,118,0.8194444444444444,2898,96063421,0.004931454021880388,NaN
33931,0.1350536295165825,0.030011917670351666,0.013729797414352984,118,0.8194444444444444,2898,96092401,0.004931454021880388,NaN
33941,0.1350536295165825,0.030011917670351666,0.013728721389130585,118,0.8194444444444444,2898,96121381,0.004931454021880388,NaN
33951,0.1346842024769924,0.029891175568886777,0.013721311665283412,115,0.7986111111111112,2824,96150139,0.004931454021880388,NaN
33961,0.1329426689500953,0.029504704522866396,0.013699688010292739,115,0.7986111111111112,2824,96178379,0.004931454021880388,NaN
33971,0.1312388096988441,0.029130359788290722,0.013678905309627879,115,0.7986111111111112,2824,96206619,0.004931454021880388,NaN
33981,0.1296174650626942,0.02877112518199041,0.013658910659506007,115,0.7986111111111112,2824,96234859,0.004931454021880388,NaN
33991,0.12809231398437187,0.028430758778212294,0.01363965436620144,115,0.7986111111111112,2825,96263101,0.004931454021880388,NaN
34001,0.12658007101276397,0.028096860191031508,0.013621087582302217,115,0.7986111111111112,2825,96291351,0.004931454021880388,NaN
34011,0.1251184803971827,0.027771833324388675,0.013603174369927399,115,0.7986111111111112,2825,96319601,0.004931454021880388,NaN
34021,0.12370277617870555,0.0274594687882461,0.013585877553129337,115,0.7986111111111112,2825,96347851,0.004931454021880388,NaN
34031,0.1223548444560649,0.027162433692760633,0.0135691618238749,115,0.7986111111111112,2825,96376101,0.004931454021880388,NaN
34041,0.12104108993497881,0.026868782484999798,0.013552995652431565,115,0.7986111111111112,2825,96404351,0.004931454021880388,NaN
34051,0.11975228204266576,0.026583403423739545,0.013537349345238814,115,0.7986111111111112,2825,96432601,0.004931454021880388,NaN
34061,0.11848852252226202,0.026304765932958614,0.013522195538359079,115,0.7986111111111112,2825,96460851,0.004931454021880388,NaN
34071,0.1173094801700402,0.026043837706720873,0.013507509064035313,115,0.7986111111111112,2825,96489101,0.004931454021880388,NaN
34081,0.11615989714135412,0.025788973130520348,0.013493265919211116,115,0.7986111111111112,2825,96517351,0.004931454021880388,NaN
34091,0.11505331289309842,0.025542168416239002,0.013479443832184834,115,0.7986111111111112,2825,96545601,0.004931454021880388,NaN
34101,0.11395648690847594,0.025301255215273877,0.013466022477766857,115,0.7986111111111112,2825,96573851,0.004931454021880388,NaN
34111,0.11290061774404285,0.025065737076233854,0.01345298324374803,115,0.7986111111111112,2825,96602101,0.004931454021880388,NaN
34121,0.11186786787527264,0.024837075757373768,0.013440307875745926,115,0.7986111111111112,2825,96630351,0.004931454021880388,NaN
34131,0.11084983786284953,0.02461221276542922,0.013427979446298591,115,0.7986111111111112,2825,96658601,0.004931454021880388,NaN
34141,0.10991838038352221,0.024406123946049157,0.013415981451875626,115,0.7986111111111112,2826,96686855,0.004931454021880388,NaN
34151,0.1089684944447455,0.02419609874037096,0.013404297621825708,115,0.7986111111111112,2826,96715115,0.004931454021880388,NaN
34161,0.10803714128064047,0.02398888172428743,0.013392917318397264,115,0.7986111111111112,2826,96743375,0.004931454021880388,NaN
34171,0.10712903559095163,0.023786680326733176,0.013381826872105002,115,0.7986111111111112,2826,96771635,0.004931454021880388,NaN
34181,0.10627176657488775,0.02359703929798243,0.01337101496191202,115,0.7986111111111112,2826,96799895,0.004931454021880388,NaN
34191,0.10542871853867881,0.023410098204229502,0.01336046970673789,115,0.7986111111111112,2826,96828155,0.004931454021880388,NaN
34201,0.10460164041746017,0.023226536627738867,0.013350180050404628,115,0.7986111111111112,2826,96856415,0.004931454021880388,NaN
34211,0.10380675428499885,0.023049200297094057,0.013340136031320688,115,0.7986111111111112,2826,96884675,0.004931454021880388,NaN
34221,0.10301601490654413,0.022874366454954383,0.013330327731988584,115,0.7986111111111112,2826,96912935,0.004931454021880388,NaN
34231,0.10223625626662683,0.022701987856249616,0.013320746345755481,115,0.7986111111111112,2826,96941195,0.004931454021880388,NaN
34241,0.10147603946739757,0.022532255100267292,0.013311382981657327,115,0.7986111111111112,2826,96969455,0.004931454021880388,NaN
34251,0.10071556951762851,0.02236445863557,0.013302229361524762,115,0.7986111111111112,2826,96997715,0.004931454021880388,NaN
34261,0.09997232020545332,0.022200619390515444,0.013293277636873428,115,0.7986111111111112,2826,97025975,0.004931454021880388,NaN
34271,0.09926701344233409,0.022042710566223787,0.01328452095934436,115,0.7986111111111112,2826,97054235,0.004931454021880388,NaN
34281,0.09857147722394745,0.021890625543921086,0.013275952253108979,115,0.7986111111111112,2826,97082495,0.004931454021880388,NaN
34291,0.09790082496255255,0.021739932089097355,0.013267562814114831,115,0.7986111111111112,2827,97110760,0.004931454021880388,NaN
34301,0.09724229164351454,0.021593624067281637,0.013259346936106121,115,0.7986111111111112,2827,97139030,0.004931454021880388,NaN
34311,0.09657971585406434,0.021447282210337957,0.013251299829603944,115,0.7986111111111112,2827,97167300,0.004931454021880388,NaN
34321,0.09592972058671412,0.021303622269493474,0.01324341575114493,115,0.7986111111111112,2827,97195570,0.004931454021880388,NaN
34331,0.09528961569731308,0.021161233293284745,0.013235689370239797,115,0.7986111111111112,2827,97223840,0.004931454021880388,NaN
34341,0.09469335786910758,0.021029194574219503,0.01322811568771382,115,0.7986111111111112,2827,97252110,0.004931454021880388,NaN
34351,0.09408534818481631,0.020894951982713603,0.013220689252372991,115,0.7986111111111112,2827,97280380,0.004931454021880388,NaN
34361,0.09349713675047376,0.02076382050021772,0.013213405522690048,115,0.7986111111111112,2827,97308650,0.004931454021880388,NaN
34371,0.0929233261449359,0.02063742437064711,0.013206260070553746,115,0.7986111111111112,2827,97336920,0.004931454021880388,NaN
34381,0.09236274635932022,0.02051303990503091,0.013199248412128512,115,0.7986111111111112,2827,97365190,0.004931454021880388,NaN
34391,0.09180251275110037,0.020387685066888463,0.013192366311079614,115,0.7986111111111112,2827,97393460,0.004931454021880388,NaN
34401,0.09123854011929851,0.020262803969087372,0.013185609756842713,115,0.7986111111111112,2827,97421730,0.004931454021880388,NaN
34411,0.09069036154240272,0.020141482635881194,0.013178975356228702,115,0.7986111111111112,2827,97450000,0.004931454021880388,NaN
34421,0.09015662306565211,0.020023055097510047,0.013172459066440441,115,0.7986111111111112,2827,97478270,0.004931454021880388,NaN
34431,0.08962393771574537,0.01990612279651478,0.013166057386525827,115,0.7986111111111112,2827,97506540,0.004931454021880388,NaN
34441,0.08911642460615095,0.019791833272166014,0.013159765888814484,115,0.7986111111111112,2828,97534816,0.004931454021880388,NaN
34451,0.08860226024806984,0.01967812620967344,0.013153581741921948,115,0.7986111111111112,2828,97563096,0.004931454021880388,NaN
34461,0.08811011006837449,0.019568980989756436,0.013147502836260564,115,0.7986111111111112,2828,97591376,0.004931454021880388,NaN
34471,0.08761535520013661,0.01946007041096678,0.013141526126659954,115,0.7986111111111112,2828,97619656,0.004931454021880388,NaN
34481,0.0871485770439031,0.01935466198123222,0.013135648840718685,115,0.7986111111111112,2828,97647936,0.004931454021880388,NaN
34491,0.08695579278396594,0.019323509507547985,0.01312986826011675,115,0.7986111111111112,2828,97676216,0.004931454021880388,NaN
34501,0.08695579278396594,0.019323509507547985,0.013124181473407211,115,0.7986111111111112,2828,97704496,0.004931454021880388,NaN
34511,0.08695579278396594,0.019323509507547985,0.01311858613355613,115,0.7986111111111112,2828,97732776,0.004931454021880388,NaN
34521,0.08695579278396594,0.019323509507547985,0.013113079968128775,115,0.7986111111111112,2828,97761056,0.004931454021880388,NaN
34531,0.08695579278396594,0.019323509507547985,0.013107660343097663,115,0.7986111111111112,2828,97789336,0.004931454021880388,NaN
34541,0.08695579278396594,0.019323509507547985,0.013102325084110432,115,0.7986111111111112,2828,97817616,0.004931454021880388,NaN
34551,0.08695579278396594,0.019323509507547985,0.013097072045687407,115,0.7986111111111112,2828,97845896,0.004931454021880388,NaN
34561,0.08695579278396594,0.019323509507547985,0.013091899167513967,115,0.7986111111111112,2828,97874176,0.004931454021880388,NaN
34571,0.08695579278396594,0.019323509507547985,0.01308680434841075,115,0.7986111111111112,2828,97902456,0.004931454021880388,NaN
34581,0.08695579278396594,0.019323509507547985,0.013081785752698022,115,0.7986111111111112,2828,97930736,0.004931454021880388,NaN
34591,0.08695579278396594,0.019323509507547985,0.013076840238461774,115,0.7986111111111112,2829,97959022,0.004931454021880388,NaN
34601,0.08695579278396594,0.019323509507547985,0.013071966498499822,115,0.7986111111111112,2829,97987312,0.004931454021880388,NaN
34611,0.08695579278396594,0.019323509507547985,0.013067163443859742,115,0.7986111111111112,2829,98015602,0.004931454021880388,NaN
34621,0.08695579278396594,0.019323509507547985,0.013062429320626743,115,0.7986111111111112,2829,98043892,0.004931454021880388,NaN
34631,0.08695579278396594,0.019323509507547985,0.013057762561889855,115,0.7986111111111112,2829,98072182,0.004931454021880388,NaN
34641,0.08695579278396594,0.019323509507547985,0.013053161526421359,115,0.7986111111111112,2829,98100472,0.004931454021880388,NaN
34651,0.08695579278396594,0.019323509507547985,0.013048624775978408,115,0.7986111111111112,2829,98128762,0.004931454021880388,NaN
34661,0.08695579278396594,0.019323509507547985,0.013044150695957428,115,0.7986111111111112,2829,98157052,0.004931454021880388,NaN
34671,0.08695579278396594,0.019323509507547985,0.01303973793183361,115,0.7986111111111112,2829,98185342,0.004931454021880388,NaN
34681,0.08695579278396594,0.019323509507547985,0.013035385010736335,115,0.7986111111111112,2829,98213632,0.004931454021880388,NaN
34691,0.08695579278396594,0.019323509507547985,0.013031090682121773,115,0.7986111111111112,2829,98241922,0.004931454021880388,NaN
34701,0.08695579278396594,0.019323509507547985,0.013026853570571394,115,0.7986111111111112,2829,98270212,0.004931454021880388,NaN
34711,0.08695579278396594,0.019323509507547985,0.013022672426908983,115,0.7986111111111112,2829,98298502,0.004931454021880388,NaN
34721,0.08695579278396594,0.019323509507547985,0.013018545934390826,115,0.7986111111111112,2829,98326792,0.004931454021880388,NaN
34731,0.08695579278396594,0.019323509507547985,0.013014472979874445,115,0.7986111111111112,2829,98355082,0.004931454021880388,NaN
34741,0.08695579278396594,0.019323509507547985,0.013010451721028826,115,0.7986111111111112,2830,98383377,0.004931454021880388,NaN
34751,0.08695579278396594,0.019323509507547985,0.013006481008997138,115,0.7986111111111112,2830,98411677,0.004931454021880388,NaN
34761,0.08695579278396594,0.019323509507547985,0.013002560577473106,115,0.7986111111111112,2830,98439977,0.004931454021880388,NaN
34771,0.08695579278396594,0.019323509507547985,0.012998689214366248,115,0.7986111111111112,2830,98468277,0.004931454021880388,NaN
34781,0.08695579278396594,0.019323509507547985,0.01299486605381027,115,0.7986111111111112,2830,98496577,0.004931454021880388,NaN
34791,0.08695579278396594,0.019323509507547985,0.012991090022083967,115,0.7986111111111112,2830,98524877,0.004931454021880388,NaN
34801,0.08695579278396594,0.019323509507547985,0.012987360096621471,115,0.7986111111111112,2830,98553177,0.004931454021880388,NaN
34811,0.08695579278396594,0.019323509507547985,0.012983675353336912,115,0.7986111111111112,2830,98581477,0.004931454021880388,NaN
34821,0.08695579278396594,0.019323509507547985,0.012980035024267724,115,0.7986111111111112,2830,98609777,0.004931454021880388,NaN
34831,0.08695579278396594,0.019323509507547985,0.012976438025412021,115,0.7986111111111112,2830,98638077,0.004931454021880388,NaN
34841,0.08695579278396594,0.019323509507547985,0.012972883617934812,115,0.7986111111111112,2830,98666377,0.004931454021880388,NaN
34851,0.08695579278396594,0.019323509507547985,0.012969370930571877,115,0.7986111111111112,2830,98694677,0.004931454021880388,NaN
34861,0.08695579278396594,0.019323509507547985,0.012965899088693923,115,0.7986111111111112,2830,98722977,0.004931454021880388,NaN
34871,0.08695579278396594,0.019323509507547985,0.012962467390863298,115,0.7986111111111112,2830,98751277,0.004931454021880388,NaN
34881,0.08695579278396594,0.019323509507547985,0.01295907503063342,115,0.7986111111111112,2830,98779577,0.004931454021880388,NaN
34891,0.08695579278396594,0.019323509507547985,0.012955720790148392,115,0.7986111111111112,2831,98807881,0.004931454021880388,NaN
34901,0.08695579278396594,0.019323509507547985,0.012952403680184875,115,0.7986111111111112,2831,98836191,0.004931454021880388,NaN
34911,0.08695579278396594,0.019323509507547985,0.012949123804358427,115,0.7986111111111112,2831,98864501,0.004931454021880388,NaN
34921,0.08695579278396594,0.019323509507547985,0.012945880366870806,115,0.7986111111111112,2831,98892811,0.004931454021880388,NaN
34931,0.08695579278396594,0.019323509507547985,0.012942672757019555,115,0.7986111111111112,2831,98921121,0.004931454021880388,NaN
34941,0.08695579278396594,0.019323509507547985,0.012939500271703786,115,0.7986111111111112,2831,98949431,0.004931454021880388,NaN
34951,0.08695579278396594,0.019323509507547985,0.01293636226306588,115,0.7986111111111112,2831,98977741,0.004931454021880388,NaN
34961,0.08695579278396594,0.019323509507547985,0.012933258124523374,115,0.7986111111111112,2831,99006051,0.004931454021880388,NaN
34971,0.08695579278396594,0.019323509507547985,0.012930187248093913,115,0.7986111111111112,2831,99034361,0.004931454021880388,NaN
34981,0.08695579278396594,0.019323509507547985,0.012927149045551539,115,0.7986111111111112,2831,99062671,0.004931454021880388,NaN
34991,0.08695579278396594,0.019323509507547985,0.012924142948410823,115,0.7986111111111112,2831,99090981,0.004931454021880388,NaN
35001,0.08695579278396594,0.019323509507547985,0.012921168323253018,115,0.7986111111111112,2831,99119291,0.004931454021880388,NaN
35011,0.08695579278396594,0.019323509507547985,0.012918224669468667,115,0.7986111111111112,2831,99147601,0.004931454021880388,NaN
35021,0.08695579278396594,0.019323509507547985,0.012915311522795842,115,0.7986111111111112,2831,99175911,0.004931454021880388,NaN
35031,0.08695579278396594,0.019323509507547985,0.012912428300537312,115,0.7986111111111112,2831,99204221,0.004931454021880388,NaN
35041,0.08695579278396594,0.019323509507547985,0.012909574245053096,115,0.7986111111111112,2832,99232533,0.004931454021880388,NaN
35051,0.08695579278396594,0.019323509507547985,0.012906748301118267,115,0.7986111111111112,2832,99260853,0.004931454021880388,NaN
35061,0.08695579278396594,0.019323509507547985,0.012903950788369338,115,0.7986111111111112,2832,99289173,0.004931454021880388,NaN
35071,0.08695579278396594,0.019323509507547985,0.012901181199861457,115,0.7986111111111112,2832,99317493,0.004931454021880388,NaN
35081,0.08695579278396594,0.019323509507547985,0.012898439119709707,115,0.7986111111111112,2832,99345813,0.004931454021880388,NaN
35091,0.08695579278396594,0.019323509507547985,0.012895723999519139,115,0.7986111111111112,2832,99374133,0.004931454021880388,NaN
35101,0.08695579278396594,0.019323509507547985,0.012893035483797097,115,0.7986111111111112,2832,99402453,0.004931454021880388,NaN
35111,0.08695579278396594,0.019323509507547985,0.012890373121369604,115,0.7986111111111112,2832,99430773,0.004931454021880388,NaN
35121,0.08695579278396594,0.019323509507547985,0.012887736472672955,115,0.7986111111111112,2832,99459093,0.004931454021880388,NaN
35131,0.08695579278396594,0.019323509507547985,0.012885125206913666,115,0.7986111111111112,2832,99487413,0.004931454021880388,NaN
35141,0.08695579278396594,0.019323509507547985,0.01288253884169132,115,0.7986111111111112,2832,99515733,0.004931454021880388,NaN
35151,0.08695579278396594,0.019323509507547985,0.01287997697065296,115,0.7986111111111112,2832,99544053,0.004931454021880388,NaN
35161,0.08695579278396594,0.019323509507547985,0.012877439197512877,115,0.7986111111111112,2832,99572373,0.004931454021880388,NaN
35171,0.08695579278396594,0.019323509507547985,0.012874925203472056,115,0.7986111111111112,2832,99600693,0.004931454021880388,NaN
35181,0.08695579278396594,0.019323509507547985,0.012872434565024893,115,0.7986111111111112,2832,99629013,0.004931454021880388,NaN
35191,0.08695579278396594,0.019323509507547985,0.012869966904891826,115,0.7986111111111112,2832,99657333,0.004931454021880388,NaN
35201,0.08695579278396594,0.019323509507547985,0.012867521194685393,115,0.7986111111111112,2833,99685662,0.004931454021880388,NaN
35211,0.08695579278396594,0.019323509507547985,0.012865097627471095,115,0.7986111111111112,2833,99713992,0.004931454021880388,NaN
35221,0.08695579278396594,0.019323509507547985,0.012862696098839645,115,0.7986111111111112,2833,99742322,0.004931454021880388,NaN
35231,0.08695579278396594,0.019323509507547985,0.01286031622543141,115,0.7986111111111112,2833,99770652,0.004931454021880388,NaN
35241,0.08695579278396594,0.019323509507547985,0.012857957653392517,115,0.7986111111111112,2833,99798982,0.004931454021880388,NaN
35251,0.08695579278396594,0.019323509507547985,0.012855620087365007,115,0.7986111111111112,2833,99827312,0.004931454021880388,NaN
35261,0.08695579278396594,0.019323509507547985,0.012853303203513534,115,0.7986111111111112,2833,99855642,0.004931454021880388,NaN
35271,0.08695579278396594,0.019323509507547985,0.012851006697157158,115,0.7986111111111112,2833,99883972,0.004931454021880388,NaN
35281,0.08695579278396594,0.019323509507547985,0.012848730252567142,115,0.7986111111111112,2833,99912302,0.004931454021880388,NaN
35291,0.08695579278396594,0.019323509507547985,0.012846473640458685,115,0.7986111111111112,2833,99940632,0.004931454021880388,NaN
35301,0.08695579278396594,0.019323509507547985,0.012844236541719865,115,0.7986111111111112,2833,99968962,0.004931454021880388,NaN
35311,0.08695579278396594,0.019323509507547985,0.012842018682963752,115,0.7986111111111112,2833,99997292,0.004931454021880388,NaN
35321,0.08695579278396594,0.019323509507547985,0.012839819758551122,115,0.7986111111111112,2833,100025622,0.004931454021880388,NaN
35331,0.08695579278396594,0.019323509507547985,0.012837639519426668,115,0.7986111111111112,2833,100053952,0.004931454021880388,NaN
35341,0.08695579278396594,0.019323509507547985,0.012835477683543001,115,0.7986111111111112,2833,100082282,0.004931454021880388,NaN
35351,0.08695579278396594,0.019323509507547985,0.012833333563203105,115,0.7986111111111112,2834,100110618,0.004931454021880388,NaN
35361,0.08695579278396594,0.019323509507547985,0.012831207058408456,115,0.7986111111111112,2834,100138958,0.004931454021880388,NaN
35371,0.08695579278396594,0.019323509507547985,0.012829098195269919,115,0.7986111111111112,2834,100167298,0.004931454021880388,NaN
35381,0.08695579278396594,0.019323509507547985,0.01282700674348291,115,0.7986111111111112,2834,100195638,0.004931454021880388,NaN
35391,0.08695579278396594,0.019323509507547985,0.012824932432827486,115,0.7986111111111112,2834,100223978,0.004931454021880388,NaN
35401,0.08695579278396594,0.019323509507547985,0.012822875076404044,115,0.7986111111111112,2834,100252318,0.004931454021880388,NaN
35411,0.08695579278396594,0.019323509507547985,0.012820834429820759,115,0.7986111111111112,2834,100280658,0.004931454021880388,NaN
35421,0.08695579278396594,0.019323509507547985,0.012818810286889118,115,0.7986111111111112,2834,100308998,0.004931454021880388,NaN
35431,0.08695579278396594,0.019323509507547985,0.012816802362695985,115,0.7986111111111112,2834,100337338,0.004931454021880388,NaN
35441,0.08695579278396594,0.019323509507547985,0.012814810490091158,115,0.7986111111111112,2834,100365678,0.004931454021880388,NaN
35451,0.08695579278396594,0.019323509507547985,0.012812834473551294,115,0.7986111111111112,2834,100394018,0.004931454021880388,NaN
35461,0.08695579278396594,0.019323509507547985,0.012810874027724965,115,0.7986111111111112,2834,100422358,0.004931454021880388,NaN
35471,0.08695579278396594,0.019323509507547985,0.01280892901792624,115,0.7986111111111112,2834,100450698,0.004931454021880388,NaN
35481,0.08695579278396594,0.019323509507547985,0.012806999224269288,115,0.7986111111111112,2834,100479038,0.004931454021880388,NaN
35491,0.08695579278396594,0.019323509507547985,0.012805084434905004,115,0.7986111111111112,2834,100507378,0.004931454021880388,NaN
35501,0.08695579278396594,0.019323509507547985,0.012803184284527036,115,0.7986111111111112,2835,100535720,0.004931454021880388,NaN
35511,0.08695579278396594,0.019323509507547985,0.012801298226993711,115,0.7986111111111112,2835,100564070,0.004931454021880388,NaN
35521,0.08695579278396594,0.019323509507547985,0.012799426642781421,115,0.7986111111111112,2835,100592420,0.004931454021880388,NaN
35531,0.08695579278396594,0.019323509507547985,0.012797569316581107,115,0.7986111111111112,2835,100620770,0.004931454021880388,NaN
35541,0.08695579278396594,0.019323509507547985,0.012795726050522432,115,0.7986111111111112,2835,100649120,0.004931454021880388,NaN
35551,0.08695579278396594,0.019323509507547985,0.012793896674853818,115,0.7986111111111112,2835,100677470,0.004931454021880388,NaN
35561,0.08695579278396594,0.019323509507547985,0.012792081039237839,115,0.7986111111111112,2835,100705820,0.004931454021880388,NaN
35571,0.08695579278396594,0.019323509507547985,0.01279027896971956,115,0.7986111111111112,2835,100734170,0.004931454021880388,NaN
35581,0.08695579278396594,0.019323509507547985,0.01278849026273219,115,0.7986111111111112,2835,100762520,0.004931454021880388,NaN
35591,0.08695579278396594,0.019323509507547985,0.012786714779198178,115,0.7986111111111112,2835,100790870,0.004931454021880388,NaN
35601,0.08695579278396594,0.019323509507547985,0.012784952328554977,115,0.7986111111111112,2835,100819220,0.004931454021880388,NaN
35611,0.08695579278396594,0.019323509507547985,0.012783202811855514,115,0.7986111111111112,2835,100847570,0.004931454021880388,NaN
35621,0.08695579278396594,0.019323509507547985,0.012781466026093214,115,0.7986111111111112,2835,100875920,0.004931454021880388,NaN
35631,0.08695579278396594,0.019323509507547985,0.012779741767499533,115,0.7986111111111112,2835,100904270,0.004931454021880388,NaN
35641,0.08695579278396594,0.019323509507547985,0.012778029980212855,115,0.7986111111111112,2835,100932620,0.004931454021880388,NaN
35651,0.08695579278396594,0.019323509507547985,0.012776330435612002,115,0.7986111111111112,2835,100960970,0.004931454021880388,NaN
35661,0.08695579278396594,0.019323509507547985,0.012774642594400906,115,0.7986111111111112,2836,100989327,0.004931454021880388,NaN
35671,0.08695579278396594,0.019323509507547985,0.012772966578409262,115,0.7986111111111112,2836,101017687,0.004931454021880388,NaN
35681,0.08695579278396594,0.019323509507547985,0.012771302404607606,115,0.7986111111111112,2836,101046047,0.004931454021880388,NaN
35691,0.08695579278396594,0.019323509507547985,0.012769649942304938,115,0.7986111111111112,2836,101074407,0.004931454021880388,NaN
35701,0.08695579278396594,0.019323509507547985,0.012768009083125266,115,0.7986111111111112,2836,101102767,0.004931454021880388,NaN
35711,0.08695579278396594,0.019323509507547985,0.012766379617086387,115,0.7986111111111112,2836,101131127,0.004931454021880388,NaN
35721,0.08695579278396594,0.019323509507547985,0.012764761449625656,115,0.7986111111111112,2836,101159487,0.004931454021880388,NaN
35731,0.08695579278396594,0.019323509507547985,0.012763154449082567,115,0.7986111111111112,2836,101187847,0.004931454021880388,NaN
35741,0.08695579278396594,0.019323509507547985,0.01276155850800257,115,0.7986111111111112,2836,101216207,0.004931454021880388,NaN
35751,0.08695579278396594,0.019323509507547985,0.012759973505545431,115,0.7986111111111112,2836,101244567,0.004931454021880388,NaN
35761,0.08695579278396594,0.019323509507547985,0.012758399255606102,115,0.7986111111111112,2836,101272927,0.004931454021880388,NaN
35771,0.08695579278396594,0.019323509507547985,0.01275683569285522,115,0.7986111111111112,2836,101301287,0.004931454021880388,NaN
35781,0.08695579278396594,0.019323509507547985,0.012755282652063256,115,0.7986111111111112,2836,101329647,0.004931454021880388,NaN
35791,0.08695579278396594,0.019323509507547985,0.012753740011419162,115,0.7986111111111112,2836,101358007,0.004931454021880388,NaN
35801,0.08695579278396594,0.019323509507547985,0.012752207703773543,115,0.7986111111111112,2836,101386367,0.004931454021880388,NaN
35811,0.08695579278396594,0.019323509507547985,0.012750685508657846,115,0.7986111111111112,2837,101414729,0.004931454021880388,NaN
35821,0.08695579278396594,0.019323509507547985,0.01274917298488911,115,0.7986111111111112,2837,101443099,0.004931454021880388,NaN
35831,0.08695579278396594,0.019323509507547985,0.012747670418454237,115,0.7986111111111112,2837,101471469,0.004931454021880388,NaN
35841,0.08695579278396594,0.019323509507547985,0.012746177712807732,115,0.7986111111111112,2837,101499839,0.004931454021880388,NaN
35851,0.08695579278396594,0.019323509507547985,0.012744694748864206,115,0.7986111111111112,2837,101528209,0.004931454021880388,NaN
35861,0.08695579278396594,0.019323509507547985,0.012743221451905656,115,0.7986111111111112,2837,101556579,0.004931454021880388,NaN
35871,0.08695579278396594,0.019323509507547985,0.01274175770468068,115,0.7986111111111112,2837,101584949,0.004931454021880388,NaN
35881,0.08695579278396594,0.019323509507547985,0.012740303395544276,115,0.7986111111111112,2837,101613319,0.004931454021880388,NaN
35891,0.08695579278396594,0.019323509507547985,0.012738858418879466,115,0.7986111111111112,2837,101641689,0.004931454021880388,NaN
35901,0.08695579278396594,0.019323509507547985,0.012737422674167793,115,0.7986111111111112,2837,101670059,0.004931454021880388,NaN
35911,0.08695579278396594,0.019323509507547985,0.012735996096026025,115,0.7986111111111112,2837,101698429,0.004931454021880388,NaN
35921,0.08695579278396594,0.019323509507547985,0.012734578550141422,115,0.7986111111111112,2837,101726799,0.004931454021880388,NaN
35931,0.08695579278396594,0.019323509507547985,0.012733169932571443,115,0.7986111111111112,2837,101755169,0.004931454021880388,NaN
35941,0.08695579278396594,0.019323509507547985,0.012731770170247602,115,0.7986111111111112,2837,101783539,0.004931454021880388,NaN
35951,0.08695579278396594,0.019323509507547985,0.01273037917296302,115,0.7986111111111112,2837,101811909,0.004931454021880388,NaN
35961,0.08695579278396594,0.019323509507547985,0.012728996860936091,115,0.7986111111111112,2837,101840279,0.004931454021880388,NaN
35971,0.08695579278396594,0.019323509507547985,0.012727622817462352,115,0.7986111111111112,2838,101868655,0.004931454021880388,NaN
35981,0.08695579278396594,0.019323509507547985,0.012726257069107433,115,0.7986111111111112,2838,101897035,0.004931454021880388,NaN
35991,0.08695579278396594,0.019323509507547985,0.012724899749113231,115,0.7986111111111112,2838,101925415,0.004931454021880388,NaN
36001,0.08695579278396594,0.019323509507547985,0.01272355072942901,115,0.7986111111111112,2838,101953795,0.004931454021880388,NaN
36011,0.08695579278396594,0.019323509507547985,0.012722209947521634,115,0.7986111111111112,2838,101982175,0.004931454021880388,NaN
36021,0.08695579278396594,0.019323509507547985,0.012720877278861764,115,0.7986111111111112,2838,102010555,0.004931454021880388,NaN
36031,0.08695579278396594,0.019323509507547985,0.012719552717295501,115,0.7986111111111112,2838,102038935,0.004931454021880388,NaN
36041,0.08695579278396594,0.019323509507547985,0.012718236127887443,115,0.7986111111111112,2838,102067315,0.004931454021880388,NaN
36051,0.08695579278396594,0.019323509507547985,0.012716927446978547,115,0.7986111111111112,2838,102095695,0.004931454021880388,NaN
36061,0.08695579278396594,0.019323509507547985,0.012715626591995413,115,0.7986111111111112,2838,102124075,0.004931454021880388,NaN
36071,0.08695579278396594,0.019323509507547985,0.012714333490193824,115,0.7986111111111112,2838,102152455,0.004931454021880388,NaN
36081,0.08695579278396594,0.019323509507547985,0.012713048028951759,115,0.7986111111111112,2838,102180835,0.004931454021880388,NaN
36091,0.08695579278396594,0.019323509507547985,0.012711770161824325,115,0.7986111111111112,2838,102209215,0.004931454021880388,NaN
36101,0.08695579278396594,0.019323509507547985,0.012710499813336116,115,0.7986111111111112,2838,102237595,0.004931454021880388,NaN
36111,0.08695579278396594,0.019323509507547985,0.012709236912636817,115,0.7986111111111112,2838,102265975,0.004931454021880388,NaN
36121,0.08695579278396594,0.019323509507547985,0.012707981382455292,115,0.7986111111111112,2838,102294355,0.004931454021880388,NaN
36131,0.08695579278396594,0.019323509507547985,0.012706732759591007,115,0.7986111111111112,2839,102322744,0.004931454021880388,NaN
36141,0.08695579278396594,0.019323509507547985,0.0127054913173512,115,0.7986111111111112,2839,102351134,0.004931454021880388,NaN
36151,0.08695579278396594,0.019323509507547985,0.012704257038620125,115,0.7986111111111112,2839,102379524,0.004931454021880388,NaN
36161,0.08695579278396594,0.019323509507547985,0.012703029862399413,115,0.7986111111111112,2839,102407914,0.004931454021880388,NaN
36171,0.08695579278396594,0.019323509507547985,0.01270180967727824,115,0.7986111111111112,2839,102436304,0.004931454021880388,NaN
36181,0.08695579278396594,0.019323509507547985,0.012700596457746759,115,0.7986111111111112,2839,102464694,0.004931454021880388,NaN
36191,0.08695579278396594,0.019323509507547985,0.012699390135055512,115,0.7986111111111112,2839,102493084,0.004931454021880388,NaN
36201,0.08695579278396594,0.019323509507547985,0.012698190649838422,115,0.7986111111111112,2839,102521474,0.004931454021880388,NaN
36211,0.08695579278396594,0.019323509507547985,0.012696997891107628,115,0.7986111111111112,2839,102549864,0.004931454021880388,NaN
36221,0.08695579278396594,0.019323509507547985,0.01269581185761802,115,0.7986111111111112,2839,102578254,0.004931454021880388,NaN
36231,0.08695579278396594,0.019323509507547985,0.012694632436351235,115,0.7986111111111112,2839,102606644,0.004931454021880388,NaN
36241,0.08695579278396594,0.019323509507547985,0.012693459590543583,115,0.7986111111111112,2839,102635034,0.004931454021880388,NaN
36251,0.08695579278396594,0.019323509507547985,0.012692293275364072,115,0.7986111111111112,2839,102663424,0.004931454021880388,NaN
36261,0.08695579278396594,0.019323509507547985,0.012691133407715495,115,0.7986111111111112,2839,102691814,0.004931454021880388,NaN
36271,0.08695579278396594,0.019323509507547985,0.01268997991194437,115,0.7986111111111112,2839,102720204,0.004931454021880388,NaN
36281,0.08695579278396594,0.019323509507547985,0.012688832693697484,115,0.7986111111111112,2840,102748595,0.004931454021880388,NaN
36291,0.08695579278396594,0.019323509507547985,0.012687691391502201,115,0.7986111111111112,2840,102776995,0.004931454021880388,NaN
36301,0.08695579278396594,0.019323509507547985,0.012686556322484771,115,0.7986111111111112,2840,102805395,0.004931454021880388,NaN
36311,0.08695579278396594,0.019323509507547985,0.012685427425782873,115,0.7986111111111112,2840,102833795,0.004931454021880388,NaN
36321,0.08695579278396594,0.019323509507547985,0.012684304605261803,115,0.7986111111111112,2840,102862195,0.004931454021880388,NaN
36331,0.08695579278396594,0.019323509507547985,0.012683187822129103,115,0.7986111111111112,2840,102890595,0.004931454021880388,NaN
36341,0.08695579278396594,0.019323509507547985,0.012682077063743701,115,0.7986111111111112,2840,102918995,0.004931454021880388,NaN
36351,0.08695579278396594,0.019323509507547985,0.0126809722554615,115,0.7986111111111112,2840,102947395,0.004931454021880388,NaN
36361,0.08695579278396594,0.019323509507547985,0.012679873311582178,115,0.7986111111111112,2840,102975795,0.004931454021880388,NaN
36371,0.08695579278396594,0.019323509507547985,0.012678780210763997,115,0.7986111111111112,2840,103004195,0.004931454021880388,NaN
36381,0.08695579278396594,0.019323509507547985,0.012677692888363906,115,0.7986111111111112,2840,103032595,0.004931454021880388,NaN
36391,0.08695579278396594,0.019323509507547985,0.012676611286644518,115,0.7986111111111112,2840,103060995,0.004931454021880388,NaN
36401,0.08695579278396594,0.019323509507547985,0.012675535386617946,115,0.7986111111111112,2840,103089395,0.004931454021880388,NaN
36411,0.08695579278396594,0.019323509507547985,0.012674465112464749,115,0.7986111111111112,2840,103117795,0.004931454021880388,NaN
36421,0.08695579278396594,0.019323509507547985,0.01267340042150882,115,0.7986111111111112,2840,103146195,0.004931454021880388,NaN
36431,0.08695579278396594,0.019323509507547985,0.012672341293645162,115,0.7986111111111112,2840,103174595,0.004931454021880388,NaN
36441,0.08695579278396594,0.019323509507547985,0.012671287497008878,115,0.7986111111111112,2841,103202998,0.004931454021880388,NaN
36451,0.08691045749780146,0.019313434999511436,0.012668175030279274,114,0.7916666666666666,2816,103231308,0.004931454021880388,NaN
36461,0.08691045749780146,0.019313434999511436,0.012662047988339451,114,0.7916666666666666,2816,103259468,0.004931454021880388,NaN
36471,0.08691045749780146,0.019313434999511436,0.012656017013962724,114,0.7916666666666666,2816,103287628,0.004931454021880388,NaN
36481,0.08691045749780146,0.019313434999511436,0.012650083691325429,114,0.7916666666666666,2816,103315788,0.004931454021880388,NaN
36491,0.08691045749780146,0.019313434999511436,0.01264424284787185,114,0.7916666666666666,2816,103343948,0.004931454021880388,NaN
36501,0.08691045749780146,0.019313434999511436,0.012638489412591294,114,0.7916666666666666,2816,103372108,0.004931454021880388,NaN
36511,0.08691045749780146,0.019313434999511436,0.012632822170591551,114,0.7916666666666666,2816,103400268,0.004931454021880388,NaN
36521,0.08691045749780146,0.019313434999511436,0.01262724807179502,114,0.7916666666666666,2816,103428428,0.004931454021880388,NaN
36531,0.08691045749780146,0.019313434999511436,0.01262175883624064,114,0.7916666666666666,2816,103456588,0.004931454021880388,NaN
36541,0.08691045749780146,0.019313434999511436,0.012616351529082588,114,0.7916666666666666,2816,103484748,0.004931454021880388,NaN
36551,0.08691045749780146,0.019313434999511436,0.012611024258345583,114,0.7916666666666666,2817,103512910,0.004931454021880388,NaN
36561,0.08691045749780146,0.019313434999511436,0.012605771074514346,114,0.7916666666666666,2817,103541080,0.004931454021880388,NaN
36571,0.08691045749780146,0.019313434999511436,0.012600598857597066,114,0.7916666666666666,2817,103569250,0.004931454021880388,NaN
36581,0.08691045749780146,0.019313434999511436,0.012595494836323263,114,0.7916666666666666,2817,103597420,0.004931454021880388,NaN
36591,0.08691045749780146,0.019313434999511436,0.012590468106777471,114,0.7916666666666666,2817,103625590,0.004931454021880388,NaN
36601,0.08691045749780146,0.019313434999511436,0.01258550601316084,114,0.7916666666666666,2817,103653760,0.004931454021880388,NaN
36611,0.08691045749780146,0.019313434999511436,0.012580612914341031,114,0.7916666666666666,2817,103681930,0.004931454021880388,NaN
36621,0.08691045749780146,0.019313434999511436,0.012575789986017195,114,0.7916666666666666,2817,103710100,0.004931454021880388,NaN
36631,0.08691045749780146,0.019313434999511436,0.01257103446358639,114,0.7916666666666666,2817,103738270,0.004931454021880388,NaN
36641,0.08691045749780146,0.019313434999511436,0.012566343055746505,114,0.7916666666666666,2817,103766440,0.004931454021880388,NaN
36651,0.08691045749780146,0.019313434999511436,0.01256171527801708,114,0.7916666666666666,2817,103794610,0.004931454021880388,NaN
36661,0.08691045749780146,0.019313434999511436,0.012557148343007156,114,0.7916666666666666,2817,103822780,0.004931454021880388,NaN
36671,0.08691045749780146,0.019313434999511436,0.012552639079357393,114,0.7916666666666666,2817,103850950,0.004931454021880388,NaN
36681,0.08691045749780146,0.019313434999511436,0.012548191499309443,114,0.7916666666666666,2817,103879120,0.004931454021880388,NaN
36691,0.08691045749780146,0.019313434999511436,0.012543801097361567,114,0.7916666666666666,2817,103907290,0.004931454021880388,NaN
36701,0.08691045749780146,0.019313434999511436,0.012539467386684931,114,0.7916666666666666,2817,103935460,0.004931454021880388,NaN
36711,0.08691045749780146,0.019313434999511436,0.01253518779397884,114,0.7916666666666666,2818,103963631,0.004931454021880388,NaN
36721,0.08691045749780146,0.019313434999511436,0.012530959402349384,114,0.7916666666666666,2818,103991811,0.004931454021880388,NaN
36731,0.08691045749780146,0.019313434999511436,0.012526785471960006,114,0.7916666666666666,2818,104019991,0.004931454021880388,NaN
36741,0.08691045749780146,0.019313434999511436,0.012522662929801573,114,0.7916666666666666,2818,104048171,0.004931454021880388,NaN
36751,0.08691045749780146,0.019313434999511436,0.012518591760258034,114,0.7916666666666666,2818,104076351,0.004931454021880388,NaN
36761,0.08691045749780146,0.019313434999511436,0.012514568112607925,114,0.7916666666666666,2818,104104531,0.004931454021880388,NaN
36771,0.08691045749780146,0.019313434999511436,0.012510594487110222,114,0.7916666666666666,2818,104132711,0.004931454021880388,NaN
36781,0.08691045749780146,0.019313434999511436,0.012506667019648423,114,0.7916666666666666,2818,104160891,0.004931454021880388,NaN
36791,0.08691045749780146,0.019313434999511436,0.012502784810803273,114,0.7916666666666666,2818,104189071,0.004931454021880388,NaN
36801,0.08691045749780146,0.019313434999511436,0.012498951008795754,114,0.7916666666666666,2818,104217251,0.004931454021880388,NaN
36811,0.08691045749780146,0.019313434999511436,0.012495160303272246,114,0.7916666666666666,2818,104245431,0.004931454021880388,NaN
36821,0.08691045749780146,0.019313434999511436,0.012491416495899904,114,0.7916666666666666,2818,104273611,0.004931454021880388,NaN
36831,0.08691045749780146,0.019313434999511436,0.012487714495251,114,0.7916666666666666,2818,104301791,0.004931454021880388,NaN
36841,0.08691045749780146,0.019313434999511436,0.012484054774959626,114,0.7916666666666666,2818,104329971,0.004931454021880388,NaN
36851,0.08691045749780146,0.019313434999511436,0.012480438738993438,114,0.7916666666666666,2818,104358151,0.004931454021880388,NaN
36861,0.08691045749780146,0.019313434999511436,0.01247686038079596,114,0.7916666666666666,2818,104386331,0.004931454021880388,NaN
36871,0.08691045749780146,0.019313434999511436,0.012473322458865517,114,0.7916666666666666,2818,104414511,0.004931454021880388,NaN
36881,0.08691045749780146,0.019313434999511436,0.012469823672378226,114,0.7916666666666666,2819,104442701,0.004931454021880388,NaN
36891,0.08691045749780146,0.019313434999511436,0.012466365220197678,114,0.7916666666666666,2819,104470891,0.004931454021880388,NaN
36901,0.08691045749780146,0.019313434999511436,0.012462939121644739,114,0.7916666666666666,2819,104499081,0.004931454021880388,NaN
36911,0.08691045749780146,0.019313434999511436,0.012459552124081879,114,0.7916666666666666,2819,104527271,0.004931454021880388,NaN
36921,0.08691045749780146,0.019313434999511436,0.012456200126091962,114,0.7916666666666666,2819,104555461,0.004931454021880388,NaN
36931,0.08691045749780146,0.019313434999511436,0.012452887007845116,114,0.7916666666666666,2819,104583651,0.004931454021880388,NaN
36941,0.08691045749780146,0.019313434999511436,0.01244960786805121,114,0.7916666666666666,2819,104611841,0.004931454021880388,NaN
36951,0.08691045749780146,0.019313434999511436,0.012446363672584775,114,0.7916666666666666,2819,104640031,0.004931454021880388,NaN
36961,0.08691045749780146,0.019313434999511436,0.012443154347910558,114,0.7916666666666666,2819,104668221,0.004931454021880388,NaN
36971,0.08691045749780146,0.019313434999511436,0.01243997785240743,114,0.7916666666666666,2819,104696411,0.004931454021880388,NaN
36981,0.08691045749780146,0.019313434999511436,0.0124368346411887,114,0.7916666666666666,2819,104724601,0.004931454021880388,NaN
36991,0.08691045749780146,0.019313434999511436,0.012433721146642315,114,0.7916666666666666,2819,104752791,0.004931454021880388,NaN
37001,0.08691045749780146,0.019313434999511436,0.012430640251291125,114,0.7916666666666666,2819,104780981,0.004931454021880388,NaN
37011,0.08691045749780146,0.019313434999511436,0.012427589235756915,114,0.7916666666666666,2819,104809171,0.004931454021880388,NaN
37021,0.08691045749780146,0.019313434999511436,0.012424572266383481,114,0.7916666666666666,2819,104837361,0.004931454021880388,NaN
37031,0.08691045749780146,0.019313434999511436,0.012421586372898214,114,0.7916666666666666,2819,104865551,0.004931454021880388,NaN
37041,0.08691045749780146,0.019313434999511436,0.012418628895809278,114,0.7916666666666666,2820,104893749,0.004931454021880388,NaN
37051,0.08691045749780146,0.019313434999511436,0.012415700395665315,114,0.7916666666666666,2820,104921949,0.004931454021880388,NaN
37061,0.08691045749780146,0.019313434999511436,0.012412798292210698,114,0.7916666666666666,2820,104950149,0.004931454021880388,NaN
37071,0.08691045749780146,0.019313434999511436,0.012409923626229613,114,0.7916666666666666,2820,104978349,0.004931454021880388,NaN
37081,0.08691045749780146,0.019313434999511436,0.012407077506154197,114,0.7916666666666666,2820,105006549,0.004931454021880388,NaN
37091,0.08691045749780146,0.019313434999511436,0.012404259456260001,114,0.7916666666666666,2820,105034749,0.004931454021880388,NaN
37101,0.08691045749780146,0.019313434999511436,0.012401469211177444,114,0.7916666666666666,2820,105062949,0.004931454021880388,NaN
37111,0.08691045749780146,0.019313434999511436,0.012398702387549672,114,0.7916666666666666,2820,105091149,0.004931454021880388,NaN
37121,0.08691045749780146,0.019313434999511436,0.012395960745444638,114,0.7916666666666666,2820,105119349,0.004931454021880388,NaN
37131,0.08691045749780146,0.019313434999511436,0.012393246271767001,114,0.7916666666666666,2820,105147549,0.004931454021880388,NaN
37141,0.08691045749780146,0.019313434999511436,0.012390558782504838,114,0.7916666666666666,2820,105175749,0.004931454021880388,NaN
37151,0.08691045749780146,0.019313434999511436,0.01238789563578956,114,0.7916666666666666,2820,105203949,0.004931454021880388,NaN
37161,0.08691045749780146,0.019313434999511436,0.012385254997017339,114,0.7916666666666666,2820,105232149,0.004931454021880388,NaN
37171,0.08691045749780146,0.019313434999511436,0.012382640921961336,114,0.7916666666666666,2820,105260349,0.004931454021880388,NaN
37181,0.08691045749780146,0.019313434999511436,0.012380049957808842,114,0.7916666666666666,2820,105288549,0.004931454021880388,NaN
37191,0.08691045749780146,0.019313434999511436,0.012377479994366312,114,0.7916666666666666,2820,105316749,0.004931454021880388,NaN
37201,0.08691045749780146,0.019313434999511436,0.012374937444140633,114,0.7916666666666666,2821,105344954,0.004931454021880388,NaN
37211,0.08691045749780146,0.019313434999511436,0.012372413564719971,114,0.7916666666666666,2821,105373164,0.004931454021880388,NaN
37221,0.08691045749780146,0.019313434999511436,0.012369909825869023,114,0.7916666666666666,2821,105401374,0.004931454021880388,NaN
37231,0.08691045749780146,0.019313434999511436,0.012367427313489901,114,0.7916666666666666,2821,105429584,0.004931454021880388,NaN
37241,0.08691045749780146,0.019313434999511436,0.012364970628314905,114,0.7916666666666666,2821,105457794,0.004931454021880388,NaN
37251,0.08691045749780146,0.019313434999511436,0.012362535914577488,114,0.7916666666666666,2821,105486004,0.004931454021880388,NaN
37261,0.08691045749780146,0.019313434999511436,0.012360121942245509,114,0.7916666666666666,2821,105514214,0.004931454021880388,NaN
37271,0.08691045749780146,0.019313434999511436,0.012357726875994984,114,0.7916666666666666,2821,105542424,0.004931454021880388,NaN
37281,0.08691045749780146,0.019313434999511436,0.012355352768417087,114,0.7916666666666666,2821,105570634,0.004931454021880388,NaN
37291,0.08691045749780146,0.019313434999511436,0.01235299744220113,114,0.7916666666666666,2821,105598844,0.004931454021880388,NaN
37301,0.08691045749780146,0.019313434999511436,0.012350662677600287,114,0.7916666666666666,2821,105627054,0.004931454021880388,NaN
37311,0.08691045749780146,0.019313434999511436,0.012348346091441921,114,0.7916666666666666,2821,105655264,0.004931454021880388,NaN
37321,0.08691045749780146,0.019313434999511436,0.012346049747408437,114,0.7916666666666666,2821,105683474,0.004931454021880388,NaN
37331,0.08691045749780146,0.019313434999511436,0.012343774503763316,114,0.7916666666666666,2821,105711684,0.004931454021880388,NaN
37341,0.08691045749780146,0.019313434999511436,0.012341517400726252,114,0.7916666666666666,2821,105739894,0.004931454021880388,NaN
37351,0.08691045749780146,0.019313434999511436,0.012339277076777407,114,0.7916666666666666,2821,105768104,0.004931454021880388,NaN
37361,0.08691045749780146,0.019313434999511436,0.012337055418037373,114,0.7916666666666666,2822,105796316,0.004931454021880388,NaN
37371,0.08691045749780146,0.019313434999511436,0.012334850853081322,114,0.7916666666666666,2822,105824536,0.004931454021880388,NaN
37381,0.08691045749780146,0.019313434999511436,0.01233266563115387,114,0.7916666666666666,2822,105852756,0.004931454021880388,NaN
37391,0.08691045749780146,0.019313434999511436,0.012330495938233293,114,0.7916666666666666,2822,105880976,0.004931454021880388,NaN
37401,0.08691045749780146,0.019313434999511436,0.012328346399840198,114,0.7916666666666666,2822,105909196,0.004931454021880388,NaN
37411,0.08691045749780146,0.019313434999511436,0.012326211185655318,114,0.7916666666666666,2822,105937416,0.004931454021880388,NaN
37421,0.08691045749780146,0.019313434999511436,0.012324093863995468,114,0.7916666666666666,2822,105965636,0.004931454021880388,NaN
37431,0.08691045749780146,0.019313434999511436,0.012321993784086766,114,0.7916666666666666,2822,105993856,0.004931454021880388,NaN
37441,0.08691045749780146,0.019313434999511436,0.012319909819769666,114,0.7916666666666666,2822,106022076,0.004931454021880388,NaN
37451,0.08691045749780146,0.019313434999511436,0.01231784161153964,114,0.7916666666666666,2822,106050296,0.004931454021880388,NaN
37461,0.08691045749780146,0.019313434999511436,0.01231578764406133,114,0.7916666666666666,2822,106078516,0.004931454021880388,NaN
37471,0.08691045749780146,0.019313434999511436,0.01231374967772857,114,0.7916666666666666,2822,106106736,0.004931454021880388,NaN
37481,0.08691045749780146,0.019313434999511436,0.012311728806706106,114,0.7916666666666666,2822,106134956,0.004931454021880388,NaN
37491,0.08691045749780146,0.019313434999511436,0.012309722166975977,114,0.7916666666666666,2822,106163176,0.004931454021880388,NaN
37501,0.08691045749780146,0.019313434999511436,0.012307730447066779,114,0.7916666666666666,2822,106191396,0.004931454021880388,NaN
37511,0.08691045749780146,0.019313434999511436,0.012305755345959426,114,0.7916666666666666,2822,106219616,0.004931454021880388,NaN
37521,0.08691045749780146,0.019313434999511436,0.012303792451411485,114,0.7916666666666666,2822,106247836,0.004931454021880388,NaN
37531,0.08691045749780146,0.019313434999511436,0.012301843732195165,114,0.7916666666666666,2823,106276063,0.004931454021880388,NaN
37541,0.08691045749780146,0.019313434999511436,0.012299910026701824,114,0.7916666666666666,2823,106304293,0.004931454021880388,NaN
37551,0.08691045749780146,0.019313434999511436,0.012297992241936482,114,0.7916666666666666,2823,106332523,0.004931454021880388,NaN
37561,0.08691045749780146,0.019313434999511436,0.012296089307307793,114,0.7916666666666666,2823,106360753,0.004931454021880388,NaN
37571,0.08691045749780146,0.019313434999511436,0.012294199399126153,114,0.7916666666666666,2823,106388983,0.004931454021880388,NaN
37581,0.08691045749780146,0.019313434999511436,0.0122923220947141,114,0.7916666666666666,2823,106417213,0.004931454021880388,NaN
37591,0.08691045749780146,0.019313434999511436,0.012290457302813614,114,0.7916666666666666,2823,106445443,0.004931454021880388,NaN
37601,0.08691045749780146,0.019313434999511436,0.01228860688787029,114,0.7916666666666666,2823,106473673,0.004931454021880388,NaN
37611,0.08691045749780146,0.019313434999511436,0.012286771299053995,114,0.7916666666666666,2823,106501903,0.004931454021880388,NaN
37621,0.08691045749780146,0.019313434999511436,0.012284947744565037,114,0.7916666666666666,2823,106530133,0.004931454021880388,NaN
37631,0.08691045749780146,0.019313434999511436,0.012283138274000993,114,0.7916666666666666,2823,106558363,0.004931454021880388,NaN
37641,0.08691045749780146,0.019313434999511436,0.012281339703751417,114,0.7916666666666666,2823,106586593,0.004931454021880388,NaN
37651,0.08691045749780146,0.019313434999511436,0.012279554896887169,114,0.7916666666666666,2823,106614823,0.004931454021880388,NaN
37661,0.08691045749780146,0.019313434999511436,0.012277782948119997,114,0.7916666666666666,2823,106643053,0.004931454021880388,NaN
37671,0.08691045749780146,0.019313434999511436,0.01227602259529597,114,0.7916666666666666,2823,106671283,0.004931454021880388,NaN
37681,0.08691045749780146,0.019313434999511436,0.012274274069945754,114,0.7916666666666666,2823,106699513,0.004931454021880388,NaN
37691,0.08691045749780146,0.019313434999511436,0.012272539243370425,114,0.7916666666666666,2824,106727745,0.004931454021880388,NaN
37701,0.08691045749780146,0.019313434999511436,0.012270813902721717,114,0.7916666666666666,2824,106755985,0.004931454021880388,NaN
37711,0.08691045749780146,0.019313434999511436,0.012269101090699265,114,0.7916666666666666,2824,106784225,0.004931454021880388,NaN
37721,0.08691045749780146,0.019313434999511436,0.012267398709200685,114,0.7916666666666666,2824,106812465,0.004931454021880388,NaN
37731,0.08691045749780146,0.019313434999511436,0.012265709174360782,114,0.7916666666666666,2824,106840705,0.004931454021880388,NaN
37741,0.08691045749780146,0.019313434999511436,0.01226403052037724,114,0.7916666666666666,2824,106868945,0.004931454021880388,NaN
37751,0.08691045749780146,0.019313434999511436,0.012262362797402587,114,0.7916666666666666,2824,106897185,0.004931454021880388,NaN
37761,0.08691045749780146,0.019313434999511436,0.012260707773598993,114,0.7916666666666666,2824,106925425,0.004931454021880388,NaN
37771,0.08691045749780146,0.019313434999511436,0.01225906352310692,114,0.7916666666666666,2824,106953665,0.004931454021880388,NaN
37781,0.08691045749780146,0.019313434999511436,0.01225742993497553,114,0.7916666666666666,2824,106981905,0.004931454021880388,NaN
37791,0.08691045749780146,0.019313434999511436,0.012255807054919484,114,0.7916666666666666,2824,107010145,0.004931454021880388,NaN
37801,0.08691045749780146,0.019313434999511436,0.012254193567137098,114,0.7916666666666666,2824,107038385,0.004931454021880388,NaN
37811,0.08691045749780146,0.019313434999511436,0.012252590971062089,114,0.7916666666666666,2824,107066625,0.004931454021880388,NaN
37821,0.08691045749780146,0.019313434999511436,0.012251000722969986,114,0.7916666666666666,2824,107094865,0.004931454021880388,NaN
37831,0.08691045749780146,0.019313434999511436,0.012249419290554736,114,0.7916666666666666,2824,107123105,0.004931454021880388,NaN
37841,0.08691045749780146,0.019313434999511436,0.01224784735575678,114,0.7916666666666666,2824,107151345,0.004931454021880388,NaN
37851,0.08691045749780146,0.019313434999511436,0.012246286512772226,114,0.7916666666666666,2824,107179585,0.004931454021880388,NaN
37861,0.08691045749780146,0.019313434999511436,0.012244736395783115,114,0.7916666666666666,2825,107207832,0.004931454021880388,NaN
37871,0.08691045749780146,0.019313434999511436,0.012243194696323716,114,0.7916666666666666,2825,107236082,0.004931454021880388,NaN
37881,0.08691045749780146,0.019313434999511436,0.01224166334417614,114,0.7916666666666666,2825,107264332,0.004931454021880388,NaN
37891,0.08691045749780146,0.019313434999511436,0.012240141042825343,114,0.7916666666666666,2825,107292582,0.004931454021880388,NaN
37901,0.08691045749780146,0.019313434999511436,0.012238628268374331,114,0.7916666666666666,2825,107320832,0.004931454021880388,NaN
37911,0.08691045749780146,0.019313434999511436,0.012237124898081781,114,0.7916666666666666,2825,107349082,0.004931454021880388,NaN
37921,0.08691045749780146,0.019313434999511436,0.012235631299632033,114,0.7916666666666666,2825,107377332,0.004931454021880388,NaN
37931,0.08691045749780146,0.019313434999511436,0.012234146848694913,114,0.7916666666666666,2825,107405582,0.004931454021880388,NaN
37941,0.08691045749780146,0.019313434999511436,0.01223267165064497,114,0.7916666666666666,2825,107433832,0.004931454021880388,NaN
37951,0.08691045749780146,0.019313434999511436,0.01223120457681253,114,0.7916666666666666,2825,107462082,0.004931454021880388,NaN
37961,0.08691045749780146,0.019313434999511436,0.012229746357402519,114,0.7916666666666666,2825,107490332,0.004931454021880388,NaN
37971,0.08691045749780146,0.019313434999511436,0.012228297293985418,114,0.7916666666666666,2825,107518582,0.004931454021880388,NaN
37981,0.08691045749780146,0.019313434999511436,0.012226857628319867,114,0.7916666666666666,2825,107546832,0.004931454021880388,NaN
37991,0.08691045749780146,0.019313434999511436,0.01222542612656616,114,0.7916666666666666,2825,107575082,0.004931454021880388,NaN
38001,0.08691045749780146,0.019313434999511436,0.012224004276318768,114,0.7916666666666666,2825,107603332,0.004931454021880388,NaN
38011,0.08691045749780146,0.019313434999511436,0.012222590570384871,114,0.7916666666666666,2825,107631582,0.004931454021880388,NaN
38021,0.08691045749780146,0.019313434999511436,0.012221184074026944,114,0.7916666666666666,2825,107659832,0.004931454021880388,NaN
38031,0.08691045749780146,0.019313434999511436,0.01221978491012774,114,0.7916666666666666,2826,107688092,0.004931454021880388,NaN
38041,0.08691045749780146,0.019313434999511436,0.012218395731245158,114,0.7916666666666666,2826,107716352,0.004931454021880388,NaN
38051,0.08691045749780146,0.019313434999511436,0.012217014904910988,114,0.7916666666666666,2826,107744612,0.004931454021880388,NaN
38061,0.08691045749780146,0.019313434999511436,0.012215641202377978,114,0.7916666666666666,2826,107772872,0.004931454021880388,NaN
38071,0.08691045749780146,0.019313434999511436,0.012214275904220728,114,0.7916666666666666,2826,107801132,0.004931454021880388,NaN
38081,0.08691045749780146,0.019313434999511436,0.012212918229902267,114,0.7916666666666666,2826,107829392,0.004931454021880388,NaN
38091,0.08691045749780146,0.019313434999511436,0.012211569252291802,114,0.7916666666666666,2826,107857652,0.004931454021880388,NaN
38101,0.08691045749780146,0.019313434999511436,0.012210227649059973,114,0.7916666666666666,2826,107885912,0.004931454021880388,NaN
38111,0.08691045749780146,0.019313434999511436,0.012208893914549573,114,0.7916666666666666,2826,107914172,0.004931454021880388,NaN
38121,0.08691045749780146,0.019313434999511436,0.012207566721137573,114,0.7916666666666666,2826,107942432,0.004931454021880388,NaN
38131,0.08691045749780146,0.019313434999511436,0.012206248537724777,114,0.7916666666666666,2826,107970692,0.004931454021880388,NaN
38141,0.08691045749780146,0.019313434999511436,0.012204936845695912,114,0.7916666666666666,2826,107998952,0.004931454021880388,NaN
38151,0.08691045749780146,0.019313434999511436,0.01220363238885438,114,0.7916666666666666,2826,108027212,0.004931454021880388,NaN
38161,0.08691045749780146,0.019313434999511436,0.01220233609897569,114,0.7916666666666666,2826,108055472,0.004931454021880388,NaN
38171,0.08691045749780146,0.019313434999511436,0.012201047591695047,114,0.7916666666666666,2826,108083732,0.004931454021880388,NaN
38181,0.08691045749780146,0.019313434999511436,0.012199766416224923,114,0.7916666666666666,2826,108111992,0.004931454021880388,NaN
38191,0.08691045749780146,0.019313434999511436,0.01219849137033528,114,0.7916666666666666,2827,108140255,0.004931454021880388,NaN
38201,0.08691045749780146,0.019313434999511436,0.0121972235129396,114,0.7916666666666666,2827,108168525,0.004931454021880388,NaN
38211,0.08691045749780146,0.019313434999511436,0.012195962681507189,114,0.7916666666666666,2827,108196795,0.004931454021880388,NaN
38221,0.08691045749780146,0.019313434999511436,0.012194708075544174,114,0.7916666666666666,2827,108225065,0.004931454021880388,NaN
38231,0.08691045749780146,0.019313434999511436,0.012193460856142417,114,0.7916666666666666,2827,108253335,0.004931454021880388,NaN
38241,0.08691045749780146,0.019313434999511436,0.012192221550804965,114,0.7916666666666666,2827,108281605,0.004931454021880388,NaN
38251,0.08691045749780146,0.019313434999511436,0.01219098818531238,114,0.7916666666666666,2827,108309875,0.004931454021880388,NaN
38261,0.08691045749780146,0.019313434999511436,0.012189761801822987,114,0.7916666666666666,2827,108338145,0.004931454021880388,NaN
38271,0.08691045749780146,0.019313434999511436,0.012188540744272437,114,0.7916666666666666,2827,108366415,0.004931454021880388,NaN
38281,0.08691045749780146,0.019313434999511436,0.012187327054810074,114,0.7916666666666666,2827,108394685,0.004931454021880388,NaN
38291,0.08691045749780146,0.019313434999511436,0.012186120952549543,114,0.7916666666666666,2827,108422955,0.004931454021880388,NaN
38301,0.08691045749780146,0.019313434999511436,0.012184920329946525,114,0.7916666666666666,2827,108451225,0.004931454021880388,NaN
38311,0.08691045749780146,0.019313434999511436,0.012183726465564057,114,0.7916666666666666,2827,108479495,0.004931454021880388,NaN
38321,0.08691045749780146,0.019313434999511436,0.012182537918958217,114,0.7916666666666666,2827,108507765,0.004931454021880388,NaN
38331,0.08691045749780146,0.019313434999511436,0.012181356293141288,114,0.7916666666666666,2827,108536035,0.004931454021880388,NaN
38341,0.08691045749780146,0.019313434999511436,0.012180180800674643,114,0.7916666666666666,2827,108564305,0.004931454021880388,NaN
38351,0.08691045749780146,0.019313434999511436,0.012179011709405475,114,0.7916666666666666,2827,108592575,0.004931454021880388,NaN
38361,0.08691045749780146,0.019313434999511436,0.01217784854803148,114,0.7916666666666666,2828,108620850,0.004931454021880388,NaN
38371,0.08691045749780146,0.019313434999511436,0.01217669117177413,114,0.7916666666666666,2828,108649130,0.004931454021880388,NaN
38381,0.08691045749780146,0.019313434999511436,0.012175539984202658,114,0.7916666666666666,2828,108677410,0.004931454021880388,NaN
38391,0.08691045749780146,0.019313434999511436,0.012174394944757153,114,0.7916666666666666,2828,108705690,0.004931454021880388,NaN
38401,0.08691045749780146,0.019313434999511436,0.01217325534916727,114,0.7916666666666666,2828,108733970,0.004931454021880388,NaN
38411,0.08691045749780146,0.019313434999511436,0.012172122110896261,114,0.7916666666666666,2828,108762250,0.004931454021880388,NaN
38421,0.08691045749780146,0.019313434999511436,0.012170994391450779,111,0.7708333333333334,2828,108790530,0.004931454021880388,NaN
38431,0.08690235530959237,0.019311634513242748,0.012165312952395249,111,0.7708333333333334,2754,108818067,0.004931454021880388,NaN
38441,0.08690235530959237,0.019311634513242748,0.012159720135447104,111,0.7708333333333334,2754,108845607,0.004931454021880388,NaN
38451,0.08690235530959237,0.019311634513242748,0.012154214047422299,111,0.7708333333333334,2754,108873147,0.004931454021880388,NaN
38461,0.08690235530959237,0.019311634513242748,0.012148791390918769,111,0.7708333333333334,2754,108900687,0.004931454021880388,NaN
38471,0.08690235530959237,0.019311634513242748,0.012143451243117128,111,0.7708333333333334,2754,108928227,0.004931454021880388,NaN
38481,0.08690235530959237,0.019311634513242748,0.012138190759406111,111,0.7708333333333334,2754,108955767,0.004931454021880388,NaN
38491,0.08690235530959237,0.019311634513242748,0.012133009001496185,111,0.7708333333333334,2754,108983307,0.004931454021880388,NaN
38501,0.08690235530959237,0.019311634513242748,0.01212790289806011,111,0.7708333333333334,2754,109010847,0.004931454021880388,NaN
38511,0.08690235530959237,0.019311634513242748,0.012122872004108588,111,0.7708333333333334,2754,109038387,0.004931454021880388,NaN
38521,0.08690235530959237,0.019311634513242748,0.012117912790040116,111,0.7708333333333334,2754,109065927,0.004931454021880388,NaN
38531,0.08690235530959237,0.019311634513242748,0.012113024466703143,111,0.7708333333333334,2754,109093467,0.004931454021880388,NaN
38541,0.08690235530959237,0.019311634513242748,0.012108205000246631,111,0.7708333333333334,2754,109121007,0.004931454021880388,NaN
38551,0.08690235530959237,0.019311634513242748,0.012103453515033469,111,0.7708333333333334,2754,109148547,0.004931454021880388,NaN
38561,0.08690235530959237,0.019311634513242748,0.012098767405333631,111,0.7708333333333334,2754,109176087,0.004931454021880388,NaN
38571,0.08690235530959237,0.019311634513242748,0.012094144648634238,111,0.7708333333333334,2754,109203627,0.004931454021880388,NaN
38581,0.08690235530959237,0.019311634513242748,0.012089586429266476,111,0.7708333333333334,2754,109231167,0.004931454021880388,NaN
38591,0.08690235530959237,0.019311634513242748,0.01208508913522455,111,0.7708333333333334,2754,109258707,0.004931454021880388,NaN
38601,0.08690235530959237,0.019311634513242748,0.012080651992365748,111,0.7708333333333334,2755,109286251,0.004931454021880388,NaN
38611,0.08690235530959237,0.019311634513242748,0.012076271883083368,111,0.7708333333333334,2755,109313801,0.004931454021880388,NaN
38621,0.08690235530959237,0.019311634513242748,0.012071949409165613,111,0.7708333333333334,2755,109341351,0.004931454021880388,NaN
38631,0.08690235530959237,0.019311634513242748,0.012067683400915461,111,0.7708333333333334,2755,109368901,0.004931454021880388,NaN
38641,0.08690235530959237,0.019311634513242748,0.012063471519758947,111,0.7708333333333334,2755,109396451,0.004931454021880388,NaN
38651,0.08690235530959237,0.019311634513242748,0.012059313605216906,111,0.7708333333333334,2755,109424001,0.004931454021880388,NaN
38661,0.08690235530959237,0.019311634513242748,0.012055207786576348,111,0.7708333333333334,2755,109451551,0.004931454021880388,NaN
38671,0.08690235530959237,0.019311634513242748,0.012051154303733776,111,0.7708333333333334,2755,109479101,0.004931454021880388,NaN
38681,0.08690235530959237,0.019311634513242748,0.012047151221983146,111,0.7708333333333334,2755,109506651,0.004931454021880388,NaN
38691,0.08690235530959237,0.019311634513242748,0.012043196791514473,111,0.7708333333333334,2755,109534201,0.004931454021880388,NaN
38701,0.08690235530959237,0.019311634513242748,0.0120392906490255,111,0.7708333333333334,2755,109561751,0.004931454021880388,NaN
38711,0.08690235530959237,0.019311634513242748,0.012035432342376577,111,0.7708333333333334,2755,109589301,0.004931454021880388,NaN
38721,0.08690235530959237,0.019311634513242748,0.012031620312172876,111,0.7708333333333334,2755,109616851,0.004931454021880388,NaN
38731,0.08690235530959237,0.019311634513242748,0.01202785483560986,111,0.7708333333333334,2755,109644401,0.004931454021880388,NaN
38741,0.08690235530959237,0.019311634513242748,0.01202413246656145,111,0.7708333333333334,2755,109671951,0.004931454021880388,NaN
38751,0.08690235530959237,0.019311634513242748,0.012020453980672063,111,0.7708333333333334,2755,109699501,0.004931454021880388,NaN
38761,0.08690235530959237,0.019311634513242748,0.012016819138863098,111,0.7708333333333334,2755,109727051,0.004931454021880388,NaN
38771,0.08690235530959237,0.019311634513242748,0.012013225332955575,111,0.7708333333333334,2755,109754601,0.004931454021880388,NaN
38781,0.08690235530959237,0.019311634513242748,0.012009671340685372,111,0.7708333333333334,2756,109782160,0.004931454021880388,NaN
38791,0.08690235530959237,0.019311634513242748,0.012006157701725563,111,0.7708333333333334,2756,109809720,0.004931454021880388,NaN
38801,0.08690235530959237,0.019311634513242748,0.012002684470191975,111,0.7708333333333334,2756,109837280,0.004931454021880388,NaN
38811,0.08690235530959237,0.019311634513242748,0.011999249766335691,111,0.7708333333333334,2756,109864840,0.004931454021880388,NaN
38821,0.08690235530959237,0.019311634513242748,0.011995853046130161,111,0.7708333333333334,2756,109892400,0.004931454021880388,NaN
38831,0.08690235530959237,0.019311634513242748,0.01199249329143492,111,0.7708333333333334,2756,109919960,0.004931454021880388,NaN
38841,0.08690235530959237,0.019311634513242748,0.011989171109642044,111,0.7708333333333334,2756,109947520,0.004931454021880388,NaN
38851,0.08690235530959237,0.019311634513242748,0.011985884348753143,111,0.7708333333333334,2756,109975080,0.004931454021880388,NaN
38861,0.08690235530959237,0.019311634513242748,0.01198263326707463,111,0.7708333333333334,2756,110002640,0.004931454021880388,NaN
38871,0.08690235530959237,0.019311634513242748,0.011979416953690553,111,0.7708333333333334,2756,110030200,0.004931454021880388,NaN
38881,0.08690235530959237,0.019311634513242748,0.011976234215251381,111,0.7708333333333334,2756,110057760,0.004931454021880388,NaN
38891,0.08690235530959237,0.019311634513242748,0.011973086077819528,111,0.7708333333333334,2756,110085320,0.004931454021880388,NaN
38901,0.08690235530959237,0.019311634513242748,0.011969970645190585,111,0.7708333333333334,2756,110112880,0.004931454021880388,NaN
38911,0.08690235530959237,0.019311634513242748,0.011966887340321263,111,0.7708333333333334,2756,110140440,0.004931454021880388,NaN
38921,0.08690235530959237,0.019311634513242748,0.011963835293592894,111,0.7708333333333334,2756,110168000,0.004931454021880388,NaN
38931,0.08690235530959237,0.019311634513242748,0.011960815295584072,111,0.7708333333333334,2756,110195560,0.004931454021880388,NaN
38941,0.08690235530959237,0.019311634513242748,0.011957825548585106,111,0.7708333333333334,2756,110223120,0.004931454021880388,NaN
38951,0.08690235530959237,0.019311634513242748,0.011954865469775469,111,0.7708333333333334,2757,110250684,0.004931454021880388,NaN
38961,0.08690235530959237,0.019311634513242748,0.011951934825256399,111,0.7708333333333334,2757,110278254,0.004931454021880388,NaN
38971,0.08690235530959237,0.019311634513242748,0.011949032982939306,111,0.7708333333333334,2757,110305824,0.004931454021880388,NaN
38981,0.08690235530959237,0.019311634513242748,0.011946160346502295,111,0.7708333333333334,2757,110333394,0.004931454021880388,NaN
38991,0.08690235530959237,0.019311634513242748,0.01194331544493226,111,0.7708333333333334,2757,110360964,0.004931454021880388,NaN
39001,0.08690235530959237,0.019311634513242748,0.011940498227069414,111,0.7708333333333334,2757,110388534,0.004931454021880388,NaN
39011,0.08690235530959237,0.019311634513242748,0.011937708617822961,111,0.7708333333333334,2757,110416104,0.004931454021880388,NaN
39021,0.08690235530959237,0.019311634513242748,0.01193494580241242,111,0.7708333333333334,2757,110443674,0.004931454021880388,NaN
39031,0.08690235530959237,0.019311634513242748,0.011932209783431022,111,0.7708333333333334,2757,110471244,0.004931454021880388,NaN
39041,0.08690235530959237,0.019311634513242748,0.011929500203755524,111,0.7708333333333334,2757,110498814,0.004931454021880388,NaN
39051,0.08690235530959237,0.019311634513242748,0.01192681564239141,111,0.7708333333333334,2757,110526384,0.004931454021880388,NaN
39061,0.08690235530959237,0.019311634513242748,0.01192415559730674,111,0.7708333333333334,2757,110553954,0.004931454021880388,NaN
39071,0.08690235530959237,0.019311634513242748,0.011921520584551384,111,0.7708333333333334,2757,110581524,0.004931454021880388,NaN
39081,0.08690235530959237,0.019311634513242748,0.011918910703725714,111,0.7708333333333334,2757,110609094,0.004931454021880388,NaN
39091,0.08690235530959237,0.019311634513242748,0.011916324725247486,111,0.7708333333333334,2757,110636664,0.004931454021880388,NaN
39101,0.08690235530959237,0.019311634513242748,0.011913762015403593,111,0.7708333333333334,2757,110664234,0.004931454021880388,NaN
39111,0.08690235530959237,0.019311634513242748,0.011911222539604069,111,0.7708333333333334,2757,110691804,0.004931454021880388,NaN
39121,0.08690235530959237,0.019311634513242748,0.01190870589830014,111,0.7708333333333334,2757,110719374,0.004931454021880388,NaN
39131,0.08690235530959237,0.019311634513242748,0.011906211634539523,111,0.7708333333333334,2758,110746952,0.004931454021880388,NaN
39141,0.08690235530959237,0.019311634513242748,0.011903739155751075,111,0.7708333333333334,2758,110774532,0.004931454021880388,NaN
39151,0.08690235530959237,0.019311634513242748,0.011901288988391427,111,0.7708333333333334,2758,110802112,0.004931454021880388,NaN
39161,0.08690235530959237,0.019311634513242748,0.011898860980618734,111,0.7708333333333334,2758,110829692,0.004931454021880388,NaN
39171,0.08690235530959237,0.019311634513242748,0.011896453016987215,111,0.7708333333333334,2758,110857272,0.004931454021880388,NaN
39181,0.08690235530959237,0.019311634513242748,0.011894066267442894,111,0.7708333333333334,2758,110884852,0.004931454021880388,NaN
39191,0.08690235530959237,0.019311634513242748,0.01189170015679167,111,0.7708333333333334,2758,110912432,0.004931454021880388,NaN
39201,0.08690235530959237,0.019311634513242748,0.011889353630211165,111,0.7708333333333334,2758,110940012,0.004931454021880388,NaN
39211,0.08690235530959237,0.019311634513242748,0.011887028081569603,111,0.7708333333333334,2758,110967592,0.004931454021880388,NaN
39221,0.08690235530959237,0.019311634513242748,0.01188472217461259,111,0.7708333333333334,2758,110995172,0.004931454021880388,NaN
39231,0.08690235530959237,0.019311634513242748,0.011882435237870371,111,0.7708333333333334,2758,111022752,0.004931454021880388,NaN
39241,0.08690235530959237,0.019311634513242748,0.011880168462031115,111,0.7708333333333334,2758,111050332,0.004931454021880388,NaN
39251,0.08690235530959237,0.019311634513242748,0.011877920151585149,111,0.7708333333333334,2758,111077912,0.004931454021880388,NaN
39261,0.08690235530959237,0.019311634513242748,0.01187568992269415,111,0.7708333333333334,2758,111105492,0.004931454021880388,NaN
39271,0.08690235530959237,0.019311634513242748,0.011873478296570964,111,0.7708333333333334,2758,111133072,0.004931454021880388,NaN
39281,0.08690235530959237,0.019311634513242748,0.011871285358265838,111,0.7708333333333334,2758,111160652,0.004931454021880388,NaN
39291,0.08690235530959237,0.019311634513242748,0.01186910999640351,111,0.7708333333333334,2758,111188232,0.004931454021880388,NaN
39301,0.08690235530959237,0.019311634513242748,0.01186695236492136,111,0.7708333333333334,2759,111215814,0.004931454021880388,NaN
39311,0.08690235530959237,0.019311634513242748,0.0118648115106739,111,0.7708333333333334,2759,111243404,0.004931454021880388,NaN
39321,0.08690235530959237,0.019311634513242748,0.011862688032720224,111,0.7708333333333334,2759,111270994,0.004931454021880388,NaN
39331,0.08690235530959237,0.019311634513242748,0.011860581714246738,111,0.7708333333333334,2759,111298584,0.004931454021880388,NaN
39341,0.08690235530959237,0.019311634513242748,0.011858491922914351,111,0.7708333333333334,2759,111326174,0.004931454021880388,NaN
39351,0.08690235530959237,0.019311634513242748,0.011856418016140395,111,0.7708333333333334,2759,111353764,0.004931454021880388,NaN
39361,0.08690235530959237,0.019311634513242748,0.01185436072917993,111,0.7708333333333334,2759,111381354,0.004931454021880388,NaN
39371,0.08690235530959237,0.019311634513242748,0.011852319491015999,111,0.7708333333333334,2759,111408944,0.004931454021880388,NaN
39381,0.08690235530959237,0.019311634513242748,0.011850293830789026,111,0.7708333333333334,2759,111436534,0.004931454021880388,NaN
39391,0.08690235530959237,0.019311634513242748,0.01184828360612318,111,0.7708333333333334,2759,111464124,0.004931454021880388,NaN
39401,0.08690235530959237,0.019311634513242748,0.011846289719014606,111,0.7708333333333334,2759,111491714,0.004931454021880388,NaN
39411,0.08690235530959237,0.019311634513242748,0.01184431123952336,111,0.7708333333333334,2759,111519304,0.004931454021880388,NaN
39421,0.08690235530959237,0.019311634513242748,0.011842347891842991,111,0.7708333333333334,2759,111546894,0.004931454021880388,NaN
39431,0.08690235530959237,0.019311634513242748,0.01184039906814283,111,0.7708333333333334,2759,111574484,0.004931454021880388,NaN
39441,0.08690235530959237,0.019311634513242748,0.011838465237356238,111,0.7708333333333334,2759,111602074,0.004931454021880388,NaN
39451,0.08690235530959237,0.019311634513242748,0.011836545333544241,111,0.7708333333333334,2759,111629664,0.004931454021880388,NaN
39461,0.08690235530959237,0.019311634513242748,0.011834639366713525,111,0.7708333333333334,2759,111657254,0.004931454021880388,NaN
39471,0.08690235530959237,0.019311634513242748,0.011832748345430834,111,0.7708333333333334,2759,111684844,0.004931454021880388,NaN
39481,0.08690235530959237,0.019311634513242748,0.011830870749432145,111,0.7708333333333334,2760,111712438,0.004931454021880388,NaN
39491,0.08690235530959237,0.019311634513242748,0.011829006839490964,111,0.7708333333333334,2760,111740038,0.004931454021880388,NaN
39501,0.08690235530959237,0.019311634513242748,0.011827156397941354,111,0.7708333333333334,2760,111767638,0.004931454021880388,NaN
39511,0.08690235530959237,0.019311634513242748,0.0118253193690377,111,0.7708333333333334,2760,111795238,0.004931454021880388,NaN
39521,0.08690235530959237,0.019311634513242748,0.011823495553740276,111,0.7708333333333334,2760,111822838,0.004931454021880388,NaN
39531,0.08690235530959237,0.019311634513242748,0.01182168444445391,111,0.7708333333333334,2760,111850438,0.004931454021880388,NaN
39541,0.08690235530959237,0.019311634513242748,0.011819886886187257,111,0.7708333333333334,2760,111878038,0.004931454021880388,NaN
39551,0.08690235530959237,0.019311634513242748,0.011818102143385172,111,0.7708333333333334,2760,111905638,0.004931454021880388,NaN
39561,0.08690235530959237,0.019311634513242748,0.011816330103031581,111,0.7708333333333334,2760,111933238,0.004931454021880388,NaN
39571,0.08690235530959237,0.019311634513242748,0.011814570560669216,111,0.7708333333333334,2760,111960838,0.004931454021880388,NaN
39581,0.08690235530959237,0.019311634513242748,0.011812823166399748,111,0.7708333333333334,2760,111988438,0.004931454021880388,NaN
39591,0.08690235530959237,0.019311634513242748,0.011811087955876508,111,0.7708333333333334,2760,112016038,0.004931454021880388,NaN
39601,0.08690235530959237,0.019311634513242748,0.011809364452085294,111,0.7708333333333334,2760,112043638,0.004931454021880388,NaN
39611,0.08690235530959237,0.019311634513242748,0.011807653191525859,111,0.7708333333333334,2760,112071238,0.004931454021880388,NaN
39621,0.08690235530959237,0.019311634513242748,0.01180595360296374,111,0.7708333333333334,2760,112098838,0.004931454021880388,NaN
39631,0.08690235530959237,0.019311634513242748,0.011804265732157747,111,0.7708333333333334,2760,112126438,0.004931454021880388,NaN
39641,0.08690235530959237,0.019311634513242748,0.011802589547494267,111,0.7708333333333334,2760,112154038,0.004931454021880388,NaN
39651,0.08690235530959237,0.019311634513242748,0.011800924719288165,111,0.7708333333333334,2760,112181638,0.004931454021880388,NaN
39661,0.08690235530959237,0.019311634513242748,0.011799270413415691,111,0.7708333333333334,2761,112209244,0.004931454021880388,NaN
39671,0.08690235530959237,0.019311634513242748,0.011797626968027025,111,0.7708333333333334,2761,112236854,0.004931454021880388,NaN
39681,0.08690235530959237,0.019311634513242748,0.011795994401628502,111,0.7708333333333334,2761,112264464,0.004931454021880388,NaN
39691,0.08690235530959237,0.019311634513242748,0.011794373453480451,111,0.7708333333333334,2761,112292074,0.004931454021880388,NaN
39701,0.08690235530959237,0.019311634513242748,0.011792762770429434,111,0.7708333333333334,2761,112319684,0.004931454021880388,NaN
39711,0.08690235530959237,0.019311634513242748,0.01179116319159449,111,0.7708333333333334,2761,112347294,0.004931454021880388,NaN
39721,0.08690235530959237,0.019311634513242748,0.011789573612004228,111,0.7708333333333334,2761,112374904,0.004931454021880388,NaN
39731,0.08690235530959237,0.019311634513242748,0.01178799471492859,111,0.7708333333333334,2761,112402514,0.004931454021880388,NaN
39741,0.08690235530959237,0.019311634513242748,0.01178642632272156,111,0.7708333333333334,2761,112430124,0.004931454021880388,NaN
39751,0.08690235530959237,0.019311634513242748,0.0117848679063993,111,0.7708333333333334,2761,112457734,0.004931454021880388,NaN
39761,0.08690235530959237,0.019311634513242748,0.01178331954128934,111,0.7708333333333334,2761,112485344,0.004931454021880388,NaN
39771,0.08690235530959237,0.019311634513242748,0.011781781111728593,111,0.7708333333333334,2761,112512954,0.004931454021880388,NaN
39781,0.08690235530959237,0.019311634513242748,0.011780252573278392,111,0.7708333333333334,2761,112540564,0.004931454021880388,NaN
39791,0.08690235530959237,0.019311634513242748,0.011778733527877776,111,0.7708333333333334,2761,112568174,0.004931454021880388,NaN
39801,0.08690235530959237,0.019311634513242748,0.01177722419418277,111,0.7708333333333334,2761,112595784,0.004931454021880388,NaN
39811,0.08690235530959237,0.019311634513242748,0.011775724227539185,111,0.7708333333333334,2761,112623394,0.004931454021880388,NaN
39821,0.08690235530959237,0.019311634513242748,0.011774233614927741,111,0.7708333333333334,2761,112651004,0.004931454021880388,NaN
39831,0.08690235530959237,0.019311634513242748,0.011772752069964667,111,0.7708333333333334,2761,112678614,0.004931454021880388,NaN
39841,0.08690235530959237,0.019311634513242748,0.011771279943946299,111,0.7708333333333334,2762,112706231,0.004931454021880388,NaN
39851,0.08690235530959237,0.019311634513242748,0.0117698167283565,111,0.7708333333333334,2762,112733851,0.004931454021880388,NaN
39861,0.08690235530959237,0.019311634513242748,0.011768362464553027,111,0.7708333333333334,2762,112761471,0.004931454021880388,NaN
39871,0.08690235530959237,0.019311634513242748,0.011766917324309779,111,0.7708333333333334,2762,112789091,0.004931454021880388,NaN
39881,0.08690235530959237,0.019311634513242748,0.011765481225310969,111,0.7708333333333334,2762,112816711,0.004931454021880388,NaN
39891,0.08690235530959237,0.019311634513242748,0.011764053972015742,111,0.7708333333333334,2762,112844331,0.004931454021880388,NaN
39901,0.08690235530959237,0.019311634513242748,0.011762635263698092,111,0.7708333333333334,2762,112871951,0.004931454021880388,NaN
39911,0.08690235530959237,0.019311634513242748,0.01176122477306565,111,0.7708333333333334,2762,112899571,0.004931454021880388,NaN
39921,0.08690235530959237,0.019311634513242748,0.011759822881569432,111,0.7708333333333334,2762,112927191,0.004931454021880388,NaN
39931,0.08690235530959237,0.019311634513242748,0.011758429762877158,111,0.7708333333333334,2762,112954811,0.004931454021880388,NaN
39941,0.08690235530959237,0.019311634513242748,0.011757044743400395,111,0.7708333333333334,2762,112982431,0.004931454021880388,NaN
39951,0.08690235530959237,0.019311634513242748,0.011755667959849576,111,0.7708333333333334,2762,113010051,0.004931454021880388,NaN
39961,0.08690235530959237,0.019311634513242748,0.011754299334061954,111,0.7708333333333334,2762,113037671,0.004931454021880388,NaN
39971,0.08690235530959237,0.019311634513242748,0.011752938945147378,111,0.7708333333333334,2762,113065291,0.004931454021880388,NaN
39981,0.08690235530959237,0.019311634513242748,0.011751586556169372,111,0.7708333333333334,2762,113092911,0.004931454021880388,NaN
39991,0.08690235530959237,0.019311634513242748,0.011750242690286967,111,0.7708333333333334,2762,113120531,0.004931454021880388,NaN
40001,0.08690235530959237,0.019311634513242748,0.011748906134424156,111,0.7708333333333334,2762,113148151,0.004931454021880388,NaN
40011,0.08690235530959237,0.019311634513242748,0.01174757703801811,111,0.7708333333333334,2762,113175771,0.004931454021880388,NaN
40021,0.08690235530959237,0.019311634513242748,0.01174625554677487,111,0.7708333333333334,2763,113203398,0.004931454021880388,NaN
40031,0.08690235530959237,0.019311634513242748,0.011744941244367695,111,0.7708333333333334,2763,113231028,0.004931454021880388,NaN
40041,0.08690235530959237,0.019311634513242748,0.011743634641526841,111,0.7708333333333334,2763,113258658,0.004931454021880388,NaN
40051,0.08690235530959237,0.019311634513242748,0.01174233592137595,111,0.7708333333333334,2763,113286288,0.004931454021880388,NaN
40061,0.08690235530959237,0.019311634513242748,0.011741044302444858,111,0.7708333333333334,2763,113313918,0.004931454021880388,NaN
40071,0.08690235530959237,0.019311634513242748,0.011739760142863608,111,0.7708333333333334,2763,113341548,0.004931454021880388,NaN
40081,0.08690235530959237,0.019311634513242748,0.011738483451442176,111,0.7708333333333334,2763,113369178,0.004931454021880388,NaN
40091,0.08690235530959237,0.019311634513242748,0.011737213189731359,111,0.7708333333333334,2763,113396808,0.004931454021880388,NaN
40101,0.08690235530959237,0.019311634513242748,0.01173595066093213,111,0.7708333333333334,2763,113424438,0.004931454021880388,NaN
40111,0.08690235530959237,0.019311634513242748,0.011734694848580734,111,0.7708333333333334,2763,113452068,0.004931454021880388,NaN
40121,0.08690235530959237,0.019311634513242748,0.011733445891850908,111,0.7708333333333334,2763,113479698,0.004931454021880388,NaN
40131,0.08690235530959237,0.019311634513242748,0.011732204722143182,111,0.7708333333333334,2763,113507328,0.004931454021880388,NaN
40141,0.08690235530959237,0.019311634513242748,0.011730970021657523,111,0.7708333333333334,2763,113534958,0.004931454021880388,NaN
40151,0.08690235530959237,0.019311634513242748,0.01172974167440579,111,0.7708333333333334,2763,113562588,0.004931454021880388,NaN
40161,0.08690235530959237,0.019311634513242748,0.011728520229053331,111,0.7708333333333334,2763,113590218,0.004931454021880388,NaN
40171,0.08690235530959237,0.019311634513242748,0.011727305436253685,111,0.7708333333333334,2763,113617848,0.004931454021880388,NaN
40181,0.08690235530959237,0.019311634513242748,0.011726097587583773,111,0.7708333333333334,2763,113645478,0.004931454021880388,NaN
40191,0.08690235530959237,0.019311634513242748,0.01172489604274584,111,0.7708333333333334,2763,113673108,0.004931454021880388,NaN
40201,0.08690235530959237,0.019311634513242748,0.011723700493780572,111,0.7708333333333334,2764,113700745,0.004931454021880388,NaN
40211,0.08690235530959237,0.019311634513242748,0.011722511403194318,111,0.7708333333333334,2764,113728385,0.004931454021880388,NaN
40221,0.08690235530959237,0.019311634513242748,0.01172132871410595,111,0.7708333333333334,2764,113756025,0.004931454021880388,NaN
40231,0.08690235530959237,0.019311634513242748,0.011720152431211833,111,0.7708333333333334,2764,113783665,0.004931454021880388,NaN
40241,0.08690235530959237,0.019311634513242748,0.011718982330592279,111,0.7708333333333334,2764,113811305,0.004931454021880388,NaN
40251,0.08690235530959237,0.019311634513242748,0.011717818260104467,111,0.7708333333333334,2764,113838945,0.004931454021880388,NaN
40261,0.08690235530959237,0.019311634513242748,0.011716660468384592,111,0.7708333333333334,2764,113866585,0.004931454021880388,NaN
40271,0.08690235530959237,0.019311634513242748,0.01171550861082145,111,0.7708333333333334,2764,113894225,0.004931454021880388,NaN
40281,0.08690235530959237,0.019311634513242748,0.01171436306727416,111,0.7708333333333334,2764,113921865,0.004931454021880388,NaN
40291,0.08690235530959237,0.019311634513242748,0.011713224027364771,111,0.7708333333333334,2764,113949505,0.004931454021880388,NaN
40301,0.08690235530959237,0.019311634513242748,0.011712089937131454,111,0.7708333333333334,2764,113977145,0.004931454021880388,NaN
40311,0.08690235530959237,0.019311634513242748,0.011710962523511333,111,0.7708333333333334,2764,114004785,0.004931454021880388,NaN
40321,0.08690235530959237,0.019311634513242748,0.011709840658029309,111,0.7708333333333334,2764,114032425,0.004931454021880388,NaN
40331,0.08690235530959237,0.019311634513242748,0.011708724633322775,111,0.7708333333333334,2764,114060065,0.004931454021880388,NaN
40341,0.08690235530959237,0.019311634513242748,0.011707614306278986,111,0.7708333333333334,2764,114087705,0.004931454021880388,NaN
40351,0.08690235530959237,0.019311634513242748,0.01170650914240464,111,0.7708333333333334,2764,114115345,0.004931454021880388,NaN
40361,0.08690235530959237,0.019311634513242748,0.011705409895277767,111,0.7708333333333334,2764,114142985,0.004931454021880388,NaN
40371,0.08690235530959237,0.019311634513242748,0.01170431618064917,111,0.7708333333333334,2764,114170625,0.004931454021880388,NaN
40381,0.08690235530959237,0.019311634513242748,0.011703228081359374,111,0.7708333333333334,2765,114198270,0.004931454021880388,NaN
40391,0.08690235530959237,0.019311634513242748,0.011702145659857513,111,0.7708333333333334,2765,114225920,0.004931454021880388,NaN
40401,0.08690235530959237,0.019311634513242748,0.011701067660341687,111,0.7708333333333334,2765,114253570,0.004931454021880388,NaN
40411,0.08690235530959237,0.019311634513242748,0.011699995228054537,111,0.7708333333333334,2765,114281220,0.004931454021880388,NaN
40421,0.08690235530959237,0.019311634513242748,0.011698928532054752,111,0.7708333333333334,2765,114308870,0.004931454021880388,NaN
40431,0.08690235530959237,0.019311634513242748,0.011697867083535183,111,0.7708333333333334,2765,114336520,0.004931454021880388,NaN
40441,0.08687806264084712,0.01930623614241047,0.011695905063430873,109,0.7569444444444444,2715,114364070,0.004919170193575295,NaN
40451,0.08687806264084712,0.01930623614241047,0.011690373014950323,109,0.7569444444444444,2715,114391220,0.004937670796990312,NaN
40461,0.08687806264084712,0.01930623614241047,0.011684926770118292,109,0.7569444444444444,2715,114418370,0.004835343944089798,NaN
40471,0.08687806264084712,0.01930623614241047,0.011679563284613333,109,0.7569444444444444,2715,114445520,0.005034124216426683,NaN
40481,0.08687806264084712,0.01930623614241047,0.011674281158665135,109,0.7569444444444444,2715,114472670,0.004734819834810777,NaN
40491,0.08687806264084712,0.01930623614241047,0.011669078158406338,109,0.7569444444444444,2715,114499820,0.0046282957101482225,NaN
40501,0.08687806264084712,0.01930623614241047,0.011663952177566602,109,0.7569444444444444,2715,114526970,0.004524699045246994,NaN
40511,0.08687806264084712,0.01930623614241047,0.011658901716029534,109,0.7569444444444444,2715,114554120,0.004511423890640742,NaN
40521,0.08687806264084712,0.01930623614241047,0.0116539243090899,109,0.7569444444444444,2715,114581270,0.004561574865408591,NaN
40531,0.08687806264084712,0.01930623614241047,0.011649017928444562,109,0.7569444444444444,2716,114608426,0.004518765830071381,NaN
40541,0.08687806264084712,0.01930623614241047,0.011644180290437693,109,0.7569444444444444,2716,114635586,0.004493895279243987,NaN
40551,0.08687806264084712,0.01930623614241047,0.011639411133022746,109,0.7569444444444444,2716,114662746,0.004562009791465593,NaN
40561,0.08687806264084712,0.01930623614241047,0.011634709130713664,109,0.7569444444444444,2716,114689906,0.004371618332484728,NaN
40571,0.08687806264084712,0.01930623614241047,0.011630072203705731,109,0.7569444444444444,2716,114717066,0.004004390499447119,NaN
40581,0.08687806264084712,0.01930623614241047,0.011625498568044124,109,0.7569444444444444,2716,114744226,0.003832369862825591,NaN
40591,0.08687806264084712,0.01930623614241047,0.011620987261147782,109,0.7569444444444444,2716,114771386,0.00367569038226101,NaN
40601,0.08687806264084712,0.01930623614241047,0.011616535985911405,109,0.7569444444444444,2716,114798546,0.0035082423210031077,NaN
40611,0.08687806264084712,0.01930623614241047,0.011612144154714704,109,0.7569444444444444,2716,114825706,0.003705583620738029,NaN
40621,0.08687806264084712,0.01930623614241047,0.011607810459096026,109,0.7569444444444444,2716,114852866,0.003839228976911746,NaN
40631,0.08687806264084712,0.01930623614241047,0.011603534035227854,109,0.7569444444444444,2716,114880026,0.0037641575781750536,NaN
40641,0.08687806264084712,0.01930623614241047,0.011599313054032709,109,0.7569444444444444,2716,114907186,0.0034490291640876802,NaN
40651,0.08687806264084712,0.01930623614241047,0.011595145932408832,109,0.7569444444444444,2716,114934346,0.0037123920838736946,NaN
40661,0.08687806264084712,0.01930623614241047,0.011591032370221034,109,0.7569444444444444,2716,114961506,0.003674458184159901,NaN
40671,0.08687806264084712,0.01930623614241047,0.011586970795549845,109,0.7569444444444444,2716,114988666,0.003573174964719261,NaN
40681,0.08687806264084712,0.01930623614241047,0.011582960626864088,109,0.7569444444444444,2716,115015826,0.003539500687001318,NaN
40691,0.08687806264084712,0.01930623614241047,0.011578999606208938,109,0.7569444444444444,2716,115042986,0.0035270065585757404,NaN
40701,0.08687806264084712,0.01930623614241047,0.011575087142851161,109,0.7569444444444444,2716,115070146,0.003411537522473529,NaN
40711,0.08687806264084712,0.01930623614241047,0.011571223017032279,109,0.7569444444444444,2716,115097306,0.00333086276610578,NaN
40721,0.08687806264084712,0.01930623614241047,0.011567404777658078,109,0.7569444444444444,2717,115124476,0.0035157055551107708,NaN
40731,0.08687806264084712,0.01930623614241047,0.011563632088829122,109,0.7569444444444444,2717,115151646,0.0034635462419885243,NaN
40741,0.08687806264084712,0.01930623614241047,0.011559904148716757,109,0.7569444444444444,2717,115178816,0.0033282565206804726,NaN
40751,0.08687806264084712,0.01930623614241047,0.011556220311944103,109,0.7569444444444444,2717,115205986,0.0033231827158505256,NaN
40761,0.08687806264084712,0.01930623614241047,0.011552579913308096,109,0.7569444444444444,2717,115233156,0.003035228188187411,NaN
40771,0.08687806264084712,0.01930623614241047,0.011548981726140403,109,0.7569444444444444,2717,115260326,0.002839102018942885,NaN
40781,0.08687806264084712,0.01930623614241047,0.011545425352040775,109,0.7569444444444444,2717,115287496,0.0028268126462183685,NaN
40791,0.08687806264084712,0.01930623614241047,0.011541909871923208,109,0.7569444444444444,2717,115314666,0.0031152505046797008,NaN
40801,0.08687806264084712,0.01930623614241047,0.011538434012067169,109,0.7569444444444444,2717,115341836,0.0029375946096675265,NaN
40811,0.08687806264084712,0.01930623614241047,0.011534998053102104,109,0.7569444444444444,2717,115369006,0.0028489198231596013,NaN
40821,0.08687806264084712,0.01930623614241047,0.011531599607326512,109,0.7569444444444444,2717,115396176,0.0026690455270848568,NaN
40831,0.08687806264084712,0.01930623614241047,0.011528239422035602,109,0.7569444444444444,2717,115423346,0.0027141954825680714,NaN
40841,0.08687806264084712,0.01930623614241047,0.011524915870179613,109,0.7569444444444444,2717,115450516,0.00274725517290092,NaN
40851,0.08687806264084712,0.01930623614241047,0.011521628760815224,109,0.7569444444444444,2717,115477686,0.0027251280860580707,NaN
40861,0.08687806264084712,0.01930623614241047,0.011518377676683227,109,0.7569444444444444,2717,115504856,0.002694828841951935,NaN
40871,0.08687806264084712,0.01930623614241047,0.011515161505452393,109,0.7569444444444444,2717,115532026,0.002619715087910035,NaN
40881,0.08687806264084712,0.01930623614241047,0.011511979727260471,109,0.7569444444444444,2717,115559196,0.002807101727447192,NaN
40891,0.08687806264084712,0.01930623614241047,0.01150883197908566,109,0.7569444444444444,2717,115586366,0.0027210247860776082,NaN
40901,0.08687806264084712,0.01930623614241047,0.011505717016134285,109,0.7569444444444444,2718,115613539,0.0027711041771344425,NaN
40911,0.08687806264084712,0.01930623614241047,0.011502633777085068,109,0.7569444444444444,2718,115640719,0.002763459365638987,NaN
40921,0.08687806264084712,0.01930623614241047,0.011499582559767182,109,0.7569444444444444,2718,115667899,0.0026950744330102028,NaN
40931,0.08687806264084712,0.01930623614241047,0.01149656272342448,109,0.7569444444444444,2718,115695079,0.0028268018097153402,NaN
40941,0.08687806264084712,0.01930623614241047,0.011493573926575126,109,0.7569444444444444,2718,115722259,0.0029534895174927467,NaN
40951,0.08687806264084712,0.01930623614241047,0.011490615694318593,109,0.7569444444444444,2718,115749439,0.0030864398767705414,NaN
40961,0.08687806264084712,0.01930623614241047,0.011487687666685873,109,0.7569444444444444,2718,115776619,0.003253050810075764,NaN
40971,0.08687806264084712,0.01930623614241047,0.011484788220317257,109,0.7569444444444444,2718,115803799,0.003313847990209784,NaN
40981,0.08687806264084712,0.01930623614241047,0.011481918000835927,109,0.7569444444444444,2718,115830979,0.0033411901829960566,NaN
40991,0.08687806264084712,0.01930623614241047,0.011479076339077625,109,0.7569444444444444,2718,115858159,0.0032713430350131967,NaN
41001,0.08687806264084712,0.01930623614241047,0.01147626238101884,109,0.7569444444444444,2718,115885339,0.0032815321035709055,NaN
41011,0.08687806264084712,0.01930623614241047,0.011473476117764274,109,0.7569444444444444,2718,115912519,0.0033813665908383195,NaN
41021,0.08687806264084712,0.01930623614241047,0.011470716642891033,109,0.7569444444444444,2718,115939699,0.0035282734018431405,NaN
41031,0.08687806264084712,0.01930623614241047,0.011467984115644144,109,0.7569444444444444,2718,115966879,0.003425378104218668,NaN
41041,0.08687806264084712,0.01930623614241047,0.011465277298211179,109,0.7569444444444444,2718,115994059,0.00334933552236627,NaN
41051,0.08687806264084712,0.01930623614241047,0.011462596605585436,109,0.7569444444444444,2718,116021239,0.00332012601270415,NaN
41061,0.08687806264084712,0.01930623614241047,0.011459941328653297,109,0.7569444444444444,2718,116048419,0.0031793823022590595,NaN
41071,0.08687806264084712,0.01930623614241047,0.0114573110744023,109,0.7569444444444444,2718,116075599,0.003088438394930171,NaN
41081,0.08687806264084712,0.01930623614241047,0.011454705243044514,109,0.7569444444444444,2718,116102779,0.0029556677879517546,NaN
41091,0.08687806264084712,0.01930623614241047,0.011452123096062715,109,0.7569444444444444,2719,116129964,0.0029703558927787754,NaN
41101,0.08687806264084712,0.01930623614241047,0.011449564215544737,109,0.7569444444444444,2719,116157154,0.0029386784440291747,NaN
41111,0.08687806264084712,0.01930623614241047,0.011447028533077342,109,0.7569444444444444,2719,116184344,0.0029212361630724937,NaN
41121,0.08687806264084712,0.01930623614241047,0.011444516029000644,109,0.7569444444444444,2719,116211534,0.002989524356554807,NaN
41131,0.08687806264084712,0.01930623614241047,0.011442026143393015,109,0.7569444444444444,2719,116238724,0.0030790699360263574,NaN
41141,0.08687806264084712,0.01930623614241047,0.011439559499033143,109,0.7569444444444444,2719,116265914,0.0033690217156361335,NaN
41151,0.08687806264084712,0.01930623614241047,0.01143711405467567,109,0.7569444444444444,2719,116293104,0.0032306337397878804,NaN
41161,0.08687806264084712,0.01930623614241047,0.011434690252388253,109,0.7569444444444444,2719,116320294,0.0029724104808153684,NaN
41171,0.08687806264084712,0.01930623614241047,0.011432288046816641,109,0.7569444444444444,2719,116347484,0.0030358330150376256,NaN
41181,0.08687806264084712,0.01930623614241047,0.011429906845926797,109,0.7569444444444444,2719,116374674,0.0030521201723979763,NaN
41191,0.08687806264084712,0.01930623614241047,0.011427546269377678,109,0.7569444444444444,2719,116401864,0.0029215226228889724,NaN
41201,0.08687806264084712,0.01930623614241047,0.011425206161544724,109,0.7569444444444444,2719,116429054,0.0030307451037601685,NaN
41211,0.08687806264084712,0.01930623614241047,0.011422886731075894,109,0.7569444444444444,2719,116456244,0.0030270596866773247,NaN
41221,0.08687806264084712,0.01930623614241047,0.011420586715330512,109,0.7569444444444444,2719,116483434,0.0031226670099112064,NaN
41231,0.08687806264084712,0.01930623614241047,0.011418306432436128,109,0.7569444444444444,2719,116510624,0.003080293764333275,NaN
41241,0.08687806264084712,0.01930623614241047,0.01141604517892627,109,0.7569444444444444,2719,116537814,0.0029562467339445675,NaN
41251,0.08687806264084712,0.01930623614241047,0.01141380289304013,109,0.7569444444444444,2719,116565004,0.0028742719011623508,NaN
41261,0.08687806264084712,0.01930623614241047,0.011411579760879318,109,0.7569444444444444,2719,116592194,0.0026367480722165326,NaN
41271,0.08687806264084712,0.01930623614241047,0.011409374932832846,109,0.7569444444444444,2719,116619384,0.0026018671261368587,NaN
41281,0.08687806264084712,0.01930623614241047,0.01140718811963649,109,0.7569444444444444,2720,116646580,0.002593103631273741,NaN
41291,0.08687806264084712,0.01930623614241047,0.011405018720096182,109,0.7569444444444444,2720,116673780,0.0025315015361172533,NaN
41301,0.08687806264084712,0.01930623614241047,0.011402866959771933,109,0.7569444444444444,2720,116700980,0.0024492620427068457,NaN
41311,0.08687806264084712,0.01930623614241047,0.011400732937807455,109,0.7569444444444444,2720,116728180,0.0024503208656441178,NaN
41321,0.08687806264084712,0.01930623614241047,0.011398616046155155,109,0.7569444444444444,2720,116755380,0.0024492620427068457,NaN
41331,0.08687806264084712,0.01930623614241047,0.011396516361643405,109,0.7569444444444444,2720,116782580,0.0024492620427068457,NaN
41341,0.08687806264084712,0.01930623614241047,0.011394433143565896,109,0.7569444444444444,2720,116809780,0.0024492620427068457,NaN
41351,0.08687806264084712,0.01930623614241047,0.01139236664204323,109,0.7569444444444444,2720,116836980,0.0024492620427068457,NaN
41361,0.08687806264084712,0.01930623614241047,0.01139031627528442,109,0.7569444444444444,2720,116864180,0.0024492620427068457,NaN
41371,0.08687806264084712,0.01930623614241047,0.0113882822160374,109,0.7569444444444444,2720,116891380,0.0024492620427068457,NaN
41381,0.08687806264084712,0.01930623614241047,0.01138626434004109,109,0.7569444444444444,2720,116918580,0.0024492620427068457,NaN
41391,0.08687806264084712,0.01930623614241047,0.011384262405329042,109,0.7569444444444444,2720,116945780,0.0024492620427068457,NaN
41401,0.08687806264084712,0.01930623614241047,0.011382275551930684,109,0.7569444444444444,2720,116972980,0.0024492620427068457,NaN
41411,0.08687806264084712,0.01930623614241047,0.011380304154453525,109,0.7569444444444444,2720,117000180,0.0024492620427068457,NaN
41421,0.08687806264084712,0.01930623614241047,0.011378347773552809,109,0.7569444444444444,2720,117027380,0.0024492620427068457,NaN
41431,0.08687806264084712,0.01930623614241047,0.011376406109125962,109,0.7569444444444444,2720,117054580,0.0024492620427068457,NaN
41441,0.08687806264084712,0.01930623614241047,0.011374479461051117,109,0.7569444444444444,2720,117081780,0.0024492620427068457,NaN
41451,0.08687806264084712,0.01930623614241047,0.01137256737812618,109,0.7569444444444444,2720,117108980,0.0024492620427068457,NaN
41461,0.08687806264084712,0.01930623614241047,0.011370669395713963,109,0.7569444444444444,2720,117136180,0.0024492620427068457,NaN
41471,0.08687806264084712,0.01930623614241047,0.011368785289203202,109,0.7569444444444444,2721,117163386,0.0024492620427068457,NaN
41481,0.08687806264084712,0.01930623614241047,0.011366914798713823,109,0.7569444444444444,2721,117190596,0.0024492620427068457,NaN
41491,0.08687806264084712,0.01930623614241047,0.011365058197447979,109,0.7569444444444444,2721,117217806,0.0024492620427068457,NaN
41501,0.08687806264084712,0.01930623614241047,0.01136321530078047,109,0.7569444444444444,2721,117245016,0.0024492620427068457,NaN
41511,0.08687806264084712,0.01930623614241047,0.011361385890964526,109,0.7569444444444444,2721,117272226,0.0024492620427068457,NaN
41521,0.08687806264084712,0.01930623614241047,0.011359569734180525,109,0.7569444444444444,2721,117299436,0.0024492620427068457,NaN
41531,0.08687806264084712,0.01930623614241047,0.011357766886836086,109,0.7569444444444444,2721,117326646,0.0024492620427068457,NaN
41541,0.08687806264084712,0.01930623614241047,0.011355976919095912,109,0.7569444444444444,2721,117353856,0.0024492620427068457,NaN
41551,0.08687806264084712,0.01930623614241047,0.011354200022228533,109,0.7569444444444444,2721,117381066,0.0024492620427068457,NaN
41561,0.08687806264084712,0.01930623614241047,0.011352435549621795,109,0.7569444444444444,2721,117408276,0.0024492620427068457,NaN
41571,0.08687806264084712,0.01930623614241047,0.011350683509829498,109,0.7569444444444444,2721,117435486,0.0024492620427068457,NaN
41581,0.08687806264084712,0.01930623614241047,0.011348944142447533,109,0.7569444444444444,2721,117462696,0.0024492620427068457,NaN
41591,0.08687806264084712,0.01930623614241047,0.011347216874129335,109,0.7569444444444444,2721,117489906,0.0024492620427068457,NaN
41601,0.08687806264084712,0.01930623614241047,0.011345501872220144,109,0.7569444444444444,2721,117517116,0.0024492620427068457,NaN
41611,0.08687806264084712,0.01930623614241047,0.011343798517945787,109,0.7569444444444444,2721,117544326,0.0024492620427068457,NaN
41621,0.08687806264084712,0.01930623614241047,0.011342106835256468,109,0.7569444444444444,2721,117571536,0.0024492620427068457,NaN
41631,0.08687806264084712,0.01930623614241047,0.011340426848946674,109,0.7569444444444444,2721,117598746,0.0024492620427068457,NaN
41641,0.08687806264084712,0.01930623614241047,0.011338758283933745,109,0.7569444444444444,2721,117625956,0.0024492620427068457,NaN
41651,0.08687806264084712,0.01930623614241047,0.011337101236196303,109,0.7569444444444444,2721,117653166,0.0024492620427068457,NaN
41661,0.08687806264084712,0.01930623614241047,0.0113354552819493,109,0.7569444444444444,2722,117680382,0.0024492620427068457,NaN
41671,0.08687806264084712,0.01930623614241047,0.011333819926439804,109,0.7569444444444444,2722,117707602,0.0024492620427068457,NaN
41681,0.08687806264084712,0.01930623614241047,0.011332195607265378,109,0.7569444444444444,2722,117734822,0.0024492620427068457,NaN
41691,0.08687806264084712,0.01930623614241047,0.011330582578092286,109,0.7569444444444444,2722,117762042,0.0024492620427068457,NaN
41701,0.08687806264084712,0.01930623614241047,0.011328980330841374,109,0.7569444444444444,2722,117789262,0.0024492620427068457,NaN
41711,0.08687806264084712,0.01930623614241047,0.011327388679855884,109,0.7569444444444444,2722,117816482,0.0024492620427068457,NaN
41721,0.08687806264084712,0.01930623614241047,0.01132580735400692,109,0.7569444444444444,2722,117843702,0.0024492620427068457,NaN
41731,0.08687806264084712,0.01930623614241047,0.011324236516791212,109,0.7569444444444444,2722,117870922,0.0024492620427068457,NaN
41741,0.08687806264084712,0.01930623614241047,0.011322676245235275,109,0.7569444444444444,2722,117898142,0.0024492620427068457,NaN
41751,0.08687806264084712,0.01930623614241047,0.011321126097997937,109,0.7569444444444444,2722,117925362,0.0024492620427068457,NaN
41761,0.08687806264084712,0.01930623614241047,0.011319585506581633,109,0.7569444444444444,2722,117952582,0.0024492620427068457,NaN
41771,0.08687806264084712,0.01930623614241047,0.011318055498557973,109,0.7569444444444444,2722,117979802,0.0024492620427068457,NaN
41781,0.08687806264084712,0.01930623614241047,0.011316534850413748,109,0.7569444444444444,2722,118007022,0.0024492620427068457,NaN
41791,0.08687806264084712,0.01930623614241047,0.011315023971502663,109,0.7569444444444444,2722,118034242,0.0024492620427068457,NaN
41801,0.08687806264084712,0.01930623614241047,0.011313522706330686,109,0.7569444444444444,2722,118061462,0.0024492620427068457,NaN
41811,0.08687806264084712,0.01930623614241047,0.011312031151521532,109,0.7569444444444444,2722,118088682,0.0024492620427068457,NaN
41821,0.08687806264084712,0.01930623614241047,0.011310548970007134,109,0.7569444444444444,2722,118115902,0.0024492620427068457,NaN
41831,0.08687806264084712,0.01930623614241047,0.011309076278708044,109,0.7569444444444444,2722,118143122,0.0024492620427068457,NaN
41841,0.08687806264084712,0.01930623614241047,0.011307612760626397,109,0.7569444444444444,2722,118170342,0.0024492620427068457,NaN
41851,0.08687806264084712,0.01930623614241047,0.011306158093000151,109,0.7569444444444444,2723,118197566,0.0024492620427068457,NaN
41861,0.08687806264084712,0.01930623614241047,0.011304712483592924,109,0.7569444444444444,2723,118224796,0.0024492620427068457,NaN
41871,0.08687806264084712,0.01930623614241047,0.011303275573782808,109,0.7569444444444444,2723,118252026,0.0024492620427068457,NaN
41881,0.08687806264084712,0.01930623614241047,0.01130184744570061,109,0.7569444444444444,2723,118279256,0.0024492620427068457,NaN
41891,0.08687806264084712,0.01930623614241047,0.01130042852447944,109,0.7569444444444444,2723,118306486,0.0024492620427068457,NaN
41901,0.08687806264084712,0.01930623614241047,0.011299017619991364,109,0.7569444444444444,2723,118333716,0.0024492620427068457,NaN
41911,0.08687806264084712,0.01930623614241047,0.011297615469842983,109,0.7569444444444444,2723,118360946,0.0024492620427068457,NaN
41921,0.08687806264084712,0.01930623614241047,0.011296222162118896,109,0.7569444444444444,2723,118388176,0.0024492620427068457,NaN
41931,0.08687806264084712,0.01930623614241047,0.011294837083150306,109,0.7569444444444444,2723,118415406,0.0024492620427068457,NaN
41941,0.08687806264084712,0.01930623614241047,0.011293460412728218,109,0.7569444444444444,2723,118442636,0.0024492620427068457,NaN
41951,0.08687806264084712,0.01930623614241047,0.011292091817413835,109,0.7569444444444444,2723,118469866,0.0024492620427068457,NaN
41961,0.08687806264084712,0.01930623614241047,0.0112907315066984,109,0.7569444444444444,2723,118497096,0.0024492620427068457,NaN
41971,0.08687806264084712,0.01930623614241047,0.01128937906872922,109,0.7569444444444444,2723,118524326,0.0024492620427068457,NaN
41981,0.08687806264084712,0.01930623614241047,0.011288034934971049,109,0.7569444444444444,2723,118551556,0.0024492620427068457,NaN
41991,0.08687806264084712,0.01930623614241047,0.011286698510656317,109,0.7569444444444444,2723,118578786,0.0024492620427068457,NaN
42001,0.08687806264084712,0.01930623614241047,0.011285369642533991,109,0.7569444444444444,2723,118606016,0.0024492620427068457,NaN
42011,0.08687806264084712,0.01930623614241047,0.011284048928361214,109,0.7569444444444444,2723,118633246,0.0024492620427068457,NaN
42021,0.08687806264084712,0.01930623614241047,0.011282735777550021,109,0.7569444444444444,2723,118660476,0.0024492620427068457,NaN
42031,0.08687806264084712,0.01930623614241047,0.01128143048902422,109,0.7569444444444444,2723,118687706,0.0024492620427068457,NaN
42041,0.08687806264084712,0.01930623614241047,0.01128013251488328,109,0.7569444444444444,2724,118714938,0.0024492620427068457,NaN
42051,0.08687806264084712,0.01930623614241047,0.01127884164411657,109,0.7569444444444444,2724,118742178,0.0024492620427068457,NaN
42061,0.08687806264084712,0.01930623614241047,0.011277558011266604,109,0.7569444444444444,2724,118769418,0.0024492620427068457,NaN
42071,0.08687806264084712,0.01930623614241047,0.01127628162234556,109,0.7569444444444444,2724,118796658,0.0024492620427068457,NaN
42081,0.08687806264084712,0.01930623614241047,0.011275012293976757,109,0.7569444444444444,2724,118823898,0.0024492620427068457,NaN
42091,0.08687806264084712,0.01930623614241047,0.011273750633062775,109,0.7569444444444444,2724,118851138,0.0024492620427068457,NaN
42101,0.08687806264084712,0.01930623614241047,0.011272496070434726,109,0.7569444444444444,2724,118878378,0.0024492620427068457,NaN
42111,0.08687806264084712,0.01930623614241047,0.011271248390064917,109,0.7569444444444444,2724,118905618,0.0024492620427068457,NaN
42121,0.08687806264084712,0.01930623614241047,0.011270007613121165,109,0.7569444444444444,2724,118932858,0.0024492620427068457,NaN
42131,0.08687806264084712,0.01930623614241047,0.01126877398569141,109,0.7569444444444444,2724,118960098,0.0024492620427068457,NaN
42141,0.08687806264084712,0.01930623614241047,0.011267546984469391,109,0.7569444444444444,2724,118987338,0.0024492620427068457,NaN
42151,0.08687806264084712,0.01930623614241047,0.011266326801832843,109,0.7569444444444444,2724,119014578,0.0024492620427068457,NaN
42161,0.08687806264084712,0.01930623614241047,0.011265113491929706,109,0.7569444444444444,2724,119041818,0.0024492620427068457,NaN
42171,0.08687806264084712,0.01930623614241047,0.011263906947059492,109,0.7569444444444444,2724,119069058,0.0024492620427068457,NaN
42181,0.08687806264084712,0.01930623614241047,0.01126270677810419,109,0.7569444444444444,2724,119096298,0.0024492620427068457,NaN
42191,0.08687806264084712,0.01930623614241047,0.011261512928877412,109,0.7569444444444444,2724,119123538,0.0024492620427068457,NaN
42201,0.08687806264084712,0.01930623614241047,0.011260325929051714,109,0.7569444444444444,2724,119150778,0.0024492620427068457,NaN
42211,0.08687806264084712,0.01930623614241047,0.01125914528830852,109,0.7569444444444444,2724,119178018,0.0024492620427068457,NaN
42221,0.08687806264084712,0.01930623614241047,0.011257971105243668,109,0.7569444444444444,2724,119205258,0.0024492620427068457,NaN
42231,0.08687806264084712,0.01930623614241047,0.011256803080498458,109,0.7569444444444444,2724,119232498,0.0024492620427068457,NaN
42241,0.08687806264084712,0.01930623614241047,0.011255640899776978,109,0.7569444444444444,2725,119259746,0.0024492620427068457,NaN
42251,0.08687806264084712,0.01930623614241047,0.011254485011393834,109,0.7569444444444444,2725,119286996,0.0024492620427068457,NaN
42261,0.08687806264084712,0.01930623614241047,0.011253335198146454,109,0.7569444444444444,2725,119314246,0.0024492620427068457,NaN
42271,0.08687806264084712,0.01930623614241047,0.011252191389190895,109,0.7569444444444444,2725,119341496,0.0024492620427068457,NaN
42281,0.08687806264084712,0.01930623614241047,0.011251053812522572,109,0.7569444444444444,2725,119368746,0.0024492620427068457,NaN
42291,0.08687806264084712,0.01930623614241047,0.011249922189225022,109,0.7569444444444444,2725,119395996,0.0024492620427068457,NaN
42301,0.08687806264084712,0.01930623614241047,0.011248796464974169,109,0.7569444444444444,2725,119423246,0.0024492620427068457,NaN
42311,0.08687806264084712,0.01930623614241047,0.011247676848593733,109,0.7569444444444444,2725,119450496,0.0024492620427068457,NaN
42321,0.08687806264084712,0.01930623614241047,0.011246562723007157,109,0.7569444444444444,2725,119477746,0.0024492620427068457,NaN
42331,0.08687806264084712,0.01930623614241047,0.011245454385418463,109,0.7569444444444444,2725,119504996,0.0024492620427068457,NaN
42341,0.08687806264084712,0.01930623614241047,0.01124435161091192,109,0.7569444444444444,2725,119532246,0.0024492620427068457,NaN
42351,0.08687806264084712,0.01930623614241047,0.011243254391442588,109,0.7569444444444444,2725,119559496,0.0024492620427068457,NaN
42361,0.08687806264084712,0.01930623614241047,0.01124216271694526,109,0.7569444444444444,2725,119586746,0.0024492620427068457,NaN
42371,0.08687806264084712,0.01930623614241047,0.011241076972034279,109,0.7569444444444444,2725,119613996,0.0024492620427068457,NaN
42381,0.08687806264084712,0.01930623614241047,0.011239996859349911,109,0.7569444444444444,2725,119641246,0.0024492620427068457,NaN
42391,0.08687806264084712,0.01930623614241047,0.011238921964094447,109,0.7569444444444444,2725,119668496,0.0024492620427068457,NaN
42401,0.08687806264084712,0.01930623614241047,0.011237852639461133,109,0.7569444444444444,2725,119695746,0.0024492620427068457,NaN
42411,0.08687806264084712,0.01930623614241047,0.01123678877608069,109,0.7569444444444444,2725,119722996,0.0024492620427068457,NaN
42421,0.08687806264084712,0.01930623614241047,0.011235730194433219,109,0.7569444444444444,2725,119750246,0.0024492620427068457,NaN
42431,0.08687806264084712,0.01930623614241047,0.011234676834505663,109,0.7569444444444444,2726,119777500,0.0024492620427068457,NaN
42441,0.08687806264084712,0.01930623614241047,0.011233628236374988,109,0.7569444444444444,2726,119804760,0.0024492620427068457,NaN
42451,0.08687806264084712,0.01930623614241047,0.011232584830852526,109,0.7569444444444444,2726,119832020,0.0024492620427068457,NaN
42461,0.08687806264084712,0.01930623614241047,0.011231546733705557,109,0.7569444444444444,2726,119859280,0.0024492620427068457,NaN
42471,0.08687806264084712,0.01930623614241047,0.011230513745595451,109,0.7569444444444444,2726,119886540,0.0024492620427068457,NaN
42481,0.08687806264084712,0.01930623614241047,0.011229485557411193,109,0.7569444444444444,2726,119913800,0.0024492620427068457,NaN
42491,0.08665786030883635,0.019247274821901778,0.011225801654933495,107,0.7430555555555556,2676,119940760,0.0025022658065486647,NaN
42501,0.08622137678728796,0.019150403776836963,0.011220411515744586,107,0.7430555555555556,2676,119967520,0.0027704915488366844,NaN
42511,0.08579731373916985,0.01905702443368171,0.01121510371445644,107,0.7430555555555556,2676,119994280,0.002852034029008854,NaN
42521,0.08536449345243921,0.01896028390457603,0.011209875429398643,107,0.7430555555555556,2676,120021040,0.002802885609664074,NaN
42531,0.08494585559952776,0.01886786409481997,0.011204724751447844,107,0.7430555555555556,2676,120047800,0.0027032561949620892,NaN
42541,0.08454199453607764,0.018777272762830064,0.011199649961698246,107,0.7430555555555556,2676,120074560,0.002936484983646459,NaN
42551,0.08413771186504525,0.018688296168843564,0.011194649064448716,107,0.7430555555555556,2676,120101320,0.0030101953468602005,NaN
42561,0.08373764246698207,0.018599337945866642,0.011189720624232449,107,0.7430555555555556,2676,120128080,0.0032982583348195593,NaN
42571,0.08333365786708014,0.0185100333120305,0.01118486255476645,107,0.7430555555555556,2676,120154840,0.0033640064627838973,NaN
42581,0.0829553923671651,0.01842504522421617,0.011180073437548916,107,0.7430555555555556,2676,120181600,0.003304682996498276,NaN
42591,0.08257314702757361,0.018341217711094298,0.01117535101814642,107,0.7430555555555556,2676,120208360,0.003209399462968998,NaN
42601,0.08218976116837999,0.018255046673144266,0.011170694389881287,107,0.7430555555555556,2676,120235120,0.0031355550551677713,NaN
42611,0.08180659760532162,0.01817106040098951,0.011166101497162163,107,0.7430555555555556,2676,120261880,0.003027497608842966,NaN
42621,0.08143636790339008,0.0180887311343937,0.011161571485238758,107,0.7430555555555556,2676,120288640,0.0033585593548030035,NaN
42631,0.08109216572716875,0.01801191906645199,0.011157102075978942,107,0.7430555555555556,2677,120315405,0.0033450289836826075,NaN
42641,0.08072621122910448,0.01793153648365405,0.011152691516080632,107,0.7430555555555556,2677,120342175,0.0035719226106037394,NaN
42651,0.08037394886873361,0.017852870396019047,0.011148339239485789,107,0.7430555555555556,2677,120368945,0.003487396765313122,NaN
42661,0.08003069138360193,0.017777427894228388,0.011144044171287929,107,0.7430555555555556,2677,120395715,0.003215836730343924,NaN
42671,0.07969026225599378,0.017700966288486414,0.011139804847632264,107,0.7430555555555556,2677,120422485,0.002883048918625619,NaN
42681,0.07935292981962411,0.01762601744607341,0.011135620528830293,107,0.7430555555555556,2677,120449255,0.0027534555579398212,NaN
42691,0.07901626906204191,0.017552209694643748,0.011131489559500269,107,0.7430555555555556,2677,120476025,0.0026020819768662884,NaN
42701,0.07868355965915766,0.017477863917507972,0.01112741120019563,107,0.7430555555555556,2677,120502795,0.0025716196060278085,NaN
42711,0.07836178118770855,0.01740670715100081,0.01112338412538459,107,0.7430555555555556,2677,120529565,0.0026360810890056485,NaN
42721,0.07803798972554467,0.017334439475801416,0.011119407484909884,107,0.7430555555555556,2677,120556335,0.00293433403463339,NaN
42731,0.07771553334198567,0.017263356256111424,0.011115479712825373,107,0.7430555555555556,2677,120583105,0.0029272378048473824,NaN
42741,0.07740476355949004,0.017193944862103207,0.011111599984431628,107,0.7430555555555556,2677,120609875,0.0028590043592542913,NaN
42751,0.07708894490972408,0.017124178105179192,0.011107767621382948,107,0.7430555555555556,2677,120636645,0.0028054901283742772,NaN
42761,0.07678049691660976,0.017055594978307158,0.011103981682733076,107,0.7430555555555556,2677,120663415,0.0029874002304209335,NaN
42771,0.0764806492402296,0.016989341318523442,0.01110024102323919,107,0.7430555555555556,2677,120690185,0.0032009298736468406,NaN
42781,0.0761878234311856,0.016924894565622597,0.011096544537478754,107,0.7430555555555556,2677,120716955,0.0031697319363309107,NaN
42791,0.07589376337421591,0.016858409175608834,0.011092891485470094,107,0.7430555555555556,2677,120743725,0.0030453519882530644,NaN
42801,0.07560549595715363,0.016794756349838517,0.011089281263512225,107,0.7430555555555556,2677,120770495,0.0031918747972369266,NaN
42811,0.07532056066615869,0.01673179693894291,0.011085712901920142,107,0.7430555555555556,2677,120797265,0.0032101039336929205,NaN
42821,0.07503923214651846,0.016669687415377308,0.011082185556315873,107,0.7430555555555556,2677,120824035,0.0034757638196108442,NaN
42831,0.07475515967806554,0.016606681801932973,0.011078697760757365,107,0.7430555555555556,2678,120850811,0.00341110697325836,NaN
42841,0.07447808268377012,0.016544327463625375,0.01107524883846902,107,0.7430555555555556,2678,120877591,0.003292959531308759,NaN
42851,0.07419848771019824,0.01648215921706522,0.011071838364998237,107,0.7430555555555556,2678,120904371,0.0032872512238069085,NaN
42861,0.07392370430937167,0.016421509569061597,0.01106846610847932,107,0.7430555555555556,2678,120931151,0.003486629275206987,NaN
42871,0.07365065913175171,0.016361556981999946,0.011065131046955471,107,0.7430555555555556,2678,120957931,0.0031578475034494957,NaN
42881,0.0733771266019704,0.016299971849320426,0.011061832670451152,107,0.7430555555555556,2678,120984711,0.003199914478900334,NaN
42891,0.0731194278803452,0.016243030789717724,0.011058570408279322,107,0.7430555555555556,2678,121011491,0.0032322249734700326,NaN
42901,0.07286154542204902,0.016185459095019825,0.011055343604710747,107,0.7430555555555556,2678,121038271,0.0031612588843183964,NaN
42911,0.07260245344971494,0.016128236936914394,0.011052151099228372,107,0.7430555555555556,2678,121065051,0.003064904500931498,NaN
42921,0.07235449312676787,0.01607358007143647,0.011048992660575196,107,0.7430555555555556,2678,121091831,0.0030510234993724183,NaN
42931,0.07210296879336905,0.016017175589692064,0.01104586749065399,107,0.7430555555555556,2678,121118611,0.003043087855574611,NaN
42941,0.07184669654827625,0.015960567761636804,0.01104277536167184,107,0.7430555555555556,2678,121145391,0.0030692822276766063,NaN
42951,0.07160470733522965,0.015906798749816667,0.011039715273420415,107,0.7430555555555556,2678,121172171,0.0027628895670053777,NaN
42961,0.07136229749327878,0.01585319475512862,0.01103668696276365,107,0.7430555555555556,2678,121198951,0.0027289378444818047,NaN
42971,0.0711154209924563,0.015797685795282162,0.01103368976691828,107,0.7430555555555556,2678,121225731,0.002779349348743243,NaN
42981,0.07087526644727929,0.015744929474999333,0.011030723483329166,107,0.7430555555555556,2678,121252511,0.002897637272870457,NaN
42991,0.07063891823803302,0.015692319378961733,0.01102778713491255,107,0.7430555555555556,2678,121279291,0.0029287014388192922,NaN
43001,0.07040176801315123,0.015640229248778746,0.01102488022125469,107,0.7430555555555556,2678,121306071,0.002944815133662848,NaN
43011,0.07017489942282915,0.015589691037628662,0.011022002658707196,107,0.7430555555555556,2678,121332851,0.002968627809430968,NaN
43021,0.06994554885750447,0.015538195786412733,0.011019153361355612,107,0.7430555555555556,2678,121359631,0.00304480357960607,NaN
43031,0.06971713039476013,0.01548762359133819,0.011016331757526076,107,0.7430555555555556,2679,121386416,0.0028594671384690185,NaN
43041,0.06949767433214814,0.015438904365102651,0.011013537416450907,107,0.7430555555555556,2679,121413206,0.002916648421857071,NaN
43051,0.06927608212265081,0.015389784141231442,0.011010770243658943,107,0.7430555555555556,2679,121439996,0.0029087594920692017,NaN
43061,0.06919690902434508,0.015377090894298909,0.011008029862666129,107,0.7430555555555556,2679,121466786,0.0028249608599227316,NaN
43071,0.06919690902434508,0.015377090894298909,0.011005315799208479,107,0.7430555555555556,2679,121493576,0.0028458775765146105,NaN
43081,0.06919690902434508,0.015377090894298909,0.011002627616389043,107,0.7430555555555556,2679,121520366,0.00266375003878494,NaN
43091,0.06919690902434508,0.015377090894298909,0.01099996476239746,107,0.7430555555555556,2679,121547156,0.0026015931266313297,NaN
43101,0.06919690902434508,0.015377090894298909,0.010997327178075183,107,0.7430555555555556,2679,121573946,0.0025179649544607163,NaN
43111,0.06919690902434508,0.015377090894298909,0.010994714258318947,107,0.7430555555555556,2679,121600736,0.0024922213177734354,NaN
43121,0.06919690902434508,0.015377090894298909,0.010992125638287735,107,0.7430555555555556,2679,121627526,0.002586682590915601,NaN
43131,0.06919690902434508,0.015377090894298909,0.010989560828430552,107,0.7430555555555556,2679,121654316,0.0024492620427068457,NaN
43141,0.06919690902434508,0.015377090894298909,0.01098701974098598,107,0.7430555555555556,2679,121681106,0.0024492620427068457,NaN
43151,0.06919690902434508,0.015377090894298909,0.01098450186373001,107,0.7430555555555556,2679,121707896,0.0024492620427068457,NaN
43161,0.06919690902434508,0.015377090894298909,0.010982006945194961,107,0.7430555555555556,2679,121734686,0.0024492620427068457,NaN
43171,0.06919690902434508,0.015377090894298909,0.010979534372455208,107,0.7430555555555556,2679,121761476,0.0024492620427068457,NaN
43181,0.06919690902434508,0.015377090894298909,0.010977083956541447,107,0.7430555555555556,2679,121788266,0.0024492620427068457,NaN
43191,0.06919690902434508,0.015377090894298909,0.010974655372194643,107,0.7430555555555556,2679,121815056,0.0024492620427068457,NaN
43201,0.06919690902434508,0.015377090894298909,0.010972248415730624,107,0.7430555555555556,2679,121841846,0.0024492620427068457,NaN
43211,0.06919690902434508,0.015377090894298909,0.01096986236191758,107,0.7430555555555556,2679,121868636,0.0024492620427068457,NaN
43221,0.06919690902434508,0.015377090894298909,0.010967497217445499,107,0.7430555555555556,2679,121895426,0.0024492620427068457,NaN
43231,0.06919690902434508,0.015377090894298909,0.010965152300273636,107,0.7430555555555556,2680,121922220,0.0024492620427068457,NaN
43241,0.06919690902434508,0.015377090894298909,0.010962827265343523,107,0.7430555555555556,2680,121949020,0.0024492620427068457,NaN
43251,0.06919690902434508,0.015377090894298909,0.010960522250824022,107,0.7430555555555556,2680,121975820,0.0024492620427068457,NaN
43261,0.06919690902434508,0.015377090894298909,0.010958236729826976,107,0.7430555555555556,2680,122002620,0.0024492620427068457,NaN
43271,0.06919690902434508,0.015377090894298909,0.010955970802576714,107,0.7430555555555556,2680,122029420,0.0024492620427068457,NaN
43281,0.06919690902434508,0.015377090894298909,0.01095372372093395,107,0.7430555555555556,2680,122056220,0.0024492620427068457,NaN
43291,0.06919690902434508,0.015377090894298909,0.010951495582936925,107,0.7430555555555556,2680,122083020,0.0024492620427068457,NaN
43301,0.06919690902434508,0.015377090894298909,0.010949286265987374,107,0.7430555555555556,2680,122109820,0.0024492620427068457,NaN
43311,0.06919690902434508,0.015377090894298909,0.01094709556135799,107,0.7430555555555556,2680,122136620,0.0024492620427068457,NaN
43321,0.06919690902434508,0.015377090894298909,0.010944922707700727,107,0.7430555555555556,2680,122163420,0.0024492620427068457,NaN
43331,0.06919690902434508,0.015377090894298909,0.01094276752690779,107,0.7430555555555556,2680,122190220,0.0024492620427068457,NaN
43341,0.06919690902434508,0.015377090894298909,0.010940629989740701,107,0.7430555555555556,2680,122217020,0.0024492620427068457,NaN
43351,0.06919690902434508,0.015377090894298909,0.010938509725343507,107,0.7430555555555556,2680,122243820,0.0024492620427068457,NaN
43361,0.06919690902434508,0.015377090894298909,0.010936406694108457,107,0.7430555555555556,2680,122270620,0.0024492620427068457,NaN
43371,0.06919690902434508,0.015377090894298909,0.010934320633976556,107,0.7430555555555556,2680,122297420,0.0024492620427068457,NaN
43381,0.06919690902434508,0.015377090894298909,0.010932251364242647,107,0.7430555555555556,2680,122324220,0.0024492620427068457,NaN
43391,0.06919690902434508,0.015377090894298909,0.01093019833363529,107,0.7430555555555556,2680,122351020,0.0024492620427068457,NaN
43401,0.06919690902434508,0.015377090894298909,0.010928161824461142,107,0.7430555555555556,2680,122377820,0.0024492620427068457,NaN
43411,0.06919690902434508,0.015377090894298909,0.01092614075526704,107,0.7430555555555556,2680,122404620,0.0024492620427068457,NaN
43421,0.06919690902434508,0.015377090894298909,0.010924135492981494,107,0.7430555555555556,2680,122431420,0.0024492620427068457,NaN
43431,0.06919690902434508,0.015377090894298909,0.01092214586004493,107,0.7430555555555556,2681,122458221,0.0024492620427068457,NaN
43441,0.06919690902434508,0.015377090894298909,0.010920170896814305,107,0.7430555555555556,2681,122485031,0.0024492620427068457,NaN
43451,0.06919690902434508,0.015377090894298909,0.010918211134314211,107,0.7430555555555556,2681,122511841,0.0024492620427068457,NaN
43461,0.06919690902434508,0.015377090894298909,0.010916266282248614,107,0.7430555555555556,2681,122538651,0.0024492620427068457,NaN
43471,0.06919690902434508,0.015377090894298909,0.010914336379128019,107,0.7430555555555556,2681,122565461,0.0024492620427068457,NaN
43481,0.06919690902434508,0.015377090894298909,0.010912421084207907,107,0.7430555555555556,2681,122592271,0.0024492620427068457,NaN
43491,0.06919690902434508,0.015377090894298909,0.01091052035263066,107,0.7430555555555556,2681,122619081,0.0024492620427068457,NaN
43501,0.06919690902434508,0.015377090894298909,0.010908633876968875,107,0.7430555555555556,2681,122645891,0.0024492620427068457,NaN
43511,0.06919690902434508,0.015377090894298909,0.010906761198210815,107,0.7430555555555556,2681,122672701,0.0024492620427068457,NaN
43521,0.06919690902434508,0.015377090894298909,0.010904902612249471,107,0.7430555555555556,2681,122699511,0.0024492620427068457,NaN
43531,0.06919690902434508,0.015377090894298909,0.01090305763322323,107,0.7430555555555556,2681,122726321,0.0024492620427068457,NaN
43541,0.06919690902434508,0.015377090894298909,0.010901226556464,107,0.7430555555555556,2681,122753131,0.0024492620427068457,NaN
43551,0.06919690902434508,0.015377090894298909,0.010899408569615784,107,0.7430555555555556,2681,122779941,0.0024492620427068457,NaN
43561,0.06919690902434508,0.015377090894298909,0.010897603502967068,107,0.7430555555555556,2681,122806751,0.0024492620427068457,NaN
43571,0.06919690902434508,0.015377090894298909,0.0108958117848002,107,0.7430555555555556,2681,122833561,0.0024492620427068457,NaN
43581,0.06919690902434508,0.015377090894298909,0.01089403286984558,107,0.7430555555555556,2681,122860371,0.0024492620427068457,NaN
43591,0.06919690902434508,0.015377090894298909,0.010892266619557668,107,0.7430555555555556,2681,122887181,0.0024492620427068457,NaN
43601,0.06919690902434508,0.015377090894298909,0.010890513382062721,107,0.7430555555555556,2681,122913991,0.0024492620427068457,NaN
43611,0.06919690902434508,0.015377090894298909,0.010888772075288253,107,0.7430555555555556,2681,122940801,0.0024492620427068457,NaN
43621,0.06919690902434508,0.015377090894298909,0.010887043354928736,107,0.7430555555555556,2681,122967611,0.0024492620427068457,NaN
43631,0.06919690902434508,0.015377090894298909,0.0108853267647747,107,0.7430555555555556,2681,122994421,0.0024492620427068457,NaN
43641,0.06919690902434508,0.015377090894298909,0.010883621710797202,107,0.7430555555555556,2682,123021239,0.0024492620427068457,NaN
43651,0.06919690902434508,0.015377090894298909,0.010881928261705682,107,0.7430555555555556,2682,123048059,0.0024492620427068457,NaN
43661,0.06919690902434508,0.015377090894298909,0.010880246711373694,107,0.7430555555555556,2682,123074879,0.0024492620427068457,NaN
43671,0.06919690902434508,0.015377090894298909,0.010878576582764544,107,0.7430555555555556,2682,123101699,0.0024492620427068457,NaN
43681,0.06919690902434508,0.015377090894298909,0.010876918013734596,107,0.7430555555555556,2682,123128519,0.0024492620427068457,NaN
43691,0.06919690902434508,0.015377090894298909,0.010875270638209467,107,0.7430555555555556,2682,123155339,0.0024492620427068457,NaN
43701,0.06919690902434508,0.015377090894298909,0.010873634638825284,107,0.7430555555555556,2682,123182159,0.0024492620427068457,NaN
43711,0.06919690902434508,0.015377090894298909,0.010872009506409224,107,0.7430555555555556,2682,123208979,0.0024492620427068457,NaN
43721,0.06919690902434508,0.015377090894298909,0.010870395412393284,107,0.7430555555555556,2682,123235799,0.0024492620427068457,NaN
43731,0.06919690902434508,0.015377090894298909,0.010868792021920431,107,0.7430555555555556,2682,123262619,0.0024492620427068457,NaN
43741,0.06919690902434508,0.015377090894298909,0.010867199499645801,107,0.7430555555555556,2682,123289439,0.0024492620427068457,NaN
43751,0.06919690902434508,0.015377090894298909,0.01086561760236348,107,0.7430555555555556,2682,123316259,0.0024492620427068457,NaN
43761,0.06919690902434508,0.015377090894298909,0.010864046018737769,107,0.7430555555555556,2682,123343079,0.0024492620427068457,NaN
43771,0.06919690902434508,0.015377090894298909,0.01086248478556274,107,0.7430555555555556,2682,123369899,0.0024492620427068457,NaN
43781,0.06919690902434508,0.015377090894298909,0.010860933802657315,107,0.7430555555555556,2682,123396719,0.0024492620427068457,NaN
43791,0.06919690902434508,0.015377090894298909,0.010859392859673429,107,0.7430555555555556,2682,123423539,0.0024492620427068457,NaN
43801,0.06919690902434508,0.015377090894298909,0.010857862001765145,107,0.7430555555555556,2682,123450359,0.0024492620427068457,NaN
43811,0.06919690902434508,0.015377090894298909,0.010856341004393403,107,0.7430555555555556,2682,123477179,0.0024492620427068457,NaN
43821,0.06919690902434508,0.015377090894298909,0.010854830050916512,107,0.7430555555555556,2682,123503999,0.0024492620427068457,NaN
43831,0.06919690902434508,0.015377090894298909,0.010853328574372269,107,0.7430555555555556,2682,123530819,0.0024492620427068457,NaN
43841,0.06919690902434508,0.015377090894298909,0.010851836416004469,107,0.7430555555555556,2683,123557642,0.0024492620427068457,NaN
43851,0.06919690902434508,0.015377090894298909,0.01085035325379327,107,0.7430555555555556,2683,123584472,0.0024492620427068457,NaN
43861,0.06919690902434508,0.015377090894298909,0.010848879650324349,107,0.7430555555555556,2683,123611302,0.0024492620427068457,NaN
43871,0.06919690902434508,0.015377090894298909,0.010847415231611241,107,0.7430555555555556,2683,123638132,0.0024492620427068457,NaN
43881,0.06919690902434508,0.015377090894298909,0.010845960085989157,107,0.7430555555555556,2683,123664962,0.0024492620427068457,NaN
43891,0.06919690902434508,0.015377090894298909,0.01084451404237239,107,0.7430555555555556,2683,123691792,0.0024492620427068457,NaN
43901,0.06919690902434508,0.015377090894298909,0.01084307703635427,107,0.7430555555555556,2683,123718622,0.0024492620427068457,NaN
43911,0.06919690902434508,0.015377090894298909,0.010841648669943874,107,0.7430555555555556,2683,123745452,0.0024492620427068457,NaN
43921,0.06919690902434508,0.015377090894298909,0.010840229314389513,107,0.7430555555555556,2683,123772282,0.0024492620427068457,NaN
43931,0.06919690902434508,0.015377090894298909,0.010838818561829923,107,0.7430555555555556,2683,123799112,0.0024492620427068457,NaN
43941,0.06919690902434508,0.015377090894298909,0.010837416487673803,107,0.7430555555555556,2683,123825942,0.0024492620427068457,NaN
43951,0.06919690902434508,0.015377090894298909,0.010836022968733773,107,0.7430555555555556,2683,123852772,0.0024492620427068457,NaN
43961,0.06919690902434508,0.015377090894298909,0.010834637865767514,107,0.7430555555555556,2683,123879602,0.0024492620427068457,NaN
43971,0.06919690902434508,0.015377090894298909,0.01083326103694352,107,0.7430555555555556,2683,123906432,0.0024492620427068457,NaN
43981,0.06919690902434508,0.015377090894298909,0.0108318928119951,107,0.7430555555555556,2683,123933262,0.0024492620427068457,NaN
43991,0.06919690902434508,0.015377090894298909,0.010830532455284337,107,0.7430555555555556,2683,123960092,0.0024492620427068457,NaN
44001,0.06919690902434508,0.015377090894298909,0.01082918023670271,107,0.7430555555555556,2683,123986922,0.0024492620427068457,NaN
44011,0.06919690902434508,0.015377090894298909,0.010827836029881473,107,0.7430555555555556,2683,124013752,0.0024492620427068457,NaN
44021,0.06919690902434508,0.015377090894298909,0.01082649969706471,107,0.7430555555555556,2683,124040582,0.0024492620427068457,NaN
44031,0.06919690902434508,0.015377090894298909,0.01082517129287109,107,0.7430555555555556,2683,124067412,0.0024492620427068457,NaN
44041,0.06919690902434508,0.015377090894298909,0.010823850768882938,107,0.7430555555555556,2683,124094242,0.0024492620427068457,NaN
44051,0.06919690902434508,0.015377090894298909,0.010822537500763875,107,0.7430555555555556,2684,124121080,0.0024492620427068457,NaN
44061,0.06919690902434508,0.015377090894298909,0.010821231763758448,107,0.7430555555555556,2684,124147920,0.0024492620427068457,NaN
44071,0.06919690902434508,0.015377090894298909,0.010819933582210561,107,0.7430555555555556,2684,124174760,0.0024492620427068457,NaN
44081,0.06919690902434508,0.015377090894298909,0.010818643025104838,107,0.7430555555555556,2684,124201600,0.0024492620427068457,NaN
44091,0.06919690902434508,0.015377090894298909,0.010817359767509183,107,0.7430555555555556,2684,124228440,0.0024492620427068457,NaN
44101,0.06919690902434508,0.015377090894298909,0.01081608382148836,107,0.7430555555555556,2684,124255280,0.0024492620427068457,NaN
44111,0.06919690902434508,0.015377090894298909,0.010814815222104193,107,0.7430555555555556,2684,124282120,0.0024492620427068457,NaN
44121,0.06919690902434508,0.015377090894298909,0.010813553737543297,107,0.7430555555555556,2684,124308960,0.0024492620427068457,NaN
44131,0.06919690902434508,0.015377090894298909,0.010812299582240283,107,0.7430555555555556,2684,124335800,0.0024492620427068457,NaN
44141,0.06919690902434508,0.015377090894298909,0.010811052420663466,107,0.7430555555555556,2684,124362640,0.0024492620427068457,NaN
44151,0.06919690902434508,0.015377090894298909,0.010809812181490597,107,0.7430555555555556,2684,124389480,0.0024492620427068457,NaN
44161,0.06919690902434508,0.015377090894298909,0.010808578780449007,107,0.7430555555555556,2684,124416320,0.0024492620427068457,NaN
44171,0.06919690902434508,0.015377090894298909,0.01080735235604329,107,0.7430555555555556,2684,124443160,0.0024492620427068457,NaN
44181,0.06919690902434508,0.015377090894298909,0.010806132931447887,107,0.7430555555555556,2684,124470000,0.0024492620427068457,NaN
44191,0.06919690902434508,0.015377090894298909,0.010804920219253635,107,0.7430555555555556,2684,124496840,0.0024492620427068457,NaN
44201,0.06919690902434508,0.015377090894298909,0.010803714057326908,107,0.7430555555555556,2684,124523680,0.0024492620427068457,NaN
44211,0.06919690902434508,0.015377090894298909,0.01080251450295289,107,0.7430555555555556,2684,124550520,0.0024492620427068457,NaN
44221,0.06919690902434508,0.015377090894298909,0.010801321547048737,107,0.7430555555555556,2684,124577360,0.0024492620427068457,NaN
44231,0.06919690902434508,0.015377090894298909,0.01080013499502723,107,0.7430555555555556,2684,124604200,0.0024492620427068457,NaN
44241,0.06919690902434508,0.015377090894298909,0.01079895504956089,107,0.7430555555555556,2684,124631040,0.0024492620427068457,NaN
44251,0.06919690902434508,0.015377090894298909,0.01079778139566544,107,0.7430555555555556,2685,124657882,0.0024492620427068457,NaN
44261,0.06919690902434508,0.015377090894298909,0.010796613708806992,107,0.7430555555555556,2685,124684732,0.0024492620427068457,NaN
44271,0.06919690902434508,0.015377090894298909,0.010795452262828171,107,0.7430555555555556,2685,124711582,0.0024492620427068457,NaN
44281,0.06919690902434508,0.015377090894298909,0.010794297173099973,107,0.7430555555555556,2685,124738432,0.0024492620427068457,NaN
44291,0.06919690902434508,0.015377090894298909,0.010793148189530876,107,0.7430555555555556,2685,124765282,0.0024492620427068457,NaN
44301,0.06919690902434508,0.015377090894298909,0.010792005035789297,107,0.7430555555555556,2685,124792132,0.0024492620427068457,NaN
44311,0.06919690902434508,0.015377090894298909,0.010790868187888773,107,0.7430555555555556,2685,124818982,0.0024492620427068457,NaN
44321,0.06919690902434508,0.015377090894298909,0.010789737246305664,107,0.7430555555555556,2685,124845832,0.0024492620427068457,NaN
44331,0.06919690902434508,0.015377090894298909,0.010788612283368451,107,0.7430555555555556,2685,124872682,0.0024492620427068457,NaN
44341,0.06919690902434508,0.015377090894298909,0.010787493106853799,107,0.7430555555555556,2685,124899532,0.0024492620427068457,NaN
44351,0.06919690902434508,0.015377090894298909,0.010786379690048238,107,0.7430555555555556,2685,124926382,0.0024492620427068457,NaN
44361,0.06919690902434508,0.015377090894298909,0.010785272312998154,107,0.7430555555555556,2685,124953232,0.0024492620427068457,NaN
44371,0.06919690902434508,0.015377090894298909,0.010784170684283325,107,0.7430555555555556,2685,124980082,0.0024492620427068457,NaN
44381,0.06919690902434508,0.015377090894298909,0.010783074507009764,107,0.7430555555555556,2685,125006932,0.0024492620427068457,NaN
44391,0.06919690902434508,0.015377090894298909,0.01078198386237259,107,0.7430555555555556,2685,125033782,0.0024492620427068457,NaN
44401,0.06919690902434508,0.015377090894298909,0.010780899058194694,107,0.7430555555555556,2685,125060632,0.0024492620427068457,NaN
44411,0.06919690902434508,0.015377090894298909,0.010779819747493221,107,0.7430555555555556,2685,125087482,0.0024492620427068457,NaN
44421,0.06919690902434508,0.015377090894298909,0.010778745712952606,107,0.7430555555555556,2685,125114332,0.0024492620427068457,NaN
44431,0.06919690902434508,0.015377090894298909,0.010777677258949016,107,0.7430555555555556,2685,125141182,0.0024492620427068457,NaN
44441,0.06919690902434508,0.015377090894298909,0.010776614186665496,107,0.7430555555555556,2685,125168032,0.0024492620427068457,NaN
44451,0.06919690902434508,0.015377090894298909,0.010775556467937654,107,0.7430555555555556,2685,125194882,0.0024492620427068457,NaN
44461,0.06919690902434508,0.015377090894298909,0.010774504193303652,107,0.7430555555555556,2686,125221736,0.0024492620427068457,NaN
44471,0.06919690902434508,0.015377090894298909,0.010773456712252466,107,0.7430555555555556,2686,125248596,0.0024492620427068457,NaN
44481,0.06919690902434508,0.015377090894298909,0.010772414456480753,107,0.7430555555555556,2686,125275456,0.0024492620427068457,NaN
44491,0.06919690902434508,0.015377090894298909,0.010771377326323396,107,0.7430555555555556,2686,125302316,0.0024492620427068457,NaN
44501,0.06919690902434508,0.015377090894298909,0.01077034528440799,107,0.7430555555555556,2686,125329176,0.0024492620427068457,NaN
44511,0.06919690902434508,0.015377090894298909,0.010769318561318327,107,0.7430555555555556,2686,125356036,0.0024492620427068457,NaN
44521,0.06919690902434508,0.015377090894298909,0.010768296772134459,107,0.7430555555555556,2686,125382896,0.0024492620427068457,NaN
44531,0.06919690902434508,0.015377090894298909,0.01076727982412409,107,0.7430555555555556,2686,125409756,0.0024492620427068457,NaN
44541,0.06919690902434508,0.015377090894298909,0.010766268054343532,107,0.7430555555555556,2686,125436616,0.0024492620427068457,NaN
44551,0.06919690902434508,0.015377090894298909,0.010765261107317363,107,0.7430555555555556,2686,125463476,0.0024492620427068457,NaN
44561,0.06908513851233591,0.01534714556613486,0.010763234511455312,106,0.7361111111111112,2661,125490186,0.0024492620427068457,NaN
44571,0.06886565557128124,0.015298493379319279,0.01076054674656108,106,0.7361111111111112,2661,125516796,0.0024492620427068457,NaN
44581,0.06864881256316975,0.015250654428173926,0.010757884681816184,106,0.7361111111111112,2661,125543406,0.0024492620427068457,NaN
44591,0.06843711350089389,0.015203441332026592,0.010755247885153457,106,0.7361111111111112,2661,125570016,0.0024492620427068457,NaN
44601,0.06822342060268866,0.015156182341450069,0.010752635913583797,106,0.7361111111111112,2661,125596626,0.0024492620427068457,NaN
44611,0.0680210931702457,0.015111484725853306,0.010750048451891902,106,0.7361111111111112,2661,125623236,0.0024492620427068457,NaN
44621,0.06781364253940814,0.015064763412971078,0.010747485058939204,106,0.7361111111111112,2661,125649846,0.0024492620427068457,NaN
44631,0.06760615245139653,0.015018809840375236,0.010744945382182184,106,0.7361111111111112,2661,125676456,0.0024492620427068457,NaN
44641,0.06740327722374183,0.014973946107133526,0.010742429029664918,106,0.7361111111111112,2661,125703066,0.0024492620427068457,NaN
44651,0.06720443058106573,0.014929839287013691,0.0107399356749778,106,0.7361111111111112,2661,125729676,0.0024492620427068457,NaN
44661,0.06700647456353646,0.01488612846661075,0.010737464925245573,106,0.7361111111111112,2661,125756286,0.0024492620427068457,NaN
44671,0.06681011796530983,0.014842794563970335,0.010735016475816327,106,0.7361111111111112,2661,125782896,0.0024492620427068457,NaN
44681,0.06661416380564404,0.014799010168780168,0.010732590000130054,106,0.7361111111111112,2661,125809506,0.0024492620427068457,NaN
44691,0.06642287334622951,0.01475653749251617,0.010730184673653281,106,0.7361111111111112,2662,125836121,0.0024492620427068457,NaN
44701,0.0662324491910809,0.014714013410094047,0.010727800204217037,106,0.7361111111111112,2662,125862741,0.0024492620427068457,NaN
44711,0.06603865378797386,0.014671075217731717,0.010725436766160142,106,0.7361111111111112,2662,125889361,0.0024492620427068457,NaN
44721,0.06585049982218211,0.014629072976306768,0.010723093986975173,106,0.7361111111111112,2662,125915981,0.0024492620427068457,NaN
44731,0.0656591453305672,0.014586938039081777,0.010720771593076855,106,0.7361111111111112,2662,125942601,0.0024492620427068457,NaN
44741,0.06547678579686708,0.014546336139440267,0.010718469343314142,106,0.7361111111111112,2662,125969221,0.0024492620427068457,NaN
44751,0.06528983707067937,0.014504851949845412,0.01071618686370955,106,0.7361111111111112,2662,125995841,0.0024492620427068457,NaN
44761,0.06510873314995898,0.014464494602790262,0.010713923941688483,106,0.7361111111111112,2662,126022461,0.0024492620427068457,NaN
44771,0.0649275314242964,0.014424238421904871,0.010711680189494527,106,0.7361111111111112,2662,126049081,0.0024492620427068457,NaN
44781,0.06474560550140203,0.014384204260838038,0.010709455465207086,106,0.7361111111111112,2662,126075701,0.0024492620427068457,NaN
44791,0.06456934508735311,0.014344698576757348,0.010707249459029887,106,0.7361111111111112,2662,126102321,0.0024492620427068457,NaN
44801,0.06438856445142337,0.014304877111641957,0.010705061850716131,106,0.7361111111111112,2662,126128941,0.0024492620427068457,NaN
44811,0.06421394675449481,0.014265649141232128,0.010702892463770505,106,0.7361111111111112,2662,126155561,0.0024492620427068457,NaN
44821,0.06404176242407734,0.014227755002248139,0.010700740990988226,106,0.7361111111111112,2662,126182181,0.0024492620427068457,NaN
44831,0.06387077943463264,0.014189686159468612,0.01069860720461747,106,0.7361111111111112,2662,126208801,0.0024492620427068457,NaN
44841,0.0636973979814493,0.01415146160386591,0.010696490828186337,106,0.7361111111111112,2662,126235421,0.0024492620427068457,NaN
44851,0.06353043033503633,0.014114092526626003,0.010694391709799553,106,0.7361111111111112,2662,126262041,0.0024492620427068457,NaN
44861,0.06336358783403057,0.014077080343986732,0.010692309538194916,106,0.7361111111111112,2662,126288661,0.0024492620427068457,NaN
44871,0.06319823161156896,0.014040308662639603,0.010690244116442605,106,0.7361111111111112,2662,126315281,0.0024492620427068457,NaN
44881,0.06303250507833648,0.01400380790334943,0.010688195173612414,106,0.7361111111111112,2662,126341901,0.0024492620427068457,NaN
44891,0.06286618515363625,0.01396679899988424,0.010686162534054322,106,0.7361111111111112,2662,126368521,0.0024492620427068457,NaN
44901,0.0627061332523781,0.013931269716702024,0.010684145763139079,106,0.7361111111111112,2663,126395144,0.0024492620427068457,NaN
44911,0.06254509630427414,0.013895349319724883,0.010682144331737083,106,0.7361111111111112,2663,126421774,0.0024492620427068457,NaN
44921,0.06238608960931174,0.0138601275413464,0.010680158546184685,106,0.7361111111111112,2663,126448404,0.0024492620427068457,NaN
44931,0.06222535981444852,0.013824320516534974,0.010678188208968063,106,0.7361111111111112,2663,126475034,0.0024492620427068457,NaN
44941,0.06206560921279275,0.01378875361807271,0.010676233153448159,106,0.7361111111111112,2663,126501664,0.0024492620427068457,NaN
44951,0.06190387145721041,0.013752871864624993,0.0106742931142798,106,0.7361111111111112,2663,126528294,0.0024492620427068457,NaN
44961,0.06174570032298985,0.013717616015595159,0.010672367970250953,106,0.7361111111111112,2663,126554924,0.0024492620427068457,NaN
44971,0.061589362427165596,0.013682974326479434,0.010670457516616971,106,0.7361111111111112,2663,126581554,0.0024492620427068457,NaN
44981,0.061436890929662834,0.013649688781217716,0.010668561574568886,106,0.7361111111111112,2663,126608184,0.0024492620427068457,NaN
44991,0.06128484288027557,0.013615377062905946,0.01066667994179669,106,0.7361111111111112,2663,126634814,0.0024492620427068457,NaN
45001,0.061133852439344875,0.013582250931640194,0.010664812455750763,106,0.7361111111111112,2663,126661444,0.0024492620427068457,NaN
45011,0.060984758781135476,0.013548912826950298,0.010662958885785874,106,0.7361111111111112,2663,126688074,0.0024492620427068457,NaN
45021,0.06083308222850693,0.013514984761280836,0.01066111910362311,106,0.7361111111111112,2663,126714704,0.0024492620427068457,NaN
45031,0.06068370418811885,0.013482217675399115,0.010659292918391402,106,0.7361111111111112,2663,126741334,0.0024492620427068457,NaN
45041,0.06053697876047911,0.013449313463703145,0.010657480194586684,106,0.7361111111111112,2663,126767964,0.0024492620427068457,NaN
45051,0.06039024827198834,0.013416692872251426,0.010655680719399619,106,0.7361111111111112,2663,126794594,0.0024492620427068457,NaN
45061,0.0602459412376444,0.013384706735216977,0.010653894344946754,106,0.7361111111111112,2663,126821224,0.0024492620427068457,NaN
45071,0.06010525823407701,0.013353781413386235,0.010652120931048868,106,0.7361111111111112,2663,126847854,0.0024492620427068457,NaN
45081,0.05996247074318991,0.01332203443332237,0.010650360310899182,106,0.7361111111111112,2663,126874484,0.0024492620427068457,NaN
45091,0.059825112628371195,0.013291287147555916,0.01064861235073704,106,0.7361111111111112,2663,126901114,0.0024492620427068457,NaN
45101,0.059683176240334916,0.013259796762466426,0.010646876860914803,106,0.7361111111111112,2663,126927744,0.0024492620427068457,NaN
45111,0.05954576614470685,0.013229079728238821,0.010645153645020639,106,0.7361111111111112,2664,126954375,0.0024492620427068457,NaN
45121,0.05940692243238099,0.013198644120175506,0.01064344203798317,106,0.7361111111111112,2664,126981015,0.0024492620427068457,NaN
45131,0.059270298588563086,0.01316795706463758,0.010641742505420632,106,0.7361111111111112,2664,127007655,0.0024492620427068457,NaN
45141,0.059132553828417166,0.013137523937116747,0.010640054878384974,106,0.7361111111111112,2664,127034295,0.0024492620427068457,NaN
45151,0.05899359962768466,0.013106622145775017,0.010638379023835855,106,0.7361111111111112,2664,127060935,0.0024492620427068457,NaN
45161,0.058857571127671406,0.0130764062869743,0.010636714808112867,106,0.7361111111111112,2664,127087575,0.0024492620427068457,NaN
45171,0.058724375877310296,0.013046695507963463,0.010635062084401145,106,0.7361111111111112,2664,127114215,0.0024492620427068457,NaN
45181,0.05859007870019063,0.013017049883962531,0.010633420719941377,106,0.7361111111111112,2664,127140855,0.0024492620427068457,NaN
45191,0.0584599075319862,0.01298818683670766,0.010631790601605835,106,0.7361111111111112,2664,127167495,0.0024492620427068457,NaN
45201,0.058327764559712655,0.012959119660709357,0.010630171600534623,106,0.7361111111111112,2664,127194135,0.0024492620427068457,NaN
45211,0.058199251406517744,0.012930302756115524,0.010628563552745132,106,0.7361111111111112,2664,127220775,0.0024492620427068457,NaN
45221,0.058073724185115416,0.012902503819011469,0.010626966405270812,106,0.7361111111111112,2664,127247415,0.0024492620427068457,NaN
45231,0.05794768200476527,0.012874478778067687,0.01062537996294104,106,0.7361111111111112,2664,127274055,0.0024492620427068457,NaN
45241,0.05781923913551725,0.012845726566408602,0.01062380413991834,106,0.7361111111111112,2664,127300695,0.0024492620427068457,NaN
45251,0.05769355555705954,0.012818203028127776,0.010622238826402034,106,0.7361111111111112,2664,127327335,0.0024492620427068457,NaN
45261,0.057570734186910305,0.012790700996552537,0.010620683894406811,106,0.7361111111111112,2664,127353975,0.0024492620427068457,NaN
45271,0.057445240468455075,0.012762832139752196,0.010619139219024685,106,0.7361111111111112,2664,127380615,0.0024492620427068457,NaN
45281,0.05731802430826768,0.012734638300348908,0.010617604683197869,106,0.7361111111111112,2664,127407255,0.0024492620427068457,NaN
45291,0.0571935454000478,0.012707133245869594,0.010616080183281735,106,0.7361111111111112,2664,127433895,0.0024492620427068457,NaN
45301,0.05707270777521121,0.01268021564579572,0.010614565609720652,106,0.7361111111111112,2664,127460535,0.0024492620427068457,NaN
45311,0.05695184998277417,0.01265327840813793,0.010613060864920166,106,0.7361111111111112,2664,127487175,0.0024492620427068457,NaN
45321,0.0568300043407151,0.012626507825819614,0.010611565839145083,106,0.7361111111111112,2664,127513815,0.0024492620427068457,NaN
45331,0.056711859806909466,0.012600069461230766,0.010610079985358713,106,0.7361111111111112,2665,127540463,0.0024492620427068457,NaN
45341,0.05659143547874941,0.01257314312608891,0.010608603512812835,106,0.7361111111111112,2665,127567113,0.0024492620427068457,NaN
45351,0.05647466002072132,0.012547186669544047,0.010607136476261764,106,0.7361111111111112,2665,127593763,0.0024492620427068457,NaN
45361,0.05635749407948436,0.012521409427754737,0.01060567872223551,106,0.7361111111111112,2665,127620413,0.0024492620427068457,NaN
45371,0.05623767870409723,0.012494644618769044,0.010604230181572312,106,0.7361111111111112,2665,127647063,0.0024492620427068457,NaN
45381,0.056121489271377153,0.012468918434472571,0.010602790782451747,106,0.7361111111111112,2665,127673713,0.0024492620427068457,NaN
45391,0.056007137359538293,0.0124435992976589,0.010601360382877243,106,0.7361111111111112,2665,127700363,0.0024492620427068457,NaN
45401,0.05589301646321913,0.01241819329609151,0.010599938907419587,106,0.7361111111111112,2665,127727013,0.0024492620427068457,NaN
45411,0.05578008280536807,0.012392922935313513,0.010598526240859732,106,0.7361111111111112,2665,127753663,0.0024492620427068457,NaN
45421,0.055666727601262914,0.012367847191615794,0.010597122342811995,106,0.7361111111111112,2665,127780313,0.0024492620427068457,NaN
45431,0.05555256039611629,0.012342537481180412,0.010595727088372912,106,0.7361111111111112,2665,127806963,0.0024492620427068457,NaN
45441,0.055439710294869465,0.01231757910625141,0.01059434040480865,106,0.7361111111111112,2665,127833613,0.0024492620427068457,NaN
45451,0.05533158433946142,0.012293454367135699,0.010592962163240412,106,0.7361111111111112,2665,127860263,0.0024492620427068457,NaN
45461,0.055221721800632825,0.012269172846549922,0.01059159233117523,106,0.7361111111111112,2665,127886913,0.0024492620427068457,NaN
45471,0.05511190093493094,0.01224459258984501,0.01059023078302321,106,0.7361111111111112,2665,127913563,0.0024492620427068457,NaN
45481,0.05500202838336672,0.012220133667675928,0.01058887745237142,106,0.7361111111111112,2665,127940213,0.0024492620427068457,NaN
45491,0.05489337643194599,0.012196155525589593,0.01058753225598303,106,0.7361111111111112,2665,127966863,0.0024492620427068457,NaN
45501,0.05478641233794556,0.012172464366249578,0.01058619509960973,106,0.7361111111111112,2665,127993513,0.0024492620427068457,NaN
45511,0.0546805978777902,0.012149056209260663,0.010584865926054517,106,0.7361111111111112,2665,128020163,0.0024492620427068457,NaN
45521,0.05457512046388224,0.012125544706944784,0.010583544627199957,106,0.7361111111111112,2665,128046813,0.0024492620427068457,NaN
45531,0.05446969372431733,0.012102059494277251,0.010582231162581432,106,0.7361111111111112,2665,128073463,0.0024492620427068457,NaN
45541,0.05436457372875809,0.012078888141495025,0.010580925260922499,106,0.7361111111111112,2666,128100116,0.0024492620427068457,NaN
45551,0.05425938400926045,0.012055546117311772,0.010579626697684088,106,0.7361111111111112,2666,128126776,0.0024492620427068457,NaN
45561,0.05415556315093761,0.012032473242928155,0.010578335718032782,106,0.7361111111111112,2666,128153436,0.0024492620427068457,NaN
45571,0.054050800926304196,0.012009246408923617,0.010577052234123507,106,0.7361111111111112,2666,128180096,0.0024492620427068457,NaN
45581,0.053946011231033965,0.011985883067800365,0.010575776199455367,106,0.7361111111111112,2666,128206756,0.0024492620427068457,NaN
45591,0.05384123001545666,0.011962543002050676,0.01057450753946834,106,0.7361111111111112,2666,128233416,0.0024492620427068457,NaN
45601,0.05373944237864363,0.011939767232738058,0.010573246173741696,106,0.7361111111111112,2666,128260076,0.0024492620427068457,NaN
45611,0.053639179798651855,0.011917419370402462,0.010571992043414424,106,0.7361111111111112,2666,128286736,0.0024492620427068457,NaN
45621,0.053539007372839696,0.011895252665567785,0.010570745068814535,106,0.7361111111111112,2666,128313396,0.0024492620427068457,NaN
45631,0.05343728368434336,0.011872899806851937,0.01056950517177316,106,0.7361111111111112,2666,128340056,0.0024492620427068457,NaN
45641,0.05334048984909739,0.011851203363527196,0.010568272299929208,106,0.7361111111111112,2666,128366716,0.0024492620427068457,NaN
45651,0.053241955255054804,0.011829411349626248,0.010567046388141495,106,0.7361111111111112,2666,128393376,0.0024492620427068457,NaN
45661,0.053144358644619326,0.01180772865390483,0.010565827376342006,106,0.7361111111111112,2666,128420036,0.0024492620427068457,NaN
45671,0.05304768838217791,0.011786167332670407,0.010564615162521518,106,0.7361111111111112,2666,128446696,0.0024492620427068457,NaN
45681,0.05295219466508439,0.01176489410496615,0.010563409744298884,106,0.7361111111111112,2666,128473356,0.0024492620427068457,NaN
45691,0.05285702360018625,0.011743783089240914,0.010562210989453215,106,0.7361111111111112,2666,128500016,0.0024492620427068457,NaN
45701,0.05275987381156465,0.011722251432912993,0.010561018886949939,106,0.7361111111111112,2666,128526676,0.0024492620427068457,NaN
45711,0.05266690008127241,0.01170164672678499,0.010559833359216321,106,0.7361111111111112,2666,128553336,0.0024492620427068457,NaN
45721,0.052571696939799455,0.011680628438711893,0.01055865432297953,106,0.7361111111111112,2666,128579996,0.0024492620427068457,NaN
45731,0.05247916856046742,0.011660089751706348,0.010557481762596988,106,0.7361111111111112,2666,128606656,0.0024492620427068457,NaN
45741,0.0523848312038914,0.011639080385244756,0.010556315577332255,106,0.7361111111111112,2666,128633316,0.0024492620427068457,NaN
45751,0.05229011673311576,0.011618000265196929,0.010555155720965118,106,0.7361111111111112,2666,128659976,0.0024492620427068457,NaN
45761,0.05219648157535691,0.01159719119320746,0.010554001798254116,106,0.7361111111111112,2667,128686644,0.0024492620427068457,NaN
45771,0.052102860563125575,0.01157620718256475,0.010552854004649111,106,0.7361111111111112,2667,128713314,0.0024492620427068457,NaN
45781,0.05201112806343583,0.01155598683745578,0.010551712399620598,106,0.7361111111111112,2667,128739984,0.0024492620427068457,NaN
45791,0.0519201625198467,0.011535819666174204,0.010550576893967423,106,0.7361111111111112,2667,128766654,0.0024492620427068457,NaN
45801,0.05182824025679473,0.011515391207097636,0.010549447453015667,106,0.7361111111111112,2667,128793324,0.0024492620427068457,NaN
45811,0.05173713992068921,0.011495139380059978,0.010548323996151755,106,0.7361111111111112,2667,128819994,0.0024492620427068457,NaN
45821,0.05164768658935841,0.01147540902366943,0.010547206515012605,106,0.7361111111111112,2667,128846664,0.0024492620427068457,NaN
45831,0.05155972362518876,0.011455680962834863,0.01054609491596452,106,0.7361111111111112,2667,128873334,0.0024492620427068457,NaN
45841,0.051471099035138475,0.011436068336369556,0.010544989166965687,106,0.7361111111111112,2667,128900004,0.0024492620427068457,NaN
45851,0.05138357596773794,0.011416681920934054,0.010543889227348571,106,0.7361111111111112,2667,128926674,0.0024492620427068457,NaN
45861,0.05129627016980562,0.011397395894090367,0.010542795024548727,106,0.7361111111111112,2667,128953344,0.0024492620427068457,NaN
45871,0.05120786971920866,0.01137778984272805,0.010541706531203603,106,0.7361111111111112,2667,128980014,0.0024492620427068457,NaN
45881,0.05112183961148308,0.011358391141983181,0.010540623671857343,106,0.7361111111111112,2667,129006684,0.0024492620427068457,NaN
45891,0.05103643276188193,0.011339543257253042,0.010539546399015469,106,0.7361111111111112,2667,129033354,0.0024492620427068457,NaN
45901,0.05095166844417981,0.01132057289083936,0.010538474674555973,106,0.7361111111111112,2667,129060024,0.0024492620427068457,NaN
45911,0.050865560898209046,0.011301608143898174,0.010537408443764688,106,0.7361111111111112,2667,129086694,0.0024492620427068457,NaN
45921,0.050780255799290734,0.011282638232237475,0.01053634766835337,106,0.7361111111111112,2667,129113364,0.0024492620427068457,NaN
45931,0.05069426857661777,0.011263833382426121,0.010535292299756655,106,0.7361111111111112,2667,129140034,0.0024492620427068457,NaN
45941,0.05061378747513586,0.011245703278796412,0.010534242277897236,106,0.7361111111111112,2667,129166704,0.0024492620427068457,NaN
45951,0.0505301204289397,0.011226935153757599,0.01053319758227975,106,0.7361111111111112,2667,129193374,0.0024492620427068457,NaN
45961,0.050444345461618995,0.011207767491585835,0.010532158139574206,106,0.7361111111111112,2667,129220044,0.0024492620427068457,NaN
45971,0.050360062015308765,0.011189325288703648,0.01053112385136852,106,0.7361111111111112,2668,129246716,0.0024492620427068457,NaN
45981,0.0502776718192809,0.011170964774927565,0.010530094428486196,106,0.7361111111111112,2668,129273396,0.0024492620427068457,NaN
45991,0.05019665576981171,0.011153030625891305,0.010529070156565856,106,0.7361111111111112,2668,129300076,0.0024492620427068457,NaN
46001,0.05011412334760254,0.011134791760631028,0.010528050958526379,106,0.7361111111111112,2668,129326756,0.0024492620427068457,NaN
46011,0.050031101606731965,0.011116296741501787,0.010527036815794538,106,0.7361111111111112,2668,129353436,0.0024492620427068457,NaN
