episode,deltaT,maxRadius,avgRadius,numUnknownSlots,propUnknown,numSamples,totalNumSamples,modelErrL1,trueValueGap
1,9.0,2.0,1.9150410045202082,144,1.0,632,632,0.8999999999999999,NaN
11,9.0,2.0,1.8642964898996084,144,1.0,1235,11249,0.8999999999999999,NaN
21,9.0,2.0,1.8589321143253557,144,1.0,1415,24682,0.8999999999999999,NaN
31,9.0,2.0,1.8565682949256859,144,1.0,1525,39472,0.8999999999999999,NaN
41,9.0,2.0,1.8551787172049268,144,1.0,1605,55179,0.8999999999999999,NaN
51,9.0,2.0,1.8542428311439352,144,1.0,1667,71579,0.8999999999999999,NaN
61,9.0,2.0,1.8535604774920194,144,1.0,1718,88536,0.8999999999999999,NaN
71,9.0,2.0,1.8530356485693003,144,1.0,1761,105959,0.8999999999999999,NaN
81,9.0,2.0,1.8526164967126801,144,1.0,1799,123784,0.8999999999999999,NaN
91,9.0,2.0,1.8522722713045436,144,1.0,1832,141961,0.8999999999999999,NaN
101,9.0,2.0,1.8519831664339808,144,1.0,1862,160454,0.8999999999999999,NaN
111,9.0,2.0,1.8517361749735173,144,1.0,1889,179227,0.8999999999999999,NaN
121,9.0,2.0,1.8515220376937127,144,1.0,1914,198257,0.8999999999999999,NaN
131,9.0,2.0,1.8513342044481556,144,1.0,1937,217524,0.8999999999999999,NaN
141,9.0,2.0,1.851167737411397,144,1.0,1958,237010,0.8999999999999999,NaN
151,9.0,2.0,1.8510189129502688,144,1.0,1978,256700,0.8999999999999999,NaN
161,9.0,2.0,1.8508848988313096,144,1.0,1996,276578,0.8999999999999999,NaN
171,9.0,2.0,1.8507634060170983,144,1.0,2013,296635,0.8999999999999999,NaN
181,9.0,2.0,1.8506526379792936,144,1.0,2030,316859,0.8999999999999999,NaN
191,9.0,2.0,1.8505511033233395,144,1.0,2045,337241,0.8999999999999999,NaN
201,9.0,2.0,1.8504576139160267,144,1.0,2060,357774,0.8999999999999999,NaN
211,9.0,2.0,1.8503711813842436,144,1.0,2074,378449,0.8999999999999999,NaN
221,9.0,2.0,1.8502909727630197,144,1.0,2087,399259,0.8999999999999999,NaN
231,9.0,2.0,1.8502162759922183,144,1.0,2100,420199,0.8999999999999999,NaN
241,9.0,2.0,1.8501464954023328,144,1.0,2112,441264,0.8999999999999999,NaN
251,9.0,2.0,1.8500811312502152,144,1.0,2124,462447,0.8999999999999999,NaN
261,9.0,2.0,1.8500197288134794,144,1.0,2135,483746,0.8999999999999999,NaN
271,9.0,2.0,1.8499619235135865,144,1.0,2146,505154,0.8999999999999999,NaN
281,9.0,2.0,1.8499073704699194,144,1.0,2156,526669,0.8999999999999999,NaN
291,9.0,2.0,1.8498557932797144,144,1.0,2166,548284,0.8999999999999999,NaN
301,9.0,2.0,1.8498069195434033,144,1.0,2176,569999,0.8999999999999999,NaN
311,9.0,2.0,1.8497605338387753,144,1.0,2185,591809,0.8999999999999999,NaN
321,9.0,2.0,1.8497164290355492,144,1.0,2194,613712,0.8999999999999999,NaN
331,9.0,2.0,1.8496744306062736,144,1.0,2203,635704,0.8999999999999999,NaN
341,9.0,2.0,1.8496343777408901,144,1.0,2212,657783,0.8999999999999999,NaN
351,9.0,2.0,1.849596125526698,144,1.0,2220,679946,0.8999999999999999,NaN
361,9.0,2.0,1.849559545396747,144,1.0,2228,702190,0.8999999999999999,NaN
371,9.0,2.0,1.849524519996811,144,1.0,2236,724514,0.8999999999999999,NaN
381,9.0,2.0,1.849490944152485,144,1.0,2244,746916,0.8999999999999999,NaN
391,9.0,2.0,1.8494587232518218,144,1.0,2251,769393,0.8999999999999999,NaN
401,9.0,2.0,1.8494277677323911,144,1.0,2258,791944,0.8999999999999999,NaN
411,9.0,2.0,1.8493979989013927,144,1.0,2265,814566,0.8999999999999999,NaN
421,9.0,2.0,1.8493693445036656,144,1.0,2272,837258,0.8999999999999999,NaN
431,9.0,2.0,1.84934173573304,144,1.0,2279,860018,0.8999999999999999,NaN
441,9.0,2.0,1.8493151127423804,144,1.0,2286,882845,0.8999999999999999,NaN
451,9.0,2.0,1.8492894187607962,144,1.0,2292,905737,0.8999999999999999,NaN
461,9.0,2.0,1.849264600400608,144,1.0,2298,928693,0.8999999999999999,NaN
471,9.0,2.0,1.8492406112452195,144,1.0,2305,951712,0.8999999999999999,NaN
481,9.0,2.0,1.8492174065288465,144,1.0,2311,974791,0.8999999999999999,NaN
491,9.0,2.0,1.8491949440880022,144,1.0,2317,997930,0.8999999999999999,NaN
501,9.0,2.0,1.7179918545289352,143,0.9930555555555556,2306,1021079,0.8999999999999999,NaN
511,9.0,2.0,1.7070793213764204,143,0.9930555555555556,2312,1044173,0.8999999999999999,NaN
521,9.0,2.0,1.704514251819311,143,0.9930555555555556,2317,1067322,0.8999999999999999,NaN
531,9.0,2.0,1.703217835007299,143,0.9930555555555556,2323,1090527,0.8999999999999999,NaN
541,9.0,2.0,1.7023998725188656,143,0.9930555555555556,2328,1113785,0.8999999999999999,NaN
551,9.0,2.0,1.7018226715297244,143,0.9930555555555556,2333,1137095,0.8999999999999999,NaN
561,9.0,2.0,1.7013871111778704,143,0.9930555555555556,2339,1160458,0.8999999999999999,NaN
571,9.0,2.0,1.7010433128559868,143,0.9930555555555556,2344,1183873,0.8999999999999999,NaN
581,9.0,2.0,1.7007626888306147,143,0.9930555555555556,2349,1207338,0.8999999999999999,NaN
591,9.0,2.0,1.700528011578726,143,0.9930555555555556,2353,1230851,0.8999999999999999,NaN
601,9.0,2.0,1.7003278804808597,143,0.9930555555555556,2358,1254411,0.8999999999999999,NaN
611,9.0,2.0,1.7001544538126727,143,0.9930555555555556,2363,1278020,0.8999999999999999,NaN
621,9.0,2.0,1.7000023935615165,143,0.9930555555555556,2368,1301675,0.8999999999999999,NaN
631,9.0,2.0,1.6998675749155538,143,0.9930555555555556,2372,1325376,0.8999999999999999,NaN
641,9.0,2.0,1.699746877599788,143,0.9930555555555556,2377,1349123,0.8999999999999999,NaN
651,9.0,2.0,1.6996380630037193,143,0.9930555555555556,2381,1372914,0.8999999999999999,NaN
661,9.0,2.0,1.6995392905420585,143,0.9930555555555556,2385,1396749,0.8999999999999999,NaN
671,9.0,2.0,1.6994490298659362,143,0.9930555555555556,2390,1420627,0.8999999999999999,NaN
681,9.0,2.0,1.6993661720667528,143,0.9930555555555556,2394,1444548,0.8999999999999999,NaN
691,9.0,2.0,1.6992897536269063,143,0.9930555555555556,2398,1468510,0.8999999999999999,NaN
701,9.0,2.0,1.6992189468895111,143,0.9930555555555556,2402,1492514,0.8999999999999999,NaN
711,9.0,2.0,1.6991530960151904,143,0.9930555555555556,2406,1516558,0.8999999999999999,NaN
721,9.0,2.0,1.699091663293955,143,0.9930555555555556,2410,1540642,0.8999999999999999,NaN
731,9.0,2.0,1.6990341723413522,143,0.9930555555555556,2414,1564766,0.8999999999999999,NaN
741,9.0,2.0,1.6989802197717296,143,0.9930555555555556,2418,1588930,0.8999999999999999,NaN
751,9.0,2.0,1.6989294638454835,143,0.9930555555555556,2422,1613132,0.8999999999999999,NaN
761,9.0,2.0,1.6988815493828993,143,0.9930555555555556,2426,1637372,0.8999999999999999,NaN
771,9.0,2.0,1.6988362744818573,143,0.9930555555555556,2429,1661649,0.8999999999999999,NaN
781,9.0,2.0,1.6987933673211146,143,0.9930555555555556,2433,1685964,0.8999999999999999,NaN
791,9.0,2.0,1.6987526354412759,143,0.9930555555555556,2437,1710315,0.8999999999999999,NaN
801,9.0,2.0,1.6987139139775536,143,0.9930555555555556,2440,1734702,0.8999999999999999,NaN
811,9.0,2.0,1.6986770366368544,143,0.9930555555555556,2444,1759125,0.8999999999999999,NaN
821,9.0,2.0,1.6986418477686074,143,0.9930555555555556,2447,1783583,0.8999999999999999,NaN
831,9.0,2.0,1.6986082377860114,143,0.9930555555555556,2451,1808076,0.8999999999999999,NaN
841,9.0,2.0,1.6985760923949274,143,0.9930555555555556,2454,1832604,0.8999999999999999,NaN
851,9.0,2.0,1.6985452980966043,143,0.9930555555555556,2458,1857166,0.8999999999999999,NaN
861,9.0,2.0,1.6985157457309024,143,0.9930555555555556,2461,1881761,0.8999999999999999,NaN
871,9.0,2.0,1.6984873967957088,143,0.9930555555555556,2464,1906389,0.8999999999999999,NaN
881,9.0,2.0,1.6984601404881159,143,0.9930555555555556,2468,1931051,0.8999999999999999,NaN
891,9.0,2.0,1.6984339250608127,143,0.9930555555555556,2471,1955744,0.8999999999999999,NaN
901,9.0,2.0,1.6984086706026733,143,0.9930555555555556,2474,1980469,0.8999999999999999,NaN
911,9.0,2.0,1.6983843069507643,143,0.9930555555555556,2477,2005226,0.8999999999999999,NaN
921,9.0,2.0,1.5826191947343602,142,0.9861111111111112,2463,2029997,0.8999999999999999,NaN
931,9.0,2.0,1.5573402169242174,142,0.9861111111111112,2466,2054643,0.8999999999999999,NaN
941,9.0,2.0,1.554201296372263,142,0.9861111111111112,2469,2079319,0.8999999999999999,NaN
951,9.0,2.0,1.5527257491445698,142,0.9861111111111112,2472,2104026,0.8999999999999999,NaN
961,9.0,2.0,1.551826305718329,142,0.9861111111111112,2475,2128762,0.8999999999999999,NaN
971,9.0,2.0,1.551202950021948,142,0.9861111111111112,2478,2153528,0.8999999999999999,NaN
981,9.0,2.0,1.5507370402925094,142,0.9861111111111112,2481,2178323,0.8999999999999999,NaN
991,9.0,2.0,1.5503734867767147,142,0.9861111111111112,2484,2203147,0.8999999999999999,NaN
1001,9.0,2.0,1.5500774654331275,142,0.9861111111111112,2487,2228000,0.8999999999999999,NaN
1011,9.0,2.0,1.5498314528057584,142,0.9861111111111112,2489,2252881,0.8999999999999999,NaN
1021,9.0,2.0,1.549623007276119,142,0.9861111111111112,2492,2277790,0.8999999999999999,NaN
1031,9.0,2.0,1.5494424158981106,142,0.9861111111111112,2495,2302727,0.8999999999999999,NaN
1041,9.0,2.0,1.549284539007818,142,0.9861111111111112,2498,2327691,0.8999999999999999,NaN
1051,9.0,2.0,1.5491453286683439,142,0.9861111111111112,2500,2352682,0.8999999999999999,NaN
1061,9.0,2.0,1.549020280365196,142,0.9861111111111112,2503,2377701,0.8999999999999999,NaN
1071,9.0,2.0,1.548907456382802,142,0.9861111111111112,2506,2402746,0.8999999999999999,NaN
1081,9.0,2.0,1.5488056806087043,142,0.9861111111111112,2508,2427818,0.8999999999999999,NaN
1091,9.0,2.0,1.5487125252870895,142,0.9861111111111112,2511,2452916,0.8999999999999999,NaN
1101,9.0,2.0,1.5486273938908417,142,0.9861111111111112,2514,2478041,0.8999999999999999,NaN
1111,9.0,2.0,1.5485487070932702,142,0.9861111111111112,2516,2503191,0.8999999999999999,NaN
1121,9.0,2.0,1.5484759897492044,142,0.9861111111111112,2519,2528366,0.8999999999999999,NaN
1131,9.0,2.0,1.5484081946079298,142,0.9861111111111112,2521,2553566,0.8999999999999999,NaN
1141,9.0,2.0,1.5483453311723339,142,0.9861111111111112,2524,2578791,0.8999999999999999,NaN
1151,9.0,2.0,1.5482864382247035,142,0.9861111111111112,2526,2604041,0.8999999999999999,NaN
1161,9.0,2.0,1.548231147629586,142,0.9861111111111112,2529,2629316,0.8999999999999999,NaN
1171,9.0,2.0,1.5481790446839283,142,0.9861111111111112,2531,2654616,0.8999999999999999,NaN
1181,9.0,2.0,1.5481298095434024,142,0.9861111111111112,2533,2679940,0.8999999999999999,NaN
1191,9.0,2.0,1.548083404853038,142,0.9861111111111112,2536,2705288,0.8999999999999999,NaN
1201,9.0,2.0,1.5480395020924058,142,0.9861111111111112,2538,2730660,0.8999999999999999,NaN
1211,9.0,2.0,1.5479976678956295,142,0.9861111111111112,2541,2756055,0.8999999999999999,NaN
1221,9.0,2.0,1.5479580703446136,142,0.9861111111111112,2543,2781474,0.8999999999999999,NaN
1231,9.0,2.0,1.5479204825046995,142,0.9861111111111112,2545,2806916,0.8999999999999999,NaN
1241,9.0,2.0,1.5478845387531812,142,0.9861111111111112,2548,2832381,0.8999999999999999,NaN
1251,9.0,2.0,1.5478502208195293,142,0.9861111111111112,2550,2857869,0.8999999999999999,NaN
1261,9.0,2.0,1.5478174016250754,142,0.9861111111111112,2552,2883380,0.8999999999999999,NaN
1271,9.0,2.0,1.5477859792911641,142,0.9861111111111112,2554,2908913,0.8999999999999999,NaN
1281,9.0,2.0,1.5477558413431263,142,0.9861111111111112,2557,2934469,0.8999999999999999,NaN
1291,9.0,2.0,1.5477268851075885,142,0.9861111111111112,2559,2960047,0.8999999999999999,NaN
1301,9.0,2.0,1.5476990900323924,142,0.9861111111111112,2561,2985647,0.8999999999999999,NaN
1311,9.0,2.0,1.5476723726763202,142,0.9861111111111112,2563,3011268,0.8999999999999999,NaN
1321,9.0,2.0,1.5476466415975434,142,0.9861111111111112,2565,3036911,0.8999999999999999,NaN
1331,9.0,2.0,1.4076988109828314,141,0.9791666666666666,2549,3062432,0.8999999999999999,NaN
1341,9.0,2.0,1.4035567922568382,141,0.9791666666666666,2551,3087937,0.8999999999999999,NaN
1351,9.0,2.0,1.4018918933903755,141,0.9791666666666666,2554,3113464,0.8999999999999999,NaN
1361,9.0,2.0,1.400930583078404,141,0.9791666666666666,2556,3139011,0.8999999999999999,NaN
1371,9.0,2.0,1.4002845197958522,141,0.9791666666666666,2558,3164578,0.8999999999999999,NaN
1381,9.0,2.0,1.3998115711615748,141,0.9791666666666666,2560,3190167,0.8999999999999999,NaN
1391,9.0,2.0,1.399445895199005,141,0.9791666666666666,2562,3215776,0.8999999999999999,NaN
1401,9.0,2.0,1.399152135582916,141,0.9791666666666666,2564,3241405,0.8999999999999999,NaN
1411,9.0,2.0,1.3989093057907722,141,0.9791666666666666,2566,3267054,0.8999999999999999,NaN
1421,9.0,2.0,1.3987041666097089,141,0.9791666666666666,2568,3292723,0.8999999999999999,NaN
1431,9.0,2.0,1.398527832964244,141,0.9791666666666666,2570,3318412,0.8999999999999999,NaN
1441,9.0,2.0,1.3983741123865217,141,0.9791666666666666,2572,3344121,0.8999999999999999,NaN
1451,9.0,2.0,1.3982385370691224,141,0.9791666666666666,2574,3369849,0.8999999999999999,NaN
1461,9.0,2.0,1.3981177684530297,141,0.9791666666666666,2576,3395596,0.8999999999999999,NaN
1471,9.0,2.0,1.3980092866769471,141,0.9791666666666666,2578,3421363,0.8999999999999999,NaN
1481,9.0,2.0,1.3979111339054326,141,0.9791666666666666,2579,3447149,0.8999999999999999,NaN
1491,9.0,2.0,1.397821751434938,141,0.9791666666666666,2581,3472954,0.8999999999999999,NaN
1501,9.0,2.0,1.3977399152843177,141,0.9791666666666666,2583,3498778,0.8999999999999999,NaN
1511,9.0,2.0,1.397664591474959,141,0.9791666666666666,2585,3524621,0.8999999999999999,NaN
1521,9.0,2.0,1.3975949706417845,141,0.9791666666666666,2587,3550482,0.8999999999999999,NaN
1531,9.0,2.0,1.397530356632665,141,0.9791666666666666,2589,3576362,0.8999999999999999,NaN
1541,9.0,2.0,1.3974701837116867,141,0.9791666666666666,2591,3602260,0.8999999999999999,NaN
1551,9.0,2.0,1.3974139513187795,141,0.9791666666666666,2592,3628176,0.8999999999999999,NaN
1561,9.0,2.0,1.397361248959645,141,0.9791666666666666,2594,3654111,0.8999999999999999,NaN
1571,9.0,2.0,1.3973117233327874,141,0.9791666666666666,2596,3680064,0.8999999999999999,NaN
1581,9.0,2.0,1.3972650625320338,141,0.9791666666666666,2598,3706035,0.8999999999999999,NaN
1591,9.0,2.0,1.3972210008951476,141,0.9791666666666666,2600,3732023,0.8999999999999999,NaN
1601,9.0,2.0,1.3971793021497811,141,0.9791666666666666,2601,3758029,0.8999999999999999,NaN
1611,9.0,2.0,1.3971397626833328,141,0.9791666666666666,2603,3784053,0.8999999999999999,NaN
1621,9.0,2.0,1.3971022002786777,141,0.9791666666666666,2605,3810095,0.8999999999999999,NaN
1631,9.0,2.0,1.3970664559400001,141,0.9791666666666666,2607,3836153,0.8999999999999999,NaN
1641,9.0,2.0,1.3970323846758586,141,0.9791666666666666,2608,3862229,0.8999999999999999,NaN
1651,9.0,2.0,1.3969998590656856,141,0.9791666666666666,2610,3888323,0.8999999999999999,NaN
1661,9.0,2.0,1.3969687683095908,141,0.9791666666666666,2612,3914433,0.8999999999999999,NaN
1671,9.0,2.0,1.3969390087348381,141,0.9791666666666666,2613,3940559,0.8999999999999999,NaN
1681,9.0,2.0,1.3969104837225588,141,0.9791666666666666,2615,3966703,0.8999999999999999,NaN
1691,9.0,2.0,1.396883111310776,141,0.9791666666666666,2617,3992865,0.8999999999999999,NaN
1701,9.0,2.0,1.3968568173038227,141,0.9791666666666666,2619,4019043,0.8999999999999999,NaN
1711,9.0,2.0,1.3968315320054898,141,0.9791666666666666,2620,4045237,0.8999999999999999,NaN
1721,9.0,2.0,1.2850396816756022,140,0.9722222222222222,2603,4071336,0.8999999999999999,NaN
1731,9.0,2.0,1.2800707007077146,140,0.9722222222222222,2605,4097378,0.8999999999999999,NaN
1741,9.0,2.0,1.2783501404627187,140,0.9722222222222222,2606,4123434,0.8999999999999999,NaN
1751,9.0,2.0,1.2774007181579703,140,0.9722222222222222,2608,4149508,0.8999999999999999,NaN
1761,9.0,2.0,1.2767763599532413,140,0.9722222222222222,2610,4175597,0.8999999999999999,NaN
1771,9.0,2.0,1.2763254961012034,140,0.9722222222222222,2611,4201702,0.8999999999999999,NaN
1781,9.0,2.0,1.275979647872982,140,0.9722222222222222,2613,4227823,0.8999999999999999,NaN
1791,9.0,2.0,1.2757034551339943,140,0.9722222222222222,2614,4253959,0.8999999999999999,NaN
1801,9.0,2.0,1.2754760133252852,140,0.9722222222222222,2616,4280112,0.8999999999999999,NaN
1811,9.0,2.0,1.2752844521818192,140,0.9722222222222222,2617,4306279,0.8999999999999999,NaN
1821,9.0,2.0,1.2751200256713515,140,0.9722222222222222,2619,4332463,0.8999999999999999,NaN
1831,9.0,2.0,1.274976883772669,140,0.9722222222222222,2621,4358661,0.8999999999999999,NaN
1841,9.0,2.0,1.274850893209286,140,0.9722222222222222,2622,4384875,0.8999999999999999,NaN
1851,9.0,2.0,1.274738686346323,140,0.9722222222222222,2624,4411104,0.8999999999999999,NaN
1861,9.0,2.0,1.2746379569401085,140,0.9722222222222222,2625,4437348,0.8999999999999999,NaN
1871,9.0,2.0,1.2745468151507877,140,0.9722222222222222,2627,4463607,0.8999999999999999,NaN
1881,9.0,2.0,1.2744638411911877,140,0.9722222222222222,2628,4489881,0.8999999999999999,NaN
1891,9.0,2.0,1.2743878619162634,140,0.9722222222222222,2630,4516170,0.8999999999999999,NaN
1901,9.0,2.0,1.2743179544887875,140,0.9722222222222222,2631,4542474,0.8999999999999999,NaN
1911,9.0,2.0,1.2742533340047155,140,0.9722222222222222,2633,4568792,0.8999999999999999,NaN
1921,9.0,2.0,1.2741933496844415,140,0.9722222222222222,2634,4595126,0.8999999999999999,NaN
1931,9.0,2.0,1.2741374579364433,140,0.9722222222222222,2635,4621473,0.8999999999999999,NaN
1941,9.0,2.0,1.2740852076336855,140,0.9722222222222222,2637,4647836,0.8999999999999999,NaN
1951,9.0,2.0,1.2740361946221532,140,0.9722222222222222,2638,4674212,0.8999999999999999,NaN
1961,9.0,2.0,1.273990147122479,140,0.9722222222222222,2640,4700603,0.8999999999999999,NaN
1971,9.0,2.0,1.2739467552619765,140,0.9722222222222222,2641,4727008,0.8999999999999999,NaN
1981,9.0,2.0,1.2739057566883236,140,0.9722222222222222,2643,4753427,0.8999999999999999,NaN
1991,9.0,2.0,1.2738669344020384,140,0.9722222222222222,2644,4779861,0.8999999999999999,NaN
2001,9.0,2.0,1.2738301074006417,140,0.9722222222222222,2645,4806308,0.8999999999999999,NaN
2011,9.0,2.0,1.273795110320146,140,0.9722222222222222,2647,4832771,0.8999999999999999,NaN
2021,9.0,2.0,1.2737617750511674,140,0.9722222222222222,2648,4859246,0.8999999999999999,NaN
2031,9.0,2.0,1.2737300084444285,140,0.9722222222222222,2650,4885735,0.8999999999999999,NaN
2041,9.0,2.0,1.2736996557756095,140,0.9722222222222222,2651,4912239,0.8999999999999999,NaN
2051,9.0,2.0,1.273670625622906,140,0.9722222222222222,2652,4938755,0.8999999999999999,NaN
2061,9.0,2.0,1.2736428234174266,140,0.9722222222222222,2654,4965286,0.8999999999999999,NaN
2071,9.0,2.0,1.2736161581570578,140,0.9722222222222222,2655,4991830,0.8999999999999999,NaN
2081,9.0,2.0,1.273590552163431,140,0.9722222222222222,2656,5018387,0.8999999999999999,NaN
2091,9.0,2.0,1.273565948565878,140,0.9722222222222222,2658,5044959,0.8999999999999999,NaN
2101,9.0,2.0,1.2735422772178058,140,0.9722222222222222,2659,5071544,0.8999999999999999,NaN
2111,9.0,2.0,1.1725679357213865,139,0.9652777777777778,2641,5097970,0.8999999999999999,NaN
2121,9.0,2.0,1.1694920854598256,139,0.9652777777777778,2643,5124392,0.8999999999999999,NaN
2131,9.0,2.0,1.168175584609042,139,0.9652777777777778,2644,5150826,0.8999999999999999,NaN
2141,9.0,2.0,1.1673960654464157,139,0.9652777777777778,2645,5177273,0.8999999999999999,NaN
2151,9.0,2.0,1.1668642472326336,139,0.9652777777777778,2647,5203733,0.8999999999999999,NaN
2161,9.0,2.0,1.1664708875848087,139,0.9652777777777778,2648,5230207,0.8999999999999999,NaN
2171,9.0,2.0,1.1661642428025476,139,0.9652777777777778,2649,5256693,0.8999999999999999,NaN
2181,9.0,2.0,1.1659162789315378,139,0.9652777777777778,2650,5283191,0.8999999999999999,NaN
2191,9.0,2.0,1.1657100947566081,139,0.9652777777777778,2652,5309703,0.8999999999999999,NaN
2201,9.0,2.0,1.1655350788090941,139,0.9652777777777778,2653,5336227,0.8999999999999999,NaN
2211,9.0,2.0,1.1653839198943967,139,0.9652777777777778,2654,5362763,0.8999999999999999,NaN
2221,9.0,2.0,1.165251662863594,139,0.9652777777777778,2656,5389313,0.8999999999999999,NaN
2231,9.0,2.0,1.1651345742767876,139,0.9652777777777778,2657,5415876,0.8999999999999999,NaN
2241,9.0,2.0,1.1650299555239878,139,0.9652777777777778,2658,5442451,0.8999999999999999,NaN
2251,9.0,2.0,1.1649356765036007,139,0.9652777777777778,2659,5469037,0.8999999999999999,NaN
2261,9.0,2.0,1.1648501199082653,139,0.9652777777777778,2660,5495635,0.8999999999999999,NaN
2271,9.0,2.0,1.1647720014132024,139,0.9652777777777778,2662,5522247,0.8999999999999999,NaN
2281,9.0,2.0,1.164700271939915,139,0.9652777777777778,2663,5548871,0.8999999999999999,NaN
2291,9.0,2.0,1.1646341246758616,139,0.9652777777777778,2664,5575507,0.8999999999999999,NaN
2301,9.0,2.0,1.1645728362556267,139,0.9652777777777778,2665,5602154,0.8999999999999999,NaN
2311,9.0,2.0,1.1645158241495694,139,0.9652777777777778,2667,5628814,0.8999999999999999,NaN
2321,9.0,2.0,1.1644626289484645,139,0.9652777777777778,2668,5655487,0.8999999999999999,NaN
2331,9.0,2.0,1.1644128190124983,139,0.9652777777777778,2669,5682171,0.8999999999999999,NaN
2341,9.0,2.0,1.1643660297379723,139,0.9652777777777778,2670,5708867,0.8999999999999999,NaN
2351,9.0,2.0,1.1643220059813613,139,0.9652777777777778,2671,5735574,0.8999999999999999,NaN
2361,9.0,2.0,1.1642804459223082,139,0.9652777777777778,2672,5762293,0.8999999999999999,NaN
2371,9.0,2.0,1.164241137062194,139,0.9652777777777778,2674,5789025,0.8999999999999999,NaN
2381,9.0,2.0,1.1642038805386468,139,0.9652777777777778,2675,5815768,0.8999999999999999,NaN
2391,9.0,2.0,1.1641685173645735,139,0.9652777777777778,2676,5842523,0.8999999999999999,NaN
2401,9.0,2.0,1.1641348626202341,139,0.9652777777777778,2677,5869289,0.8999999999999999,NaN
2411,9.0,2.0,1.164102785237256,139,0.9652777777777778,2678,5896067,0.8999999999999999,NaN
2421,9.0,2.0,1.1640721680552735,139,0.9652777777777778,2679,5922856,0.8999999999999999,NaN
2431,9.0,2.0,1.1640429015236553,139,0.9652777777777778,2681,5949658,0.8999999999999999,NaN
2441,9.0,2.0,1.1640148878457746,139,0.9652777777777778,2682,5976471,0.8999999999999999,NaN
2451,9.0,2.0,1.1639880450307603,139,0.9652777777777778,2683,6003295,0.8999999999999999,NaN
2461,9.0,2.0,1.1639622862431822,139,0.9652777777777778,2684,6030130,0.8999999999999999,NaN
2471,9.0,2.0,1.1639375417504032,139,0.9652777777777778,2685,6056976,0.8999999999999999,NaN
2481,9.0,2.0,1.163913745229792,139,0.9652777777777778,2686,6083833,0.8999999999999999,NaN
2491,9.0,2.0,1.0629019454223672,138,0.9583333333333334,2668,6110528,0.8999999999999999,NaN
2501,9.0,2.0,1.059852152348912,138,0.9583333333333334,2669,6137215,0.8999999999999999,NaN
2511,9.0,2.0,1.058551208023916,138,0.9583333333333334,2670,6163912,0.8999999999999999,NaN
2521,9.0,2.0,1.0577835762866363,138,0.9583333333333334,2671,6190620,0.8999999999999999,NaN
2531,9.0,2.0,1.0572614858674114,138,0.9583333333333334,2672,6217339,0.8999999999999999,NaN
2541,9.0,2.0,1.0568763043428018,138,0.9583333333333334,2674,6244070,0.8999999999999999,NaN
2551,9.0,2.0,1.0565767339689018,138,0.9583333333333334,2675,6270812,0.8999999999999999,NaN
2561,9.0,2.0,1.056334910289813,138,0.9583333333333334,2676,6297564,0.8999999999999999,NaN
2571,9.0,2.0,1.0561342455546443,138,0.9583333333333334,2677,6324327,0.8999999999999999,NaN
2581,9.0,2.0,1.0559641444304588,138,0.9583333333333334,2678,6351101,0.8999999999999999,NaN
2591,9.0,2.0,1.0558174869696342,138,0.9583333333333334,2679,6377885,0.8999999999999999,NaN
2601,9.0,2.0,1.0556892830284275,138,0.9583333333333334,2680,6404680,0.8999999999999999,NaN
2611,9.0,2.0,1.0555759071357973,138,0.9583333333333334,2681,6431486,0.8999999999999999,NaN
2621,9.0,2.0,1.0554746843439113,138,0.9583333333333334,2682,6458302,0.8999999999999999,NaN
2631,9.0,2.0,1.0553835516125247,138,0.9583333333333334,2683,6485129,0.8999999999999999,NaN
2641,9.0,2.0,1.0553009145702326,138,0.9583333333333334,2684,6511966,0.8999999999999999,NaN
2651,9.0,2.0,1.0552255068637122,138,0.9583333333333334,2685,6538814,0.8999999999999999,NaN
2661,9.0,2.0,1.0551563256880003,138,0.9583333333333334,2686,6565672,0.8999999999999999,NaN
2671,9.0,2.0,1.0550925384038634,138,0.9583333333333334,2687,6592540,0.8999999999999999,NaN
2681,9.0,2.0,1.055033468614039,138,0.9583333333333334,2688,6619419,0.8999999999999999,NaN
2691,9.0,2.0,1.054978553581806,138,0.9583333333333334,2689,6646308,0.8999999999999999,NaN
2701,9.0,2.0,1.054927320505438,138,0.9583333333333334,2690,6673207,0.8999999999999999,NaN
2711,9.0,2.0,1.0548793679756514,138,0.9583333333333334,2691,6700116,0.8999999999999999,NaN
2721,9.0,2.0,1.0548343511174707,138,0.9583333333333334,2692,6727036,0.8999999999999999,NaN
2731,9.0,2.0,1.0547919818114555,138,0.9583333333333334,2693,6753966,0.8999999999999999,NaN
2741,9.0,2.0,1.0547520024338004,138,0.9583333333333334,2694,6780906,0.8999999999999999,NaN
2751,9.0,2.0,1.0547141947461158,138,0.9583333333333334,2695,6807856,0.8999999999999999,NaN
2761,9.0,2.0,1.0546783619003224,138,0.9583333333333334,2696,6834816,0.8999999999999999,NaN
2771,9.0,2.0,1.0546443385785806,138,0.9583333333333334,2697,6861786,0.8999999999999999,NaN
2781,9.0,2.0,1.0546119721145297,138,0.9583333333333334,2698,6888766,0.8999999999999999,NaN
2791,9.0,2.0,0.9417832971030988,137,0.9513888888888888,2680,6915620,0.8999999999999999,NaN
2801,9.0,2.0,0.9375572059151129,137,0.9513888888888888,2681,6942424,0.8999999999999999,NaN
2811,9.0,2.0,0.9359685145205486,137,0.9513888888888888,2682,6969238,0.8999999999999999,NaN
2821,9.0,2.0,0.9350708958087084,137,0.9513888888888888,2683,6996062,0.8999999999999999,NaN
2831,9.0,2.0,0.9344737584487205,137,0.9513888888888888,2684,7022895,0.8999999999999999,NaN
2841,9.0,2.0,0.9340396985324324,137,0.9513888888888888,2685,7049738,0.8999999999999999,NaN
2851,9.0,2.0,0.837634252509343,136,0.9444444444444444,2666,7076512,0.8999999999999999,NaN
2861,9.0,2.0,0.8308901262783689,136,0.9444444444444444,2667,7103178,0.8999999999999999,NaN
2871,9.0,2.0,0.8290225831634118,136,0.9444444444444444,2668,7129854,0.8999999999999999,NaN
2881,9.0,2.0,0.8280475714402731,136,0.9444444444444444,2669,7156539,0.8999999999999999,NaN
2891,9.0,2.0,0.8274230456782478,136,0.9444444444444444,2670,7183234,0.8999999999999999,NaN
2901,9.0,2.0,0.8269786964959825,136,0.9444444444444444,2671,7209938,0.8999999999999999,NaN
2911,9.0,2.0,0.8266413502859357,136,0.9444444444444444,2672,7236651,0.8999999999999999,NaN
2921,9.0,2.0,0.8263737665473215,136,0.9444444444444444,2673,7263374,0.8999999999999999,NaN
2931,9.0,2.0,0.826154630786933,136,0.9444444444444444,2674,7290106,0.8999999999999999,NaN
2941,9.0,2.0,0.8259707968151779,136,0.9444444444444444,2675,7316847,0.8999999999999999,NaN
2951,9.0,2.0,0.8258136171363346,136,0.9444444444444444,2675,7343597,0.8999999999999999,NaN
2961,9.0,2.0,0.8256771444703344,136,0.9444444444444444,2676,7370357,0.8999999999999999,NaN
2971,9.0,2.0,0.825557173703299,136,0.9444444444444444,2677,7397126,0.8999999999999999,NaN
2981,9.0,2.0,0.8254505903999729,136,0.9444444444444444,2678,7423905,0.8999999999999999,NaN
2991,9.0,2.0,0.825355053444357,136,0.9444444444444444,2679,7450693,0.8999999999999999,NaN
3001,9.0,2.0,0.8252687484005594,136,0.9444444444444444,2680,7477490,0.8999999999999999,NaN
3011,9.0,2.0,0.8251902592507903,136,0.9444444444444444,2681,7504296,0.8999999999999999,NaN
3021,9.0,2.0,0.825118461034234,136,0.9444444444444444,2682,7531111,0.8999999999999999,NaN
3031,9.0,2.0,0.8250524431000419,136,0.9444444444444444,2683,7557934,0.8999999999999999,NaN
3041,9.0,2.0,0.8249914522076407,136,0.9444444444444444,2684,7584766,0.8999999999999999,NaN
3051,9.0,2.0,0.8249348745766121,136,0.9444444444444444,2685,7611607,0.8999999999999999,NaN
3061,9.0,2.0,0.8248822024917364,136,0.9444444444444444,2685,7638457,0.8999999999999999,NaN
3071,9.0,2.0,0.8248329837522722,136,0.9444444444444444,2686,7665317,0.8999999999999999,NaN
3081,9.0,2.0,0.8247868569945557,136,0.9444444444444444,2687,7692186,0.8999999999999999,NaN
3091,9.0,2.0,0.8247435112606385,136,0.9444444444444444,2688,7719063,0.8999999999999999,NaN
3101,9.0,2.0,0.8247026714861292,136,0.9444444444444444,2689,7745949,0.8999999999999999,NaN
3111,9.0,2.0,0.8246641006610198,136,0.9444444444444444,2690,7772843,0.8999999999999999,NaN
3121,9.0,2.0,0.8246275937649877,136,0.9444444444444444,2691,7799746,0.8999999999999999,NaN
3131,9.0,2.0,0.8245929648351972,136,0.9444444444444444,2692,7826658,0.8999999999999999,NaN
3141,9.0,2.0,0.8245600668634612,136,0.9444444444444444,2692,7853578,0.8999999999999999,NaN
3151,9.0,2.0,0.8245287435490908,136,0.9444444444444444,2693,7880508,0.8999999999999999,NaN
3161,9.0,2.0,0.824498879424201,136,0.9444444444444444,2694,7907446,0.8999999999999999,NaN
3171,9.0,2.0,0.8244703614068303,136,0.9444444444444444,2695,7934393,0.8999999999999999,NaN
3181,9.0,2.0,0.8244430859782832,136,0.9444444444444444,2696,7961348,0.8999999999999999,NaN
3191,9.0,2.0,0.8244169700880276,136,0.9444444444444444,2697,7988311,0.8999999999999999,NaN
3201,9.0,2.0,0.8243919281897552,136,0.9444444444444444,2698,8015283,0.8999999999999999,NaN
3211,9.0,2.0,0.8243678873766731,136,0.9444444444444444,2698,8042263,0.8999999999999999,NaN
3221,9.0,2.0,0.8243447816365739,136,0.9444444444444444,2699,8069253,0.8999999999999999,NaN
3231,9.0,2.0,0.7115249364697168,135,0.9375,2680,8096111,0.8999999999999999,NaN
3241,9.0,2.0,0.7072957132376243,135,0.9375,2681,8122919,0.8999999999999999,NaN
3251,9.0,2.0,0.7057069022929597,135,0.9375,2682,8149735,0.8999999999999999,NaN
3261,9.0,2.0,0.7048091185582328,135,0.9375,2683,8176559,0.8999999999999999,NaN
3271,9.0,2.0,0.7042120795822859,135,0.9375,2684,8203391,0.8999999999999999,NaN
3281,9.0,2.0,0.7037781141954159,135,0.9375,2684,8230231,0.8999999999999999,NaN
3291,9.0,2.0,0.7034437302368415,135,0.9375,2685,8257081,0.8999999999999999,NaN
3301,9.0,2.0,0.7031757255574006,135,0.9375,2686,8283939,0.8999999999999999,NaN
3311,9.0,2.0,0.702954753567199,135,0.9375,2687,8310804,0.8999999999999999,NaN
3321,9.0,2.0,0.7027682463170688,135,0.9375,2688,8337677,0.8999999999999999,NaN
3331,9.0,2.0,0.702608070183818,135,0.9375,2689,8364558,0.8999999999999999,NaN
3341,9.0,2.0,0.7024684242631406,135,0.9375,2689,8391448,0.8999999999999999,NaN
3351,9.0,2.0,0.7023454562793101,135,0.9375,2690,8418346,0.8999999999999999,NaN
3361,9.0,2.0,0.702235818821529,135,0.9375,2691,8445252,0.8999999999999999,NaN
3371,9.0,2.0,0.7021373717586437,135,0.9375,2692,8472165,0.8999999999999999,NaN
3381,9.0,2.0,0.7020483198122063,135,0.9375,2693,8499086,0.8999999999999999,NaN
3391,9.0,2.0,0.7019672166628717,135,0.9375,2693,8526016,0.8999999999999999,NaN
3401,9.0,2.0,0.7018929330428565,135,0.9375,2694,8552954,0.8999999999999999,NaN
3411,9.0,2.0,0.7018245383218886,135,0.9375,2695,8579900,0.8999999999999999,NaN
3421,9.0,2.0,0.7017613266883692,135,0.9375,2696,8606853,0.8999999999999999,NaN
3431,9.0,2.0,0.7017026369579452,135,0.9375,2697,8633814,0.8999999999999999,NaN
3441,9.0,2.0,0.7016479679131701,135,0.9375,2697,8660784,0.8999999999999999,NaN
3451,9.0,2.0,0.7015968214341399,135,0.9375,2698,8687762,0.8999999999999999,NaN
3461,9.0,2.0,0.701548919965589,135,0.9375,2699,8714747,0.8999999999999999,NaN
3471,9.0,2.0,0.7015039128210875,135,0.9375,2700,8741739,0.8999999999999999,NaN
3481,9.0,2.0,0.7014614656501128,135,0.9375,2700,8768739,0.8999999999999999,NaN
3491,9.0,2.0,0.7014213516434968,135,0.9375,2701,8795748,0.8999999999999999,NaN
3501,9.0,2.0,0.7013834242846239,135,0.9375,2702,8822764,0.8999999999999999,NaN
3511,9.0,2.0,0.7013473980145923,135,0.9375,2703,8849787,0.8999999999999999,NaN
3521,9.0,2.0,0.7013131817425844,135,0.9375,2703,8876817,0.8999999999999999,NaN
3531,9.0,2.0,0.7012806041932026,135,0.9375,2704,8903857,0.8999999999999999,NaN
3541,9.0,2.0,0.7012495305852209,135,0.9375,2705,8930904,0.8999999999999999,NaN
3551,9.0,2.0,0.7012198572866861,135,0.9375,2706,8957958,0.8999999999999999,NaN
3561,9.0,2.0,0.7011914637814389,135,0.9375,2707,8985019,0.8999999999999999,NaN
3571,9.0,2.0,0.7011642965806953,135,0.9375,2707,9012089,0.8999999999999999,NaN
3581,9.0,2.0,0.7011382507559882,135,0.9375,2708,9039167,0.8999999999999999,NaN
3591,9.0,2.0,0.7011132153440589,135,0.9375,2709,9066252,0.8999999999999999,NaN
3601,9.0,2.0,0.7010891670157164,135,0.9375,2710,9093343,0.8999999999999999,NaN
3611,9.0,2.0,0.7010660138007992,135,0.9375,2710,9120443,0.8999999999999999,NaN
3621,9.0,2.0,0.7010437318351882,135,0.9375,2711,9147551,0.8999999999999999,NaN
3631,9.0,2.0,0.7010222728681448,135,0.9375,2712,9174665,0.8999999999999999,NaN
3641,9.0,2.0,0.7010015464711394,135,0.9375,2713,9201786,0.8999999999999999,NaN
3651,9.0,2.0,0.7009815297757931,135,0.9375,2713,9228916,0.8999999999999999,NaN
3661,9.0,2.0,0.7009621764576125,135,0.9375,2714,9256054,0.8999999999999999,NaN
3671,9.0,2.0,0.7009434650429721,135,0.9375,2715,9283198,0.8999999999999999,NaN
3681,9.0,2.0,0.7009253579591282,135,0.9375,2715,9310348,0.8999999999999999,NaN
3691,9.0,2.0,0.7009078086386588,135,0.9375,2716,9337508,0.8999999999999999,NaN
3701,9.0,2.0,0.7008908079775126,135,0.9375,2717,9364675,0.8999999999999999,NaN
3711,9.0,2.0,0.7008743250629376,135,0.9375,2718,9391848,0.8999999999999999,NaN
3721,9.0,2.0,0.700858321146014,135,0.9375,2718,9419028,0.8999999999999999,NaN
3731,9.0,2.0,0.7008427741330131,135,0.9375,2719,9446217,0.8999999999999999,NaN
3741,9.0,2.0,0.7008276721470632,135,0.9375,2720,9473412,0.8999999999999999,NaN
3751,9.0,2.0,0.7008129807320522,135,0.9375,2721,9500614,0.8999999999999999,NaN
3761,9.0,2.0,0.7007986891234109,135,0.9375,2721,9527824,0.8999999999999999,NaN
3771,9.0,2.0,0.7007847748126544,135,0.9375,2722,9555042,0.8999999999999999,NaN
3781,9.0,2.0,0.7007712363186497,135,0.9375,2723,9582266,0.8999999999999999,NaN
3791,9.0,2.0,0.7007580359586887,135,0.9375,2723,9609496,0.8999999999999999,NaN
3801,9.0,2.0,0.7007451796665416,135,0.9375,2724,9636736,0.8999999999999999,NaN
3811,9.0,2.0,0.7007326353610991,135,0.9375,2725,9663982,0.8999999999999999,NaN
3821,9.0,2.0,0.7007204028118955,135,0.9375,2726,9691233,0.8999999999999999,NaN
3831,9.0,2.0,0.7007084599920298,135,0.9375,2726,9718493,0.8999999999999999,NaN
3841,9.0,2.0,0.7006967946531505,135,0.9375,2727,9745760,0.8999999999999999,NaN
3851,9.0,2.0,0.700685410730356,135,0.9375,2728,9773033,0.8999999999999999,NaN
3861,9.0,2.0,0.7006742831827879,135,0.9375,2728,9800313,0.8999999999999999,NaN
3871,9.0,2.0,0.7006634047508222,135,0.9375,2729,9827602,0.8999999999999999,NaN
3881,9.0,2.0,0.7006527720386919,135,0.9375,2730,9854896,0.8999999999999999,NaN
3891,9.0,2.0,0.7006423786826497,135,0.9375,2730,9882196,0.8999999999999999,NaN
3901,9.0,2.0,0.7006321994522725,135,0.9375,2731,9909506,0.8999999999999999,NaN
3911,9.0,2.0,0.7006222434762087,135,0.9375,2732,9936822,0.8999999999999999,NaN
3921,9.0,2.0,0.7006124939164785,135,0.9375,2733,9964143,0.8999999999999999,NaN
3931,9.0,2.0,0.7006029485517178,135,0.9375,2733,9991473,0.8999999999999999,NaN
3941,9.0,2.0,0.700593593003538,135,0.9375,2734,10018810,0.8999999999999999,NaN
3951,9.0,2.0,0.7005844290822946,135,0.9375,2735,10046152,0.8999999999999999,NaN
3961,9.0,2.0,0.7005754369961663,135,0.9375,2735,10073502,0.8999999999999999,NaN
3971,9.0,2.0,0.700566628886227,135,0.9375,2736,10100859,0.8999999999999999,NaN
3981,9.0,2.0,0.7005579871097444,135,0.9375,2737,10128222,0.8999999999999999,NaN
3991,9.0,2.0,0.7005495088975144,135,0.9375,2737,10155592,0.8999999999999999,NaN
4001,9.0,2.0,0.7005411932294983,135,0.9375,2738,10182970,0.8999999999999999,NaN
4011,9.0,2.0,0.7005330312007302,135,0.9375,2739,10210353,0.8999999999999999,NaN
4021,9.0,2.0,0.7005250114123345,135,0.9375,2739,10237743,0.8999999999999999,NaN
4031,9.0,2.0,0.7005171443484092,135,0.9375,2740,10265141,0.8999999999999999,NaN
4041,9.0,2.0,0.700509416355085,135,0.9375,2741,10292544,0.8999999999999999,NaN
4051,9.0,2.0,0.7005018175037424,135,0.9375,2741,10319954,0.8999999999999999,NaN
4061,9.0,2.0,0.7004943556490315,135,0.9375,2742,10347372,0.8999999999999999,NaN
4071,9.0,2.0,0.7004870233960059,135,0.9375,2743,10374795,0.8999999999999999,NaN
4081,9.0,2.0,0.7004798142514402,135,0.9375,2743,10402225,0.8999999999999999,NaN
4091,9.0,2.0,0.7004727242056796,135,0.9375,2744,10429663,0.8999999999999999,NaN
4101,9.0,2.0,0.7004657575711685,135,0.9375,2745,10457106,0.8999999999999999,NaN
4111,9.0,2.0,0.7004589024358299,135,0.9375,2745,10484556,0.8999999999999999,NaN
4121,9.0,2.0,0.7004521579894595,135,0.9375,2746,10512014,0.8999999999999999,NaN
4131,9.0,2.0,0.7004455240934111,135,0.9375,2747,10539476,0.8999999999999999,NaN
4141,9.0,2.0,0.700438994332083,135,0.9375,2747,10566946,0.8999999999999999,NaN
4151,9.0,2.0,0.7004325682282595,135,0.9375,2748,10594423,0.8999999999999999,NaN
4161,9.0,2.0,0.5935699143682216,134,0.9305555555555556,2728,10621843,0.8999999999999999,NaN
4171,9.0,2.0,0.5844038206972079,134,0.9305555555555556,2729,10649129,0.8999999999999999,NaN
4181,9.0,2.0,0.5822521244643033,134,0.9305555555555556,2730,10676420,0.8999999999999999,NaN
4191,9.0,2.0,0.5811633399538327,134,0.9305555555555556,2730,10703720,0.8999999999999999,NaN
4201,9.0,2.0,0.5804777399931055,134,0.9305555555555556,2731,10731025,0.8999999999999999,NaN
4211,9.0,2.0,0.5799932525304636,134,0.9305555555555556,2731,10758335,0.8999999999999999,NaN
4221,9.0,2.0,0.57962813646477,134,0.9305555555555556,2732,10785654,0.8999999999999999,NaN
4231,9.0,2.0,0.5793400498038423,134,0.9305555555555556,2733,10812978,0.8999999999999999,NaN
4241,9.0,2.0,0.5791049481827746,134,0.9305555555555556,2733,10840308,0.8999999999999999,NaN
4251,9.0,2.0,0.5789082691771013,134,0.9305555555555556,2734,10867646,0.8999999999999999,NaN
4261,9.0,2.0,0.5787406707975863,134,0.9305555555555556,2735,10894988,0.8999999999999999,NaN
4271,9.0,2.0,0.5785955121275156,134,0.9305555555555556,2735,10922338,0.8999999999999999,NaN
4281,9.0,2.0,0.5784680992709035,134,0.9305555555555556,2736,10949694,0.8999999999999999,NaN
4291,9.0,2.0,0.5783552104050713,134,0.9305555555555556,2736,10977054,0.8999999999999999,NaN
4301,9.0,2.0,0.5782541754342447,134,0.9305555555555556,2737,11004424,0.8999999999999999,NaN
4311,9.0,2.0,0.578163034915712,134,0.9305555555555556,2738,11031798,0.8999999999999999,NaN
4321,9.0,2.0,0.5780802538503377,134,0.9305555555555556,2738,11059178,0.8999999999999999,NaN
4331,9.0,2.0,0.5780046882195558,134,0.9305555555555556,2739,11086566,0.8999999999999999,NaN
4341,9.0,2.0,0.577935288802858,134,0.9305555555555556,2740,11113958,0.8999999999999999,NaN
4351,9.0,2.0,0.5778712878132367,134,0.9305555555555556,2740,11141358,0.8999999999999999,NaN
4361,9.0,2.0,0.5778119750748246,134,0.9305555555555556,2741,11168763,0.8999999999999999,NaN
4371,9.0,2.0,0.5777568234510257,134,0.9305555555555556,2741,11196173,0.8999999999999999,NaN
4381,9.0,2.0,0.5777054134565609,134,0.9305555555555556,2742,11223592,0.8999999999999999,NaN
4391,9.0,2.0,0.5776572351635711,134,0.9305555555555556,2743,11251015,0.8999999999999999,NaN
4401,9.0,2.0,0.5776120348069574,134,0.9305555555555556,2743,11278445,0.8999999999999999,NaN
4411,9.0,2.0,0.5775695004895076,134,0.9305555555555556,2744,11305881,0.8999999999999999,NaN
4421,9.0,2.0,0.5775293554089177,134,0.9305555555555556,2744,11333321,0.8999999999999999,NaN
4431,9.0,2.0,0.5774913887322581,134,0.9305555555555556,2745,11360771,0.8999999999999999,NaN
4441,9.0,2.0,0.5774554064067661,134,0.9305555555555556,2746,11388224,0.8999999999999999,NaN
4451,9.0,2.0,0.5774212997207813,134,0.9305555555555556,2746,11415684,0.8999999999999999,NaN
4461,9.0,2.0,0.5773888037497213,134,0.9305555555555556,2747,11443151,0.8999999999999999,NaN
4471,9.0,2.0,0.5773578610225566,134,0.9305555555555556,2747,11470621,0.8999999999999999,NaN
4481,9.0,2.0,0.5773283474722046,134,0.9305555555555556,2748,11498101,0.8999999999999999,NaN
4491,9.0,2.0,0.5773001490420343,134,0.9305555555555556,2749,11525584,0.8999999999999999,NaN
4501,9.0,2.0,0.5772731691689825,134,0.9305555555555556,2749,11553074,0.8999999999999999,NaN
4511,9.0,2.0,0.5772473338687367,134,0.9305555555555556,2750,11580571,0.8999999999999999,NaN
4521,9.0,2.0,0.5772225489603925,134,0.9305555555555556,2750,11608071,0.8999999999999999,NaN
4531,9.0,2.0,0.5771987230968626,134,0.9305555555555556,2751,11635581,0.8999999999999999,NaN
4541,9.0,2.0,0.5771758231051058,134,0.9305555555555556,2752,11663094,0.8999999999999999,NaN
4551,9.0,2.0,0.5771537990113638,134,0.9305555555555556,2752,11690614,0.8999999999999999,NaN
4561,9.0,2.0,0.5771325868436334,134,0.9305555555555556,2753,11718140,0.8999999999999999,NaN
4571,9.0,2.0,0.5771121263622524,134,0.9305555555555556,2753,11745670,0.8999999999999999,NaN
4581,9.0,2.0,0.5770923726900858,134,0.9305555555555556,2754,11773209,0.8999999999999999,NaN
4591,9.0,2.0,0.5770732797388718,134,0.9305555555555556,2755,11800751,0.8999999999999999,NaN
4601,9.0,2.0,0.5770548312139652,134,0.9305555555555556,2755,11828301,0.8999999999999999,NaN
4611,9.0,2.0,0.5770370058438964,134,0.9305555555555556,2756,11855856,0.8999999999999999,NaN
4621,9.0,2.0,0.5770197230250055,134,0.9305555555555556,2756,11883416,0.8999999999999999,NaN
4631,9.0,2.0,0.5770029994217553,134,0.9305555555555556,2757,11910983,0.8999999999999999,NaN
4641,9.0,2.0,0.5769867837232511,134,0.9305555555555556,2757,11938553,0.8999999999999999,NaN
4651,9.0,2.0,0.5769710488288932,134,0.9305555555555556,2758,11966133,0.8999999999999999,NaN
4661,9.0,2.0,0.57695577698635,134,0.9305555555555556,2759,11993716,0.8999999999999999,NaN
4671,9.0,2.0,0.5769409383656549,134,0.9305555555555556,2759,12021306,0.8999999999999999,NaN
4681,9.0,2.0,0.5769265296816226,134,0.9305555555555556,2760,12048901,0.8999999999999999,NaN
4691,9.0,2.0,0.5769125032523984,134,0.9305555555555556,2760,12076501,0.8999999999999999,NaN
4701,9.0,2.0,0.5768988714834733,134,0.9305555555555556,2761,12104109,0.8999999999999999,NaN
4711,9.0,2.0,0.5768855876358923,134,0.9305555555555556,2761,12131719,0.8999999999999999,NaN
4721,9.0,2.0,0.5768726593100939,134,0.9305555555555556,2762,12159339,0.8999999999999999,NaN
4731,9.0,2.0,0.5768600641971044,134,0.9305555555555556,2763,12186962,0.8999999999999999,NaN
4741,9.0,2.0,0.576847781670146,134,0.9305555555555556,2763,12214592,0.8999999999999999,NaN
4751,9.0,2.0,0.5768358064820138,134,0.9305555555555556,2764,12242227,0.8999999999999999,NaN
4761,9.0,2.0,0.576824122970816,134,0.9305555555555556,2764,12269867,0.8999999999999999,NaN
4771,9.0,2.0,0.5768127202666768,134,0.9305555555555556,2765,12297514,0.8999999999999999,NaN
4781,9.0,2.0,0.576801581600924,134,0.9305555555555556,2765,12325164,0.8999999999999999,NaN
4791,9.0,2.0,0.576790697515601,134,0.9305555555555556,2766,12352823,0.8999999999999999,NaN
4801,9.0,2.0,0.5767800676610987,134,0.9305555555555556,2767,12380485,0.8999999999999999,NaN
4811,9.0,2.0,0.576769679086229,134,0.9305555555555556,2767,12408155,0.8999999999999999,NaN
4821,9.0,2.0,0.5767595249403187,134,0.9305555555555556,2768,12435829,0.8999999999999999,NaN
4831,9.0,2.0,0.576749584441307,134,0.9305555555555556,2768,12463509,0.8999999999999999,NaN
4841,9.0,2.0,0.5767398583888715,134,0.9305555555555556,2769,12491195,0.8999999999999999,NaN
4851,9.0,2.0,0.576730342292668,134,0.9305555555555556,2769,12518885,0.8999999999999999,NaN
4861,9.0,2.0,0.5767210264681936,134,0.9305555555555556,2770,12546583,0.8999999999999999,NaN
4871,9.0,2.0,0.5767119046493306,134,0.9305555555555556,2770,12574283,0.8999999999999999,NaN
4881,9.0,2.0,0.5767029612922959,134,0.9305555555555556,2771,12601992,0.8999999999999999,NaN
4891,9.0,2.0,0.5766941967193187,134,0.9305555555555556,2772,12629703,0.8999999999999999,NaN
4901,9.0,2.0,0.5766855980754343,134,0.9305555555555556,2772,12657423,0.8999999999999999,NaN
4911,9.0,2.0,0.5766771785345877,134,0.9305555555555556,2773,12685146,0.8999999999999999,NaN
4921,9.0,2.0,0.5766689120013618,134,0.9305555555555556,2773,12712876,0.8999999999999999,NaN
4931,9.0,2.0,0.5766608048067728,134,0.9305555555555556,2774,12740611,0.8999999999999999,NaN
4941,9.0,2.0,0.5766528412623414,134,0.9305555555555556,2774,12768351,0.8999999999999999,NaN
4951,9.0,2.0,0.5766450367054126,134,0.9305555555555556,2775,12796097,0.8999999999999999,NaN
4961,9.0,2.0,0.5766373720065313,134,0.9305555555555556,2775,12823847,0.8999999999999999,NaN
4971,9.0,2.0,0.5766298421245784,134,0.9305555555555556,2776,12851605,0.8999999999999999,NaN
4981,9.0,2.0,0.5766224491740813,134,0.9305555555555556,2776,12879365,0.8999999999999999,NaN
4991,9.0,2.0,0.5766151774892225,134,0.9305555555555556,2777,12907134,0.8999999999999999,NaN
5001,9.0,2.0,0.5766080420613542,134,0.9305555555555556,2777,12934904,0.8999999999999999,NaN
5011,9.0,2.0,0.5766010305269003,134,0.9305555555555556,2778,12962684,0.8999999999999999,NaN
5021,9.0,2.0,0.5765941358092912,134,0.9305555555555556,2779,12990466,0.8999999999999999,NaN
5031,9.0,2.0,0.576587357193386,134,0.9305555555555556,2779,13018256,0.8999999999999999,NaN
5041,9.0,2.0,0.5765806892685558,134,0.9305555555555556,2780,13046049,0.8999999999999999,NaN
5051,9.0,2.0,0.576574131664755,134,0.9305555555555556,2780,13073849,0.8999999999999999,NaN
5061,9.0,2.0,0.5765676834765651,134,0.9305555555555556,2781,13101653,0.8999999999999999,NaN
5071,9.0,2.0,0.5765613309826719,134,0.9305555555555556,2781,13129463,0.8999999999999999,NaN
5081,9.0,2.0,0.48010884195356546,133,0.9236111111111112,2761,13157194,0.8999999999999999,NaN
5091,9.0,2.0,0.47348344561634875,133,0.9236111111111112,2762,13184805,0.8999999999999999,NaN
5101,9.0,2.0,0.47164739895429686,133,0.9236111111111112,2762,13212425,0.8999999999999999,NaN
5111,9.0,2.0,0.47068926919806664,133,0.9236111111111112,2763,13240047,0.8999999999999999,NaN
5121,9.0,2.0,0.47007573283025916,133,0.9236111111111112,2763,13267677,0.8999999999999999,NaN
5131,9.0,2.0,0.46963939919569175,133,0.9236111111111112,2764,13295309,0.8999999999999999,NaN
5141,9.0,2.0,0.4693082681889584,133,0.9236111111111112,2764,13322949,0.8999999999999999,NaN
5151,9.0,2.0,0.4690457252703087,133,0.9236111111111112,2765,13350592,0.8999999999999999,NaN
5161,9.0,2.0,0.4688307862192084,133,0.9236111111111112,2765,13378242,0.8999999999999999,NaN
5171,9.0,2.0,0.46865056289398793,133,0.9236111111111112,2766,13405896,0.8999999999999999,NaN
5181,9.0,2.0,0.468496524797326,133,0.9236111111111112,2766,13433556,0.8999999999999999,NaN
5191,9.0,2.0,0.46836284249853233,133,0.9236111111111112,2767,13461220,0.8999999999999999,NaN
5201,9.0,2.0,0.4682453603426203,133,0.9236111111111112,2767,13488890,0.8999999999999999,NaN
5211,9.0,2.0,0.4681410358903784,133,0.9236111111111112,2768,13516565,0.8999999999999999,NaN
5221,9.0,2.0,0.468047555542598,133,0.9236111111111112,2768,13544245,0.8999999999999999,NaN
5231,9.0,2.0,0.4679631358177541,133,0.9236111111111112,2769,13571930,0.8999999999999999,NaN
5241,9.0,2.0,0.46788639964407897,133,0.9236111111111112,2769,13599620,0.8999999999999999,NaN
5251,9.0,2.0,0.4678162265395833,133,0.9236111111111112,2770,13627315,0.8999999999999999,NaN
5261,9.0,2.0,0.4677517203247851,133,0.9236111111111112,2770,13655015,0.8999999999999999,NaN
5271,9.0,2.0,0.4676921518698036,133,0.9236111111111112,2771,13682721,0.8999999999999999,NaN
5281,9.0,2.0,0.46763691674985775,133,0.9236111111111112,2771,13710431,0.8999999999999999,NaN
5291,9.0,2.0,0.46758549574661745,133,0.9236111111111112,2772,13738147,0.8999999999999999,NaN
5301,9.0,2.0,0.46753748197989314,133,0.9236111111111112,2772,13765867,0.8999999999999999,NaN
5311,9.0,2.0,0.4674924969293699,133,0.9236111111111112,2773,13793593,0.8999999999999999,NaN
5321,9.0,2.0,0.467450241132939,133,0.9236111111111112,2773,13821323,0.8999999999999999,NaN
5331,9.0,2.0,0.46741043622282175,133,0.9236111111111112,2774,13849059,0.8999999999999999,NaN
5341,9.0,2.0,0.46737284495332065,133,0.9236111111111112,2774,13876799,0.8999999999999999,NaN
5351,9.0,2.0,0.4673372767075032,133,0.9236111111111112,2775,13904545,0.8999999999999999,NaN
5361,9.0,2.0,0.4673035506975757,133,0.9236111111111112,2775,13932295,0.8999999999999999,NaN
5371,9.0,2.0,0.46727151285331764,133,0.9236111111111112,2776,13960051,0.8999999999999999,NaN
5381,9.0,2.0,0.4672410204222184,133,0.9236111111111112,2776,13987811,0.8999999999999999,NaN
5391,9.0,2.0,0.4672119589121113,133,0.9236111111111112,2777,14015577,0.8999999999999999,NaN
5401,9.0,2.0,0.4671842133478788,133,0.9236111111111112,2777,14043347,0.8999999999999999,NaN
5411,9.0,2.0,0.4671576851000998,133,0.9236111111111112,2778,14071122,0.8999999999999999,NaN
5421,9.0,2.0,0.46713228697402087,133,0.9236111111111112,2778,14098902,0.8999999999999999,NaN
5431,9.0,2.0,0.4671079343484597,133,0.9236111111111112,2779,14126687,0.8999999999999999,NaN
5441,9.0,2.0,0.46708456350634403,133,0.9236111111111112,2779,14154477,0.8999999999999999,NaN
5451,9.0,2.0,0.4670621102776454,133,0.9236111111111112,2780,14182271,0.8999999999999999,NaN
5461,9.0,2.0,0.4670405120906395,133,0.9236111111111112,2780,14210071,0.8999999999999999,NaN
5471,9.0,2.0,0.4670197180460238,133,0.9236111111111112,2781,14237875,0.8999999999999999,NaN
5481,9.0,2.0,0.4669996609201841,133,0.9236111111111112,2781,14265685,0.8999999999999999,NaN
5491,9.0,2.0,0.46698031769345366,133,0.9236111111111112,2782,14293498,0.8999999999999999,NaN
5501,9.0,2.0,0.46696164070000645,133,0.9236111111111112,2782,14321318,0.8999999999999999,NaN
5511,9.0,2.0,0.4669435923505868,133,0.9236111111111112,2783,14349141,0.8999999999999999,NaN
5521,9.0,2.0,0.46692613007359973,133,0.9236111111111112,2783,14376971,0.8999999999999999,NaN
5531,9.0,2.0,0.4669092383620558,133,0.9236111111111112,2784,14404803,0.8999999999999999,NaN
5541,9.0,2.0,0.466892869123808,133,0.9236111111111112,2784,14432643,0.8999999999999999,NaN
5551,9.0,2.0,0.46687700356206246,133,0.9236111111111112,2785,14460484,0.8999999999999999,NaN
5561,9.0,2.0,0.4668616157374052,133,0.9236111111111112,2785,14488334,0.8999999999999999,NaN
5571,9.0,2.0,0.4668466827346323,133,0.9236111111111112,2785,14516184,0.8999999999999999,NaN
5581,9.0,2.0,0.46683217805149624,133,0.9236111111111112,2786,14544044,0.8999999999999999,NaN
5591,9.0,2.0,0.4668180884897219,133,0.9236111111111112,2786,14571904,0.8999999999999999,NaN
5601,9.0,2.0,0.4668043830193595,133,0.9236111111111112,2787,14599773,0.8999999999999999,NaN
5611,9.0,2.0,0.46679105498768714,133,0.9236111111111112,2787,14627643,0.8999999999999999,NaN
5621,9.0,2.0,0.4667780745282299,133,0.9236111111111112,2788,14655521,0.8999999999999999,NaN
5631,9.0,2.0,0.4667654412841753,133,0.9236111111111112,2788,14683401,0.8999999999999999,NaN
5641,9.0,2.0,0.4667531360991916,133,0.9236111111111112,2789,14711288,0.8999999999999999,NaN
5651,9.0,2.0,0.46674113249979615,133,0.9236111111111112,2789,14739178,0.8999999999999999,NaN
5661,9.0,2.0,0.46672943005332773,133,0.9236111111111112,2790,14767074,0.8999999999999999,NaN
5671,9.0,2.0,0.46671801102809557,133,0.9236111111111112,2790,14794974,0.8999999999999999,NaN
5681,9.0,2.0,0.46670685810119067,133,0.9236111111111112,2791,14822878,0.8999999999999999,NaN
5691,9.0,2.0,0.46669597420519665,133,0.9236111111111112,2791,14850788,0.8999999999999999,NaN
5701,9.0,2.0,0.466685344846544,133,0.9236111111111112,2792,14878701,0.8999999999999999,NaN
5711,9.0,2.0,0.4666749589599899,133,0.9236111111111112,2792,14906621,0.8999999999999999,NaN
5721,9.0,2.0,0.4666648054899844,133,0.9236111111111112,2793,14934543,0.8999999999999999,NaN
5731,9.0,2.0,0.46665488282788076,133,0.9236111111111112,2793,14962473,0.8999999999999999,NaN
5741,9.0,2.0,0.46664517067359984,133,0.9236111111111112,2793,14990403,0.8999999999999999,NaN
5751,9.0,2.0,0.4666356645945549,133,0.9236111111111112,2794,15018343,0.8999999999999999,NaN
5761,9.0,2.0,0.46662636805334945,133,0.9236111111111112,2794,15046283,0.8999999999999999,NaN
5771,9.0,2.0,0.4666172588778666,133,0.9236111111111112,2795,15074231,0.8999999999999999,NaN
5781,9.0,2.0,0.46660833632098886,133,0.9236111111111112,2795,15102181,0.8999999999999999,NaN
5791,9.0,2.0,0.4665995884524764,133,0.9236111111111112,2796,15130138,0.8999999999999999,NaN
5801,9.0,2.0,0.4665910174108006,133,0.9236111111111112,2796,15158098,0.8999999999999999,NaN
5811,9.0,2.0,0.46658262112407506,133,0.9236111111111112,2797,15186063,0.8999999999999999,NaN
5821,9.0,2.0,0.46657438326491424,133,0.9236111111111112,2797,15214033,0.8999999999999999,NaN
5831,9.0,2.0,0.46656630954606765,133,0.9236111111111112,2798,15242006,0.8999999999999999,NaN
5841,9.0,2.0,0.46655838392638377,133,0.9236111111111112,2798,15269986,0.8999999999999999,NaN
5851,9.0,2.0,0.46655060665070786,133,0.9236111111111112,2799,15297967,0.8999999999999999,NaN
5861,9.0,2.0,0.46654296880167223,133,0.9236111111111112,2799,15325957,0.8999999999999999,NaN
5871,9.0,2.0,0.4665354703026225,133,0.9236111111111112,2799,15353947,0.8999999999999999,NaN
5881,9.0,2.0,0.4665281097226187,133,0.9236111111111112,2800,15381946,0.8999999999999999,NaN
5891,9.0,2.0,0.4665208760421858,133,0.9236111111111112,2800,15409946,0.8999999999999999,NaN
5901,9.0,2.0,0.4665137681335449,133,0.9236111111111112,2801,15437953,0.8999999999999999,NaN
5911,9.0,2.0,0.4665067864487983,133,0.9236111111111112,2801,15465963,0.8999999999999999,NaN
5921,9.0,2.0,0.46649992087546305,133,0.9236111111111112,2802,15493978,0.8999999999999999,NaN
5931,9.0,2.0,0.46649317018779324,133,0.9236111111111112,2802,15521998,0.8999999999999999,NaN
5941,9.0,2.0,0.46648653349628144,133,0.9236111111111112,2803,15550020,0.8999999999999999,NaN
5951,9.0,2.0,0.4664800050668375,133,0.9236111111111112,2803,15578050,0.8999999999999999,NaN
5961,9.0,2.0,0.4664735897632628,133,0.9236111111111112,2803,15606080,0.8999999999999999,NaN
5971,9.0,2.0,0.4664672716340237,133,0.9236111111111112,2804,15634120,0.8999999999999999,NaN
5981,9.0,2.0,0.4664610533866276,133,0.9236111111111112,2804,15662160,0.8999999999999999,NaN
5991,9.0,2.0,0.46645493530680177,133,0.9236111111111112,2805,15690208,0.8999999999999999,NaN
6001,9.0,2.0,0.4664489076899943,133,0.9236111111111112,2805,15718258,0.8999999999999999,NaN
6011,9.0,2.0,0.4664429740923134,133,0.9236111111111112,2806,15746313,0.8999999999999999,NaN
6021,9.0,2.0,0.4664371300971393,133,0.9236111111111112,2806,15774373,0.8999999999999999,NaN
6031,9.0,2.0,0.46643138132284023,133,0.9236111111111112,2807,15802435,0.8999999999999999,NaN
6041,9.0,2.0,0.46642571005974776,133,0.9236111111111112,2807,15830505,0.8999999999999999,NaN
6051,9.0,2.0,0.4664201240572634,133,0.9236111111111112,2807,15858575,0.8999999999999999,NaN
6061,9.0,2.0,0.4664146174753361,133,0.9236111111111112,2808,15886655,0.8999999999999999,NaN
6071,9.0,2.0,0.4664091934077652,133,0.9236111111111112,2808,15914735,0.8999999999999999,NaN
6081,9.0,2.0,0.4664038440251362,133,0.9236111111111112,2809,15942822,0.8999999999999999,NaN
6091,9.0,2.0,0.46639857692966147,133,0.9236111111111112,2809,15970912,0.8999999999999999,NaN
6101,9.0,2.0,0.46639337978320355,133,0.9236111111111112,2810,15999006,0.8999999999999999,NaN
6111,9.0,2.0,0.4663882583146955,133,0.9236111111111112,2810,16027106,0.8999999999999999,NaN
6121,9.0,2.0,0.4663832094021571,133,0.9236111111111112,2811,16055207,0.8999999999999999,NaN
6131,9.0,2.0,0.4663782268614104,133,0.9236111111111112,2811,16083317,0.8999999999999999,NaN
6141,9.0,2.0,0.46637331209826904,133,0.9236111111111112,2811,16111427,0.8999999999999999,NaN
6151,9.0,2.0,0.4663684600677601,133,0.9236111111111112,2812,16139545,0.8999999999999999,NaN
6161,9.0,2.0,0.4663636754680488,133,0.9236111111111112,2812,16167665,0.8999999999999999,NaN
6171,9.0,2.0,0.466358952367644,133,0.9236111111111112,2813,16195790,0.8999999999999999,NaN
6181,9.0,2.0,0.46635428773606713,133,0.9236111111111112,2813,16223920,0.8999999999999999,NaN
6191,9.0,2.0,0.46634969187967923,133,0.9236111111111112,2814,16252052,0.8999999999999999,NaN
6201,9.0,2.0,0.46634514987832354,133,0.9236111111111112,2814,16280192,0.8999999999999999,NaN
6211,9.0,2.0,0.4663406631786741,133,0.9236111111111112,2814,16308332,0.8999999999999999,NaN
6221,9.0,2.0,0.4663362268126151,133,0.9236111111111112,2815,16336480,0.8999999999999999,NaN
6231,9.0,2.0,0.4663318501380972,133,0.9236111111111112,2815,16364630,0.8999999999999999,NaN
6241,9.0,2.0,0.46632752552483214,133,0.9236111111111112,2816,16392785,0.8999999999999999,NaN
6251,9.0,2.0,0.46632325766127153,133,0.9236111111111112,2816,16420945,0.8999999999999999,NaN
6261,9.0,2.0,0.4663190419047278,133,0.9236111111111112,2817,16449106,0.8999999999999999,NaN
6271,9.0,2.0,0.46631487221786627,133,0.9236111111111112,2817,16477276,0.8999999999999999,NaN
6281,9.0,2.0,0.4663107533901864,133,0.9236111111111112,2817,16505446,0.8999999999999999,NaN
6291,9.0,2.0,0.4663066856877879,133,0.9236111111111112,2818,16533624,0.8999999999999999,NaN
6301,9.0,2.0,0.466302663926357,133,0.9236111111111112,2818,16561804,0.8999999999999999,NaN
6311,9.0,2.0,0.46629868742596753,133,0.9236111111111112,2819,16589988,0.8999999999999999,NaN
6321,9.0,2.0,0.46629475832251543,133,0.9236111111111112,2819,16618178,0.8999999999999999,NaN
6331,9.0,2.0,0.46629087221799126,133,0.9236111111111112,2819,16646368,0.8999999999999999,NaN
6341,9.0,2.0,0.4662870272690351,133,0.9236111111111112,2820,16674568,0.8999999999999999,NaN
6351,9.0,2.0,0.46628322697491004,133,0.9236111111111112,2820,16702768,0.8999999999999999,NaN
6361,9.0,2.0,0.4662794685400682,133,0.9236111111111112,2821,16730975,0.8999999999999999,NaN
6371,9.0,2.0,0.46627575478443983,133,0.9236111111111112,2821,16759185,0.8999999999999999,NaN
6381,9.0,2.0,0.46627208420558447,133,0.9236111111111112,2822,16787398,0.8999999999999999,NaN
6391,9.0,2.0,0.4662684526980319,133,0.9236111111111112,2822,16815618,0.8999999999999999,NaN
6401,9.0,2.0,0.46626485915722315,133,0.9236111111111112,2822,16843838,0.8999999999999999,NaN
6411,9.0,2.0,0.4662613019066772,133,0.9236111111111112,2823,16872067,0.8999999999999999,NaN
6421,9.0,2.0,0.46625778459868017,133,0.9236111111111112,2823,16900297,0.8999999999999999,NaN
6431,9.0,2.0,0.46625430200807394,133,0.9236111111111112,2824,16928531,0.8999999999999999,NaN
6441,9.0,2.0,0.4662508595706917,133,0.9236111111111112,2824,16956771,0.8999999999999999,NaN
6451,9.0,2.0,0.46624745351424607,133,0.9236111111111112,2824,16985011,0.8999999999999999,NaN
6461,9.0,2.0,0.4662440779380914,133,0.9236111111111112,2825,17013261,0.8999999999999999,NaN
6471,9.0,2.0,0.4662407411288682,133,0.9236111111111112,2825,17041511,0.8999999999999999,NaN
6481,9.0,2.0,0.4662374377372619,133,0.9236111111111112,2826,17069767,0.8999999999999999,NaN
6491,9.0,2.0,0.46623416964752273,133,0.9236111111111112,2826,17098027,0.8999999999999999,NaN
6501,9.0,2.0,0.4662309283937639,133,0.9236111111111112,2827,17126289,0.8999999999999999,NaN
6511,9.0,2.0,0.46622772237177734,133,0.9236111111111112,2827,17154559,0.8999999999999999,NaN
6521,9.0,2.0,0.46622455033139537,133,0.9236111111111112,2827,17182829,0.8999999999999999,NaN
6531,9.0,2.0,0.4662214077343136,133,0.9236111111111112,2828,17211106,0.8999999999999999,NaN
6541,9.0,2.0,0.46621829380440083,133,0.9236111111111112,2828,17239386,0.8999999999999999,NaN
6551,9.0,2.0,0.4662152130677093,133,0.9236111111111112,2829,17267669,0.8999999999999999,NaN
6561,9.0,2.0,0.46621216101760843,133,0.9236111111111112,2829,17295959,0.8999999999999999,NaN
6571,9.0,2.0,0.4662091364117758,133,0.9236111111111112,2829,17324249,0.8999999999999999,NaN
6581,9.0,2.0,0.46620614208106037,133,0.9236111111111112,2830,17352547,0.8999999999999999,NaN
6591,9.0,2.0,0.46620317431701547,133,0.9236111111111112,2830,17380847,0.8999999999999999,NaN
6601,9.0,2.0,0.4662002351660197,133,0.9236111111111112,2831,17409150,0.8999999999999999,NaN
6611,9.0,2.0,0.4661973237302594,133,0.9236111111111112,2831,17437460,0.8999999999999999,NaN
6621,9.0,2.0,0.46619443993569043,133,0.9236111111111112,2831,17465770,0.8999999999999999,NaN
6631,9.0,2.0,0.46619158067837446,133,0.9236111111111112,2832,17494088,0.8999999999999999,NaN
6641,9.0,2.0,0.46618875178486646,133,0.9236111111111112,2832,17522408,0.8999999999999999,NaN
6651,9.0,2.0,0.46618594847158135,133,0.9236111111111112,2833,17550731,0.8999999999999999,NaN
6661,9.0,2.0,0.4661831669700402,133,0.9236111111111112,2833,17579061,0.8999999999999999,NaN
6671,9.0,2.0,0.4661804087121417,133,0.9236111111111112,2833,17607391,0.8999999999999999,NaN
6681,9.0,2.0,0.466177678215983,133,0.9236111111111112,2834,17635729,0.8999999999999999,NaN
6691,9.0,2.0,0.4661749695554491,133,0.9236111111111112,2834,17664069,0.8999999999999999,NaN
6701,9.0,2.0,0.466172285000035,133,0.9236111111111112,2835,17692412,0.8999999999999999,NaN
6711,9.0,2.0,0.46616962350157554,133,0.9236111111111112,2835,17720762,0.8999999999999999,NaN
6721,9.0,2.0,0.46616698689564756,133,0.9236111111111112,2835,17749112,0.8999999999999999,NaN
6731,9.0,2.0,0.466164369635256,133,0.9236111111111112,2836,17777470,0.8999999999999999,NaN
6741,9.0,2.0,0.46616177434000833,133,0.9236111111111112,2836,17805830,0.8999999999999999,NaN
6751,9.0,2.0,0.46615920286297663,133,0.9236111111111112,2837,17834193,0.8999999999999999,NaN
6761,9.0,2.0,0.4661566555230315,133,0.9236111111111112,2837,17862563,0.8999999999999999,NaN
6771,9.0,2.0,0.4661541311208979,133,0.9236111111111112,2837,17890933,0.8999999999999999,NaN
6781,9.0,2.0,0.46615162276649386,133,0.9236111111111112,2838,17919310,0.8999999999999999,NaN
6791,9.0,2.0,0.46614913788662843,133,0.9236111111111112,2838,17947690,0.8999999999999999,NaN
6801,9.0,2.0,0.466146674702609,133,0.9236111111111112,2839,17976072,0.8999999999999999,NaN
6811,9.0,2.0,0.4661442292148286,133,0.9236111111111112,2839,18004462,0.8999999999999999,NaN
6821,9.0,2.0,0.4661418054395987,133,0.9236111111111112,2839,18032852,0.8999999999999999,NaN
6831,9.0,2.0,0.46613940158939804,133,0.9236111111111112,2840,18061248,0.8999999999999999,NaN
6841,9.0,2.0,0.4661370160907782,133,0.9236111111111112,2840,18089648,0.8999999999999999,NaN
6851,9.0,2.0,0.4661346500369244,133,0.9236111111111112,2840,18118048,0.8999999999999999,NaN
6861,9.0,2.0,0.4661323042279415,133,0.9236111111111112,2841,18146458,0.8999999999999999,NaN
6871,9.0,2.0,0.46612997791939814,133,0.9236111111111112,2841,18174868,0.8999999999999999,NaN
6881,9.0,2.0,0.36542809901798173,132,0.9166666666666666,2820,18203110,0.8999999999999999,NaN
6891,9.0,2.0,0.36207022844270464,132,0.9166666666666666,2821,18231315,0.8999999999999999,NaN
6901,9.0,2.0,0.36072026612901387,132,0.9166666666666666,2821,18259525,0.8999999999999999,NaN
6911,9.0,2.0,0.3599409370841336,132,0.9166666666666666,2821,18287735,0.8999999999999999,NaN
6921,9.0,2.0,0.3594170057995456,132,0.9166666666666666,2822,18315954,0.8999999999999999,NaN
6931,9.0,2.0,0.35903350994464067,132,0.9166666666666666,2822,18344174,0.8999999999999999,NaN
6941,9.0,2.0,0.358737014977798,132,0.9166666666666666,2823,18372397,0.8999999999999999,NaN
6951,9.0,2.0,0.35849871068451067,132,0.9166666666666666,2823,18400627,0.8999999999999999,NaN
6961,9.0,2.0,0.35830174471861775,132,0.9166666666666666,2823,18428857,0.8999999999999999,NaN
6971,9.0,2.0,0.35813532054786695,132,0.9166666666666666,2824,18457093,0.8999999999999999,NaN
6981,9.0,2.0,0.3579922436202681,132,0.9166666666666666,2824,18485333,0.8999999999999999,NaN
6991,9.0,2.0,0.3578675164104378,132,0.9166666666666666,2824,18513573,0.8999999999999999,NaN
7001,9.0,2.0,0.3577574588842973,132,0.9166666666666666,2825,18541823,0.8999999999999999,NaN
7011,9.0,2.0,0.3576594272162707,132,0.9166666666666666,2825,18570073,0.8999999999999999,NaN
7021,9.0,2.0,0.3575713471092017,132,0.9166666666666666,2826,18598326,0.8999999999999999,NaN
7031,9.0,2.0,0.3574916163828081,132,0.9166666666666666,2826,18626586,0.8999999999999999,NaN
7041,9.0,2.0,0.3574190125396722,132,0.9166666666666666,2826,18654846,0.8999999999999999,NaN
7051,9.0,2.0,0.35735250418731845,132,0.9166666666666666,2827,18683113,0.8999999999999999,NaN
7061,9.0,2.0,0.3572912929631391,132,0.9166666666666666,2827,18711383,0.8999999999999999,NaN
7071,9.0,2.0,0.357234706564723,132,0.9166666666666666,2827,18739653,0.8999999999999999,NaN
7081,9.0,2.0,0.35718216271406733,132,0.9166666666666666,2828,18767933,0.8999999999999999,NaN
7091,9.0,2.0,0.3571332202276465,132,0.9166666666666666,2828,18796213,0.8999999999999999,NaN
7101,9.0,2.0,0.35708747817794184,132,0.9166666666666666,2829,18824496,0.8999999999999999,NaN
7111,9.0,2.0,0.3570445921850196,132,0.9166666666666666,2829,18852786,0.8999999999999999,NaN
7121,9.0,2.0,0.3570042828350426,132,0.9166666666666666,2829,18881076,0.8999999999999999,NaN
7131,9.0,2.0,0.35696628935340535,132,0.9166666666666666,2830,18909372,0.8999999999999999,NaN
7141,9.0,2.0,0.35693040019474814,132,0.9166666666666666,2830,18937672,0.8999999999999999,NaN
7151,9.0,2.0,0.35689642782275377,132,0.9166666666666666,2830,18965972,0.8999999999999999,NaN
7161,9.0,2.0,0.3568642032694227,132,0.9166666666666666,2831,18994281,0.8999999999999999,NaN
7171,9.0,2.0,0.3568335870518276,132,0.9166666666666666,2831,19022591,0.8999999999999999,NaN
7181,9.0,2.0,0.35680444256441635,132,0.9166666666666666,2832,19050903,0.8999999999999999,NaN
7191,9.0,2.0,0.35677664146326854,132,0.9166666666666666,2832,19079223,0.8999999999999999,NaN
7201,9.0,2.0,0.3567501027561188,132,0.9166666666666666,2832,19107543,0.8999999999999999,NaN
7211,9.0,2.0,0.35672472625655455,132,0.9166666666666666,2833,19135868,0.8999999999999999,NaN
7221,9.0,2.0,0.3567004253974452,132,0.9166666666666666,2833,19164198,0.8999999999999999,NaN
7231,9.0,2.0,0.3566771324955837,132,0.9166666666666666,2833,19192528,0.8999999999999999,NaN
7241,9.0,2.0,0.35665476758986436,132,0.9166666666666666,2834,19220865,0.8999999999999999,NaN
7251,9.0,2.0,0.3566332803733542,132,0.9166666666666666,2834,19249205,0.8999999999999999,NaN
7261,9.0,2.0,0.3566126069377924,132,0.9166666666666666,2834,19277545,0.8999999999999999,NaN
7271,9.0,2.0,0.35659269537463256,132,0.9166666666666666,2835,19305895,0.8999999999999999,NaN
7281,9.0,2.0,0.35657350974858865,132,0.9166666666666666,2835,19334245,0.8999999999999999,NaN
7291,9.0,2.0,0.3565549984436862,132,0.9166666666666666,2836,19362597,0.8999999999999999,NaN
7301,9.0,2.0,0.3565371229367481,132,0.9166666666666666,2836,19390957,0.8999999999999999,NaN
7311,9.0,2.0,0.35651984396379904,132,0.9166666666666666,2836,19419317,0.8999999999999999,NaN
7321,9.0,2.0,0.35650313539556977,132,0.9166666666666666,2837,19447682,0.8999999999999999,NaN
7331,9.0,2.0,0.3564869620673827,132,0.9166666666666666,2837,19476052,0.8999999999999999,NaN
7341,9.0,2.0,0.3564712965228114,132,0.9166666666666666,2837,19504422,0.8999999999999999,NaN
7351,9.0,2.0,0.35645610977326936,132,0.9166666666666666,2838,19532799,0.8999999999999999,NaN
7361,9.0,2.0,0.356441377532853,132,0.9166666666666666,2838,19561179,0.8999999999999999,NaN
7371,9.0,2.0,0.3564270880113065,132,0.9166666666666666,2838,19589559,0.8999999999999999,NaN
7381,9.0,2.0,0.3564132098113142,132,0.9166666666666666,2839,19617948,0.8999999999999999,NaN
7391,9.0,2.0,0.35639971782322494,132,0.9166666666666666,2839,19646338,0.8999999999999999,NaN
7401,9.0,2.0,0.35638660965907787,132,0.9166666666666666,2840,19674729,0.8999999999999999,NaN
7411,9.0,2.0,0.35637384920688236,132,0.9166666666666666,2840,19703129,0.8999999999999999,NaN
7421,9.0,2.0,0.3563614338110718,132,0.9166666666666666,2840,19731529,0.8999999999999999,NaN
7431,9.0,2.0,0.3563493411426403,132,0.9166666666666666,2841,19759932,0.8999999999999999,NaN
7441,9.0,2.0,0.35633756273029,132,0.9166666666666666,2841,19788342,0.8999999999999999,NaN
7451,9.0,2.0,0.35632608321192305,132,0.9166666666666666,2841,19816752,0.8999999999999999,NaN
7461,9.0,2.0,0.35631489025907626,132,0.9166666666666666,2842,19845167,0.8999999999999999,NaN
7471,9.0,2.0,0.356303967566392,132,0.9166666666666666,2842,19873587,0.8999999999999999,NaN
7481,9.0,2.0,0.35629331200416076,132,0.9166666666666666,2842,19902007,0.8999999999999999,NaN
7491,9.0,2.0,0.3562829020327175,132,0.9166666666666666,2843,19930434,0.8999999999999999,NaN
7501,9.0,2.0,0.3562727355648553,132,0.9166666666666666,2843,19958864,0.8999999999999999,NaN
7511,9.0,2.0,0.35626280828913953,132,0.9166666666666666,2843,19987294,0.8999999999999999,NaN
7521,9.0,2.0,0.35625310045509834,132,0.9166666666666666,2844,20015732,0.8999999999999999,NaN
7531,9.0,2.0,0.3562436033501059,132,0.9166666666666666,2844,20044172,0.8999999999999999,NaN
7541,9.0,2.0,0.3562343156772759,132,0.9166666666666666,2844,20072612,0.8999999999999999,NaN
7551,9.0,2.0,0.3562252257964627,132,0.9166666666666666,2845,20101062,0.8999999999999999,NaN
7561,9.0,2.0,0.3562163265328771,132,0.9166666666666666,2845,20129512,0.8999999999999999,NaN
7571,9.0,2.0,0.35620761655580796,132,0.9166666666666666,2846,20157963,0.8999999999999999,NaN
7581,9.0,2.0,0.35619908567647396,132,0.9166666666666666,2846,20186423,0.8999999999999999,NaN
7591,9.0,2.0,0.35619072767771776,132,0.9166666666666666,2846,20214883,0.8999999999999999,NaN
7601,9.0,2.0,0.3561825359238063,132,0.9166666666666666,2847,20243345,0.8999999999999999,NaN
7611,9.0,2.0,0.35617450231398096,132,0.9166666666666666,2847,20271815,0.8999999999999999,NaN
7621,9.0,2.0,0.3561666309765719,132,0.9166666666666666,2847,20300285,0.8999999999999999,NaN
7631,9.0,2.0,0.3561589080068658,132,0.9166666666666666,2848,20328758,0.8999999999999999,NaN
7641,9.0,2.0,0.3561513326819128,132,0.9166666666666666,2848,20357238,0.8999999999999999,NaN
7651,9.0,2.0,0.3561438996137397,132,0.9166666666666666,2848,20385718,0.8999999999999999,NaN
7661,9.0,2.0,0.35613660009178544,132,0.9166666666666666,2849,20414203,0.8999999999999999,NaN
7671,9.0,2.0,0.35612943213044274,132,0.9166666666666666,2849,20442693,0.8999999999999999,NaN
7681,9.0,2.0,0.3561223976069863,132,0.9166666666666666,2849,20471183,0.8999999999999999,NaN
7691,9.0,2.0,0.3561154850081715,132,0.9166666666666666,2850,20499678,0.8999999999999999,NaN
7701,9.0,2.0,0.35610869548855706,132,0.9166666666666666,2850,20528178,0.8999999999999999,NaN
7711,9.0,2.0,0.3561020215096115,132,0.9166666666666666,2850,20556678,0.8999999999999999,NaN
7721,9.0,2.0,0.3560954624480926,132,0.9166666666666666,2851,20585184,0.8999999999999999,NaN
7731,9.0,2.0,0.356089016492221,132,0.9166666666666666,2851,20613694,0.8999999999999999,NaN
7741,9.0,2.0,0.3560826764414937,132,0.9166666666666666,2851,20642204,0.8999999999999999,NaN
7751,9.0,2.0,0.35607643948585355,132,0.9166666666666666,2852,20670721,0.8999999999999999,NaN
7761,9.0,2.0,0.35607031224033886,132,0.9166666666666666,2852,20699241,0.8999999999999999,NaN
7771,9.0,2.0,0.3560642802391166,132,0.9166666666666666,2852,20727761,0.8999999999999999,NaN
7781,9.0,2.0,0.3560583415505494,132,0.9166666666666666,2853,20756289,0.8999999999999999,NaN
7791,9.0,2.0,0.3560524987125846,132,0.9166666666666666,2853,20784819,0.8999999999999999,NaN
7801,9.0,2.0,0.35604674891697347,132,0.9166666666666666,2853,20813349,0.8999999999999999,NaN
7811,9.0,2.0,0.35604108325215283,132,0.9166666666666666,2854,20841887,0.8999999999999999,NaN
7821,9.0,2.0,0.35603550370501513,132,0.9166666666666666,2854,20870427,0.8999999999999999,NaN
7831,9.0,2.0,0.3560300070066564,132,0.9166666666666666,2854,20898967,0.8999999999999999,NaN
7841,9.0,2.0,0.35602459352755955,132,0.9166666666666666,2855,20927515,0.8999999999999999,NaN
7851,9.0,2.0,0.356019260872782,132,0.9166666666666666,2855,20956065,0.8999999999999999,NaN
7861,9.0,2.0,0.35601400445308795,132,0.9166666666666666,2855,20984615,0.8999999999999999,NaN
7871,9.0,2.0,0.35600882332122824,132,0.9166666666666666,2856,21013174,0.8999999999999999,NaN
7881,9.0,2.0,0.3560037190894795,132,0.9166666666666666,2856,21041734,0.8999999999999999,NaN
7891,9.0,2.0,0.35599868683198943,132,0.9166666666666666,2856,21070294,0.8999999999999999,NaN
7901,9.0,2.0,0.35599372516985983,132,0.9166666666666666,2857,21098863,0.8999999999999999,NaN
7911,9.0,2.0,0.35598883281946564,132,0.9166666666666666,2857,21127433,0.8999999999999999,NaN
7921,9.0,2.0,0.35598400792072565,132,0.9166666666666666,2857,21156003,0.8999999999999999,NaN
7931,9.0,2.0,0.3559792468225641,132,0.9166666666666666,2858,21184582,0.8999999999999999,NaN
7941,9.0,2.0,0.35597455233218533,132,0.9166666666666666,2858,21213162,0.8999999999999999,NaN
7951,9.0,2.0,0.3559699187271459,132,0.9166666666666666,2858,21241742,0.8999999999999999,NaN
7961,9.0,2.0,0.3559653453569958,132,0.9166666666666666,2859,21270331,0.8999999999999999,NaN
7971,9.0,2.0,0.3559608392610554,132,0.9166666666666666,2859,21298921,0.8999999999999999,NaN
7981,9.0,2.0,0.3559563850096579,132,0.9166666666666666,2859,21327511,0.8999999999999999,NaN
7991,9.0,2.0,0.35595198706369513,132,0.9166666666666666,2860,21356110,0.8999999999999999,NaN
8001,9.0,2.0,0.3559476486805475,132,0.9166666666666666,2860,21384710,0.8999999999999999,NaN
8011,9.0,2.0,0.35594336470457066,132,0.9166666666666666,2860,21413310,0.8999999999999999,NaN
8021,9.0,2.0,0.3559391340405286,132,0.9166666666666666,2861,21441918,0.8999999999999999,NaN
8031,9.0,2.0,0.3559349561935081,132,0.9166666666666666,2861,21470528,0.8999999999999999,NaN
8041,9.0,2.0,0.35593082978129315,132,0.9166666666666666,2861,21499138,0.8999999999999999,NaN
8051,9.0,2.0,0.3559267544603726,132,0.9166666666666666,2862,21527756,0.8999999999999999,NaN
8061,9.0,2.0,0.35592273179655615,132,0.9166666666666666,2862,21556376,0.8999999999999999,NaN
8071,9.0,2.0,0.35591875277814705,132,0.9166666666666666,2862,21584996,0.8999999999999999,NaN
8081,9.0,2.0,0.3559148220590453,132,0.9166666666666666,2863,21613623,0.8999999999999999,NaN
8091,9.0,2.0,0.3559109392846499,132,0.9166666666666666,2863,21642253,0.8999999999999999,NaN
8101,9.0,2.0,0.3559070977176,132,0.9166666666666666,2863,21670883,0.8999999999999999,NaN
8111,9.0,2.0,0.3559033039028617,132,0.9166666666666666,2864,21699520,0.8999999999999999,NaN
8121,9.0,2.0,0.3558995513446336,132,0.9166666666666666,2864,21728160,0.8999999999999999,NaN
8131,9.0,2.0,0.35589584435777605,132,0.9166666666666666,2864,21756800,0.8999999999999999,NaN
8141,9.0,2.0,0.35589218233446296,132,0.9166666666666666,2865,21785446,0.8999999999999999,NaN
8151,9.0,2.0,0.35588855471830266,132,0.9166666666666666,2865,21814096,0.8999999999999999,NaN
8161,9.0,2.0,0.3558849702848209,132,0.9166666666666666,2865,21842746,0.8999999999999999,NaN
8171,9.0,2.0,0.35588142663753647,132,0.9166666666666666,2866,21871401,0.8999999999999999,NaN
8181,9.0,2.0,0.3558779239921065,132,0.9166666666666666,2866,21900061,0.8999999999999999,NaN
8191,9.0,2.0,0.35587445669055484,132,0.9166666666666666,2866,21928721,0.8999999999999999,NaN
8201,9.0,2.0,0.35587102520302766,132,0.9166666666666666,2867,21957385,0.8999999999999999,NaN
8211,9.0,2.0,0.35586763271391914,132,0.9166666666666666,2867,21986055,0.8999999999999999,NaN
8221,9.0,2.0,0.35586427989552555,132,0.9166666666666666,2867,22014725,0.8999999999999999,NaN
8231,9.0,2.0,0.35586095879667146,132,0.9166666666666666,2868,22043398,0.8999999999999999,NaN
8241,9.0,2.0,0.35585767474533914,132,0.9166666666666666,2868,22072078,0.8999999999999999,NaN
8251,9.0,2.0,0.35585442156430536,132,0.9166666666666666,2868,22100758,0.8999999999999999,NaN
8261,9.0,2.0,0.35585120441200213,132,0.9166666666666666,2869,22129440,0.8999999999999999,NaN
8271,9.0,2.0,0.3558480201518863,132,0.9166666666666666,2869,22158130,0.8999999999999999,NaN
8281,9.0,2.0,0.35584487023420547,132,0.9166666666666666,2869,22186820,0.8999999999999999,NaN
8291,9.0,2.0,0.35584174691095216,132,0.9166666666666666,2870,22215511,0.8999999999999999,NaN
8301,9.0,2.0,0.2591767011020623,131,0.9097222222222222,2848,22244123,0.10000000000000003,NaN
8311,9.0,2.0,0.2526481784821402,131,0.9097222222222222,2848,22272603,0.10000000000000003,NaN
8321,9.0,2.0,0.2508409158485312,131,0.9097222222222222,2849,22301090,0.10000000000000003,NaN
8331,9.0,2.0,0.24989799097120471,131,0.9097222222222222,2849,22329580,0.10000000000000003,NaN
8341,9.0,2.0,0.24929470963552078,131,0.9097222222222222,2849,22358070,0.10000000000000003,NaN
8351,9.0,2.0,0.24886586515130235,131,0.9097222222222222,2850,22386565,0.10000000000000003,NaN
8361,9.0,2.0,0.24854063334467524,131,0.9097222222222222,2850,22415065,0.10000000000000003,NaN
8371,9.0,2.0,0.2482829669398792,131,0.9097222222222222,2850,22443565,0.10000000000000003,NaN
8381,9.0,2.0,0.24807219582243364,131,0.9097222222222222,2851,22472069,0.10000000000000003,NaN
8391,9.0,2.0,0.24789556563327356,131,0.9097222222222222,2851,22500579,0.10000000000000003,NaN
8401,9.0,2.0,0.247744716748201,131,0.9097222222222222,2851,22529089,0.10000000000000003,NaN
8411,9.0,2.0,0.24761391937408808,131,0.9097222222222222,2852,22557600,0.10000000000000003,NaN
8421,9.0,2.0,0.24749903749170463,131,0.9097222222222222,2852,22586120,0.10000000000000003,NaN
8431,9.0,2.0,0.24739710327511816,131,0.9097222222222222,2852,22614640,0.10000000000000003,NaN
8441,9.0,2.0,0.24730583267352063,131,0.9097222222222222,2852,22643160,0.10000000000000003,NaN
8451,9.0,2.0,0.24722345152577985,131,0.9097222222222222,2853,22671689,0.10000000000000003,NaN
8461,9.0,2.0,0.24714862877309368,131,0.9097222222222222,2853,22700219,0.10000000000000003,NaN
8471,9.0,2.0,0.2470802627748001,131,0.9097222222222222,2853,22728749,0.10000000000000003,NaN
8481,9.0,2.0,0.2470174506226733,131,0.9097222222222222,2854,22757286,0.10000000000000003,NaN
8491,9.0,2.0,0.24695949329963696,131,0.9097222222222222,2854,22785826,0.10000000000000003,NaN
8501,9.0,2.0,0.2469057889323503,131,0.9097222222222222,2854,22814366,0.10000000000000003,NaN
8511,9.0,2.0,0.24685583233018604,131,0.9097222222222222,2855,22842911,0.10000000000000003,NaN
8521,9.0,2.0,0.2468092005515682,131,0.9097222222222222,2855,22871461,0.10000000000000003,NaN
8531,9.0,2.0,0.24676554976196347,131,0.9097222222222222,2855,22900011,0.10000000000000003,NaN
8541,9.0,2.0,0.24672456512578533,131,0.9097222222222222,2856,22928563,0.10000000000000003,NaN
8551,9.0,2.0,0.2466859836720198,131,0.9097222222222222,2856,22957123,0.10000000000000003,NaN
8561,9.0,2.0,0.24664958161132627,131,0.9097222222222222,2856,22985683,0.10000000000000003,NaN
8571,9.0,2.0,0.24661515734928413,131,0.9097222222222222,2856,23014243,0.10000000000000003,NaN
8581,9.0,2.0,0.24658253164723826,131,0.9097222222222222,2857,23042812,0.10000000000000003,NaN
8591,9.0,2.0,0.24655155887573046,131,0.9097222222222222,2857,23071382,0.10000000000000003,NaN
8601,9.0,2.0,0.24652210837830316,131,0.9097222222222222,2857,23099952,0.10000000000000003,NaN
8611,9.0,2.0,0.2464940406678557,131,0.9097222222222222,2858,23128529,0.10000000000000003,NaN
8621,9.0,2.0,0.24646725766250097,131,0.9097222222222222,2858,23157109,0.10000000000000003,NaN
8631,9.0,2.0,0.24644166808080806,131,0.9097222222222222,2858,23185689,0.10000000000000003,NaN
8641,9.0,2.0,0.2464171804577805,131,0.9097222222222222,2859,23214273,0.10000000000000003,NaN
8651,9.0,2.0,0.24639371804207652,130,0.9027777777777778,2859,23242863,0.10000000000000003,NaN
8661,9.0,2.0,0.14460835172400216,130,0.9027777777777778,2837,23271233,0.10000000000000003,NaN
8671,9.0,2.0,0.1419656281867983,130,0.9027777777777778,2838,23299610,0.10000000000000003,NaN
8681,9.0,2.0,0.14078077886086393,130,0.9027777777777778,2838,23327990,0.10000000000000003,NaN
8691,9.0,2.0,0.14006908124596132,130,0.9027777777777778,2838,23356370,0.10000000000000003,NaN
8701,9.0,2.0,0.139580546604773,130,0.9027777777777778,2839,23384753,0.10000000000000003,NaN
8711,9.0,2.0,0.13921814343371117,130,0.9027777777777778,2839,23413143,0.10000000000000003,NaN
8721,9.0,2.0,0.13893543452402388,130,0.9027777777777778,2839,23441533,0.10000000000000003,NaN
8731,9.0,2.0,0.1387067634919352,130,0.9027777777777778,2839,23469923,0.10000000000000003,NaN
8741,9.0,2.0,0.13851671596964,130,0.9027777777777778,2840,23498323,0.10000000000000003,NaN
8751,9.0,2.0,0.13835549024724117,130,0.9027777777777778,2840,23526723,0.10000000000000003,NaN
8761,9.0,2.0,0.13821643801316633,130,0.9027777777777778,2840,23555123,0.10000000000000003,NaN
8771,9.0,2.0,0.13809483808049053,130,0.9027777777777778,2841,23583529,0.10000000000000003,NaN
8781,9.0,2.0,0.13798729909131516,130,0.9027777777777778,2841,23611939,0.10000000000000003,NaN
8791,9.0,2.0,0.1378912961199155,130,0.9027777777777778,2841,23640349,0.10000000000000003,NaN
8801,9.0,2.0,0.1378048882374454,130,0.9027777777777778,2842,23668761,0.10000000000000003,NaN
8811,9.0,2.0,0.1377265373039162,130,0.9027777777777778,2842,23697181,0.10000000000000003,NaN
8821,9.0,2.0,0.13765507977918623,130,0.9027777777777778,2842,23725601,0.10000000000000003,NaN
8831,9.0,2.0,0.1375895428914202,130,0.9027777777777778,2842,23754021,0.10000000000000003,NaN
8841,9.0,2.0,0.13752913454352267,130,0.9027777777777778,2843,23782449,0.10000000000000003,NaN
8851,9.0,2.0,0.13747322137736562,130,0.9027777777777778,2843,23810879,0.10000000000000003,NaN
8861,9.0,2.0,0.13742127111816005,130,0.9027777777777778,2843,23839309,0.10000000000000003,NaN
8871,9.0,2.0,0.13737282285104851,130,0.9027777777777778,2844,23867743,0.10000000000000003,NaN
8881,9.0,2.0,0.13732748990488547,130,0.9027777777777778,2844,23896183,0.10000000000000003,NaN
8891,9.0,2.0,0.13728496635233386,130,0.9027777777777778,2844,23924623,0.10000000000000003,NaN
8901,9.0,2.0,0.13724496426552857,130,0.9027777777777778,2844,23953063,0.10000000000000003,NaN
8911,9.0,2.0,0.13720723025160775,130,0.9027777777777778,2845,23981513,0.10000000000000003,NaN
8921,9.0,2.0,0.13717156516256454,130,0.9027777777777778,2845,24009963,0.10000000000000003,NaN
8931,9.0,2.0,0.13713778255585904,130,0.9027777777777778,2845,24038413,0.10000000000000003,NaN
8941,9.0,2.0,0.13710571823824524,130,0.9027777777777778,2846,24066869,0.10000000000000003,NaN
8951,9.0,2.0,0.13707522837169683,130,0.9027777777777778,2846,24095329,0.10000000000000003,NaN
8961,9.0,2.0,0.1370461886405331,130,0.9027777777777778,2846,24123789,0.10000000000000003,NaN
8971,9.0,2.0,0.13701848930177732,130,0.9027777777777778,2847,24152250,0.10000000000000003,NaN
8981,9.0,2.0,0.1369920226409077,130,0.9027777777777778,2847,24180720,0.10000000000000003,NaN
8991,9.0,2.0,0.13696670518469944,130,0.9027777777777778,2847,24209190,0.10000000000000003,NaN
9001,9.0,2.0,0.1369424512029763,130,0.9027777777777778,2847,24237660,0.10000000000000003,NaN
9011,9.0,2.0,0.13691918403394618,130,0.9027777777777778,2848,24266137,0.10000000000000003,NaN
9021,9.0,2.0,0.13689684295094753,130,0.9027777777777778,2848,24294617,0.10000000000000003,NaN
9031,9.0,2.0,0.13687536493899838,130,0.9027777777777778,2848,24323097,0.10000000000000003,NaN
9041,9.0,2.0,0.1368546993721226,130,0.9027777777777778,2849,24351579,0.10000000000000003,NaN
9051,9.0,2.0,0.13683478336681582,130,0.9027777777777778,2849,24380069,0.10000000000000003,NaN
9061,9.0,2.0,0.13681558775600947,130,0.9027777777777778,2849,24408559,0.10000000000000003,NaN
9071,9.0,2.0,0.13679705917093896,130,0.9027777777777778,2849,24437049,0.10000000000000003,NaN
9081,9.0,2.0,0.1367791613205946,130,0.9027777777777778,2850,24465546,0.10000000000000003,NaN
9091,9.0,2.0,0.1367618619440967,130,0.9027777777777778,2850,24494046,0.10000000000000003,NaN
9101,9.0,2.0,0.1367451269048646,130,0.9027777777777778,2850,24522546,0.10000000000000003,NaN
9111,9.0,2.0,0.1367289231441039,130,0.9027777777777778,2851,24551048,0.10000000000000003,NaN
9121,9.0,2.0,0.13671322182437082,130,0.9027777777777778,2851,24579558,0.10000000000000003,NaN
9131,9.0,2.0,0.13669800266390078,130,0.9027777777777778,2851,24608068,0.10000000000000003,NaN
9141,9.0,2.0,0.13668323728669507,130,0.9027777777777778,2851,24636578,0.10000000000000003,NaN
9151,9.0,2.0,0.1366689002012137,130,0.9027777777777778,2852,24665095,0.10000000000000003,NaN
9161,9.0,2.0,0.13665497553425482,130,0.9027777777777778,2852,24693615,0.10000000000000003,NaN
9171,9.0,2.0,0.13664144500281958,130,0.9027777777777778,2852,24722135,0.10000000000000003,NaN
9181,9.0,2.0,0.13662828627257484,130,0.9027777777777778,2853,24750657,0.10000000000000003,NaN
9191,9.0,2.0,0.13661548169848978,130,0.9027777777777778,2853,24779187,0.10000000000000003,NaN
9201,9.0,2.0,0.13660301862757143,130,0.9027777777777778,2853,24807717,0.10000000000000003,NaN
9211,9.0,2.0,0.1365908820560153,130,0.9027777777777778,2853,24836247,0.10000000000000003,NaN
9221,9.0,2.0,0.1365790548938075,130,0.9027777777777778,2854,24864784,0.10000000000000003,NaN
9231,9.0,2.0,0.13656752478819686,130,0.9027777777777778,2854,24893324,0.10000000000000003,NaN
9241,9.0,2.0,0.1365562808292161,130,0.9027777777777778,2854,24921864,0.10000000000000003,NaN
9251,9.0,2.0,0.13654531072005394,130,0.9027777777777778,2855,24950405,0.10000000000000003,NaN
9261,9.0,2.0,0.13653459928834533,130,0.9027777777777778,2855,24978955,0.10000000000000003,NaN
9271,9.0,2.0,0.13652413970727992,130,0.9027777777777778,2855,25007505,0.10000000000000003,NaN
9281,9.0,2.0,0.13651392747509922,130,0.9027777777777778,2855,25036055,0.10000000000000003,NaN
9291,9.0,2.0,0.13650394436909713,130,0.9027777777777778,2856,25064610,0.10000000000000003,NaN
9301,9.0,2.0,0.13649418705189215,130,0.9027777777777778,2856,25093170,0.10000000000000003,NaN
9311,9.0,2.0,0.136484646658217,130,0.9027777777777778,2856,25121730,0.10000000000000003,NaN
9321,9.0,2.0,0.13647531020107143,130,0.9027777777777778,2856,25150290,0.10000000000000003,NaN
9331,9.0,2.0,0.13646617384824736,130,0.9027777777777778,2857,25178860,0.10000000000000003,NaN
9341,9.0,2.0,0.13645723111830535,130,0.9027777777777778,2857,25207430,0.10000000000000003,NaN
9351,9.0,2.0,0.1364484771049243,130,0.9027777777777778,2857,25236000,0.10000000000000003,NaN
9361,9.0,2.0,0.13643990300466627,130,0.9027777777777778,2858,25264574,0.10000000000000003,NaN
9371,9.0,2.0,0.13643149937234297,130,0.9027777777777778,2858,25293154,0.10000000000000003,NaN
9381,9.0,2.0,0.1364232645789241,130,0.9027777777777778,2858,25321734,0.10000000000000003,NaN
9391,9.0,2.0,0.13641518917639378,130,0.9027777777777778,2858,25350314,0.10000000000000003,NaN
9401,9.0,2.0,0.1364072702878454,130,0.9027777777777778,2859,25378902,0.10000000000000003,NaN
9411,9.0,2.0,0.1363995041585181,130,0.9027777777777778,2859,25407492,0.10000000000000003,NaN
9421,9.0,2.0,0.1363918834952506,130,0.9027777777777778,2859,25436082,0.10000000000000003,NaN
9431,9.0,2.0,0.13638440791006456,130,0.9027777777777778,2860,25464673,0.10000000000000003,NaN
9441,9.0,2.0,0.1363770669318053,130,0.9027777777777778,2860,25493273,0.10000000000000003,NaN
9451,9.0,2.0,0.13636986120132866,130,0.9027777777777778,2860,25521873,0.10000000000000003,NaN
9461,9.0,2.0,0.1363627847835055,130,0.9027777777777778,2860,25550473,0.10000000000000003,NaN
9471,9.0,2.0,0.13635583378626534,130,0.9027777777777778,2861,25579078,0.10000000000000003,NaN
9481,9.0,2.0,0.13634900445835293,130,0.9027777777777778,2861,25607688,0.10000000000000003,NaN
9491,9.0,2.0,0.13634229211903487,130,0.9027777777777778,2861,25636298,0.10000000000000003,NaN
9501,9.0,2.0,0.13633569811575644,130,0.9027777777777778,2861,25664908,0.10000000000000003,NaN
9511,9.0,2.0,0.13632921191143935,130,0.9027777777777778,2862,25693527,0.10000000000000003,NaN
9521,9.0,2.0,0.13632283533052744,130,0.9027777777777778,2862,25722147,0.10000000000000003,NaN
9531,9.0,2.0,0.1363165641637694,130,0.9027777777777778,2862,25750767,0.10000000000000003,NaN
9541,9.0,2.0,0.1363103961400261,130,0.9027777777777778,2863,25779389,0.10000000000000003,NaN
9551,9.0,2.0,0.1363043256088639,130,0.9027777777777778,2863,25808019,0.10000000000000003,NaN
9561,9.0,2.0,0.1362983549993214,130,0.9027777777777778,2863,25836649,0.10000000000000003,NaN
9571,9.0,2.0,0.1362924767584431,130,0.9027777777777778,2863,25865279,0.10000000000000003,NaN
9581,9.0,2.0,0.1362866895925493,130,0.9027777777777778,2864,25893914,0.10000000000000003,NaN
9591,9.0,2.0,0.13628099317797607,130,0.9027777777777778,2864,25922554,0.10000000000000003,NaN
9601,9.0,2.0,0.13627538517079063,130,0.9027777777777778,2864,25951194,0.10000000000000003,NaN
9611,9.0,2.0,0.13626986203631988,130,0.9027777777777778,2864,25979834,0.10000000000000003,NaN
9621,9.0,2.0,0.13626441974623196,130,0.9027777777777778,2865,26008482,0.10000000000000003,NaN
9631,9.0,2.0,0.13625905761632295,130,0.9027777777777778,2865,26037132,0.10000000000000003,NaN
9641,9.0,2.0,0.13625377421969193,130,0.9027777777777778,2865,26065782,0.10000000000000003,NaN
9651,9.0,2.0,0.13624856793856363,130,0.9027777777777778,2866,26094433,0.10000000000000003,NaN
9661,9.0,2.0,0.13624343659038085,130,0.9027777777777778,2866,26123093,0.10000000000000003,NaN
9671,9.0,2.0,0.13623837819731852,130,0.9027777777777778,2866,26151753,0.10000000000000003,NaN
9681,9.0,2.0,0.13623339059522988,130,0.9027777777777778,2866,26180413,0.10000000000000003,NaN
9691,9.0,2.0,0.136228472614472,130,0.9027777777777778,2867,26209077,0.10000000000000003,NaN
9701,9.0,2.0,0.1362236243777174,130,0.9027777777777778,2867,26237747,0.10000000000000003,NaN
9711,9.0,2.0,0.13621884197188255,130,0.9027777777777778,2867,26266417,0.10000000000000003,NaN
9721,9.0,2.0,0.13621412548869027,130,0.9027777777777778,2867,26295087,0.10000000000000003,NaN
9731,9.0,2.0,0.13620947090051574,130,0.9027777777777778,2868,26323764,0.10000000000000003,NaN
9741,9.0,2.0,0.13620487760078187,130,0.9027777777777778,2868,26352444,0.10000000000000003,NaN
9751,9.0,2.0,0.13620034625121757,130,0.9027777777777778,2868,26381124,0.10000000000000003,NaN
9761,9.0,2.0,0.1361958733598269,130,0.9027777777777778,2868,26409804,0.10000000000000003,NaN
9771,9.0,2.0,0.13619145752907186,130,0.9027777777777778,2869,26438493,0.10000000000000003,NaN
9781,9.0,2.0,0.13618709895157444,130,0.9027777777777778,2869,26467183,0.10000000000000003,NaN
9791,9.0,2.0,0.1361827967836854,130,0.9027777777777778,2869,26495873,0.10000000000000003,NaN
9801,9.0,2.0,0.13617854858354422,130,0.9027777777777778,2870,26524565,0.10000000000000003,NaN
9811,9.0,2.0,0.13617435258879568,130,0.9027777777777778,2870,26553265,0.10000000000000003,NaN
9821,9.0,2.0,0.1361702082168624,130,0.9027777777777778,2870,26581965,0.10000000000000003,NaN
9831,9.0,2.0,0.13616611805694157,130,0.9027777777777778,2870,26610665,0.10000000000000003,NaN
9841,9.0,2.0,0.13616207587286042,130,0.9027777777777778,2871,26639369,0.10000000000000003,NaN
9851,9.0,2.0,0.13615808190933013,130,0.9027777777777778,2871,26668079,0.10000000000000003,NaN
9861,9.0,2.0,0.13615413604979895,130,0.9027777777777778,2871,26696789,0.10000000000000003,NaN
9871,9.0,2.0,0.13615023772620705,130,0.9027777777777778,2871,26725499,0.10000000000000003,NaN
9881,9.0,2.0,0.13614638499389864,130,0.9027777777777778,2872,26754215,0.10000000000000003,NaN
9891,9.0,2.0,0.13614257697531404,130,0.9027777777777778,2872,26782935,0.10000000000000003,NaN
9901,9.0,2.0,0.13613881334733283,130,0.9027777777777778,2872,26811655,0.10000000000000003,NaN
9911,9.0,2.0,0.1361350938589808,130,0.9027777777777778,2872,26840375,0.10000000000000003,NaN
9921,9.0,2.0,0.13613141612949164,130,0.9027777777777778,2873,26869103,0.10000000000000003,NaN
9931,9.0,2.0,0.13612777976027526,130,0.9027777777777778,2873,26897833,0.10000000000000003,NaN
9941,9.0,2.0,0.13612418510134106,130,0.9027777777777778,2873,26926563,0.10000000000000003,NaN
9951,9.0,2.0,0.13612063068534266,130,0.9027777777777778,2873,26955293,0.10000000000000003,NaN
9961,9.0,2.0,0.13611711442884927,130,0.9027777777777778,2874,26984033,0.10000000000000003,NaN
9971,9.0,2.0,0.13611363795309375,130,0.9027777777777778,2874,27012773,0.10000000000000003,NaN
9981,9.0,2.0,0.1361101989925263,130,0.9027777777777778,2874,27041513,0.10000000000000003,NaN
9991,9.0,2.0,0.13610679818924576,130,0.9027777777777778,2875,27070254,0.10000000000000003,NaN
10001,9.0,2.0,0.13610343269376743,130,0.9027777777777778,2875,27099004,0.10000000000000003,NaN
10011,9.0,2.0,0.13610010376127935,130,0.9027777777777778,2875,27127754,0.10000000000000003,NaN
10021,9.0,2.0,0.13609681142024177,130,0.9027777777777778,2875,27156504,0.10000000000000003,NaN
10031,9.0,2.0,0.13609355260244244,130,0.9027777777777778,2876,27185257,0.10000000000000003,NaN
10041,9.0,2.0,0.1360903271479555,130,0.9027777777777778,2876,27214017,0.10000000000000003,NaN
10051,9.0,2.0,0.13608713508091883,130,0.9027777777777778,2876,27242777,0.10000000000000003,NaN
10061,9.0,2.0,0.1360839759694964,130,0.9027777777777778,2876,27271537,0.10000000000000003,NaN
10071,9.0,2.0,0.13608084987695568,130,0.9027777777777778,2877,27300301,0.10000000000000003,NaN
10081,9.0,2.0,0.13607775431289773,130,0.9027777777777778,2877,27329071,0.10000000000000003,NaN
10091,9.0,2.0,0.13607469063913347,130,0.9027777777777778,2877,27357841,0.10000000000000003,NaN
10101,9.0,2.0,0.136071657388178,130,0.9027777777777778,2877,27386611,0.10000000000000003,NaN
10111,9.0,2.0,0.136068653984381,130,0.9027777777777778,2878,27415386,0.10000000000000003,NaN
10121,9.0,2.0,0.13606567980786366,130,0.9027777777777778,2878,27444166,0.10000000000000003,NaN
10131,9.0,2.0,0.13606273541247088,130,0.9027777777777778,2878,27472946,0.10000000000000003,NaN
10141,9.0,2.0,0.13605981909484322,130,0.9027777777777778,2878,27501726,0.10000000000000003,NaN
10151,9.0,2.0,0.1360569313622579,130,0.9027777777777778,2879,27530512,0.10000000000000003,NaN
10161,9.0,2.0,0.13605407067735545,130,0.9027777777777778,2879,27559302,0.10000000000000003,NaN
10171,9.0,2.0,0.13605123770031258,130,0.9027777777777778,2879,27588092,0.10000000000000003,NaN
10181,9.0,2.0,0.1360484321794321,130,0.9027777777777778,2879,27616882,0.10000000000000003,NaN
10191,9.0,2.0,0.1360456524102441,130,0.9027777777777778,2880,27645679,0.10000000000000003,NaN
10201,9.0,2.0,0.13604289866273692,130,0.9027777777777778,2880,27674479,0.10000000000000003,NaN
10211,9.0,2.0,0.13604017224529869,130,0.9027777777777778,2880,27703279,0.10000000000000003,NaN
10221,9.0,2.0,0.13603746922687507,130,0.9027777777777778,2880,27732079,0.10000000000000003,NaN
10231,9.0,2.0,0.13603479089135334,130,0.9027777777777778,2881,27760887,0.10000000000000003,NaN
10241,9.0,2.0,0.13603213755591081,130,0.9027777777777778,2881,27789697,0.10000000000000003,NaN
10251,9.0,2.0,0.13602950812422449,130,0.9027777777777778,2881,27818507,0.10000000000000003,NaN
10261,9.0,2.0,0.1360269019162993,130,0.9027777777777778,2881,27847317,0.10000000000000003,NaN
10271,9.0,2.0,0.13602431949521587,130,0.9027777777777778,2882,27876136,0.10000000000000003,NaN
10281,9.0,2.0,0.13602175968469216,130,0.9027777777777778,2882,27904956,0.10000000000000003,NaN
10291,9.0,2.0,0.13601922328511243,130,0.9027777777777778,2882,27933776,0.10000000000000003,NaN
10301,9.0,2.0,0.13601670936115617,130,0.9027777777777778,2882,27962596,0.10000000000000003,NaN
10311,9.0,2.0,0.13601421662366664,130,0.9027777777777778,2883,27991425,0.10000000000000003,NaN
10321,9.0,2.0,0.13601174534593097,130,0.9027777777777778,2883,28020255,0.10000000000000003,NaN
10331,9.0,2.0,0.1360092959719961,130,0.9027777777777778,2883,28049085,0.10000000000000003,NaN
10341,9.0,2.0,0.13600686804172785,130,0.9027777777777778,2883,28077915,0.10000000000000003,NaN
10351,9.0,2.0,0.13600446035124256,130,0.9027777777777778,2884,28106754,0.10000000000000003,NaN
10361,9.0,2.0,0.1360020729895885,130,0.9027777777777778,2884,28135594,0.10000000000000003,NaN
10371,9.0,2.0,0.13599970705856074,130,0.9027777777777778,2884,28164434,0.10000000000000003,NaN
10381,9.0,2.0,0.13599736060561815,130,0.9027777777777778,2884,28193274,0.10000000000000003,NaN
10391,9.0,2.0,0.1359950321343757,130,0.9027777777777778,2885,28222124,0.10000000000000003,NaN
10401,9.0,2.0,0.13599272303006912,130,0.9027777777777778,2885,28250974,0.10000000000000003,NaN
10411,9.0,2.0,0.1359904335309055,130,0.9027777777777778,2885,28279824,0.10000000000000003,NaN
10421,9.0,2.0,0.1359881622318802,130,0.9027777777777778,2885,28308674,0.10000000000000003,NaN
10431,9.0,2.0,0.13598590917322945,130,0.9027777777777778,2886,28337534,0.10000000000000003,NaN
10441,9.0,2.0,0.1359836754513477,130,0.9027777777777778,2886,28366394,0.10000000000000003,NaN
10451,9.0,2.0,0.13598145960322316,130,0.9027777777777778,2886,28395254,0.10000000000000003,NaN
10461,9.0,2.0,0.13597926186876932,130,0.9027777777777778,2886,28424114,0.10000000000000003,NaN
10471,9.0,2.0,0.13597708051890056,130,0.9027777777777778,2887,28452983,0.10000000000000003,NaN
10481,9.0,2.0,0.13597491712120383,130,0.9027777777777778,2887,28481853,0.10000000000000003,NaN
10491,9.0,2.0,0.13597277081513032,130,0.9027777777777778,2887,28510723,0.10000000000000003,NaN
10501,9.0,2.0,0.1359706422021257,130,0.9027777777777778,2887,28539593,0.10000000000000003,NaN
10511,9.0,2.0,0.13596852928029712,130,0.9027777777777778,2888,28568472,0.10000000000000003,NaN
10521,9.0,2.0,0.1359664325298334,130,0.9027777777777778,2888,28597352,0.10000000000000003,NaN
10531,9.0,2.0,0.13596435270126822,130,0.9027777777777778,2888,28626232,0.10000000000000003,NaN
10541,9.0,2.0,0.1359622876973375,130,0.9027777777777778,2888,28655112,0.10000000000000003,NaN
10551,9.0,2.0,0.1359602390755276,130,0.9027777777777778,2889,28684001,0.10000000000000003,NaN
10561,9.0,2.0,0.13595820583491985,130,0.9027777777777778,2889,28712891,0.10000000000000003,NaN
10571,9.0,2.0,0.13595618744947577,130,0.9027777777777778,2889,28741781,0.10000000000000003,NaN
10581,9.0,2.0,0.13595418533035564,130,0.9027777777777778,2889,28770671,0.10000000000000003,NaN
10591,9.0,2.0,0.1359521974172804,130,0.9027777777777778,2890,28799569,0.10000000000000003,NaN
10601,9.0,2.0,0.135950224593893,130,0.9027777777777778,2890,28828469,0.10000000000000003,NaN
10611,9.0,2.0,0.1359482661172023,130,0.9027777777777778,2890,28857369,0.10000000000000003,NaN
10621,9.0,2.0,0.1359463223848355,130,0.9027777777777778,2890,28886269,0.10000000000000003,NaN
10631,9.0,2.0,0.13594439217917945,130,0.9027777777777778,2891,28915176,0.10000000000000003,NaN
10641,9.0,2.0,0.13594247625407385,130,0.9027777777777778,2891,28944086,0.10000000000000003,NaN
10651,9.0,2.0,0.13594057416791755,130,0.9027777777777778,2891,28972996,0.10000000000000003,NaN
10661,9.0,2.0,0.13593868605725967,130,0.9027777777777778,2891,29001906,0.10000000000000003,NaN
10671,9.0,2.0,0.13593681142866496,130,0.9027777777777778,2892,29030822,0.10000000000000003,NaN
10681,9.0,2.0,0.13593495049425405,130,0.9027777777777778,2892,29059742,0.10000000000000003,NaN
10691,9.0,2.0,0.13593310274689283,130,0.9027777777777778,2892,29088662,0.10000000000000003,NaN
10701,9.0,2.0,0.13593126834344638,130,0.9027777777777778,2892,29117582,0.10000000000000003,NaN
10711,9.0,2.0,0.1359294466982171,130,0.9027777777777778,2893,29146507,0.10000000000000003,NaN
10721,9.0,2.0,0.13592763695174429,130,0.9027777777777778,2893,29175437,0.10000000000000003,NaN
10731,9.0,2.0,0.13592584043992645,130,0.9027777777777778,2893,29204367,0.10000000000000003,NaN
10741,9.0,2.0,0.13592405690334952,130,0.9027777777777778,2893,29233297,0.10000000000000003,NaN
10751,9.0,2.0,0.13592228574855014,130,0.9027777777777778,2894,29262231,0.10000000000000003,NaN
10761,9.0,2.0,0.13592052565195353,130,0.9027777777777778,2894,29291171,0.10000000000000003,NaN
10771,9.0,2.0,0.1359187782552372,130,0.9027777777777778,2894,29320111,0.10000000000000003,NaN
10781,9.0,2.0,0.13591704263233562,130,0.9027777777777778,2894,29349051,0.10000000000000003,NaN
10791,9.0,2.0,0.13591531906604615,130,0.9027777777777778,2895,29377993,0.10000000000000003,NaN
10801,9.0,2.0,0.13591360659056645,130,0.9027777777777778,2895,29406943,0.10000000000000003,NaN
10811,9.0,2.0,0.1359119061294131,130,0.9027777777777778,2895,29435893,0.10000000000000003,NaN
10821,9.0,2.0,0.1359102169093337,130,0.9027777777777778,2895,29464843,0.10000000000000003,NaN
10831,9.0,2.0,0.1359085390586122,130,0.9027777777777778,2896,29493794,0.10000000000000003,NaN
10841,9.0,2.0,0.13590687178606284,130,0.9027777777777778,2896,29522754,0.10000000000000003,NaN
10851,9.0,2.0,0.13590521556587584,130,0.9027777777777778,2896,29551714,0.10000000000000003,NaN
10861,9.0,2.0,0.13590357049682858,130,0.9027777777777778,2896,29580674,0.10000000000000003,NaN
10871,9.0,2.0,0.1359019362948641,130,0.9027777777777778,2896,29609634,0.10000000000000003,NaN
10881,9.0,2.0,0.13590031266295613,130,0.9027777777777778,2897,29638603,0.10000000000000003,NaN
10891,9.0,2.0,0.13589869959199696,130,0.9027777777777778,2897,29667573,0.10000000000000003,NaN
10901,9.0,2.0,0.1358970967113255,130,0.9027777777777778,2897,29696543,0.10000000000000003,NaN
10911,9.0,2.0,0.1358955040746849,130,0.9027777777777778,2897,29725513,0.10000000000000003,NaN
10921,9.0,2.0,0.13589392182480375,130,0.9027777777777778,2898,29754490,0.10000000000000003,NaN
10931,9.0,2.0,0.1358923491665326,130,0.9027777777777778,2898,29783470,0.10000000000000003,NaN
10941,9.0,2.0,0.1358907869609721,130,0.9027777777777778,2898,29812450,0.10000000000000003,NaN
10951,9.0,2.0,0.1358892347845493,130,0.9027777777777778,2898,29841430,0.10000000000000003,NaN
10961,9.0,2.0,0.13588769096287112,130,0.9027777777777778,2899,29870415,0.10000000000000003,NaN
10971,9.0,2.0,0.13588615755261527,130,0.9027777777777778,2899,29899405,0.10000000000000003,NaN
10981,9.0,2.0,0.1358846344028372,130,0.9027777777777778,2899,29928395,0.10000000000000003,NaN
10991,9.0,2.0,0.13588312027103372,130,0.9027777777777778,2899,29957385,0.10000000000000003,NaN
11001,9.0,2.0,0.1358816151117208,130,0.9027777777777778,2900,29986378,0.10000000000000003,NaN
11011,9.0,2.0,0.1358801200050728,130,0.9027777777777778,2900,30015378,0.10000000000000003,NaN
11021,9.0,2.0,0.13587863302498646,130,0.9027777777777778,2900,30044378,0.10000000000000003,NaN
11031,9.0,2.0,0.13587715539425477,130,0.9027777777777778,2900,30073378,0.10000000000000003,NaN
11041,9.0,2.0,0.1358756870733664,130,0.9027777777777778,2901,30102379,0.10000000000000003,NaN
11051,9.0,2.0,0.13587422765331103,130,0.9027777777777778,2901,30131389,0.10000000000000003,NaN
11061,9.0,2.0,0.1358727770496574,130,0.9027777777777778,2901,30160399,0.10000000000000003,NaN
11071,9.0,2.0,0.13587133475055302,130,0.9027777777777778,2901,30189409,0.10000000000000003,NaN
11081,9.0,2.0,0.13586990172154542,130,0.9027777777777778,2901,30218419,0.10000000000000003,NaN
11091,9.0,2.0,0.13586847693490217,130,0.9027777777777778,2902,30247437,0.10000000000000003,NaN
11101,9.0,2.0,0.1358670611170375,130,0.9027777777777778,2902,30276457,0.10000000000000003,NaN
11111,9.0,2.0,0.13586565253570454,130,0.9027777777777778,2902,30305477,0.10000000000000003,NaN
11121,9.0,2.0,0.1358642524798645,130,0.9027777777777778,2902,30334497,0.10000000000000003,NaN
11131,9.0,2.0,0.1358628611488173,130,0.9027777777777778,2903,30363522,0.10000000000000003,NaN
11141,9.0,2.0,0.13586147740590296,130,0.9027777777777778,2903,30392552,0.10000000000000003,NaN
11151,9.0,2.0,0.13586010199525417,130,0.9027777777777778,2903,30421582,0.10000000000000003,NaN
11161,9.0,2.0,0.1358587347574529,130,0.9027777777777778,2903,30450612,0.10000000000000003,NaN
11171,9.0,2.0,0.13585737495451025,130,0.9027777777777778,2904,30479644,0.10000000000000003,NaN
11181,9.0,2.0,0.13585602306909805,130,0.9027777777777778,2904,30508684,0.10000000000000003,NaN
11191,9.0,2.0,0.13585467882205224,130,0.9027777777777778,2904,30537724,0.10000000000000003,NaN
11201,9.0,2.0,0.13585334244150737,130,0.9027777777777778,2904,30566764,0.10000000000000003,NaN
11211,9.0,2.0,0.1358520135186149,130,0.9027777777777778,2904,30595804,0.10000000000000003,NaN
11221,9.0,2.0,0.13585069184630047,130,0.9027777777777778,2905,30624853,0.10000000000000003,NaN
11231,9.0,2.0,0.1358493775922554,130,0.9027777777777778,2905,30653903,0.10000000000000003,NaN
11241,9.0,2.0,0.13584807085586578,130,0.9027777777777778,2905,30682953,0.10000000000000003,NaN
11251,9.0,2.0,0.13584677158472186,130,0.9027777777777778,2905,30712003,0.10000000000000003,NaN
11261,9.0,2.0,0.13584547920052054,130,0.9027777777777778,2906,30741059,0.10000000000000003,NaN
11271,9.0,2.0,0.1358441939409404,130,0.9027777777777778,2906,30770119,0.10000000000000003,NaN
11281,9.0,2.0,0.13584291581337274,130,0.9027777777777778,2906,30799179,0.10000000000000003,NaN
11291,9.0,2.0,0.13584164486915914,130,0.9027777777777778,2906,30828239,0.10000000000000003,NaN
11301,9.0,2.0,0.1358403809876421,130,0.9027777777777778,2907,30857302,0.10000000000000003,NaN
11311,9.0,2.0,0.13583912404075482,130,0.9027777777777778,2907,30886372,0.10000000000000003,NaN
11321,9.0,2.0,0.13583787359901967,130,0.9027777777777778,2907,30915442,0.10000000000000003,NaN
11331,9.0,2.0,0.13583663021748768,130,0.9027777777777778,2907,30944512,0.10000000000000003,NaN
11341,9.0,2.0,0.13583539366964487,130,0.9027777777777778,2907,30973582,0.10000000000000003,NaN
11351,9.0,2.0,0.135834163082044,130,0.9027777777777778,2908,31002661,0.10000000000000003,NaN
11361,9.0,2.0,0.1358329395538732,130,0.9027777777777778,2908,31031741,0.10000000000000003,NaN
11371,9.0,2.0,0.13583172274547953,130,0.9027777777777778,2908,31060821,0.10000000000000003,NaN
11381,9.0,2.0,0.13583051239470162,130,0.9027777777777778,2908,31089901,0.10000000000000003,NaN
11391,9.0,2.0,0.13582930783790434,130,0.9027777777777778,2909,31118987,0.10000000000000003,NaN
11401,9.0,2.0,0.13582811006055487,130,0.9027777777777778,2909,31148077,0.10000000000000003,NaN
11411,9.0,2.0,0.13582691872048863,130,0.9027777777777778,2909,31177167,0.10000000000000003,NaN
11421,9.0,2.0,0.13582573336475678,130,0.9027777777777778,2909,31206257,0.10000000000000003,NaN
11431,9.0,2.0,0.13582455407209423,130,0.9027777777777778,2910,31235349,0.10000000000000003,NaN
11441,9.0,2.0,0.1358233810672708,130,0.9027777777777778,2910,31264449,0.10000000000000003,NaN
11451,9.0,2.0,0.13582221404074118,130,0.9027777777777778,2910,31293549,0.10000000000000003,NaN
11461,9.0,2.0,0.13582105304924644,130,0.9027777777777778,2910,31322649,0.10000000000000003,NaN
11471,0.9690261728379168,0.20009639386082043,0.03568240143339154,129,0.8958333333333334,2888,31351595,0.04845280062671359,NaN
11481,0.6036737855320484,0.13012776104339036,0.03187579351799205,129,0.8958333333333334,2888,31380475,0.03376518218623481,NaN
11491,0.4760938289468053,0.10386807555164763,0.03044702136900663,129,0.8958333333333334,2889,31409356,0.029017719963126076,NaN
11501,0.40700040548491206,0.08931507309675797,0.029640106919756097,129,0.8958333333333334,2889,31438246,0.020145631067961134,NaN
11511,0.3613884664967119,0.07942379608859862,0.02910381031464336,129,0.8958333333333334,2889,31467136,0.018061987887424358,NaN
11521,0.3282110511987853,0.07230468532665758,0.028714010278554025,129,0.8958333333333334,2889,31496026,0.016902165941426628,NaN
11531,0.3224264978126697,0.07165033284725993,0.028414076068503245,129,0.8958333333333334,2889,31524916,0.017425340678457524,NaN
11541,0.3224264978126697,0.07165033284725993,0.028173884910987997,129,0.8958333333333334,2890,31553812,0.014484479201650524,NaN
11551,0.3224264978126697,0.07165033284725993,0.027975866349172214,129,0.8958333333333334,2890,31582712,0.014484479201650524,NaN
11561,0.3224264978126697,0.07165033284725993,0.02780891774985785,129,0.8958333333333334,2890,31611612,0.014484479201650524,NaN
11571,0.3224264978126697,0.07165033284725993,0.02766566402645291,129,0.8958333333333334,2890,31640512,0.014484479201650524,NaN
11581,0.3224264978126697,0.07165033284725993,0.02754095804194888,129,0.8958333333333334,2891,31669413,0.014484479201650524,NaN
11591,0.3224264978126697,0.07165033284725993,0.027431062970155063,129,0.8958333333333334,2891,31698323,0.014484479201650524,NaN
11601,0.3224264978126697,0.07165033284725993,0.02733327884215941,129,0.8958333333333334,2891,31727233,0.014484479201650524,NaN
11611,0.3224264978126697,0.07165033284725993,0.02724552188268386,129,0.8958333333333334,2891,31756143,0.014484479201650524,NaN
11621,0.3224264978126697,0.07165033284725993,0.02716617802760978,129,0.8958333333333334,2891,31785053,0.014484479201650524,NaN
11631,0.3224264978126697,0.07165033284725993,0.02709396572219823,129,0.8958333333333334,2892,31813969,0.014484479201650524,NaN
11641,0.3224264978126697,0.07165033284725993,0.027027879659807682,129,0.8958333333333334,2892,31842889,0.014484479201650524,NaN
11651,0.3224264978126697,0.07165033284725993,0.02696709561702441,129,0.8958333333333334,2892,31871809,0.014484479201650524,NaN
11661,0.3224264978126697,0.07165033284725993,0.02691094149191966,129,0.8958333333333334,2892,31900729,0.014484479201650524,NaN
11671,0.3224264978126697,0.07165033284725993,0.026858852394480926,129,0.8958333333333334,2893,31929650,0.014484479201650524,NaN
11681,0.3224264978126697,0.07165033284725993,0.026810343455969374,129,0.8958333333333334,2893,31958580,0.014484479201650524,NaN
11691,0.3224264978126697,0.07165033284725993,0.02676503056385524,129,0.8958333333333334,2893,31987510,0.014484479201650524,NaN
11701,0.3224264978126697,0.07165033284725993,0.02672257904310088,129,0.8958333333333334,2893,32016440,0.014484479201650524,NaN
11711,0.3224264978126697,0.07165033284725993,0.02668269741462769,129,0.8958333333333334,2893,32045370,0.014484479201650524,NaN
11721,0.3224264978126697,0.07165033284725993,0.026645127006206956,129,0.8958333333333334,2894,32074306,0.014484479201650524,NaN
11731,0.3224264978126697,0.07165033284725993,0.02660965410624201,129,0.8958333333333334,2894,32103246,0.014484479201650524,NaN
11741,0.3224264978126697,0.07165033284725993,0.02657609536301948,129,0.8958333333333334,2894,32132186,0.014484479201650524,NaN
11751,0.3224264978126697,0.07165033284725993,0.026544282165864217,129,0.8958333333333334,2894,32161126,0.014484479201650524,NaN
11761,0.3224264978126697,0.07165033284725993,0.02651406778069139,129,0.8958333333333334,2894,32190066,0.014484479201650524,NaN
11771,0.3224264978126697,0.07165033284725993,0.02648531306267824,129,0.8958333333333334,2895,32219016,0.014484479201650524,NaN
11781,0.3224264978126697,0.07165033284725993,0.026457910546136096,129,0.8958333333333334,2895,32247966,0.014484479201650524,NaN
11791,0.3224264978126697,0.07165033284725993,0.026431756019713502,129,0.8958333333333334,2895,32276916,0.014484479201650524,NaN
11801,0.3224264978126697,0.07165033284725993,0.026406758499796304,129,0.8958333333333334,2895,32305866,0.014484479201650524,NaN
11811,0.3224264978126697,0.07165033284725993,0.026382831642968285,129,0.8958333333333334,2896,32334820,0.014484479201650524,NaN
11821,0.3224264978126697,0.07165033284725993,0.026359897826845967,129,0.8958333333333334,2896,32363780,0.014484479201650524,NaN
11831,0.3224264978126697,0.07165033284725993,0.026337895265346283,129,0.8958333333333334,2896,32392740,0.014484479201650524,NaN
11841,0.3224264978126697,0.07165033284725993,0.026316761373428206,129,0.8958333333333334,2896,32421700,0.014484479201650524,NaN
11851,0.3224264978126697,0.07165033284725993,0.026296440585612275,129,0.8958333333333334,2896,32450660,0.014484479201650524,NaN
11861,0.3224264978126697,0.07165033284725993,0.026276874824574744,129,0.8958333333333334,2897,32479629,0.014484479201650524,NaN
11871,0.3224264978126697,0.07165033284725993,0.026258023704619875,129,0.8958333333333334,2897,32508599,0.014484479201650524,NaN
11881,0.3224264978126697,0.07165033284725993,0.026239845571899546,129,0.8958333333333334,2897,32537569,0.014484479201650524,NaN
11891,0.3224264978126697,0.07165033284725993,0.026222299908931088,129,0.8958333333333334,2897,32566539,0.014484479201650524,NaN
11901,0.3224264978126697,0.07165033284725993,0.026205349266076896,129,0.8958333333333334,2898,32595512,0.014484479201650524,NaN
11911,0.3224264978126697,0.07165033284725993,0.02618895873495626,129,0.8958333333333334,2898,32624492,0.014484479201650524,NaN
11921,0.3224264978126697,0.07165033284725993,0.02617310123668009,129,0.8958333333333334,2898,32653472,0.014484479201650524,NaN
11931,0.3224264978126697,0.07165033284725993,0.026157747929314263,129,0.8958333333333334,2898,32682452,0.014484479201650524,NaN
11941,0.3224264978126697,0.07165033284725993,0.026142873180697523,129,0.8958333333333334,2898,32711432,0.014484479201650524,NaN
11951,0.3224264978126697,0.07165033284725993,0.026128448880642224,129,0.8958333333333334,2899,32740418,0.014484479201650524,NaN
11961,0.3224264978126697,0.07165033284725993,0.02611445340200929,129,0.8958333333333334,2899,32769408,0.014484479201650524,NaN
11971,0.3224264978126697,0.07165033284725993,0.026100867864825926,129,0.8958333333333334,2899,32798398,0.014484479201650524,NaN
11981,0.3224264978126697,0.07165033284725993,0.026087672414620747,129,0.8958333333333334,2899,32827388,0.014484479201650524,NaN
11991,0.3224264978126697,0.07165033284725993,0.026074848815693958,129,0.8958333333333334,2899,32856378,0.014484479201650524,NaN
12001,0.3224264978126697,0.07165033284725993,0.026062375189614604,129,0.8958333333333334,2900,32885378,0.014484479201650524,NaN
12011,0.3224264978126697,0.07165033284725993,0.02605023987886928,129,0.8958333333333334,2900,32914378,0.014484479201650524,NaN
12021,0.3224264978126697,0.07165033284725993,0.02603842771728236,129,0.8958333333333334,2900,32943378,0.014484479201650524,NaN
12031,0.3224264978126697,0.07165033284725993,0.026026924796522435,129,0.8958333333333334,2900,32972378,0.014484479201650524,NaN
12041,0.3224264978126697,0.07165033284725993,0.02601571633633076,129,0.8958333333333334,2901,33001381,0.014484479201650524,NaN
12051,0.3224264978126697,0.07165033284725993,0.026004787938028268,129,0.8958333333333334,2901,33030391,0.014484479201650524,NaN
12061,0.3224264978126697,0.07165033284725993,0.025994131097089562,129,0.8958333333333334,2901,33059401,0.014484479201650524,NaN
12071,0.3224264978126697,0.07165033284725993,0.025983734760517532,129,0.8958333333333334,2901,33088411,0.014484479201650524,NaN
12081,0.3224264978126697,0.07165033284725993,0.025973587757811775,129,0.8958333333333334,2901,33117421,0.014484479201650524,NaN
12091,0.3224264978126697,0.07165033284725993,0.025963678283415993,129,0.8958333333333334,2902,33146438,0.014484479201650524,NaN
12101,0.3224264978126697,0.07165033284725993,0.025953998514261535,129,0.8958333333333334,2902,33175458,0.014484479201650524,NaN
12111,0.3224264978126697,0.07165033284725993,0.025944540696235686,129,0.8958333333333334,2902,33204478,0.014484479201650524,NaN
12121,0.3224264978126697,0.07165033284725993,0.025935295609552905,129,0.8958333333333334,2902,33233498,0.014484479201650524,NaN
12131,0.3224264978126697,0.07165033284725993,0.025926255842834308,129,0.8958333333333334,2902,33262518,0.014484479201650524,NaN
12141,0.3224264978126697,0.07165033284725993,0.025917411113876805,129,0.8958333333333334,2903,33291548,0.014484479201650524,NaN
12151,0.3224264978126697,0.07165033284725993,0.025908756734656195,129,0.8958333333333334,2903,33320578,0.014484479201650524,NaN
12161,0.3224264978126697,0.07165033284725993,0.02590028607724001,129,0.8958333333333334,2903,33349608,0.014484479201650524,NaN
12171,0.3224264978126697,0.07165033284725993,0.02589199312546713,129,0.8958333333333334,2903,33378638,0.014484479201650524,NaN
12181,0.3224264978126697,0.07165033284725993,0.02588387044832648,129,0.8958333333333334,2904,33407671,0.014484479201650524,NaN
12191,0.3224264978126697,0.07165033284725993,0.025875911343669098,129,0.8958333333333334,2904,33436711,0.014484479201650524,NaN
12201,0.3224264978126697,0.07165033284725993,0.025868112022635552,129,0.8958333333333334,2904,33465751,0.014484479201650524,NaN
12211,0.3224264978126697,0.07165033284725993,0.025860467613626502,129,0.8958333333333334,2904,33494791,0.014484479201650524,NaN
12221,0.3224264978126697,0.07165033284725993,0.025852972400986787,129,0.8958333333333334,2904,33523831,0.014484479201650524,NaN
12231,0.3224264978126697,0.07165033284725993,0.02584562025805527,129,0.8958333333333334,2905,33552876,0.014484479201650524,NaN
12241,0.3224264978126697,0.07165033284725993,0.02583840669874597,129,0.8958333333333334,2905,33581926,0.014484479201650524,NaN
12251,0.3224264978126697,0.07165033284725993,0.025831328896738896,129,0.8958333333333334,2905,33610976,0.014484479201650524,NaN
12261,0.3224264978126697,0.07165033284725993,0.025824382356618793,129,0.8958333333333334,2905,33640026,0.014484479201650524,NaN
12271,0.3224264978126697,0.07165033284725993,0.02581756337552217,129,0.8958333333333334,2905,33669076,0.014484479201650524,NaN
12281,0.3224264978126697,0.07165033284725993,0.02581086579824681,129,0.8958333333333334,2906,33698134,0.014484479201650524,NaN
12291,0.3224264978126697,0.07165033284725993,0.025804287372112978,129,0.8958333333333334,2906,33727194,0.014484479201650524,NaN
12301,0.3224264978126697,0.07165033284725993,0.025797825087194224,129,0.8958333333333334,2906,33756254,0.014484479201650524,NaN
12311,0.3224264978126697,0.07165033284725993,0.025791475731570902,129,0.8958333333333334,2906,33785314,0.014484479201650524,NaN
12321,0.3224264978126697,0.07165033284725993,0.025785235899298202,129,0.8958333333333334,2906,33814374,0.014484479201650524,NaN
12331,0.3224264978126697,0.07165033284725993,0.025779100095017174,129,0.8958333333333334,2907,33843444,0.014484479201650524,NaN
12341,0.3224264978126697,0.07165033284725993,0.025773067835540033,129,0.8958333333333334,2907,33872514,0.014484479201650524,NaN
12351,0.3224264978126697,0.07165033284725993,0.025767135965127794,129,0.8958333333333334,2907,33901584,0.014484479201650524,NaN
12361,0.3224264978126697,0.07165033284725993,0.02576130180600847,129,0.8958333333333334,2907,33930654,0.014484479201650524,NaN
12371,0.3224264978126697,0.07165033284725993,0.02575556215760822,129,0.8958333333333334,2908,33959726,0.014484479201650524,NaN
12381,0.3224264978126697,0.07165033284725993,0.025749913957347006,129,0.8958333333333334,2908,33988806,0.014484479201650524,NaN
12391,0.3224264978126697,0.07165033284725993,0.025744355158393552,129,0.8958333333333334,2908,34017886,0.014484479201650524,NaN
12401,0.3224264978126697,0.07165033284725993,0.0257388839728385,129,0.8958333333333334,2908,34046966,0.014484479201650524,NaN
12411,0.3224264978126697,0.07165033284725993,0.02573349855209248,129,0.8958333333333334,2908,34076046,0.014484479201650524,NaN
12421,0.3224264978126697,0.07165033284725993,0.0257281951629263,129,0.8958333333333334,2909,34105130,0.014484479201650524,NaN
12431,0.3224264978126697,0.07165033284725993,0.025722971633568754,129,0.8958333333333334,2909,34134220,0.014484479201650524,NaN
12441,0.3224264978126697,0.07165033284725993,0.02571782736244257,129,0.8958333333333334,2909,34163310,0.014484479201650524,NaN
12451,0.3224264978126697,0.07165033284725993,0.02571275995322879,129,0.8958333333333334,2909,34192400,0.014484479201650524,NaN
12461,0.3224264978126697,0.07165033284725993,0.02570776738156935,129,0.8958333333333334,2909,34221490,0.014484479201650524,NaN
12471,0.3224264978126697,0.07165033284725993,0.025702847415502893,129,0.8958333333333334,2910,34250586,0.014484479201650524,NaN
12481,0.3224264978126697,0.07165033284725993,0.025697997791338568,129,0.8958333333333334,2910,34279686,0.014484479201650524,NaN
12491,0.3224264978126697,0.07165033284725993,0.02569321809324911,129,0.8958333333333334,2910,34308786,0.014484479201650524,NaN
12501,0.3224264978126697,0.07165033284725993,0.02568850606825722,129,0.8958333333333334,2910,34337886,0.014484479201650524,NaN
12511,0.3224264978126697,0.07165033284725993,0.02568386080774144,129,0.8958333333333334,2910,34366986,0.014484479201650524,NaN
12521,0.3224264978126697,0.07165033284725993,0.02567927879548495,129,0.8958333333333334,2911,34396094,0.014484479201650524,NaN
12531,0.3224264978126697,0.07165033284725993,0.025674759675674272,129,0.8958333333333334,2911,34425204,0.014484479201650524,NaN
12541,0.3224264978126697,0.07165033284725993,0.025670302438867112,129,0.8958333333333334,2911,34454314,0.014484479201650524,NaN
12551,0.3224264978126697,0.07165033284725993,0.02566590592897377,129,0.8958333333333334,2911,34483424,0.014484479201650524,NaN
12561,0.3224264978126697,0.07165033284725993,0.025661568418360012,129,0.8958333333333334,2911,34512534,0.014484479201650524,NaN
12571,0.3224264978126697,0.07165033284725993,0.025657287315550763,129,0.8958333333333334,2912,34541653,0.014484479201650524,NaN
12581,0.3224264978126697,0.07165033284725993,0.025653062517945635,129,0.8958333333333334,2912,34570773,0.014484479201650524,NaN
12591,0.3224264978126697,0.07165033284725993,0.025648892883049685,129,0.8958333333333334,2912,34599893,0.014484479201650524,NaN
12601,0.3224264978126697,0.07165033284725993,0.025644777355387907,129,0.8958333333333334,2912,34629013,0.014484479201650524,NaN
12611,0.3224264978126697,0.07165033284725993,0.02564071521422613,129,0.8958333333333334,2912,34658133,0.014484479201650524,NaN
12621,0.3224264978126697,0.07165033284725993,0.025636703026297787,129,0.8958333333333334,2913,34687263,0.014484479201650524,NaN
12631,0.3224264978126697,0.07165033284725993,0.02563274163991408,129,0.8958333333333334,2913,34716393,0.014484479201650524,NaN
12641,0.3224264978126697,0.07165033284725993,0.02562882985384942,129,0.8958333333333334,2913,34745523,0.014484479201650524,NaN
12651,0.3224264978126697,0.07165033284725993,0.025624966437161903,129,0.8958333333333334,2913,34774653,0.014484479201650524,NaN
12661,0.3224264978126697,0.07165033284725993,0.025621150642239267,129,0.8958333333333334,2914,34803784,0.014484479201650524,NaN
12671,0.3224264978126697,0.07165033284725993,0.025617380044650053,129,0.8958333333333334,2914,34832924,0.014484479201650524,NaN
12681,0.3224264978126697,0.07165033284725993,0.025613655307123593,129,0.8958333333333334,2914,34862064,0.014484479201650524,NaN
12691,0.3224264978126697,0.07165033284725993,0.02560997519903318,129,0.8958333333333334,2914,34891204,0.014484479201650524,NaN
12701,0.3224264978126697,0.07165033284725993,0.025606339112498388,129,0.8958333333333334,2914,34920344,0.014484479201650524,NaN
12711,0.3224264978126697,0.07165033284725993,0.025602745764994484,129,0.8958333333333334,2915,34949486,0.014484479201650524,NaN
12721,0.3224264978126697,0.07165033284725993,0.025599193712763885,129,0.8958333333333334,2915,34978636,0.014484479201650524,NaN
12731,0.3224264978126697,0.07165033284725993,0.025595682619311434,129,0.8958333333333334,2915,35007786,0.014484479201650524,NaN
12741,0.3224264978126697,0.07165033284725993,0.02559221210843851,129,0.8958333333333334,2915,35036936,0.014484479201650524,NaN
12751,0.3224264978126697,0.07165033284725993,0.025588781316781946,129,0.8958333333333334,2915,35066086,0.014484479201650524,NaN
12761,0.3224264978126697,0.07165033284725993,0.025585388996862735,129,0.8958333333333334,2916,35095239,0.014484479201650524,NaN
12771,0.3224264978126697,0.07165033284725993,0.025582034283246406,129,0.8958333333333334,2916,35124399,0.014484479201650524,NaN
12781,0.3224264978126697,0.07165033284725993,0.025578716838128505,129,0.8958333333333334,2916,35153559,0.014484479201650524,NaN
12791,0.3224264978126697,0.07165033284725993,0.025575436035614085,129,0.8958333333333334,2916,35182719,0.014484479201650524,NaN
12801,0.3224264978126697,0.07165033284725993,0.02557219168677398,129,0.8958333333333334,2916,35211879,0.014484479201650524,NaN
12811,0.3224264978126697,0.07165033284725993,0.025568982408116517,129,0.8958333333333334,2917,35241042,0.014484479201650524,NaN
12821,0.3224264978126697,0.07165033284725993,0.025565806987890124,129,0.8958333333333334,2917,35270212,0.014484479201650524,NaN
12831,0.3224264978126697,0.07165033284725993,0.025562665733515292,129,0.8958333333333334,2917,35299382,0.014484479201650524,NaN
12841,0.3224264978126697,0.07165033284725993,0.025559558019665883,129,0.8958333333333334,2917,35328552,0.014484479201650524,NaN
12851,0.3224264978126697,0.07165033284725993,0.025556483540435857,129,0.8958333333333334,2917,35357722,0.014484479201650524,NaN
12861,0.3224264978126697,0.07165033284725993,0.025553441147919995,129,0.8958333333333334,2918,35386895,0.014484479201650524,NaN
12871,0.3224264978126697,0.07165033284725993,0.025550429916107613,129,0.8958333333333334,2918,35416075,0.014484479201650524,NaN
12881,0.3224264978126697,0.07165033284725993,0.025547449751606242,129,0.8958333333333334,2918,35445255,0.014484479201650524,NaN
12891,0.3224264978126697,0.07165033284725993,0.025544500450080655,129,0.8958333333333334,2918,35474435,0.014484479201650524,NaN
12901,0.3224264978126697,0.07165033284725993,0.02554158121671608,129,0.8958333333333334,2918,35503615,0.014484479201650524,NaN
12911,0.3224264978126697,0.07165033284725993,0.025538691338456106,129,0.8958333333333334,2919,35532799,0.014484479201650524,NaN
12921,0.3224264978126697,0.07165033284725993,0.025535830177438455,129,0.8958333333333334,2919,35561989,0.014484479201650524,NaN
12931,0.3224264978126697,0.07165033284725993,0.02553299750551387,129,0.8958333333333334,2919,35591179,0.014484479201650524,NaN
12941,0.3224264978126697,0.07165033284725993,0.0255301931638743,129,0.8958333333333334,2919,35620369,0.014484479201650524,NaN
12951,0.3224264978126697,0.07165033284725993,0.025527416602219993,129,0.8958333333333334,2919,35649559,0.014484479201650524,NaN
12961,0.3224264978126697,0.07165033284725993,0.0255246669497754,129,0.8958333333333334,2920,35678752,0.014484479201650524,NaN
12971,0.3224264978126697,0.07165033284725993,0.02552194368505336,129,0.8958333333333334,2920,35707952,0.014484479201650524,NaN
12981,0.3224264978126697,0.07165033284725993,0.025519246662229093,129,0.8958333333333334,2920,35737152,0.014484479201650524,NaN
12991,0.3224264978126697,0.07165033284725993,0.025516575463351426,129,0.8958333333333334,2920,35766352,0.014484479201650524,NaN
13001,0.3224264978126697,0.07165033284725993,0.025513930079874833,129,0.8958333333333334,2920,35795552,0.014484479201650524,NaN
13011,0.3224264978126697,0.07165033284725993,0.02551130962791308,129,0.8958333333333334,2921,35824755,0.014484479201650524,NaN
13021,0.3224264978126697,0.07165033284725993,0.025508713339311123,129,0.8958333333333334,2921,35853965,0.014484479201650524,NaN
13031,0.3224264978126697,0.07165033284725993,0.02550614097611696,129,0.8958333333333334,2921,35883175,0.014484479201650524,NaN
13041,0.3224264978126697,0.07165033284725993,0.025503592604897166,129,0.8958333333333334,2921,35912385,0.014484479201650524,NaN
13051,0.3224264978126697,0.07165033284725993,0.025501067851653323,129,0.8958333333333334,2921,35941595,0.014484479201650524,NaN
13061,0.3224264978126697,0.07165033284725993,0.025498566083728844,129,0.8958333333333334,2922,35970808,0.014484479201650524,NaN
13071,0.3224264978126697,0.07165033284725993,0.02549608686550904,129,0.8958333333333334,2922,36000028,0.014484479201650524,NaN
13081,0.3224264978126697,0.07165033284725993,0.025493630039498453,129,0.8958333333333334,2922,36029248,0.014484479201650524,NaN
13091,0.3224264978126697,0.07165033284725993,0.02549119533386969,129,0.8958333333333334,2922,36058468,0.014484479201650524,NaN
13101,0.3224264978126697,0.07165033284725993,0.02548878243808534,129,0.8958333333333334,2922,36087688,0.014484479201650524,NaN
13111,0.3224264978126697,0.07165033284725993,0.025486390962143092,129,0.8958333333333334,2923,36116910,0.014484479201650524,NaN
13121,0.3224264978126697,0.07165033284725993,0.025484019998981047,129,0.8958333333333334,2923,36146140,0.014484479201650524,NaN
13131,0.3224264978126697,0.07165033284725993,0.025481669851172666,129,0.8958333333333334,2923,36175370,0.014484479201650524,NaN
13141,0.3224264978126697,0.07165033284725993,0.025479340466944264,129,0.8958333333333334,2923,36204600,0.014484479201650524,NaN
13151,0.3224264978126697,0.07165033284725993,0.025477031355648327,129,0.8958333333333334,2923,36233830,0.014484479201650524,NaN
13161,0.3224264978126697,0.07165033284725993,0.025474742171016605,129,0.8958333333333334,2924,36263061,0.014484479201650524,NaN
13171,0.3224264978126697,0.07165033284725993,0.025472472135117025,129,0.8958333333333334,2924,36292301,0.014484479201650524,NaN
13181,0.3224264978126697,0.07165033284725993,0.025470221522688984,129,0.8958333333333334,2924,36321541,0.014484479201650524,NaN
13191,0.3224264978126697,0.07165033284725993,0.025467990032844338,129,0.8958333333333334,2924,36350781,0.014484479201650524,NaN
13201,0.3224264978126697,0.07165033284725993,0.02546577722448076,129,0.8958333333333334,2924,36380021,0.014484479201650524,NaN
13211,0.3224264978126697,0.07165033284725993,0.025463583119104974,129,0.8958333333333334,2924,36409261,0.014484479201650524,NaN
13221,0.3224264978126697,0.07165033284725993,0.025461406740476093,129,0.8958333333333334,2925,36438511,0.014484479201650524,NaN
13231,0.3224264978126697,0.07165033284725993,0.02545924843758375,129,0.8958333333333334,2925,36467761,0.014484479201650524,NaN
13241,0.3224264978126697,0.07165033284725993,0.025457107868714454,129,0.8958333333333334,2925,36497011,0.014484479201650524,NaN
13251,0.3224264978126697,0.07165033284725993,0.02545498500747482,129,0.8958333333333334,2925,36526261,0.014484479201650524,NaN
13261,0.3224264978126697,0.07165033284725993,0.02545287908555698,129,0.8958333333333334,2925,36555511,0.014484479201650524,NaN
13271,0.3224264978126697,0.07165033284725993,0.025450790149222954,129,0.8958333333333334,2926,36584770,0.014484479201650524,NaN
13281,0.3224264978126697,0.07165033284725993,0.02544871788022028,129,0.8958333333333334,2926,36614030,0.014484479201650524,NaN
13291,0.3224264978126697,0.07165033284725993,0.02544666210011528,129,0.8958333333333334,2926,36643290,0.014484479201650524,NaN
13301,0.3224264978126697,0.07165033284725993,0.02544462278273442,129,0.8958333333333334,2926,36672550,0.014484479201650524,NaN
13311,0.3224264978126697,0.07165033284725993,0.025442599732717775,129,0.8958333333333334,2926,36701810,0.014484479201650524,NaN
13321,0.3224264978126697,0.07165033284725993,0.025440592329396022,129,0.8958333333333334,2927,36731077,0.014484479201650524,NaN
13331,0.3224264978126697,0.07165033284725993,0.025438600469169542,129,0.8958333333333334,2927,36760347,0.014484479201650524,NaN
13341,0.3224264978126697,0.07165033284725993,0.025436624373080412,129,0.8958333333333334,2927,36789617,0.014484479201650524,NaN
13351,0.3224264978126697,0.07165033284725993,0.025434663343783605,129,0.8958333333333334,2927,36818887,0.014484479201650524,NaN
13361,0.3224264978126697,0.07165033284725993,0.025432717446712137,129,0.8958333333333334,2927,36848157,0.014484479201650524,NaN
13371,0.3224264978126697,0.07165033284725993,0.025430786198365907,129,0.8958333333333334,2928,36877432,0.014484479201650524,NaN
13381,0.3224264978126697,0.07165033284725993,0.02542886950645366,129,0.8958333333333334,2928,36906712,0.014484479201650524,NaN
13391,0.3224264978126697,0.07165033284725993,0.02542696743321183,129,0.8958333333333334,2928,36935992,0.014484479201650524,NaN
13401,0.3224264978126697,0.07165033284725993,0.02542507974503884,129,0.8958333333333334,2928,36965272,0.014484479201650524,NaN
13411,0.3224264978126697,0.07165033284725993,0.02542320627256488,129,0.8958333333333334,2928,36994552,0.014484479201650524,NaN
13421,0.3224264978126697,0.07165033284725993,0.025421346758683686,129,0.8958333333333334,2929,37023835,0.014484479201650524,NaN
13431,0.3224264978126697,0.07165033284725993,0.02541950054743022,129,0.8958333333333334,2929,37053125,0.014484479201650524,NaN
13441,0.3224264978126697,0.07165033284725993,0.025417668059481337,129,0.8958333333333334,2929,37082415,0.014484479201650524,NaN
13451,0.3224264978126697,0.07165033284725993,0.025415849130611033,129,0.8958333333333334,2929,37111705,0.014484479201650524,NaN
13461,0.3224264978126697,0.07165033284725993,0.02541404360945842,129,0.8958333333333334,2929,37140995,0.014484479201650524,NaN
13471,0.3224264978126697,0.07165033284725993,0.025412251392680135,129,0.8958333333333334,2930,37170286,0.014484479201650524,NaN
13481,0.3224264978126697,0.07165033284725993,0.02541047141031185,129,0.8958333333333334,2930,37199586,0.014484479201650524,NaN
13491,0.3224264978126697,0.07165033284725993,0.025408704688379694,129,0.8958333333333334,2930,37228886,0.014484479201650524,NaN
13501,0.3224264978126697,0.07165033284725993,0.025406950218267523,129,0.8958333333333334,2930,37258186,0.014484479201650524,NaN
13511,0.3224264978126697,0.07165033284725993,0.02540520839153998,129,0.8958333333333334,2930,37287486,0.014484479201650524,NaN
13521,0.3224264978126697,0.07165033284725993,0.025403479294706936,129,0.8958333333333334,2930,37316786,0.014484479201650524,NaN
13531,0.3224264978126697,0.07165033284725993,0.025401761710529283,129,0.8958333333333334,2931,37346095,0.014484479201650524,NaN
13541,0.3224264978126697,0.07165033284725993,0.025400056174805605,129,0.8958333333333334,2931,37375405,0.014484479201650524,NaN
13551,0.3224264978126697,0.07165033284725993,0.02539836281274566,129,0.8958333333333334,2931,37404715,0.014484479201650524,NaN
13561,0.3224264978126697,0.07165033284725993,0.02539668111326245,129,0.8958333333333334,2931,37434025,0.014484479201650524,NaN
13571,0.3224264978126697,0.07165033284725993,0.025395011059562694,129,0.8958333333333334,2931,37463335,0.014484479201650524,NaN
13581,0.3224264978126697,0.07165033284725993,0.025393352304189196,129,0.8958333333333334,2932,37492651,0.014484479201650524,NaN
13591,0.3224264978126697,0.07165033284725993,0.025391704703444058,129,0.8958333333333334,2932,37521971,0.014484479201650524,NaN
13601,0.3224264978126697,0.07165033284725993,0.025390068599571772,129,0.8958333333333334,2932,37551291,0.014484479201650524,NaN
13611,0.3224264978126697,0.07165033284725993,0.025388443689386444,129,0.8958333333333334,2932,37580611,0.014484479201650524,NaN
13621,0.3224264978126697,0.07165033284725993,0.02538682975144659,129,0.8958333333333334,2932,37609931,0.014484479201650524,NaN
13631,0.3224264978126697,0.07165033284725993,0.02538522635270968,129,0.8958333333333334,2933,37639255,0.014484479201650524,NaN
13641,0.3224264978126697,0.07165033284725993,0.02538363359734539,129,0.8958333333333334,2933,37668585,0.014484479201650524,NaN
13651,0.3224264978126697,0.07165033284725993,0.025382051578185273,129,0.8958333333333334,2933,37697915,0.014484479201650524,NaN
13661,0.3224264978126697,0.07165033284725993,0.025380480107275605,129,0.8958333333333334,2933,37727245,0.014484479201650524,NaN
13671,0.3224264978126697,0.07165033284725993,0.025378918921360603,129,0.8958333333333334,2933,37756575,0.014484479201650524,NaN
13681,0.3224264978126697,0.07165033284725993,0.02537736805908791,129,0.8958333333333334,2934,37785906,0.014484479201650524,NaN
13691,0.3224264978126697,0.07165033284725993,0.025375827108776883,129,0.8958333333333334,2934,37815246,0.014484479201650524,NaN
13701,0.3224264978126697,0.07165033284725993,0.025374296163760267,129,0.8958333333333334,2934,37844586,0.014484479201650524,NaN
13711,0.3224264978126697,0.07165033284725993,0.025372775121709063,129,0.8958333333333334,2934,37873926,0.014484479201650524,NaN
13721,0.3224264978126697,0.07165033284725993,0.025371263829840854,129,0.8958333333333334,2934,37903266,0.014484479201650524,NaN
13731,0.3224264978126697,0.07165033284725993,0.025369762547095224,129,0.8958333333333334,2934,37932606,0.014484479201650524,NaN
13741,0.3224264978126697,0.07165033284725993,0.025368270572036382,129,0.8958333333333334,2935,37961954,0.014484479201650524,NaN
13751,0.3224264978126697,0.07165033284725993,0.025366787962717262,129,0.8958333333333334,2935,37991304,0.014484479201650524,NaN
13761,0.3224264978126697,0.07165033284725993,0.02536531472614105,129,0.8958333333333334,2935,38020654,0.014484479201650524,NaN
13771,0.3224264978126697,0.07165033284725993,0.025363850932431195,129,0.8958333333333334,2935,38050004,0.014484479201650524,NaN
13781,0.3224264978126697,0.07165033284725993,0.02536239645402526,129,0.8958333333333334,2935,38079354,0.014484479201650524,NaN
13791,0.3224264978126697,0.07165033284725993,0.025360950987989055,129,0.8958333333333334,2936,38108708,0.014484479201650524,NaN
13801,0.3224264978126697,0.07165033284725993,0.025359514190289898,129,0.8958333333333334,2936,38138068,0.014484479201650524,NaN
13811,0.3224264978126697,0.07165033284725993,0.02535808626090521,129,0.8958333333333334,2936,38167428,0.014484479201650524,NaN
13821,0.3224264978126697,0.07165033284725993,0.025356667256315874,129,0.8958333333333334,2936,38196788,0.014484479201650524,NaN
13831,0.3224264978126697,0.07165033284725993,0.02535525710816841,129,0.8958333333333334,2936,38226148,0.014484479201650524,NaN
13841,0.3224264978126697,0.07165033284725993,0.025353855566495664,129,0.8958333333333334,2937,38255509,0.014484479201650524,NaN
13851,0.3224264978126697,0.07165033284725993,0.025352462216400907,129,0.8958333333333334,2937,38284879,0.014484479201650524,NaN
13861,0.3224264978126697,0.07165033284725993,0.025351077431536265,129,0.8958333333333334,2937,38314249,0.014484479201650524,NaN
13871,0.3224264978126697,0.07165033284725993,0.025349701005170172,129,0.8958333333333334,2937,38343619,0.014484479201650524,NaN
13881,0.3224264978126697,0.07165033284725993,0.025348333001243756,129,0.8958333333333334,2937,38372989,0.014484479201650524,NaN
13891,0.3224264978126697,0.07165033284725993,0.025346973209130003,129,0.8958333333333334,2937,38402359,0.014484479201650524,NaN
13901,0.3224264978126697,0.07165033284725993,0.02534562137937837,129,0.8958333333333334,2938,38431736,0.014484479201650524,NaN
13911,0.3224264978126697,0.07165033284725993,0.025344277422533222,129,0.8958333333333334,2938,38461116,0.014484479201650524,NaN
13921,0.3224264978126697,0.07165033284725993,0.025342941604375432,129,0.8958333333333334,2938,38490496,0.014484479201650524,NaN
13931,0.3224264978126697,0.07165033284725993,0.025341613751424033,129,0.8958333333333334,2938,38519876,0.014484479201650524,NaN
13941,0.3224264978126697,0.07165033284725993,0.02534029356771364,129,0.8958333333333334,2938,38549256,0.014484479201650524,NaN
13951,0.3224264978126697,0.07165033284725993,0.025338981029806605,129,0.8958333333333334,2939,38578639,0.014484479201650524,NaN
13961,0.3224264978126697,0.07165033284725993,0.025337675963755177,129,0.8958333333333334,2939,38608029,0.014484479201650524,NaN
13971,0.3224264978126697,0.07165033284725993,0.025336378412092433,129,0.8958333333333334,2939,38637419,0.014484479201650524,NaN
13981,0.3224264978126697,0.07165033284725993,0.025335088618510464,129,0.8958333333333334,2939,38666809,0.014484479201650524,NaN
13991,0.3224264978126697,0.07165033284725993,0.025333806168783696,129,0.8958333333333334,2939,38696199,0.014484479201650524,NaN
14001,0.3224264978126697,0.07165033284725993,0.025332531081344294,129,0.8958333333333334,2939,38725589,0.014484479201650524,NaN
14011,0.3224264978126697,0.07165033284725993,0.025331263007053934,129,0.8958333333333334,2940,38754988,0.014484479201650524,NaN
14021,0.3224264978126697,0.07165033284725993,0.025330002009904415,129,0.8958333333333334,2940,38784388,0.014484479201650524,NaN
14031,0.3224264978126697,0.07165033284725993,0.025328748525497373,129,0.8958333333333334,2940,38813788,0.014484479201650524,NaN
14041,0.3224264978126697,0.07165033284725993,0.025327502013483397,129,0.8958333333333334,2940,38843188,0.014484479201650524,NaN
14051,0.3224264978126697,0.07165033284725993,0.02532626257205297,129,0.8958333333333334,2940,38872588,0.014484479201650524,NaN
14061,0.3224264978126697,0.07165033284725993,0.025325029913707317,129,0.8958333333333334,2941,38901993,0.014484479201650524,NaN
14071,0.3224264978126697,0.07165033284725993,0.025323803839225285,129,0.8958333333333334,2941,38931403,0.014484479201650524,NaN
14081,0.3224264978126697,0.07165033284725993,0.02532258475681183,129,0.8958333333333334,2941,38960813,0.014484479201650524,NaN
14091,0.3224264978126697,0.07165033284725993,0.025321372418093648,129,0.8958333333333334,2941,38990223,0.014484479201650524,NaN
14101,0.3224264978126697,0.07165033284725993,0.025320166879349206,129,0.8958333333333334,2941,39019633,0.014484479201650524,NaN
14111,0.3224264978126697,0.07165033284725993,0.025318968114928907,129,0.8958333333333334,2941,39049043,0.014484479201650524,NaN
14121,0.3224264978126697,0.07165033284725993,0.025317775445960065,129,0.8958333333333334,2942,39078463,0.014484479201650524,NaN
14131,0.3224264978126697,0.07165033284725993,0.02531658931570278,129,0.8958333333333334,2942,39107883,0.014484479201650524,NaN
14141,0.3224264978126697,0.07165033284725993,0.025315409725789117,129,0.8958333333333334,2942,39137303,0.014484479201650524,NaN
14151,0.3224264978126697,0.07165033284725993,0.025314236536858666,129,0.8958333333333334,2942,39166723,0.014484479201650524,NaN
14161,0.3224264978126697,0.07165033284725993,0.025313069701446877,129,0.8958333333333334,2942,39196143,0.014484479201650524,NaN
14171,0.3224264978126697,0.07165033284725993,0.02531190902583328,129,0.8958333333333334,2943,39225568,0.014484479201650524,NaN
14181,0.3224264978126697,0.07165033284725993,0.02531075441476805,129,0.8958333333333334,2943,39254998,0.014484479201650524,NaN
14191,0.3224264978126697,0.07165033284725993,0.025309606125922954,129,0.8958333333333334,2943,39284428,0.014484479201650524,NaN
14201,0.3224264978126697,0.07165033284725993,0.02530846387663335,129,0.8958333333333334,2943,39313858,0.014484479201650524,NaN
14211,0.3224264978126697,0.07165033284725993,0.025307327788465825,129,0.8958333333333334,2943,39343288,0.014484479201650524,NaN
14221,0.3224264978126697,0.07165033284725993,0.025306197740672224,129,0.8958333333333334,2943,39372718,0.014484479201650524,NaN
14231,0.3224264978126697,0.07165033284725993,0.025305073344753317,129,0.8958333333333334,2944,39402158,0.014484479201650524,NaN
14241,0.3224264978126697,0.07109609789843144,0.02526930102505233,128,0.8888888888888888,2921,39431575,0.014096874704938145,NaN
14251,0.29810079605771916,0.06578036960229339,0.02496344535489343,128,0.8888888888888888,2921,39460785,0.01234637320266696,NaN
14261,0.2792059252196524,0.06167815680148557,0.02471715361024493,128,0.8888888888888888,2921,39489995,0.014250571077139396,NaN
14271,0.26331853655190296,0.0581912931136358,0.024513268859036534,128,0.8888888888888888,2922,39519210,0.009555630831767914,NaN
14281,0.24981901772301313,0.05523581638526947,0.02434059099295314,128,0.8888888888888888,2922,39548430,0.01045276690888769,NaN
14291,0.23809609090834383,0.05268435090049745,0.024191957928240384,128,0.8888888888888888,2922,39577650,0.010293149713938632,NaN
14301,0.228392605256733,0.05053690773585884,0.024062400651543133,128,0.8888888888888888,2922,39606870,0.008244656241325143,NaN
14311,0.21938229152060812,0.04855975940229182,0.02394796489926823,128,0.8888888888888888,2922,39636090,0.009196601579967212,NaN
14321,0.21152029124500832,0.04684098635287785,0.02384596898008373,128,0.8888888888888888,2922,39665310,0.009780675755779511,NaN
14331,0.2044936237117418,0.04530244545770279,0.02375432828786027,128,0.8888888888888888,2923,39694539,0.010552004862505349,NaN
14341,0.1982965869323387,0.043927298348259425,0.023671388083320283,128,0.8888888888888888,2923,39723769,0.009556355122488702,NaN
14351,0.19227497570817675,0.042611029818146774,0.023595729240887084,128,0.8888888888888888,2923,39752999,0.009874943303311179,NaN
14361,0.18689465396145027,0.0414183669205126,0.023526478631469363,128,0.8888888888888888,2923,39782229,0.008418105887932015,NaN
14371,0.18195791449332507,0.0403421597970009,0.02346273870049001,128,0.8888888888888888,2923,39811459,0.008160831483923936,NaN
14381,0.1776126821817042,0.03936925424299641,0.023403715667765782,128,0.8888888888888888,2924,39840692,0.008160831483923936,NaN
14391,0.17346578402350885,0.03846205434806163,0.02334897762219063,128,0.8888888888888888,2924,39869932,0.008160831483923936,NaN
14401,0.1694528124368846,0.0375730405861963,0.023297967684978292,128,0.8888888888888888,2924,39899172,0.008160831483923936,NaN
14411,0.165745655686189,0.036748721034815454,0.023250269252100223,128,0.8888888888888888,2924,39928412,0.008160831483923936,NaN
14421,0.1623780197391951,0.03601084966138616,0.023205568417617537,128,0.8888888888888888,2924,39957652,0.008160831483923936,NaN
14431,0.15920096606830253,0.035302555035710406,0.023163575270294872,128,0.8888888888888888,2924,39986892,0.008160831483923936,NaN
14441,0.1562242474164958,0.034655064297756756,0.023123976966029844,128,0.8888888888888888,2925,40016139,0.008160831483923936,NaN
14451,0.1534303188608006,0.0340358168024465,0.023086583704411405,128,0.8888888888888888,2925,40045389,0.008160831483923936,NaN
14461,0.15096194998471368,0.03354709999660304,0.023051214899843162,128,0.8888888888888888,2925,40074639,0.008160831483923936,NaN
14471,0.15096194998471368,0.03354709999660304,0.023017663528207617,128,0.8888888888888888,2925,40103889,0.008160831483923936,NaN
14481,0.15096194998471368,0.03354709999660304,0.02298578471712756,128,0.8888888888888888,2925,40133139,0.008160831483923936,NaN
14491,0.15096194998471368,0.03354709999660304,0.022955417078680665,128,0.8888888888888888,2925,40162389,0.008160831483923936,NaN
14501,0.15096194998471368,0.03354709999660304,0.022926477220655498,128,0.8888888888888888,2926,40191649,0.008160831483923936,NaN
14511,0.15096194998471368,0.03354709999660304,0.02289887740193878,128,0.8888888888888888,2926,40220909,0.008160831483923936,NaN
14521,0.15096194998471368,0.03354709999660304,0.022872500888308597,128,0.8888888888888888,2926,40250169,0.008160831483923936,NaN
14531,0.15096194998471368,0.03354709999660304,0.02284722892127713,128,0.8888888888888888,2926,40279429,0.008160831483923936,NaN
14541,0.15096194998471368,0.03354709999660304,0.0228230026999852,128,0.8888888888888888,2926,40308689,0.008160831483923936,NaN
14551,0.15096194998471368,0.03354709999660304,0.022799766172646473,128,0.8888888888888888,2927,40337952,0.008160831483923936,NaN
14561,0.15096194998471368,0.03354709999660304,0.022777417849143486,128,0.8888888888888888,2927,40367222,0.008160831483923936,NaN
14571,0.15096194998471368,0.03354709999660304,0.02275593534667729,128,0.8888888888888888,2927,40396492,0.008160831483923936,NaN
14581,0.15096194998471368,0.03354709999660304,0.02273526152668692,128,0.8888888888888888,2927,40425762,0.008160831483923936,NaN
14591,0.15096194998471368,0.03354709999660304,0.02271533802338248,128,0.8888888888888888,2927,40455032,0.008160831483923936,NaN
14601,0.15096194998471368,0.03354709999660304,0.022696131726317754,128,0.8888888888888888,2927,40484302,0.008160831483923936,NaN
14611,0.15096194998471368,0.03354709999660304,0.022677570555891806,128,0.8888888888888888,2928,40513578,0.008160831483923936,NaN
14621,0.15096194998471368,0.03354709999660304,0.022659638037667424,128,0.8888888888888888,2928,40542858,0.008160831483923936,NaN
14631,0.15096194998471368,0.03354709999660304,0.022642293603530917,128,0.8888888888888888,2928,40572138,0.008160831483923936,NaN
14641,0.15096194998471368,0.03354709999660304,0.02262551717894203,128,0.8888888888888888,2928,40601418,0.008160831483923936,NaN
14651,0.15096194998471368,0.03354709999660304,0.0226092769329271,128,0.8888888888888888,2928,40630698,0.008160831483923936,NaN
14661,0.15096194998471368,0.03354709999660304,0.022593541277611283,128,0.8888888888888888,2928,40659978,0.008160831483923936,NaN
14671,0.15096194998471368,0.03354709999660304,0.022578284231659303,128,0.8888888888888888,2929,40689267,0.008160831483923936,NaN
14681,0.15096194998471368,0.03354709999660304,0.022563472374595918,128,0.8888888888888888,2929,40718557,0.008160831483923936,NaN
14691,0.15096194998471368,0.03354709999660304,0.022549092200382592,128,0.8888888888888888,2929,40747847,0.008160831483923936,NaN
14701,0.15096194998471368,0.03354709999660304,0.02253512814295093,128,0.8888888888888888,2929,40777137,0.008160831483923936,NaN
14711,0.15096194998471368,0.03354709999660304,0.022521557616768984,128,0.8888888888888888,2929,40806427,0.008160831483923936,NaN
14721,0.15096194998471368,0.03354709999660304,0.02250835673609727,128,0.8888888888888888,2930,40835719,0.008160831483923936,NaN
14731,0.15096194998471368,0.03354709999660304,0.022495513351130075,128,0.8888888888888888,2930,40865019,0.008160831483923936,NaN
14741,0.15096194998471368,0.03354709999660304,0.02248300425338463,128,0.8888888888888888,2930,40894319,0.008160831483923936,NaN
14751,0.15096194998471368,0.03354709999660304,0.022470832211304786,128,0.8888888888888888,2930,40923619,0.008160831483923936,NaN
14761,0.15096194998471368,0.03354709999660304,0.022458964149675728,128,0.8888888888888888,2930,40952919,0.008160831483923936,NaN
14771,0.15096194998471368,0.03354709999660304,0.02244739700977919,128,0.8888888888888888,2930,40982219,0.008160831483923936,NaN
14781,0.15096194998471368,0.03354709999660304,0.022436120988687643,128,0.8888888888888888,2931,41011523,0.008160831483923936,NaN
14791,0.15096194998471368,0.03354709999660304,0.022425118912089724,128,0.8888888888888888,2931,41040833,0.008160831483923936,NaN
14801,0.15096194998471368,0.03354709999660304,0.022414368118796116,128,0.8888888888888888,2931,41070143,0.008160831483923936,NaN
14811,0.15096194998471368,0.03354709999660304,0.022403878011785713,128,0.8888888888888888,2931,41099453,0.008160831483923936,NaN
14821,0.15096194998471368,0.03354709999660304,0.022393624053068845,128,0.8888888888888888,2931,41128763,0.008160831483923936,NaN
14831,0.15096194998471368,0.03354709999660304,0.022383618828776517,128,0.8888888888888888,2931,41158073,0.008160831483923936,NaN
14841,0.15096194998471368,0.03354709999660304,0.0223738269750026,128,0.8888888888888888,2932,41187389,0.008160831483923936,NaN
14851,0.15096194998471368,0.03354709999660304,0.02236425467258988,128,0.8888888888888888,2932,41216709,0.008160831483923936,NaN
14861,0.15096194998471368,0.03354709999660304,0.02235489082987881,128,0.8888888888888888,2932,41246029,0.008160831483923936,NaN
14871,0.15096194998471368,0.03354709999660304,0.022345727158562603,128,0.8888888888888888,2932,41275349,0.008160831483923936,NaN
14881,0.15096194998471368,0.03354709999660304,0.022336757133531795,128,0.8888888888888888,2932,41304669,0.008160831483923936,NaN
14891,0.15096194998471368,0.03354709999660304,0.022327984025447643,128,0.8888888888888888,2932,41333989,0.008160831483923936,NaN
14901,0.15096194998471368,0.03354709999660304,0.022319382035349247,128,0.8888888888888888,2933,41363317,0.008160831483923936,NaN
14911,0.15096194998471368,0.03354709999660304,0.02231095498866854,128,0.8888888888888888,2933,41392647,0.008160831483923936,NaN
14921,0.15096194998471368,0.03354709999660304,0.022302703879356556,128,0.8888888888888888,2933,41421977,0.008160831483923936,NaN
14931,0.15096194998471368,0.03354709999660304,0.02229461572730625,128,0.8888888888888888,2933,41451307,0.008160831483923936,NaN
14941,0.15096194998471368,0.03354709999660304,0.022286683666713783,128,0.8888888888888888,2933,41480637,0.008160831483923936,NaN
14951,0.15096194998471368,0.03354709999660304,0.022278893205125425,128,0.8888888888888888,2933,41509967,0.008160831483923936,NaN
14961,0.15096194998471368,0.03354709999660304,0.02227124893034689,128,0.8888888888888888,2934,41539307,0.008160831483923936,NaN
14971,0.15096194998471368,0.03354709999660304,0.022263752447308258,128,0.8888888888888888,2934,41568647,0.008160831483923936,NaN
14981,0.15096194998471368,0.03354709999660304,0.02225639576253738,128,0.8888888888888888,2934,41597987,0.008160831483923936,NaN
14991,0.15096194998471368,0.03354709999660304,0.022249173896538018,128,0.8888888888888888,2934,41627327,0.008160831483923936,NaN
15001,0.15096194998471368,0.03354709999660304,0.022242077537874386,128,0.8888888888888888,2934,41656667,0.008160831483923936,NaN
15011,0.15096194998471368,0.03354709999660304,0.022235112465236687,128,0.8888888888888888,2935,41686009,0.008160831483923936,NaN
15021,0.15096194998471368,0.03354709999660304,0.022228273997038014,128,0.8888888888888888,2935,41715359,0.008160831483923936,NaN
15031,0.15096194998471368,0.03354709999660304,0.022221559068257325,128,0.8888888888888888,2935,41744709,0.008160831483923936,NaN
15041,0.15096194998471368,0.03354709999660304,0.022214954084040325,128,0.8888888888888888,2935,41774059,0.008160831483923936,NaN
15051,0.1501585048369517,0.03331084065652208,0.02219822578591158,127,0.8819444444444444,2912,41803317,0.008160831483923936,NaN
15061,0.14765142931884,0.03275631697933564,0.022167321871189173,127,0.8819444444444444,2912,41832437,0.008160831483923936,NaN
15071,0.14529944971819014,0.03223800835074717,0.022137932968606614,127,0.8819444444444444,2913,41861564,0.008160831483923936,NaN
15081,0.14303676332773774,0.03173838679654154,0.022109940601361625,127,0.8819444444444444,2913,41890694,0.008160831483923936,NaN
15091,0.14086543303024907,0.031258953343630144,0.02208323858979976,127,0.8819444444444444,2913,41919824,0.008160831483923936,NaN
15101,0.13880730880224532,0.03080466787212765,0.022057731524047375,127,0.8819444444444444,2913,41948954,0.008160831483923936,NaN
15111,0.13680670984970056,0.03035893502955144,0.02203333097625409,127,0.8819444444444444,2913,41978084,0.008160831483923936,NaN
15121,0.13564696803117626,0.030143770673594722,0.022009958919782843,127,0.8819444444444444,2913,42007214,0.008160831483923936,NaN
15131,0.13564696803117626,0.030143770673594722,0.021987539117366766,127,0.8819444444444444,2914,42036352,0.008160831483923936,NaN
15141,0.13564696803117626,0.030143770673594722,0.021966010636319495,127,0.8819444444444444,2914,42065492,0.008160831483923936,NaN
15151,0.13564696803117626,0.030143770673594722,0.021945318971763016,127,0.8819444444444444,2914,42094632,0.008160831483923936,NaN
15161,0.13564696803117626,0.030143770673594722,0.021925409325885742,127,0.8819444444444444,2914,42123772,0.008160831483923936,NaN
15171,0.13564696803117626,0.030143770673594722,0.0219062331823987,127,0.8819444444444444,2914,42152912,0.008160831483923936,NaN
15181,0.13564696803117626,0.030143770673594722,0.02188774733885883,127,0.8819444444444444,2914,42182052,0.008160831483923936,NaN
15191,0.13564696803117626,0.030143770673594722,0.02186990553238146,127,0.8819444444444444,2915,42211200,0.008160831483923936,NaN
15201,0.13564696803117626,0.030143770673594722,0.021852674302318756,127,0.8819444444444444,2915,42240350,0.008160831483923936,NaN
15211,0.13564696803117626,0.030143770673594722,0.021836019819677265,127,0.8819444444444444,2915,42269500,0.008160831483923936,NaN
15221,0.13564696803117626,0.030143770673594722,0.021819910962603373,127,0.8819444444444444,2915,42298650,0.008160831483923936,NaN
15231,0.13564696803117626,0.030143770673594722,0.02180431853859719,127,0.8819444444444444,2915,42327800,0.008160831483923936,NaN
15241,0.13564696803117626,0.030143770673594722,0.021789214728353976,127,0.8819444444444444,2915,42356950,0.008160831483923936,NaN
15251,0.13564696803117626,0.030143770673594722,0.021774570576536593,127,0.8819444444444444,2916,42386108,0.008160831483923936,NaN
15261,0.13564696803117626,0.030143770673594722,0.02176036589585593,127,0.8819444444444444,2916,42415268,0.008160831483923936,NaN
15271,0.13564696803117626,0.030143770673594722,0.021746579768208076,127,0.8819444444444444,2916,42444428,0.008160831483923936,NaN
15281,0.13564696803117626,0.030143770673594722,0.021733192070971782,127,0.8819444444444444,2916,42473588,0.008160831483923936,NaN
15291,0.13564696803117626,0.030143770673594722,0.021720183251386353,127,0.8819444444444444,2916,42502748,0.008160831483923936,NaN
15301,0.13564696803117626,0.030143770673594722,0.0217075362068403,127,0.8819444444444444,2916,42531908,0.008160831483923936,NaN
15311,0.13564696803117626,0.030143770673594722,0.021695230310198252,127,0.8819444444444444,2917,42561076,0.008160831483923936,NaN
15321,0.13564696803117626,0.030143770673594722,0.02168325298314723,127,0.8819444444444444,2917,42590246,0.008160831483923936,NaN
15331,0.13564696803117626,0.030143770673594722,0.02167159080656097,127,0.8819444444444444,2917,42619416,0.008160831483923936,NaN
15341,0.13564696803117626,0.030143770673594722,0.021660229751021616,127,0.8819444444444444,2917,42648586,0.008160831483923936,NaN
15351,0.13564696803117626,0.030143770673594722,0.021649156974680513,127,0.8819444444444444,2917,42677756,0.008160831483923936,NaN
15361,0.13564696803117626,0.030143770673594722,0.021638360419573354,127,0.8819444444444444,2917,42706926,0.008160831483923936,NaN
15371,0.13564696803117626,0.030143770673594722,0.02162782617091573,127,0.8819444444444444,2918,42736104,0.008160831483923936,NaN
15381,0.13564696803117626,0.030143770673594722,0.021617545257455444,127,0.8819444444444444,2918,42765284,0.008160831483923936,NaN
15391,0.13564696803117626,0.030143770673594722,0.021607508312334052,127,0.8819444444444444,2918,42794464,0.008160831483923936,NaN
15401,0.13564696803117626,0.030143770673594722,0.021597706007974657,127,0.8819444444444444,2918,42823644,0.008160831483923936,NaN
15411,0.13564696803117626,0.030143770673594722,0.0215881288280526,127,0.8819444444444444,2918,42852824,0.008160831483923936,NaN
15421,0.13564696803117626,0.030143770673594722,0.02157876845440755,127,0.8819444444444444,2918,42882004,0.008160831483923936,NaN
15431,0.13564696803117626,0.030143770673594722,0.02156961481448748,127,0.8819444444444444,2919,42911191,0.008160831483923936,NaN
15441,0.13564696803117626,0.030143770673594722,0.021560661145087517,127,0.8819444444444444,2919,42940381,0.008160831483923936,NaN
15451,0.13564696803117626,0.030143770673594722,0.02155190114055241,127,0.8819444444444444,2919,42969571,0.008160831483923936,NaN
15461,0.13564696803117626,0.030143770673594722,0.0215433280705254,127,0.8819444444444444,2919,42998761,0.008160831483923936,NaN
15471,0.13564696803117626,0.030143770673594722,0.021534935204564655,127,0.8819444444444444,2919,43027951,0.008160831483923936,NaN
15481,0.13564696803117626,0.030143770673594722,0.021526715957384947,127,0.8819444444444444,2919,43057141,0.008160831483923936,NaN
15491,0.13564696803117626,0.030143770673594722,0.02151866299440314,127,0.8819444444444444,2920,43086337,0.008160831483923936,NaN
15501,0.13564696803117626,0.030143770673594722,0.021510771093429883,127,0.8819444444444444,2920,43115537,0.008160831483923936,NaN
15511,0.13564696803117626,0.030143770673594722,0.021503036070760026,127,0.8819444444444444,2920,43144737,0.008160831483923936,NaN
15521,0.13564696803117626,0.030143770673594722,0.02149545286908358,127,0.8819444444444444,2920,43173937,0.008160831483923936,NaN
15531,0.13564696803117626,0.030143770673594722,0.02148801640633294,127,0.8819444444444444,2920,43203137,0.008160831483923936,NaN
15541,0.13564696803117626,0.030143770673594722,0.02148072201666845,127,0.8819444444444444,2920,43232337,0.008160831483923936,NaN
15551,0.13564696803117626,0.030143770673594722,0.021473563608759447,127,0.8819444444444444,2921,43261542,0.008160831483923936,NaN
15561,0.13564696803117626,0.030143770673594722,0.021466537394194116,127,0.8819444444444444,2921,43290752,0.008160831483923936,NaN
15571,0.13564696803117626,0.030143770673594722,0.021459640216450172,127,0.8819444444444444,2921,43319962,0.008160831483923936,NaN
15581,0.13564696803117626,0.030143770673594722,0.0214528681310656,127,0.8819444444444444,2921,43349172,0.008160831483923936,NaN
15591,0.13564696803117626,0.030143770673594722,0.02144621760539521,127,0.8819444444444444,2921,43378382,0.008160831483923936,NaN
15601,0.13564696803117626,0.030143770673594722,0.021439684985628864,127,0.8819444444444444,2921,43407592,0.008160831483923936,NaN
15611,0.13564696803117626,0.030143770673594722,0.02143326557628034,127,0.8819444444444444,2922,43436806,0.008160831483923936,NaN
15621,0.13564696803117626,0.030143770673594722,0.021426955731716768,127,0.8819444444444444,2922,43466026,0.008160831483923936,NaN
15631,0.13564696803117626,0.030143770673594722,0.021420753892736275,127,0.8819444444444444,2922,43495246,0.008160831483923936,NaN
15641,0.13564696803117626,0.030143770673594722,0.02141465668743442,127,0.8819444444444444,2922,43524466,0.008160831483923936,NaN
15651,0.13564696803117626,0.030143770673594722,0.02140866149860366,127,0.8819444444444444,2922,43553686,0.008160831483923936,NaN
15661,0.13564696803117626,0.030143770673594722,0.02140276541818882,127,0.8819444444444444,2922,43582906,0.008160831483923936,NaN
15671,0.13564696803117626,0.030143770673594722,0.02139696508368301,127,0.8819444444444444,2923,43612128,0.008160831483923936,NaN
15681,0.13564696803117626,0.030143770673594722,0.02139125675200584,127,0.8819444444444444,2923,43641358,0.008160831483923936,NaN
15691,0.13564696803117626,0.030143770673594722,0.021385639501866924,127,0.8819444444444444,2923,43670588,0.008160831483923936,NaN
15701,0.13564696803117626,0.030143770673594722,0.02138011110062583,127,0.8819444444444444,2923,43699818,0.008160831483923936,NaN
15711,0.13564696803117626,0.030143770673594722,0.021374669088349063,127,0.8819444444444444,2923,43729048,0.008160831483923936,NaN
15721,0.13564696803117626,0.030143770673594722,0.02136931122423896,127,0.8819444444444444,2923,43758278,0.008160831483923936,NaN
15731,0.13564696803117626,0.030143770673594722,0.021364035107266397,127,0.8819444444444444,2923,43787508,0.008160831483923936,NaN
15741,0.13564696803117626,0.030143770673594722,0.021358837518948594,127,0.8819444444444444,2924,43816748,0.008160831483923936,NaN
15751,0.13564696803117626,0.030143770673594722,0.021353717336751774,127,0.8819444444444444,2924,43845988,0.008160831483923936,NaN
15761,0.13564696803117626,0.030143770673594722,0.021348673423797065,127,0.8819444444444444,2924,43875228,0.008160831483923936,NaN
15771,0.13564696803117626,0.030143770673594722,0.02134370356438985,127,0.8819444444444444,2924,43904468,0.008160831483923936,NaN
15781,0.13564696803117626,0.030143770673594722,0.021338805967415997,127,0.8819444444444444,2924,43933708,0.008160831483923936,NaN
15791,0.13564696803117626,0.030143770673594722,0.021333978951869257,127,0.8819444444444444,2924,43962948,0.008160831483923936,NaN
15801,0.13564696803117626,0.030143770673594722,0.021329219325661675,127,0.8819444444444444,2925,43992196,0.008160831483923936,NaN
15811,0.13564696803117626,0.030143770673594722,0.02132452664946375,127,0.8819444444444444,2925,44021446,0.008160831483923936,NaN
15821,0.13564696803117626,0.030143770673594722,0.021319899697827337,127,0.8819444444444444,2925,44050696,0.008160831483923936,NaN
15831,0.13564696803117626,0.030143770673594722,0.021315336673889976,127,0.8819444444444444,2925,44079946,0.008160831483923936,NaN
15841,0.13564696803117626,0.030143770673594722,0.021310836206725962,127,0.8819444444444444,2925,44109196,0.008160831483923936,NaN
15851,0.13564696803117626,0.030143770673594722,0.0213063971608604,127,0.8819444444444444,2925,44138446,0.008160831483923936,NaN
15861,0.13564696803117626,0.030143770673594722,0.02130201693357778,127,0.8819444444444444,2926,44167702,0.008160831483923936,NaN
15871,0.13564696803117626,0.030143770673594722,0.02129769451865876,127,0.8819444444444444,2926,44196962,0.008160831483923936,NaN
15881,0.13564696803117626,0.030143770673594722,0.021293429330247533,127,0.8819444444444444,2926,44226222,0.008160831483923936,NaN
15891,0.13564696803117626,0.030143770673594722,0.021289220001346587,127,0.8819444444444444,2926,44255482,0.008160831483923936,NaN
15901,0.13564696803117626,0.030143770673594722,0.02128506543350839,127,0.8819444444444444,2926,44284742,0.008160831483923936,NaN
15911,0.13564696803117626,0.030143770673594722,0.021280964435196448,127,0.8819444444444444,2926,44314002,0.008160831483923936,NaN
15921,0.13564696803117626,0.030143770673594722,0.021276915147757328,127,0.8819444444444444,2927,44343265,0.008160831483923936,NaN
15931,0.13564696803117626,0.030143770673594722,0.021272916576035736,127,0.8819444444444444,2927,44372535,0.008160831483923936,NaN
15941,0.13564696803117626,0.030143770673594722,0.021268967917831776,127,0.8819444444444444,2927,44401805,0.008160831483923936,NaN
15951,0.13564696803117626,0.030143770673594722,0.021265068329485156,127,0.8819444444444444,2927,44431075,0.008160831483923936,NaN
15961,0.13564696803117626,0.030143770673594722,0.02126121676136177,127,0.8819444444444444,2927,44460345,0.008160831483923936,NaN
15971,0.13564696803117626,0.030143770673594722,0.02125741249586184,127,0.8819444444444444,2927,44489615,0.008160831483923936,NaN
15981,0.13564696803117626,0.030143770673594722,0.02125365406469835,127,0.8819444444444444,2928,44518886,0.008160831483923936,NaN
15991,0.13564696803117626,0.030143770673594722,0.021249939840955828,127,0.8819444444444444,2928,44548166,0.008160831483923936,NaN
16001,0.13564696803117626,0.030143770673594722,0.021246269954036424,127,0.8819444444444444,2928,44577446,0.008160831483923936,NaN
16011,0.13564696803117626,0.030143770673594722,0.021242643446447013,127,0.8819444444444444,2928,44606726,0.008160831483923936,NaN
16021,0.13564696803117626,0.030143770673594722,0.02123905969797982,127,0.8819444444444444,2928,44636006,0.008160831483923936,NaN
16031,0.13564696803117626,0.030143770673594722,0.021235517617161852,127,0.8819444444444444,2928,44665286,0.008160831483923936,NaN
16041,0.13564696803117626,0.030143770673594722,0.021232016436138104,127,0.8819444444444444,2928,44694566,0.008160831483923936,NaN
16051,0.13564696803117626,0.030143770673594722,0.021228554360969046,127,0.8819444444444444,2929,44723854,0.008160831483923936,NaN
16061,0.13564696803117626,0.030143770673594722,0.021225131511384984,127,0.8819444444444444,2929,44753144,0.008160831483923936,NaN
16071,0.13564696803117626,0.030143770673594722,0.021221747144313366,127,0.8819444444444444,2929,44782434,0.008160831483923936,NaN
16081,0.13564696803117626,0.030143770673594722,0.02121840080839583,127,0.8819444444444444,2929,44811724,0.008160831483923936,NaN
16091,0.13564696803117626,0.030143770673594722,0.02121509159401751,127,0.8819444444444444,2929,44841014,0.008160831483923936,NaN
16101,0.13564696803117626,0.030143770673594722,0.02121181894707483,127,0.8819444444444444,2929,44870304,0.008160831483923936,NaN
16111,0.13564696803117626,0.030143770673594722,0.02120858178746682,127,0.8819444444444444,2930,44899598,0.008160831483923936,NaN
16121,0.13564696803117626,0.030143770673594722,0.021205379111993602,127,0.8819444444444444,2930,44928898,0.008160831483923936,NaN
16131,0.13564696803117626,0.030143770673594722,0.021202210865107908,127,0.8819444444444444,2930,44958198,0.008160831483923936,NaN
16141,0.13564696803117626,0.030143770673594722,0.021199076647140686,127,0.8819444444444444,2930,44987498,0.008160831483923936,NaN
16151,0.13564696803117626,0.030143770673594722,0.021195975706545807,127,0.8819444444444444,2930,45016798,0.008160831483923936,NaN
16161,0.13564696803117626,0.030143770673594722,0.021192907530250767,127,0.8819444444444444,2930,45046098,0.008160831483923936,NaN
16171,0.13564696803117626,0.030143770673594722,0.021189871387182143,127,0.8819444444444444,2931,45075399,0.008160831483923936,NaN
16181,0.13564696803117626,0.030143770673594722,0.021186866064643668,127,0.8819444444444444,2931,45104709,0.008160831483923936,NaN
16191,0.13564696803117626,0.030143770673594722,0.021183891513399444,127,0.8819444444444444,2931,45134019,0.008160831483923936,NaN
16201,0.13564696803117626,0.030143770673594722,0.021180947619115095,127,0.8819444444444444,2931,45163329,0.008160831483923936,NaN
16211,0.13564696803117626,0.030143770673594722,0.02117803364851237,127,0.8819444444444444,2931,45192639,0.008160831483923936,NaN
16221,0.13564696803117626,0.030143770673594722,0.021175149177606614,127,0.8819444444444444,2931,45221949,0.008160831483923936,NaN
16231,0.13564696803117626,0.030143770673594722,0.021172293925223646,127,0.8819444444444444,2931,45251259,0.008160831483923936,NaN
16241,0.13564696803117626,0.030143770673594722,0.021169466282861326,127,0.8819444444444444,2932,45280576,0.008160831483923936,NaN
16251,0.13564696803117626,0.030143770673594722,0.021166666563704677,127,0.8819444444444444,2932,45309896,0.008160831483923936,NaN
16261,0.13564696803117626,0.030143770673594722,0.021163894372993517,127,0.8819444444444444,2932,45339216,0.008160831483923936,NaN
16271,0.13564696803117626,0.030143770673594722,0.02116114912510536,127,0.8819444444444444,2932,45368536,0.008160831483923936,NaN
16281,0.13564696803117626,0.030143770673594722,0.021158430640248353,127,0.8819444444444444,2932,45397856,0.008160831483923936,NaN
16291,0.13564696803117626,0.030143770673594722,0.02115573824856812,127,0.8819444444444444,2932,45427176,0.008160831483923936,NaN
16301,0.13564696803117626,0.030143770673594722,0.021153071564268443,127,0.8819444444444444,2933,45456499,0.008160831483923936,NaN
16311,0.13564696803117626,0.030143770673594722,0.02115042953761333,127,0.8819444444444444,2933,45485829,0.008160831483923936,NaN
16321,0.13564696803117626,0.030143770673594722,0.02114781259613719,127,0.8819444444444444,2933,45515159,0.008160831483923936,NaN
16331,0.13564696803117626,0.030143770673594722,0.02114522040239625,127,0.8819444444444444,2933,45544489,0.008160831483923936,NaN
16341,0.13564696803117626,0.030143770673594722,0.021142652208872834,127,0.8819444444444444,2933,45573819,0.008160831483923936,NaN
16351,0.13564696803117626,0.030143770673594722,0.021140107881700197,127,0.8819444444444444,2933,45603149,0.008160831483923936,NaN
16361,0.13564696803117626,0.030143770673594722,0.021137587044879502,127,0.8819444444444444,2933,45632479,0.008160831483923936,NaN
16371,0.13564696803117626,0.030143770673594722,0.021135088466263,127,0.8819444444444444,2934,45661818,0.008160831483923936,NaN
16381,0.13564696803117626,0.030143770673594722,0.021132612571363313,127,0.8819444444444444,2934,45691158,0.008160831483923936,NaN
16391,0.13564696803117626,0.030143770673594722,0.02113015920057587,127,0.8819444444444444,2934,45720498,0.008160831483923936,NaN
16401,0.13564696803117626,0.030143770673594722,0.021127727805367688,127,0.8819444444444444,2934,45749838,0.008160831483923936,NaN
16411,0.13564696803117626,0.030143770673594722,0.021125318156040174,127,0.8819444444444444,2934,45779178,0.008160831483923936,NaN
16421,0.13564696803117626,0.030143770673594722,0.02112293006933596,127,0.8819444444444444,2934,45808518,0.008160831483923936,NaN
16431,0.13564696803117626,0.030143770673594722,0.02112056276832148,127,0.8819444444444444,2935,45837862,0.008160831483923936,NaN
16441,0.13564696803117626,0.030143770673594722,0.02111821560671905,127,0.8819444444444444,2935,45867212,0.008160831483923936,NaN
16451,0.13564696803117626,0.030143770673594722,0.02111588898770576,127,0.8819444444444444,2935,45896562,0.008160831483923936,NaN
16461,0.13564696803117626,0.030143770673594722,0.021113582734812453,127,0.8819444444444444,2935,45925912,0.008160831483923936,NaN
16471,0.13564696803117626,0.030143770673594722,0.02111129634196779,127,0.8819444444444444,2935,45955262,0.008160831483923936,NaN
16481,0.13564696803117626,0.030143770673594722,0.021109029636251064,127,0.8819444444444444,2935,45984612,0.008160831483923936,NaN
16491,0.13564696803117626,0.030143770673594722,0.021106782138959675,127,0.8819444444444444,2935,46013962,0.008160831483923936,NaN
16501,0.13564696803117626,0.030143770673594722,0.021104552882441098,127,0.8819444444444444,2936,46043321,0.008160831483923936,NaN
16511,0.13564696803117626,0.030143770673594722,0.02110234240933522,127,0.8819444444444444,2936,46072681,0.008160831483923936,NaN
16521,0.13564696803117626,0.030143770673594722,0.021100150481867766,127,0.8819444444444444,2936,46102041,0.008160831483923936,NaN
16531,0.13564696803117626,0.030143770673594722,0.021097976859998924,127,0.8819444444444444,2936,46131401,0.008160831483923936,NaN
16541,0.13564696803117626,0.030143770673594722,0.021095821102893583,127,0.8819444444444444,2936,46160761,0.008160831483923936,NaN
16551,0.13564696803117626,0.030143770673594722,0.021093683188241705,127,0.8819444444444444,2936,46190121,0.008160831483923936,NaN
16561,0.13564696803117626,0.030143770673594722,0.021091562683036334,127,0.8819444444444444,2937,46219485,0.008160831483923936,NaN
16571,0.13564696803117626,0.030143770673594722,0.0210894586826608,127,0.8819444444444444,2937,46248855,0.008160831483923936,NaN
16581,0.13564696803117626,0.030143770673594722,0.021087371816840356,127,0.8819444444444444,2937,46278225,0.008160831483923936,NaN
16591,0.13564696803117626,0.030143770673594722,0.02108530167629606,127,0.8819444444444444,2937,46307595,0.008160831483923936,NaN
16601,0.13564696803117626,0.030143770673594722,0.021083248242038343,127,0.8819444444444444,2937,46336965,0.008160831483923936,NaN
16611,0.13564696803117626,0.030143770673594722,0.02108121122664515,127,0.8819444444444444,2937,46366335,0.008160831483923936,NaN
16621,0.13564696803117626,0.030143770673594722,0.02107919032559307,127,0.8819444444444444,2937,46395705,0.008160831483923936,NaN
16631,0.13564696803117626,0.030143770673594722,0.021077184824374588,127,0.8819444444444444,2938,46425084,0.008160831483923936,NaN
16641,0.13564696803117626,0.030143770673594722,0.02107519488847831,127,0.8819444444444444,2938,46454464,0.008160831483923936,NaN
16651,0.13564696803117626,0.030143770673594722,0.021073220542417462,127,0.8819444444444444,2938,46483844,0.008160831483923936,NaN
16661,0.13564696803117626,0.030143770673594722,0.021071261523106996,127,0.8819444444444444,2938,46513224,0.008160831483923936,NaN
16671,0.13564696803117626,0.030143770673594722,0.021069317466576122,127,0.8819444444444444,2938,46542604,0.008160831483923936,NaN
16681,0.13564696803117626,0.030143770673594722,0.021067388437060502,127,0.8819444444444444,2938,46571984,0.008160831483923936,NaN
16691,0.13564696803117626,0.030143770673594722,0.021065473869551175,127,0.8819444444444444,2939,46601367,0.008160831483923936,NaN
16701,0.13564696803117626,0.030143770673594722,0.021063573424523988,127,0.8819444444444444,2939,46630757,0.008160831483923936,NaN
16711,0.13564696803117626,0.030143770673594722,0.021061687315892124,127,0.8819444444444444,2939,46660147,0.008160831483923936,NaN
16721,0.13564696803117626,0.030143770673594722,0.021059815582624396,127,0.8819444444444444,2939,46689537,0.008160831483923936,NaN
16731,0.13564696803117626,0.030143770673594722,0.021057957797688622,127,0.8819444444444444,2939,46718927,0.008160831483923936,NaN
16741,0.13564696803117626,0.030143770673594722,0.02105611383776184,127,0.8819444444444444,2939,46748317,0.008160831483923936,NaN
16751,0.13564696803117626,0.030143770673594722,0.021054283568794876,127,0.8819444444444444,2939,46777707,0.008160831483923936,NaN
16761,0.13564696803117626,0.030143770673594722,0.02105246620384463,127,0.8819444444444444,2940,46807104,0.008160831483923936,NaN
16771,0.13564696803117626,0.030143770673594722,0.02105066201709277,127,0.8819444444444444,2940,46836504,0.008160831483923936,NaN
16781,0.13564696803117626,0.030143770673594722,0.02104887100535662,127,0.8819444444444444,2940,46865904,0.008160831483923936,NaN
16791,0.13564696803117626,0.030143770673594722,0.02104709296915648,127,0.8819444444444444,2940,46895304,0.008160831483923936,NaN
16801,0.13564696803117626,0.030143770673594722,0.02104532778023326,127,0.8819444444444444,2940,46924704,0.008160831483923936,NaN
16811,0.13564696803117626,0.030143770673594722,0.021043575280282875,127,0.8819444444444444,2940,46954104,0.008160831483923936,NaN
16821,0.13564696803117626,0.030143770673594722,0.021041835355420035,127,0.8819444444444444,2941,46983505,0.008160831483923936,NaN
16831,0.13564696803117626,0.030143770673594722,0.02104010731800193,127,0.8819444444444444,2941,47012915,0.008160831483923936,NaN
16841,0.13564696803117626,0.030143770673594722,0.021038391386468968,127,0.8819444444444444,2941,47042325,0.008160831483923936,NaN
16851,0.13564696803117626,0.030143770673594722,0.021036687587450743,127,0.8819444444444444,2941,47071735,0.008160831483923936,NaN
16861,0.13564696803117626,0.030143770673594722,0.021034995669621852,127,0.8819444444444444,2941,47101145,0.008160831483923936,NaN
16871,0.13564696803117626,0.030143770673594722,0.0210333156925347,127,0.8819444444444444,2941,47130555,0.008160831483923936,NaN
16881,0.13564696803117626,0.030143770673594722,0.02103164725509816,127,0.8819444444444444,2941,47159965,0.008160831483923936,NaN
16891,0.13564696803117626,0.030143770673594722,0.02102999014490974,127,0.8819444444444444,2942,47189380,0.008160831483923936,NaN
16901,0.13564696803117626,0.030143770673594722,0.021028344124764814,127,0.8819444444444444,2942,47218800,0.008160831483923936,NaN
16911,0.13564696803117626,0.030143770673594722,0.021026709445691044,127,0.8819444444444444,2942,47248220,0.008160831483923936,NaN
16921,0.13564696803117626,0.030143770673594722,0.021025085894456355,127,0.8819444444444444,2942,47277640,0.008160831483923936,NaN
16931,0.13564696803117626,0.030143770673594722,0.02102347339080142,127,0.8819444444444444,2942,47307060,0.008160831483923936,NaN
16941,0.13564696803117626,0.030143770673594722,0.02102187166279412,127,0.8819444444444444,2942,47336480,0.008160831483923936,NaN
16951,0.13564696803117626,0.030143770673594722,0.021020280856241556,127,0.8819444444444444,2942,47365900,0.008160831483923936,NaN
16961,0.13564696803117626,0.030143770673594722,0.021018700118727442,127,0.8819444444444444,2943,47395328,0.008160831483923936,NaN
16971,0.13564696803117626,0.030143770673594722,0.021017129729062903,127,0.8819444444444444,2943,47424758,0.008160831483923936,NaN
16981,0.13564696803117626,0.030143770673594722,0.021015569866266383,127,0.8819444444444444,2943,47454188,0.008160831483923936,NaN
16991,0.13564696803117626,0.030143770673594722,0.021014020294296696,127,0.8819444444444444,2943,47483618,0.008160831483923936,NaN
17001,0.13564696803117626,0.030143770673594722,0.021012480968166478,127,0.8819444444444444,2943,47513048,0.008160831483923936,NaN
17011,0.13564696803117626,0.030143770673594722,0.0210109516614113,127,0.8819444444444444,2943,47542478,0.008160831483923936,NaN
17021,0.13564696803117626,0.030143770673594722,0.021009432244336674,127,0.8819444444444444,2944,47571909,0.008160831483923936,NaN
17031,0.13564696803117626,0.030143770673594722,0.021007922107192104,127,0.8819444444444444,2944,47601349,0.008160831483923936,NaN
17041,0.13564696803117626,0.030143770673594722,0.021006421898202152,127,0.8819444444444444,2944,47630789,0.008160831483923936,NaN
17051,0.13564696803117626,0.030143770673594722,0.021004931307256065,127,0.8819444444444444,2944,47660229,0.008160831483923936,NaN
17061,0.13564696803117626,0.030143770673594722,0.021003450300654102,127,0.8819444444444444,2944,47689669,0.008160831483923936,NaN
17071,0.13564696803117626,0.030143770673594722,0.021001978784060293,127,0.8819444444444444,2944,47719109,0.008160831483923936,NaN
17081,0.13564696803117626,0.030143770673594722,0.021000516513061354,127,0.8819444444444444,2944,47748549,0.008160831483923936,NaN
17091,0.13564696803117626,0.030143770673594722,0.02099906338322221,127,0.8819444444444444,2945,47777993,0.008160831483923936,NaN
17101,0.13564696803117626,0.030143770673594722,0.020997618996840703,127,0.8819444444444444,2945,47807443,0.008160831483923936,NaN
17111,0.13564696803117626,0.030143770673594722,0.020996183601291622,127,0.8819444444444444,2945,47836893,0.008160831483923936,NaN
17121,0.13564696803117626,0.030143770673594722,0.02099475724313319,127,0.8819444444444444,2945,47866343,0.008160831483923936,NaN
17131,0.13564696803117626,0.030143770673594722,0.020993339747530145,127,0.8819444444444444,2945,47895793,0.008160831483923936,NaN
17141,0.13564696803117626,0.030143770673594722,0.020991931182252583,127,0.8819444444444444,2945,47925243,0.008160831483923936,NaN
17151,0.13564696803117626,0.030143770673594722,0.020990531078225756,127,0.8819444444444444,2945,47954693,0.008160831483923936,NaN
17161,0.13564696803117626,0.030143770673594722,0.020989139298795673,127,0.8819444444444444,2946,47984150,0.008160831483923936,NaN
17171,0.13564696803117626,0.030143770673594722,0.02098775590136828,127,0.8819444444444444,2946,48013610,0.008160831483923936,NaN
17181,0.13564696803117626,0.030143770673594722,0.02098638091378339,127,0.8819444444444444,2946,48043070,0.008160831483923936,NaN
17191,0.13564696803117626,0.030143770673594722,0.020985014252837986,127,0.8819444444444444,2946,48072530,0.008160831483923936,NaN
17201,0.13564696803117626,0.030143770673594722,0.02098365577284291,127,0.8819444444444444,2946,48101990,0.008160831483923936,NaN
17211,0.13564696803117626,0.030143770673594722,0.020982305544910942,127,0.8819444444444444,2946,48131450,0.008160831483923936,NaN
17221,0.13564696803117626,0.030143770673594722,0.0209809633843154,127,0.8819444444444444,2946,48160910,0.008160831483923936,NaN
17231,0.13564696803117626,0.030143770673594722,0.020979628829302564,127,0.8819444444444444,2947,48190379,0.008160831483923936,NaN
17241,0.13564696803117626,0.030143770673594722,0.020978302075934735,127,0.8819444444444444,2947,48219849,0.008160831483923936,NaN
17251,0.13564696803117626,0.030143770673594722,0.020976983184759955,127,0.8819444444444444,2947,48249319,0.008160831483923936,NaN
17261,0.13564696803117626,0.030143770673594722,0.020975672089655943,127,0.8819444444444444,2947,48278789,0.008160831483923936,NaN
17271,0.13564696803117626,0.030143770673594722,0.020974368598874752,127,0.8819444444444444,2947,48308259,0.008160831483923936,NaN
17281,0.13564696803117626,0.030143770673594722,0.020973072791648204,127,0.8819444444444444,2947,48337729,0.008160831483923936,NaN
17291,0.13564696803117626,0.030143770673594722,0.02097178443878343,127,0.8819444444444444,2948,48367200,0.008160831483923936,NaN
17301,0.13564696803117626,0.030143770673594722,0.020970503106820564,127,0.8819444444444444,2948,48396680,0.008160831483923936,NaN
17311,0.13564696803117626,0.030143770673594722,0.020969229221819135,127,0.8819444444444444,2948,48426160,0.008160831483923936,NaN
17321,0.13564696803117626,0.030143770673594722,0.020967962628653136,127,0.8819444444444444,2948,48455640,0.008160831483923936,NaN
17331,0.13564696803117626,0.030143770673594722,0.02096670335483964,127,0.8819444444444444,2948,48485120,0.008160831483923936,NaN
17341,0.13564696803117626,0.030143770673594722,0.020965451295840615,127,0.8819444444444444,2948,48514600,0.008160831483923936,NaN
17351,0.13564696803117626,0.030143770673594722,0.02096420637560923,127,0.8819444444444444,2948,48544080,0.008160831483923936,NaN
17361,0.13564696803117626,0.030143770673594722,0.02096296825919761,127,0.8819444444444444,2949,48573563,0.008160831483923936,NaN
17371,0.13564696803117626,0.030143770673594722,0.02096173682311274,127,0.8819444444444444,2949,48603053,0.008160831483923936,NaN
17381,0.13564696803117626,0.030143770673594722,0.020960512378515213,127,0.8819444444444444,2949,48632543,0.008160831483923936,NaN
17391,0.13564696803117626,0.030143770673594722,0.020959294727645014,127,0.8819444444444444,2949,48662033,0.008160831483923936,NaN
17401,0.13564696803117626,0.030143770673594722,0.020958083878425453,127,0.8819444444444444,2949,48691523,0.008160831483923936,NaN
17411,0.13564696803117626,0.030143770673594722,0.02095687974984676,127,0.8819444444444444,2949,48721013,0.008160831483923936,NaN
17421,0.13564696803117626,0.030143770673594722,0.02095568228576654,127,0.8819444444444444,2949,48750503,0.008160831483923936,NaN
17431,0.13564696803117626,0.030143770673594722,0.020954491266607797,127,0.8819444444444444,2950,48779998,0.008160831483923936,NaN
17441,0.13564696803117626,0.030143770673594722,0.020953306540199095,127,0.8819444444444444,2950,48809498,0.008160831483923936,NaN
17451,0.13564696803117626,0.030143770673594722,0.020952128288876822,127,0.8819444444444444,2950,48838998,0.008160831483923936,NaN
17461,0.13564696803117626,0.030143770673594722,0.020950956590985045,127,0.8819444444444444,2950,48868498,0.008160831483923936,NaN
17471,0.13564696803117626,0.030143770673594722,0.02094979110861453,127,0.8819444444444444,2950,48897998,0.008160831483923936,NaN
17481,0.13564696803117626,0.030143770673594722,0.02094863194541617,127,0.8819444444444444,2950,48927498,0.008160831483923936,NaN
17491,0.13564696803117626,0.030143770673594722,0.02094747906121703,127,0.8819444444444444,2950,48956998,0.008160831483923936,NaN
17501,0.13564696803117626,0.030143770673594722,0.020946332180741736,127,0.8819444444444444,2951,48986504,0.008160831483923936,NaN
17511,0.13564696803117626,0.030143770673594722,0.02094519130405557,127,0.8819444444444444,2951,49016014,0.008160831483923936,NaN
17521,0.13564696803117626,0.030143770673594722,0.02094405653850134,127,0.8819444444444444,2951,49045524,0.008160831483923936,NaN
17531,0.13564696803117626,0.030143770673594722,0.02094292770839664,127,0.8819444444444444,2951,49075034,0.008160831483923936,NaN
17541,0.13564696803117626,0.030143770673594722,0.020920916848295733,125,0.8680555555555556,2905,49104130,0.008160831483923936,NaN
17551,0.13564696803117626,0.030143770673594722,0.020897562215171733,125,0.8680555555555556,2905,49133180,0.008160831483923936,NaN
17561,0.13564696803117626,0.030143770673594722,0.020875128197799336,125,0.8680555555555556,2905,49162230,0.008160831483923936,NaN
17571,0.13564696803117626,0.030143770673594722,0.0208535265426258,125,0.8680555555555556,2905,49191280,0.008160831483923936,NaN
17581,0.13564696803117626,0.030143770673594722,0.020832731451758766,125,0.8680555555555556,2905,49220330,0.008160831483923936,NaN
17591,0.13564696803117626,0.030143770673594722,0.020812706531340916,125,0.8680555555555556,2905,49249380,0.008160831483923936,NaN
17601,0.13564696803117626,0.030143770673594722,0.020793397211800412,125,0.8680555555555556,2906,49278434,0.008160831483923936,NaN
17611,0.13564696803117626,0.030143770673594722,0.020774757171722637,125,0.8680555555555556,2906,49307494,0.008160831483923936,NaN
17621,0.13564696803117626,0.030143770673594722,0.02075673798841899,125,0.8680555555555556,2906,49336554,0.008160831483923936,NaN
17631,0.13564696803117626,0.030143770673594722,0.020739324206258222,125,0.8680555555555556,2906,49365614,0.008160831483923936,NaN
17641,0.13564696803117626,0.030143770673594722,0.020722488980885814,125,0.8680555555555556,2906,49394674,0.008160831483923936,NaN
17651,0.13564696803117626,0.030143770673594722,0.02070619908328615,125,0.8680555555555556,2906,49423734,0.008160831483923936,NaN
17661,0.13564696803117626,0.030143770673594722,0.02069038642595778,125,0.8680555555555556,2906,49452794,0.008160831483923936,NaN
17671,0.13564696803117626,0.030143770673594722,0.020675047180992098,125,0.8680555555555556,2907,49481857,0.008160831483923936,NaN
17681,0.13564696803117626,0.030143770673594722,0.020660182557580755,125,0.8680555555555556,2907,49510927,0.008160831483923936,NaN
17691,0.13564696803117626,0.030143770673594722,0.020645742756420612,125,0.8680555555555556,2907,49539997,0.008160831483923936,NaN
17701,0.13564696803117626,0.030143770673594722,0.02063171289445414,125,0.8680555555555556,2907,49569067,0.008160831483923936,NaN
17711,0.13564696803117626,0.030143770673594722,0.020618079189758543,125,0.8680555555555556,2907,49598137,0.008160831483923936,NaN
17721,0.13564696803117626,0.030143770673594722,0.02060482770880778,125,0.8680555555555556,2907,49627207,0.008160831483923936,NaN
17731,0.13564696803117626,0.030143770673594722,0.02059193930863446,125,0.8680555555555556,2907,49656277,0.008160831483923936,NaN
17741,0.13564696803117626,0.030143770673594722,0.020579383200237545,125,0.8680555555555556,2908,49685349,0.008160831483923936,NaN
17751,0.13564696803117626,0.030143770673594722,0.020567164963710787,125,0.8680555555555556,2908,49714429,0.008160831483923936,NaN
17761,0.13564696803117626,0.030143770673594722,0.02055525999266368,125,0.8680555555555556,2908,49743509,0.008160831483923936,NaN
17771,0.13564696803117626,0.030143770673594722,0.020543657598096763,125,0.8680555555555556,2908,49772589,0.008160831483923936,NaN
17781,0.13564696803117626,0.030143770673594722,0.020532337257066782,125,0.8680555555555556,2908,49801669,0.008160831483923936,NaN
17791,0.13564696803117626,0.030143770673594722,0.02052128389220414,125,0.8680555555555556,2908,49830749,0.008160831483923936,NaN
17801,0.13564696803117626,0.030143770673594722,0.02051050491682859,125,0.8680555555555556,2908,49859829,0.008160831483923936,NaN
17811,0.13564696803117626,0.030143770673594722,0.020499977442906676,125,0.8680555555555556,2909,49888910,0.008160831483923936,NaN
17821,0.13564696803117626,0.030143770673594722,0.02048968698761944,125,0.8680555555555556,2909,49918000,0.008160831483923936,NaN
17831,0.13564696803117626,0.030143770673594722,0.020479636636325127,125,0.8680555555555556,2909,49947090,0.008160831483923936,NaN
17841,0.13564696803117626,0.030143770673594722,0.020469813945116662,125,0.8680555555555556,2909,49976180,0.008160831483923936,NaN
17851,0.13564696803117626,0.030143770673594722,0.0204602033989283,125,0.8680555555555556,2909,50005270,0.008160831483923936,NaN
17861,0.13564696803117626,0.030143770673594722,0.020450808584757698,125,0.8680555555555556,2909,50034360,0.008160831483923936,NaN
17871,0.13564696803117626,0.030143770673594722,0.020441610633545073,125,0.8680555555555556,2909,50063450,0.008160831483923936,NaN
17881,0.13564696803117626,0.030143770673594722,0.020432618049805493,125,0.8680555555555556,2909,50092540,0.008160831483923936,NaN
17891,0.13564696803117626,0.030143770673594722,0.02042381288045971,125,0.8680555555555556,2910,50121640,0.008160831483923936,NaN
17901,0.13564696803117626,0.030143770673594722,0.020415191408984523,125,0.8680555555555556,2910,50150740,0.008160831483923936,NaN
17911,0.13564696803117626,0.030143770673594722,0.020406736615113046,125,0.8680555555555556,2910,50179840,0.008160831483923936,NaN
17921,0.13564696803117626,0.030143770673594722,0.02039845851561079,125,0.8680555555555556,2910,50208940,0.008160831483923936,NaN
17931,0.13564696803117626,0.030143770673594722,0.02039034536515622,125,0.8680555555555556,2910,50238040,0.008160831483923936,NaN
17941,0.13564696803117626,0.030143770673594722,0.020382386912611534,125,0.8680555555555556,2910,50267140,0.008160831483923936,NaN
17951,0.13564696803117626,0.030143770673594722,0.020374586536923457,125,0.8680555555555556,2910,50296240,0.008160831483923936,NaN
17961,0.13564696803117626,0.030143770673594722,0.02036692113976546,125,0.8680555555555556,2911,50325348,0.008160831483923936,NaN
17971,0.13564696803117626,0.030143770673594722,0.020359408916384058,125,0.8680555555555556,2911,50354458,0.008160831483923936,NaN
17981,0.13564696803117626,0.030143770673594722,0.020352036032300295,125,0.8680555555555556,2911,50383568,0.008160831483923936,NaN
17991,0.13564696803117626,0.030143770673594722,0.020344798890234547,125,0.8680555555555556,2911,50412678,0.008160831483923936,NaN
18001,0.13564696803117626,0.030143770673594722,0.02033768693162753,125,0.8680555555555556,2911,50441788,0.008160831483923936,NaN
18011,0.13564696803117626,0.030143770673594722,0.020330708476455267,125,0.8680555555555556,2911,50470898,0.008160831483923936,NaN
18021,0.13564696803117626,0.030143770673594722,0.020323853364282315,125,0.8680555555555556,2911,50500008,0.008160831483923936,NaN
18031,0.13564696803117626,0.030143770673594722,0.020317113056671613,125,0.8680555555555556,2912,50529124,0.008160831483923936,NaN
18041,0.13564696803117626,0.030143770673594722,0.02031048999232015,125,0.8680555555555556,2912,50558244,0.008160831483923936,NaN
18051,0.13564696803117626,0.030143770673594722,0.020303984890193503,125,0.8680555555555556,2912,50587364,0.008160831483923936,NaN
18061,0.13564696803117626,0.030143770673594722,0.02028610073760804,124,0.8611111111111112,2889,50616323,0.008160831483923936,NaN
18071,0.13564696803117626,0.030143770673594722,0.020264097241456357,124,0.8611111111111112,2889,50645213,0.008160831483923936,NaN
18081,0.13564696803117626,0.030143770673594722,0.020242963713481464,124,0.8611111111111112,2889,50674103,0.008160831483923936,NaN
18091,0.13564696803117626,0.030143770673594722,0.020222645271515,124,0.8611111111111112,2889,50702993,0.008160831483923936,NaN
18101,0.13564696803117626,0.030143770673594722,0.020203088605912013,124,0.8611111111111112,2889,50731883,0.008160831483923936,NaN
18111,0.13564696803117626,0.030143770673594722,0.020184247662259614,124,0.8611111111111112,2889,50760773,0.008160831483923936,NaN
18121,0.13564696803117626,0.030143770673594722,0.0201660791320162,124,0.8611111111111112,2890,50789665,0.008160831483923936,NaN
18131,0.13564696803117626,0.030143770673594722,0.02014853907627896,124,0.8611111111111112,2890,50818565,0.008160831483923936,NaN
18141,0.13564696803117626,0.030143770673594722,0.020131597015511125,124,0.8611111111111112,2890,50847465,0.008160831483923936,NaN
18151,0.13564696803117626,0.030143770673594722,0.020115219433891184,124,0.8611111111111112,2890,50876365,0.008160831483923936,NaN
18161,0.13564696803117626,0.030143770673594722,0.02009937573127725,124,0.8611111111111112,2890,50905265,0.008160831483923936,NaN
18171,0.13564696803117626,0.030143770673594722,0.020084036515257038,124,0.8611111111111112,2890,50934165,0.008160831483923936,NaN
18181,0.13564696803117626,0.030143770673594722,0.020069175014299983,124,0.8611111111111112,2890,50963065,0.008160831483923936,NaN
18191,0.13564696803117626,0.030143770673594722,0.020054768354818134,124,0.8611111111111112,2890,50991965,0.008160831483923936,NaN
18201,0.13564696803117626,0.030143770673594722,0.020040787946684534,124,0.8611111111111112,2891,51020874,0.008160831483923936,NaN
18211,0.13564696803117626,0.030143770673594722,0.02002721779753434,124,0.8611111111111112,2891,51049784,0.008160831483923936,NaN
18221,0.13564696803117626,0.030143770673594722,0.02001403751876836,124,0.8611111111111112,2891,51078694,0.008160831483923936,NaN
18231,0.13564696803117626,0.030143770673594722,0.02000122919092123,124,0.8611111111111112,2891,51107604,0.008160831483923936,NaN
18241,0.13564696803117626,0.030143770673594722,0.019988775842095876,124,0.8611111111111112,2891,51136514,0.008160831483923936,NaN
18251,0.13564696803117626,0.030143770673594722,0.019976660709795122,124,0.8611111111111112,2891,51165424,0.008160831483923936,NaN
18261,0.13564696803117626,0.030143770673594722,0.01996486886391916,124,0.8611111111111112,2891,51194334,0.008160831483923936,NaN
18271,0.13564696803117626,0.030143770673594722,0.019953383673436426,124,0.8611111111111112,2892,51223250,0.008160831483923936,NaN
18281,0.13564696803117626,0.030143770673594722,0.019942193045960226,124,0.8611111111111112,2892,51252170,0.008160831483923936,NaN
18291,0.13564696803117626,0.030143770673594722,0.019931285074455834,124,0.8611111111111112,2892,51281090,0.008160831483923936,NaN
18301,0.13564696803117626,0.030143770673594722,0.019920648769376544,124,0.8611111111111112,2892,51310010,0.008160831483923936,NaN
18311,0.13564696803117626,0.030143770673594722,0.01991027247343326,124,0.8611111111111112,2892,51338930,0.008160831483923936,NaN
18321,0.13564696803117626,0.030143770673594722,0.01990014595490822,124,0.8611111111111112,2892,51367850,0.008160831483923936,NaN
18331,0.13564696803117626,0.030143770673594722,0.01989025931996397,124,0.8611111111111112,2892,51396770,0.008160831483923936,NaN
18341,0.13564696803117626,0.030143770673594722,0.0198806024017279,124,0.8611111111111112,2893,51425692,0.008160831483923936,NaN
18351,0.13564696803117626,0.030143770673594722,0.019871164751625356,124,0.8611111111111112,2893,51454622,0.008160831483923936,NaN
18361,0.13564696803117626,0.030143770673594722,0.019861940365455414,124,0.8611111111111112,2893,51483552,0.008160831483923936,NaN
18371,0.13564696803117626,0.030143770673594722,0.019852921369138753,124,0.8611111111111112,2893,51512482,0.008160831483923936,NaN
18381,0.13564696803117626,0.030143770673594722,0.01984410007515136,124,0.8611111111111112,2893,51541412,0.008160831483923936,NaN
18391,0.13564696803117626,0.030143770673594722,0.01983546917034807,124,0.8611111111111112,2893,51570342,0.008160831483923936,NaN
18401,0.13564696803117626,0.030143770673594722,0.019827022336761882,124,0.8611111111111112,2893,51599272,0.008160831483923936,NaN
18411,0.13564696803117626,0.030143770673594722,0.019818752327330068,124,0.8611111111111112,2893,51628202,0.008160831483923936,NaN
18421,0.13564696803117626,0.030143770673594722,0.019810651269998713,124,0.8611111111111112,2894,51657140,0.008160831483923936,NaN
18431,0.13564696803117626,0.030143770673594722,0.01980271493592387,124,0.8611111111111112,2894,51686080,0.008160831483923936,NaN
18441,0.13564696803117626,0.030143770673594722,0.019794938398765508,124,0.8611111111111112,2894,51715020,0.008160831483923936,NaN
18451,0.13564696803117626,0.030143770673594722,0.019787316280542137,124,0.8611111111111112,2894,51743960,0.008160831483923936,NaN
18461,0.13564696803117626,0.030143770673594722,0.019779843597834093,124,0.8611111111111112,2894,51772900,0.008160831483923936,NaN
18471,0.13564696803117626,0.030143770673594722,0.01977251527645567,124,0.8611111111111112,2894,51801840,0.008160831483923936,NaN
18481,0.13564696803117626,0.030143770673594722,0.01976532700851909,124,0.8611111111111112,2894,51830780,0.008160831483923936,NaN
18491,0.13564696803117626,0.030143770673594722,0.019758273081355113,124,0.8611111111111112,2895,51859723,0.008160831483923936,NaN
18501,0.13564696803117626,0.030143770673594722,0.019751348774512664,124,0.8611111111111112,2895,51888673,0.008160831483923936,NaN
18511,0.13564696803117626,0.030143770673594722,0.019744551588684774,124,0.8611111111111112,2895,51917623,0.008160831483923936,NaN
18521,0.13564696803117626,0.030143770673594722,0.0197378778715845,124,0.8611111111111112,2895,51946573,0.008160831483923936,NaN
18531,0.13564696803117626,0.030143770673594722,0.019731323661101887,124,0.8611111111111112,2895,51975523,0.008160831483923936,NaN
18541,0.13564696803117626,0.030143770673594722,0.019724885367691472,124,0.8611111111111112,2895,52004473,0.008160831483923936,NaN
18551,0.13564696803117626,0.030143770673594722,0.01971855980930696,124,0.8611111111111112,2895,52033423,0.008160831483923936,NaN
18561,0.13564696803117626,0.030143770673594722,0.01971234364010298,124,0.8611111111111112,2895,52062373,0.008160831483923936,NaN
18571,0.13564696803117626,0.030143770673594722,0.019706231805339987,124,0.8611111111111112,2896,52091332,0.008160831483923936,NaN
18581,0.13564696803117626,0.030143770673594722,0.01970022301860569,124,0.8611111111111112,2896,52120292,0.008160831483923936,NaN
18591,0.13564696803117626,0.030143770673594722,0.019694314699394304,124,0.8611111111111112,2896,52149252,0.008160831483923936,NaN
18601,0.13564696803117626,0.030143770673594722,0.01968850382943227,124,0.8611111111111112,2896,52178212,0.008160831483923936,NaN
18611,0.13564696803117626,0.030143770673594722,0.019682787879034744,124,0.8611111111111112,2896,52207172,0.008160831483923936,NaN
18621,0.13564696803117626,0.030143770673594722,0.01967716427750614,124,0.8611111111111112,2896,52236132,0.008160831483923936,NaN
18631,0.13564696803117626,0.030143770673594722,0.01967163041714022,124,0.8611111111111112,2896,52265092,0.008160831483923936,NaN
18641,0.13564696803117626,0.030143770673594722,0.019666183212055124,124,0.8611111111111112,2897,52294056,0.008160831483923936,NaN
18651,0.13564696803117626,0.030143770673594722,0.019660820088342326,124,0.8611111111111112,2897,52323026,0.008160831483923936,NaN
18661,0.13564696803117626,0.030143770673594722,0.019655540160317377,124,0.8611111111111112,2897,52351996,0.008160831483923936,NaN
18671,0.13564696803117626,0.030143770673594722,0.019650341010573245,124,0.8611111111111112,2897,52380966,0.008160831483923936,NaN
18681,0.13564696803117626,0.030143770673594722,0.019645220489198267,124,0.8611111111111112,2897,52409936,0.008160831483923936,NaN
18691,0.13564696803117626,0.030143770673594722,0.01964017683158561,124,0.8611111111111112,2897,52438906,0.008160831483923936,NaN
18701,0.13564696803117626,0.030143770673594722,0.019635207850753685,124,0.8611111111111112,2897,52467876,0.008160831483923936,NaN
18711,0.13564696803117626,0.030143770673594722,0.019630312068848698,124,0.8611111111111112,2897,52496846,0.008160831483923936,NaN
18721,0.13564696803117626,0.030143770673594722,0.01962548603310065,124,0.8611111111111112,2898,52525824,0.008160831483923936,NaN
18731,0.13564696803117626,0.030143770673594722,0.0196207292418026,124,0.8611111111111112,2898,52554804,0.008160831483923936,NaN
18741,0.13564696803117626,0.030143770673594722,0.019616040304322027,124,0.8611111111111112,2898,52583784,0.008160831483923936,NaN
18751,0.13564696803117626,0.030143770673594722,0.019611417638388074,124,0.8611111111111112,2898,52612764,0.008160831483923936,NaN
18761,0.13564696803117626,0.030143770673594722,0.019606859717423736,124,0.8611111111111112,2898,52641744,0.008160831483923936,NaN
18771,0.13564696803117626,0.030143770673594722,0.019602365028912848,124,0.8611111111111112,2898,52670724,0.008160831483923936,NaN
18781,0.13564696803117626,0.030143770673594722,0.01959793211662814,124,0.8611111111111112,2898,52699704,0.008160831483923936,NaN
18791,0.13564696803117626,0.030143770673594722,0.019593558962683985,124,0.8611111111111112,2899,52728687,0.008160831483923936,NaN
18801,0.13564696803117626,0.030143770673594722,0.019589243777330304,124,0.8611111111111112,2899,52757677,0.008160831483923936,NaN
18811,0.13564696803117626,0.030143770673594722,0.019584986334611143,124,0.8611111111111112,2899,52786667,0.008160831483923936,NaN
18821,0.13564696803117626,0.030143770673594722,0.01958078523779736,124,0.8611111111111112,2899,52815657,0.008160831483923936,NaN
18831,0.13564696803117626,0.030143770673594722,0.01957663919622909,124,0.8611111111111112,2899,52844647,0.008160831483923936,NaN
18841,0.13564696803117626,0.030143770673594722,0.01957254701297352,124,0.8611111111111112,2899,52873637,0.008160831483923936,NaN
18851,0.13564696803117626,0.030143770673594722,0.019568507588107333,124,0.8611111111111112,2899,52902627,0.008160831483923936,NaN
18861,0.13564696803117626,0.030143770673594722,0.019564519833868685,124,0.8611111111111112,2899,52931617,0.008160831483923936,NaN
18871,0.13564696803117626,0.030143770673594722,0.019560581748044578,124,0.8611111111111112,2900,52960614,0.008160831483923936,NaN
18881,0.13564696803117626,0.030143770673594722,0.019556692586435512,124,0.8611111111111112,2900,52989614,0.008160831483923936,NaN
18891,0.13564696803117626,0.030143770673594722,0.019552851868238186,124,0.8611111111111112,2900,53018614,0.008160831483923936,NaN
18901,0.13564696803117626,0.030143770673594722,0.019549058574981522,124,0.8611111111111112,2900,53047614,0.008160831483923936,NaN
18911,0.13564696803117626,0.030143770673594722,0.019545311799945862,124,0.8611111111111112,2900,53076614,0.008160831483923936,NaN
18921,0.13564696803117626,0.030143770673594722,0.019541610383549943,124,0.8611111111111112,2900,53105614,0.008160831483923936,NaN
18931,0.13564696803117626,0.030143770673594722,0.01953795361827114,124,0.8611111111111112,2900,53134614,0.008160831483923936,NaN
18941,0.13564696803117626,0.030143770673594722,0.019534340449208727,124,0.8611111111111112,2901,53163615,0.008160831483923936,NaN
18951,0.13564696803117626,0.030143770673594722,0.019530768920872122,124,0.8611111111111112,2901,53192625,0.008160831483923936,NaN
18961,0.13564696803117626,0.030143770673594722,0.019527239429216796,124,0.8611111111111112,2901,53221635,0.008160831483923936,NaN
18971,0.13564696803117626,0.030143770673594722,0.01952375110328941,124,0.8611111111111112,2901,53250645,0.008160831483923936,NaN
18981,0.13564696803117626,0.030143770673594722,0.019520303162990256,124,0.8611111111111112,2901,53279655,0.008160831483923936,NaN
18991,0.13564696803117626,0.030143770673594722,0.01951689483505832,124,0.8611111111111112,2901,53308665,0.008160831483923936,NaN
19001,0.13564696803117626,0.030143770673594722,0.019513525309335946,124,0.8611111111111112,2901,53337675,0.008160831483923936,NaN
19011,0.13564696803117626,0.030143770673594722,0.01951019380813846,124,0.8611111111111112,2901,53366685,0.008160831483923936,NaN
19021,0.13564696803117626,0.030143770673594722,0.019506899155594157,124,0.8611111111111112,2902,53395699,0.008160831483923936,NaN
19031,0.13564696803117626,0.030143770673594722,0.01950364064260603,124,0.8611111111111112,2902,53424719,0.008160831483923936,NaN
19041,0.13564696803117626,0.030143770673594722,0.019500418023735935,124,0.8611111111111112,2902,53453739,0.008160831483923936,NaN
19051,0.13564696803117626,0.030143770673594722,0.0194972307408476,124,0.8611111111111112,2902,53482759,0.008160831483923936,NaN
19061,0.13564696803117626,0.030143770673594722,0.019494078177610695,124,0.8611111111111112,2902,53511779,0.008160831483923936,NaN
19071,0.13564696803117626,0.030143770673594722,0.01949095966978047,124,0.8611111111111112,2902,53540799,0.008160831483923936,NaN
19081,0.13564696803117626,0.030143770673594722,0.019487874621534892,124,0.8611111111111112,2902,53569819,0.008160831483923936,NaN
19091,0.13564696803117626,0.030143770673594722,0.019484822333836558,124,0.8611111111111112,2902,53598839,0.008160831483923936,NaN
19101,0.13564696803117626,0.030143770673594722,0.019481801680068647,124,0.8611111111111112,2903,53627866,0.008160831483923936,NaN
19111,0.13564696803117626,0.030143770673594722,0.019478812375017668,124,0.8611111111111112,2903,53656896,0.008160831483923936,NaN
19121,0.13564696803117626,0.030143770673594722,0.019475854326739275,124,0.8611111111111112,2903,53685926,0.008160831483923936,NaN
19131,0.13564696803117626,0.030143770673594722,0.019472926816454544,124,0.8611111111111112,2903,53714956,0.008160831483923936,NaN
19141,0.13564696803117626,0.030143770673594722,0.01947002928928372,124,0.8611111111111112,2903,53743986,0.008160831483923936,NaN
19151,0.13564696803117626,0.030143770673594722,0.0194671612919998,124,0.8611111111111112,2903,53773016,0.008160831483923936,NaN
19161,0.13564696803117626,0.030143770673594722,0.019464322443535863,124,0.8611111111111112,2903,53802046,0.008160831483923936,NaN
19171,0.13564696803117626,0.030143770673594722,0.019461512064371127,124,0.8611111111111112,2903,53831076,0.008160831483923936,NaN
19181,0.13564696803117626,0.030143770673594722,0.019458728915995576,124,0.8611111111111112,2904,53860116,0.008160831483923936,NaN
19191,0.13564696803117626,0.030143770673594722,0.019455973393089673,124,0.8611111111111112,2904,53889156,0.008160831483923936,NaN
19201,0.13564696803117626,0.030143770673594722,0.019453244931716285,124,0.8611111111111112,2904,53918196,0.008160831483923936,NaN
19211,0.13564696803117626,0.030143770673594722,0.019450543194949536,124,0.8611111111111112,2904,53947236,0.008160831483923936,NaN
19221,0.13564696803117626,0.030143770673594722,0.019447867804857674,124,0.8611111111111112,2904,53976276,0.008160831483923936,NaN
19231,0.13564696803117626,0.030143770673594722,0.019445218134294083,124,0.8611111111111112,2904,54005316,0.008160831483923936,NaN
19241,0.13564696803117626,0.030143770673594722,0.01944259400143911,124,0.8611111111111112,2904,54034356,0.008160831483923936,NaN
19251,0.13564696803117626,0.030143770673594722,0.019439994568482968,124,0.8611111111111112,2905,54063399,0.008160831483923936,NaN
19261,0.13564696803117626,0.030143770673594722,0.01943741912948245,124,0.8611111111111112,2905,54092449,0.008160831483923936,NaN
19271,0.13564696803117626,0.030143770673594722,0.019434868013496306,124,0.8611111111111112,2905,54121499,0.008160831483923936,NaN
19281,0.13564696803117626,0.030143770673594722,0.019432340787690135,124,0.8611111111111112,2905,54150549,0.008160831483923936,NaN
19291,0.13564696803117626,0.030143770673594722,0.019429836990029186,124,0.8611111111111112,2905,54179599,0.008160831483923936,NaN
19301,0.13564696803117626,0.030143770673594722,0.019427356333543696,124,0.8611111111111112,2905,54208649,0.008160831483923936,NaN
19311,0.13564696803117626,0.030143770673594722,0.019424898412214127,124,0.8611111111111112,2905,54237699,0.008160831483923936,NaN
19321,0.13564696803117626,0.030143770673594722,0.019422462965571527,124,0.8611111111111112,2905,54266749,0.008160831483923936,NaN
19331,0.13564696803117626,0.030143770673594722,0.019420049136843656,124,0.8611111111111112,2906,54295804,0.008160831483923936,NaN
19341,0.13564696803117626,0.030143770673594722,0.01941765663697823,124,0.8611111111111112,2906,54324864,0.008160831483923936,NaN
19351,0.13564696803117626,0.030143770673594722,0.019415285558510485,124,0.8611111111111112,2906,54353924,0.008160831483923936,NaN
19361,0.13564696803117626,0.030143770673594722,0.019412935582693594,124,0.8611111111111112,2906,54382984,0.008160831483923936,NaN
19371,0.13564696803117626,0.030143770673594722,0.01941060644083268,124,0.8611111111111112,2906,54412044,0.008160831483923936,NaN
19381,0.13564696803117626,0.030143770673594722,0.01940829778593082,124,0.8611111111111112,2906,54441104,0.008160831483923936,NaN
19391,0.13564696803117626,0.030143770673594722,0.019406009213830833,124,0.8611111111111112,2906,54470164,0.008160831483923936,NaN
19401,0.13564696803117626,0.030143770673594722,0.019403740584981136,124,0.8611111111111112,2906,54499224,0.008160831483923936,NaN
19411,0.13564696803117626,0.030143770673594722,0.019401490982794964,124,0.8611111111111112,2907,54528291,0.008160831483923936,NaN
19421,0.13564696803117626,0.030143770673594722,0.019399260472261447,124,0.8611111111111112,2907,54557361,0.008160831483923936,NaN
19431,0.13564696803117626,0.030143770673594722,0.019397048994459615,124,0.8611111111111112,2907,54586431,0.008160831483923936,NaN
19441,0.13564696803117626,0.030143770673594722,0.019394856318375807,124,0.8611111111111112,2907,54615501,0.008160831483923936,NaN
19451,0.13564696803117626,0.030143770673594722,0.019392682131540398,124,0.8611111111111112,2907,54644571,0.008160831483923936,NaN
19461,0.13564696803117626,0.030143770673594722,0.019390526170757164,124,0.8611111111111112,2907,54673641,0.008160831483923936,NaN
19471,0.13564696803117626,0.030143770673594722,0.01938838816874628,124,0.8611111111111112,2907,54702711,0.008160831483923936,NaN
19481,0.13564696803117626,0.030143770673594722,0.019386267939122053,124,0.8611111111111112,2907,54731781,0.008160831483923936,NaN
19491,0.13564696803117626,0.030143770673594722,0.01938416457378399,124,0.8611111111111112,2908,54760859,0.008160831483923936,NaN
19501,0.13564696803117626,0.030143770673594722,0.019382078362134698,124,0.8611111111111112,2908,54789939,0.008160831483923936,NaN
19511,0.13564696803117626,0.030143770673594722,0.019380009176188158,124,0.8611111111111112,2908,54819019,0.008160831483923936,NaN
19521,0.13564696803117626,0.030143770673594722,0.01937795673109706,124,0.8611111111111112,2908,54848099,0.008160831483923936,NaN
19531,0.13564696803117626,0.030143770673594722,0.019375920843372623,124,0.8611111111111112,2908,54877179,0.008160831483923936,NaN
19541,0.13564696803117626,0.030143770673594722,0.019373901252854334,124,0.8611111111111112,2908,54906259,0.008160831483923936,NaN
19551,0.13564696803117626,0.030143770673594722,0.019371897783509562,124,0.8611111111111112,2908,54935339,0.008160831483923936,NaN
19561,0.13564696803117626,0.030143770673594722,0.019369910194954522,124,0.8611111111111112,2908,54964419,0.008160831483923936,NaN
19571,0.13564696803117626,0.030143770673594722,0.01936793758384088,124,0.8611111111111112,2909,54993509,0.008160831483923936,NaN
19581,0.13564696803117626,0.030143770673594722,0.019365980545751945,124,0.8611111111111112,2909,55022599,0.008160831483923936,NaN
19591,0.13564696803117626,0.030143770673594722,0.01936403875523734,124,0.8611111111111112,2909,55051689,0.008160831483923936,NaN
19601,0.13564696803117626,0.030143770673594722,0.019362111983301095,124,0.8611111111111112,2909,55080779,0.008160831483923936,NaN
19611,0.13564696803117626,0.030143770673594722,0.019360200227169767,124,0.8611111111111112,2909,55109869,0.008160831483923936,NaN
19621,0.13564696803117626,0.030143770673594722,0.019358303141379804,124,0.8611111111111112,2909,55138959,0.008160831483923936,NaN
19631,0.13564696803117626,0.030143770673594722,0.019356420560348135,124,0.8611111111111112,2909,55168049,0.008160831483923936,NaN
19641,0.13564696803117626,0.030143770673594722,0.019354552135408945,124,0.8611111111111112,2910,55197140,0.008160831483923936,NaN
19651,0.13564696803117626,0.030143770673594722,0.019352697295648896,124,0.8611111111111112,2910,55226240,0.008160831483923936,NaN
19661,0.13564696803117626,0.030143770673594722,0.01935085642725034,124,0.8611111111111112,2910,55255340,0.008160831483923936,NaN
19671,0.13564696803117626,0.030143770673594722,0.019349029432642547,124,0.8611111111111112,2910,55284440,0.008160831483923936,NaN
19681,0.13564696803117626,0.030143770673594722,0.01934721599895746,124,0.8611111111111112,2910,55313540,0.008160831483923936,NaN
19691,0.13564696803117626,0.030143770673594722,0.019345415902724337,124,0.8611111111111112,2910,55342640,0.008160831483923936,NaN
19701,0.13564696803117626,0.030143770673594722,0.019343629106362576,124,0.8611111111111112,2910,55371740,0.008160831483923936,NaN
19711,0.13564696803117626,0.030143770673594722,0.019341855509546035,124,0.8611111111111112,2910,55400840,0.008160831483923936,NaN
19721,0.13564696803117626,0.030143770673594722,0.019340094746402026,124,0.8611111111111112,2911,55429941,0.008160831483923936,NaN
19731,0.13564696803117626,0.030143770673594722,0.019338346236470783,124,0.8611111111111112,2911,55459051,0.008160831483923936,NaN
19741,0.13564696803117626,0.030143770673594722,0.019336610389756186,124,0.8611111111111112,2911,55488161,0.008160831483923936,NaN
19751,0.13564696803117626,0.030143770673594722,0.01933488702821673,124,0.8611111111111112,2911,55517271,0.008160831483923936,NaN
19761,0.13564696803117626,0.030143770673594722,0.019333175920503307,124,0.8611111111111112,2911,55546381,0.008160831483923936,NaN
19771,0.13564696803117626,0.030143770673594722,0.019331477022571528,124,0.8611111111111112,2911,55575491,0.008160831483923936,NaN
19781,0.13564696803117626,0.030143770673594722,0.019329790238293898,124,0.8611111111111112,2911,55604601,0.008160831483923936,NaN
19791,0.13564696803117626,0.030143770673594722,0.019328115341631265,124,0.8611111111111112,2911,55633711,0.008160831483923936,NaN
19801,0.13564696803117626,0.030143770673594722,0.019326452092690502,124,0.8611111111111112,2912,55662822,0.008160831483923936,NaN
19811,0.13564696803117626,0.030143770673594722,0.019324800072383956,124,0.8611111111111112,2912,55691942,0.008160831483923936,NaN
19821,0.13564696803117626,0.030143770673594722,0.019323159393427325,124,0.8611111111111112,2912,55721062,0.008160831483923936,NaN
19831,0.13564696803117626,0.030143770673594722,0.019321530083725932,124,0.8611111111111112,2912,55750182,0.008160831483923936,NaN
19841,0.13564696803117626,0.030143770673594722,0.01931991211681763,124,0.8611111111111112,2912,55779302,0.008160831483923936,NaN
19851,0.13564696803117626,0.030143770673594722,0.01931830513453307,124,0.8611111111111112,2912,55808422,0.008160831483923936,NaN
19861,0.13564696803117626,0.030143770673594722,0.01931670906624484,124,0.8611111111111112,2912,55837542,0.008160831483923936,NaN
19871,0.13564696803117626,0.030143770673594722,0.01931512391385248,124,0.8611111111111112,2912,55866662,0.008160831483923936,NaN
19881,0.13564696803117626,0.030143770673594722,0.019313549462028783,124,0.8611111111111112,2913,55895783,0.008160831483923936,NaN
19891,0.13564696803117626,0.030143770673594722,0.019311985088884428,124,0.8611111111111112,2913,55924913,0.008160831483923936,NaN
19901,0.13564696803117626,0.030143770673594722,0.019310431211592604,124,0.8611111111111112,2913,55954043,0.008160831483923936,NaN
19911,0.13564696803117626,0.030143770673594722,0.019308887630301586,124,0.8611111111111112,2913,55983173,0.008160831483923936,NaN
19921,0.13564696803117626,0.030143770673594722,0.019307354368834163,124,0.8611111111111112,2913,56012303,0.008160831483923936,NaN
19931,0.13564696803117626,0.030143770673594722,0.01930583113794414,124,0.8611111111111112,2913,56041433,0.008160831483923936,NaN
19941,0.13564696803117626,0.030143770673594722,0.019304317954447182,124,0.8611111111111112,2913,56070563,0.008160831483923936,NaN
19951,0.13564696803117626,0.030143770673594722,0.019302814728601944,124,0.8611111111111112,2913,56099693,0.008160831483923936,NaN
19961,0.13564696803117626,0.030143770673594722,0.019301321231702553,124,0.8611111111111112,2914,56128824,0.008160831483923936,NaN
19971,0.13564696803117626,0.030143770673594722,0.019299836932946915,124,0.8611111111111112,2914,56157964,0.008160831483923936,NaN
19981,0.13564696803117626,0.030143770673594722,0.019298362230059082,124,0.8611111111111112,2914,56187104,0.008160831483923936,NaN
19991,0.13564696803117626,0.030143770673594722,0.0192968970583445,124,0.8611111111111112,2914,56216244,0.008160831483923936,NaN
20001,0.13564696803117626,0.030143770673594722,0.019295441244205427,124,0.8611111111111112,2914,56245384,0.008160831483923936,NaN
20011,0.13564696803117626,0.030143770673594722,0.01929399469775523,124,0.8611111111111112,2914,56274524,0.008160831483923936,NaN
20021,0.13564696803117626,0.030143770673594722,0.01929255724839588,124,0.8611111111111112,2914,56303664,0.008160831483923936,NaN
20031,0.13564696803117626,0.030143770673594722,0.01929112903289115,124,0.8611111111111112,2914,56332804,0.008160831483923936,NaN
20041,0.13564696803117626,0.030143770673594722,0.019289709777155342,124,0.8611111111111112,2915,56361945,0.008160831483923936,NaN
20051,0.13564696803117626,0.030143770673594722,0.01928829897125815,124,0.8611111111111112,2915,56391095,0.008160831483923936,NaN
20061,0.13564696803117626,0.030143770673594722,0.019286896917848587,124,0.8611111111111112,2915,56420245,0.008160831483923936,NaN
20071,0.13564696803117626,0.030143770673594722,0.019285503540724308,124,0.8611111111111112,2915,56449395,0.008160831483923936,NaN
20081,0.13564696803117626,0.030143770673594722,0.019284118836294693,124,0.8611111111111112,2915,56478545,0.008160831483923936,NaN
20091,0.13564696803117626,0.030143770673594722,0.019282742602499597,124,0.8611111111111112,2915,56507695,0.008160831483923936,NaN
20101,0.13564696803117626,0.030143770673594722,0.019281374901376793,124,0.8611111111111112,2915,56536845,0.008160831483923936,NaN
20111,0.13564696803117626,0.030143770673594722,0.019280015457338272,124,0.8611111111111112,2915,56565995,0.008160831483923936,NaN
20121,0.13564696803117626,0.030143770673594722,0.019278664314350116,124,0.8611111111111112,2915,56595145,0.008160831483923936,NaN
20131,0.13564696803117626,0.030143770673594722,0.019277320995399094,124,0.8611111111111112,2916,56624305,0.008160831483923936,NaN
20141,0.13564696803117626,0.030143770673594722,0.019275985708078612,124,0.8611111111111112,2916,56653465,0.008160831483923936,NaN
20151,0.13564696803117626,0.030143770673594722,0.019274658439766446,124,0.8611111111111112,2916,56682625,0.008160831483923936,NaN
20161,0.13564696803117626,0.030143770673594722,0.019273339140938303,124,0.8611111111111112,2916,56711785,0.008160831483923936,NaN
20171,0.13564696803117626,0.030143770673594722,0.01927202768810549,124,0.8611111111111112,2916,56740945,0.008160831483923936,NaN
20181,0.13564696803117626,0.030143770673594722,0.0192707240255109,124,0.8611111111111112,2916,56770105,0.008160831483923936,NaN
20191,0.13564696803117626,0.030143770673594722,0.019269428040942567,124,0.8611111111111112,2916,56799265,0.008160831483923936,NaN
20201,0.13564696803117626,0.030143770673594722,0.019268139712436013,124,0.8611111111111112,2916,56828425,0.008160831483923936,NaN
20211,0.13564696803117626,0.030143770673594722,0.019266858545160387,124,0.8611111111111112,2917,56857593,0.008160831483923936,NaN
20221,0.13564696803117626,0.030143770673594722,0.01926558481691488,124,0.8611111111111112,2917,56886763,0.008160831483923936,NaN
20231,0.13564696803117626,0.030143770673594722,0.01926431851169326,124,0.8611111111111112,2917,56915933,0.008160831483923936,NaN
20241,0.13564696803117626,0.030143770673594722,0.019263059558324094,124,0.8611111111111112,2917,56945103,0.008160831483923936,NaN
20251,0.13564696803117626,0.030143770673594722,0.01926180786628183,124,0.8611111111111112,2917,56974273,0.008160831483923936,NaN
20261,0.13564696803117626,0.030143770673594722,0.019260563350933953,124,0.8611111111111112,2917,57003443,0.008160831483923936,NaN
20271,0.13564696803117626,0.030143770673594722,0.019259325904061653,124,0.8611111111111112,2917,57032613,0.008160831483923936,NaN
20281,0.13564696803117626,0.030143770673594722,0.019258095573937914,124,0.8611111111111112,2917,57061783,0.008160831483923936,NaN
20291,0.13564696803117626,0.030143770673594722,0.019256871846530466,124,0.8611111111111112,2918,57090960,0.008160831483923936,NaN
20301,0.13564696803117626,0.030143770673594722,0.019255655067684795,124,0.8611111111111112,2918,57120140,0.008160831483923936,NaN
20311,0.13564696803117626,0.030143770673594722,0.01925444509286991,124,0.8611111111111112,2918,57149320,0.008160831483923936,NaN
20321,0.13564696803117626,0.030143770673594722,0.019253241870863833,124,0.8611111111111112,2918,57178500,0.008160831483923936,NaN
20331,0.13564696803117626,0.030143770673594722,0.019252045449804377,124,0.8611111111111112,2918,57207680,0.008160831483923936,NaN
20341,0.13564696803117626,0.030143770673594722,0.019250855652701765,124,0.8611111111111112,2918,57236860,0.008160831483923936,NaN
20351,0.13564696803117626,0.030143770673594722,0.01924967251453942,124,0.8611111111111112,2918,57266040,0.008160831483923936,NaN
20361,0.13564696803117626,0.030143770673594722,0.019248495889694274,124,0.8611111111111112,2918,57295220,0.008160831483923936,NaN
20371,0.13564696803117626,0.030143770673594722,0.01924732557090331,124,0.8611111111111112,2919,57324405,0.008160831483923936,NaN
20381,0.13564696803117626,0.030143770673594722,0.019246161395764832,124,0.8611111111111112,2919,57353595,0.008160831483923936,NaN
20391,0.13564696803117626,0.030143770673594722,0.019245003621876942,124,0.8611111111111112,2919,57382785,0.008160831483923936,NaN
20401,0.13564696803117626,0.030143770673594722,0.019243852193990444,124,0.8611111111111112,2919,57411975,0.008160831483923936,NaN
20411,0.13564696803117626,0.030143770673594722,0.01924270700417178,124,0.8611111111111112,2919,57441165,0.008160831483923936,NaN
20421,0.13564696803117626,0.030143770673594722,0.0192415680241504,124,0.8611111111111112,2919,57470355,0.008160831483923936,NaN
20431,0.13564696803117626,0.030143770673594722,0.019240435177131778,124,0.8611111111111112,2919,57499545,0.008160831483923936,NaN
20441,0.13564696803117626,0.030143770673594722,0.019239308436064088,124,0.8611111111111112,2919,57528735,0.008160831483923936,NaN
20451,0.13564696803117626,0.030143770673594722,0.019238187606586948,124,0.8611111111111112,2920,57557927,0.008160831483923936,NaN
20461,0.13564696803117626,0.030143770673594722,0.019237072455383895,124,0.8611111111111112,2920,57587127,0.008160831483923936,NaN
20471,0.13564696803117626,0.030143770673594722,0.019235963210568537,124,0.8611111111111112,2920,57616327,0.008160831483923936,NaN
20481,0.13564696803117626,0.030143770673594722,0.01923485984465772,124,0.8611111111111112,2920,57645527,0.008160831483923936,NaN
20491,0.13564696803117626,0.030143770673594722,0.019233762331400613,123,0.8541666666666666,2920,57674727,0.008160831483923936,NaN
20501,0.13542255792175756,0.03009390176039057,0.01921108664910177,123,0.8541666666666666,2897,57703694,0.008160831483923936,NaN
20511,0.13542255792175756,0.03009390176039057,0.019189324080008202,123,0.8541666666666666,2897,57732664,0.008160831483923936,NaN
20521,0.13542255792175756,0.03009390176039057,0.019168417856787516,123,0.8541666666666666,2897,57761634,0.008160831483923936,NaN
20531,0.13542255792175756,0.03009390176039057,0.01914831181447335,123,0.8541666666666666,2897,57790604,0.008160831483923936,NaN
20541,0.13542255792175756,0.03009390176039057,0.019128956267472172,123,0.8541666666666666,2897,57819574,0.008160831483923936,NaN
20551,0.13542255792175756,0.03009390176039057,0.019110305354617118,123,0.8541666666666666,2897,57848544,0.008160831483923936,NaN
20561,0.13542255792175756,0.03009390176039057,0.019092317703411018,123,0.8541666666666666,2897,57877514,0.008160831483923936,NaN
20571,0.13542255792175756,0.03009390176039057,0.019074954706049165,123,0.8541666666666666,2897,57906484,0.008160831483923936,NaN
20581,0.13542255792175756,0.03009390176039057,0.019058177927311924,123,0.8541666666666666,2898,57935458,0.008160831483923936,NaN
20591,0.13542255792175756,0.03009390176039057,0.019041954156289027,123,0.8541666666666666,2898,57964438,0.008160831483923936,NaN
20601,0.13542255792175756,0.03009390176039057,0.019026256112240608,123,0.8541666666666666,2898,57993418,0.008160831483923936,NaN
20611,0.13542255792175756,0.03009390176039057,0.019011056211405444,123,0.8541666666666666,2898,58022398,0.008160831483923936,NaN
20621,0.13542255792175756,0.03009390176039057,0.01899632874736403,123,0.8541666666666666,2898,58051378,0.008160831483923936,NaN
20631,0.13542255792175756,0.03009390176039057,0.018982048947283232,123,0.8541666666666666,2898,58080358,0.008160831483923936,NaN
20641,0.13542255792175756,0.03009390176039057,0.01896819487968078,123,0.8541666666666666,2898,58109338,0.008160831483923936,NaN
20651,0.13542255792175756,0.03009390176039057,0.01895474542555404,123,0.8541666666666666,2898,58138318,0.008160831483923936,NaN
20661,0.13542255792175756,0.03009390176039057,0.018941681390982096,123,0.8541666666666666,2898,58167298,0.008160831483923936,NaN
20671,0.13542255792175756,0.03009390176039057,0.018928979967946395,123,0.8541666666666666,2899,58196288,0.008160831483923936,NaN
20681,0.13542255792175756,0.03009390176039057,0.01891662921431941,123,0.8541666666666666,2899,58225278,0.008160831483923936,NaN
20691,0.13542255792175756,0.03009390176039057,0.018904612724039746,123,0.8541666666666666,2899,58254268,0.008160831483923936,NaN
20701,0.13542255792175756,0.03009390176039057,0.018892916135727064,123,0.8541666666666666,2899,58283258,0.008160831483923936,NaN
20711,0.13542255792175756,0.03009390176039057,0.01888152483378583,123,0.8541666666666666,2899,58312248,0.008160831483923936,NaN
20721,0.13542255792175756,0.03009390176039057,0.018870425769368655,123,0.8541666666666666,2899,58341238,0.008160831483923936,NaN
20731,0.13542255792175756,0.03009390176039057,0.018859606635363735,123,0.8541666666666666,2899,58370228,0.008160831483923936,NaN
20741,0.13542255792175756,0.03009390176039057,0.018849055768530545,123,0.8541666666666666,2899,58399218,0.008160831483923936,NaN
20751,0.13542255792175756,0.03009390176039057,0.0188387600493555,123,0.8541666666666666,2900,58428214,0.008160831483923936,NaN
20761,0.13542255792175756,0.03009390176039057,0.018828710425798124,123,0.8541666666666666,2900,58457214,0.008160831483923936,NaN
20771,0.13542255792175756,0.03009390176039057,0.018818897981464973,123,0.8541666666666666,2900,58486214,0.008160831483923936,NaN
20781,0.13542255792175756,0.03009390176039057,0.018809313527260854,123,0.8541666666666666,2900,58515214,0.008160831483923936,NaN
20791,0.13542255792175756,0.03009390176039057,0.01879994822000772,123,0.8541666666666666,2900,58544214,0.008160831483923936,NaN
20801,0.13542255792175756,0.03009390176039057,0.01879079417690477,123,0.8541666666666666,2900,58573214,0.008160831483923936,NaN
20811,0.13542255792175756,0.03009390176039057,0.018781842925253246,123,0.8541666666666666,2900,58602214,0.008160831483923936,NaN
20821,0.13542255792175756,0.03009390176039057,0.018773087729307327,123,0.8541666666666666,2900,58631214,0.008160831483923936,NaN
20831,0.13542255792175756,0.03009390176039057,0.018764520631760453,123,0.8541666666666666,2901,58660215,0.008160831483923936,NaN
20841,0.13542255792175756,0.03009390176039057,0.01875613271183095,123,0.8541666666666666,2901,58689225,0.008160831483923936,NaN
20851,0.13542255792175756,0.03009390176039057,0.01874792067529113,123,0.8541666666666666,2901,58718235,0.008160831483923936,NaN
20861,0.13542255792175756,0.03009390176039057,0.01873987795335388,123,0.8541666666666666,2901,58747245,0.008160831483923936,NaN
20871,0.13542255792175756,0.03009390176039057,0.018731999053044283,123,0.8541666666666666,2901,58776255,0.008160831483923936,NaN
20881,0.13542255792175756,0.03009390176039057,0.018724278036695952,123,0.8541666666666666,2901,58805265,0.008160831483923936,NaN
20891,0.13542255792175756,0.03009390176039057,0.018716710218101548,123,0.8541666666666666,2901,58834275,0.008160831483923936,NaN
20901,0.13542255792175756,0.03009390176039057,0.018709290129361372,123,0.8541666666666666,2901,58863285,0.008160831483923936,NaN
20911,0.13542255792175756,0.03009390176039057,0.018702013416689284,123,0.8541666666666666,2901,58892295,0.008160831483923936,NaN
20921,0.13542255792175756,0.03009390176039057,0.01869487357017846,123,0.8541666666666666,2902,58921312,0.008160831483923936,NaN
20931,0.13542255792175756,0.03009390176039057,0.018687866957655043,123,0.8541666666666666,2902,58950332,0.008160831483923936,NaN
20941,0.13542255792175756,0.03009390176039057,0.018680990519572234,123,0.8541666666666666,2902,58979352,0.008160831483923936,NaN
20951,0.13542255792175756,0.03009390176039057,0.018674240215223008,123,0.8541666666666666,2902,59008372,0.008160831483923936,NaN
20961,0.13542255792175756,0.03009390176039057,0.018667611908868738,123,0.8541666666666666,2902,59037392,0.008160831483923936,NaN
20971,0.13542255792175756,0.03009390176039057,0.01866110216166857,123,0.8541666666666666,2902,59066412,0.008160831483923936,NaN
20981,0.13542255792175756,0.03009390176039057,0.01865470747210205,123,0.8541666666666666,2902,59095432,0.008160831483923936,NaN
20991,0.13542255792175756,0.03009390176039057,0.018648424668440078,123,0.8541666666666666,2902,59124452,0.008160831483923936,NaN
21001,0.13542255792175756,0.03009390176039057,0.018642249830236032,123,0.8541666666666666,2903,59153473,0.008160831483923936,NaN
21011,0.13542255792175756,0.03009390176039057,0.01863617868648422,123,0.8541666666666666,2903,59182503,0.008160831483923936,NaN
21021,0.13542255792175756,0.03009390176039057,0.018630209694701763,123,0.8541666666666666,2903,59211533,0.008160831483923936,NaN
21031,0.13542255792175756,0.03009390176039057,0.018624340278551862,123,0.8541666666666666,2903,59240563,0.008160831483923936,NaN
21041,0.13542255792175756,0.03009390176039057,0.018618567842890517,123,0.8541666666666666,2903,59269593,0.008160831483923936,NaN
21051,0.13542255792175756,0.03009390176039057,0.01861288957232127,123,0.8541666666666666,2903,59298623,0.008160831483923936,NaN
21061,0.13542255792175756,0.03009390176039057,0.018607302553263535,123,0.8541666666666666,2903,59327653,0.008160831483923936,NaN
21071,0.13542255792175756,0.03009390176039057,0.018601804613977133,123,0.8541666666666666,2903,59356683,0.008160831483923936,NaN
21081,0.13542255792175756,0.03009390176039057,0.01859639335915989,123,0.8541666666666666,2903,59385713,0.008160831483923936,NaN
21091,0.13542255792175756,0.03009390176039057,0.018591065748636827,123,0.8541666666666666,2904,59414749,0.008160831483923936,NaN
21101,0.13542255792175756,0.03009390176039057,0.018585819441339607,123,0.8541666666666666,2904,59443789,0.008160831483923936,NaN
21111,0.13542255792175756,0.03009390176039057,0.018580653384385314,123,0.8541666666666666,2904,59472829,0.008160831483923936,NaN
21121,0.13542255792175756,0.03009390176039057,0.018575565610744024,123,0.8541666666666666,2904,59501869,0.008160831483923936,NaN
21131,0.13542255792175756,0.03009390176039057,0.01857055403186379,123,0.8541666666666666,2904,59530909,0.008160831483923936,NaN
21141,0.13542255792175756,0.03009390176039057,0.018565616696052115,123,0.8541666666666666,2904,59559949,0.008160831483923936,NaN
21151,0.13542255792175756,0.03009390176039057,0.018560751770346214,123,0.8541666666666666,2904,59588989,0.008160831483923936,NaN
21161,0.13542255792175756,0.03009390176039057,0.0185559575923686,123,0.8541666666666666,2904,59618029,0.008160831483923936,NaN
21171,0.13542255792175756,0.03009390176039057,0.018551232407423207,123,0.8541666666666666,2904,59647069,0.008160831483923936,NaN
21181,0.13542255792175756,0.03009390176039057,0.018546572958323737,123,0.8541666666666666,2905,59676119,0.008160831483923936,NaN
21191,0.13542255792175756,0.03009390176039057,0.018541979310135064,123,0.8541666666666666,2905,59705169,0.008160831483923936,NaN
21201,0.13542255792175756,0.03009390176039057,0.018537450084419274,123,0.8541666666666666,2905,59734219,0.008160831483923936,NaN
21211,0.13542255792175756,0.03009390176039057,0.018532983510443055,123,0.8541666666666666,2905,59763269,0.008160831483923936,NaN
21221,0.13542255792175756,0.03009390176039057,0.01852857828936558,123,0.8541666666666666,2905,59792319,0.008160831483923936,NaN
21231,0.13542255792175756,0.03009390176039057,0.018524232804331648,123,0.8541666666666666,2905,59821369,0.008160831483923936,NaN
21241,0.13542255792175756,0.03009390176039057,0.018519945861866602,123,0.8541666666666666,2905,59850419,0.008160831483923936,NaN
21251,0.13542255792175756,0.03009390176039057,0.018515716083165247,123,0.8541666666666666,2905,59879469,0.008160831483923936,NaN
21261,0.13542255792175756,0.03009390176039057,0.018511541780056266,123,0.8541666666666666,2906,59908523,0.008160831483923936,NaN
21271,0.13542255792175756,0.03009390176039057,0.018507421411978656,123,0.8541666666666666,2906,59937583,0.008160831483923936,NaN
21281,0.13542255792175756,0.03009390176039057,0.018503354552576456,123,0.8541666666666666,2906,59966643,0.008160831483923936,NaN
21291,0.13542255792175756,0.03009390176039057,0.01849933995936144,123,0.8541666666666666,2906,59995703,0.008160831483923936,NaN
21301,0.13542255792175756,0.03009390176039057,0.018495376663324917,123,0.8541666666666666,2906,60024763,0.008160831483923936,NaN
21311,0.13542255792175756,0.03009390176039057,0.018491463637962016,123,0.8541666666666666,2906,60053823,0.008160831483923936,NaN
21321,0.13542255792175756,0.03009390176039057,0.01848759954264651,123,0.8541666666666666,2906,60082883,0.008160831483923936,NaN
21331,0.13542255792175756,0.03009390176039057,0.018483783639000037,123,0.8541666666666666,2906,60111943,0.008160831483923936,NaN
21341,0.13542255792175756,0.03009390176039057,0.018480014972148757,123,0.8541666666666666,2906,60141003,0.008160831483923936,NaN
21351,0.13542255792175756,0.03009390176039057,0.018476291440945727,123,0.8541666666666666,2907,60170070,0.008160831483923936,NaN
21361,0.13542255792175756,0.03009390176039057,0.01847261261910201,123,0.8541666666666666,2907,60199140,0.008160831483923936,NaN
21371,0.13542255792175756,0.03009390176039057,0.018468978098409635,123,0.8541666666666666,2907,60228210,0.008160831483923936,NaN
21381,0.13542255792175756,0.03009390176039057,0.018465387065893235,123,0.8541666666666666,2907,60257280,0.008160831483923936,NaN
21391,0.13542255792175756,0.03009390176039057,0.0184618385626477,123,0.8541666666666666,2907,60286350,0.008160831483923936,NaN
21401,0.13542255792175756,0.03009390176039057,0.018458331681133183,123,0.8541666666666666,2907,60315420,0.008160831483923936,NaN
21411,0.13542255792175756,0.03009390176039057,0.018454865759545656,123,0.8541666666666666,2907,60344490,0.008160831483923936,NaN
21421,0.13542255792175756,0.03009390176039057,0.018451439838977284,123,0.8541666666666666,2907,60373560,0.008160831483923936,NaN
21431,0.13542255792175756,0.03009390176039057,0.018448053138673867,123,0.8541666666666666,2907,60402630,0.008160831483923936,NaN
21441,0.13542255792175756,0.03009390176039057,0.01844470391340215,123,0.8541666666666666,2908,60431710,0.008160831483923936,NaN
21451,0.13542255792175756,0.03009390176039057,0.018441392599830634,123,0.8541666666666666,2908,60460790,0.008160831483923936,NaN
21461,0.13542255792175756,0.03009390176039057,0.01843811849702369,123,0.8541666666666666,2908,60489870,0.008160831483923936,NaN
21471,0.13542255792175756,0.03009390176039057,0.01843488075710081,123,0.8541666666666666,2908,60518950,0.008160831483923936,NaN
21481,0.13542255792175756,0.03009390176039057,0.018431678679080243,123,0.8541666666666666,2908,60548030,0.008160831483923936,NaN
21491,0.13542255792175756,0.03009390176039057,0.01842851177644462,123,0.8541666666666666,2908,60577110,0.008160831483923936,NaN
21501,0.13542255792175756,0.03009390176039057,0.01842537928364011,123,0.8541666666666666,2908,60606190,0.008160831483923936,NaN
21511,0.13542255792175756,0.03009390176039057,0.018422280618744114,123,0.8541666666666666,2908,60635270,0.008160831483923936,NaN
21521,0.13542255792175756,0.03009390176039057,0.01841921492108357,123,0.8541666666666666,2909,60664353,0.008160831483923936,NaN
21531,0.13542255792175756,0.03009390176039057,0.018416181036366486,123,0.8541666666666666,2909,60693443,0.008160831483923936,NaN
21541,0.13542255792175756,0.03009390176039057,0.01841317931294839,123,0.8541666666666666,2909,60722533,0.008160831483923936,NaN
21551,0.13542255792175756,0.03009390176039057,0.018410209090783378,123,0.8541666666666666,2909,60751623,0.008160831483923936,NaN
21561,0.13542255792175756,0.03009390176039057,0.018407269755428005,123,0.8541666666666666,2909,60780713,0.008160831483923936,NaN
21571,0.13542255792175756,0.03009390176039057,0.018404360863093126,123,0.8541666666666666,2909,60809803,0.008160831483923936,NaN
21581,0.13542255792175756,0.03009390176039057,0.018401481881122495,123,0.8541666666666666,2909,60838893,0.008160831483923936,NaN
21591,0.13542255792175756,0.03009390176039057,0.018398632216363186,123,0.8541666666666666,2909,60867983,0.008160831483923936,NaN
21601,0.13542255792175756,0.03009390176039057,0.018395811396746783,123,0.8541666666666666,2909,60897073,0.008160831483923936,NaN
21611,0.13542255792175756,0.03009390176039057,0.018393018485570928,123,0.8541666666666666,2910,60926168,0.008160831483923936,NaN
21621,0.13542255792175756,0.03009390176039057,0.0183902530864489,123,0.8541666666666666,2910,60955268,0.008160831483923936,NaN
21631,0.13542255792175756,0.03009390176039057,0.01838751506876264,123,0.8541666666666666,2910,60984368,0.008160831483923936,NaN
21641,0.13542255792175756,0.03009390176039057,0.018384804172951484,123,0.8541666666666666,2910,61013468,0.008160831483923936,NaN
21651,0.13542255792175756,0.03009390176039057,0.018382119701384828,123,0.8541666666666666,2910,61042568,0.008160831483923936,NaN
21661,0.13542255792175756,0.03009390176039057,0.01837946137729126,123,0.8541666666666666,2910,61071668,0.008160831483923936,NaN
21671,0.13542255792175756,0.03009390176039057,0.018376828749793503,123,0.8541666666666666,2910,61100768,0.008160831483923936,NaN
21681,0.13542255792175756,0.03009390176039057,0.01837422132248985,123,0.8541666666666666,2910,61129868,0.008160831483923936,NaN
21691,0.13542255792175756,0.03009390176039057,0.01837163880452286,123,0.8541666666666666,2910,61158968,0.008160831483923936,NaN
21701,0.13542255792175756,0.03009390176039057,0.01836908024176194,123,0.8541666666666666,2911,61188075,0.008160831483923936,NaN
21711,0.13542255792175756,0.03009390176039057,0.018366545432643395,123,0.8541666666666666,2911,61217185,0.008160831483923936,NaN
21721,0.13542255792175756,0.03009390176039057,0.018364034346352053,123,0.8541666666666666,2911,61246295,0.008160831483923936,NaN
21731,0.13542255792175756,0.03009390176039057,0.018361546524883407,123,0.8541666666666666,2911,61275405,0.008160831483923936,NaN
21741,0.13542255792175756,0.03009390176039057,0.018359081726620128,123,0.8541666666666666,2911,61304515,0.008160831483923936,NaN
21751,0.13542255792175756,0.03009390176039057,0.018356639656051353,123,0.8541666666666666,2911,61333625,0.008160831483923936,NaN
21761,0.13542255792175756,0.03009390176039057,0.01835421977140086,123,0.8541666666666666,2911,61362735,0.008160831483923936,NaN
21771,0.13542255792175756,0.03009390176039057,0.018351821878485976,123,0.8541666666666666,2911,61391845,0.008160831483923936,NaN
21781,0.13542255792175756,0.03009390176039057,0.018349445563083138,123,0.8541666666666666,2911,61420955,0.008160831483923936,NaN
21791,0.13542255792175756,0.03009390176039057,0.01834708981437848,123,0.8541666666666666,2912,61450074,0.008160831483923936,NaN
21801,0.13542255792175756,0.03009390176039057,0.018344755051416764,123,0.8541666666666666,2912,61479194,0.008160831483923936,NaN
21811,0.13542255792175756,0.03009390176039057,0.018342440871570626,123,0.8541666666666666,2912,61508314,0.008160831483923936,NaN
21821,0.13542255792175756,0.03009390176039057,0.018340147087085805,123,0.8541666666666666,2912,61537434,0.008160831483923936,NaN
21831,0.13542255792175756,0.03009390176039057,0.01833787333865576,123,0.8541666666666666,2912,61566554,0.008160831483923936,NaN
21841,0.13542255792175756,0.03009390176039057,0.01833561941900485,123,0.8541666666666666,2912,61595674,0.008160831483923936,NaN
21851,0.13542255792175756,0.03009390176039057,0.018333384897266925,123,0.8541666666666666,2912,61624794,0.008160831483923936,NaN
21861,0.13542255792175756,0.03009390176039057,0.01833116957010657,123,0.8541666666666666,2912,61653914,0.008160831483923936,NaN
21871,0.13542255792175756,0.03009390176039057,0.01832897313580423,123,0.8541666666666666,2912,61683034,0.008160831483923936,NaN
21881,0.13542255792175756,0.03009390176039057,0.018326794649584602,123,0.8541666666666666,2913,61712164,0.008160831483923936,NaN
21891,0.13542255792175756,0.03009390176039057,0.0183246345634172,123,0.8541666666666666,2913,61741294,0.008160831483923936,NaN
21901,0.13542255792175756,0.03009390176039057,0.01832249261126747,123,0.8541666666666666,2913,61770424,0.008160831483923936,NaN
21911,0.13542255792175756,0.03009390176039057,0.018320368530209498,123,0.8541666666666666,2913,61799554,0.008160831483923936,NaN
21921,0.13542255792175756,0.03009390176039057,0.018318262059558003,123,0.8541666666666666,2913,61828684,0.008160831483923936,NaN
21931,0.13542255792175756,0.03009390176039057,0.0183161730092072,123,0.8541666666666666,2913,61857814,0.008160831483923936,NaN
21941,0.13542255792175756,0.03009390176039057,0.01831410110876436,123,0.8541666666666666,2913,61886944,0.008160831483923936,NaN
21951,0.13542255792175756,0.03009390176039057,0.018312046075098346,123,0.8541666666666666,2913,61916074,0.008160831483923936,NaN
21961,0.13542255792175756,0.03009390176039057,0.018310007699482427,123,0.8541666666666666,2914,61945205,0.008160831483923936,NaN
21971,0.13542255792175756,0.03009390176039057,0.018307985139413105,123,0.8541666666666666,2914,61974345,0.008160831483923936,NaN
21981,0.13542255792175756,0.03009390176039057,0.018305978822198764,123,0.8541666666666666,2914,62003485,0.008160831483923936,NaN
21991,0.13542255792175756,0.03009390176039057,0.018303988490626602,123,0.8541666666666666,2914,62032625,0.008160831483923936,NaN
22001,0.13542255792175756,0.03009390176039057,0.018302013951723085,123,0.8541666666666666,2914,62061765,0.008160831483923936,NaN
22011,0.13542255792175756,0.03009390176039057,0.018300055049265816,123,0.8541666666666666,2914,62090905,0.008160831483923936,NaN
22021,0.13542255792175756,0.03009390176039057,0.01829811150233384,123,0.8541666666666666,2914,62120045,0.008160831483923936,NaN
22031,0.13542255792175756,0.03009390176039057,0.01829618319238313,123,0.8541666666666666,2914,62149185,0.008160831483923936,NaN
22041,0.13542255792175756,0.03009390176039057,0.018294269829593805,123,0.8541666666666666,2914,62178325,0.008160831483923936,NaN
22051,0.13542255792175756,0.03009390176039057,0.0182923711237278,123,0.8541666666666666,2915,62207467,0.008160831483923936,NaN
22061,0.13542255792175756,0.03009390176039057,0.01829048658124739,123,0.8541666666666666,2915,62236617,0.008160831483923936,NaN
22071,0.13542255792175756,0.03009390176039057,0.018288616399917464,123,0.8541666666666666,2915,62265767,0.008160831483923936,NaN
22081,0.13542255792175756,0.03009390176039057,0.018286760452316857,123,0.8541666666666666,2915,62294917,0.008160831483923936,NaN
22091,0.13542255792175756,0.03009390176039057,0.01828491856426266,123,0.8541666666666666,2915,62324067,0.008160831483923936,NaN
22101,0.13542255792175756,0.03009390176039057,0.018283090612027417,123,0.8541666666666666,2915,62353217,0.008160831483923936,NaN
22111,0.13542255792175756,0.03009390176039057,0.018281276297663403,123,0.8541666666666666,2915,62382367,0.008160831483923936,NaN
22121,0.13542255792175756,0.03009390176039057,0.018279475545192922,123,0.8541666666666666,2915,62411517,0.008160831483923936,NaN
22131,0.13542255792175756,0.03009390176039057,0.018277688125680078,123,0.8541666666666666,2915,62440667,0.008160831483923936,NaN
22141,0.13542255792175756,0.03009390176039057,0.01827591384127418,123,0.8541666666666666,2916,62469819,0.008160831483923936,NaN
22151,0.13542255792175756,0.03009390176039057,0.018274152079198983,123,0.8541666666666666,2916,62498979,0.008160831483923936,NaN
22161,0.13542255792175756,0.03009390176039057,0.018272403139426373,123,0.8541666666666666,2916,62528139,0.008160831483923936,NaN
22171,0.13542255792175756,0.03009390176039057,0.018270666926514946,123,0.8541666666666666,2916,62557299,0.008160831483923936,NaN
22181,0.13542255792175756,0.03009390176039057,0.01826894329947943,123,0.8541666666666666,2916,62586459,0.008160831483923936,NaN
22191,0.13542255792175756,0.03009390176039057,0.01826723212069797,123,0.8541666666666666,2916,62615619,0.008160831483923936,NaN
22201,0.13542255792175756,0.03009390176039057,0.01826553314163247,123,0.8541666666666666,2916,62644779,0.008160831483923936,NaN
22211,0.13542255792175756,0.03009390176039057,0.018263846310577796,123,0.8541666666666666,2916,62673939,0.008160831483923936,NaN
22221,0.13542255792175756,0.03009390176039057,0.018262171504972204,123,0.8541666666666666,2916,62703099,0.008160831483923936,NaN
22231,0.13542255792175756,0.03009390176039057,0.01826050837748508,123,0.8541666666666666,2917,62732261,0.008160831483923936,NaN
22241,0.13542255792175756,0.03009390176039057,0.018258856496796913,123,0.8541666666666666,2917,62761431,0.008160831483923936,NaN
22251,0.13542255792175756,0.03009390176039057,0.018257216161305385,123,0.8541666666666666,2917,62790601,0.008160831483923936,NaN
22261,0.13542255792175756,0.03009390176039057,0.018255587220018757,123,0.8541666666666666,2917,62819771,0.008160831483923936,NaN
22271,0.13542255792175756,0.03009390176039057,0.018253969611628902,123,0.8541666666666666,2917,62848941,0.008160831483923936,NaN
22281,0.13542255792175756,0.03009390176039057,0.018252363106742112,123,0.8541666666666666,2917,62878111,0.008160831483923936,NaN
22291,0.13542255792175756,0.03009390176039057,0.018250767679131086,123,0.8541666666666666,2917,62907281,0.008160831483923936,NaN
22301,0.13542255792175756,0.03009390176039057,0.018249183122647915,123,0.8541666666666666,2917,62936451,0.008160831483923936,NaN
22311,0.13542255792175756,0.03009390176039057,0.018247609383129897,123,0.8541666666666666,2917,62965621,0.008160831483923936,NaN
22321,0.13542255792175756,0.03009390176039057,0.01824604617017311,123,0.8541666666666666,2918,62994792,0.008160831483923936,NaN
22331,0.13542255792175756,0.03009390176039057,0.018244492986804205,123,0.8541666666666666,2918,63023972,0.008160831483923936,NaN
22341,0.13542255792175756,0.03009390176039057,0.018242950322289158,123,0.8541666666666666,2918,63053152,0.008160831483923936,NaN
22351,0.13542255792175756,0.03009390176039057,0.01824141789429528,123,0.8541666666666666,2918,63082332,0.008160831483923936,NaN
22361,0.13542255792175756,0.03009390176039057,0.018239895615014986,123,0.8541666666666666,2918,63111512,0.008160831483923936,NaN
22371,0.13542255792175756,0.03009390176039057,0.018238383493047114,123,0.8541666666666666,2918,63140692,0.008160831483923936,NaN
22381,0.13542255792175756,0.03009390176039057,0.01823688127538991,123,0.8541666666666666,2918,63169872,0.008160831483923936,NaN
22391,0.13542255792175756,0.03009390176039057,0.018235388895180622,123,0.8541666666666666,2918,63199052,0.008160831483923936,NaN
22401,0.13542255792175756,0.03009390176039057,0.01823390630776732,123,0.8541666666666666,2918,63228232,0.008160831483923936,NaN
22411,0.13542255792175756,0.03009390176039057,0.018232433358276758,123,0.8541666666666666,2918,63257412,0.008160831483923936,NaN
22421,0.13542255792175756,0.03009390176039057,0.018230969455590787,123,0.8541666666666666,2919,63286602,0.008160831483923936,NaN
22431,0.13542255792175756,0.03009390176039057,0.018229514954496887,123,0.8541666666666666,2919,63315792,0.008160831483923936,NaN
22441,0.13542255792175756,0.03009390176039057,0.018228069784176692,123,0.8541666666666666,2919,63344982,0.008160831483923936,NaN
22451,0.13542255792175756,0.03009390176039057,0.018226633878862662,123,0.8541666666666666,2919,63374172,0.008160831483923936,NaN
22461,0.13542255792175756,0.03009390176039057,0.018225207051929117,123,0.8541666666666666,2919,63403362,0.008160831483923936,NaN
22471,0.13542255792175756,0.03009390176039057,0.01822378931825403,123,0.8541666666666666,2919,63432552,0.008160831483923936,NaN
22481,0.13542255792175756,0.03009390176039057,0.018222380499485078,123,0.8541666666666666,2919,63461742,0.008160831483923936,NaN
22491,0.13542255792175756,0.03009390176039057,0.0182209805212446,123,0.8541666666666666,2919,63490932,0.008160831483923936,NaN
22501,0.13542255792175756,0.03009390176039057,0.018219589278980552,123,0.8541666666666666,2919,63520122,0.008160831483923936,NaN
22511,0.13542255792175756,0.03009390176039057,0.018218206259311708,123,0.8541666666666666,2920,63549321,0.008160831483923936,NaN
22521,0.13542255792175756,0.03009390176039057,0.018216831748301073,123,0.8541666666666666,2920,63578521,0.008160831483923936,NaN
22531,0.13542255792175756,0.03009390176039057,0.01821546574168534,123,0.8541666666666666,2920,63607721,0.008160831483923936,NaN
22541,0.13542255792175756,0.03009390176039057,0.018214108125752828,123,0.8541666666666666,2920,63636921,0.008160831483923936,NaN
22551,0.13542255792175756,0.03009390176039057,0.01821275881595852,123,0.8541666666666666,2920,63666121,0.008160831483923936,NaN
22561,0.13542255792175756,0.03009390176039057,0.018211417755655858,123,0.8541666666666666,2920,63695321,0.008160831483923936,NaN
22571,0.13542255792175756,0.03009390176039057,0.018210084835902123,123,0.8541666666666666,2920,63724521,0.008160831483923936,NaN
22581,0.13542255792175756,0.03009390176039057,0.01820875995895971,123,0.8541666666666666,2920,63753721,0.008160831483923936,NaN
22591,0.13542255792175756,0.03009390176039057,0.018207443053114645,123,0.8541666666666666,2920,63782921,0.008160831483923936,NaN
22601,0.13542255792175756,0.03009390176039057,0.01820613374770715,123,0.8541666666666666,2921,63812128,0.008160831483923936,NaN
22611,0.13542255792175756,0.03009390176039057,0.01820483213955667,123,0.8541666666666666,2921,63841338,0.008160831483923936,NaN
22621,0.13542255792175756,0.03009390176039057,0.018203538263601344,123,0.8541666666666666,2921,63870548,0.008160831483923936,NaN
22631,0.13542255792175756,0.03009390176039057,0.018202252088865088,123,0.8541666666666666,2921,63899758,0.008160831483923936,NaN
22641,0.13542255792175756,0.03009390176039057,0.018200973427257253,123,0.8541666666666666,2921,63928968,0.008160831483923936,NaN
22651,0.13542255792175756,0.03009390176039057,0.01819970233375802,123,0.8541666666666666,2921,63958178,0.008160831483923936,NaN
22661,0.13542255792175756,0.03009390176039057,0.018198438612862952,123,0.8541666666666666,2921,63987388,0.008160831483923936,NaN
22671,0.13542255792175756,0.03009390176039057,0.018197182316025167,123,0.8541666666666666,2921,64016598,0.008160831483923936,NaN
22681,0.13542255792175756,0.03009390176039057,0.018195933314418336,123,0.8541666666666666,2921,64045808,0.008160831483923936,NaN
22691,0.13542255792175756,0.03009390176039057,0.01819469132360025,123,0.8541666666666666,2922,64075023,0.008160831483923936,NaN
22701,0.13542255792175756,0.03009390176039057,0.018193456256444102,123,0.8541666666666666,2922,64104243,0.008160831483923936,NaN
22711,0.13542255792175756,0.03009390176039057,0.01819222828523863,123,0.8541666666666666,2922,64133463,0.008160831483923936,NaN
22721,0.13542255792175756,0.03009390176039057,0.018191007295055486,123,0.8541666666666666,2922,64162683,0.008160831483923936,NaN
22731,0.13542255792175756,0.03009390176039057,0.018189793315019354,123,0.8541666666666666,2922,64191903,0.008160831483923936,NaN
22741,0.13542255792175756,0.03009390176039057,0.018188586193881293,123,0.8541666666666666,2922,64221123,0.008160831483923936,NaN
22751,0.13542255792175756,0.03009390176039057,0.018187385905412114,123,0.8541666666666666,2922,64250343,0.008160831483923936,NaN
22761,0.13542255792175756,0.03009390176039057,0.01818619237344948,123,0.8541666666666666,2922,64279563,0.008160831483923936,NaN
22771,0.13542255792175756,0.03009390176039057,0.018185005529885626,123,0.8541666666666666,2922,64308783,0.008160831483923936,NaN
22781,0.13542255792175756,0.03009390176039057,0.018183825181965884,123,0.8541666666666666,2923,64338006,0.008160831483923936,NaN
22791,0.13542255792175756,0.03009390176039057,0.018182651102561686,123,0.8541666666666666,2923,64367236,0.008160831483923936,NaN
22801,0.13542255792175756,0.03009390176039057,0.018181483572866478,123,0.8541666666666666,2923,64396466,0.008160831483923936,NaN
22811,0.13542255792175756,0.03009390176039057,0.018180322444286703,123,0.8541666666666666,2923,64425696,0.008160831483923936,NaN
22821,0.13542255792175756,0.03009390176039057,0.018179167689031443,123,0.8541666666666666,2923,64454926,0.008160831483923936,NaN
22831,0.13542255792175756,0.03009390176039057,0.01817801934093409,123,0.8541666666666666,2923,64484156,0.008160831483923936,NaN
22841,0.13542255792175756,0.03009390176039057,0.018176877212104824,123,0.8541666666666666,2923,64513386,0.008160831483923936,NaN
22851,0.13542255792175756,0.03009390176039057,0.018175741307016123,123,0.8541666666666666,2923,64542616,0.008160831483923936,NaN
22861,0.13542255792175756,0.03009390176039057,0.018174611572684633,123,0.8541666666666666,2923,64571846,0.008160831483923936,NaN
22871,0.13542255792175756,0.03009390176039057,0.01817348792885592,123,0.8541666666666666,2923,64601076,0.008160831483923936,NaN
22881,0.13542255792175756,0.03009390176039057,0.018172369927514833,123,0.8541666666666666,2924,64630316,0.008160831483923936,NaN
22891,0.13542255792175756,0.03009390176039057,0.018171257960007,123,0.8541666666666666,2924,64659556,0.008160831483923936,NaN
22901,0.13542255792175756,0.03009390176039057,0.01817015191864553,123,0.8541666666666666,2924,64688796,0.008160831483923936,NaN
22911,0.13542255792175756,0.03009390176039057,0.018169051775068456,123,0.8541666666666666,2924,64718036,0.008160831483923936,NaN
22921,0.13542255792175756,0.03009390176039057,0.018167957482871547,123,0.8541666666666666,2924,64747276,0.008160831483923936,NaN
22931,0.13542255792175756,0.03009390176039057,0.018151965534395995,120,0.8333333333333334,2853,64776019,0.008160831483923936,NaN
22941,0.13542255792175756,0.03009390176039057,0.018130348242279937,120,0.8333333333333334,2853,64804549,0.008160831483923936,NaN
22951,0.13542255792175756,0.03009390176039057,0.018109574703119552,120,0.8333333333333334,2853,64833079,0.008160831483923936,NaN
22961,0.13542255792175756,0.03009390176039057,0.018089590222920088,120,0.8333333333333334,2853,64861609,0.008160831483923936,NaN
22971,0.13542255792175756,0.03009390176039057,0.018070346007260447,120,0.8333333333333334,2853,64890139,0.008160831483923936,NaN
22981,0.13542255792175756,0.03009390176039057,0.018051796867659387,120,0.8333333333333334,2853,64918669,0.008160831483923936,NaN
22991,0.13542255792175756,0.03009390176039057,0.01803390221959358,120,0.8333333333333334,2853,64947199,0.008160831483923936,NaN
23001,0.13542255792175756,0.03009390176039057,0.018016620424101026,120,0.8333333333333334,2854,64975735,0.008160831483923936,NaN
23011,0.13542255792175756,0.03009390176039057,0.017999918534912743,120,0.8333333333333334,2854,65004275,0.008160831483923936,NaN
23021,0.13542255792175756,0.03009390176039057,0.017983766647705058,120,0.8333333333333334,2854,65032815,0.008160831483923936,NaN
23031,0.13542255792175756,0.03009390176039057,0.01796813534568491,120,0.8333333333333334,2854,65061355,0.008160831483923936,NaN
23041,0.13542255792175756,0.03009390176039057,0.01795299669971964,120,0.8333333333333334,2854,65089895,0.008160831483923936,NaN
23051,0.13542255792175756,0.03009390176039057,0.01793832501701384,120,0.8333333333333334,2854,65118435,0.008160831483923936,NaN
23061,0.13542255792175756,0.03009390176039057,0.017924097063160158,120,0.8333333333333334,2854,65146975,0.008160831483923936,NaN
23071,0.13542255792175756,0.03009390176039057,0.017910291017188055,120,0.8333333333333334,2854,65175515,0.008160831483923936,NaN
23081,0.13542255792175756,0.03009390176039057,0.01789688558273357,120,0.8333333333333334,2854,65204055,0.008160831483923936,NaN
23091,0.13542255792175756,0.03009390176039057,0.01788386203795904,120,0.8333333333333334,2854,65232595,0.008160831483923936,NaN
23101,0.13542255792175756,0.03009390176039057,0.01787119797442763,120,0.8333333333333334,2855,65261145,0.008160831483923936,NaN
23111,0.13542255792175756,0.03009390176039057,0.01785888114214272,120,0.8333333333333334,2855,65289695,0.008160831483923936,NaN
23121,0.13542255792175756,0.03009390176039057,0.017846896201199388,120,0.8333333333333334,2855,65318245,0.008160831483923936,NaN
23131,0.13542255792175756,0.03009390176039057,0.017835228429610845,120,0.8333333333333334,2855,65346795,0.008160831483923936,NaN
23141,0.13542255792175756,0.03009390176039057,0.017823863970762098,120,0.8333333333333334,2855,65375345,0.008160831483923936,NaN
23151,0.13542255792175756,0.03009390176039057,0.017812789639105,120,0.8333333333333334,2855,65403895,0.008160831483923936,NaN
23161,0.13542255792175756,0.03009390176039057,0.017801993256982788,120,0.8333333333333334,2855,65432445,0.008160831483923936,NaN
23171,0.13542255792175756,0.03009390176039057,0.017791463162199383,120,0.8333333333333334,2855,65460995,0.008160831483923936,NaN
23181,0.13542255792175756,0.03009390176039057,0.017781189093904883,120,0.8333333333333334,2855,65489545,0.008160831483923936,NaN
23191,0.13542255792175756,0.03009390176039057,0.017771158495177804,120,0.8333333333333334,2856,65518099,0.008160831483923936,NaN
23201,0.13542255792175756,0.03009390176039057,0.017761361758379376,120,0.8333333333333334,2856,65546659,0.008160831483923936,NaN
23211,0.13542255792175756,0.03009390176039057,0.017751791985432384,120,0.8333333333333334,2856,65575219,0.008160831483923936,NaN
23221,0.13542255792175756,0.03009390176039057,0.01774244008149314,120,0.8333333333333334,2856,65603779,0.008160831483923936,NaN
23231,0.13542255792175756,0.03009390176039057,0.0177332981965711,120,0.8333333333333334,2856,65632339,0.008160831483923936,NaN
23241,0.13542255792175756,0.03009390176039057,0.017724358001542432,120,0.8333333333333334,2856,65660899,0.008160831483923936,NaN
23251,0.13542255792175756,0.03009390176039057,0.017715612506878215,120,0.8333333333333334,2856,65689459,0.008160831483923936,NaN
23261,0.13542255792175756,0.03009390176039057,0.017707054543596987,120,0.8333333333333334,2856,65718019,0.008160831483923936,NaN
23271,0.13542255792175756,0.03009390176039057,0.017698677858338743,120,0.8333333333333334,2856,65746579,0.008160831483923936,NaN
23281,0.13542255792175756,0.03009390176039057,0.017690475915723692,120,0.8333333333333334,2856,65775139,0.008160831483923936,NaN
23291,0.13542255792175756,0.03009390176039057,0.01768244037157635,120,0.8333333333333334,2857,65803706,0.008160831483923936,NaN
23301,0.13542255792175756,0.03009390176039057,0.017674567055492255,120,0.8333333333333334,2857,65832276,0.008160831483923936,NaN
23311,0.13542255792175756,0.03009390176039057,0.01766685125092832,120,0.8333333333333334,2857,65860846,0.008160831483923936,NaN
23321,0.13542255792175756,0.03009390176039057,0.017659287697516055,120,0.8333333333333334,2857,65889416,0.008160831483923936,NaN
23331,0.13542255792175756,0.03009390176039057,0.01765187155542736,120,0.8333333333333334,2857,65917986,0.008160831483923936,NaN
23341,0.13542255792175756,0.03009390176039057,0.017644597931874267,120,0.8333333333333334,2857,65946556,0.008160831483923936,NaN
23351,0.13542255792175756,0.03009390176039057,0.017637462543263236,120,0.8333333333333334,2857,65975126,0.008160831483923936,NaN
23361,0.13542255792175756,0.03009390176039057,0.01763046066365124,120,0.8333333333333334,2857,66003696,0.008160831483923936,NaN
23371,0.13542255792175756,0.03009390176039057,0.01762358819076758,120,0.8333333333333334,2857,66032266,0.008160831483923936,NaN
23381,0.13542255792175756,0.03009390176039057,0.017616841293223818,120,0.8333333333333334,2857,66060836,0.008160831483923936,NaN
23391,0.13542255792175756,0.03009390176039057,0.017610213920165953,120,0.8333333333333334,2858,66089416,0.008160831483923936,NaN
23401,0.13542255792175756,0.03009390176039057,0.017603704884321905,120,0.8333333333333334,2858,66117996,0.008160831483923936,NaN
23411,0.13542255792175756,0.03009390176039057,0.01759731041498057,120,0.8333333333333334,2858,66146576,0.008160831483923936,NaN
23421,0.13542255792175756,0.03009390176039057,0.01759102744863723,120,0.8333333333333334,2858,66175156,0.008160831483923936,NaN
23431,0.13542255792175756,0.03009390176039057,0.017584852368085668,120,0.8333333333333334,2858,66203736,0.008160831483923936,NaN
23441,0.13542255792175756,0.03009390176039057,0.017578782511679526,120,0.8333333333333334,2858,66232316,0.008160831483923936,NaN
23451,0.13542255792175756,0.03009390176039057,0.01757281465757108,120,0.8333333333333334,2858,66260896,0.008160831483923936,NaN
23461,0.13542255792175756,0.03009390176039057,0.01756694591881037,120,0.8333333333333334,2858,66289476,0.008160831483923936,NaN
23471,0.13542255792175756,0.03009390176039057,0.017561173571940245,120,0.8333333333333334,2858,66318056,0.008160831483923936,NaN
23481,0.13542255792175756,0.03009390176039057,0.017555494903999647,120,0.8333333333333334,2859,66346638,0.008160831483923936,NaN
23491,0.13542255792175756,0.03009390176039057,0.017549906138877226,120,0.8333333333333334,2859,66375228,0.008160831483923936,NaN
23501,0.13542255792175756,0.03009390176039057,0.01754440600748313,120,0.8333333333333334,2859,66403818,0.008160831483923936,NaN
23511,0.13542255792175756,0.03009390176039057,0.017538992515486712,120,0.8333333333333334,2859,66432408,0.008160831483923936,NaN
23521,0.13542255792175756,0.03009390176039057,0.017533663201612686,120,0.8333333333333334,2859,66460998,0.008160831483923936,NaN
23531,0.13542255792175756,0.03009390176039057,0.017528416130146177,120,0.8333333333333334,2859,66489588,0.008160831483923936,NaN
23541,0.13542255792175756,0.03009390176039057,0.01752324901907197,120,0.8333333333333334,2859,66518178,0.008160831483923936,NaN
23551,0.13542255792175756,0.03009390176039057,0.017518159929673927,120,0.8333333333333334,2859,66546768,0.008160831483923936,NaN
23561,0.13542255792175756,0.03009390176039057,0.017513147048978266,120,0.8333333333333334,2859,66575358,0.008160831483923936,NaN
23571,0.13542255792175756,0.03009390176039057,0.017508208022940404,120,0.8333333333333334,2859,66603948,0.008160831483923936,NaN
23581,0.13542255792175756,0.03009390176039057,0.017503340730141766,120,0.8333333333333334,2860,66632542,0.008160831483923936,NaN
23591,0.13542255792175756,0.03009390176039057,0.01749854307791871,120,0.8333333333333334,2860,66661142,0.008160831483923936,NaN
23601,0.13542255792175756,0.03009390176039057,0.017493814245191985,120,0.8333333333333334,2860,66689742,0.008160831483923936,NaN
23611,0.13542255792175756,0.03009390176039057,0.017489152848036378,120,0.8333333333333334,2860,66718342,0.008160831483923936,NaN
23621,0.13542255792175756,0.03009390176039057,0.017484556989332854,120,0.8333333333333334,2860,66746942,0.008160831483923936,NaN
23631,0.13542255792175756,0.03009390176039057,0.017480025281623367,120,0.8333333333333334,2860,66775542,0.008160831483923936,NaN
23641,0.13542255792175756,0.03009390176039057,0.017475556101227942,120,0.8333333333333334,2860,66804142,0.008160831483923936,NaN
23651,0.13542255792175756,0.03009390176039057,0.017471148247464402,120,0.8333333333333334,2860,66832742,0.008160831483923936,NaN
23661,0.13542255792175756,0.03009390176039057,0.017466800097719167,120,0.8333333333333334,2860,66861342,0.008160831483923936,NaN
23671,0.13542255792175756,0.03009390176039057,0.017462510344012354,120,0.8333333333333334,2860,66889942,0.008160831483923936,NaN
23681,0.13542255792175756,0.03009390176039057,0.01745827681654149,120,0.8333333333333334,2861,66918548,0.008160831483923936,NaN
23691,0.13542255792175756,0.03009390176039057,0.017454098794334807,120,0.8333333333333334,2861,66947158,0.008160831483923936,NaN
23701,0.13542255792175756,0.03009390176039057,0.017449975299975055,120,0.8333333333333334,2861,66975768,0.008160831483923936,NaN
23711,0.13542255792175756,0.03009390176039057,0.01744590534791681,120,0.8333333333333334,2861,67004378,0.008160831483923936,NaN
23721,0.13542255792175756,0.03009390176039057,0.017441887763968336,120,0.8333333333333334,2861,67032988,0.008160831483923936,NaN
23731,0.13542255792175756,0.03009390176039057,0.0174379213523115,120,0.8333333333333334,2861,67061598,0.008160831483923936,NaN
23741,0.13542255792175756,0.03009390176039057,0.01743400512675065,120,0.8333333333333334,2861,67090208,0.008160831483923936,NaN
23751,0.13542255792175756,0.03009390176039057,0.017430137984010823,120,0.8333333333333334,2861,67118818,0.008160831483923936,NaN
23761,0.13542255792175756,0.03009390176039057,0.017426318859121995,120,0.8333333333333334,2861,67147428,0.008160831483923936,NaN
23771,0.13542255792175756,0.03009390176039057,0.017422546808223652,120,0.8333333333333334,2861,67176038,0.008160831483923936,NaN
23781,0.13542255792175756,0.03009390176039057,0.017418819867682997,120,0.8333333333333334,2862,67204655,0.008160831483923936,NaN
23791,0.13542255792175756,0.03009390176039057,0.017415137538989413,120,0.8333333333333334,2862,67233275,0.008160831483923936,NaN
23801,0.13542255792175756,0.03009390176039057,0.017411499558673202,120,0.8333333333333334,2862,67261895,0.008160831483923936,NaN
23811,0.13542255792175756,0.03009390176039057,0.01740790503701105,120,0.8333333333333334,2862,67290515,0.008160831483923936,NaN
23821,0.13542255792175756,0.03009390176039057,0.01740435301230668,120,0.8333333333333334,2862,67319135,0.008160831483923936,NaN
23831,0.13542255792175756,0.03009390176039057,0.017400842708684288,120,0.8333333333333334,2862,67347755,0.008160831483923936,NaN
23841,0.13542255792175756,0.03009390176039057,0.017397373190331227,120,0.8333333333333334,2862,67376375,0.008160831483923936,NaN
23851,0.13542255792175756,0.03009390176039057,0.01739394371203764,120,0.8333333333333334,2862,67404995,0.008160831483923936,NaN
23861,0.13542255792175756,0.03009390176039057,0.017390553505304343,120,0.8333333333333334,2862,67433615,0.008160831483923936,NaN
23871,0.13542255792175756,0.03009390176039057,0.017387201862001822,120,0.8333333333333334,2862,67462235,0.008160831483923936,NaN
23881,0.13542255792175756,0.03009390176039057,0.017383887150788972,120,0.8333333333333334,2863,67490863,0.008160831483923936,NaN
23891,0.13542255792175756,0.03009390176039057,0.017380609247747807,120,0.8333333333333334,2863,67519493,0.008160831483923936,NaN
23901,0.13542255792175756,0.03009390176039057,0.017377367752643938,120,0.8333333333333334,2863,67548123,0.008160831483923936,NaN
23911,0.13542255792175756,0.03009390176039057,0.01737416203044212,120,0.8333333333333334,2863,67576753,0.008160831483923936,NaN
23921,0.13542255792175756,0.03009390176039057,0.01737099144523983,120,0.8333333333333334,2863,67605383,0.008160831483923936,NaN
23931,0.13542255792175756,0.03009390176039057,0.01736785530272713,120,0.8333333333333334,2863,67634013,0.008160831483923936,NaN
23941,0.13542255792175756,0.03009390176039057,0.01736475303515608,120,0.8333333333333334,2863,67662643,0.008160831483923936,NaN
23951,0.13542255792175756,0.03009390176039057,0.017361683957155857,120,0.8333333333333334,2863,67691273,0.008160831483923936,NaN
23961,0.13542255792175756,0.03009390176039057,0.01735864744417344,120,0.8333333333333334,2863,67719903,0.008160831483923936,NaN
23971,0.13542255792175756,0.03009390176039057,0.017355643084615728,120,0.8333333333333334,2863,67748533,0.008160831483923936,NaN
23981,0.13542255792175756,0.03009390176039057,0.017352669283389712,120,0.8333333333333334,2864,67777171,0.008160831483923936,NaN
23991,0.13542255792175756,0.03009390176039057,0.01734972621831725,120,0.8333333333333334,2864,67805811,0.008160831483923936,NaN
24001,0.13542255792175756,0.03009390176039057,0.017346813556443495,120,0.8333333333333334,2864,67834451,0.008160831483923936,NaN
24011,0.13542255792175756,0.03009390176039057,0.017343930759174103,120,0.8333333333333334,2864,67863091,0.008160831483923936,NaN
24021,0.13542255792175756,0.03009390176039057,0.01734107738773159,120,0.8333333333333334,2864,67891731,0.008160831483923936,NaN
24031,0.13542255792175756,0.03009390176039057,0.017338252809826364,120,0.8333333333333334,2864,67920371,0.008160831483923936,NaN
24041,0.13542255792175756,0.03009390176039057,0.017335456717107997,120,0.8333333333333334,2864,67949011,0.008160831483923936,NaN
24051,0.13542255792175756,0.03009390176039057,0.017332688416779825,120,0.8333333333333334,2864,67977651,0.008160831483923936,NaN
24061,0.13542255792175756,0.03009390176039057,0.017329947641379583,120,0.8333333333333334,2864,68006291,0.008160831483923936,NaN
24071,0.13542255792175756,0.03009390176039057,0.017327233851867054,120,0.8333333333333334,2864,68034931,0.008160831483923936,NaN
24081,0.13542255792175756,0.03009390176039057,0.017324545750243215,120,0.8333333333333334,2865,68063579,0.008160831483923936,NaN
24091,0.13542255792175756,0.03009390176039057,0.01732188375708209,120,0.8333333333333334,2865,68092229,0.008160831483923936,NaN
24101,0.13542255792175756,0.03009390176039057,0.017319247364853404,120,0.8333333333333334,2865,68120879,0.008160831483923936,NaN
24111,0.13542255792175756,0.03009390176039057,0.017316636273048372,120,0.8333333333333334,2865,68149529,0.008160831483923936,NaN
24121,0.13542255792175756,0.03009390176039057,0.01731405002853849,120,0.8333333333333334,2865,68178179,0.008160831483923936,NaN
24131,0.13542255792175756,0.03009390176039057,0.017311488319338274,120,0.8333333333333334,2865,68206829,0.008160831483923936,NaN
24141,0.13542255792175756,0.03009390176039057,0.017308950670574644,120,0.8333333333333334,2865,68235479,0.008160831483923936,NaN
24151,0.13542255792175756,0.03009390176039057,0.01730643675463559,120,0.8333333333333334,2865,68264129,0.008160831483923936,NaN
24161,0.13542255792175756,0.03009390176039057,0.017303946205770148,120,0.8333333333333334,2865,68292779,0.008160831483923936,NaN
24171,0.13542255792175756,0.03009390176039057,0.017301478570475717,120,0.8333333333333334,2865,68321429,0.008160831483923936,NaN
24181,0.13542255792175756,0.03009390176039057,0.01729903295676676,120,0.8333333333333334,2866,68350086,0.008160831483923936,NaN
24191,0.13542255792175756,0.03009390176039057,0.017296609377904074,120,0.8333333333333334,2866,68378746,0.008160831483923936,NaN
24201,0.13542255792175756,0.03009390176039057,0.01729420774147797,120,0.8333333333333334,2866,68407406,0.008160831483923936,NaN
24211,0.13542255792175756,0.03009390176039057,0.017291827760307413,120,0.8333333333333334,2866,68436066,0.008160831483923936,NaN
24221,0.13542255792175756,0.03009390176039057,0.017289469022133602,120,0.8333333333333334,2866,68464726,0.008160831483923936,NaN
24231,0.13542255792175756,0.03009390176039057,0.017287131249529585,120,0.8333333333333334,2866,68493386,0.008160831483923936,NaN
24241,0.13542255792175756,0.03009390176039057,0.017284814146478818,120,0.8333333333333334,2866,68522046,0.008160831483923936,NaN
24251,0.13542255792175756,0.03009390176039057,0.017282517470613448,120,0.8333333333333334,2866,68550706,0.008160831483923936,NaN
24261,0.13542255792175756,0.03009390176039057,0.017280240801031105,120,0.8333333333333334,2866,68579366,0.008160831483923936,NaN
24271,0.13542255792175756,0.03009390176039057,0.017277983975471572,120,0.8333333333333334,2866,68608026,0.008160831483923936,NaN
24281,0.13542255792175756,0.03009390176039057,0.0172757461468572,120,0.8333333333333334,2867,68636692,0.008160831483923936,NaN
24291,0.13542255792175756,0.03009390176039057,0.01727352710602795,120,0.8333333333333334,2867,68665362,0.008160831483923936,NaN
24301,0.13542255792175756,0.03009390176039057,0.017271327002135142,120,0.8333333333333334,2867,68694032,0.008160831483923936,NaN
24311,0.13542255792175756,0.03009390176039057,0.01726914568338925,120,0.8333333333333334,2867,68722702,0.008160831483923936,NaN
24321,0.13542255792175756,0.03009390176039057,0.017266982729780306,120,0.8333333333333334,2867,68751372,0.008160831483923936,NaN
24331,0.13542255792175756,0.03009390176039057,0.017264837921162055,120,0.8333333333333334,2867,68780042,0.008160831483923936,NaN
24341,0.13542255792175756,0.03009390176039057,0.017262711007217504,120,0.8333333333333334,2867,68808712,0.008160831483923936,NaN
24351,0.13542255792175756,0.03009390176039057,0.017260601772622543,120,0.8333333333333334,2867,68837382,0.008160831483923936,NaN
24361,0.13542255792175756,0.03009390176039057,0.01725850980065348,120,0.8333333333333334,2867,68866052,0.008160831483923936,NaN
24371,0.13542255792175756,0.03009390176039057,0.01725643501911727,120,0.8333333333333334,2867,68894722,0.008160831483923936,NaN
24381,0.13542255792175756,0.03009390176039057,0.01725437677018237,120,0.8333333333333334,2868,68923397,0.008160831483923936,NaN
24391,0.13542255792175756,0.03009390176039057,0.017252334883716802,120,0.8333333333333334,2868,68952077,0.008160831483923936,NaN
24401,0.13542255792175756,0.03009390176039057,0.01725030949473042,120,0.8333333333333334,2868,68980757,0.008160831483923936,NaN
24411,0.13542255792175756,0.03009390176039057,0.017248300392663972,120,0.8333333333333334,2868,69009437,0.008160831483923936,NaN
24421,0.13542255792175756,0.03009390176039057,0.017246307255371494,120,0.8333333333333334,2868,69038117,0.008160831483923936,NaN
24431,0.13542255792175756,0.03009390176039057,0.01724432992104493,120,0.8333333333333334,2868,69066797,0.008160831483923936,NaN
24441,0.13542255792175756,0.03009390176039057,0.017242368172946044,120,0.8333333333333334,2868,69095477,0.008160831483923936,NaN
24451,0.13542255792175756,0.03009390176039057,0.017240421840562608,120,0.8333333333333334,2868,69124157,0.008160831483923936,NaN
24461,0.13542255792175756,0.03009390176039057,0.01723849072293425,120,0.8333333333333334,2868,69152837,0.008160831483923936,NaN
24471,0.13542255792175756,0.03009390176039057,0.01723657459501433,120,0.8333333333333334,2868,69181517,0.008160831483923936,NaN
24481,0.13542255792175756,0.03009390176039057,0.01723467308527511,120,0.8333333333333334,2869,69210200,0.008160831483923936,NaN
24491,0.13542255792175756,0.03009390176039057,0.017232785692461724,120,0.8333333333333334,2869,69238890,0.008160831483923936,NaN
24501,0.13542255792175756,0.03009390176039057,0.017230912688256307,120,0.8333333333333334,2869,69267580,0.008160831483923936,NaN
24511,0.13542255792175756,0.03009390176039057,0.017229053908881468,120,0.8333333333333334,2869,69296270,0.008160831483923936,NaN
24521,0.13542255792175756,0.03009390176039057,0.017227209284328363,120,0.8333333333333334,2869,69324960,0.008160831483923936,NaN
24531,0.13542255792175756,0.03009390176039057,0.017225378496906564,120,0.8333333333333334,2869,69353650,0.008160831483923936,NaN
24541,0.13542255792175756,0.03009390176039057,0.01722356147077002,120,0.8333333333333334,2869,69382340,0.008160831483923936,NaN
24551,0.13542255792175756,0.03009390176039057,0.0172217579075957,120,0.8333333333333334,2869,69411030,0.008160831483923936,NaN
24561,0.13542255792175756,0.03009390176039057,0.01721996776443917,120,0.8333333333333334,2869,69439720,0.008160831483923936,NaN
24571,0.13542255792175756,0.03009390176039057,0.017218190755372998,120,0.8333333333333334,2869,69468410,0.008160831483923936,NaN
24581,0.13542255792175756,0.03009390176039057,0.017216426796362604,120,0.8333333333333334,2870,69497101,0.008160831483923936,NaN
24591,0.13542255792175756,0.03009390176039057,0.017214675132675588,120,0.8333333333333334,2870,69525801,0.008160831483923936,NaN
24601,0.13542255792175756,0.03009390176039057,0.017212936141145073,120,0.8333333333333334,2870,69554501,0.008160831483923936,NaN
24611,0.13542255792175756,0.03009390176039057,0.017211209745051057,120,0.8333333333333334,2870,69583201,0.008160831483923936,NaN
24621,0.13542255792175756,0.03009390176039057,0.017209495831329576,120,0.8333333333333334,2870,69611901,0.008160831483923936,NaN
24631,0.13542255792175756,0.03009390176039057,0.01720779415329894,120,0.8333333333333334,2870,69640601,0.008160831483923936,NaN
24641,0.13542255792175756,0.03009390176039057,0.017206104537300794,120,0.8333333333333334,2870,69669301,0.008160831483923936,NaN
24651,0.13542255792175756,0.03009390176039057,0.017204427002069478,120,0.8333333333333334,2870,69698001,0.008160831483923936,NaN
24661,0.13542255792175756,0.03009390176039057,0.01720276126605816,120,0.8333333333333334,2870,69726701,0.008160831483923936,NaN
24671,0.13542255792175756,0.03009390176039057,0.017201107259770292,120,0.8333333333333334,2870,69755401,0.008160831483923936,NaN
24681,0.13542255792175756,0.03009390176039057,0.017199464764545203,120,0.8333333333333334,2870,69784101,0.008160831483923936,NaN
24691,0.13542255792175756,0.03009390176039057,0.0171978332147197,120,0.8333333333333334,2871,69812809,0.008160831483923936,NaN
24701,0.13542255792175756,0.03009390176039057,0.0171962128616565,120,0.8333333333333334,2871,69841519,0.008160831483923936,NaN
24711,0.13542255792175756,0.03009390176039057,0.017194603706276644,120,0.8333333333333334,2871,69870229,0.008160831483923936,NaN
24721,0.13542255792175756,0.03009390176039057,0.017193005554292158,120,0.8333333333333334,2871,69898939,0.008160831483923936,NaN
24731,0.13542255792175756,0.03009390176039057,0.017191418346129264,120,0.8333333333333334,2871,69927649,0.008160831483923936,NaN
24741,0.13542255792175756,0.03009390176039057,0.01718984189396054,120,0.8333333333333334,2871,69956359,0.008160831483923936,NaN
24751,0.13542255792175756,0.03009390176039057,0.017188276159665193,120,0.8333333333333334,2871,69985069,0.008160831483923936,NaN
24761,0.13542255792175756,0.03009390176039057,0.017186720911339437,120,0.8333333333333334,2871,70013779,0.008160831483923936,NaN
24771,0.13542255792175756,0.03009390176039057,0.017185176062713563,120,0.8333333333333334,2871,70042489,0.008160831483923936,NaN
24781,0.13542255792175756,0.03009390176039057,0.01718364149562142,120,0.8333333333333334,2871,70071199,0.008160831483923936,NaN
24791,0.13542255792175756,0.03009390176039057,0.01718211689489145,120,0.8333333333333334,2872,70099914,0.008160831483923936,NaN
24801,0.13542255792175756,0.03009390176039057,0.017180602114452215,120,0.8333333333333334,2872,70128634,0.008160831483923936,NaN
24811,0.13542255792175756,0.03009390176039057,0.017179097308974225,120,0.8333333333333334,2872,70157354,0.008160831483923936,NaN
24821,0.13542255792175756,0.03009390176039057,0.017177602422849707,120,0.8333333333333334,2872,70186074,0.008160831483923936,NaN
24831,0.13542255792175756,0.03009390176039057,0.01717611725160482,120,0.8333333333333334,2872,70214794,0.008160831483923936,NaN
24841,0.13542255792175756,0.03009390176039057,0.017174641685734963,120,0.8333333333333334,2872,70243514,0.008160831483923936,NaN
24851,0.13542255792175756,0.03009390176039057,0.017173175681484007,120,0.8333333333333334,2872,70272234,0.008160831483923936,NaN
24861,0.13542255792175756,0.03009390176039057,0.01717171915755075,120,0.8333333333333334,2872,70300954,0.008160831483923936,NaN
24871,0.13542255792175756,0.03009390176039057,0.017170271932701726,120,0.8333333333333334,2872,70329674,0.008160831483923936,NaN
24881,0.13542255792175756,0.03009390176039057,0.017168833915966165,120,0.8333333333333334,2872,70358394,0.008160831483923936,NaN
24891,0.13542255792175756,0.03009390176039057,0.01716740493713678,120,0.8333333333333334,2873,70387116,0.008160831483923936,NaN
24901,0.13542255792175756,0.03009390176039057,0.017165984615559134,120,0.8333333333333334,2873,70415846,0.008160831483923936,NaN
24911,0.13542255792175756,0.03009390176039057,0.017164573273120324,120,0.8333333333333334,2873,70444576,0.008160831483923936,NaN
24921,0.13542255792175756,0.03009390176039057,0.01716317071613193,120,0.8333333333333334,2873,70473306,0.008160831483923936,NaN
24931,0.13542255792175756,0.03009390176039057,0.01716177692812855,120,0.8333333333333334,2873,70502036,0.008160831483923936,NaN
24941,0.13542255792175756,0.03009390176039057,0.01716039183827285,120,0.8333333333333334,2873,70530766,0.008160831483923936,NaN
24951,0.13542255792175756,0.03009390176039057,0.017159015276089283,120,0.8333333333333334,2873,70559496,0.008160831483923936,NaN
24961,0.13542255792175756,0.03009390176039057,0.017157647241396803,120,0.8333333333333334,2873,70588226,0.008160831483923936,NaN
24971,0.13542255792175756,0.03009390176039057,0.01715628754397431,120,0.8333333333333334,2873,70616956,0.008160831483923936,NaN
24981,0.13542255792175756,0.03009390176039057,0.017154936233902254,120,0.8333333333333334,2873,70645686,0.008160831483923936,NaN
24991,0.13542255792175756,0.03009390176039057,0.01715359311339968,120,0.8333333333333334,2873,70674416,0.008160831483923936,NaN
25001,0.13542255792175756,0.03009390176039057,0.017152257756853213,120,0.8333333333333334,2874,70703154,0.008160831483923936,NaN
25011,0.13542255792175756,0.03009390176039057,0.017150930399908018,120,0.8333333333333334,2874,70731894,0.008160831483923936,NaN
25021,0.13542255792175756,0.03009390176039057,0.01714961104954813,120,0.8333333333333334,2874,70760634,0.008160831483923936,NaN
25031,0.13542255792175756,0.03009390176039057,0.017148299526177097,120,0.8333333333333334,2874,70789374,0.008160831483923936,NaN
25041,0.13542255792175756,0.03009390176039057,0.017146995849832012,120,0.8333333333333334,2874,70818114,0.008160831483923936,NaN
25051,0.13542255792175756,0.03009390176039057,0.01714569993461533,120,0.8333333333333334,2874,70846854,0.008160831483923936,NaN
25061,0.13542255792175756,0.03009390176039057,0.017144411703010978,120,0.8333333333333334,2874,70875594,0.008160831483923936,NaN
25071,0.13542255792175756,0.03009390176039057,0.017143131051840732,120,0.8333333333333334,2874,70904334,0.008160831483923936,NaN
25081,0.13542255792175756,0.03009390176039057,0.017141857898827977,120,0.8333333333333334,2874,70933074,0.008160831483923936,NaN
25091,0.13542255792175756,0.03009390176039057,0.017140592243517667,120,0.8333333333333334,2874,70961814,0.008160831483923936,NaN
25101,0.13542255792175756,0.03009390176039057,0.017139333696893223,120,0.8333333333333334,2875,70990558,0.008160831483923936,NaN
25111,0.13542255792175756,0.03009390176039057,0.01713808219548468,120,0.8333333333333334,2875,71019308,0.008160831483923936,NaN
25121,0.13542255792175756,0.03009390176039057,0.01713683796380767,120,0.8333333333333334,2875,71048058,0.008160831483923936,NaN
25131,0.13542255792175756,0.03009390176039057,0.017135600844012597,120,0.8333333333333334,2875,71076808,0.008160831483923936,NaN
25141,0.13542255792175756,0.03009390176039057,0.017134370871918186,120,0.8333333333333334,2875,71105558,0.008160831483923936,NaN
25151,0.13542255792175756,0.03009390176039057,0.017133147934848256,120,0.8333333333333334,2875,71134308,0.008160831483923936,NaN
25161,0.13542255792175756,0.03009390176039057,0.017131931881468266,120,0.8333333333333334,2875,71163058,0.008160831483923936,NaN
25171,0.13542255792175756,0.03009390176039057,0.017130722742985542,120,0.8333333333333334,2875,71191808,0.008160831483923936,NaN
25181,0.13542255792175756,0.03009390176039057,0.017129520429463523,120,0.8333333333333334,2875,71220558,0.008160831483923936,NaN
25191,0.13542255792175756,0.03009390176039057,0.01712832489584916,120,0.8333333333333334,2875,71249308,0.008160831483923936,NaN
25201,0.13542255792175756,0.03009390176039057,0.01712713602953614,120,0.8333333333333334,2875,71278058,0.008160831483923936,NaN
25211,0.13542255792175756,0.03009390176039057,0.017125953480866925,120,0.8333333333333334,2876,71306817,0.008160831483923936,NaN
25221,0.13542255792175756,0.03009390176039057,0.017124777391242622,120,0.8333333333333334,2876,71335577,0.008160831483923936,NaN
25231,0.13542255792175756,0.03009390176039057,0.017123607872734693,120,0.8333333333333334,2876,71364337,0.008160831483923936,NaN
25241,0.13542255792175756,0.03009390176039057,0.01712244480025589,120,0.8333333333333334,2876,71393097,0.008160831483923936,NaN
25251,0.13542255792175756,0.03009390176039057,0.01712128809704212,120,0.8333333333333334,2876,71421857,0.008160831483923936,NaN
25261,0.13542255792175756,0.03009390176039057,0.01712013774188949,120,0.8333333333333334,2876,71450617,0.008160831483923936,NaN
25271,0.13542255792175756,0.03009390176039057,0.017118993622531643,120,0.8333333333333334,2876,71479377,0.008160831483923936,NaN
25281,0.13542255792175756,0.03009390176039057,0.01711785571971072,120,0.8333333333333334,2876,71508137,0.008160831483923936,NaN
25291,0.13542255792175756,0.03009390176039057,0.017116724027343093,120,0.8333333333333334,2876,71536897,0.008160831483923936,NaN
25301,0.13542255792175756,0.03009390176039057,0.01711559836813685,120,0.8333333333333334,2876,71565657,0.008160831483923936,NaN
25311,0.13542255792175756,0.03009390176039057,0.017114478645793917,120,0.8333333333333334,2877,71594421,0.008160831483923936,NaN
25321,0.13542255792175756,0.03009390176039057,0.01711336471123663,120,0.8333333333333334,2877,71623191,0.008160831483923936,NaN
25331,0.13542255792175756,0.03009390176039057,0.01711225671385926,120,0.8333333333333334,2877,71651961,0.008160831483923936,NaN
25341,0.13542255792175756,0.03009390176039057,0.017111154594152765,120,0.8333333333333334,2877,71680731,0.008160831483923936,NaN
25351,0.13542255792175756,0.03009390176039057,0.017110058293436828,120,0.8333333333333334,2877,71709501,0.008160831483923936,NaN
25361,0.13542255792175756,0.03009390176039057,0.017108967766855762,120,0.8333333333333334,2877,71738271,0.008160831483923936,NaN
25371,0.13542255792175756,0.03009390176039057,0.017107883014468396,120,0.8333333333333334,2877,71767041,0.008160831483923936,NaN
25381,0.13542255792175756,0.03009390176039057,0.01710680388008453,120,0.8333333333333334,2877,71795811,0.008160831483923936,NaN
25391,0.13542255792175756,0.03009390176039057,0.01710573047198694,120,0.8333333333333334,2877,71824581,0.008160831483923936,NaN
25401,0.13529217718662542,0.03006492826369454,0.017091977849507476,118,0.8194444444444444,2829,71853063,0.008089006252184394,NaN
25411,0.13529217718662542,0.03006492826369454,0.01707047357589507,118,0.8194444444444444,2830,71881356,0.007898555105495364,NaN
25421,0.13529217718662542,0.03006492826369454,0.017049798341875623,118,0.8194444444444444,2830,71909656,0.008247157104478708,NaN
25431,0.13529217718662542,0.03006492826369454,0.017029905222084758,118,0.8194444444444444,2830,71937956,0.007940402149195447,NaN
25441,0.13529217718662542,0.03006492826369454,0.017010745011623078,118,0.8194444444444444,2830,71966256,0.007619587030549602,NaN
25451,0.13529217718662542,0.03006492826369454,0.01699227236854819,118,0.8194444444444444,2830,71994556,0.007293735454502015,NaN
25461,0.13529217718662542,0.03006492826369454,0.01697444828669452,118,0.8194444444444444,2830,72022856,0.005867933200551567,NaN
25471,0.13529217718662542,0.03006492826369454,0.016957235961403458,118,0.8194444444444444,2830,72051156,0.0055262392160872476,NaN
25481,0.13529217718662542,0.03006492826369454,0.01694059992874508,118,0.8194444444444444,2830,72079456,0.0055262392160872476,NaN
25491,0.13529217718662542,0.03006492826369454,0.016924508921584102,118,0.8194444444444444,2830,72107756,0.0055262392160872476,NaN
25501,0.13529217718662542,0.03006492826369454,0.016908933670119145,118,0.8194444444444444,2830,72136056,0.0055262392160872476,NaN
25511,0.13529217718662542,0.03006492826369454,0.01689384764412531,118,0.8194444444444444,2830,72164356,0.0055262392160872476,NaN
25521,0.13529217718662542,0.03006492826369454,0.016879222411165528,118,0.8194444444444444,2831,72192661,0.0055262392160872476,NaN
25531,0.13529217718662542,0.03006492826369454,0.016865034703996293,118,0.8194444444444444,2831,72220971,0.0055262392160872476,NaN
25541,0.13529217718662542,0.03006492826369454,0.016851265285559906,118,0.8194444444444444,2831,72249281,0.0055262392160872476,NaN
25551,0.13529217718662542,0.03006492826369454,0.01683789436181246,118,0.8194444444444444,2831,72277591,0.0055262392160872476,NaN
25561,0.13529217718662542,0.03006492826369454,0.016824903243136444,118,0.8194444444444444,2831,72305901,0.0055262392160872476,NaN
25571,0.13529217718662542,0.03006492826369454,0.016812273523507858,118,0.8194444444444444,2831,72334211,0.0055262392160872476,NaN
25581,0.13529217718662542,0.03006492826369454,0.016799988398858507,118,0.8194444444444444,2831,72362521,0.0055262392160872476,NaN
25591,0.13529217718662542,0.03006492826369454,0.01678803302349913,118,0.8194444444444444,2831,72390831,0.0055262392160872476,NaN
25601,0.13529217718662542,0.03006492826369454,0.01677639270999941,118,0.8194444444444444,2831,72419141,0.0055262392160872476,NaN
25611,0.13529217718662542,0.03006492826369454,0.016765053835652837,118,0.8194444444444444,2831,72447451,0.0055262392160872476,NaN
25621,0.13529217718662542,0.03006492826369454,0.016754003223935013,118,0.8194444444444444,2831,72475761,0.0055262392160872476,NaN
25631,0.13529217718662542,0.03006492826369454,0.016743226505079305,118,0.8194444444444444,2832,72504078,0.0055262392160872476,NaN
25641,0.13529217718662542,0.03006492826369454,0.016732713714112793,118,0.8194444444444444,2832,72532398,0.0055262392160872476,NaN
25651,0.13529217718662542,0.03006492826369454,0.016722455496974993,118,0.8194444444444444,2832,72560718,0.0055262392160872476,NaN
25661,0.13529217718662542,0.03006492826369454,0.01671244109607323,118,0.8194444444444444,2832,72589038,0.0055262392160872476,NaN
25671,0.13529217718662542,0.03006492826369454,0.016702661644618547,118,0.8194444444444444,2832,72617358,0.0055262392160872476,NaN
25681,0.13529217718662542,0.03006492826369454,0.01669310737878529,118,0.8194444444444444,2832,72645678,0.0055262392160872476,NaN
25691,0.13529217718662542,0.03006492826369454,0.016683770053138158,118,0.8194444444444444,2832,72673998,0.0055262392160872476,NaN
25701,0.13529217718662542,0.03006492826369454,0.016674641822521437,118,0.8194444444444444,2832,72702318,0.0055262392160872476,NaN
25711,0.13529217718662542,0.03006492826369454,0.016665714150843332,118,0.8194444444444444,2832,72730638,0.0055262392160872476,NaN
25721,0.13529217718662542,0.03006492826369454,0.016656980444573692,118,0.8194444444444444,2832,72758958,0.0055262392160872476,NaN
25731,0.13529217718662542,0.03006492826369454,0.016648433487517458,118,0.8194444444444444,2832,72787278,0.0055262392160872476,NaN
25741,0.13529217718662542,0.03006492826369454,0.016640064565063135,118,0.8194444444444444,2833,72815606,0.0055262392160872476,NaN
25751,0.13529217718662542,0.03006492826369454,0.016631869064609103,118,0.8194444444444444,2833,72843936,0.0055262392160872476,NaN
25761,0.13529217718662542,0.03006492826369454,0.016623841600923932,118,0.8194444444444444,2833,72872266,0.0055262392160872476,NaN
25771,0.13529217718662542,0.03006492826369454,0.016615976450367873,118,0.8194444444444444,2833,72900596,0.0055262392160872476,NaN
25781,0.13529217718662542,0.03006492826369454,0.016608268166154634,118,0.8194444444444444,2833,72928926,0.0055262392160872476,NaN
25791,0.13529217718662542,0.03006492826369454,0.01660071161609017,118,0.8194444444444444,2833,72957256,0.0055262392160872476,NaN
25801,0.13529217718662542,0.03006492826369454,0.016593301807214116,118,0.8194444444444444,2833,72985586,0.0055262392160872476,NaN
25811,0.13529217718662542,0.03006492826369454,0.016586034099377853,118,0.8194444444444444,2833,73013916,0.0055262392160872476,NaN
25821,0.13529217718662542,0.03006492826369454,0.016578903910673955,118,0.8194444444444444,2833,73042246,0.0055262392160872476,NaN
25831,0.13529217718662542,0.03006492826369454,0.01657190702367795,118,0.8194444444444444,2833,73070576,0.0055262392160872476,NaN
25841,0.13529217718662542,0.03006492826369454,0.01656503901914057,118,0.8194444444444444,2833,73098906,0.0055262392160872476,NaN
25851,0.13529217718662542,0.03006492826369454,0.016558294085954682,118,0.8194444444444444,2834,73127245,0.0055262392160872476,NaN
25861,0.13529217718662542,0.03006492826369454,0.016551670623691634,118,0.8194444444444444,2834,73155585,0.0055262392160872476,NaN
25871,0.13529217718662542,0.03006492826369454,0.01654516484037999,118,0.8194444444444444,2834,73183925,0.0055262392160872476,NaN
25881,0.13529217718662542,0.03006492826369454,0.016538773338719844,118,0.8194444444444444,2834,73212265,0.0055262392160872476,NaN
25891,0.13529217718662542,0.03006492826369454,0.0165324928539462,118,0.8194444444444444,2834,73240605,0.0055262392160872476,NaN
25901,0.13529217718662542,0.03006492826369454,0.016526320160745046,118,0.8194444444444444,2834,73268945,0.0055262392160872476,NaN
25911,0.13529217718662542,0.03006492826369454,0.016520252353707358,118,0.8194444444444444,2834,73297285,0.0055262392160872476,NaN
25921,0.13529217718662542,0.03006492826369454,0.016514286172472817,118,0.8194444444444444,2834,73325625,0.0055262392160872476,NaN
25931,0.13529217718662542,0.03006492826369454,0.01650841897962485,118,0.8194444444444444,2834,73353965,0.0055262392160872476,NaN
25941,0.13529217718662542,0.03006492826369454,0.016502648091071735,118,0.8194444444444444,2834,73382305,0.0055262392160872476,NaN
25951,0.13529217718662542,0.03006492826369454,0.01649697065458862,118,0.8194444444444444,2834,73410645,0.0055262392160872476,NaN
25961,0.13529217718662542,0.03006492826369454,0.016491382696029847,118,0.8194444444444444,2835,73438994,0.0055262392160872476,NaN
25971,0.13529217718662542,0.03006492826369454,0.016485883244796166,118,0.8194444444444444,2835,73467344,0.0055262392160872476,NaN
25981,0.13529217718662542,0.03006492826369454,0.016480470144933465,118,0.8194444444444444,2835,73495694,0.0055262392160872476,NaN
25991,0.13529217718662542,0.03006492826369454,0.01647514114614065,118,0.8194444444444444,2835,73524044,0.0055262392160872476,NaN
26001,0.13529217718662542,0.03006492826369454,0.016469894076442698,118,0.8194444444444444,2835,73552394,0.0055262392160872476,NaN
26011,0.13529217718662542,0.03006492826369454,0.016464726872486235,118,0.8194444444444444,2835,73580744,0.0055262392160872476,NaN
26021,0.13529217718662542,0.03006492826369454,0.01645963742519623,118,0.8194444444444444,2835,73609094,0.0055262392160872476,NaN
26031,0.13529217718662542,0.03006492826369454,0.01645462399273233,118,0.8194444444444444,2835,73637444,0.0055262392160872476,NaN
26041,0.13529217718662542,0.03006492826369454,0.01644968462288739,118,0.8194444444444444,2835,73665794,0.0055262392160872476,NaN
26051,0.13529217718662542,0.03006492826369454,0.01644481733004496,118,0.8194444444444444,2835,73694144,0.0055262392160872476,NaN
26061,0.13529217718662542,0.03006492826369454,0.016440020535778126,118,0.8194444444444444,2835,73722494,0.0055262392160872476,NaN
26071,0.13529217718662542,0.03006492826369454,0.016435291056974978,118,0.8194444444444444,2836,73750853,0.0055262392160872476,NaN
26081,0.13529217718662542,0.03006492826369454,0.016430628433040988,118,0.8194444444444444,2836,73779213,0.0055262392160872476,NaN
26091,0.13529217718662542,0.03006492826369454,0.01642603129424274,118,0.8194444444444444,2836,73807573,0.0055262392160872476,NaN
26101,0.13529217718662542,0.03006492826369454,0.01642149838118022,118,0.8194444444444444,2836,73835933,0.0055262392160872476,NaN
26111,0.13529217718662542,0.03006492826369454,0.016417027808321737,118,0.8194444444444444,2836,73864293,0.0055262392160872476,NaN
26121,0.13529217718662542,0.03006492826369454,0.01641261839431835,118,0.8194444444444444,2836,73892653,0.0055262392160872476,NaN
26131,0.13529217718662542,0.03006492826369454,0.016408268690012117,118,0.8194444444444444,2836,73921013,0.0055262392160872476,NaN
26141,0.13529217718662542,0.03006492826369454,0.016403977386414723,118,0.8194444444444444,2836,73949373,0.0055262392160872476,NaN
26151,0.13529217718662542,0.03006492826369454,0.01639974310483161,118,0.8194444444444444,2836,73977733,0.0055262392160872476,NaN
26161,0.13529217718662542,0.03006492826369454,0.016395564611291873,118,0.8194444444444444,2836,74006093,0.0055262392160872476,NaN
26171,0.13529217718662542,0.03006492826369454,0.016391440772188518,118,0.8194444444444444,2836,74034453,0.0055262392160872476,NaN
26181,0.13529217718662542,0.03006492826369454,0.0163873691106748,118,0.8194444444444444,2837,74062821,0.0055262392160872476,NaN
26191,0.13529217718662542,0.03006492826369454,0.016383349440589702,118,0.8194444444444444,2837,74091191,0.0055262392160872476,NaN
26201,0.13529217718662542,0.03006492826369454,0.01637938099865402,118,0.8194444444444444,2837,74119561,0.0055262392160872476,NaN
26211,0.13529217718662542,0.03006492826369454,0.016375462551376722,118,0.8194444444444444,2837,74147931,0.0055262392160872476,NaN
26221,0.13529217718662542,0.03006492826369454,0.01637159317200837,118,0.8194444444444444,2837,74176301,0.0055262392160872476,NaN
26231,0.13529217718662542,0.03006492826369454,0.0163677718595115,118,0.8194444444444444,2837,74204671,0.0055262392160872476,NaN
26241,0.13529217718662542,0.03006492826369454,0.01636399745876336,118,0.8194444444444444,2837,74233041,0.0055262392160872476,NaN
26251,0.13529217718662542,0.03006492826369454,0.016360269007208716,118,0.8194444444444444,2837,74261411,0.0055262392160872476,NaN
26261,0.13529217718662542,0.03006492826369454,0.016356585759075178,118,0.8194444444444444,2837,74289781,0.0055262392160872476,NaN
26271,0.13529217718662542,0.03006492826369454,0.016352946645361063,118,0.8194444444444444,2837,74318151,0.0055262392160872476,NaN
26281,0.13529217718662542,0.03006492826369454,0.016349350826313162,118,0.8194444444444444,2837,74346521,0.0055262392160872476,NaN
26291,0.13529217718662542,0.03006492826369454,0.016345796644170477,118,0.8194444444444444,2838,74374898,0.0055262392160872476,NaN
26301,0.13529217718662542,0.03006492826369454,0.016342283653897262,118,0.8194444444444444,2838,74403278,0.0055262392160872476,NaN
26311,0.13529217718662542,0.03006492826369454,0.01633881151893253,118,0.8194444444444444,2838,74431658,0.0055262392160872476,NaN
26321,0.13529217718662542,0.03006492826369454,0.016335379418864163,118,0.8194444444444444,2838,74460038,0.0055262392160872476,NaN
26331,0.13529217718662542,0.03006492826369454,0.01633198665287752,118,0.8194444444444444,2838,74488418,0.0055262392160872476,NaN
26341,0.13529217718662542,0.03006492826369454,0.01632863243942168,118,0.8194444444444444,2838,74516798,0.0055262392160872476,NaN
26351,0.13529217718662542,0.03006492826369454,0.01632531597551277,118,0.8194444444444444,2838,74545178,0.0055262392160872476,NaN
26361,0.13529217718662542,0.03006492826369454,0.016322036528299402,118,0.8194444444444444,2838,74573558,0.0055262392160872476,NaN
26371,0.13529217718662542,0.03006492826369454,0.01631879351141144,118,0.8194444444444444,2838,74601938,0.0055262392160872476,NaN
26381,0.13529217718662542,0.03006492826369454,0.016315586220607057,118,0.8194444444444444,2838,74630318,0.0055262392160872476,NaN
26391,0.13529217718662542,0.03006492826369454,0.016312413946471867,118,0.8194444444444444,2838,74658698,0.0055262392160872476,NaN
26401,0.13529217718662542,0.03006492826369454,0.01630927541668684,118,0.8194444444444444,2839,74687084,0.0055262392160872476,NaN
26411,0.13529217718662542,0.03006492826369454,0.016306170257958805,118,0.8194444444444444,2839,74715474,0.0055262392160872476,NaN
26421,0.13529217718662542,0.03006492826369454,0.01630309834536335,118,0.8194444444444444,2839,74743864,0.0055262392160872476,NaN
26431,0.13529217718662542,0.03006492826369454,0.016300059044025775,118,0.8194444444444444,2839,74772254,0.0055262392160872476,NaN
26441,0.13529217718662542,0.03006492826369454,0.016297051761066432,118,0.8194444444444444,2839,74800644,0.0055262392160872476,NaN
26451,0.13529217718662542,0.03006492826369454,0.016294075974199025,118,0.8194444444444444,2839,74829034,0.0055262392160872476,NaN
26461,0.13529217718662542,0.03006492826369454,0.016291131073099527,118,0.8194444444444444,2839,74857424,0.0055262392160872476,NaN
26471,0.13529217718662542,0.03006492826369454,0.016288216610965148,118,0.8194444444444444,2839,74885814,0.0055262392160872476,NaN
26481,0.13529217718662542,0.03006492826369454,0.01628533195464938,118,0.8194444444444444,2839,74914204,0.0055262392160872476,NaN
26491,0.13529217718662542,0.03006492826369454,0.016282476708693535,118,0.8194444444444444,2839,74942594,0.0055262392160872476,NaN
26501,0.13529217718662542,0.03006492826369454,0.016279650204054075,118,0.8194444444444444,2839,74970984,0.0055262392160872476,NaN
26511,0.13529217718662542,0.03006492826369454,0.016276851873471727,118,0.8194444444444444,2840,74999377,0.0055262392160872476,NaN
26521,0.13529217718662542,0.03006492826369454,0.016274080654878956,118,0.8194444444444444,2840,75027777,0.0055262392160872476,NaN
26531,0.13529217718662542,0.03006492826369454,0.016271336896279718,118,0.8194444444444444,2840,75056177,0.0055262392160872476,NaN
26541,0.13529217718662542,0.03006492826369454,0.01626862014014814,118,0.8194444444444444,2840,75084577,0.0055262392160872476,NaN
26551,0.13529217718662542,0.03006492826369454,0.016265929961640252,118,0.8194444444444444,2840,75112977,0.0055262392160872476,NaN
26561,0.13529217718662542,0.03006492826369454,0.016263265848333153,118,0.8194444444444444,2840,75141377,0.0055262392160872476,NaN
26571,0.13529217718662542,0.03006492826369454,0.01626062747358223,118,0.8194444444444444,2840,75169777,0.0055262392160872476,NaN
26581,0.13529217718662542,0.03006492826369454,0.016258014335706138,118,0.8194444444444444,2840,75198177,0.0055262392160872476,NaN
26591,0.13529217718662542,0.03006492826369454,0.01625542608199142,118,0.8194444444444444,2840,75226577,0.0055262392160872476,NaN
26601,0.13529217718662542,0.03006492826369454,0.016252862337130795,118,0.8194444444444444,2840,75254977,0.0055262392160872476,NaN
26611,0.13529217718662542,0.03006492826369454,0.01625032262720841,118,0.8194444444444444,2840,75283377,0.0055262392160872476,NaN
26621,0.13529217718662542,0.03006492826369454,0.01624780654607795,118,0.8194444444444444,2841,75311778,0.0055262392160872476,NaN
26631,0.13529217718662542,0.03006492826369454,0.016245313011087604,118,0.8194444444444444,2841,75340188,0.0055262392160872476,NaN
26641,0.13529217718662542,0.03006492826369454,0.01624284251480744,118,0.8194444444444444,2841,75368598,0.0055262392160872476,NaN
26651,0.13529217718662542,0.03006492826369454,0.01624039465827316,118,0.8194444444444444,2841,75397008,0.0055262392160872476,NaN
26661,0.13529217718662542,0.03006492826369454,0.01623796906448506,118,0.8194444444444444,2841,75425418,0.0055262392160872476,NaN
26671,0.13529217718662542,0.03006492826369454,0.016235565418064615,118,0.8194444444444444,2841,75453828,0.0055262392160872476,NaN
26681,0.13529217718662542,0.03006492826369454,0.016233183339980136,118,0.8194444444444444,2841,75482238,0.0055262392160872476,NaN
26691,0.13529217718662542,0.03006492826369454,0.01623082263487348,118,0.8194444444444444,2841,75510648,0.0055262392160872476,NaN
26701,0.13529217718662542,0.03006492826369454,0.016228482836777,118,0.8194444444444444,2841,75539058,0.0055262392160872476,NaN
26711,0.13529217718662542,0.03006492826369454,0.016226163736974678,118,0.8194444444444444,2841,75567468,0.0055262392160872476,NaN
26721,0.13529217718662542,0.03006492826369454,0.01622386500424648,118,0.8194444444444444,2841,75595878,0.0055262392160872476,NaN
26731,0.13529217718662542,0.03006492826369454,0.016221586257709322,118,0.8194444444444444,2841,75624288,0.0055262392160872476,NaN
26741,0.13529217718662542,0.03006492826369454,0.016219326738426756,118,0.8194444444444444,2842,75652706,0.0055262392160872476,NaN
26751,0.13529217718662542,0.03006492826369454,0.01621708651598839,118,0.8194444444444444,2842,75681126,0.0055262392160872476,NaN
26761,0.13529217718662542,0.03006492826369454,0.01621486552374975,118,0.8194444444444444,2842,75709546,0.0055262392160872476,NaN
26771,0.13529217718662542,0.03006492826369454,0.016212663438198886,118,0.8194444444444444,2842,75737966,0.0055262392160872476,NaN
26781,0.13529217718662542,0.03006492826369454,0.016210480037172525,118,0.8194444444444444,2842,75766386,0.0055262392160872476,NaN
26791,0.13529217718662542,0.03006492826369454,0.01620831507451931,118,0.8194444444444444,2842,75794806,0.0055262392160872476,NaN
26801,0.13529217718662542,0.03006492826369454,0.016206168240348314,118,0.8194444444444444,2842,75823226,0.0055262392160872476,NaN
26811,0.13529217718662542,0.03006492826369454,0.016204039305094266,118,0.8194444444444444,2842,75851646,0.0055262392160872476,NaN
26821,0.13529217718662542,0.03006492826369454,0.016201927909445545,118,0.8194444444444444,2842,75880066,0.0055262392160872476,NaN
26831,0.13529217718662542,0.03006492826369454,0.016199833925779526,118,0.8194444444444444,2842,75908486,0.0055262392160872476,NaN
26841,0.13529217718662542,0.03006492826369454,0.0161977570771192,118,0.8194444444444444,2842,75936906,0.0055262392160872476,NaN
26851,0.13529217718662542,0.03006492826369454,0.016195696879218225,118,0.8194444444444444,2843,75965330,0.0055262392160872476,NaN
26861,0.13529217718662542,0.03006492826369454,0.01619365298056923,118,0.8194444444444444,2843,75993760,0.0055262392160872476,NaN
26871,0.13529217718662542,0.03006492826369454,0.01619162554000975,118,0.8194444444444444,2843,76022190,0.0055262392160872476,NaN
26881,0.13529217718662542,0.03006492826369454,0.016189614317027,118,0.8194444444444444,2843,76050620,0.0055262392160872476,NaN
26891,0.13529217718662542,0.03006492826369454,0.01618761915885385,118,0.8194444444444444,2843,76079050,0.0055262392160872476,NaN
26901,0.13529217718662542,0.03006492826369454,0.016185639834969283,118,0.8194444444444444,2843,76107480,0.0055262392160872476,NaN
26911,0.13529217718662542,0.03006492826369454,0.016183676118651236,118,0.8194444444444444,2843,76135910,0.0055262392160872476,NaN
26921,0.13529217718662542,0.03006492826369454,0.016181727736893137,118,0.8194444444444444,2843,76164340,0.0055262392160872476,NaN
26931,0.13529217718662542,0.03006492826369454,0.01617979457285481,118,0.8194444444444444,2843,76192770,0.0055262392160872476,NaN
26941,0.13529217718662542,0.03006492826369454,0.016177876453045897,118,0.8194444444444444,2843,76221200,0.0055262392160872476,NaN
26951,0.13529217718662542,0.03006492826369454,0.01617597311105281,118,0.8194444444444444,2843,76249630,0.0055262392160872476,NaN
26961,0.13529217718662542,0.03006492826369454,0.016174084348950412,118,0.8194444444444444,2843,76278060,0.0055262392160872476,NaN
26971,0.13529217718662542,0.03006492826369454,0.016172209380908922,118,0.8194444444444444,2844,76306500,0.0055262392160872476,NaN
26981,0.13529217718662542,0.03006492826369454,0.0161703486483177,118,0.8194444444444444,2844,76334940,0.0055262392160872476,NaN
26991,0.13529217718662542,0.03006492826369454,0.016168501946101546,118,0.8194444444444444,2844,76363380,0.0055262392160872476,NaN
27001,0.13529217718662542,0.03006492826369454,0.01616666914437736,118,0.8194444444444444,2844,76391820,0.0055262392160872476,NaN
27011,0.13529217718662542,0.03006492826369454,0.016164850084493698,118,0.8194444444444444,2844,76420260,0.0055262392160872476,NaN
27021,0.13529217718662542,0.03006492826369454,0.016163044580193117,118,0.8194444444444444,2844,76448700,0.0055262392160872476,NaN
27031,0.13529217718662542,0.03006492826369454,0.016161252520360974,118,0.8194444444444444,2844,76477140,0.0055262392160872476,NaN
27041,0.13529217718662542,0.03006492826369454,0.016159473590979977,118,0.8194444444444444,2844,76505580,0.0055262392160872476,NaN
27051,0.13529217718662542,0.03006492826369454,0.016157707708163046,118,0.8194444444444444,2844,76534020,0.0055262392160872476,NaN
27061,0.13529217718662542,0.03006492826369454,0.016155954690627004,118,0.8194444444444444,2844,76562460,0.0055262392160872476,NaN
27071,0.13529217718662542,0.03006492826369454,0.016154214425914245,118,0.8194444444444444,2844,76590900,0.0055262392160872476,NaN
27081,0.13529217718662542,0.03006492826369454,0.016152486389749417,118,0.8194444444444444,2845,76619346,0.0055262392160872476,NaN
27091,0.13529217718662542,0.03006492826369454,0.016150770538023787,118,0.8194444444444444,2845,76647796,0.0055262392160872476,NaN
27101,0.13529217718662542,0.03006492826369454,0.016149066955028865,118,0.8194444444444444,2845,76676246,0.0055262392160872476,NaN
27111,0.13529217718662542,0.03006492826369454,0.016147375506890608,118,0.8194444444444444,2845,76704696,0.0055262392160872476,NaN
27121,0.13529217718662542,0.03006492826369454,0.016145696020244033,118,0.8194444444444444,2845,76733146,0.0055262392160872476,NaN
27131,0.13529217718662542,0.03006492826369454,0.016144028393679653,118,0.8194444444444444,2845,76761596,0.0055262392160872476,NaN
27141,0.13529217718662542,0.03006492826369454,0.016142372464093446,118,0.8194444444444444,2845,76790046,0.0055262392160872476,NaN
27151,0.13529217718662542,0.03006492826369454,0.016140728091205068,118,0.8194444444444444,2845,76818496,0.0055262392160872476,NaN
27161,0.13529217718662542,0.03006492826369454,0.0161390951408651,118,0.8194444444444444,2845,76846946,0.0055262392160872476,NaN
27171,0.13529217718662542,0.03006492826369454,0.016137473517068415,118,0.8194444444444444,2845,76875396,0.0055262392160872476,NaN
27181,0.13529217718662542,0.03006492826369454,0.016135863068873702,118,0.8194444444444444,2845,76903846,0.0055262392160872476,NaN
27191,0.13529217718662542,0.03006492826369454,0.016134263586408938,118,0.8194444444444444,2846,76932297,0.0055262392160872476,NaN
27201,0.13529217718662542,0.03006492826369454,0.016132674501333082,118,0.8194444444444444,2846,76960757,0.0055262392160872476,NaN
27211,0.13529217718662542,0.03006492826369454,0.016131096192688398,118,0.8194444444444444,2846,76989217,0.0055262392160872476,NaN
27221,0.13529217718662542,0.03006492826369454,0.016129528602674362,118,0.8194444444444444,2846,77017677,0.0055262392160872476,NaN
27231,0.13529217718662542,0.03006492826369454,0.016127971530271498,118,0.8194444444444444,2846,77046137,0.0055262392160872476,NaN
27241,0.13529217718662542,0.03006492826369454,0.016126424863029568,118,0.8194444444444444,2846,77074597,0.0055262392160872476,NaN
27251,0.13529217718662542,0.03006492826369454,0.01612488858102856,118,0.8194444444444444,2846,77103057,0.0055262392160872476,NaN
27261,0.13529217718662542,0.03006492826369454,0.016123362449688802,118,0.8194444444444444,2846,77131517,0.0055262392160872476,NaN
27271,0.13529217718662542,0.03006492826369454,0.01612184642932337,118,0.8194444444444444,2846,77159977,0.0055262392160872476,NaN
27281,0.13529217718662542,0.03006492826369454,0.016120340330820486,118,0.8194444444444444,2846,77188437,0.0055262392160872476,NaN
27291,0.13529217718662542,0.03006492826369454,0.016118844090207144,118,0.8194444444444444,2846,77216897,0.0055262392160872476,NaN
27301,0.13529217718662542,0.03006492826369454,0.016117357614347745,118,0.8194444444444444,2846,77245357,0.0055262392160872476,NaN
27311,0.13529217718662542,0.03006492826369454,0.01611588053417319,118,0.8194444444444444,2847,77273822,0.0055262392160872476,NaN
27321,0.13529217718662542,0.03006492826369454,0.016114412735554664,118,0.8194444444444444,2847,77302292,0.0055262392160872476,NaN
27331,0.13529217718662542,0.03006492826369454,0.01611295437885144,118,0.8194444444444444,2847,77330762,0.0055262392160872476,NaN
27341,0.13529217718662542,0.03006492826369454,0.0161115054019564,118,0.8194444444444444,2847,77359232,0.0055262392160872476,NaN
27351,0.13529217718662542,0.03006492826369454,0.016110065620387456,118,0.8194444444444444,2847,77387702,0.0055262392160872476,NaN
27361,0.13529217718662542,0.03006492826369454,0.016108634956665938,118,0.8194444444444444,2847,77416172,0.0055262392160872476,NaN
27371,0.13529217718662542,0.03006492826369454,0.01610721338579726,118,0.8194444444444444,2847,77444642,0.0055262392160872476,NaN
27381,0.13529217718662542,0.03006492826369454,0.01610580074314126,118,0.8194444444444444,2847,77473112,0.0055262392160872476,NaN
27391,0.13529217718662542,0.03006492826369454,0.016104396974158303,118,0.8194444444444444,2847,77501582,0.0055262392160872476,NaN
27401,0.13529217718662542,0.03006492826369454,0.016103001946755326,118,0.8194444444444444,2847,77530052,0.0055262392160872476,NaN
27411,0.13529217718662542,0.03006492826369454,0.0161016156022888,118,0.8194444444444444,2847,77558522,0.0055262392160872476,NaN
27421,0.13529217718662542,0.03006492826369454,0.01610023782736172,118,0.8194444444444444,2847,77586992,0.0055262392160872476,NaN
27431,0.13529217718662542,0.03006492826369454,0.016098868111337036,118,0.8194444444444444,2848,77615471,0.0055262392160872476,NaN
27441,0.13529217718662542,0.03006492826369454,0.016097506748216858,118,0.8194444444444444,2848,77643951,0.0055262392160872476,NaN
27451,0.13529217718662542,0.03006492826369454,0.016096153715738852,118,0.8194444444444444,2848,77672431,0.0055262392160872476,NaN
27461,0.13529217718662542,0.03006492826369454,0.016094808932893116,118,0.8194444444444444,2848,77700911,0.0055262392160872476,NaN
27471,0.13529217718662542,0.03006492826369454,0.016093472335363138,118,0.8194444444444444,2848,77729391,0.0055262392160872476,NaN
27481,0.13529217718662542,0.03006492826369454,0.016092143750478887,118,0.8194444444444444,2848,77757871,0.0055262392160872476,NaN
27491,0.13529217718662542,0.03006492826369454,0.016090823168406033,118,0.8194444444444444,2848,77786351,0.0055262392160872476,NaN
27501,0.13529217718662542,0.03006492826369454,0.016089510495237925,118,0.8194444444444444,2848,77814831,0.0055262392160872476,NaN
27511,0.13529217718662542,0.03006492826369454,0.01608820561349684,118,0.8194444444444444,2848,77843311,0.0055262392160872476,NaN
27521,0.13529217718662542,0.03006492826369454,0.016086908515750193,118,0.8194444444444444,2848,77871791,0.0055262392160872476,NaN
27531,0.13529217718662542,0.03006492826369454,0.01608561909654685,118,0.8194444444444444,2848,77900271,0.0055262392160872476,NaN
27541,0.13529217718662542,0.03006492826369454,0.016084337134955485,118,0.8194444444444444,2849,77928754,0.0055262392160872476,NaN
27551,0.13529217718662542,0.03006492826369454,0.016083062362416196,118,0.8194444444444444,2849,77957244,0.0055262392160872476,NaN
27561,0.13529217718662542,0.03006492826369454,0.016081795054600563,118,0.8194444444444444,2849,77985734,0.0055262392160872476,NaN
27571,0.13529217718662542,0.03006492826369454,0.016080535067729895,118,0.8194444444444444,2849,78014224,0.0055262392160872476,NaN
27581,0.13529217718662542,0.03006492826369454,0.016079282425576668,118,0.8194444444444444,2849,78042714,0.0055262392160872476,NaN
27591,0.13529217718662542,0.03006492826369454,0.01607803702595997,118,0.8194444444444444,2849,78071204,0.0055262392160872476,NaN
27601,0.13529217718662542,0.03006492826369454,0.01607679880364689,118,0.8194444444444444,2849,78099694,0.0055262392160872476,NaN
27611,0.13529217718662542,0.03006492826369454,0.01607556766326505,118,0.8194444444444444,2849,78128184,0.0055262392160872476,NaN
27621,0.13529217718662542,0.03006492826369454,0.016074343528154757,118,0.8194444444444444,2849,78156674,0.0055262392160872476,NaN
27631,0.13529217718662542,0.03006492826369454,0.01607312638853566,118,0.8194444444444444,2849,78185164,0.0055262392160872476,NaN
27641,0.13529217718662542,0.03006492826369454,0.01607191610195517,118,0.8194444444444444,2849,78213654,0.0055262392160872476,NaN
27651,0.13529217718662542,0.03006492826369454,0.016070712665338834,118,0.8194444444444444,2849,78242144,0.0055262392160872476,NaN
27661,0.13529217718662542,0.03006492826369454,0.016069515786498036,118,0.8194444444444444,2850,78270640,0.0055262392160872476,NaN
27671,0.13529217718662542,0.03006492826369454,0.01606832537948143,118,0.8194444444444444,2850,78299140,0.0055262392160872476,NaN
27681,0.13529217718662542,0.03006492826369454,0.016067141605661153,118,0.8194444444444444,2850,78327640,0.0055262392160872476,NaN
27691,0.13529217718662542,0.03006492826369454,0.016065964400280002,118,0.8194444444444444,2850,78356140,0.0055262392160872476,NaN
27701,0.13529217718662542,0.03006492826369454,0.0160647937600955,118,0.8194444444444444,2850,78384640,0.0055262392160872476,NaN
27711,0.13529217718662542,0.03006492826369454,0.01606362955274942,118,0.8194444444444444,2850,78413140,0.0055262392160872476,NaN
27721,0.13529217718662542,0.03006492826369454,0.016062471740553527,118,0.8194444444444444,2850,78441640,0.0055262392160872476,NaN
27731,0.13529217718662542,0.03006492826369454,0.016061320260901037,118,0.8194444444444444,2850,78470140,0.0055262392160872476,NaN
27741,0.13529217718662542,0.03006492826369454,0.016060175033480634,118,0.8194444444444444,2850,78498640,0.0055262392160872476,NaN
27751,0.13529217718662542,0.03006492826369454,0.01605903605148769,118,0.8194444444444444,2850,78527140,0.0055262392160872476,NaN
27761,0.13529217718662542,0.03006492826369454,0.016057903247587404,118,0.8194444444444444,2850,78555640,0.0055262392160872476,NaN
27771,0.13529217718662542,0.03006492826369454,0.01605677654975273,118,0.8194444444444444,2850,78584140,0.0055262392160872476,NaN
27781,0.13529217718662542,0.03006492826369454,0.016055655549408795,118,0.8194444444444444,2851,78612649,0.0055262392160872476,NaN
27791,0.13529217718662542,0.03006492826369454,0.016054540512402557,118,0.8194444444444444,2851,78641159,0.0055262392160872476,NaN
27801,0.13529217718662542,0.03006492826369454,0.016053431418064697,118,0.8194444444444444,2851,78669669,0.0055262392160872476,NaN
27811,0.13529217718662542,0.03006492826369454,0.01605232819147837,118,0.8194444444444444,2851,78698179,0.0055262392160872476,NaN
27821,0.13529217718662542,0.03006492826369454,0.016051230825156585,118,0.8194444444444444,2851,78726689,0.0055262392160872476,NaN
27831,0.13529217718662542,0.03006492826369454,0.016050139245224655,118,0.8194444444444444,2851,78755199,0.0055262392160872476,NaN
27841,0.13529217718662542,0.03006492826369454,0.016049053421825433,118,0.8194444444444444,2851,78783709,0.0055262392160872476,NaN
27851,0.13529217718662542,0.03006492826369454,0.016047973281760844,118,0.8194444444444444,2851,78812219,0.0055262392160872476,NaN
27861,0.13529217718662542,0.03006492826369454,0.016046898785593417,118,0.8194444444444444,2851,78840729,0.0055262392160872476,NaN
27871,0.13529217718662542,0.03006492826369454,0.016045829859636356,118,0.8194444444444444,2851,78869239,0.0055262392160872476,NaN
27881,0.13529217718662542,0.03006492826369454,0.016044766499155365,118,0.8194444444444444,2851,78897749,0.0055262392160872476,NaN
27891,0.13512408035057089,0.030027573411237973,0.016039450605697437,117,0.8125,2827,78926211,0.0055262392160872476,NaN
27901,0.13512408035057089,0.030027573411237973,0.016017643437048437,117,0.8125,2827,78954481,0.0055262392160872476,NaN
27911,0.13512408035057089,0.030027573411237973,0.015996689068665172,117,0.8125,2828,78982753,0.0055262392160872476,NaN
27921,0.13512408035057089,0.030027573411237973,0.015976527316007634,117,0.8125,2828,79011033,0.0055262392160872476,NaN
27931,0.13512408035057089,0.030027573411237973,0.01595711492380031,117,0.8125,2828,79039313,0.0055262392160872476,NaN
27941,0.13512408035057089,0.030027573411237973,0.01593840835136347,117,0.8125,2828,79067593,0.0055262392160872476,NaN
27951,0.13512408035057089,0.030027573411237973,0.01592036251475998,117,0.8125,2828,79095873,0.0055262392160872476,NaN
27961,0.13512408035057089,0.030027573411237973,0.015902941207954713,117,0.8125,2828,79124153,0.0055262392160872476,NaN
27971,0.13512408035057089,0.030027573411237973,0.015886107913239682,117,0.8125,2828,79152433,0.0055262392160872476,NaN
27981,0.13512408035057089,0.030027573411237973,0.015869830607173167,117,0.8125,2828,79180713,0.0055262392160872476,NaN
27991,0.13512408035057089,0.030027573411237973,0.015854078947114533,117,0.8125,2828,79208993,0.0055262392160872476,NaN
28001,0.13512408035057089,0.030027573411237973,0.015838825723418284,117,0.8125,2828,79237273,0.0055262392160872476,NaN
28011,0.13512408035057089,0.030027573411237973,0.015824044115925338,117,0.8125,2828,79265553,0.0055262392160872476,NaN
28021,0.13512408035057089,0.030027573411237973,0.015809710726593155,117,0.8125,2828,79293833,0.0055262392160872476,NaN
28031,0.13512408035057089,0.030027573411237973,0.015795801860503132,117,0.8125,2829,79322115,0.0055262392160872476,NaN
28041,0.13512408035057089,0.030027573411237973,0.015782294230164647,117,0.8125,2829,79350405,0.0055262392160872476,NaN
28051,0.13512408035057089,0.030027573411237973,0.015769172618971553,117,0.8125,2829,79378695,0.0055262392160872476,NaN
28061,0.13512408035057089,0.030027573411237973,0.01575641866537885,117,0.8125,2829,79406985,0.0055262392160872476,NaN
28071,0.13512408035057089,0.030027573411237973,0.015744015432835587,117,0.8125,2829,79435275,0.0055262392160872476,NaN
28081,0.13512408035057089,0.030027573411237973,0.015731947307216703,117,0.8125,2829,79463565,0.0055262392160872476,NaN
28091,0.13512408035057089,0.030027573411237973,0.01572019933214871,117,0.8125,2829,79491855,0.0055262392160872476,NaN
28101,0.13512408035057089,0.030027573411237973,0.015708757251603103,117,0.8125,2829,79520145,0.0055262392160872476,NaN
28111,0.13512408035057089,0.030027573411237973,0.01569760810571286,117,0.8125,2829,79548435,0.0055262392160872476,NaN
28121,0.13512408035057089,0.030027573411237973,0.015686739633275056,117,0.8125,2829,79576725,0.0055262392160872476,NaN
28131,0.13512408035057089,0.030027573411237973,0.015676139758139217,117,0.8125,2829,79605015,0.0055262392160872476,NaN
28141,0.13512408035057089,0.030027573411237973,0.01566579778923559,117,0.8125,2829,79633305,0.0055262392160872476,NaN
28151,0.13512408035057089,0.030027573411237973,0.015655702703186142,117,0.8125,2830,79661597,0.0055262392160872476,NaN
28161,0.13512408035057089,0.030027573411237973,0.01564584275712856,117,0.8125,2830,79689897,0.0055262392160872476,NaN
28171,0.13512408035057089,0.030027573411237973,0.015636211608404744,117,0.8125,2830,79718197,0.0055262392160872476,NaN
28181,0.13512408035057089,0.030027573411237973,0.015626800593182635,117,0.8125,2830,79746497,0.0055262392160872476,NaN
28191,0.13512408035057089,0.030027573411237973,0.0156176009663465,117,0.8125,2830,79774797,0.0055262392160872476,NaN
28201,0.13512408035057089,0.030027573411237973,0.015608605098283265,117,0.8125,2830,79803097,0.0055262392160872476,NaN
28211,0.13512408035057089,0.030027573411237973,0.015599805549737836,117,0.8125,2830,79831397,0.0055262392160872476,NaN
28221,0.13512408035057089,0.030027573411237973,0.015591195209340353,117,0.8125,2830,79859697,0.0055262392160872476,NaN
28231,0.13512408035057089,0.030027573411237973,0.015582767625563074,117,0.8125,2830,79887997,0.0055262392160872476,NaN
28241,0.13512408035057089,0.030027573411237973,0.015574515944725066,117,0.8125,2830,79916297,0.0055262392160872476,NaN
28251,0.13512408035057089,0.030027573411237973,0.015566434380257229,117,0.8125,2830,79944597,0.0055262392160872476,NaN
28261,0.13512408035057089,0.030027573411237973,0.015558516923979982,117,0.8125,2830,79972897,0.0055262392160872476,NaN
28271,0.13512408035057089,0.030027573411237973,0.015550758028361537,117,0.8125,2831,80001198,0.0055262392160872476,NaN
28281,0.13512408035057089,0.030027573411237973,0.015543150190582956,117,0.8125,2831,80029508,0.0055262392160872476,NaN
28291,0.13512408035057089,0.030027573411237973,0.015535690762172245,117,0.8125,2831,80057818,0.0055262392160872476,NaN
28301,0.13512408035057089,0.030027573411237973,0.01552837514543751,117,0.8125,2831,80086128,0.0055262392160872476,NaN
28311,0.13512408035057089,0.030027573411237973,0.015521198719784872,117,0.8125,2831,80114438,0.0055262392160872476,NaN
28321,0.13512408035057089,0.030027573411237973,0.015514156797917726,117,0.8125,2831,80142748,0.0055262392160872476,NaN
28331,0.13512408035057089,0.030027573411237973,0.015507245581259578,117,0.8125,2831,80171058,0.0055262392160872476,NaN
28341,0.13512408035057089,0.030027573411237973,0.01550046079561895,117,0.8125,2831,80199368,0.0055262392160872476,NaN
28351,0.13512408035057089,0.030027573411237973,0.01549379888967946,117,0.8125,2831,80227678,0.0055262392160872476,NaN
28361,0.13512408035057089,0.030027573411237973,0.015487255851998866,117,0.8125,2831,80255988,0.0055262392160872476,NaN
28371,0.13512408035057089,0.030027573411237973,0.015480828406784957,117,0.8125,2831,80284298,0.0055262392160872476,NaN
28381,0.13512408035057089,0.030027573411237973,0.015474512994090993,117,0.8125,2831,80312608,0.0055262392160872476,NaN
28391,0.13512408035057089,0.030027573411237973,0.015468306501890508,117,0.8125,2831,80340918,0.0055262392160872476,NaN
28401,0.13512408035057089,0.030027573411237973,0.015462203658791973,117,0.8125,2832,80369238,0.0055262392160872476,NaN
28411,0.13512408035057089,0.030027573411237973,0.015456203637667016,117,0.8125,2832,80397558,0.0055262392160872476,NaN
28421,0.13512408035057089,0.030027573411237973,0.015450303669363598,117,0.8125,2832,80425878,0.0055262392160872476,NaN
28431,0.13512408035057089,0.030027573411237973,0.015444500747087923,117,0.8125,2832,80454198,0.0055262392160872476,NaN
28441,0.13512408035057089,0.030027573411237973,0.015438792479967869,117,0.8125,2832,80482518,0.0055262392160872476,NaN
28451,0.13512408035057089,0.030027573411237973,0.015433176240260749,117,0.8125,2832,80510838,0.0055262392160872476,NaN
28461,0.13512408035057089,0.030027573411237973,0.015427649328192175,117,0.8125,2832,80539158,0.0055262392160872476,NaN
28471,0.13512408035057089,0.030027573411237973,0.015422209878075641,117,0.8125,2832,80567478,0.0055262392160872476,NaN
28481,0.13512408035057089,0.030027573411237973,0.015416855115435939,117,0.8125,2832,80595798,0.0055262392160872476,NaN
28491,0.13512408035057089,0.030027573411237973,0.015411582894181283,117,0.8125,2832,80624118,0.0055262392160872476,NaN
28501,0.13512408035057089,0.030027573411237973,0.015406391359486678,117,0.8125,2832,80652438,0.0055262392160872476,NaN
28511,0.13512408035057089,0.030027573411237973,0.015401278286665411,117,0.8125,2832,80680758,0.0055262392160872476,NaN
28521,0.13512408035057089,0.030027573411237973,0.01539624020443955,117,0.8125,2833,80709087,0.0055262392160872476,NaN
28531,0.13512408035057089,0.030027573411237973,0.015391276530487904,117,0.8125,2833,80737417,0.0055262392160872476,NaN
28541,0.13512408035057089,0.030027573411237973,0.015386385745490552,117,0.8125,2833,80765747,0.0055262392160872476,NaN
28551,0.13512408035057089,0.030027573411237973,0.015381566030448114,117,0.8125,2833,80794077,0.0055262392160872476,NaN
28561,0.13512408035057089,0.030027573411237973,0.015376815676242642,117,0.8125,2833,80822407,0.0055262392160872476,NaN
28571,0.13512408035057089,0.030027573411237973,0.015372133070410533,117,0.8125,2833,80850737,0.0055262392160872476,NaN
28581,0.13512408035057089,0.030027573411237973,0.015367516586165638,117,0.8125,2833,80879067,0.0055262392160872476,NaN
28591,0.13512408035057089,0.030027573411237973,0.015362964521547836,117,0.8125,2833,80907397,0.0055262392160872476,NaN
28601,0.13512408035057089,0.030027573411237973,0.015358475558592734,117,0.8125,2833,80935727,0.0055262392160872476,NaN
28611,0.13512408035057089,0.030027573411237973,0.015354048122121905,117,0.8125,2833,80964057,0.0055262392160872476,NaN
28621,0.13512408035057089,0.030027573411237973,0.015349680809402839,117,0.8125,2833,80992387,0.0055262392160872476,NaN
28631,0.13512408035057089,0.030027573411237973,0.015345372259653258,117,0.8125,2833,81020717,0.0055262392160872476,NaN
28641,0.13512408035057089,0.030027573411237973,0.015341120233495998,117,0.8125,2834,81049054,0.0055262392160872476,NaN
28651,0.13512408035057089,0.030027573411237973,0.015336924011072546,117,0.8125,2834,81077394,0.0055262392160872476,NaN
28661,0.13512408035057089,0.030027573411237973,0.015332782929010321,117,0.8125,2834,81105734,0.0055262392160872476,NaN
28671,0.13512408035057089,0.030027573411237973,0.015328695634420504,117,0.8125,2834,81134074,0.0055262392160872476,NaN
28681,0.13512408035057089,0.030027573411237973,0.015324660895642526,117,0.8125,2834,81162414,0.0055262392160872476,NaN
28691,0.13512408035057089,0.030027573411237973,0.015320677705204653,117,0.8125,2834,81190754,0.0055262392160872476,NaN
28701,0.13512408035057089,0.030027573411237973,0.015316744970219696,117,0.8125,2834,81219094,0.0055262392160872476,NaN
28711,0.13512408035057089,0.030027573411237973,0.015312861683671035,117,0.8125,2834,81247434,0.0055262392160872476,NaN
28721,0.13512408035057089,0.030027573411237973,0.015309026742614557,117,0.8125,2834,81275774,0.0055262392160872476,NaN
28731,0.13512408035057089,0.030027573411237973,0.01530523909153595,117,0.8125,2834,81304114,0.0055262392160872476,NaN
28741,0.13512408035057089,0.030027573411237973,0.0153014977853118,117,0.8125,2834,81332454,0.0055262392160872476,NaN
28751,0.13512408035057089,0.030027573411237973,0.015297801851282745,117,0.8125,2834,81360794,0.0055262392160872476,NaN
28761,0.13512408035057089,0.030027573411237973,0.015294149928924685,117,0.8125,2835,81389138,0.0055262392160872476,NaN
28771,0.13512408035057089,0.030027573411237973,0.015290540848379006,117,0.8125,2835,81417488,0.0055262392160872476,NaN
28781,0.13512408035057089,0.030027573411237973,0.015286974498654059,117,0.8125,2835,81445838,0.0055262392160872476,NaN
28791,0.13512408035057089,0.030027573411237973,0.015283450087664787,117,0.8125,2835,81474188,0.0055262392160872476,NaN
28801,0.13512408035057089,0.030027573411237973,0.015279966757730138,117,0.8125,2835,81502538,0.0055262392160872476,NaN
28811,0.13512408035057089,0.030027573411237973,0.015276523775880861,117,0.8125,2835,81530888,0.0055262392160872476,NaN
28821,0.13512408035057089,0.030027573411237973,0.015273120378532996,117,0.8125,2835,81559238,0.0055262392160872476,NaN
28831,0.13512408035057089,0.030027573411237973,0.015269755724226872,117,0.8125,2835,81587588,0.0055262392160872476,NaN
28841,0.13512408035057089,0.030027573411237973,0.015266429045019236,117,0.8125,2835,81615938,0.0055262392160872476,NaN
28851,0.13512408035057089,0.030027573411237973,0.015263139711628317,117,0.8125,2835,81644288,0.0055262392160872476,NaN
28861,0.13512408035057089,0.030027573411237973,0.015259887000174298,117,0.8125,2835,81672638,0.0055262392160872476,NaN
28871,0.13512408035057089,0.030027573411237973,0.015256670201597523,117,0.8125,2835,81700988,0.0055262392160872476,NaN
28881,0.13512408035057089,0.030027573411237973,0.015253488577378096,117,0.8125,2836,81729339,0.0055262392160872476,NaN
28891,0.13512408035057089,0.030027573411237973,0.015250340602778458,117,0.8125,2836,81757699,0.0055262392160872476,NaN
28901,0.13512408035057089,0.030027573411237973,0.015247226635785495,117,0.8125,2836,81786059,0.0055262392160872476,NaN
28911,0.13512408035057089,0.030027573411237973,0.015244146101313475,117,0.8125,2836,81814419,0.0055262392160872476,NaN
28921,0.13512408035057089,0.030027573411237973,0.015241098336889004,117,0.8125,2836,81842779,0.0055262392160872476,NaN
28931,0.13512408035057089,0.030027573411237973,0.01523808285582751,117,0.8125,2836,81871139,0.0055262392160872476,NaN
28941,0.13512408035057089,0.030027573411237973,0.015235099029951587,117,0.8125,2836,81899499,0.0055262392160872476,NaN
28951,0.13512408035057089,0.030027573411237973,0.015232146278314512,117,0.8125,2836,81927859,0.0055262392160872476,NaN
28961,0.13512408035057089,0.030027573411237973,0.01522922413435753,117,0.8125,2836,81956219,0.0055262392160872476,NaN
28971,0.13512408035057089,0.030027573411237973,0.015226332071717077,117,0.8125,2836,81984579,0.0055262392160872476,NaN
28981,0.13512408035057089,0.030027573411237973,0.015223469407162429,117,0.8125,2836,82012939,0.0055262392160872476,NaN
28991,0.13512408035057089,0.030027573411237973,0.015220635817247903,117,0.8125,2836,82041299,0.0055262392160872476,NaN
29001,0.13512408035057089,0.030027573411237973,0.015217830763110764,117,0.8125,2836,82069659,0.0055262392160872476,NaN
29011,0.13512408035057089,0.030027573411237973,0.015215053059674917,117,0.8125,2837,82098026,0.0055262392160872476,NaN
29021,0.13512408035057089,0.030027573411237973,0.015212302730434966,117,0.8125,2837,82126396,0.0055262392160872476,NaN
29031,0.13512408035057089,0.030027573411237973,0.015209579466233532,117,0.8125,2837,82154766,0.0055262392160872476,NaN
29041,0.13512408035057089,0.030027573411237973,0.015206882929160413,117,0.8125,2837,82183136,0.0055262392160872476,NaN
29051,0.13512408035057089,0.030027573411237973,0.015204212610849008,117,0.8125,2837,82211506,0.0055262392160872476,NaN
29061,0.13512408035057089,0.030027573411237973,0.015201568121809441,117,0.8125,2837,82239876,0.0055262392160872476,NaN
29071,0.13512408035057089,0.030027573411237973,0.01519894902205187,117,0.8125,2837,82268246,0.0055262392160872476,NaN
29081,0.13512408035057089,0.030027573411237973,0.01519635495224897,117,0.8125,2837,82296616,0.0055262392160872476,NaN
29091,0.13512408035057089,0.030027573411237973,0.015193785480032578,117,0.8125,2837,82324986,0.0055262392160872476,NaN
29101,0.13512408035057089,0.030027573411237973,0.01519124025992405,117,0.8125,2837,82353356,0.0055262392160872476,NaN
29111,0.13512408035057089,0.030027573411237973,0.015188718845347568,117,0.8125,2837,82381726,0.0055262392160872476,NaN
29121,0.13512408035057089,0.030027573411237973,0.01518622088073621,117,0.8125,2837,82410096,0.0055262392160872476,NaN
29131,0.13512408035057089,0.030027573411237973,0.015183745807952639,117,0.8125,2838,82438469,0.0055262392160872476,NaN
29141,0.13512408035057089,0.030027573411237973,0.015181292845595613,117,0.8125,2838,82466849,0.0055262392160872476,NaN
29151,0.13512408035057089,0.030027573411237973,0.015178862282636617,117,0.8125,2838,82495229,0.0055262392160872476,NaN
29161,0.13512408035057089,0.030027573411237973,0.015176453786841522,117,0.8125,2838,82523609,0.0055262392160872476,NaN
29171,0.13512408035057089,0.030027573411237973,0.015174067055218728,117,0.8125,2838,82551989,0.0055262392160872476,NaN
29181,0.13512408035057089,0.030027573411237973,0.015171701694869779,117,0.8125,2838,82580369,0.0055262392160872476,NaN
29191,0.13512408035057089,0.030027573411237973,0.015169357403475161,117,0.8125,2838,82608749,0.0055262392160872476,NaN
29201,0.13512408035057089,0.030027573411237973,0.015167033845883252,117,0.8125,2838,82637129,0.0055262392160872476,NaN
29211,0.13512408035057089,0.030027573411237973,0.015164730805251226,117,0.8125,2838,82665509,0.0055262392160872476,NaN
29221,0.13512408035057089,0.030027573411237973,0.015162447911245155,117,0.8125,2838,82693889,0.0055262392160872476,NaN
29231,0.13512408035057089,0.030027573411237973,0.01516018480204708,117,0.8125,2838,82722269,0.0055262392160872476,NaN
29241,0.13512408035057089,0.030027573411237973,0.015157941360248561,117,0.8125,2838,82750649,0.0055262392160872476,NaN
29251,0.13512408035057089,0.030027573411237973,0.0151557172021994,117,0.8125,2838,82779029,0.0055262392160872476,NaN
29261,0.13512408035057089,0.030027573411237973,0.015153511404541548,117,0.8125,2839,82807417,0.0055262392160872476,NaN
29271,0.13512408035057089,0.030027573411237973,0.015151324243848734,117,0.8125,2839,82835807,0.0055262392160872476,NaN
29281,0.13512408035057089,0.030027573411237973,0.015149155545086744,117,0.8125,2839,82864197,0.0055262392160872476,NaN
29291,0.13512408035057089,0.030027573411237973,0.015147005122448006,117,0.8125,2839,82892587,0.0055262392160872476,NaN
29301,0.13512408035057089,0.030027573411237973,0.015144872656034517,117,0.8125,2839,82920977,0.0055262392160872476,NaN
29311,0.13512408035057089,0.030027573411237973,0.015142757904964506,117,0.8125,2839,82949367,0.0055262392160872476,NaN
29321,0.13512408035057089,0.030027573411237973,0.015140660611208322,117,0.8125,2839,82977757,0.0055262392160872476,NaN
29331,0.13512408035057089,0.030027573411237973,0.015138580536382371,117,0.8125,2839,83006147,0.0055262392160872476,NaN
29341,0.13512408035057089,0.030027573411237973,0.015136517470396368,117,0.8125,2839,83034537,0.0055262392160872476,NaN
29351,0.13512408035057089,0.030027573411237973,0.015134471179003024,117,0.8125,2839,83062927,0.0055262392160872476,NaN
29361,0.13512408035057089,0.030027573411237973,0.015132441414578778,117,0.8125,2839,83091317,0.0055262392160872476,NaN
29371,0.13512408035057089,0.030027573411237973,0.015130428000996614,117,0.8125,2839,83119707,0.0055262392160872476,NaN
29381,0.13512408035057089,0.030027573411237973,0.015128430459250228,117,0.8125,2840,83148100,0.0055262392160872476,NaN
29391,0.13512408035057089,0.030027573411237973,0.015126448288443275,117,0.8125,2840,83176500,0.0055262392160872476,NaN
29401,0.13512408035057089,0.030027573411237973,0.015124481796811208,117,0.8125,2840,83204900,0.0055262392160872476,NaN
29411,0.13512408035057089,0.030027573411237973,0.015122530766265395,117,0.8125,2840,83233300,0.0055262392160872476,NaN
29421,0.13512408035057089,0.030027573411237973,0.015120595021068713,117,0.8125,2840,83261700,0.0055262392160872476,NaN
29431,0.13512408035057089,0.030027573411237973,0.015118674315386608,117,0.8125,2840,83290100,0.0055262392160872476,NaN
29441,0.13512408035057089,0.030027573411237973,0.015116768492600297,117,0.8125,2840,83318500,0.0055262392160872476,NaN
29451,0.13512408035057089,0.030027573411237973,0.015114877378486567,117,0.8125,2840,83346900,0.0055262392160872476,NaN
29461,0.13512408035057089,0.030027573411237973,0.015113000703291059,117,0.8125,2840,83375300,0.0055262392160872476,NaN
29471,0.13512408035057089,0.030027573411237973,0.015111138329473698,117,0.8125,2840,83403700,0.0055262392160872476,NaN
29481,0.13512408035057089,0.030027573411237973,0.015109290095560791,117,0.8125,2840,83432100,0.0055262392160872476,NaN
29491,0.13512408035057089,0.030027573411237973,0.015107455800127694,117,0.8125,2840,83460500,0.0055262392160872476,NaN
29501,0.13512408035057089,0.030027573411237973,0.015105635277984518,117,0.8125,2840,83488900,0.0055262392160872476,NaN
29511,0.13512408035057089,0.030027573411237973,0.01510382788153449,117,0.8125,2841,83517307,0.0055262392160872476,NaN
29521,0.13512408035057089,0.030027573411237973,0.015102033725634487,117,0.8125,2841,83545717,0.0055262392160872476,NaN
29531,0.13512408035057089,0.030027573411237973,0.015100252840333006,117,0.8125,2841,83574127,0.0055262392160872476,NaN
29541,0.13512408035057089,0.030027573411237973,0.015098485047976836,117,0.8125,2841,83602537,0.0055262392160872476,NaN
29551,0.13512408035057089,0.030027573411237973,0.015096730221905065,117,0.8125,2841,83630947,0.0055262392160872476,NaN
29561,0.13512408035057089,0.030027573411237973,0.015094988173216568,117,0.8125,2841,83659357,0.0055262392160872476,NaN
29571,0.13512408035057089,0.030027573411237973,0.015093258754067926,117,0.8125,2841,83687767,0.0055262392160872476,NaN
29581,0.13512408035057089,0.030027573411237973,0.01509154178308492,117,0.8125,2841,83716177,0.0055262392160872476,NaN
29591,0.13512408035057089,0.030027573411237973,0.015089837137329417,117,0.8125,2841,83744587,0.0055262392160872476,NaN
29601,0.13512408035057089,0.030027573411237973,0.015088144645495143,117,0.8125,2841,83772997,0.0055262392160872476,NaN
29611,0.13512408035057089,0.030027573411237973,0.01508646418692884,117,0.8125,2841,83801407,0.0055262392160872476,NaN
29621,0.13512408035057089,0.030027573411237973,0.015084795614604383,117,0.8125,2841,83829817,0.0055262392160872476,NaN
29631,0.13512408035057089,0.030027573411237973,0.015083138747132827,117,0.8125,2842,83858228,0.0055262392160872476,NaN
29641,0.13512408035057089,0.030027573411237973,0.015081492931945138,117,0.8125,2842,83886648,0.0055262392160872476,NaN
29651,0.13512408035057089,0.030027573411237973,0.015079858622637008,117,0.8125,2842,83915068,0.0055262392160872476,NaN
29661,0.13512408035057089,0.030027573411237973,0.015078235641374131,117,0.8125,2842,83943488,0.0055262392160872476,NaN
29671,0.13512408035057089,0.030027573411237973,0.015076623877855029,117,0.8125,2842,83971908,0.0055262392160872476,NaN
29681,0.13512408035057089,0.030027573411237973,0.01507502319735601,117,0.8125,2842,84000328,0.0055262392160872476,NaN
29691,0.13512408035057089,0.030027573411237973,0.015073433467612989,117,0.8125,2842,84028748,0.0055262392160872476,NaN
29701,0.13512408035057089,0.030027573411237973,0.015071854579730589,117,0.8125,2842,84057168,0.0055262392160872476,NaN
29711,0.13512408035057089,0.030027573411237973,0.015070286366351058,117,0.8125,2842,84085588,0.0055262392160872476,NaN
29721,0.13512408035057089,0.030027573411237973,0.015068728714990466,117,0.8125,2842,84114008,0.0055262392160872476,NaN
29731,0.13512408035057089,0.030027573411237973,0.015067181547268419,117,0.8125,2842,84142428,0.0055262392160872476,NaN
29741,0.13512408035057089,0.030027573411237973,0.015065644754928593,117,0.8125,2842,84170848,0.0055262392160872476,NaN
29751,0.13512408035057089,0.030027573411237973,0.015064118186692973,117,0.8125,2842,84199268,0.0055262392160872476,NaN
29761,0.13512408035057089,0.030027573411237973,0.015062601494662157,117,0.8125,2843,84227692,0.0055262392160872476,NaN
29771,0.13512408035057089,0.030027573411237973,0.015061094493579195,117,0.8125,2843,84256122,0.0055262392160872476,NaN
29781,0.13512408035057089,0.030027573411237973,0.01505959739516262,117,0.8125,2843,84284552,0.0055262392160872476,NaN
29791,0.13512408035057089,0.030027573411237973,0.015058110069656147,117,0.8125,2843,84312982,0.0055262392160872476,NaN
29801,0.13512408035057089,0.030027573411237973,0.015056632468784945,117,0.8125,2843,84341412,0.0055262392160872476,NaN
29811,0.13512408035057089,0.030027573411237973,0.015055164422205801,117,0.8125,2843,84369842,0.0055262392160872476,NaN
29821,0.13512408035057089,0.030027573411237973,0.015053705837031979,117,0.8125,2843,84398272,0.0055262392160872476,NaN
29831,0.13512408035057089,0.030027573411237973,0.01505225664204609,117,0.8125,2843,84426702,0.0055262392160872476,NaN
29841,0.13512408035057089,0.030027573411237973,0.015050816683788644,117,0.8125,2843,84455132,0.0055262392160872476,NaN
29851,0.13512408035057089,0.030027573411237973,0.015049385935502202,117,0.8125,2843,84483562,0.0055262392160872476,NaN
29861,0.13512408035057089,0.030027573411237973,0.015047964226364983,117,0.8125,2843,84511992,0.0055262392160872476,NaN
29871,0.13512408035057089,0.030027573411237973,0.015046551500384317,117,0.8125,2843,84540422,0.0055262392160872476,NaN
29881,0.13512408035057089,0.030027573411237973,0.015045147653605222,117,0.8125,2843,84568852,0.0055262392160872476,NaN
29891,0.13512408035057089,0.030027573411237973,0.015043752294137045,117,0.8125,2844,84597288,0.0055262392160872476,NaN
29901,0.13512408035057089,0.030027573411237973,0.015042365445607593,117,0.8125,2844,84625728,0.0055262392160872476,NaN
29911,0.13512408035057089,0.030027573411237973,0.015040987222835069,117,0.8125,2844,84654168,0.0055262392160872476,NaN
29921,0.13512408035057089,0.030027573411237973,0.015039617515105444,117,0.8125,2844,84682608,0.0055262392160872476,NaN
29931,0.13512408035057089,0.030027573411237973,0.015038256277063724,117,0.8125,2844,84711048,0.0055262392160872476,NaN
29941,0.13512408035057089,0.030027573411237973,0.015036903358684676,117,0.8125,2844,84739488,0.0055262392160872476,NaN
29951,0.13512408035057089,0.030027573411237973,0.015035558690029587,117,0.8125,2844,84767928,0.0055262392160872476,NaN
29961,0.13512408035057089,0.030027573411237973,0.01503422220145413,117,0.8125,2844,84796368,0.0055262392160872476,NaN
29971,0.13512408035057089,0.030027573411237973,0.015032893795176774,117,0.8125,2844,84824808,0.0055262392160872476,NaN
29981,0.13512408035057089,0.030027573411237973,0.015031573387022885,117,0.8125,2844,84853248,0.0055262392160872476,NaN
29991,0.13512408035057089,0.030027573411237973,0.015030260895612598,117,0.8125,2844,84881688,0.0055262392160872476,NaN
30001,0.13512408035057089,0.030027573411237973,0.015028956278163554,117,0.8125,2844,84910128,0.0055262392160872476,NaN
30011,0.13512408035057089,0.030027573411237973,0.015027659422830495,117,0.8125,2844,84938568,0.0055262392160872476,NaN
30021,0.13512408035057089,0.030027573411237973,0.015026369910699222,117,0.8125,2845,84967016,0.0055262392160872476,NaN
30031,0.13512408035057089,0.030027573411237973,0.01502508792009243,117,0.8125,2845,84995466,0.0055262392160872476,NaN
30041,0.13512408035057089,0.030027573411237973,0.015023813472204325,117,0.8125,2845,85023916,0.0055262392160872476,NaN
30051,0.13512408035057089,0.030027573411237973,0.015022546501315605,117,0.8125,2845,85052366,0.0055262392160872476,NaN
30061,0.13512408035057089,0.030027573411237973,0.015021286900836055,117,0.8125,2845,85080816,0.0055262392160872476,NaN
30071,0.13512408035057089,0.030027573411237973,0.015020034646761675,117,0.8125,2845,85109266,0.0055262392160872476,NaN
30081,0.13512408035057089,0.030027573411237973,0.015018789650173787,117,0.8125,2845,85137716,0.0055262392160872476,NaN
30091,0.13512408035057089,0.030027573411237973,0.015017551818368668,117,0.8125,2845,85166166,0.0055262392160872476,NaN
30101,0.13512408035057089,0.030027573411237973,0.01501632109823376,117,0.8125,2845,85194616,0.0055262392160872476,NaN
30111,0.13512408035057089,0.030027573411237973,0.015015097421610292,117,0.8125,2845,85223066,0.0055262392160872476,NaN
30121,0.13512408035057089,0.030027573411237973,0.015013880732008834,117,0.8125,2845,85251516,0.0055262392160872476,NaN
30131,0.13512408035057089,0.030027573411237973,0.015012670945624442,117,0.8125,2845,85279966,0.0055262392160872476,NaN
30141,0.13512408035057089,0.030027573411237973,0.015011468010297423,117,0.8125,2845,85308416,0.0055262392160872476,NaN
30151,0.13512408035057089,0.030027573411237973,0.015010271445250821,117,0.8125,2846,85336876,0.0055262392160872476,NaN
30161,0.13512408035057089,0.030027573411237973,0.01500908159787697,117,0.8125,2846,85365336,0.0055262392160872476,NaN
30171,0.13512408035057089,0.030027573411237973,0.015007898385367218,117,0.8125,2846,85393796,0.0055262392160872476,NaN
30181,0.13512408035057089,0.030027573411237973,0.015006721785079185,117,0.8125,2846,85422256,0.0055262392160872476,NaN
30191,0.13512408035057089,0.030027573411237973,0.015005551706567276,117,0.8125,2846,85450716,0.0055262392160872476,NaN
30201,0.13512408035057089,0.030027573411237973,0.015004388114720907,117,0.8125,2846,85479176,0.0055262392160872476,NaN
30211,0.13512408035057089,0.030027573411237973,0.015003230932030258,117,0.8125,2846,85507636,0.0055262392160872476,NaN
30221,0.13512408035057089,0.030027573411237973,0.015002080102907878,117,0.8125,2846,85536096,0.0055262392160872476,NaN
30231,0.13512408035057089,0.030027573411237973,0.01500093555191185,117,0.8125,2846,85564556,0.0055262392160872476,NaN
30241,0.13512408035057089,0.030027573411237973,0.01499979724344741,117,0.8125,2846,85593016,0.0055262392160872476,NaN
30251,0.13512408035057089,0.030027573411237973,0.014998665111304174,117,0.8125,2846,85621476,0.0055262392160872476,NaN
30261,0.13512408035057089,0.030027573411237973,0.014997539104837455,117,0.8125,2846,85649936,0.0055262392160872476,NaN
30271,0.13512408035057089,0.030027573411237973,0.014996419144660537,117,0.8125,2847,85678397,0.0055262392160872476,NaN
30281,0.13512408035057089,0.030027573411237973,0.014995304851066892,117,0.8125,2847,85706867,0.0055262392160872476,NaN
30291,0.13512408035057089,0.030027573411237973,0.014994196496060784,117,0.8125,2847,85735337,0.0055262392160872476,NaN
30301,0.13512408035057089,0.030027573411237973,0.014993094060991566,117,0.8125,2847,85763807,0.0055262392160872476,NaN
30311,0.13512408035057089,0.030027573411237973,0.014991997467242807,117,0.8125,2847,85792277,0.0055262392160872476,NaN
30321,0.13512408035057089,0.030027573411237973,0.014990906684736158,117,0.8125,2847,85820747,0.0055262392160872476,NaN
30331,0.13512408035057089,0.030027573411237973,0.014989821643149555,117,0.8125,2847,85849217,0.0055262392160872476,NaN
30341,0.13512408035057089,0.030027573411237973,0.014988742296328482,117,0.8125,2847,85877687,0.0055262392160872476,NaN
30351,0.13512408035057089,0.030027573411237973,0.014987668613564823,117,0.8125,2847,85906157,0.0055262392160872476,NaN
30361,0.13512408035057089,0.030027573411237973,0.01498660054539045,117,0.8125,2847,85934627,0.0055262392160872476,NaN
30371,0.13512408035057089,0.030027573411237973,0.014985537994818658,117,0.8125,2847,85963097,0.0055262392160872476,NaN
30381,0.13512408035057089,0.030027573411237973,0.014984480968129155,117,0.8125,2847,85991567,0.0055262392160872476,NaN
30391,0.1349873955731663,0.029997199016259177,0.014968864596289762,115,0.7986111111111112,2799,86019701,0.0046476645967524766,NaN
30401,0.1349873955731663,0.029997199016259177,0.014947735038592168,115,0.7986111111111112,2799,86047691,0.00454302679945956,NaN
30411,0.1349873955731663,0.029997199016259177,0.014927413300362556,115,0.7986111111111112,2799,86075681,0.00454302679945956,NaN
30421,0.1349873955731663,0.029997199016259177,0.014907848696671324,115,0.7986111111111112,2799,86103671,0.00454302679945956,NaN
30431,0.1349873955731663,0.029997199016259177,0.014888995311935854,115,0.7986111111111112,2799,86131661,0.00454302679945956,NaN
30441,0.1349873955731663,0.029997199016259177,0.014870810360487492,115,0.7986111111111112,2799,86159651,0.00454302679945956,NaN
30451,0.1349873955731663,0.029997199016259177,0.014853255029059327,115,0.7986111111111112,2799,86187641,0.00454302679945956,NaN
30461,0.1349873955731663,0.029997199016259177,0.014836294348773723,115,0.7986111111111112,2799,86215631,0.00454302679945956,NaN
30471,0.1349873955731663,0.029997199016259177,0.01481989516582299,115,0.7986111111111112,2799,86243621,0.00454302679945956,NaN
30481,0.1349873955731663,0.029997199016259177,0.014804026162994952,115,0.7986111111111112,2799,86271611,0.00454302679945956,NaN
30491,0.1349873955731663,0.029997199016259177,0.01478865858896934,115,0.7986111111111112,2800,86299604,0.00454302679945956,NaN
30501,0.1349873955731663,0.029997199016259177,0.014773763878247609,115,0.7986111111111112,2800,86327604,0.00454302679945956,NaN
30511,0.1349873955731663,0.029997199016259177,0.014759321875881297,115,0.7986111111111112,2800,86355604,0.00454302679945956,NaN
30521,0.1349873955731663,0.029997199016259177,0.014745309790463167,115,0.7986111111111112,2800,86383604,0.00454302679945956,NaN
30531,0.1349873955731663,0.029997199016259177,0.014731706432388296,115,0.7986111111111112,2800,86411604,0.00454302679945956,NaN
30541,0.1349873955731663,0.029997199016259177,0.014718492666948503,115,0.7986111111111112,2800,86439604,0.00454302679945956,NaN
30551,0.1349873955731663,0.029997199016259177,0.014705649769386077,115,0.7986111111111112,2800,86467604,0.00454302679945956,NaN
30561,0.1349873955731663,0.029997199016259177,0.0146931608957622,115,0.7986111111111112,2800,86495604,0.00454302679945956,NaN
30571,0.1349873955731663,0.029997199016259177,0.014681009784517344,115,0.7986111111111112,2800,86523604,0.00454302679945956,NaN
30581,0.1349873955731663,0.029997199016259177,0.014669181582696925,115,0.7986111111111112,2800,86551604,0.00454302679945956,NaN
30591,0.1349873955731663,0.029997199016259177,0.014657661646398016,115,0.7986111111111112,2800,86579604,0.00454302679945956,NaN
30601,0.1349873955731663,0.029997199016259177,0.014646437168697544,115,0.7986111111111112,2800,86607604,0.00454302679945956,NaN
30611,0.1349873955731663,0.029997199016259177,0.014635495834792943,115,0.7986111111111112,2800,86635604,0.00454302679945956,NaN
30621,0.1349873955731663,0.029997199016259177,0.014624825513226533,115,0.7986111111111112,2800,86663604,0.00454302679945956,NaN
30631,0.1349873955731663,0.029997199016259177,0.01461441132961189,115,0.7986111111111112,2801,86691614,0.00454302679945956,NaN
30641,0.1349873955731663,0.029997199016259177,0.014604247180335268,115,0.7986111111111112,2801,86719624,0.00454302679945956,NaN
30651,0.1349873955731663,0.029997199016259177,0.014594323005842227,115,0.7986111111111112,2801,86747634,0.00454302679945956,NaN
30661,0.1349873955731663,0.029997199016259177,0.01458462908095368,115,0.7986111111111112,2801,86775644,0.00454302679945956,NaN
30671,0.1349873955731663,0.029997199016259177,0.01457515689592867,115,0.7986111111111112,2801,86803654,0.00454302679945956,NaN
30681,0.1349873955731663,0.029997199016259177,0.014565898065951797,115,0.7986111111111112,2801,86831664,0.00454302679945956,NaN
30691,0.1349873955731663,0.029997199016259177,0.014556844729429185,115,0.7986111111111112,2801,86859674,0.00454302679945956,NaN
30701,0.1349873955731663,0.029997199016259177,0.014547989134367386,115,0.7986111111111112,2801,86887684,0.00454302679945956,NaN
30711,0.1349873955731663,0.029997199016259177,0.014539324267795303,115,0.7986111111111112,2801,86915694,0.00454302679945956,NaN
30721,0.1349873955731663,0.029997199016259177,0.014530843322633494,115,0.7986111111111112,2801,86943704,0.00454302679945956,NaN
30731,0.1349873955731663,0.029997199016259177,0.01452253992444352,115,0.7986111111111112,2801,86971714,0.00454302679945956,NaN
30741,0.1349873955731663,0.029997199016259177,0.014514407830792676,115,0.7986111111111112,2801,86999724,0.00454302679945956,NaN
30751,0.1349873955731663,0.029997199016259177,0.014506441257860473,115,0.7986111111111112,2801,87027734,0.00454302679945956,NaN
30761,0.1349873955731663,0.029997199016259177,0.014498632704244578,115,0.7986111111111112,2802,87055751,0.00454302679945956,NaN
30771,0.1349873955731663,0.029997199016259177,0.014490977965572142,115,0.7986111111111112,2802,87083771,0.00454302679945956,NaN
30781,0.1349873955731663,0.029997199016259177,0.014483472986273964,115,0.7986111111111112,2802,87111791,0.00454302679945956,NaN
30791,0.1349873955731663,0.029997199016259177,0.014476112698522364,115,0.7986111111111112,2802,87139811,0.00454302679945956,NaN
30801,0.1349873955731663,0.029997199016259177,0.01446889267504438,115,0.7986111111111112,2802,87167831,0.00454302679945956,NaN
30811,0.1349873955731663,0.029997199016259177,0.0144618083112557,115,0.7986111111111112,2802,87195851,0.00454302679945956,NaN
30821,0.1349873955731663,0.029997199016259177,0.014454855556724822,115,0.7986111111111112,2802,87223871,0.00454302679945956,NaN
30831,0.1349873955731663,0.029997199016259177,0.014448030389692156,115,0.7986111111111112,2802,87251891,0.00454302679945956,NaN
30841,0.1349873955731663,0.029997199016259177,0.014441328594535112,115,0.7986111111111112,2802,87279911,0.00454302679945956,NaN
30851,0.1349873955731663,0.029997199016259177,0.014434746855344334,115,0.7986111111111112,2802,87307931,0.00454302679945956,NaN
30861,0.1349873955731663,0.029997199016259177,0.014428281470498048,115,0.7986111111111112,2802,87335951,0.00454302679945956,NaN
30871,0.1349873955731663,0.029997199016259177,0.014421928983556228,115,0.7986111111111112,2802,87363971,0.00454302679945956,NaN
30881,0.1349873955731663,0.029997199016259177,0.014415686063663743,115,0.7986111111111112,2802,87391991,0.00454302679945956,NaN
30891,0.1349873955731663,0.029997199016259177,0.014409548997413627,115,0.7986111111111112,2803,87420014,0.00454302679945956,NaN
30901,0.1349873955731663,0.029997199016259177,0.014403514076536244,115,0.7986111111111112,2803,87448044,0.00454302679945956,NaN
30911,0.1349873955731663,0.029997199016259177,0.014397579751782658,115,0.7986111111111112,2803,87476074,0.00454302679945956,NaN
30921,0.1349873955731663,0.029997199016259177,0.014391743359138318,115,0.7986111111111112,2803,87504104,0.00454302679945956,NaN
30931,0.1349873955731663,0.029997199016259177,0.014386002197359162,115,0.7986111111111112,2803,87532134,0.00454302679945956,NaN
30941,0.1349873955731663,0.029997199016259177,0.01438035371917648,115,0.7986111111111112,2803,87560164,0.00454302679945956,NaN
30951,0.1349873955731663,0.029997199016259177,0.014374795327351968,115,0.7986111111111112,2803,87588194,0.00454302679945956,NaN
30961,0.1349873955731663,0.029997199016259177,0.014369324730882439,115,0.7986111111111112,2803,87616224,0.00454302679945956,NaN
30971,0.1349873955731663,0.029997199016259177,0.014363939610331979,115,0.7986111111111112,2803,87644254,0.00454302679945956,NaN
30981,0.1349873955731663,0.029997199016259177,0.01435863771781252,115,0.7986111111111112,2803,87672284,0.00454302679945956,NaN
30991,0.1349873955731663,0.029997199016259177,0.014353416900809678,115,0.7986111111111112,2803,87700314,0.00454302679945956,NaN
31001,0.1349873955731663,0.029997199016259177,0.014348275124826846,115,0.7986111111111112,2803,87728344,0.00454302679945956,NaN
31011,0.1349873955731663,0.029997199016259177,0.01434321043496316,115,0.7986111111111112,2803,87756374,0.00454302679945956,NaN
31021,0.1349873955731663,0.029997199016259177,0.014338220893142094,115,0.7986111111111112,2803,87784404,0.00454302679945956,NaN
31031,0.1349873955731663,0.029997199016259177,0.014333303196002067,115,0.7986111111111112,2804,87812442,0.00454302679945956,NaN
31041,0.1349873955731663,0.029997199016259177,0.014328456780913372,115,0.7986111111111112,2804,87840482,0.00454302679945956,NaN
31051,0.1349873955731663,0.029997199016259177,0.014323680148362876,115,0.7986111111111112,2804,87868522,0.00454302679945956,NaN
31061,0.1349873955731663,0.029997199016259177,0.014318971675698514,115,0.7986111111111112,2804,87896562,0.00454302679945956,NaN
31071,0.1349873955731663,0.029997199016259177,0.014314329777186956,115,0.7986111111111112,2804,87924602,0.00454302679945956,NaN
31081,0.1349873955731663,0.029997199016259177,0.014309752796032813,115,0.7986111111111112,2804,87952642,0.00454302679945956,NaN
31091,0.1349873955731663,0.029997199016259177,0.014305239264340849,115,0.7986111111111112,2804,87980682,0.00454302679945956,NaN
31101,0.1349873955731663,0.029997199016259177,0.01430078781641343,115,0.7986111111111112,2804,88008722,0.00454302679945956,NaN
31111,0.1349873955731663,0.029997199016259177,0.014296396887799954,115,0.7986111111111112,2804,88036762,0.00454302679945956,NaN
31121,0.1349873955731663,0.029997199016259177,0.014292065187476392,115,0.7986111111111112,2804,88064802,0.00454302679945956,NaN
31131,0.1349873955731663,0.029997199016259177,0.01428779135781286,115,0.7986111111111112,2804,88092842,0.00454302679945956,NaN
31141,0.1349873955731663,0.029997199016259177,0.01428357415170697,115,0.7986111111111112,2804,88120882,0.00454302679945956,NaN
31151,0.1349873955731663,0.029997199016259177,0.014279412264876492,115,0.7986111111111112,2804,88148922,0.00454302679945956,NaN
31161,0.1349873955731663,0.029997199016259177,0.014275304106059213,115,0.7986111111111112,2805,88176965,0.00454302679945956,NaN
31171,0.1349873955731663,0.029997199016259177,0.014271247907264702,115,0.7986111111111112,2805,88205015,0.00454302679945956,NaN
31181,0.1349873955731663,0.029997199016259177,0.014267243535858965,115,0.7986111111111112,2805,88233065,0.00454302679945956,NaN
31191,0.1349873955731663,0.029997199016259177,0.014263289983446444,115,0.7986111111111112,2805,88261115,0.00454302679945956,NaN
31201,0.1349873955731663,0.029997199016259177,0.014259386038584346,115,0.7986111111111112,2805,88289165,0.00454302679945956,NaN
31211,0.1349873955731663,0.029997199016259177,0.014255530732101404,115,0.7986111111111112,2805,88317215,0.00454302679945956,NaN
31221,0.1349873955731663,0.029997199016259177,0.014251723104808493,115,0.7986111111111112,2805,88345265,0.00454302679945956,NaN
31231,0.1349873955731663,0.029997199016259177,0.014247962127802879,115,0.7986111111111112,2805,88373315,0.00454302679945956,NaN
31241,0.1349873955731663,0.029997199016259177,0.01424424686220821,115,0.7986111111111112,2805,88401365,0.00454302679945956,NaN
31251,0.1349873955731663,0.029997199016259177,0.014240576331431063,115,0.7986111111111112,2805,88429415,0.00454302679945956,NaN
31261,0.1349873955731663,0.029997199016259177,0.014236949783001086,115,0.7986111111111112,2805,88457465,0.00454302679945956,NaN
31271,0.1349873955731663,0.029997199016259177,0.014233366226149667,115,0.7986111111111112,2805,88485515,0.00454302679945956,NaN
31281,0.1349873955731663,0.029997199016259177,0.014229824806196365,115,0.7986111111111112,2805,88513565,0.00454302679945956,NaN
31291,0.1349873955731663,0.029997199016259177,0.014226324671248751,115,0.7986111111111112,2805,88541615,0.00454302679945956,NaN
31301,0.1349873955731663,0.029997199016259177,0.014222864197487297,115,0.7986111111111112,2806,88569672,0.00454302679945956,NaN
31311,0.1349873955731663,0.029997199016259177,0.014219443154989495,115,0.7986111111111112,2806,88597732,0.00454302679945956,NaN
31321,0.1349873955731663,0.029997199016259177,0.0142160611300296,115,0.7986111111111112,2806,88625792,0.00454302679945956,NaN
31331,0.1349873955731663,0.029997199016259177,0.014212717383306634,115,0.7986111111111112,2806,88653852,0.00454302679945956,NaN
31341,0.1349873955731663,0.029997199016259177,0.014209411171153779,115,0.7986111111111112,2806,88681912,0.00454302679945956,NaN
31351,0.1349873955731663,0.029997199016259177,0.014206141853454165,115,0.7986111111111112,2806,88709972,0.00454302679945956,NaN
31361,0.1349873955731663,0.029997199016259177,0.01420290875327817,115,0.7986111111111112,2806,88738032,0.00454302679945956,NaN
31371,0.1349873955731663,0.029997199016259177,0.014199711074776982,115,0.7986111111111112,2806,88766092,0.00454302679945956,NaN
31381,0.1349873955731663,0.029997199016259177,0.014196548224564759,115,0.7986111111111112,2806,88794152,0.00454302679945956,NaN
31391,0.1349873955731663,0.029997199016259177,0.014193419627250533,115,0.7986111111111112,2806,88822212,0.00454302679945956,NaN
31401,0.1349873955731663,0.029997199016259177,0.014190324665489997,115,0.7986111111111112,2806,88850272,0.00454302679945956,NaN
31411,0.1349873955731663,0.029997199016259177,0.014187262624704274,115,0.7986111111111112,2806,88878332,0.00454302679945956,NaN
31421,0.1349873955731663,0.029997199016259177,0.014184232988070315,115,0.7986111111111112,2806,88906392,0.00454302679945956,NaN
31431,0.1349873955731663,0.029997199016259177,0.014181235133002228,115,0.7986111111111112,2807,88934453,0.00454302679945956,NaN
31441,0.1349873955731663,0.029997199016259177,0.014178267584753268,115,0.7986111111111112,2807,88962523,0.00454302679945956,NaN
31451,0.1349873955731663,0.029997199016259177,0.014175330745362718,115,0.7986111111111112,2807,88990593,0.00454302679945956,NaN
31461,0.1349873955731663,0.029997199016259177,0.014172424217312062,115,0.7986111111111112,2807,89018663,0.00454302679945956,NaN
31471,0.1349873955731663,0.029997199016259177,0.014169547332131126,115,0.7986111111111112,2807,89046733,0.00454302679945956,NaN
31481,0.1349873955731663,0.029997199016259177,0.014166699655614642,115,0.7986111111111112,2807,89074803,0.00454302679945956,NaN
31491,0.1349873955731663,0.029997199016259177,0.014163880661312914,115,0.7986111111111112,2807,89102873,0.00454302679945956,NaN
31501,0.1349873955731663,0.029997199016259177,0.014161089928034692,115,0.7986111111111112,2807,89130943,0.00454302679945956,NaN
31511,0.1349873955731663,0.029997199016259177,0.0141583268383988,115,0.7986111111111112,2807,89159013,0.00454302679945956,NaN
31521,0.1349873955731663,0.029997199016259177,0.01415559103442139,115,0.7986111111111112,2807,89187083,0.00454302679945956,NaN
31531,0.1349873955731663,0.029997199016259177,0.014152882122727025,115,0.7986111111111112,2807,89215153,0.00454302679945956,NaN
31541,0.1349873955731663,0.029997199016259177,0.01415019960669382,115,0.7986111111111112,2807,89243223,0.00454302679945956,NaN
31551,0.1349873955731663,0.029997199016259177,0.01414754306994601,115,0.7986111111111112,2807,89271293,0.00454302679945956,NaN
31561,0.1349873955731663,0.029997199016259177,0.014144912085357182,115,0.7986111111111112,2807,89299363,0.00454302679945956,NaN
31571,0.1349873955731663,0.029997199016259177,0.01414230588245967,115,0.7986111111111112,2808,89327437,0.00454302679945956,NaN
31581,0.1349873955731663,0.029997199016259177,0.014139723840809533,115,0.7986111111111112,2808,89355517,0.00454302679945956,NaN
31591,0.1349873955731663,0.029997199016259177,0.014137166183014083,115,0.7986111111111112,2808,89383597,0.00454302679945956,NaN
31601,0.1349873955731663,0.029997199016259177,0.014134632495833058,115,0.7986111111111112,2808,89411677,0.00454302679945956,NaN
31611,0.1349873955731663,0.029997199016259177,0.014132122393502759,115,0.7986111111111112,2808,89439757,0.00454302679945956,NaN
31621,0.1349873955731663,0.029997199016259177,0.014129635561122626,115,0.7986111111111112,2808,89467837,0.00454302679945956,NaN
31631,0.1349873955731663,0.029997199016259177,0.014127171583306897,115,0.7986111111111112,2808,89495917,0.00454302679945956,NaN
31641,0.1349873955731663,0.029997199016259177,0.014124730135115381,115,0.7986111111111112,2808,89523997,0.00454302679945956,NaN
31651,0.1349873955731663,0.029997199016259177,0.014122310889689392,115,0.7986111111111112,2808,89552077,0.00454302679945956,NaN
31661,0.1349873955731663,0.029997199016259177,0.014119913483536785,115,0.7986111111111112,2808,89580157,0.00454302679945956,NaN
31671,0.1349873955731663,0.029997199016259177,0.014117537572172604,115,0.7986111111111112,2808,89608237,0.00454302679945956,NaN
31681,0.1349873955731663,0.029997199016259177,0.014115182810466833,115,0.7986111111111112,2808,89636317,0.00454302679945956,NaN
31691,0.1349873955731663,0.029997199016259177,0.014112848937316338,115,0.7986111111111112,2808,89664397,0.00454302679945956,NaN
31701,0.1349873955731663,0.029997199016259177,0.01411053567362525,115,0.7986111111111112,2808,89692477,0.00454302679945956,NaN
31711,0.1349873955731663,0.029997199016259177,0.014108242146215859,115,0.7986111111111112,2809,89720563,0.00454302679945956,NaN
31721,0.1349873955731663,0.029997199016259177,0.014105968279755946,115,0.7986111111111112,2809,89748653,0.00454302679945956,NaN
31731,0.1349873955731663,0.029997199016259177,0.014103714113194915,115,0.7986111111111112,2809,89776743,0.00454302679945956,NaN
31741,0.1349873955731663,0.029997199016259177,0.014101479322576167,115,0.7986111111111112,2809,89804833,0.00454302679945956,NaN
31751,0.1349873955731663,0.029997199016259177,0.014099263694505352,115,0.7986111111111112,2809,89832923,0.00454302679945956,NaN
31761,0.1349873955731663,0.029997199016259177,0.014097066917499325,115,0.7986111111111112,2809,89861013,0.00454302679945956,NaN
31771,0.1349873955731663,0.029997199016259177,0.01409488870760788,115,0.7986111111111112,2809,89889103,0.00454302679945956,NaN
31781,0.1349873955731663,0.029997199016259177,0.014092728849341056,115,0.7986111111111112,2809,89917193,0.00454302679945956,NaN
31791,0.1349873955731663,0.029997199016259177,0.014090587068493745,115,0.7986111111111112,2809,89945283,0.00454302679945956,NaN
31801,0.1349873955731663,0.029997199016259177,0.014088463077283933,115,0.7986111111111112,2809,89973373,0.00454302679945956,NaN
31811,0.1349873955731663,0.029997199016259177,0.014086356654182116,115,0.7986111111111112,2809,90001463,0.00454302679945956,NaN
31821,0.1349873955731663,0.029997199016259177,0.01408426752956387,115,0.7986111111111112,2809,90029553,0.00454302679945956,NaN
31831,0.1349873955731663,0.029997199016259177,0.014082195478513727,115,0.7986111111111112,2809,90057643,0.00454302679945956,NaN
31841,0.1349873955731663,0.029997199016259177,0.014080140296965681,115,0.7986111111111112,2809,90085733,0.00454302679945956,NaN
31851,0.1349873955731663,0.029997199016259177,0.014078101148682144,115,0.7986111111111112,2810,90113831,0.00454302679945956,NaN
31861,0.1349873955731663,0.029997199016259177,0.014076078244445166,115,0.7986111111111112,2810,90141931,0.00454302679945956,NaN
31871,0.1349873955731663,0.029997199016259177,0.014074071562652493,115,0.7986111111111112,2810,90170031,0.00454302679945956,NaN
31881,0.1349873955731663,0.029997199016259177,0.014072080829722064,115,0.7986111111111112,2810,90198131,0.00454302679945956,NaN
31891,0.1349873955731663,0.029997199016259177,0.014070105849135832,115,0.7986111111111112,2810,90226231,0.00454302679945956,NaN
31901,0.1349873955731663,0.029997199016259177,0.014068146403631382,115,0.7986111111111112,2810,90254331,0.00454302679945956,NaN
31911,0.1349873955731663,0.029997199016259177,0.014066202333086463,115,0.7986111111111112,2810,90282431,0.00454302679945956,NaN
31921,0.1349873955731663,0.029997199016259177,0.01406427341244844,115,0.7986111111111112,2810,90310531,0.00454302679945956,NaN
31931,0.1349873955731663,0.029997199016259177,0.014062359413633149,115,0.7986111111111112,2810,90338631,0.00454302679945956,NaN
31941,0.1349873955731663,0.029997199016259177,0.014060460154609461,115,0.7986111111111112,2810,90366731,0.00454302679945956,NaN
31951,0.1349873955731663,0.029997199016259177,0.014058575455521626,115,0.7986111111111112,2810,90394831,0.00454302679945956,NaN
31961,0.1349873955731663,0.029997199016259177,0.014056705146711874,115,0.7986111111111112,2810,90422931,0.00454302679945956,NaN
31971,0.1349873955731663,0.029997199016259177,0.014054849050640405,115,0.7986111111111112,2810,90451031,0.00454302679945956,NaN
31981,0.1349873955731663,0.029997199016259177,0.014053006957956964,115,0.7986111111111112,2810,90479131,0.00454302679945956,NaN
31991,0.1349873955731663,0.029997199016259177,0.014051178099798941,115,0.7986111111111112,2811,90507240,0.00454302679945956,NaN
32001,0.1349873955731663,0.029997199016259177,0.014049362825291496,115,0.7986111111111112,2811,90535350,0.00454302679945956,NaN
32011,0.1349873955731663,0.029997199016259177,0.014047561085952192,115,0.7986111111111112,2811,90563460,0.00454302679945956,NaN
32021,0.1349873955731663,0.029997199016259177,0.0140457726691856,115,0.7986111111111112,2811,90591570,0.00454302679945956,NaN
32031,0.1349873955731663,0.029997199016259177,0.01404399740897658,115,0.7986111111111112,2811,90619680,0.00454302679945956,NaN
32041,0.1349873955731663,0.029997199016259177,0.014042235126601224,115,0.7986111111111112,2811,90647790,0.00454302679945956,NaN
32051,0.1349873955731663,0.029997199016259177,0.01404048572203822,115,0.7986111111111112,2811,90675900,0.00454302679945956,NaN
32061,0.1349873955731663,0.029997199016259177,0.014038748962860288,115,0.7986111111111112,2811,90704010,0.00454302679945956,NaN
32071,0.1349873955731663,0.029997199016259177,0.014037024745739193,115,0.7986111111111112,2811,90732120,0.00454302679945956,NaN
32081,0.1349873955731663,0.029997199016259177,0.014035312951274519,115,0.7986111111111112,2811,90760230,0.00454302679945956,NaN
32091,0.1349873955731663,0.029997199016259177,0.014033613345567051,115,0.7986111111111112,2811,90788340,0.00454302679945956,NaN
32101,0.1349873955731663,0.029997199016259177,0.014031925827336965,115,0.7986111111111112,2811,90816450,0.00454302679945956,NaN
32111,0.1349873955731663,0.029997199016259177,0.014030250257591002,115,0.7986111111111112,2811,90844560,0.00454302679945956,NaN
32121,0.1349873955731663,0.029997199016259177,0.01402858648667888,115,0.7986111111111112,2811,90872670,0.00454302679945956,NaN
32131,0.1349873955731663,0.029997199016259177,0.014026933778053542,115,0.7986111111111112,2812,90900790,0.00454302679945956,NaN
32141,0.1349873955731663,0.029997199016259177,0.014025292622461324,115,0.7986111111111112,2812,90928910,0.00454302679945956,NaN
32151,0.1349873955731663,0.029997199016259177,0.014023662861313232,115,0.7986111111111112,2812,90957030,0.00454302679945956,NaN
32161,0.1349873955731663,0.029997199016259177,0.014022044363848565,115,0.7986111111111112,2812,90985150,0.00454302679945956,NaN
32171,0.1349873955731663,0.029997199016259177,0.014020436990456788,115,0.7986111111111112,2812,91013270,0.00454302679945956,NaN
32181,0.1349873955731663,0.029997199016259177,0.014018840649397762,115,0.7986111111111112,2812,91041390,0.00454302679945956,NaN
32191,0.1349873955731663,0.029997199016259177,0.01401725516455177,115,0.7986111111111112,2812,91069510,0.00454302679945956,NaN
32201,0.1349873955731663,0.029997199016259177,0.014015680400195176,115,0.7986111111111112,2812,91097630,0.00454302679945956,NaN
32211,0.1349873955731663,0.029997199016259177,0.014014116326064998,115,0.7986111111111112,2812,91125750,0.00454302679945956,NaN
32221,0.1349873955731663,0.029997199016259177,0.01401256274215587,115,0.7986111111111112,2812,91153870,0.00454302679945956,NaN
32231,0.1349873955731663,0.029997199016259177,0.014011019589297794,115,0.7986111111111112,2812,91181990,0.00454302679945956,NaN
32241,0.1349873955731663,0.029997199016259177,0.01400948668693035,115,0.7986111111111112,2812,91210110,0.00454302679945956,NaN
32251,0.1349873955731663,0.029997199016259177,0.014007963943946029,115,0.7986111111111112,2812,91238230,0.00454302679945956,NaN
32261,0.1349873955731663,0.029997199016259177,0.014006451229428528,115,0.7986111111111112,2812,91266350,0.00454302679945956,NaN
32271,0.1349873955731663,0.029997199016259177,0.014004947932348126,115,0.7986111111111112,2813,91294480,0.00454302679945956,NaN
32281,0.1349873955731663,0.029997199016259177,0.014003454471861779,115,0.7986111111111112,2813,91322610,0.00454302679945956,NaN
32291,0.1349873955731663,0.029997199016259177,0.014001970746794688,115,0.7986111111111112,2813,91350740,0.00454302679945956,NaN
32301,0.1349873955731663,0.029997199016259177,0.014000496633656382,115,0.7986111111111112,2813,91378870,0.00454302679945956,NaN
32311,0.1349873955731663,0.029997199016259177,0.013999032024956852,115,0.7986111111111112,2813,91407000,0.00454302679945956,NaN
32321,0.1349873955731663,0.029997199016259177,0.013997576862490667,115,0.7986111111111112,2813,91435130,0.00454302679945956,NaN
32331,0.1349873955731663,0.029997199016259177,0.013996130980445689,115,0.7986111111111112,2813,91463260,0.00454302679945956,NaN
32341,0.1349873955731663,0.029997199016259177,0.013994694366543683,115,0.7986111111111112,2813,91491390,0.00454302679945956,NaN
32351,0.1349873955731663,0.029997199016259177,0.013993266853705884,115,0.7986111111111112,2813,91519520,0.00454302679945956,NaN
32361,0.1349873955731663,0.029997199016259177,0.013991848310568865,115,0.7986111111111112,2813,91547650,0.00454302679945956,NaN
32371,0.1349873955731663,0.029997199016259177,0.013990438727223865,115,0.7986111111111112,2813,91575780,0.00454302679945956,NaN
32381,0.1349873955731663,0.029997199016259177,0.013989037967526386,115,0.7986111111111112,2813,91603910,0.00454302679945956,NaN
32391,0.1349873955731663,0.029997199016259177,0.01398764594118337,115,0.7986111111111112,2813,91632040,0.00454302679945956,NaN
32401,0.1349873955731663,0.029997199016259177,0.013986262546090505,115,0.7986111111111112,2813,91660170,0.00454302679945956,NaN
32411,0.1349873955731663,0.029997199016259177,0.01398488727859683,115,0.7986111111111112,2814,91688309,0.00454302679945956,NaN
32421,0.1349873955731663,0.029997199016259177,0.013983520425147947,115,0.7986111111111112,2814,91716449,0.00454302679945956,NaN
32431,0.1349873955731663,0.029997199016259177,0.013982161961092874,115,0.7986111111111112,2814,91744589,0.00454302679945956,NaN
32441,0.1349873955731663,0.029997199016259177,0.013980811811250098,115,0.7986111111111112,2814,91772729,0.00454302679945956,NaN
32451,0.1349873955731663,0.029997199016259177,0.013979469871486187,115,0.7986111111111112,2814,91800869,0.00454302679945956,NaN
32461,0.1349873955731663,0.029997199016259177,0.01397813605989496,115,0.7986111111111112,2814,91829009,0.00454302679945956,NaN
32471,0.1349873955731663,0.029997199016259177,0.01397681024986887,115,0.7986111111111112,2814,91857149,0.00454302679945956,NaN
32481,0.1349873955731663,0.029997199016259177,0.013975492436845574,115,0.7986111111111112,2814,91885289,0.00454302679945956,NaN
32491,0.1349873955731663,0.029997199016259177,0.013974182520184302,115,0.7986111111111112,2814,91913429,0.00454302679945956,NaN
32501,0.1349873955731663,0.029997199016259177,0.013972880432029745,115,0.7986111111111112,2814,91941569,0.00454302679945956,NaN
32511,0.1349873955731663,0.029997199016259177,0.013971586008566402,115,0.7986111111111112,2814,91969709,0.00454302679945956,NaN
32521,0.1349873955731663,0.029997199016259177,0.013970299255523946,115,0.7986111111111112,2814,91997849,0.00454302679945956,NaN
32531,0.1349873955731663,0.029997199016259177,0.013969020101347658,115,0.7986111111111112,2814,92025989,0.00454302679945956,NaN
32541,0.1349873955731663,0.029997199016259177,0.013967748439169739,115,0.7986111111111112,2814,92054129,0.00454302679945956,NaN
32551,0.1349873955731663,0.029997199016259177,0.01396648384490447,115,0.7986111111111112,2815,92082277,0.00454302679945956,NaN
32561,0.1349873955731663,0.029997199016259177,0.013965226505206658,115,0.7986111111111112,2815,92110427,0.00454302679945956,NaN
32571,0.1349873955731663,0.029997199016259177,0.013963976462231702,115,0.7986111111111112,2815,92138577,0.00454302679945956,NaN
32581,0.1349873955731663,0.029997199016259177,0.013962733649399869,115,0.7986111111111112,2815,92166727,0.00454302679945956,NaN
32591,0.1349873955731663,0.029997199016259177,0.013961497965150563,115,0.7986111111111112,2815,92194877,0.00454302679945956,NaN
32601,0.1349873955731663,0.029997199016259177,0.013960269346115923,115,0.7986111111111112,2815,92223027,0.00454302679945956,NaN
32611,0.1349873955731663,0.029997199016259177,0.013959047744051338,115,0.7986111111111112,2815,92251177,0.00454302679945956,NaN
32621,0.1349873955731663,0.029997199016259177,0.01395783309277789,115,0.7986111111111112,2815,92279327,0.00454302679945956,NaN
32631,0.1349873955731663,0.029997199016259177,0.013956625335055352,115,0.7986111111111112,2815,92307477,0.00454302679945956,NaN
32641,0.1349873955731663,0.029997199016259177,0.013955424377028137,115,0.7986111111111112,2815,92335627,0.00454302679945956,NaN
32651,0.1349873955731663,0.029997199016259177,0.013954230148257946,115,0.7986111111111112,2815,92363777,0.00454302679945956,NaN
32661,0.1349873955731663,0.029997199016259177,0.013953042624603599,115,0.7986111111111112,2815,92391927,0.00454302679945956,NaN
32671,0.1349873955731663,0.029997199016259177,0.013951861722209013,115,0.7986111111111112,2815,92420077,0.00454302679945956,NaN
32681,0.1349873955731663,0.029997199016259177,0.013950687337378627,115,0.7986111111111112,2815,92448227,0.00454302679945956,NaN
32691,0.1349873955731663,0.029997199016259177,0.013949519223876364,115,0.7986111111111112,2816,92476383,0.00454302679945956,NaN
32701,0.1349873955731663,0.029997199016259177,0.013948357403498519,115,0.7986111111111112,2816,92504543,0.00454302679945956,NaN
32711,0.1349873955731663,0.029997199016259177,0.01394720194855876,115,0.7986111111111112,2816,92532703,0.00454302679945956,NaN
32721,0.1349873955731663,0.029997199016259177,0.013946052790522705,115,0.7986111111111112,2816,92560863,0.00454302679945956,NaN
32731,0.1349873955731663,0.029997199016259177,0.013944909919274847,115,0.7986111111111112,2816,92589023,0.00454302679945956,NaN
32741,0.1349873955731663,0.029997199016259177,0.013943773229216881,115,0.7986111111111112,2816,92617183,0.00454302679945956,NaN
32751,0.1349873955731663,0.029997199016259177,0.013942642714659956,115,0.7986111111111112,2816,92645343,0.00454302679945956,NaN
32761,0.1349873955731663,0.029997199016259177,0.013941518278765358,115,0.7986111111111112,2816,92673503,0.00454302679945956,NaN
32771,0.1349873955731663,0.029997199016259177,0.013940399878244766,115,0.7986111111111112,2816,92701663,0.00454302679945956,NaN
32781,0.1349873955731663,0.029997199016259177,0.01393928748026606,115,0.7986111111111112,2816,92729823,0.00454302679945956,NaN
32791,0.1349873955731663,0.029997199016259177,0.013938181018498743,115,0.7986111111111112,2816,92757983,0.00454302679945956,NaN
32801,0.1349873955731663,0.029997199016259177,0.013937080436231788,115,0.7986111111111112,2816,92786143,0.00454302679945956,NaN
32811,0.1349873955731663,0.029997199016259177,0.01393598566386243,115,0.7986111111111112,2816,92814303,0.00454302679945956,NaN
32821,0.1349873955731663,0.029997199016259177,0.013934896693503725,115,0.7986111111111112,2816,92842463,0.00454302679945956,NaN
32831,0.1349873955731663,0.029997199016259177,0.013933813253634056,115,0.7986111111111112,2817,92870627,0.00454302679945956,NaN
32841,0.1349873955731663,0.029997199016259177,0.013932735291796136,115,0.7986111111111112,2817,92898797,0.00454302679945956,NaN
32851,0.1349873955731663,0.029997199016259177,0.013931662916946043,115,0.7986111111111112,2817,92926967,0.00454302679945956,NaN
32861,0.1349873955731663,0.029997199016259177,0.01393059612756694,115,0.7986111111111112,2817,92955137,0.00454302679945956,NaN
32871,0.1349873955731663,0.029997199016259177,0.013929534879767514,115,0.7986111111111112,2817,92983307,0.00454302679945956,NaN
32881,0.1349873955731663,0.029997199016259177,0.013928479102930488,115,0.7986111111111112,2817,93011477,0.00454302679945956,NaN
32891,0.1349873955731663,0.029997199016259177,0.013927428759320935,115,0.7986111111111112,2817,93039647,0.00454302679945956,NaN
32901,0.1349873955731663,0.029997199016259177,0.013926383795339217,115,0.7986111111111112,2817,93067817,0.00454302679945956,NaN
32911,0.1339365240879581,0.029722464004726452,0.013910863358242546,114,0.7916666666666666,2793,93095819,0.004580652617790948,NaN
32921,0.13219811929005687,0.029338515025424266,0.013889858763000723,114,0.7916666666666666,2793,93123749,0.004847005819410555,NaN
32931,0.13055679778010978,0.028976159125314975,0.013869653174122747,114,0.7916666666666666,2793,93151679,0.004888557279437045,NaN
32941,0.12895639677959345,0.028622755970370492,0.013850196947985748,114,0.7916666666666666,2793,93179609,0.004556416513263939,NaN
32951,0.12743665119811956,0.028284352328480405,0.013831445395529959,114,0.7916666666666666,2793,93207539,0.004202640227260024,NaN
32961,0.1259801207742141,0.027961979427968853,0.013813356677369572,114,0.7916666666666666,2793,93235469,0.00416709160258627,NaN
32971,0.12457270928812411,0.027651424492902817,0.013795892191660511,114,0.7916666666666666,2793,93263399,0.003619843790449384,NaN
32981,0.12324194636495393,0.02735766171819855,0.01377901639183008,114,0.7916666666666666,2793,93291329,0.003619843790449384,NaN
32991,0.12193246937731375,0.027066035330782525,0.013762696584429433,114,0.7916666666666666,2793,93319259,0.003619843790449384,NaN
33001,0.12062807380441362,0.026779076195871346,0.013746902644303467,114,0.7916666666666666,2793,93347189,0.003619843790449384,NaN
33011,0.11939267380312557,0.026505152891185622,0.01373160727098821,114,0.7916666666666666,2793,93375119,0.003619843790449384,NaN
33021,0.11819393742309056,0.026238744414958822,0.013716784572543272,114,0.7916666666666666,2793,93403049,0.003619843790449384,NaN
33031,0.11700359351413622,0.025975035641835384,0.013702410413420192,114,0.7916666666666666,2793,93430979,0.003619843790449384,NaN
33041,0.11586983532615223,0.025723989431808064,0.013688462473460832,114,0.7916666666666666,2793,93458909,0.003619843790449384,NaN
33051,0.1147410826592251,0.025473752615223784,0.013674915398051275,114,0.7916666666666666,2794,93486848,0.003619843790449384,NaN
33061,0.11367143661373921,0.025237746687356,0.013661754739064341,114,0.7916666666666666,2794,93514788,0.003619843790449384,NaN
33071,0.11262710667800593,0.025007085882931053,0.013648962280020098,114,0.7916666666666666,2794,93542728,0.003619843790449384,NaN
33081,0.11162312386386737,0.02478245779354484,0.013636521178019124,114,0.7916666666666666,2794,93570668,0.003619843790449384,NaN
33091,0.11062354517148505,0.02456168684861548,0.013624415106909017,114,0.7916666666666666,2794,93598608,0.003619843790449384,NaN
33101,0.10968483552172854,0.024353574521241938,0.013612630297506928,114,0.7916666666666666,2794,93626548,0.003619843790449384,NaN
33111,0.1087474165347499,0.024146913284092297,0.013601151795634264,114,0.7916666666666666,2794,93654488,0.003619843790449384,NaN
33121,0.10785965957745065,0.023949138904792285,0.013589967037115262,114,0.7916666666666666,2794,93682428,0.003619843790449384,NaN
33131,0.10696588001123203,0.023751183897800288,0.013579063063550861,114,0.7916666666666666,2794,93710368,0.003619843790449384,NaN
33141,0.10610228587763469,0.023560229699417987,0.013568428409515531,114,0.7916666666666666,2794,93738308,0.003619843790449384,NaN
33151,0.1052537595907989,0.02337057053096715,0.013558052267612985,114,0.7916666666666666,2794,93766248,0.003619843790449384,NaN
33161,0.10443178574761491,0.023189399357400352,0.013547924800616375,114,0.7916666666666666,2794,93794188,0.003619843790449384,NaN
33171,0.10362304402451837,0.02300958986549027,0.013538035102388511,114,0.7916666666666666,2794,93822128,0.003619843790449384,NaN
33181,0.10282787682689101,0.022834188643652286,0.013528374382324855,114,0.7916666666666666,2794,93850068,0.003619843790449384,NaN
33191,0.10206854052291439,0.022663694704588462,0.013518932838926433,114,0.7916666666666666,2795,93878012,0.003619843790449384,NaN
33201,0.10131062644406821,0.02249596343397981,0.013509701570987336,114,0.7916666666666666,2795,93905962,0.003619843790449384,NaN
33211,0.10058718832541606,0.02233627168123881,0.013500674482320589,114,0.7916666666666666,2795,93933912,0.003619843790449384,NaN
33221,0.09986024356593576,0.022176488311782986,0.013491843992807624,114,0.7916666666666666,2795,93961862,0.003619843790449384,NaN
33231,0.09917247500243401,0.022023605273266793,0.013483203655351,114,0.7916666666666666,2795,93989812,0.003619843790449384,NaN
33241,0.09849572167032689,0.02187231065668124,0.013474746229423535,114,0.7916666666666666,2795,94017762,0.003619843790449384,NaN
33251,0.09781709101743166,0.02172115429903688,0.013466465185191383,114,0.7916666666666666,2795,94045712,0.003619843790449384,NaN
33261,0.09715746730084149,0.021575977412751374,0.013458354676471327,114,0.7916666666666666,2795,94073662,0.003619843790449384,NaN
33271,0.09651625128968272,0.0214324775662596,0.013450408855810265,114,0.7916666666666666,2795,94101612,0.003619843790449384,NaN
33281,0.09588155964816751,0.021293339762389715,0.013442622307243612,114,0.7916666666666666,2795,94129562,0.003619843790449384,NaN
33291,0.09526548747335925,0.02115693672015397,0.013434989356486121,114,0.7916666666666666,2795,94157512,0.003619843790449384,NaN
33301,0.0946677901964137,0.02102497971048251,0.013427505422721562,114,0.7916666666666666,2795,94185462,0.003619843790449384,NaN
33311,0.09406366702396618,0.020889354422561714,0.013420165531828551,114,0.7916666666666666,2795,94213412,0.003619843790449384,NaN
33321,0.09347570259373765,0.02076013510474378,0.013412965291074865,114,0.7916666666666666,2795,94241362,0.003619843790449384,NaN
33331,0.09292039040152685,0.020635579452767422,0.013405900095136591,114,0.7916666666666666,2795,94269312,0.003619843790449384,NaN
33341,0.09235010074729799,0.02050973782986664,0.013398963417007324,114,0.7916666666666666,2796,94297270,0.003619843790449384,NaN
33351,0.09180738460655247,0.02038939309752104,0.013392153378270207,114,0.7916666666666666,2796,94325230,0.003619843790449384,NaN
33361,0.0912624508487072,0.020267970558093786,0.013385466515735023,114,0.7916666666666666,2796,94353190,0.003619843790449384,NaN
33371,0.09071731875608888,0.020147831956190174,0.01337889889560435,114,0.7916666666666666,2796,94381150,0.003619843790449384,NaN
33381,0.09019857493256135,0.020032625152270202,0.013372447248399755,114,0.7916666666666666,2796,94409110,0.003619843790449384,NaN
33391,0.08969409278215534,0.019920811513595812,0.013366107819236035,114,0.7916666666666666,2796,94437070,0.003619843790449384,NaN
33401,0.08917731532859262,0.01980734904734818,0.013359877561046922,114,0.7916666666666666,2796,94465030,0.003619843790449384,NaN
33411,0.08868086824496273,0.019696065588470712,0.01335375364018592,114,0.7916666666666666,2796,94492990,0.003619843790449384,NaN
33421,0.08819961263471442,0.019589267665209534,0.013347732864147905,114,0.7916666666666666,2796,94520950,0.003619843790449384,NaN
33431,0.0877164394038691,0.019481164164592408,0.013341812171514799,114,0.7916666666666666,2796,94548910,0.003619843790449384,NaN
33441,0.08723202348761491,0.01937495962517174,0.013335989154948038,114,0.7916666666666666,2796,94576870,0.003619843790449384,NaN
33451,0.08698947556191465,0.019330994569314367,0.013330260946079246,114,0.7916666666666666,2796,94604830,0.003619843790449384,NaN
33461,0.08698947556191465,0.019330994569314367,0.013324624875623279,114,0.7916666666666666,2796,94632790,0.003619843790449384,NaN
33471,0.08698947556191465,0.019330994569314367,0.013319078293611834,114,0.7916666666666666,2796,94660750,0.003619843790449384,NaN
33481,0.08698947556191465,0.019330994569314367,0.01331361881355032,114,0.7916666666666666,2797,94688712,0.003619843790449384,NaN
33491,0.08698947556191465,0.019330994569314367,0.013308243027627753,114,0.7916666666666666,2797,94716682,0.003619843790449384,NaN
33501,0.08698947556191465,0.019330994569314367,0.013302950186922798,114,0.7916666666666666,2797,94744652,0.003619843790449384,NaN
33511,0.08698947556191465,0.019330994569314367,0.013297738623837378,114,0.7916666666666666,2797,94772622,0.003619843790449384,NaN
33521,0.08698947556191465,0.019330994569314367,0.013292605474747652,114,0.7916666666666666,2797,94800592,0.003619843790449384,NaN
33531,0.08698947556191465,0.019330994569314367,0.01328754920756697,114,0.7916666666666666,2797,94828562,0.003619843790449384,NaN
33541,0.08698947556191465,0.019330994569314367,0.013282567797477988,114,0.7916666666666666,2797,94856532,0.003619843790449384,NaN
33551,0.08698947556191465,0.019330994569314367,0.01327765948025923,114,0.7916666666666666,2797,94884502,0.003619843790449384,NaN
33561,0.08698947556191465,0.019330994569314367,0.013272822481133224,114,0.7916666666666666,2797,94912472,0.003619843790449384,NaN
33571,0.08698947556191465,0.019330994569314367,0.013268055091618733,114,0.7916666666666666,2797,94940442,0.003619843790449384,NaN
33581,0.08698947556191465,0.019330994569314367,0.013263355651131948,114,0.7916666666666666,2797,94968412,0.003619843790449384,NaN
33591,0.08698947556191465,0.019330994569314367,0.013258722297811748,114,0.7916666666666666,2797,94996382,0.003619843790449384,NaN
33601,0.08698947556191465,0.019330994569314367,0.013254153625852043,114,0.7916666666666666,2797,95024352,0.003619843790449384,NaN
33611,0.08698947556191465,0.019330994569314367,0.013249648091916243,114,0.7916666666666666,2797,95052322,0.003619843790449384,NaN
33621,0.08698947556191465,0.019330994569314367,0.013245204493487237,114,0.7916666666666666,2797,95080292,0.003619843790449384,NaN
33631,0.08698947556191465,0.019330994569314367,0.013240820644031148,114,0.7916666666666666,2798,95108266,0.003619843790449384,NaN
33641,0.08698947556191465,0.019330994569314367,0.013236495032318822,114,0.7916666666666666,2798,95136246,0.003619843790449384,NaN
33651,0.08698947556191465,0.019330994569314367,0.01323222708339099,114,0.7916666666666666,2798,95164226,0.003619843790449384,NaN
33661,0.08698947556191465,0.019330994569314367,0.013228015486164441,114,0.7916666666666666,2798,95192206,0.003619843790449384,NaN
33671,0.08698947556191465,0.019330994569314367,0.013223859219424781,114,0.7916666666666666,2798,95220186,0.003619843790449384,NaN
33681,0.08698947556191465,0.019330994569314367,0.013219756770162051,114,0.7916666666666666,2798,95248166,0.003619843790449384,NaN
33691,0.08698947556191465,0.019330994569314367,0.013215707328932421,114,0.7916666666666666,2798,95276146,0.003619843790449384,NaN
33701,0.08698947556191465,0.019330994569314367,0.013211709621661608,114,0.7916666666666666,2798,95304126,0.003619843790449384,NaN
33711,0.08698947556191465,0.019330994569314367,0.013207762356911465,114,0.7916666666666666,2798,95332106,0.003619843790449384,NaN
33721,0.08698947556191465,0.019330994569314367,0.013203864684576247,114,0.7916666666666666,2798,95360086,0.003619843790449384,NaN
33731,0.08698947556191465,0.019330994569314367,0.013200015607773417,114,0.7916666666666666,2798,95388066,0.003619843790449384,NaN
33741,0.08698947556191465,0.019330994569314367,0.013196213970132712,114,0.7916666666666666,2798,95416046,0.003619843790449384,NaN
33751,0.08698947556191465,0.019330994569314367,0.01319245889979794,114,0.7916666666666666,2798,95444026,0.003619843790449384,NaN
33761,0.08698947556191465,0.019330994569314367,0.013188749236880534,114,0.7916666666666666,2798,95472006,0.003619843790449384,NaN
33771,0.08698947556191465,0.019330994569314367,0.013185084313243398,114,0.7916666666666666,2798,95499986,0.003619843790449384,NaN
33781,0.08698947556191465,0.019330994569314367,0.013181462129302688,114,0.7916666666666666,2799,95527973,0.003619843790449384,NaN
33791,0.08698947556191465,0.019330994569314367,0.013177882567880557,114,0.7916666666666666,2799,95555963,0.003619843790449384,NaN
33801,0.08698947556191465,0.019330994569314367,0.013174345030527742,114,0.7916666666666666,2799,95583953,0.003619843790449384,NaN
33811,0.08698947556191465,0.019330994569314367,0.01317084874417076,114,0.7916666666666666,2799,95611943,0.003619843790449384,NaN
33821,0.08698947556191465,0.019330994569314367,0.013167392834732812,114,0.7916666666666666,2799,95639933,0.003619843790449384,NaN
33831,0.08698947556191465,0.019330994569314367,0.013163976584165602,114,0.7916666666666666,2799,95667923,0.003619843790449384,NaN
33841,0.08698947556191465,0.019330994569314367,0.013160599231525856,114,0.7916666666666666,2799,95695913,0.003619843790449384,NaN
33851,0.08698947556191465,0.019330994569314367,0.013157260069915069,114,0.7916666666666666,2799,95723903,0.003619843790449384,NaN
33861,0.08698947556191465,0.019330994569314367,0.013153958459915507,114,0.7916666666666666,2799,95751893,0.003619843790449384,NaN
33871,0.08698947556191465,0.019330994569314367,0.013150693570351792,114,0.7916666666666666,2799,95779883,0.003619843790449384,NaN
33881,0.08698947556191465,0.019330994569314367,0.013147464719831626,114,0.7916666666666666,2799,95807873,0.003619843790449384,NaN
33891,0.08698947556191465,0.019330994569314367,0.013144271361121741,114,0.7916666666666666,2799,95835863,0.003619843790449384,NaN
33901,0.08698947556191465,0.019330994569314367,0.013141112689097609,114,0.7916666666666666,2799,95863853,0.003619843790449384,NaN
33911,0.08698947556191465,0.019330994569314367,0.013137988115515094,114,0.7916666666666666,2799,95891843,0.003619843790449384,NaN
33921,0.08698947556191465,0.019330994569314367,0.013134897043186591,114,0.7916666666666666,2799,95919833,0.003619843790449384,NaN
33931,0.08698947556191465,0.019330994569314367,0.013131838020984684,114,0.7916666666666666,2800,95947831,0.003619843790449384,NaN
33941,0.08698947556191465,0.019330994569314367,0.013128811122156915,114,0.7916666666666666,2800,95975831,0.003619843790449384,NaN
33951,0.08698947556191465,0.019330994569314367,0.01312581600509868,114,0.7916666666666666,2800,96003831,0.003619843790449384,NaN
33961,0.08698947556191465,0.019330994569314367,0.01312285215500139,114,0.7916666666666666,2800,96031831,0.003619843790449384,NaN
33971,0.08698947556191465,0.019330994569314367,0.013119918988546031,114,0.7916666666666666,2800,96059831,0.003619843790449384,NaN
33981,0.08698947556191465,0.019330994569314367,0.013117015940123409,114,0.7916666666666666,2800,96087831,0.003619843790449384,NaN
33991,0.08698947556191465,0.019330994569314367,0.013114142515954904,114,0.7916666666666666,2800,96115831,0.003619843790449384,NaN
34001,0.08698947556191465,0.019330994569314367,0.013111298266994356,114,0.7916666666666666,2800,96143831,0.003619843790449384,NaN
34011,0.08698947556191465,0.019330994569314367,0.01310848258199191,114,0.7916666666666666,2800,96171831,0.003619843790449384,NaN
34021,0.08698947556191465,0.019330994569314367,0.013105695085146706,114,0.7916666666666666,2800,96199831,0.003619843790449384,NaN
34031,0.08698947556191465,0.019330994569314367,0.01310293519997186,114,0.7916666666666666,2800,96227831,0.003619843790449384,NaN
34041,0.08698947556191465,0.019330994569314367,0.013100202665614194,114,0.7916666666666666,2800,96255831,0.003619843790449384,NaN
34051,0.08698947556191465,0.019330994569314367,0.013097496893285536,114,0.7916666666666666,2800,96283831,0.003619843790449384,NaN
34061,0.08698947556191465,0.019330994569314367,0.013094817437531665,114,0.7916666666666666,2800,96311831,0.003619843790449384,NaN
34071,0.08698947556191465,0.019330994569314367,0.013092163880791048,114,0.7916666666666666,2800,96339831,0.003619843790449384,NaN
34081,0.08698947556191465,0.019330994569314367,0.013089534894239592,114,0.7916666666666666,2801,96367840,0.003619843790449384,NaN
34091,0.08698947556191465,0.019330994569314367,0.013086931000992558,114,0.7916666666666666,2801,96395850,0.003619843790449384,NaN
34101,0.08698947556191465,0.019330994569314367,0.013084351758798438,114,0.7916666666666666,2801,96423860,0.003619843790449384,NaN
34111,0.08698947556191465,0.019330994569314367,0.013081796854127265,114,0.7916666666666666,2801,96451870,0.003619843790449384,NaN
34121,0.08698947556191465,0.019330994569314367,0.013079265899622584,114,0.7916666666666666,2801,96479880,0.003619843790449384,NaN
34131,0.08698947556191465,0.019330994569314367,0.013076758502909964,114,0.7916666666666666,2801,96507890,0.003619843790449384,NaN
34141,0.08698947556191465,0.019330994569314367,0.013074274296948496,114,0.7916666666666666,2801,96535900,0.003619843790449384,NaN
34151,0.08698947556191465,0.019330994569314367,0.01307181291700121,114,0.7916666666666666,2801,96563910,0.003619843790449384,NaN
34161,0.08698947556191465,0.019330994569314367,0.013069373981879734,114,0.7916666666666666,2801,96591920,0.003619843790449384,NaN
34171,0.08698947556191465,0.019330994569314367,0.013066957189432337,114,0.7916666666666666,2801,96619930,0.003619843790449384,NaN
34181,0.08698947556191465,0.019330994569314367,0.013064562139676168,114,0.7916666666666666,2801,96647940,0.003619843790449384,NaN
34191,0.08698947556191465,0.019330994569314367,0.013062188673952427,114,0.7916666666666666,2801,96675950,0.003619843790449384,NaN
34201,0.08698947556191465,0.019330994569314367,0.013059836301150892,114,0.7916666666666666,2801,96703960,0.003619843790449384,NaN
34211,0.08698947556191465,0.019330994569314367,0.013057504702764218,114,0.7916666666666666,2801,96731970,0.003619843790449384,NaN
34221,0.08698947556191465,0.019330994569314367,0.013055193704794136,114,0.7916666666666666,2801,96759980,0.003619843790449384,NaN
34231,0.08698947556191465,0.019330994569314367,0.013052902207768356,114,0.7916666666666666,2802,96787999,0.003619843790449384,NaN
34241,0.08698947556191465,0.019330994569314367,0.01305063059955635,114,0.7916666666666666,2802,96816019,0.003619843790449384,NaN
34251,0.08698947556191465,0.019330994569314367,0.013048378598861389,114,0.7916666666666666,2802,96844039,0.003619843790449384,NaN
34261,0.08698947556191465,0.019330994569314367,0.013046145969372869,114,0.7916666666666666,2802,96872059,0.003619843790449384,NaN
34271,0.08698947556191465,0.019330994569314367,0.013043932386620688,114,0.7916666666666666,2802,96900079,0.003619843790449384,NaN
34281,0.08698947556191465,0.019330994569314367,0.013041737662580962,114,0.7916666666666666,2802,96928099,0.003619843790449384,NaN
34291,0.08698947556191465,0.019330994569314367,0.013039561490823748,114,0.7916666666666666,2802,96956119,0.003619843790449384,NaN
34301,0.08698947556191465,0.019330994569314367,0.013037403606446245,114,0.7916666666666666,2802,96984139,0.003619843790449384,NaN
34311,0.08698947556191465,0.019330994569314367,0.013035263752020389,114,0.7916666666666666,2802,97012159,0.003619843790449384,NaN
34321,0.08698947556191465,0.019330994569314367,0.013033141735428614,114,0.7916666666666666,2802,97040179,0.003619843790449384,NaN
34331,0.08698947556191465,0.019330994569314367,0.013031037191391018,114,0.7916666666666666,2802,97068199,0.003619843790449384,NaN
34341,0.08698947556191465,0.019330994569314367,0.01302894998303057,114,0.7916666666666666,2802,97096219,0.003619843790449384,NaN
34351,0.08698947556191465,0.019330994569314367,0.013026879849428713,114,0.7916666666666666,2802,97124239,0.003619843790449384,NaN
34361,0.08698947556191465,0.019330994569314367,0.01302482651926955,114,0.7916666666666666,2802,97152259,0.003619843790449384,NaN
34371,0.08698947556191465,0.019330994569314367,0.013022789769481973,114,0.7916666666666666,2802,97180279,0.003619843790449384,NaN
34381,0.08698947556191465,0.019330994569314367,0.0130207687315766,114,0.7916666666666666,2803,97208308,0.003619843790449384,NaN
34391,0.08698947556191465,0.019330994569314367,0.013018763729220638,114,0.7916666666666666,2803,97236338,0.003619843790449384,NaN
34401,0.08698947556191465,0.019330994569314367,0.013016774701502191,114,0.7916666666666666,2803,97264368,0.003619843790449384,NaN
34411,0.08698947556191465,0.019330994569314367,0.013014801399915253,114,0.7916666666666666,2803,97292398,0.003619843790449384,NaN
34421,0.08698947556191465,0.019330994569314367,0.013012843671681863,114,0.7916666666666666,2803,97320428,0.003619843790449384,NaN
34431,0.08698947556191465,0.019330994569314367,0.013010901212513361,114,0.7916666666666666,2803,97348458,0.003619843790449384,NaN
34441,0.08698947556191465,0.019330994569314367,0.013008973880436014,114,0.7916666666666666,2803,97376488,0.003619843790449384,NaN
34451,0.08698947556191465,0.019330994569314367,0.013007061482524286,114,0.7916666666666666,2803,97404518,0.003619843790449384,NaN
34461,0.08698947556191465,0.019330994569314367,0.013005163805496952,114,0.7916666666666666,2803,97432548,0.003619843790449384,NaN
34471,0.08698947556191465,0.019330994569314367,0.013003280693860907,114,0.7916666666666666,2803,97460578,0.003619843790449384,NaN
34481,0.08698947556191465,0.019330994569314367,0.013001411879765203,114,0.7916666666666666,2803,97488608,0.003619843790449384,NaN
34491,0.08698947556191465,0.019330994569314367,0.012999557290624221,114,0.7916666666666666,2803,97516638,0.003619843790449384,NaN
34501,0.08698947556191465,0.019330994569314367,0.012997716685606609,114,0.7916666666666666,2803,97544668,0.003619843790449384,NaN
34511,0.08698947556191465,0.019330994569314367,0.012995889827576632,114,0.7916666666666666,2803,97572698,0.003619843790449384,NaN
34521,0.08698947556191465,0.019330994569314367,0.012994076620592463,114,0.7916666666666666,2803,97600728,0.003619843790449384,NaN
34531,0.08698947556191465,0.019330994569314367,0.01299227639272045,114,0.7916666666666666,2804,97628766,0.003619843790449384,NaN
34541,0.08698947556191465,0.019330994569314367,0.012990489415908354,114,0.7916666666666666,2804,97656806,0.003619843790449384,NaN
34551,0.08698947556191465,0.019330994569314367,0.012988715478378439,114,0.7916666666666666,2804,97684846,0.003619843790449384,NaN
34561,0.08698947556191465,0.019330994569314367,0.012986954592868022,114,0.7916666666666666,2804,97712886,0.003619843790449384,NaN
34571,0.08698947556191465,0.019330994569314367,0.012985206493192212,114,0.7916666666666666,2804,97740926,0.003619843790449384,NaN
34581,0.08698947556191465,0.019330994569314367,0.012983471032819245,114,0.7916666666666666,2804,97768966,0.003619843790449384,NaN
34591,0.08698947556191465,0.019330994569314367,0.012981748105821277,114,0.7916666666666666,2804,97797006,0.003619843790449384,NaN
34601,0.08698947556191465,0.019330994569314367,0.012980037554323004,114,0.7916666666666666,2804,97825046,0.003619843790449384,NaN
34611,0.08698947556191465,0.019330994569314367,0.012978339213715433,114,0.7916666666666666,2804,97853086,0.003619843790449384,NaN
34621,0.08698947556191465,0.019330994569314367,0.012976652988779954,114,0.7916666666666666,2804,97881126,0.003619843790449384,NaN
34631,0.08698947556191465,0.019330994569314367,0.012974978634186979,114,0.7916666666666666,2804,97909166,0.003619843790449384,NaN
34641,0.08698947556191465,0.019330994569314367,0.012973316057480443,114,0.7916666666666666,2804,97937206,0.003619843790449384,NaN
34651,0.08698947556191465,0.019330994569314367,0.01297166514250265,114,0.7916666666666666,2804,97965246,0.003619843790449384,NaN
34661,0.08698947556191465,0.019330994569314367,0.012970025765127532,114,0.7916666666666666,2804,97993286,0.003619843790449384,NaN
34671,0.08698947556191465,0.019330994569314367,0.012968397746334383,114,0.7916666666666666,2804,98021326,0.003619843790449384,NaN
34681,0.08698947556191465,0.019330994569314367,0.012966780630399855,114,0.7916666666666666,2805,98049372,0.003619843790449384,NaN
34691,0.08698947556191465,0.019330994569314367,0.012965174403031932,114,0.7916666666666666,2805,98077422,0.003619843790449384,NaN
34701,0.08698947556191465,0.019330994569314367,0.012963579166693648,114,0.7916666666666666,2805,98105472,0.003619843790449384,NaN
34711,0.08698947556191465,0.019330994569314367,0.012961994822429794,114,0.7916666666666666,2805,98133522,0.003619843790449384,NaN
34721,0.08698947556191465,0.019330994569314367,0.012960421189942952,114,0.7916666666666666,2805,98161572,0.003619843790449384,NaN
34731,0.08698947556191465,0.019330994569314367,0.012958858152275463,114,0.7916666666666666,2805,98189622,0.003619843790449384,NaN
34741,0.08698947556191465,0.019330994569314367,0.012957305667854684,114,0.7916666666666666,2805,98217672,0.003619843790449384,NaN
34751,0.08698947556191465,0.019330994569314367,0.012955763524855553,114,0.7916666666666666,2805,98245722,0.003619843790449384,NaN
34761,0.08698947556191465,0.019330994569314367,0.012954231679920245,114,0.7916666666666666,2805,98273772,0.003619843790449384,NaN
34771,0.08698947556191465,0.019330994569314367,0.012952709967142585,114,0.7916666666666666,2805,98301822,0.003619843790449384,NaN
34781,0.08698947556191465,0.019330994569314367,0.012951198306069615,114,0.7916666666666666,2805,98329872,0.003619843790449384,NaN
34791,0.08698947556191465,0.019330994569314367,0.01294969651530877,114,0.7916666666666666,2805,98357922,0.003619843790449384,NaN
34801,0.08698947556191465,0.019330994569314367,0.01294820460074329,114,0.7916666666666666,2805,98385972,0.003619843790449384,NaN
34811,0.08698947556191465,0.019330994569314367,0.01294672238821531,114,0.7916666666666666,2805,98414022,0.003619843790449384,NaN
34821,0.08698947556191465,0.019330994569314367,0.012945249767864132,114,0.7916666666666666,2805,98442072,0.003619843790449384,NaN
34831,0.08698947556191465,0.019330994569314367,0.012943786489664504,114,0.7916666666666666,2806,98470125,0.003619843790449384,NaN
34841,0.08698947556191465,0.019330994569314367,0.012942332268341112,114,0.7916666666666666,2806,98498185,0.003619843790449384,NaN
34851,0.08698947556191465,0.019330994569314367,0.012940887359891805,114,0.7916666666666666,2806,98526245,0.003619843790449384,NaN
34861,0.08698947556191465,0.019330994569314367,0.012939451600337552,114,0.7916666666666666,2806,98554305,0.003619843790449384,NaN
34871,0.08698947556191465,0.019330994569314367,0.0129380249693253,114,0.7916666666666666,2806,98582365,0.003619843790449384,NaN
34881,0.08698947556191465,0.019330994569314367,0.012936607378838685,114,0.7916666666666666,2806,98610425,0.003619843790449384,NaN
34891,0.08698947556191465,0.019330994569314367,0.012935198692514634,114,0.7916666666666666,2806,98638485,0.003619843790449384,NaN
34901,0.08698947556191465,0.019330994569314367,0.012933798811741287,114,0.7916666666666666,2806,98666545,0.003619843790449384,NaN
34911,0.08698947556191465,0.019330994569314367,0.012932407695138027,114,0.7916666666666666,2806,98694605,0.003619843790449384,NaN
34921,0.08698947556191465,0.019330994569314367,0.012931025181730608,114,0.7916666666666666,2806,98722665,0.003619843790449384,NaN
34931,0.08698947556191465,0.019330994569314367,0.012929651214492383,114,0.7916666666666666,2806,98750725,0.003619843790449384,NaN
34941,0.08698947556191465,0.019330994569314367,0.012928285687730376,114,0.7916666666666666,2806,98778785,0.003619843790449384,NaN
34951,0.08698947556191465,0.019330994569314367,0.01292692855339224,114,0.7916666666666666,2806,98806845,0.003619843790449384,NaN
34961,0.08698947556191465,0.019330994569314367,0.012925579697018234,114,0.7916666666666666,2806,98834905,0.003619843790449384,NaN
34971,0.08698947556191465,0.019330994569314367,0.012924239011338878,114,0.7916666666666666,2806,98862965,0.003619843790449384,NaN
34981,0.08698947556191465,0.019330994569314367,0.01292290645647064,114,0.7916666666666666,2806,98891025,0.003619843790449384,NaN
34991,0.08698947556191465,0.019330994569314367,0.012921581526531167,114,0.7916666666666666,2807,98919095,0.003619843790449384,NaN
35001,0.08698947556191465,0.019330994569314367,0.012920264478580272,114,0.7916666666666666,2807,98947165,0.003619843790449384,NaN
35011,0.08698947556191465,0.019330994569314367,0.01291895530959389,114,0.7916666666666666,2807,98975235,0.003619843790449384,NaN
35021,0.08698947556191465,0.019330994569314367,0.012917653970085409,114,0.7916666666666666,2807,99003305,0.003619843790449384,NaN
35031,0.08698947556191465,0.019330994569314367,0.012916360339524017,114,0.7916666666666666,2807,99031375,0.003619843790449384,NaN
35041,0.08698947556191465,0.019330994569314367,0.012915074312441542,114,0.7916666666666666,2807,99059445,0.003619843790449384,NaN
35051,0.08698947556191465,0.019330994569314367,0.012913795913294439,114,0.7916666666666666,2807,99087515,0.003619843790449384,NaN
35061,0.08698947556191465,0.019330994569314367,0.01291252498199774,114,0.7916666666666666,2807,99115585,0.003619843790449384,NaN
35071,0.08698947556191465,0.019330994569314367,0.012911261454671504,114,0.7916666666666666,2807,99143655,0.003619843790449384,NaN
35081,0.08698947556191465,0.019330994569314367,0.012910005282744535,114,0.7916666666666666,2807,99171725,0.003619843790449384,NaN
35091,0.08698947556191465,0.019330994569314367,0.012908756411685506,114,0.7916666666666666,2807,99199795,0.003619843790449384,NaN
35101,0.08698947556191465,0.019330994569314367,0.01290751472057227,114,0.7916666666666666,2807,99227865,0.003619843790449384,NaN
35111,0.08698947556191465,0.019330994569314367,0.012906280164644578,114,0.7916666666666666,2807,99255935,0.003619843790449384,NaN
35121,0.08698947556191465,0.019330994569314367,0.012905052690274662,114,0.7916666666666666,2807,99284005,0.003619843790449384,NaN
35131,0.08698947556191465,0.019330994569314367,0.012903832227626345,114,0.7916666666666666,2807,99312075,0.003619843790449384,NaN
35141,0.08698947556191465,0.019330994569314367,0.012902618385748556,114,0.7916666666666666,2808,99340152,0.003619843790449384,NaN
35151,0.08698947556191465,0.019330994569314367,0.012901411284749887,114,0.7916666666666666,2808,99368232,0.003619843790449384,NaN
35161,0.08698947556191465,0.019330994569314367,0.012900210970015261,114,0.7916666666666666,2808,99396312,0.003619843790449384,NaN
35171,0.08698947556191465,0.019330994569314367,0.01289901741805654,114,0.7916666666666666,2808,99424392,0.003619843790449384,NaN
35181,0.08698947556191465,0.019330994569314367,0.012897830496823536,114,0.7916666666666666,2808,99452472,0.003619843790449384,NaN
35191,0.08698947556191465,0.019330994569314367,0.012896650214193619,114,0.7916666666666666,2808,99480552,0.003619843790449384,NaN
35201,0.08698947556191465,0.019330994569314367,0.012895476514270364,114,0.7916666666666666,2808,99508632,0.003619843790449384,NaN
35211,0.08698947556191465,0.019330994569314367,0.012894309265392152,114,0.7916666666666666,2808,99536712,0.003619843790449384,NaN
35221,0.08698947556191465,0.019330994569314367,0.012893148469430895,114,0.7916666666666666,2808,99564792,0.003619843790449384,NaN
35231,0.08698947556191465,0.019330994569314367,0.012891994021046795,114,0.7916666666666666,2808,99592872,0.003619843790449384,NaN
35241,0.08698947556191465,0.019330994569314367,0.012890845888301292,114,0.7916666666666666,2808,99620952,0.003619843790449384,NaN
35251,0.08698947556191465,0.019330994569314367,0.012889704011192517,114,0.7916666666666666,2808,99649032,0.003619843790449384,NaN
35261,0.08698947556191465,0.019330994569314367,0.012888568354974095,114,0.7916666666666666,2808,99677112,0.003619843790449384,NaN
35271,0.08698947556191465,0.019330994569314367,0.012887438810571984,114,0.7916666666666666,2808,99705192,0.003619843790449384,NaN
35281,0.08698947556191465,0.019330994569314367,0.012886315374365277,114,0.7916666666666666,2808,99733272,0.003619843790449384,NaN
35291,0.08698947556191465,0.019330994569314367,0.012885197882861193,114,0.7916666666666666,2809,99761354,0.003619843790449384,NaN
35301,0.08698947556191465,0.019330994569314367,0.012884086070581948,114,0.7916666666666666,2809,99789444,0.003619843790449384,NaN
35311,0.08698947556191465,0.019330994569314367,0.012882980174372559,114,0.7916666666666666,2809,99817534,0.003619843790449384,NaN
35321,0.08698947556191465,0.019330994569314367,0.012881880152947903,114,0.7916666666666666,2809,99845624,0.003619843790449384,NaN
35331,0.08698947556191465,0.019330994569314367,0.012880785921257772,114,0.7916666666666666,2809,99873714,0.003619843790449384,NaN
35341,0.08698947556191465,0.019330994569314367,0.012879697509878461,114,0.7916666666666666,2809,99901804,0.003619843790449384,NaN
35351,0.08698947556191465,0.019330994569314367,0.012878614796442468,114,0.7916666666666666,2809,99929894,0.003619843790449384,NaN
35361,0.08698947556191465,0.019330994569314367,0.012877537749796145,114,0.7916666666666666,2809,99957984,0.003619843790449384,NaN
35371,0.08698947556191465,0.019330994569314367,0.012876466318582703,114,0.7916666666666666,2809,99986074,0.003619843790449384,NaN
35381,0.08698947556191465,0.019330994569314367,0.012875400480492367,114,0.7916666666666666,2809,100014164,0.003619843790449384,NaN
35391,0.08698947556191465,0.019330994569314367,0.012874340123255137,114,0.7916666666666666,2809,100042254,0.003619843790449384,NaN
35401,0.08698947556191465,0.019330994569314367,0.012873285277750317,114,0.7916666666666666,2809,100070344,0.003619843790449384,NaN
35411,0.08698947556191465,0.019330994569314367,0.012872235828037893,114,0.7916666666666666,2809,100098434,0.003619843790449384,NaN
35421,0.08698947556191465,0.019330994569314367,0.012871191728297572,114,0.7916666666666666,2809,100126524,0.003619843790449384,NaN
35431,0.08695898627061695,0.01932421917124821,0.012869134683880248,113,0.7847222222222222,2785,100154566,0.003619843790449384,NaN
35441,0.08695898627061695,0.01932421917124821,0.012863058856581684,113,0.7847222222222222,2785,100182416,0.003619843790449384,NaN
35451,0.08695898627061695,0.01932421917124821,0.01285707855121423,113,0.7847222222222222,2785,100210266,0.003619843790449384,NaN
35461,0.08695898627061695,0.01932421917124821,0.012851194219190377,113,0.7847222222222222,2785,100238116,0.003619843790449384,NaN
35471,0.08695898627061695,0.01932421917124821,0.01284539365621793,113,0.7847222222222222,2785,100265966,0.003619843790449384,NaN
35481,0.08695898627061695,0.01932421917124821,0.01283968554037085,113,0.7847222222222222,2785,100293816,0.003619843790449384,NaN
35491,0.08695898627061695,0.01932421917124821,0.012834066971365358,113,0.7847222222222222,2785,100321666,0.003619843790449384,NaN
35501,0.08695898627061695,0.01932421917124821,0.012828532403159358,113,0.7847222222222222,2785,100349516,0.003619843790449384,NaN
35511,0.08695898627061695,0.01932421917124821,0.012823085110798278,113,0.7847222222222222,2785,100377366,0.003619843790449384,NaN
35521,0.08695898627061695,0.01932421917124821,0.012817709741697363,113,0.7847222222222222,2785,100405216,0.003619843790449384,NaN
35531,0.08695898627061695,0.01932421917124821,0.012812417318037119,113,0.7847222222222222,2785,100433066,0.003619843790449384,NaN
35541,0.08695898627061695,0.01932421917124821,0.012807203397125065,113,0.7847222222222222,2785,100460916,0.003619843790449384,NaN
35551,0.08695898627061695,0.01932421917124821,0.012802061397579542,113,0.7847222222222222,2786,100488772,0.003619843790449384,NaN
35561,0.08695898627061695,0.01932421917124821,0.01279699169767643,113,0.7847222222222222,2786,100516632,0.003619843790449384,NaN
35571,0.08695898627061695,0.01932421917124821,0.012791990819488614,113,0.7847222222222222,2786,100544492,0.003619843790449384,NaN
35581,0.08695898627061695,0.01932421917124821,0.012787063002995652,113,0.7847222222222222,2786,100572352,0.003619843790449384,NaN
35591,0.08695898627061695,0.01932421917124821,0.012782203457772475,113,0.7847222222222222,2786,100600212,0.003619843790449384,NaN
35601,0.08695898627061695,0.01932421917124821,0.012777405415849525,113,0.7847222222222222,2786,100628072,0.003619843790449384,NaN
35611,0.08695898627061695,0.01932421917124821,0.012772677707967856,113,0.7847222222222222,2786,100655932,0.003619843790449384,NaN
35621,0.08695898627061695,0.01932421917124821,0.012768011058607469,113,0.7847222222222222,2786,100683792,0.003619843790449384,NaN
35631,0.08695898627061695,0.01932421917124821,0.01276340689254301,113,0.7847222222222222,2786,100711652,0.003619843790449384,NaN
35641,0.08695898627061695,0.01932421917124821,0.012758861580791862,113,0.7847222222222222,2786,100739512,0.003619843790449384,NaN
35651,0.08695898627061695,0.01932421917124821,0.012754379583769987,113,0.7847222222222222,2786,100767372,0.003619843790449384,NaN
35661,0.08695898627061695,0.01932421917124821,0.012749953531675216,113,0.7847222222222222,2786,100795232,0.003619843790449384,NaN
35671,0.08695898627061695,0.01932421917124821,0.012745584236893806,113,0.7847222222222222,2786,100823092,0.003619843790449384,NaN
35681,0.08695898627061695,0.01932421917124821,0.012741271747288308,113,0.7847222222222222,2786,100850952,0.003619843790449384,NaN
35691,0.08695898627061695,0.01932421917124821,0.012737016561242178,113,0.7847222222222222,2786,100878812,0.003619843790449384,NaN
35701,0.08695898627061695,0.01932421917124821,0.012732812773320919,113,0.7847222222222222,2786,100906672,0.003619843790449384,NaN
35711,0.08695898627061695,0.01932421917124821,0.01272865763628362,113,0.7847222222222222,2787,100934541,0.003619843790449384,NaN
35721,0.08695898627061695,0.01932421917124821,0.012724556391027021,113,0.7847222222222222,2787,100962411,0.003619843790449384,NaN
35731,0.08695898627061695,0.01932421917124821,0.0127205025429769,113,0.7847222222222222,2787,100990281,0.003619843790449384,NaN
35741,0.08695898627061695,0.01932421917124821,0.012716498317131038,113,0.7847222222222222,2787,101018151,0.003619843790449384,NaN
35751,0.08695898627061695,0.01932421917124821,0.01271254424153135,113,0.7847222222222222,2787,101046021,0.003619843790449384,NaN
35761,0.08695898627061695,0.01932421917124821,0.012708639100736187,113,0.7847222222222222,2787,101073891,0.003619843790449384,NaN
35771,0.08695898627061695,0.01932421917124821,0.012704776549343896,113,0.7847222222222222,2787,101101761,0.003619843790449384,NaN
35781,0.08695898627061695,0.01932421917124821,0.012700959934296855,113,0.7847222222222222,2787,101129631,0.003619843790449384,NaN
35791,0.08695898627061695,0.01932421917124821,0.012697186667834866,113,0.7847222222222222,2787,101157501,0.003619843790449384,NaN
35801,0.08695898627061695,0.01932421917124821,0.012693457365417946,113,0.7847222222222222,2787,101185371,0.003619843790449384,NaN
35811,0.08695898627061695,0.01932421917124821,0.012689771183707605,113,0.7847222222222222,2787,101213241,0.003619843790449384,NaN
35821,0.08695898627061695,0.01932421917124821,0.012686130247119143,113,0.7847222222222222,2787,101241111,0.003619843790449384,NaN
35831,0.08695898627061695,0.01932421917124821,0.012682525251743326,113,0.7847222222222222,2787,101268981,0.003619843790449384,NaN
35841,0.08695898627061695,0.01932421917124821,0.012678960629783556,113,0.7847222222222222,2787,101296851,0.003619843790449384,NaN
35851,0.08695898627061695,0.01932421917124821,0.012675437028984694,113,0.7847222222222222,2787,101324721,0.003619843790449384,NaN
35861,0.08695898627061695,0.01932421917124821,0.012671953477094896,113,0.7847222222222222,2788,101352592,0.003619843790449384,NaN
35871,0.08695898627061695,0.01932421917124821,0.012668504363163373,113,0.7847222222222222,2788,101380472,0.003619843790449384,NaN
35881,0.08695898627061695,0.01932421917124821,0.012665091042183958,113,0.7847222222222222,2788,101408352,0.003619843790449384,NaN
35891,0.08695898627061695,0.01932421917124821,0.012661717299347763,113,0.7847222222222222,2788,101436232,0.003619843790449384,NaN
35901,0.08695898627061695,0.01932421917124821,0.01265837863593802,113,0.7847222222222222,2788,101464112,0.003619843790449384,NaN
35911,0.08695898627061695,0.01932421917124821,0.012655077714275757,113,0.7847222222222222,2788,101491992,0.003619843790449384,NaN
35921,0.08695898627061695,0.01932421917124821,0.012651808850080878,113,0.7847222222222222,2788,101519872,0.003619843790449384,NaN
35931,0.08695898627061695,0.01932421917124821,0.012648574375671599,113,0.7847222222222222,2788,101547752,0.003619843790449384,NaN
35941,0.08695898627061695,0.01932421917124821,0.012645377399571441,113,0.7847222222222222,2788,101575632,0.003619843790449384,NaN
35951,0.08695898627061695,0.01932421917124821,0.012642212543628989,113,0.7847222222222222,2788,101603512,0.003619843790449384,NaN
35961,0.08695898627061695,0.01932421917124821,0.012639079082308095,113,0.7847222222222222,2788,101631392,0.003619843790449384,NaN
35971,0.08695898627061695,0.01932421917124821,0.012635977336313223,113,0.7847222222222222,2788,101659272,0.003619843790449384,NaN
35981,0.08695898627061695,0.01932421917124821,0.012632908699304772,113,0.7847222222222222,2788,101687152,0.003619843790449384,NaN
35991,0.08695898627061695,0.01932421917124821,0.012629868552941065,113,0.7847222222222222,2788,101715032,0.003619843790449384,NaN
36001,0.08695898627061695,0.01932421917124821,0.012626860733951611,113,0.7847222222222222,2788,101742912,0.003619843790449384,NaN
36011,0.08695898627061695,0.01932421917124821,0.012623882722612027,113,0.7847222222222222,2788,101770792,0.003619843790449384,NaN
36021,0.08695898627061695,0.01932421917124821,0.012620931887272624,113,0.7847222222222222,2789,101798674,0.003619843790449384,NaN
36031,0.08695898627061695,0.01932421917124821,0.0126180088906744,113,0.7847222222222222,2789,101826564,0.003619843790449384,NaN
36041,0.08695898627061695,0.01932421917124821,0.012615115144538174,113,0.7847222222222222,2789,101854454,0.003619843790449384,NaN
36051,0.08695898627061695,0.01932421917124821,0.012612249060565472,113,0.7847222222222222,2789,101882344,0.003619843790449384,NaN
36061,0.08695898627061695,0.01932421917124821,0.012609410813515664,113,0.7847222222222222,2789,101910234,0.003619843790449384,NaN
36071,0.08695898627061695,0.01932421917124821,0.012606602095518577,113,0.7847222222222222,2789,101938124,0.003619843790449384,NaN
36081,0.08695898627061695,0.01932421917124821,0.012603814617308506,113,0.7847222222222222,2789,101966014,0.003619843790449384,NaN
36091,0.08695898627061695,0.01932421917124821,0.012601054049707431,113,0.7847222222222222,2789,101993904,0.003619843790449384,NaN
36101,0.08695898627061695,0.01932421917124821,0.012598320684296529,113,0.7847222222222222,2789,102021794,0.003619843790449384,NaN
36111,0.08695898627061695,0.01932421917124821,0.012595613511570666,113,0.7847222222222222,2789,102049684,0.003619843790449384,NaN
36121,0.08695898627061695,0.01932421917124821,0.012592932659859273,113,0.7847222222222222,2789,102077574,0.003619843790449384,NaN
36131,0.08695898627061695,0.01932421917124821,0.012590272051677433,113,0.7847222222222222,2789,102105464,0.003619843790449384,NaN
36141,0.08695898627061695,0.01932421917124821,0.012587637996060016,113,0.7847222222222222,2789,102133354,0.003619843790449384,NaN
36151,0.08695898627061695,0.01932421917124821,0.012585027013311427,113,0.7847222222222222,2789,102161244,0.003619843790449384,NaN
36161,0.08695898627061695,0.01932421917124821,0.012582440864713516,113,0.7847222222222222,2789,102189134,0.003619843790449384,NaN
36171,0.08695898627061695,0.01932421917124821,0.012579876954280401,113,0.7847222222222222,2789,102217024,0.003619843790449384,NaN
36181,0.08695898627061695,0.01932421917124821,0.01257733629604054,113,0.7847222222222222,2790,102244916,0.003619843790449384,NaN
36191,0.08695898627061695,0.01932421917124821,0.012574817195455635,113,0.7847222222222222,2790,102272816,0.003619843790449384,NaN
36201,0.08695898627061695,0.01932421917124821,0.012572321806266388,113,0.7847222222222222,2790,102300716,0.003619843790449384,NaN
36211,0.08695898627061695,0.01932421917124821,0.012569846925251905,113,0.7847222222222222,2790,102328616,0.003619843790449384,NaN
36221,0.08695898627061695,0.01932421917124821,0.01256739323661469,113,0.7847222222222222,2790,102356516,0.003619843790449384,NaN
36231,0.08695898627061695,0.01932421917124821,0.012564961643162932,113,0.7847222222222222,2790,102384416,0.003619843790449384,NaN
36241,0.08695898627061695,0.01932421917124821,0.012562549554171496,113,0.7847222222222222,2790,102412316,0.003619843790449384,NaN
36251,0.08695898627061695,0.01932421917124821,0.012560157988406977,113,0.7847222222222222,2790,102440216,0.003619843790449384,NaN
36261,0.08695898627061695,0.01932421917124821,0.012557788558886783,113,0.7847222222222222,2790,102468116,0.003619843790449384,NaN
36271,0.08695898627061695,0.01932421917124821,0.012555436909534303,113,0.7847222222222222,2790,102496016,0.003619843790449384,NaN
36281,0.08695898627061695,0.01932421917124821,0.012553107381379094,113,0.7847222222222222,2790,102523916,0.003619843790449384,NaN
36291,0.08695898627061695,0.01932421917124821,0.01255079639268875,113,0.7847222222222222,2790,102551816,0.003619843790449384,NaN
36301,0.08695898627061695,0.01932421917124821,0.012548504138398444,113,0.7847222222222222,2790,102579716,0.003619843790449384,NaN
36311,0.08695898627061695,0.01932421917124821,0.01254623087689604,113,0.7847222222222222,2790,102607616,0.003619843790449384,NaN
36321,0.08695898627061695,0.01932421917124821,0.012543975296845445,113,0.7847222222222222,2790,102635516,0.003619843790449384,NaN
36331,0.08695898627061695,0.01932421917124821,0.01254173907835555,113,0.7847222222222222,2790,102663416,0.003619843790449384,NaN
36341,0.08695898627061695,0.01932421917124821,0.01253952040214934,113,0.7847222222222222,2791,102691317,0.003619843790449384,NaN
36351,0.08695898627061695,0.01932421917124821,0.012537320150422145,113,0.7847222222222222,2791,102719227,0.003619843790449384,NaN
36361,0.08695898627061695,0.01932421917124821,0.012535136552954034,113,0.7847222222222222,2791,102747137,0.003619843790449384,NaN
36371,0.08695898627061695,0.01932421917124821,0.012532971040569895,113,0.7847222222222222,2791,102775047,0.003619843790449384,NaN
36381,0.08695898627061695,0.01932421917124821,0.012530822819288112,113,0.7847222222222222,2791,102802957,0.003619843790449384,NaN
36391,0.08695898627061695,0.01932421917124821,0.012528690158556274,113,0.7847222222222222,2791,102830867,0.003619843790449384,NaN
36401,0.08695898627061695,0.01932421917124821,0.012526574245555457,113,0.7847222222222222,2791,102858777,0.003619843790449384,NaN
36411,0.08695898627061695,0.01932421917124821,0.012524473651716194,113,0.7847222222222222,2791,102886687,0.003619843790449384,NaN
36421,0.08695898627061695,0.01932421917124821,0.012522391106920253,113,0.7847222222222222,2791,102914597,0.003619843790449384,NaN
36431,0.08695898627061695,0.01932421917124821,0.01252032463725163,113,0.7847222222222222,2791,102942507,0.003619843790449384,NaN
36441,0.08695898627061695,0.01932421917124821,0.012518274148747031,113,0.7847222222222222,2791,102970417,0.003619843790449384,NaN
36451,0.08695898627061695,0.01932421917124821,0.012516240387959936,113,0.7847222222222222,2791,102998327,0.003619843790449384,NaN
36461,0.08695898627061695,0.01932421917124821,0.012514219234240377,113,0.7847222222222222,2791,103026237,0.003619843790449384,NaN
36471,0.08695898627061695,0.01932421917124821,0.012512215607383704,113,0.7847222222222222,2791,103054147,0.003619843790449384,NaN
36481,0.08695898627061695,0.01932421917124821,0.012510227251808344,113,0.7847222222222222,2791,103082057,0.003619843790449384,NaN
36491,0.08695898627061695,0.01932421917124821,0.012508252034628893,113,0.7847222222222222,2791,103109967,0.003619843790449384,NaN
36501,0.08695898627061695,0.01932421917124821,0.01250629323602451,113,0.7847222222222222,2791,103137877,0.003619843790449384,NaN
36511,0.08695898627061695,0.01932421917124821,0.01250434910661325,113,0.7847222222222222,2792,103165797,0.003619843790449384,NaN
36521,0.08695898627061695,0.01932421917124821,0.01250241783755422,113,0.7847222222222222,2792,103193717,0.003619843790449384,NaN
36531,0.08695898627061695,0.01932421917124821,0.012500500364868229,113,0.7847222222222222,2792,103221637,0.003619843790449384,NaN
36541,0.08695898627061695,0.01932421917124821,0.012498598121927804,113,0.7847222222222222,2792,103249557,0.003619843790449384,NaN
36551,0.08695898627061695,0.01932421917124821,0.012496709483606877,113,0.7847222222222222,2792,103277477,0.003619843790449384,NaN
36561,0.08695898627061695,0.01932421917124821,0.012494834834444236,113,0.7847222222222222,2792,103305397,0.003619843790449384,NaN
36571,0.08695898627061695,0.01932421917124821,0.012492972394874449,113,0.7847222222222222,2792,103333317,0.003619843790449384,NaN
36581,0.08695898627061695,0.01932421917124821,0.01249112393911657,113,0.7847222222222222,2792,103361237,0.003619843790449384,NaN
36591,0.08695898627061695,0.01932421917124821,0.012489287033583532,113,0.7847222222222222,2792,103389157,0.003619843790449384,NaN
36601,0.08695898627061695,0.01932421917124821,0.01248746515690354,113,0.7847222222222222,2792,103417077,0.003619843790449384,NaN
36611,0.08695898627061695,0.01932421917124821,0.0124856564668081,113,0.7847222222222222,2792,103444997,0.003619843790449384,NaN
36621,0.08695898627061695,0.01932421917124821,0.012483861344690232,113,0.7847222222222222,2792,103472917,0.003619843790449384,NaN
36631,0.08695898627061695,0.01932421917124821,0.012482078202079088,113,0.7847222222222222,2792,103500837,0.003619843790449384,NaN
36641,0.08695898627061695,0.01932421917124821,0.01248030857768834,113,0.7847222222222222,2792,103528757,0.003619843790449384,NaN
36651,0.08695898627061695,0.01932421917124821,0.01247854864578704,113,0.7847222222222222,2792,103556677,0.003619843790449384,NaN
36661,0.08695898627061695,0.01932421917124821,0.012476800553322696,113,0.7847222222222222,2792,103584597,0.003619843790449384,NaN
36671,0.08695898627061695,0.01932421917124821,0.012475065114872213,113,0.7847222222222222,2793,103612525,0.003619843790449384,NaN
36681,0.08695898627061695,0.01932421917124821,0.012473341588623487,113,0.7847222222222222,2793,103640455,0.003619843790449384,NaN
36691,0.08695898627061695,0.01932421917124821,0.012471629349556824,113,0.7847222222222222,2793,103668385,0.003619843790449384,NaN
36701,0.08695898627061695,0.01932421917124821,0.012469928505139043,113,0.7847222222222222,2793,103696315,0.003619843790449384,NaN
36711,0.08695898627061695,0.01932421917124821,0.012468238458286263,113,0.7847222222222222,2793,103724245,0.003619843790449384,NaN
36721,0.08695898627061695,0.01932421917124821,0.012466559151021976,113,0.7847222222222222,2793,103752175,0.003619843790449384,NaN
36731,0.08695898627061695,0.01932421917124821,0.012464892924823532,113,0.7847222222222222,2793,103780105,0.003619843790449384,NaN
36741,0.08695898627061695,0.01932421917124821,0.012463235454539005,113,0.7847222222222222,2793,103808035,0.003619843790449384,NaN
36751,0.08695898627061695,0.01932421917124821,0.012461590825617683,113,0.7847222222222222,2793,103835965,0.003619843790449384,NaN
36761,0.08695898627061695,0.01932421917124821,0.012459956491434145,113,0.7847222222222222,2793,103863895,0.003619843790449384,NaN
36771,0.08695898627061695,0.01932421917124821,0.012458334440968062,113,0.7847222222222222,2793,103891825,0.003619843790449384,NaN
36781,0.08695898627061695,0.01932421917124821,0.012456722120346523,113,0.7847222222222222,2793,103919755,0.003619843790449384,NaN
36791,0.08695898627061695,0.01932421917124821,0.01245512035000115,113,0.7847222222222222,2793,103947685,0.003619843790449384,NaN
36801,0.08695898627061695,0.01932421917124821,0.012453528701921047,113,0.7847222222222222,2793,103975615,0.003619843790449384,NaN
36811,0.08695898627061695,0.01932421917124821,0.01245194690029162,113,0.7847222222222222,2793,104003545,0.003619843790449384,NaN
36821,0.08695898627061695,0.01932421917124821,0.012450376446661167,113,0.7847222222222222,2793,104031475,0.003619843790449384,NaN
36831,0.08695898627061695,0.01932421917124821,0.012448815235912247,113,0.7847222222222222,2794,104059411,0.003619843790449384,NaN
36841,0.08695898627061695,0.01932421917124821,0.012447264033864336,113,0.7847222222222222,2794,104087351,0.003619843790449384,NaN
36851,0.08695898627061695,0.01932421917124821,0.012445721989969639,113,0.7847222222222222,2794,104115291,0.003619843790449384,NaN
36861,0.08695898627061695,0.01932421917124821,0.01244418966404735,113,0.7847222222222222,2794,104143231,0.003619843790449384,NaN
36871,0.08695898627061695,0.01932421917124821,0.012442667763748312,113,0.7847222222222222,2794,104171171,0.003619843790449384,NaN
36881,0.08695898627061695,0.01932421917124821,0.012441154624520554,113,0.7847222222222222,2794,104199111,0.003619843790449384,NaN
36891,0.08695898627061695,0.01932421917124821,0.012439650555929658,113,0.7847222222222222,2794,104227051,0.003619843790449384,NaN
36901,0.08695898627061695,0.01932421917124821,0.012438154805435168,113,0.7847222222222222,2794,104254991,0.003619843790449384,NaN
36911,0.08695898627061695,0.01932421917124821,0.012436669573436239,113,0.7847222222222222,2794,104282931,0.003619843790449384,NaN
36921,0.08695898627061695,0.01932421917124821,0.012435192924355137,113,0.7847222222222222,2794,104310871,0.003619843790449384,NaN
36931,0.08695898627061695,0.01932421917124821,0.01243372574253809,113,0.7847222222222222,2794,104338811,0.003619843790449384,NaN
36941,0.08695898627061695,0.01932421917124821,0.012432268702964952,113,0.7847222222222222,2794,104366751,0.003619843790449384,NaN
36951,0.08695898627061695,0.01932421917124821,0.012430819610325385,113,0.7847222222222222,2794,104394691,0.003619843790449384,NaN
36961,0.08695898627061695,0.01932421917124821,0.01242937813965862,113,0.7847222222222222,2794,104422631,0.003619843790449384,NaN
36971,0.08695898627061695,0.01932421917124821,0.012427946793115964,113,0.7847222222222222,2794,104450571,0.003619843790449384,NaN
36981,0.08695898627061695,0.01932421917124821,0.012426524345644795,113,0.7847222222222222,2794,104478511,0.003619843790449384,NaN
36991,0.08695898627061695,0.01932421917124821,0.01242511040618321,113,0.7847222222222222,2795,104506453,0.003619843790449384,NaN
37001,0.08695898627061695,0.01932421917124821,0.012423705115912164,113,0.7847222222222222,2795,104534403,0.003619843790449384,NaN
37011,0.08695898627061695,0.01932421917124821,0.012422306011796893,113,0.7847222222222222,2795,104562353,0.003619843790449384,NaN
37021,0.08695898627061695,0.01932421917124821,0.012420914674732355,113,0.7847222222222222,2795,104590303,0.003619843790449384,NaN
37031,0.08695898627061695,0.01932421917124821,0.012419531430981075,113,0.7847222222222222,2795,104618253,0.003619843790449384,NaN
37041,0.08695898627061695,0.01932421917124821,0.012418158025471466,113,0.7847222222222222,2795,104646203,0.003619843790449384,NaN
37051,0.08695898627061695,0.01932421917124821,0.01241679121249563,113,0.7847222222222222,2795,104674153,0.003619843790449384,NaN
37061,0.08695898627061695,0.01932421917124821,0.012415432360420588,113,0.7847222222222222,2795,104702103,0.003619843790449384,NaN
37071,0.08695898627061695,0.01932421917124821,0.01241408219266611,113,0.7847222222222222,2795,104730053,0.003619843790449384,NaN
37081,0.08695898627061695,0.01932421917124821,0.012412739787433956,113,0.7847222222222222,2795,104758003,0.003619843790449384,NaN
37091,0.08695898627061695,0.01932421917124821,0.012411405376551513,113,0.7847222222222222,2795,104785953,0.003619843790449384,NaN
37101,0.08695898627061695,0.01932421917124821,0.012410077966251619,113,0.7847222222222222,2795,104813903,0.003619843790449384,NaN
37111,0.08695898627061695,0.01932421917124821,0.012408759473706003,113,0.7847222222222222,2795,104841853,0.003619843790449384,NaN
37121,0.08695898627061695,0.01932421917124821,0.012407446959283206,113,0.7847222222222222,2795,104869803,0.003619843790449384,NaN
37131,0.08695898627061695,0.01932421917124821,0.012406142056308285,113,0.7847222222222222,2795,104897753,0.003619843790449384,NaN
37141,0.08695898627061695,0.01932421917124821,0.012404844082833296,113,0.7847222222222222,2795,104925703,0.003619843790449384,NaN
37151,0.08695898627061695,0.01932421917124821,0.01240355414377644,113,0.7847222222222222,2795,104953653,0.003619843790449384,NaN
37161,0.08695898627061695,0.01932421917124821,0.012402270386373277,113,0.7847222222222222,2796,104981611,0.003619843790449384,NaN
37171,0.08695898627061695,0.01932421917124821,0.012400994801597716,113,0.7847222222222222,2796,105009571,0.003619843790449384,NaN
37181,0.08695898627061695,0.01932421917124821,0.012399725419014327,113,0.7847222222222222,2796,105037531,0.003619843790449384,NaN
37191,0.08695898627061695,0.01932421917124821,0.012398464372002434,113,0.7847222222222222,2796,105065491,0.003619843790449384,NaN
37201,0.08695898627061695,0.01932421917124821,0.012397209472394746,113,0.7847222222222222,2796,105093451,0.003619843790449384,NaN
37211,0.08695898627061695,0.01932421917124821,0.012395961330209995,113,0.7847222222222222,2796,105121411,0.003619843790449384,NaN
37221,0.08695898627061695,0.01932421917124821,0.01239472071082822,113,0.7847222222222222,2796,105149371,0.003619843790449384,NaN
37231,0.08695898627061695,0.01932421917124821,0.012393486499485733,113,0.7847222222222222,2796,105177331,0.003619843790449384,NaN
37241,0.08695898627061695,0.01932421917124821,0.012392258582615834,113,0.7847222222222222,2796,105205291,0.003619843790449384,NaN
37251,0.08695898627061695,0.01932421917124821,0.012391038069729762,113,0.7847222222222222,2796,105233251,0.003619843790449384,NaN
37261,0.08695898627061695,0.01932421917124821,0.012389823635835072,113,0.7847222222222222,2796,105261211,0.003619843790449384,NaN
37271,0.08695898627061695,0.01932421917124821,0.012388614514569931,113,0.7847222222222222,2796,105289171,0.003619843790449384,NaN
37281,0.08695898627061695,0.01932421917124821,0.012387413061702593,113,0.7847222222222222,2796,105317131,0.003619843790449384,NaN
37291,0.08695898627061695,0.01932421917124821,0.012386217384006602,113,0.7847222222222222,2796,105345091,0.003619843790449384,NaN
37301,0.08695898627061695,0.01932421917124821,0.012385029078609383,113,0.7847222222222222,2796,105373051,0.003619843790449384,NaN
37311,0.08695898627061695,0.01932421917124821,0.012383846544867546,113,0.7847222222222222,2796,105401011,0.003619843790449384,NaN
37321,0.08695898627061695,0.01932421917124821,0.012382670216571617,113,0.7847222222222222,2797,105428975,0.003619843790449384,NaN
37331,0.08695898627061695,0.01932421917124821,0.012381498604888443,113,0.7847222222222222,2797,105456945,0.003619843790449384,NaN
37341,0.08695898627061695,0.01932421917124821,0.012380333568527253,113,0.7847222222222222,2797,105484915,0.003619843790449384,NaN
37351,0.08695898627061695,0.01932421917124821,0.012379175690526621,113,0.7847222222222222,2797,105512885,0.003619843790449384,NaN
37361,0.08695898627061695,0.01932421917124821,0.012378023588363839,113,0.7847222222222222,2797,105540855,0.003619843790449384,NaN
37371,0.08695898627061695,0.01932421917124821,0.012376878232184939,113,0.7847222222222222,2797,105568825,0.003619843790449384,NaN
37381,0.08695898627061695,0.01932421917124821,0.01237573769048849,113,0.7847222222222222,2797,105596795,0.003619843790449384,NaN
37391,0.08695898627061695,0.01932421917124821,0.012374603325438455,113,0.7847222222222222,2797,105624765,0.003619843790449384,NaN
37401,0.08695898627061695,0.01932421917124821,0.012373474482743714,113,0.7847222222222222,2797,105652735,0.003619843790449384,NaN
37411,0.08695898627061695,0.01932421917124821,0.012372351110094274,113,0.7847222222222222,2797,105680705,0.003619843790449384,NaN
37421,0.08695898627061695,0.01932421917124821,0.012371233247165405,113,0.7847222222222222,2797,105708675,0.003619843790449384,NaN
37431,0.08691962506185809,0.019315472235968464,0.012366888320070211,112,0.7777777777777778,2772,105736470,0.0036185557270179136,NaN
37441,0.08691962506185809,0.019315472235968464,0.012361236084744081,112,0.7777777777777778,2772,105764190,0.0036185557270179136,NaN
37451,0.08691962506185809,0.019315472235968464,0.012355669764296591,112,0.7777777777777778,2773,105791920,0.0036185557270179136,NaN
37461,0.08691962506185809,0.019315472235968464,0.01235018976736805,112,0.7777777777777778,2773,105819650,0.0036185557270179136,NaN
37471,0.08691962506185809,0.019315472235968464,0.012344793190273947,112,0.7777777777777778,2773,105847380,0.0036185557270179136,NaN
37481,0.08691962506185809,0.019315472235968464,0.012339479457748204,112,0.7777777777777778,2773,105875110,0.0036185557270179136,NaN
37491,0.08691962506185809,0.019315472235968464,0.012334244788334692,112,0.7777777777777778,2773,105902840,0.0036185557270179136,NaN
37501,0.08691962506185809,0.019315472235968464,0.012329088335659582,112,0.7777777777777778,2773,105930570,0.0036185557270179136,NaN
37511,0.08691962506185809,0.019315472235968464,0.012324007748838788,112,0.7777777777777778,2773,105958300,0.0036185557270179136,NaN
37521,0.08691962506185809,0.019315472235968464,0.012319000076725631,112,0.7777777777777778,2773,105986030,0.0036185557270179136,NaN
37531,0.08691962506185809,0.019315472235968464,0.012314064299522042,112,0.7777777777777778,2773,106013760,0.0036185557270179136,NaN
37541,0.08691962506185809,0.019315472235968464,0.012309198694958222,112,0.7777777777777778,2773,106041490,0.0036185557270179136,NaN
37551,0.08691962506185809,0.019315472235968464,0.012304401512204117,112,0.7777777777777778,2773,106069220,0.0036185557270179136,NaN
37561,0.08691962506185809,0.019315472235968464,0.01229967211813964,112,0.7777777777777778,2773,106096950,0.0036185557270179136,NaN
37571,0.08691962506185809,0.019315472235968464,0.0122950084542093,112,0.7777777777777778,2773,106124680,0.0036185557270179136,NaN
37581,0.08691962506185809,0.019315472235968464,0.012290408870748866,112,0.7777777777777778,2773,106152410,0.0036185557270179136,NaN
37591,0.08691962506185809,0.019315472235968464,0.012285870911586012,112,0.7777777777777778,2773,106180140,0.0036185557270179136,NaN
37601,0.08691962506185809,0.019315472235968464,0.012281394812866976,112,0.7777777777777778,2773,106207870,0.00366752818431193,NaN
37611,0.08691962506185809,0.019315472235968464,0.01227697758151032,112,0.7777777777777778,2774,106235602,0.0036185557270179136,NaN
37621,0.08691962506185809,0.019315472235968464,0.012272617443930028,112,0.7777777777777778,2774,106263342,0.0036185557270179136,NaN
37631,0.08691962506185809,0.019315472235968464,0.012268314278757651,112,0.7777777777777778,2774,106291082,0.0036185557270179136,NaN
37641,0.08691962506185809,0.019315472235968464,0.012264066866323552,112,0.7777777777777778,2774,106318822,0.0036185557270179136,NaN
37651,0.08691962506185809,0.019315472235968464,0.012259874653461855,112,0.7777777777777778,2774,106346562,0.0036185557270179136,NaN
37661,0.08691962506185809,0.019315472235968464,0.012255735156546757,112,0.7777777777777778,2774,106374302,0.0036185557270179136,NaN
37671,0.08691962506185809,0.019315472235968464,0.012251647823152927,112,0.7777777777777778,2774,106402042,0.0036185557270179136,NaN
37681,0.08691962506185809,0.019315472235968464,0.012247611534710169,112,0.7777777777777778,2774,106429782,0.0036185557270179136,NaN
37691,0.08691962506185809,0.019315472235968464,0.012243626003566908,112,0.7777777777777778,2774,106457522,0.0036185557270179136,NaN
37701,0.08691962506185809,0.019315472235968464,0.012239689770097855,112,0.7777777777777778,2774,106485262,0.0036185557270179136,NaN
37711,0.08691962506185809,0.019315472235968464,0.012235801746698057,112,0.7777777777777778,2774,106513002,0.0036185557270179136,NaN
37721,0.08691962506185809,0.019315472235968464,0.012231960655142225,112,0.7777777777777778,2774,106540742,0.0036185557270179136,NaN
37731,0.08691962506185809,0.019315472235968464,0.012228165213084627,112,0.7777777777777778,2774,106568482,0.0036185557270179136,NaN
37741,0.08691962506185809,0.019315472235968464,0.012224415033636173,112,0.7777777777777778,2774,106596222,0.0036185557270179136,NaN
37751,0.08691962506185809,0.019315472235968464,0.012220708947227477,112,0.7777777777777778,2774,106623962,0.0036185557270179136,NaN
37761,0.08691962506185809,0.019315472235968464,0.012217046311144123,112,0.7777777777777778,2774,106651702,0.0036185557270179136,NaN
37771,0.08691962506185809,0.019315472235968464,0.012213426169970721,112,0.7777777777777778,2774,106679442,0.0036185557270179136,NaN
37781,0.08691962506185809,0.019315472235968464,0.012209847572498416,112,0.7777777777777778,2775,106707186,0.0036185557270179136,NaN
37791,0.08691962506185809,0.019315472235968464,0.012206309263504304,112,0.7777777777777778,2775,106734936,0.0036185557270179136,NaN
37801,0.08691962506185809,0.019315472235968464,0.012202810683782742,112,0.7777777777777778,2775,106762686,0.0036185557270179136,NaN
37811,0.08691962506185809,0.019315472235968464,0.012199351944866403,112,0.7777777777777778,2775,106790436,0.0036185557270179136,NaN
37821,0.08691962506185809,0.019315472235968464,0.012195931513225419,112,0.7777777777777778,2775,106818186,0.0036185557270179136,NaN
37831,0.08691962506185809,0.019315472235968464,0.012192549160335919,112,0.7777777777777778,2775,106845936,0.0036185557270179136,NaN
37841,0.08691962506185809,0.019315472235968464,0.012189204021904808,112,0.7777777777777778,2775,106873686,0.0036185557270179136,NaN
37851,0.08691962506185809,0.019315472235968464,0.012185895872151197,112,0.7777777777777778,2775,106901436,0.0036185557270179136,NaN
37861,0.08691962506185809,0.019315472235968464,0.012182623123355829,112,0.7777777777777778,2775,106929186,0.0036185557270179136,NaN
37871,0.08691962506185809,0.019315472235968464,0.012179385289583887,112,0.7777777777777778,2775,106956936,0.0036185557270179136,NaN
37881,0.08691962506185809,0.019315472235968464,0.012176183003600493,112,0.7777777777777778,2775,106984686,0.0036185557270179136,NaN
37891,0.08691962506185809,0.019315472235968464,0.012173014664368055,112,0.7777777777777778,2775,107012436,0.0036185557270179136,NaN
37901,0.08691962506185809,0.019315472235968464,0.01216988006681283,112,0.7777777777777778,2775,107040186,0.0036185557270179136,NaN
37911,0.08691962506185809,0.019315472235968464,0.012166777227353544,112,0.7777777777777778,2775,107067936,0.0036185557270179136,NaN
37921,0.08691962506185809,0.019315472235968464,0.01216370687737042,112,0.7777777777777778,2775,107095686,0.0036185557270179136,NaN
37931,0.08691962506185809,0.019315472235968464,0.012160667960403423,112,0.7777777777777778,2775,107123436,0.0036185557270179136,NaN
37941,0.08691962506185809,0.019315472235968464,0.012157660859634477,112,0.7777777777777778,2775,107151186,0.0036185557270179136,NaN
37951,0.08691962506185809,0.019315472235968464,0.012154683696116672,112,0.7777777777777778,2776,107178941,0.0036185557270179136,NaN
37961,0.08691962506185809,0.019315472235968464,0.012151735538100386,112,0.7777777777777778,2776,107206701,0.0036185557270179136,NaN
37971,0.08691962506185809,0.019315472235968464,0.012148817415680399,112,0.7777777777777778,2776,107234461,0.0036185557270179136,NaN
37981,0.08691962506185809,0.019315472235968464,0.012145928376957072,112,0.7777777777777778,2776,107262221,0.0036185557270179136,NaN
37991,0.08691962506185809,0.019315472235968464,0.0121430672355727,112,0.7777777777777778,2776,107289981,0.0036185557270179136,NaN
38001,0.08691962506185809,0.019315472235968464,0.012140234500091085,112,0.7777777777777778,2776,107317741,0.0036185557270179136,NaN
38011,0.08691962506185809,0.019315472235968464,0.012137429254403696,112,0.7777777777777778,2776,107345501,0.0036185557270179136,NaN
38021,0.08691962506185809,0.019315472235968464,0.012134651454367441,112,0.7777777777777778,2776,107373261,0.0036185557270179136,NaN
38031,0.08691962506185809,0.019315472235968464,0.012131900409234933,112,0.7777777777777778,2776,107401021,0.0036185557270179136,NaN
38041,0.08691962506185809,0.019315472235968464,0.012129175457598253,112,0.7777777777777778,2776,107428781,0.0036185557270179136,NaN
38051,0.08691962506185809,0.019315472235968464,0.012126476126705381,112,0.7777777777777778,2776,107456541,0.0036185557270179136,NaN
38061,0.08691962506185809,0.019315472235968464,0.012123802246206877,112,0.7777777777777778,2776,107484301,0.0036185557270179136,NaN
38071,0.08691962506185809,0.019315472235968464,0.012121153590123173,112,0.7777777777777778,2776,107512061,0.0036185557270179136,NaN
38081,0.08691962506185809,0.019315472235968464,0.012118529823023227,112,0.7777777777777778,2776,107539821,0.0036185557270179136,NaN
38091,0.08691962506185809,0.019315472235968464,0.012115930060190449,112,0.7777777777777778,2776,107567581,0.0036185557270179136,NaN
38101,0.08691962506185809,0.019315472235968464,0.012113354010587031,112,0.7777777777777778,2776,107595341,0.0036185557270179136,NaN
38111,0.08691962506185809,0.019315472235968464,0.01211080222659579,112,0.7777777777777778,2776,107623101,0.0036185557270179136,NaN
38121,0.08691962506185809,0.019315472235968464,0.012108273043030806,112,0.7777777777777778,2777,107650866,0.0036185557270179136,NaN
38131,0.08691962506185809,0.019315472235968464,0.012105766359108976,112,0.7777777777777778,2777,107678636,0.0036185557270179136,NaN
38141,0.08691962506185809,0.019315472235968464,0.012103281612647157,112,0.7777777777777778,2777,107706406,0.0036185557270179136,NaN
38151,0.08691962506185809,0.019315472235968464,0.01210081926229015,112,0.7777777777777778,2777,107734176,0.0036185557270179136,NaN
38161,0.08691962506185809,0.019315472235968464,0.012098378778261601,112,0.7777777777777778,2777,107761946,0.0036185557270179136,NaN
38171,0.08691962506185809,0.019315472235968464,0.012095959363796552,112,0.7777777777777778,2777,107789716,0.0036185557270179136,NaN
38181,0.08691962506185809,0.019315472235968464,0.012093561947368223,112,0.7777777777777778,2777,107817486,0.0036185557270179136,NaN
38191,0.08691962506185809,0.019315472235968464,0.01209118428901134,112,0.7777777777777778,2777,107845256,0.0036185557270179136,NaN
38201,0.08691962506185809,0.019315472235968464,0.012088827669552531,112,0.7777777777777778,2777,107873026,0.0036185557270179136,NaN
38211,0.08691962506185809,0.019315472235968464,0.012086491282136076,112,0.7777777777777778,2777,107900796,0.0036185557270179136,NaN
38221,0.08691962506185809,0.019315472235968464,0.0120841748296496,112,0.7777777777777778,2777,107928566,0.0036185557270179136,NaN
38231,0.08691962506185809,0.019315472235968464,0.012081877725305742,112,0.7777777777777778,2777,107956336,0.0036185557270179136,NaN
38241,0.08691962506185809,0.019315472235968464,0.012079600282260036,112,0.7777777777777778,2777,107984106,0.0036185557270179136,NaN
38251,0.08691962506185809,0.019315472235968464,0.012077342163700494,112,0.7777777777777778,2777,108011876,0.0036185557270179136,NaN
38261,0.08691962506185809,0.019315472235968464,0.012075102931398584,112,0.7777777777777778,2777,108039646,0.0036185557270179136,NaN
38271,0.08691962506185809,0.019315472235968464,0.012072882523396116,112,0.7777777777777778,2777,108067416,0.0036185557270179136,NaN
38281,0.08691962506185809,0.019315472235968464,0.012070679597212442,112,0.7777777777777778,2777,108095186,0.0036185557270179136,NaN
38291,0.08691962506185809,0.019315472235968464,0.01206849422078008,112,0.7777777777777778,2778,108122960,0.0036185557270179136,NaN
38301,0.08691962506185809,0.019315472235968464,0.012066327338403461,112,0.7777777777777778,2778,108150740,0.0036185557270179136,NaN
38311,0.08691962506185809,0.019315472235968464,0.012064177999698491,112,0.7777777777777778,2778,108178520,0.0036185557270179136,NaN
38321,0.08691962506185809,0.019315472235968464,0.012062045815861447,112,0.7777777777777778,2778,108206300,0.0036185557270179136,NaN
38331,0.08691962506185809,0.019315472235968464,0.012059930415951468,112,0.7777777777777778,2778,108234080,0.0036185557270179136,NaN
38341,0.08691962506185809,0.019315472235968464,0.012057833074958639,112,0.7777777777777778,2778,108261860,0.0036185557270179136,NaN
38351,0.08691962506185809,0.019315472235968464,0.012055751913544377,112,0.7777777777777778,2778,108289640,0.0036185557270179136,NaN
38361,0.08691962506185809,0.019315472235968464,0.012053686271138004,112,0.7777777777777778,2778,108317420,0.0036185557270179136,NaN
38371,0.08691962506185809,0.019315472235968464,0.012051636564965409,112,0.7777777777777778,2778,108345200,0.0036185557270179136,NaN
38381,0.08691962506185809,0.019315472235968464,0.012049603727254223,112,0.7777777777777778,2778,108372980,0.0036185557270179136,NaN
38391,0.08691962506185809,0.019315472235968464,0.012047586126449608,112,0.7777777777777778,2778,108400760,0.0036185557270179136,NaN
38401,0.08691962506185809,0.019315472235968464,0.01204558473418423,112,0.7777777777777778,2778,108428540,0.0036185557270179136,NaN
38411,0.08691962506185809,0.019315472235968464,0.012043598034146912,112,0.7777777777777778,2778,108456320,0.0036185557270179136,NaN
38421,0.08691962506185809,0.019315472235968464,0.012041626837316742,112,0.7777777777777778,2778,108484100,0.0036185557270179136,NaN
38431,0.08691962506185809,0.019315472235968464,0.012039670943768597,112,0.7777777777777778,2778,108511880,0.0036185557270179136,NaN
38441,0.08691962506185809,0.019315472235968464,0.012037729516761513,112,0.7777777777777778,2778,108539660,0.0036185557270179136,NaN
38451,0.08691962506185809,0.019315472235968464,0.012035802960854911,112,0.7777777777777778,2778,108567440,0.0036185557270179136,NaN
38461,0.08691962506185809,0.019315472235968464,0.012033890741902996,112,0.7777777777777778,2779,108595223,0.0036185557270179136,NaN
38471,0.08691962506185809,0.019315472235968464,0.012031992043885675,112,0.7777777777777778,2779,108623013,0.0036185557270179136,NaN
38481,0.08691962506185809,0.019315472235968464,0.012030107456780707,112,0.7777777777777778,2779,108650803,0.0036185557270179136,NaN
38491,0.08691962506185809,0.019315472235968464,0.012028236624609823,112,0.7777777777777778,2779,108678593,0.0036185557270179136,NaN
38501,0.08691962506185809,0.019315472235968464,0.012026379570819404,112,0.7777777777777778,2779,108706383,0.0036185557270179136,NaN
38511,0.08691962506185809,0.019315472235968464,0.012024536353946808,112,0.7777777777777778,2779,108734173,0.0036185557270179136,NaN
38521,0.08691962506185809,0.019315472235968464,0.012022706155875017,112,0.7777777777777778,2779,108761963,0.0036185557270179136,NaN
38531,0.08691962506185809,0.019315472235968464,0.01202088938472768,112,0.7777777777777778,2779,108789753,0.0036185557270179136,NaN
38541,0.08691962506185809,0.019315472235968464,0.012019085327715668,112,0.7777777777777778,2779,108817543,0.0036185557270179136,NaN
38551,0.08691962506185809,0.019315472235968464,0.012017294552260062,112,0.7777777777777778,2779,108845333,0.0036185557270179136,NaN
38561,0.08691962506185809,0.019315472235968464,0.012015516271887959,112,0.7777777777777778,2779,108873123,0.0036185557270179136,NaN
38571,0.08691962506185809,0.019315472235968464,0.012013750871042679,112,0.7777777777777778,2779,108900913,0.0036185557270179136,NaN
38581,0.08691962506185809,0.019315472235968464,0.012011997485374949,112,0.7777777777777778,2779,108928703,0.0036185557270179136,NaN
38591,0.08691962506185809,0.019315472235968464,0.012010257000957732,112,0.7777777777777778,2779,108956493,0.0036185557270179136,NaN
38601,0.08691962506185809,0.019315472235968464,0.012008528188758461,112,0.7777777777777778,2779,108984283,0.0036185557270179136,NaN
38611,0.08691962506185809,0.019315472235968464,0.012006811736146436,112,0.7777777777777778,2779,109012073,0.0036185557270179136,NaN
38621,0.08691962506185809,0.019315472235968464,0.012005106664913815,112,0.7777777777777778,2779,109039863,0.0036185557270179136,NaN
38631,0.08691962506185809,0.019315472235968464,0.012003413513926356,112,0.7777777777777778,2780,109067654,0.0036185557270179136,NaN
38641,0.08691962506185809,0.019315472235968464,0.012001731833153933,112,0.7777777777777778,2780,109095454,0.0036185557270179136,NaN
38651,0.08691962506185809,0.019315472235968464,0.012000061402023558,112,0.7777777777777778,2780,109123254,0.0036185557270179136,NaN
38661,0.08691962506185809,0.019315472235968464,0.011998402016523033,112,0.7777777777777778,2780,109151054,0.0036185557270179136,NaN
38671,0.08691962506185809,0.019315472235968464,0.011996754173961285,112,0.7777777777777778,2780,109178854,0.0036185557270179136,NaN
38681,0.08691962506185809,0.019315472235968464,0.011995116933726702,112,0.7777777777777778,2780,109206654,0.0036185557270179136,NaN
38691,0.08691962506185809,0.019315472235968464,0.011993490657716209,112,0.7777777777777778,2780,109234454,0.0036185557270179136,NaN
38701,0.08691962506185809,0.019315472235968464,0.011991875657253227,112,0.7777777777777778,2780,109262254,0.0036185557270179136,NaN
38711,0.08691962506185809,0.019315472235968464,0.011990270485990174,112,0.7777777777777778,2780,109290054,0.0036185557270179136,NaN
38721,0.08691962506185809,0.019315472235968464,0.011988676669424917,112,0.7777777777777778,2780,109317854,0.0036185557270179136,NaN
38731,0.08691962506185809,0.019315472235968464,0.011987093495420896,112,0.7777777777777778,2780,109345654,0.0036185557270179136,NaN
38741,0.08691962506185809,0.019315472235968464,0.011985520716242037,112,0.7777777777777778,2780,109373454,0.0036185557270179136,NaN
38751,0.08691962506185809,0.019315472235968464,0.011983958137608948,112,0.7777777777777778,2780,109401254,0.0036185557270179136,NaN
38761,0.08691962506185809,0.019315472235968464,0.011982405588246238,112,0.7777777777777778,2780,109429054,0.0036185557270179136,NaN
38771,0.08691962506185809,0.019315472235968464,0.01198086286022696,112,0.7777777777777778,2780,109456854,0.0036185557270179136,NaN
38781,0.08691962506185809,0.019315472235968464,0.011979330131617921,112,0.7777777777777778,2780,109484654,0.0036185557270179136,NaN
38791,0.08691962506185809,0.019315472235968464,0.011977807192927261,112,0.7777777777777778,2780,109512454,0.0036185557270179136,NaN
38801,0.08691962506185809,0.019315472235968464,0.011976293689546866,112,0.7777777777777778,2780,109540254,0.0036185557270179136,NaN
38811,0.08691962506185809,0.019315472235968464,0.011974789773575436,112,0.7777777777777778,2781,109568062,0.0036185557270179136,NaN
38821,0.08691962506185809,0.019315472235968464,0.011973295194513407,112,0.7777777777777778,2781,109595872,0.0036185557270179136,NaN
38831,0.08691962506185809,0.019315472235968464,0.011971810151784744,112,0.7777777777777778,2781,109623682,0.0036185557270179136,NaN
38841,0.08691962506185809,0.019315472235968464,0.011970333867923576,112,0.7777777777777778,2781,109651492,0.0036185557270179136,NaN
38851,0.08691962506185809,0.019315472235968464,0.01196886719230768,112,0.7777777777777778,2781,109679302,0.0036185557270179136,NaN
38861,0.08691962506185809,0.019315472235968464,0.011967408782237947,112,0.7777777777777778,2781,109707112,0.0036185557270179136,NaN
38871,0.08691962506185809,0.019315472235968464,0.011965960030170742,112,0.7777777777777778,2781,109734922,0.0036185557270179136,NaN
38881,0.08691962506185809,0.019315472235968464,0.011964520138122247,112,0.7777777777777778,2781,109762732,0.0036185557270179136,NaN
38891,0.08691962506185809,0.019315472235968464,0.011963089223272046,112,0.7777777777777778,2781,109790542,0.0036185557270179136,NaN
38901,0.08691962506185809,0.019315472235968464,0.011961666797774,112,0.7777777777777778,2781,109818352,0.0036185557270179136,NaN
38911,0.08691962506185809,0.019315472235968464,0.011960253350658964,112,0.7777777777777778,2781,109846162,0.0036185557270179136,NaN
38921,0.08691962506185809,0.019315472235968464,0.01195884847836095,112,0.7777777777777778,2781,109873972,0.0036185557270179136,NaN
38931,0.08691962506185809,0.019315472235968464,0.011957452205082188,112,0.7777777777777778,2781,109901782,0.0036185557270179136,NaN
38941,0.08691962506185809,0.019315472235968464,0.011956063839199794,112,0.7777777777777778,2781,109929592,0.0036185557270179136,NaN
38951,0.08691962506185809,0.019315472235968464,0.01195468417332549,112,0.7777777777777778,2781,109957402,0.0036185557270179136,NaN
38961,0.08691962506185809,0.019315472235968464,0.011953312718192544,112,0.7777777777777778,2781,109985212,0.0036185557270179136,NaN
38971,0.08691962506185809,0.019315472235968464,0.01195194903226144,112,0.7777777777777778,2781,110013022,0.0036185557270179136,NaN
38981,0.08691962506185809,0.019315472235968464,0.011950593390372015,112,0.7777777777777778,2782,110040837,0.0036185557270179136,NaN
38991,0.08691962506185809,0.019315472235968464,0.01194924544405055,112,0.7777777777777778,2782,110068657,0.0036185557270179136,NaN
39001,0.08691962506185809,0.019315472235968464,0.011947905436775619,112,0.7777777777777778,2782,110096477,0.0036185557270179136,NaN
39011,0.08691962506185809,0.019315472235968464,0.01194657354580979,112,0.7777777777777778,2782,110124297,0.0036185557270179136,NaN
39021,0.08691962506185809,0.019315472235968464,0.011945248941251376,112,0.7777777777777778,2782,110152117,0.0036185557270179136,NaN
39031,0.08691962506185809,0.019315472235968464,0.011943932347054391,112,0.7777777777777778,2782,110179937,0.0036185557270179136,NaN
39041,0.08691962506185809,0.019315472235968464,0.011942623134558397,112,0.7777777777777778,2782,110207757,0.0036185557270179136,NaN
39051,0.08691962506185809,0.019315472235968464,0.011941321493527605,112,0.7777777777777778,2782,110235577,0.0036185557270179136,NaN
39061,0.08691962506185809,0.019315472235968464,0.011940027556550175,112,0.7777777777777778,2782,110263397,0.0036185557270179136,NaN
39071,0.08691962506185809,0.019315472235968464,0.011938740676359725,112,0.7777777777777778,2782,110291217,0.0036185557270179136,NaN
39081,0.08691962506185809,0.019315472235968464,0.011937461171570183,112,0.7777777777777778,2782,110319037,0.0036185557270179136,NaN
39091,0.08691962506185809,0.019315472235968464,0.011936188541210315,112,0.7777777777777778,2782,110346857,0.0036185557270179136,NaN
39101,0.08691962506185809,0.019315472235968464,0.011934922858410942,112,0.7777777777777778,2782,110374677,0.0036185557270179136,NaN
39111,0.08691962506185809,0.019315472235968464,0.01193366478066061,112,0.7777777777777778,2782,110402497,0.0036185557270179136,NaN
39121,0.08691962506185809,0.019315472235968464,0.011932413411770692,112,0.7777777777777778,2782,110430317,0.0036185557270179136,NaN
39131,0.08691962506185809,0.019315472235968464,0.011931168899916984,112,0.7777777777777778,2782,110458137,0.0036185557270179136,NaN
39141,0.08691962506185809,0.019315472235968464,0.011929931846126325,112,0.7777777777777778,2782,110485957,0.0036185557270179136,NaN
39151,0.08691962506185809,0.019315472235968464,0.011928701134152531,112,0.7777777777777778,2782,110513777,0.0036185557270179136,NaN
39161,0.08691962506185809,0.019315472235968464,0.011927477006256418,112,0.7777777777777778,2783,110541607,0.0036185557270179136,NaN
39171,0.08691962506185809,0.019315472235968464,0.011926259883781064,112,0.7777777777777778,2783,110569437,0.0036185557270179136,NaN
39181,0.08691962506185809,0.019315472235968464,0.011925049209649114,112,0.7777777777777778,2783,110597267,0.0036185557270179136,NaN
39191,0.08691962506185809,0.019315472235968464,0.011923844923257161,112,0.7777777777777778,2783,110625097,0.0036185557270179136,NaN
39201,0.08691962506185809,0.019315472235968464,0.01192264723459918,112,0.7777777777777778,2783,110652927,0.0036185557270179136,NaN
39211,0.08691962506185809,0.019315472235968464,0.011921456122242923,112,0.7777777777777778,2783,110680757,0.0036185557270179136,NaN
39221,0.08691962506185809,0.019315472235968464,0.011920270980927558,112,0.7777777777777778,2783,110708587,0.0036185557270179136,NaN
39231,0.08691962506185809,0.019315472235968464,0.01191909233412556,112,0.7777777777777778,2783,110736417,0.0036185557270179136,NaN
39241,0.08691962506185809,0.019315472235968464,0.011917920353448588,112,0.7777777777777778,2783,110764247,0.0036185557270179136,NaN
39251,0.08691962506185809,0.019315472235968464,0.01191675442686427,112,0.7777777777777778,2783,110792077,0.0036185557270179136,NaN
39261,0.08691962506185809,0.019315472235968464,0.011915594724702067,112,0.7777777777777778,2783,110819907,0.0036185557270179136,NaN
39271,0.08691962506185809,0.019315472235968464,0.011914440956911338,112,0.7777777777777778,2783,110847737,0.0036185557270179136,NaN
39281,0.08691962506185809,0.019315472235968464,0.011913293428352302,112,0.7777777777777778,2783,110875567,0.0036185557270179136,NaN
39291,0.08691962506185809,0.019315472235968464,0.01191215203424318,112,0.7777777777777778,2783,110903397,0.0036185557270179136,NaN
39301,0.08691962506185809,0.019315472235968464,0.011911016491290555,112,0.7777777777777778,2783,110931227,0.0036185557270179136,NaN
39311,0.08691962506185809,0.019315472235968464,0.01190988682047271,112,0.7777777777777778,2783,110959057,0.0036185557270179136,NaN
39321,0.08691962506185809,0.019315472235968464,0.011908763436845809,112,0.7777777777777778,2783,110986887,0.0036185557270179136,NaN
39331,0.08691962506185809,0.019315472235968464,0.011907645261867966,112,0.7777777777777778,2784,111014722,0.0036185557270179136,NaN
39341,0.08691962506185809,0.019315472235968464,0.011906532593835329,112,0.7777777777777778,2784,111042562,0.0036185557270179136,NaN
39351,0.08691962506185809,0.019315472235968464,0.011905425986671443,112,0.7777777777777778,2784,111070402,0.0036185557270179136,NaN
39361,0.08691962506185809,0.019315472235968464,0.01190432519901421,112,0.7777777777777778,2784,111098242,0.0036185557270179136,NaN
39371,0.08691962506185809,0.019315472235968464,0.011903229783381278,112,0.7777777777777778,2784,111126082,0.0036185557270179136,NaN
39381,0.08691962506185809,0.019315472235968464,0.011902139846015224,112,0.7777777777777778,2784,111153922,0.0036185557270179136,NaN
39391,0.08691962506185809,0.019315472235968464,0.011901055187143187,112,0.7777777777777778,2784,111181762,0.0036185557270179136,NaN
39401,0.08691962506185809,0.019315472235968464,0.011899976570682038,112,0.7777777777777778,2784,111209602,0.0036185557270179136,NaN
39411,0.08691962506185809,0.019315472235968464,0.011898902730224455,112,0.7777777777777778,2784,111237442,0.0036185557270179136,NaN
39421,0.08691962506185809,0.019315472235968464,0.011897834768905668,112,0.7777777777777778,2784,111265282,0.0036185557270179136,NaN
39431,0.08684398185201578,0.019298662633781286,0.011894473147238401,111,0.7708333333333334,2759,111292997,0.0036185557270179136,NaN
39441,0.08684398185201578,0.019298662633781286,0.011888880528552267,111,0.7708333333333334,2759,111320587,0.0036185557270179136,NaN
39451,0.08684398185201578,0.019298662633781286,0.011883374908421382,111,0.7708333333333334,2759,111348177,0.0036185557270179136,NaN
39461,0.08684398185201578,0.019298662633781286,0.01187795462787676,111,0.7708333333333334,2759,111375767,0.0036185557270179136,NaN
39471,0.08684398185201578,0.019298662633781286,0.011872617311850603,111,0.7708333333333334,2759,111403357,0.0036185557270179136,NaN
39481,0.08684398185201578,0.019298662633781286,0.011867360028212065,111,0.7708333333333334,2760,111430951,0.0036185557270179136,NaN
39491,0.08684398185201578,0.019298662633781286,0.011862181019901497,111,0.7708333333333334,2760,111458551,0.0036185557270179136,NaN
39501,0.08684398185201578,0.019298662633781286,0.011857078423841792,111,0.7708333333333334,2760,111486151,0.0036185557270179136,NaN
39511,0.08684398185201578,0.019298662633781286,0.011852050932897684,111,0.7708333333333334,2760,111513751,0.0036185557270179136,NaN
39521,0.08684398185201578,0.019298662633781286,0.011847097166645445,111,0.7708333333333334,2760,111541351,0.0036185557270179136,NaN
39531,0.08684398185201578,0.019298662633781286,0.011842214399796403,111,0.7708333333333334,2760,111568951,0.0036185557270179136,NaN
39541,0.08684398185201578,0.019298662633781286,0.01183740183353204,111,0.7708333333333334,2760,111596551,0.0036185557270179136,NaN
39551,0.08684398185201578,0.019298662633781286,0.011832656887024132,111,0.7708333333333334,2760,111624151,0.0036185557270179136,NaN
39561,0.08684398185201578,0.019298662633781286,0.01182797806459398,111,0.7708333333333334,2760,111651751,0.0036185557270179136,NaN
39571,0.08684398185201578,0.019298662633781286,0.011823364418206124,111,0.7708333333333334,2760,111679351,0.0036185557270179136,NaN
39581,0.08684398185201578,0.019298662633781286,0.011818814656854077,111,0.7708333333333334,2760,111706951,0.0036185557270179136,NaN
39591,0.08684398185201578,0.019298662633781286,0.011814326258113265,111,0.7708333333333334,2760,111734551,0.0036185557270179136,NaN
39601,0.08684398185201578,0.019298662633781286,0.0118098986934862,111,0.7708333333333334,2760,111762151,0.0036185557270179136,NaN
39611,0.08684398185201578,0.019298662633781286,0.011805530476288966,111,0.7708333333333334,2760,111789751,0.0036185557270179136,NaN
39621,0.08684398185201578,0.019298662633781286,0.011801220027929786,111,0.7708333333333334,2760,111817351,0.0036185557270179136,NaN
39631,0.08684398185201578,0.019298662633781286,0.011796965951824508,111,0.7708333333333334,2760,111844951,0.0036185557270179136,NaN
39641,0.08684398185201578,0.019298662633781286,0.011792767044412875,111,0.7708333333333334,2760,111872551,0.0036185557270179136,NaN
39651,0.08684398185201578,0.019298662633781286,0.01178862228690267,111,0.7708333333333334,2760,111900151,0.0036185557270179136,NaN
39661,0.08684398185201578,0.019298662633781286,0.011784529775396669,111,0.7708333333333334,2761,111927757,0.0036185557270179136,NaN
39671,0.08684398185201578,0.019298662633781286,0.011780488648761104,111,0.7708333333333334,2761,111955367,0.0036185557270179136,NaN
39681,0.08684398185201578,0.019298662633781286,0.011776497777165924,111,0.7708333333333334,2761,111982977,0.0036185557270179136,NaN
39691,0.08684398185201578,0.019298662633781286,0.011772556884525201,111,0.7708333333333334,2761,112010587,0.0036185557270179136,NaN
39701,0.08684398185201578,0.019298662633781286,0.01176866476529251,111,0.7708333333333334,2761,112038197,0.0036185557270179136,NaN
39711,0.08684398185201578,0.019298662633781286,0.011764819958728724,111,0.7708333333333334,2761,112065807,0.0036185557270179136,NaN
39721,0.08684398185201578,0.019298662633781286,0.01176102204032137,111,0.7708333333333334,2761,112093417,0.0036185557270179136,NaN
39731,0.08684398185201578,0.019298662633781286,0.011757269786717858,111,0.7708333333333334,2761,112121027,0.0036185557270179136,NaN
39741,0.08684398185201578,0.019298662633781286,0.01175356204509701,111,0.7708333333333334,2761,112148637,0.0036185557270179136,NaN
39751,0.08684398185201578,0.019298662633781286,0.01174989824078941,111,0.7708333333333334,2761,112176247,0.0036185557270179136,NaN
39761,0.08684398185201578,0.019298662633781286,0.011746277554454928,111,0.7708333333333334,2761,112203857,0.0036185557270179136,NaN
39771,0.08684398185201578,0.019298662633781286,0.011742699331468322,111,0.7708333333333334,2761,112231467,0.0036185557270179136,NaN
39781,0.08684398185201578,0.019298662633781286,0.011739162083398919,111,0.7708333333333334,2761,112259077,0.0036185557270179136,NaN
39791,0.08684398185201578,0.019298662633781286,0.011735665408901986,111,0.7708333333333334,2761,112286687,0.0036185557270179136,NaN
39801,0.08684398185201578,0.019298662633781286,0.011732208974812345,111,0.7708333333333334,2761,112314297,0.0036185557270179136,NaN
39811,0.08684398185201578,0.019298662633781286,0.011728791428666153,111,0.7708333333333334,2761,112341907,0.0036185557270179136,NaN
39821,0.08684398185201578,0.019298662633781286,0.011725412265268456,111,0.7708333333333334,2761,112369517,0.0036185557270179136,NaN
39831,0.08684398185201578,0.019298662633781286,0.011722071025637097,111,0.7708333333333334,2761,112397127,0.0036185557270179136,NaN
39841,0.08684398185201578,0.019298662633781286,0.01171876555631285,111,0.7708333333333334,2762,112424744,0.0036185557270179136,NaN
39851,0.08684398185201578,0.019298662633781286,0.011715496196518101,111,0.7708333333333334,2762,112452364,0.0036185557270179136,NaN
39861,0.08684398185201578,0.019298662633781286,0.011712262221033574,111,0.7708333333333334,2762,112479984,0.0036185557270179136,NaN
39871,0.08684398185201578,0.019298662633781286,0.011709062921719091,111,0.7708333333333334,2762,112507604,0.0036185557270179136,NaN
39881,0.08684398185201578,0.019298662633781286,0.011705897746630969,111,0.7708333333333334,2762,112535224,0.0036185557270179136,NaN
39891,0.08684398185201578,0.019298662633781286,0.011702766422518733,111,0.7708333333333334,2762,112562844,0.0036185557270179136,NaN
39901,0.08684398185201578,0.019298662633781286,0.01169966819098942,111,0.7708333333333334,2762,112590464,0.0036185557270179136,NaN
39911,0.08684398185201578,0.019298662633781286,0.01169660244245766,111,0.7708333333333334,2762,112618084,0.0036185557270179136,NaN
39921,0.08684398185201578,0.019298662633781286,0.011693568442055257,111,0.7708333333333334,2762,112645704,0.0036185557270179136,NaN
39931,0.08684398185201578,0.019298662633781286,0.011690565913412112,111,0.7708333333333334,2762,112673324,0.0036185557270179136,NaN
39941,0.08684398185201578,0.019298662633781286,0.011687594382156948,111,0.7708333333333334,2762,112700944,0.0036185557270179136,NaN
39951,0.08684398185201578,0.019298662633781286,0.01168465341147168,111,0.7708333333333334,2762,112728564,0.0036185557270179136,NaN
39961,0.08684398185201578,0.019298662633781286,0.0116817415965784,111,0.7708333333333334,2762,112756184,0.0036185557270179136,NaN
39971,0.08684398185201578,0.019298662633781286,0.011678859047118649,111,0.7708333333333334,2762,112783804,0.0036185557270179136,NaN
39981,0.08684398185201578,0.019298662633781286,0.011676005154862341,111,0.7708333333333334,2762,112811424,0.0036185557270179136,NaN
39991,0.08684398185201578,0.019298662633781286,0.011673180232577842,111,0.7708333333333334,2762,112839044,0.0036185557270179136,NaN
40001,0.08684398185201578,0.019298662633781286,0.011670382642750414,111,0.7708333333333334,2762,112866664,0.0036185557270179136,NaN
40011,0.08684398185201578,0.019298662633781286,0.011667612300488189,111,0.7708333333333334,2762,112894284,0.0036185557270179136,NaN
40021,0.08684398185201578,0.019298662633781286,0.011664868198888144,111,0.7708333333333334,2763,112921911,0.0036185557270179136,NaN
40031,0.08684398185201578,0.019298662633781286,0.011662150368919173,111,0.7708333333333334,2763,112949541,0.0036185557270179136,NaN
40041,0.08684398185201578,0.019298662633781286,0.01165945915041109,111,0.7708333333333334,2763,112977171,0.0036185557270179136,NaN
40051,0.08684398185201578,0.019298662633781286,0.01165679325131096,111,0.7708333333333334,2763,113004801,0.0036185557270179136,NaN
40061,0.08684398185201578,0.019298662633781286,0.011654152678956605,111,0.7708333333333334,2763,113032431,0.0036185557270179136,NaN
40071,0.08684398185201578,0.019298662633781286,0.011651536622937407,111,0.7708333333333334,2763,113060061,0.0036185557270179136,NaN
40081,0.08684398185201578,0.019298662633781286,0.011648945196989604,111,0.7708333333333334,2763,113087691,0.0036185557270179136,NaN
40091,0.08684398185201578,0.019298662633781286,0.01164637775336113,111,0.7708333333333334,2763,113115321,0.0036185557270179136,NaN
40101,0.08684398185201578,0.019298662633781286,0.011643834099466274,111,0.7708333333333334,2763,113142951,0.0036185557270179136,NaN
40111,0.08684398185201578,0.019298662633781286,0.011641313703846216,111,0.7708333333333334,2763,113170581,0.0036185557270179136,NaN
40121,0.08684398185201578,0.019298662633781286,0.011638816190959876,111,0.7708333333333334,2763,113198211,0.0036185557270179136,NaN
40131,0.08684398185201578,0.019298662633781286,0.011636340987923708,111,0.7708333333333334,2763,113225841,0.0036185557270179136,NaN
40141,0.08684398185201578,0.019298662633781286,0.011633888197293805,111,0.7708333333333334,2763,113253471,0.0036185557270179136,NaN
40151,0.08684398185201578,0.019298662633781286,0.011631457380240375,111,0.7708333333333334,2763,113281101,0.0036185557270179136,NaN
40161,0.08684398185201578,0.019298662633781286,0.011629048205601141,111,0.7708333333333334,2763,113308731,0.0036185557270179136,NaN
40171,0.08684398185201578,0.019298662633781286,0.011626660073298758,111,0.7708333333333334,2763,113336361,0.0036185557270179136,NaN
40181,0.08684398185201578,0.019298662633781286,0.01162429298131817,111,0.7708333333333334,2763,113363991,0.0036185557270179136,NaN
40191,0.08684398185201578,0.019298662633781286,0.011621947274229865,111,0.7708333333333334,2763,113391621,0.0036185557270179136,NaN
40201,0.08684398185201578,0.019298662633781286,0.011619621134521653,111,0.7708333333333334,2764,113419258,0.0036185557270179136,NaN
40211,0.08684398185201578,0.019298662633781286,0.011617314531225546,111,0.7708333333333334,2764,113446898,0.0036185557270179136,NaN
40221,0.08684398185201578,0.019298662633781286,0.011615027722103056,111,0.7708333333333334,2764,113474538,0.0036185557270179136,NaN
40231,0.08684398185201578,0.019298662633781286,0.011612760198163328,111,0.7708333333333334,2764,113502178,0.0036185557270179136,NaN
40241,0.08684398185201578,0.019298662633781286,0.011610511940266868,111,0.7708333333333334,2764,113529818,0.0036185557270179136,NaN
40251,0.08684398185201578,0.019298662633781286,0.011608282586282362,111,0.7708333333333334,2764,113557458,0.0036185557270179136,NaN
40261,0.08684398185201578,0.019298662633781286,0.011606072278824132,111,0.7708333333333334,2764,113585098,0.0036185557270179136,NaN
40271,0.08684398185201578,0.019298662633781286,0.011603880072495028,111,0.7708333333333334,2764,113612738,0.0036185557270179136,NaN
40281,0.08684398185201578,0.019298662633781286,0.011601705514488242,111,0.7708333333333334,2764,113640378,0.0036185557270179136,NaN
40291,0.08684398185201578,0.019298662633781286,0.011599549526421345,111,0.7708333333333334,2764,113668018,0.0036185557270179136,NaN
40301,0.08684398185201578,0.019298662633781286,0.011597411029794827,111,0.7708333333333334,2764,113695658,0.0036185557270179136,NaN
40311,0.08684398185201578,0.019298662633781286,0.011595289827584624,111,0.7708333333333334,2764,113723298,0.0036185557270179136,NaN
40321,0.08684398185201578,0.019298662633781286,0.011593186105210544,111,0.7708333333333334,2764,113750938,0.0036185557270179136,NaN
40331,0.08684398185201578,0.019298662633781286,0.01159109883929705,111,0.7708333333333334,2764,113778578,0.0036185557270179136,NaN
40341,0.08684398185201578,0.019298662633781286,0.011589028688685797,111,0.7708333333333334,2764,113806218,0.0036185557270179136,NaN
40351,0.08684398185201578,0.019298662633781286,0.011586974653825742,111,0.7708333333333334,2764,113833858,0.0036185557270179136,NaN
40361,0.08684398185201578,0.019298662633781286,0.01158493694090369,111,0.7708333333333334,2764,113861498,0.0036185557270179136,NaN
40371,0.08684398185201578,0.019298662633781286,0.011582915355239023,111,0.7708333333333334,2764,113889138,0.0036185557270179136,NaN
40381,0.08684398185201578,0.019298662633781286,0.011580909320987013,111,0.7708333333333334,2765,113916783,0.0036185557270179136,NaN
40391,0.08684398185201578,0.019298662633781286,0.011578918589390584,111,0.7708333333333334,2765,113944433,0.0036185557270179136,NaN
40401,0.08684398185201578,0.019298662633781286,0.011576943174446354,111,0.7708333333333334,2765,113972083,0.0036185557270179136,NaN
40411,0.08684398185201578,0.019298662633781286,0.011574983317648214,111,0.7708333333333334,2765,113999733,0.0036185557270179136,NaN
40421,0.08684398185201578,0.019298662633781286,0.011573038018873511,111,0.7708333333333334,2765,114027383,0.0036185557270179136,NaN
40431,0.08684398185201578,0.019298662633781286,0.011571107745312397,111,0.7708333333333334,2765,114055033,0.0036185557270179136,NaN
40441,0.08684398185201578,0.019298662633781286,0.011569192210304264,111,0.7708333333333334,2765,114082683,0.0036185557270179136,NaN
40451,0.08684398185201578,0.019298662633781286,0.011567291102635926,111,0.7708333333333334,2765,114110333,0.0036185557270179136,NaN
40461,0.08684398185201578,0.019298662633781286,0.01156540443263864,111,0.7708333333333334,2765,114137983,0.0036185557270179136,NaN
40471,0.08684398185201578,0.019298662633781286,0.011563532010639817,111,0.7708333333333334,2765,114165633,0.0036185557270179136,NaN
40481,0.08684398185201578,0.019298662633781286,0.0115616734903636,111,0.7708333333333334,2765,114193283,0.0036185557270179136,NaN
40491,0.08684398185201578,0.019298662633781286,0.011559828257506993,111,0.7708333333333334,2765,114220933,0.0036185557270179136,NaN
40501,0.08684398185201578,0.019298662633781286,0.011557996537484154,111,0.7708333333333334,2765,114248583,0.0036185557270179136,NaN
40511,0.08684398185201578,0.019298662633781286,0.011556178327615019,111,0.7708333333333334,2765,114276233,0.0036185557270179136,NaN
40521,0.08684398185201578,0.019298662633781286,0.011554373501796994,111,0.7708333333333334,2765,114303883,0.0036185557270179136,NaN
40531,0.08684398185201578,0.019298662633781286,0.011552582058037152,111,0.7708333333333334,2765,114331533,0.0036185557270179136,NaN
40541,0.08684398185201578,0.019298662633781286,0.01155080316593999,111,0.7708333333333334,2765,114359183,0.0036185557270179136,NaN
40551,0.08684398185201578,0.019298662633781286,0.011549037165584844,111,0.7708333333333334,2765,114386833,0.0036185557270179136,NaN
40561,0.08684398185201578,0.019298662633781286,0.01154728384512416,111,0.7708333333333334,2766,114414486,0.0036185557270179136,NaN
40571,0.08684398185201578,0.019298662633781286,0.011545542119126489,111,0.7708333333333334,2766,114442146,0.0036185557270179136,NaN
40581,0.08684398185201578,0.019298662633781286,0.011543813119654014,111,0.7708333333333334,2766,114469806,0.0036185557270179136,NaN
40591,0.08684398185201578,0.019298662633781286,0.011542096117111636,111,0.7708333333333334,2766,114497466,0.0036185557270179136,NaN
40601,0.08684398185201578,0.019298662633781286,0.01154039112334535,111,0.7708333333333334,2766,114525126,0.0036185557270179136,NaN
40611,0.08684398185201578,0.019298662633781286,0.011538698144220193,111,0.7708333333333334,2766,114552786,0.0036185557270179136,NaN
40621,0.08684398185201578,0.019298662633781286,0.011537016494107953,111,0.7708333333333334,2766,114580446,0.0036185557270179136,NaN
40631,0.08684398185201578,0.019298662633781286,0.011535346831765674,111,0.7708333333333334,2766,114608106,0.0036185557270179136,NaN
40641,0.08684398185201578,0.019298662633781286,0.011533688458573034,111,0.7708333333333334,2766,114635766,0.0036185557270179136,NaN
40651,0.08684398185201578,0.019298662633781286,0.011532041289008381,111,0.7708333333333334,2766,114663426,0.0036185557270179136,NaN
40661,0.08684398185201578,0.019298662633781286,0.011530405806208144,111,0.7708333333333334,2766,114691086,0.0036185557270179136,NaN
40671,0.08684398185201578,0.019298662633781286,0.011528781182266063,111,0.7708333333333334,2766,114718746,0.0036185557270179136,NaN
40681,0.08684398185201578,0.019298662633781286,0.011527167515990049,111,0.7708333333333334,2766,114746406,0.0036185557270179136,NaN
40691,0.08684398185201578,0.019298662633781286,0.011525564434530507,111,0.7708333333333334,2766,114774066,0.0036185557270179136,NaN
40701,0.08684398185201578,0.019298662633781286,0.011523972215535088,111,0.7708333333333334,2766,114801726,0.0036185557270179136,NaN
40711,0.08684398185201578,0.019298662633781286,0.011522390876739425,111,0.7708333333333334,2766,114829386,0.0036185557270179136,NaN
40721,0.08684398185201578,0.019298662633781286,0.011520819199346935,111,0.7708333333333334,2766,114857046,0.0036185557270179136,NaN
40731,0.08684398185201578,0.019298662633781286,0.01151925847919482,111,0.7708333333333334,2766,114884706,0.0036185557270179136,NaN
40741,0.08684398185201578,0.019298662633781286,0.011517707665339135,111,0.7708333333333334,2766,114912366,0.0036185557270179136,NaN
40751,0.08684398185201578,0.019298662633781286,0.011516166519655278,111,0.7708333333333334,2767,114940036,0.0036185557270179136,NaN
40761,0.08684398185201578,0.019298662633781286,0.011514635478055169,111,0.7708333333333334,2767,114967706,0.0036185557270179136,NaN
40771,0.08684398185201578,0.019298662633781286,0.011513114307321838,111,0.7708333333333334,2767,114995376,0.0036185557270179136,NaN
40781,0.08684398185201578,0.019298662633781286,0.011511603229518629,111,0.7708333333333334,2767,115023046,0.0036185557270179136,NaN
40791,0.08684398185201578,0.019298662633781286,0.011510101741398535,111,0.7708333333333334,2767,115050716,0.0036185557270179136,NaN
40801,0.08684398185201578,0.019298662633781286,0.01150860958651393,111,0.7708333333333334,2767,115078386,0.0036185557270179136,NaN
40811,0.08684398185201578,0.019298662633781286,0.011507127111415515,111,0.7708333333333334,2767,115106056,0.0036185557270179136,NaN
40821,0.08684398185201578,0.019298662633781286,0.011505653720773425,111,0.7708333333333334,2767,115133726,0.0036185557270179136,NaN
40831,0.08684398185201578,0.019298662633781286,0.01150418988591593,111,0.7708333333333334,2767,115161396,0.0036185557270179136,NaN
40841,0.08684398185201578,0.019298662633781286,0.011502735160759357,111,0.7708333333333334,2767,115189066,0.0036185557270179136,NaN
40851,0.08684398185201578,0.019298662633781286,0.011501289514342192,111,0.7708333333333334,2767,115216736,0.0036185557270179136,NaN
40861,0.08684398185201578,0.019298662633781286,0.011499853041759487,111,0.7708333333333334,2767,115244406,0.0036185557270179136,NaN
40871,0.08684398185201578,0.019298662633781286,0.011498425453512493,111,0.7708333333333334,2767,115272076,0.0036185557270179136,NaN
40881,0.08684398185201578,0.019298662633781286,0.011497006902138441,111,0.7708333333333334,2767,115299746,0.0036185557270179136,NaN
40891,0.08684398185201578,0.019298662633781286,0.011495596694012691,111,0.7708333333333334,2767,115327416,0.0036185557270179136,NaN
40901,0.08684398185201578,0.019298662633781286,0.011494195390023845,111,0.7708333333333334,2767,115355086,0.0036185557270179136,NaN
40911,0.08684398185201578,0.019298662633781286,0.011492802485190846,111,0.7708333333333334,2767,115382756,0.0036185557270179136,NaN
40921,0.08684398185201578,0.019298662633781286,0.011491417919576707,111,0.7708333333333334,2767,115410426,0.0036185557270179136,NaN
40931,0.08684398185201578,0.019298662633781286,0.011490041468236746,111,0.7708333333333334,2768,115438102,0.0036185557270179136,NaN
40941,0.08684398185201578,0.019298662633781286,0.011488673008832013,111,0.7708333333333334,2768,115465782,0.0036185557270179136,NaN
40951,0.08684398185201578,0.019298662633781286,0.011487312675718333,111,0.7708333333333334,2768,115493462,0.0036185557270179136,NaN
40961,0.08684398185201578,0.019298662633781286,0.011485960703158257,111,0.7708333333333334,2768,115521142,0.0036185557270179136,NaN
40971,0.08684398185201578,0.019298662633781286,0.011484616548961516,111,0.7708333333333334,2768,115548822,0.0036185557270179136,NaN
40981,0.08684398185201578,0.019298662633781286,0.011483280504418535,111,0.7708333333333334,2768,115576502,0.0036185557270179136,NaN
40991,0.08684398185201578,0.019298662633781286,0.011481952354001181,111,0.7708333333333334,2768,115604182,0.0036185557270179136,NaN
41001,0.08684398185201578,0.019298662633781286,0.011480632111594414,111,0.7708333333333334,2768,115631862,0.0036185557270179136,NaN
41011,0.08684398185201578,0.019298662633781286,0.011479319452700126,111,0.7708333333333334,2768,115659542,0.0036185557270179136,NaN
41021,0.08684398185201578,0.019298662633781286,0.011478014472900663,111,0.7708333333333334,2768,115687222,0.0036185557270179136,NaN
41031,0.08684398185201578,0.019298662633781286,0.01147671719872236,111,0.7708333333333334,2768,115714902,0.0036185557270179136,NaN
41041,0.08684398185201578,0.019298662633781286,0.011475427318890221,111,0.7708333333333334,2768,115742582,0.0036185557270179136,NaN
41051,0.08684398185201578,0.019298662633781286,0.011474145137424731,111,0.7708333333333334,2768,115770262,0.0036185557270179136,NaN
41061,0.08684398185201578,0.019298662633781286,0.011472869888675425,111,0.7708333333333334,2768,115797942,0.0036185557270179136,NaN
41071,0.08684398185201578,0.019298662633781286,0.011471602198312485,111,0.7708333333333334,2768,115825622,0.0036185557270179136,NaN
41081,0.08684398185201578,0.019298662633781286,0.011470341441186306,111,0.7708333333333334,2768,115853302,0.0036185557270179136,NaN
41091,0.08684398185201578,0.019298662633781286,0.01146908777832501,111,0.7708333333333334,2768,115880982,0.0036185557270179136,NaN
41101,0.08684398185201578,0.019298662633781286,0.011467841284152042,111,0.7708333333333334,2768,115908662,0.0036185557270179136,NaN
41111,0.08684398185201578,0.019298662633781286,0.011466601650766689,111,0.7708333333333334,2769,115936343,0.0036185557270179136,NaN
41121,0.08684398185201578,0.019298662633781286,0.011465368543082012,111,0.7708333333333334,2769,115964033,0.0036185557270179136,NaN
41131,0.08684398185201578,0.019298662633781286,0.011464142463560234,111,0.7708333333333334,2769,115991723,0.0036185557270179136,NaN
41141,0.08684398185201578,0.019298662633781286,0.011462923022717503,111,0.7708333333333334,2769,116019413,0.0036185557270179136,NaN
41151,0.08684398185201578,0.019298662633781286,0.011461710638554815,111,0.7708333333333334,2769,116047103,0.0036185557270179136,NaN
41161,0.08684398185201578,0.019298662633781286,0.011460504876649397,111,0.7708333333333334,2769,116074793,0.0036185557270179136,NaN
41171,0.08684398185201578,0.019298662633781286,0.011459305777561256,111,0.7708333333333334,2769,116102483,0.0036185557270179136,NaN
41181,0.08684398185201578,0.019298662633781286,0.011458113245707365,111,0.7708333333333334,2769,116130173,0.0036185557270179136,NaN
41191,0.08684398185201578,0.019298662633781286,0.011456927491765792,111,0.7708333333333334,2769,116157863,0.0036185557270179136,NaN
41201,0.08684398185201578,0.019298662633781286,0.011455747578544572,111,0.7708333333333334,2769,116185553,0.0036185557270179136,NaN
41211,0.08684398185201578,0.019298662633781286,0.011454574402575161,111,0.7708333333333334,2769,116213243,0.0036185557270179136,NaN
41221,0.08684398185201578,0.019298662633781286,0.01145340739067402,111,0.7708333333333334,2769,116240933,0.0036185557270179136,NaN
41231,0.08684398185201578,0.019298662633781286,0.011452246572425311,111,0.7708333333333334,2769,116268623,0.0036185557270179136,NaN
41241,0.08684398185201578,0.019298662633781286,0.011451092066537208,111,0.7708333333333334,2769,116296313,0.0036185557270179136,NaN
41251,0.08684398185201578,0.019298662633781286,0.011449943653480487,111,0.7708333333333334,2769,116324003,0.0036185557270179136,NaN
41261,0.08684398185201578,0.019298662633781286,0.01144880150521214,111,0.7708333333333334,2769,116351693,0.0036185557270179136,NaN
41271,0.08684398185201578,0.019298662633781286,0.011447665499376765,111,0.7708333333333334,2769,116379383,0.0036185557270179136,NaN
41281,0.08684398185201578,0.019298662633781286,0.011446535172355214,111,0.7708333333333334,2769,116407073,0.0036185557270179136,NaN
41291,0.08684398185201578,0.019298662633781286,0.01144541087955185,111,0.7708333333333334,2769,116434763,0.0036185557270179136,NaN
41301,0.08684398185201578,0.019298662633781286,0.011444292259864392,111,0.7708333333333334,2770,116462458,0.0036185557270179136,NaN
41311,0.08684398185201578,0.019298662633781286,0.011443179415492544,111,0.7708333333333334,2770,116490158,0.0036185557270179136,NaN
41321,0.08684398185201578,0.019298662633781286,0.011442072379440392,111,0.7708333333333334,2770,116517858,0.0036185557270179136,NaN
41331,0.08684398185201578,0.019298662633781286,0.011440970708831743,111,0.7708333333333334,2770,116545558,0.0036185557270179136,NaN
41341,0.08684398185201578,0.019298662633781286,0.011439875117105903,111,0.7708333333333334,2770,116573258,0.0036185557270179136,NaN
41351,0.08684398185201578,0.019298662633781286,0.011438784881621067,111,0.7708333333333334,2770,116600958,0.0036185557270179136,NaN
41361,0.08684398185201578,0.019298662633781286,0.011437700297611519,111,0.7708333333333334,2770,116628658,0.0036185557270179136,NaN
41371,0.08684398185201578,0.019298662633781286,0.011436621456680347,111,0.7708333333333334,2770,116656358,0.0036185557270179136,NaN
41381,0.08684398185201578,0.019298662633781286,0.011435548000627165,111,0.7708333333333334,2770,116684058,0.0036185557270179136,NaN
41391,0.08684398185201578,0.019298662633781286,0.011434480320846659,111,0.7708333333333334,2770,116711758,0.0036185557270179136,NaN
41401,0.08684398185201578,0.019298662633781286,0.01143341750234058,111,0.7708333333333334,2770,116739458,0.0036185557270179136,NaN
41411,0.08684398185201578,0.019298662633781286,0.011432360219877105,111,0.7708333333333334,2770,116767158,0.0036185557270179136,NaN
41421,0.08684398185201578,0.019298662633781286,0.011431308262069367,111,0.7708333333333334,2770,116794858,0.0036185557270179136,NaN
41431,0.08684398185201578,0.019298662633781286,0.01143026164951706,111,0.7708333333333334,2770,116822558,0.0036185557270179136,NaN
41441,0.08666444411921329,0.019247713006069225,0.011426938568907577,110,0.7638888888888888,2745,116850133,0.0035666734543631784,NaN
41451,0.08620439946484969,0.019147039461697327,0.011421402137813168,110,0.7638888888888888,2745,116877583,0.0035534410885029177,NaN
41461,0.08576936338457102,0.01905070905210502,0.011415951983290245,110,0.7638888888888888,2745,116905033,0.003518111897547971,NaN
41471,0.0853298149227363,0.018952868136271606,0.011410585450745216,110,0.7638888888888888,2745,116932483,0.003635800707855019,NaN
41481,0.08489858782965083,0.01885649766436029,0.011405299396418118,110,0.7638888888888888,2746,116959941,0.003577993776357369,NaN
41491,0.08447202907097856,0.018762290028011167,0.0114000931421697,110,0.7638888888888888,2746,116987401,0.0037092093996766162,NaN
41501,0.08405665331154386,0.018670149994035278,0.011394964373152471,110,0.7638888888888888,2746,117014861,0.003759079831883394,NaN
41511,0.08364393664108502,0.018577942605495664,0.01138991181675441,110,0.7638888888888888,2746,117042321,0.0036715476904969346,NaN
41521,0.08324493827410628,0.018490061643396793,0.011384933084096417,110,0.7638888888888888,2746,117069781,0.003568987051496997,NaN
41531,0.08285413054701182,0.01840260351005376,0.011380026875125352,110,0.7638888888888888,2746,117097241,0.0032196693775763396,NaN
41541,0.08245939843358333,0.018316201351199015,0.01137519085358437,110,0.7638888888888888,2746,117124701,0.003270968563064802,NaN
41551,0.08207572788362298,0.018230932698351316,0.01137042361767026,110,0.7638888888888888,2746,117152161,0.0031778569348299146,NaN
41561,0.08169242707012728,0.018145650998456074,0.011365723477587106,110,0.7638888888888888,2746,117179621,0.0031637459017757608,NaN
41571,0.08131088243625575,0.018060956436938582,0.011361088873646855,110,0.7638888888888888,2746,117207081,0.003011785006745704,NaN
41581,0.08094468286959279,0.017979263852850386,0.011356518339000492,110,0.7638888888888888,2746,117234541,0.002834528222799282,NaN
41591,0.08058212611920203,0.01789878772452457,0.011352010465561781,110,0.7638888888888888,2746,117262001,0.002889836769249865,NaN
41601,0.08022616766282047,0.017820744037507535,0.011347563775675786,110,0.7638888888888888,2746,117289461,0.002948451515361994,NaN
41611,0.07986781224857359,0.01774034445232353,0.01134317697643191,110,0.7638888888888888,2746,117316921,0.00282673074734624,NaN
41621,0.07951189510073092,0.0176613613455769,0.0113388487417237,110,0.7638888888888888,2746,117344381,0.0027748566153620313,NaN
41631,0.07916748270017739,0.01758510748386516,0.011334577309241665,110,0.7638888888888888,2746,117371841,0.002717875809943704,NaN
41641,0.07883331742693109,0.01751064132156548,0.011330361626736543,110,0.7638888888888888,2746,117399301,0.002748654009634477,NaN
41651,0.07849080444568826,0.017435365046419724,0.011326200941930967,110,0.7638888888888888,2746,117426761,0.0026611620467178465,NaN
41661,0.07816461436555837,0.017362882444999964,0.01132209372518182,110,0.7638888888888888,2746,117454221,0.0025839708275236517,NaN
41671,0.077835063363939,0.01728994961030652,0.011318037472143962,110,0.7638888888888888,2747,117481690,0.0025568830569169254,NaN
41681,0.07751684459840576,0.017218695584369323,0.011314032411416692,110,0.7638888888888888,2747,117509160,0.002446111896184544,NaN
41691,0.07719888825711199,0.01714888812715715,0.011310077480816859,110,0.7638888888888888,2747,117536630,0.002446292326629518,NaN
41701,0.07688790867513458,0.017079394823816933,0.011306171469886968,110,0.7638888888888888,2747,117564100,0.002554481166113509,NaN
41711,0.0765772257027393,0.017010138192827148,0.011302313817599585,110,0.7638888888888888,2747,117591570,0.00240445481400281,NaN
41721,0.07626867052330823,0.016941637023475054,0.011298503118057952,110,0.7638888888888888,2747,117619040,0.00240414916598114,NaN
41731,0.07595756908532846,0.01687325318547267,0.011294738521185498,110,0.7638888888888888,2747,117646510,0.0023199780526497737,NaN
41741,0.07566995037197945,0.016809024080924922,0.011291019111199584,110,0.7638888888888888,2747,117673980,0.0023065856474908664,NaN
41751,0.07537972211505854,0.016744490960714935,0.011287344193873075,110,0.7638888888888888,2747,117701450,0.002245793954680775,NaN
41761,0.0750840587336595,0.016678847709257254,0.011283712555862,110,0.7638888888888888,2747,117728920,0.002327725926339952,NaN
41771,0.07479234266748232,0.016614136219765173,0.011280123344894612,110,0.7638888888888888,2747,117756390,0.002484647126505868,NaN
41781,0.07450821654132922,0.016550942441598552,0.011276575934243145,110,0.7638888888888888,2747,117783860,0.002621674772970095,NaN
41791,0.0742206616268577,0.016487335273292148,0.0112730696889902,110,0.7638888888888888,2747,117811330,0.00254166363437891,NaN
41801,0.0739455463205866,0.01642607049768384,0.011269603567797092,110,0.7638888888888888,2747,117838800,0.0026001250081797433,NaN
41811,0.0736716144334574,0.01636560518634646,0.011266176911939388,110,0.7638888888888888,2747,117866270,0.0024778765026172156,NaN
41821,0.07340583534825765,0.01630623891136183,0.011262788868659192,110,0.7638888888888888,2747,117893740,0.002245793954680775,NaN
41831,0.0731326459516195,0.016245964962049893,0.011259438561253885,110,0.7638888888888888,2747,117921210,0.002245793954680775,NaN
41841,0.07286726994206588,0.016186163077821933,0.011256125525312953,110,0.7638888888888888,2747,117948680,0.002314043434566815,NaN
41851,0.07260298901592847,0.01612784632671479,0.01125284909008201,110,0.7638888888888888,2747,117976150,0.00231691865683481,NaN
41861,0.07234419880956687,0.01607102591130873,0.011249607572894877,110,0.7638888888888888,2748,118003629,0.002245793954680775,NaN
41871,0.07208933989935228,0.016014366290110167,0.01124640084468096,110,0.7638888888888888,2748,118031109,0.002245793954680775,NaN
41881,0.07183869595419651,0.015958331317320953,0.011243228962517404,110,0.7638888888888888,2748,118058589,0.002245793954680775,NaN
41891,0.0715885071291988,0.0159030072154371,0.011240090665280107,110,0.7638888888888888,2748,118086069,0.002319039813884649,NaN
41901,0.07133640411299734,0.015847124483407707,0.011236985639064796,110,0.7638888888888888,2748,118113549,0.002245793954680775,NaN
41911,0.07109094886869918,0.01579254020027598,0.011233913477393402,110,0.7638888888888888,2748,118141029,0.002245793954680775,NaN
41921,0.07085509347803204,0.015739993985518792,0.01123087362248675,110,0.7638888888888888,2748,118168509,0.002245793954680775,NaN
41931,0.07060763892649424,0.015684845345176224,0.011227864919385518,110,0.7638888888888888,2748,118195989,0.002245793954680775,NaN
41941,0.07035774292217051,0.015630038217809353,0.011224887502380772,110,0.7638888888888888,2748,118223469,0.002245793954680775,NaN
41951,0.07012099006382332,0.015576836862311998,0.011221940802868233,110,0.7638888888888888,2748,118250949,0.002245793954680775,NaN
41961,0.06989197334024941,0.015526710543101084,0.011219024118763384,110,0.7638888888888888,2748,118278429,0.002245793954680775,NaN
41971,0.06965532841339576,0.01547376897051023,0.011216136808748054,110,0.7638888888888888,2748,118305909,0.002245793954680775,NaN
41981,0.06942852693041628,0.01542358320054518,0.011213278470273926,110,0.7638888888888888,2748,118333389,0.002245793954680775,NaN
41991,0.06923014510575497,0.01538447669016777,0.011210448788319633,110,0.7638888888888888,2748,118360869,0.002245793954680775,NaN
42001,0.06923014510575497,0.01538447669016777,0.01120764701861085,110,0.7638888888888888,2748,118388349,0.002245793954680775,NaN
42011,0.06923014510575497,0.01538447669016777,0.01120487268382139,110,0.7638888888888888,2748,118415829,0.002245793954680775,NaN
42021,0.06923014510575497,0.01538447669016777,0.01120212570510428,110,0.7638888888888888,2748,118443309,0.002245793954680775,NaN
42031,0.06923014510575497,0.01538447669016777,0.01119940519203507,110,0.7638888888888888,2748,118470789,0.002245793954680775,NaN
42041,0.06923014510575497,0.01538447669016777,0.011196710958794605,110,0.7638888888888888,2748,118498269,0.002245793954680775,NaN
42051,0.06923014510575497,0.01538447669016777,0.01119404173341407,110,0.7638888888888888,2749,118525757,0.002245793954680775,NaN
42061,0.06923014510575497,0.01538447669016777,0.01119139778476732,110,0.7638888888888888,2749,118553247,0.002245793954680775,NaN
42071,0.06923014510575497,0.01538447669016777,0.011188778602725885,110,0.7638888888888888,2749,118580737,0.002245793954680775,NaN
42081,0.06923014510575497,0.01538447669016777,0.011186184158193639,110,0.7638888888888888,2749,118608227,0.002245793954680775,NaN
42091,0.06923014510575497,0.01538447669016777,0.011183614023226061,110,0.7638888888888888,2749,118635717,0.002245793954680775,NaN
42101,0.06923014510575497,0.01538447669016777,0.011181067619519617,110,0.7638888888888888,2749,118663207,0.002245793954680775,NaN
42111,0.06923014510575497,0.01538447669016777,0.011178544885596886,110,0.7638888888888888,2749,118690697,0.002245793954680775,NaN
42121,0.06923014510575497,0.01538447669016777,0.011176044984162966,110,0.7638888888888888,2749,118718187,0.002245793954680775,NaN
42131,0.06923014510575497,0.01538447669016777,0.011173567967179767,110,0.7638888888888888,2749,118745677,0.002245793954680775,NaN
42141,0.06923014510575497,0.01538447669016777,0.011171113189078942,110,0.7638888888888888,2749,118773167,0.0022527494115420765,NaN
42151,0.06923014510575497,0.01538447669016777,0.011168680680083733,110,0.7638888888888888,2749,118800657,0.002245793954680775,NaN
42161,0.06923014510575497,0.01538447669016777,0.011166269874271328,110,0.7638888888888888,2749,118828147,0.002245793954680775,NaN
42171,0.06923014510575497,0.01538447669016777,0.011163880513947878,110,0.7638888888888888,2749,118855637,0.002245793954680775,NaN
42181,0.06923014510575497,0.01538447669016777,0.011161512073728128,110,0.7638888888888888,2749,118883127,0.002245793954680775,NaN
42191,0.06923014510575497,0.01538447669016777,0.011159164418020517,110,0.7638888888888888,2749,118910617,0.002245793954680775,NaN
42201,0.06923014510575497,0.01538447669016777,0.011156837202643917,110,0.7638888888888888,2749,118938107,0.002245793954680775,NaN
42211,0.06923014510575497,0.01538447669016777,0.011154530376564989,110,0.7638888888888888,2749,118965597,0.002245793954680775,NaN
42221,0.06923014510575497,0.01538447669016777,0.011152243445780152,110,0.7638888888888888,2749,118993087,0.002245793954680775,NaN
42231,0.06923014510575497,0.01538447669016777,0.01114997601659907,110,0.7638888888888888,2749,119020577,0.002245793954680775,NaN
42241,0.06923014510575497,0.01538447669016777,0.011147727171693718,110,0.7638888888888888,2750,119048074,0.002245793954680775,NaN
42251,0.06923014510575497,0.01538447669016777,0.011145497330666387,110,0.7638888888888888,2750,119075574,0.002245793954680775,NaN
42261,0.06923014510575497,0.01538447669016777,0.011143286165953711,110,0.7638888888888888,2750,119103074,0.002245793954680775,NaN
42271,0.06923014510575497,0.01538447669016777,0.011141093662595783,110,0.7638888888888888,2750,119130574,0.002245793954680775,NaN
42281,0.06923014510575497,0.01538447669016777,0.011138919148835618,110,0.7638888888888888,2750,119158074,0.002245793954680775,NaN
42291,0.06923014510575497,0.01538447669016777,0.011136762869284052,110,0.7638888888888888,2750,119185574,0.002245793954680775,NaN
42301,0.06923014510575497,0.01538447669016777,0.011134624212154167,110,0.7638888888888888,2750,119213074,0.002245793954680775,NaN
42311,0.06923014510575497,0.01538447669016777,0.011132503199348533,110,0.7638888888888888,2750,119240574,0.002245793954680775,NaN
42321,0.06923014510575497,0.01538447669016777,0.01113039922412582,110,0.7638888888888888,2750,119268074,0.002245793954680775,NaN
42331,0.06923014510575497,0.01538447669016777,0.011128312383295015,110,0.7638888888888888,2750,119295574,0.002245793954680775,NaN
42341,0.06923014510575497,0.01538447669016777,0.011126242363246785,110,0.7638888888888888,2750,119323074,0.002245793954680775,NaN
42351,0.06923014510575497,0.01538447669016777,0.011124188928474749,110,0.7638888888888888,2750,119350574,0.002245793954680775,NaN
42361,0.06923014510575497,0.01538447669016777,0.011122151727525563,110,0.7638888888888888,2750,119378074,0.002245793954680775,NaN
42371,0.06923014510575497,0.01538447669016777,0.011120130546936018,110,0.7638888888888888,2750,119405574,0.002245793954680775,NaN
42381,0.06923014510575497,0.01538447669016777,0.011118125811075463,110,0.7638888888888888,2750,119433074,0.002245793954680775,NaN
42391,0.06923014510575497,0.01538447669016777,0.011116136454407252,110,0.7638888888888888,2750,119460574,0.002245793954680775,NaN
42401,0.06923014510575497,0.01538447669016777,0.011114162495725388,110,0.7638888888888888,2750,119488074,0.002245793954680775,NaN
42411,0.06923014510575497,0.01538447669016777,0.01111220386314492,110,0.7638888888888888,2750,119515574,0.002245793954680775,NaN
42421,0.06923014510575497,0.01538447669016777,0.011110260353164505,110,0.7638888888888888,2750,119543074,0.002245793954680775,NaN
42431,0.06923014510575497,0.01538447669016777,0.011108331479967915,110,0.7638888888888888,2751,119570578,0.002245793954680775,NaN
42441,0.06923014510575497,0.01538447669016777,0.011106416731557878,110,0.7638888888888888,2751,119598088,0.002245793954680775,NaN
42451,0.06923014510575497,0.01538447669016777,0.011104516720106282,110,0.7638888888888888,2751,119625598,0.002245793954680775,NaN
42461,0.06923014510575497,0.01538447669016777,0.011102631004563953,110,0.7638888888888888,2751,119653108,0.002245793954680775,NaN
42471,0.06923014510575497,0.01538447669016777,0.011100759553942614,110,0.7638888888888888,2751,119680618,0.002245793954680775,NaN
42481,0.06923014510575497,0.01538447669016777,0.011098901929380641,110,0.7638888888888888,2751,119708128,0.002245793954680775,NaN
42491,0.06923014510575497,0.01538447669016777,0.01109705818538371,110,0.7638888888888888,2751,119735638,0.002245793954680775,NaN
42501,0.06923014510575497,0.01538447669016777,0.011095228038697807,110,0.7638888888888888,2751,119763148,0.002245793954680775,NaN
42511,0.06923014510575497,0.01538447669016777,0.011093411171344825,110,0.7638888888888888,2751,119790658,0.002245793954680775,NaN
42521,0.06923014510575497,0.01538447669016777,0.011091607750775228,110,0.7638888888888888,2751,119818168,0.002245793954680775,NaN
42531,0.06923014510575497,0.01538447669016777,0.011089817569343218,110,0.7638888888888888,2751,119845678,0.002245793954680775,NaN
42541,0.06923014510575497,0.01538447669016777,0.011088040135669469,110,0.7638888888888888,2751,119873188,0.002245793954680775,NaN
42551,0.06923014510575497,0.01538447669016777,0.01108627574676493,110,0.7638888888888888,2751,119900698,0.002245793954680775,NaN
42561,0.06923014510575497,0.01538447669016777,0.011084524107191691,110,0.7638888888888888,2751,119928208,0.002245793954680775,NaN
42571,0.06923014510575497,0.01538447669016777,0.01108278479516369,110,0.7638888888888888,2751,119955718,0.002245793954680775,NaN
42581,0.06923014510575497,0.01538447669016777,0.011081057843292755,110,0.7638888888888888,2751,119983228,0.002245793954680775,NaN
42591,0.06923014510575497,0.01538447669016777,0.011079343081391618,110,0.7638888888888888,2751,120010738,0.002245793954680775,NaN
42601,0.06923014510575497,0.01538447669016777,0.011077640597732898,110,0.7638888888888888,2751,120038248,0.002245793954680775,NaN
42611,0.06923014510575497,0.01538447669016777,0.011075949811743403,110,0.7638888888888888,2751,120065758,0.002245793954680775,NaN
42621,0.06923014510575497,0.01538447669016777,0.01107427071561733,110,0.7638888888888888,2752,120093269,0.002245793954680775,NaN
42631,0.06923014510575497,0.01538447669016777,0.011072602828293164,110,0.7638888888888888,2752,120120789,0.002245793954680775,NaN
42641,0.06923014510575497,0.01538447669016777,0.01107094646961187,110,0.7638888888888888,2752,120148309,0.002245793954680775,NaN
42651,0.06923014510575497,0.01538447669016777,0.011069301346926616,110,0.7638888888888888,2752,120175829,0.002245793954680775,NaN
42661,0.06923014510575497,0.01538447669016777,0.011067667706772562,110,0.7638888888888888,2752,120203349,0.002245793954680775,NaN
42671,0.06923014510575497,0.01538447669016777,0.011066045374329302,110,0.7638888888888888,2752,120230869,0.002245793954680775,NaN
42681,0.06923014510575497,0.01538447669016777,0.011064434004798552,110,0.7638888888888888,2752,120258389,0.002245793954680775,NaN
42691,0.06923014510575497,0.01538447669016777,0.011062833222995418,110,0.7638888888888888,2752,120285909,0.002245793954680775,NaN
42701,0.06923014510575497,0.01538447669016777,0.011061243549558335,110,0.7638888888888888,2752,120313429,0.002313089263939694,NaN
42711,0.06923014510575497,0.01538447669016777,0.011059664215726949,110,0.7638888888888888,2752,120340949,0.002401163559434094,NaN
42721,0.06923014510575497,0.01538447669016777,0.011058095475531849,110,0.7638888888888888,2752,120368469,0.00240015583376324,NaN
42731,0.06923014510575497,0.01538447669016777,0.011056536992968696,110,0.7638888888888888,2752,120395989,0.002444814480491664,NaN
42741,0.06923014510575497,0.01538447669016777,0.011054988816045754,110,0.7638888888888888,2752,120423509,0.0023369617671072374,NaN
42751,0.06923014510575497,0.01538447669016777,0.011053450935182348,110,0.7638888888888888,2752,120451029,0.002245793954680775,NaN
42761,0.06923014510575497,0.01538447669016777,0.011051922869265186,110,0.7638888888888888,2752,120478549,0.002245793954680775,NaN
42771,0.06923014510575497,0.01538447669016777,0.01105040468274377,110,0.7638888888888888,2752,120506069,0.002245793954680775,NaN
42781,0.06923014510575497,0.01538447669016777,0.011048896528595442,110,0.7638888888888888,2752,120533589,0.002245793954680775,NaN
42791,0.06923014510575497,0.01538447669016777,0.011047398095297013,110,0.7638888888888888,2752,120561109,0.002245793954680775,NaN
42801,0.06923014510575497,0.01538447669016777,0.011045909307907465,110,0.7638888888888888,2752,120588629,0.002245793954680775,NaN
42811,0.06923014510575497,0.01538447669016777,0.011044429923623733,110,0.7638888888888888,2752,120616149,0.002245793954680775,NaN
42821,0.06923014510575497,0.01538447669016777,0.011042959452478178,110,0.7638888888888888,2753,120643676,0.002245793954680775,NaN
42831,0.06923014510575497,0.01538447669016777,0.011041498421897646,110,0.7638888888888888,2753,120671206,0.002245793954680775,NaN
42841,0.06923014510575497,0.01538447669016777,0.01104004647898273,110,0.7638888888888888,2753,120698736,0.002245793954680775,NaN
42851,0.06923014510575497,0.01538447669016777,0.011038603660312278,110,0.7638888888888888,2753,120726266,0.002245793954680775,NaN
42861,0.06923014510575497,0.01538447669016777,0.011037169880387585,110,0.7638888888888888,2753,120753796,0.002245793954680775,NaN
42871,0.06923014510575497,0.01538447669016777,0.011035744985588907,110,0.7638888888888888,2753,120781326,0.002245793954680775,NaN
42881,0.06923014510575497,0.01538447669016777,0.011034328820609743,110,0.7638888888888888,2753,120808856,0.002245793954680775,NaN
42891,0.06923014510575497,0.01538447669016777,0.011032921685079466,110,0.7638888888888888,2753,120836386,0.002245793954680775,NaN
42901,0.06923014510575497,0.01538447669016777,0.011031523062905826,110,0.7638888888888888,2753,120863916,0.002245793954680775,NaN
42911,0.06923014510575497,0.01538447669016777,0.011030133195393206,110,0.7638888888888888,2753,120891446,0.002245793954680775,NaN
42921,0.06923014510575497,0.01538447669016777,0.011028751738303413,110,0.7638888888888888,2753,120918976,0.002245793954680775,NaN
42931,0.06923014510575497,0.01538447669016777,0.011027378756166523,110,0.7638888888888888,2753,120946506,0.002245793954680775,NaN
42941,0.06923014510575497,0.01538447669016777,0.011026013844679002,110,0.7638888888888888,2753,120974036,0.002245793954680775,NaN
42951,0.06923014510575497,0.01538447669016777,0.011024657196492134,110,0.7638888888888888,2753,121001566,0.002245793954680775,NaN
42961,0.06923014510575497,0.01538447669016777,0.011023308674153305,110,0.7638888888888888,2753,121029096,0.0022550410466144477,NaN
42971,0.06923014510575497,0.01538447669016777,0.011021968395022069,110,0.7638888888888888,2753,121056626,0.0023452998243212453,NaN
42981,0.06923014510575497,0.01538447669016777,0.01102063595665492,110,0.7638888888888888,2753,121084156,0.002245793954680775,NaN
42991,0.06923014510575497,0.01538447669016777,0.011019311410326218,110,0.7638888888888888,2753,121111686,0.002245793954680775,NaN
43001,0.06923014510575497,0.01538447669016777,0.011017994586733693,110,0.7638888888888888,2753,121139216,0.002245793954680775,NaN
43011,0.06923014510575497,0.01538447669016777,0.011016685462927025,110,0.7638888888888888,2754,121166748,0.002245793954680775,NaN
43021,0.06923014510575497,0.01538447669016777,0.01101538355381256,110,0.7638888888888888,2754,121194288,0.002245793954680775,NaN
43031,0.06923014510575497,0.01538447669016777,0.011014089416491374,110,0.7638888888888888,2754,121221828,0.002245793954680775,NaN
43041,0.06923014510575497,0.01538447669016777,0.011012802641805498,110,0.7638888888888888,2754,121249368,0.002245793954680775,NaN
43051,0.06923014510575497,0.01538447669016777,0.011011523423507896,110,0.7638888888888888,2754,121276908,0.002245793954680775,NaN
43061,0.06923014510575497,0.01538447669016777,0.011010251661815391,110,0.7638888888888888,2754,121304448,0.002245793954680775,NaN
43071,0.06923014510575497,0.01538447669016777,0.011008987011318378,110,0.7638888888888888,2754,121331988,0.002245793954680775,NaN
43081,0.06923014510575497,0.01538447669016777,0.01100772958391427,110,0.7638888888888888,2754,121359528,0.002245793954680775,NaN
43091,0.06923014510575497,0.01538447669016777,0.01100647936267455,110,0.7638888888888888,2754,121387068,0.002245793954680775,NaN
43101,0.06923014510575497,0.01538447669016777,0.011005236062383702,110,0.7638888888888888,2754,121414608,0.002245793954680775,NaN
43111,0.06923014510575497,0.01538447669016777,0.011004000048597584,110,0.7638888888888888,2754,121442148,0.002245793954680775,NaN
43121,0.06923014510575497,0.01538447669016777,0.01100277082967649,110,0.7638888888888888,2754,121469688,0.002245793954680775,NaN
43131,0.06923014510575497,0.01538447669016777,0.011001548532387391,110,0.7638888888888888,2754,121497228,0.002245793954680775,NaN
43141,0.06923014510575497,0.01538447669016777,0.011000332763921001,110,0.7638888888888888,2754,121524768,0.002245793954680775,NaN
43151,0.06923014510575497,0.01538447669016777,0.010999124024774924,110,0.7638888888888888,2754,121552308,0.002245793954680775,NaN
43161,0.06923014510575497,0.01538447669016777,0.010997922061173386,110,0.7638888888888888,2754,121579848,0.002245793954680775,NaN
43171,0.06923014510575497,0.01538447669016777,0.010996726570597762,110,0.7638888888888888,2754,121607388,0.002245793954680775,NaN
43181,0.06923014510575497,0.01538447669016777,0.010995537733533435,110,0.7638888888888888,2754,121634928,0.002245793954680775,NaN
43191,0.06923014510575497,0.01538447669016777,0.010994355516152295,110,0.7638888888888888,2754,121662468,0.002245793954680775,NaN
43201,0.06923014510575497,0.01538447669016777,0.010993179565948738,110,0.7638888888888888,2754,121690008,0.002245793954680775,NaN
43211,0.06923014510575497,0.01538447669016777,0.010992009792018038,110,0.7638888888888888,2755,121717554,0.002245793954680775,NaN
43221,0.06923014510575497,0.01538447669016777,0.010990846354200183,110,0.7638888888888888,2755,121745104,0.002245793954680775,NaN
43231,0.06923014510575497,0.01538447669016777,0.010989689162396283,110,0.7638888888888888,2755,121772654,0.002245793954680775,NaN
43241,0.06923014510575497,0.01538447669016777,0.010988538128624778,110,0.7638888888888888,2755,121800204,0.002245793954680775,NaN
43251,0.06923014510575497,0.01538447669016777,0.01098739317747834,110,0.7638888888888888,2755,121827754,0.002245793954680775,NaN
43261,0.06923014510575497,0.01538447669016777,0.010986254245370027,110,0.7638888888888888,2755,121855304,0.002245793954680775,NaN
43271,0.06923014510575497,0.01538447669016777,0.010985121532811181,110,0.7638888888888888,2755,121882854,0.002245793954680775,NaN
43281,0.06923014510575497,0.01538447669016777,0.010983994671785216,110,0.7638888888888888,2755,121910404,0.002245793954680775,NaN
43291,0.06923014510575497,0.01538447669016777,0.010982873820546026,110,0.7638888888888888,2755,121937954,0.002245793954680775,NaN
43301,0.06923014510575497,0.01538447669016777,0.010981758989926536,110,0.7638888888888888,2755,121965504,0.002245793954680775,NaN
43311,0.06923014510575497,0.01538447669016777,0.010980649864095623,110,0.7638888888888888,2755,121993054,0.002245793954680775,NaN
43321,0.06923014510575497,0.01538447669016777,0.010979546684320643,110,0.7638888888888888,2755,122020604,0.002245793954680775,NaN
43331,0.06923014510575497,0.01538447669016777,0.010978449202982013,110,0.7638888888888888,2755,122048154,0.002245793954680775,NaN
43341,0.06923014510575497,0.01538447669016777,0.010977357376295528,110,0.7638888888888888,2755,122075704,0.002245793954680775,NaN
43351,0.06923014510575497,0.01538447669016777,0.010976271149710863,110,0.7638888888888888,2755,122103254,0.002245793954680775,NaN
43361,0.06923014510575497,0.01538447669016777,0.010975190533652873,110,0.7638888888888888,2755,122130804,0.002245793954680775,NaN
43371,0.06923014510575497,0.01538447669016777,0.010974115423004542,110,0.7638888888888888,2755,122158354,0.002245793954680775,NaN
43381,0.06923014510575497,0.01538447669016777,0.010973045870492972,110,0.7638888888888888,2755,122185904,0.002245793954680775,NaN
43391,0.06923014510575497,0.01538447669016777,0.010971981658740542,110,0.7638888888888888,2755,122213454,0.002245793954680775,NaN
43401,0.06923014510575497,0.01538447669016777,0.010970922847690447,110,0.7638888888888888,2755,122241004,0.002245793954680775,NaN
43411,0.06923014510575497,0.01538447669016777,0.01096986916350377,110,0.7638888888888888,2756,122268563,0.002245793954680775,NaN
43421,0.06923014510575497,0.01538447669016777,0.010968820773940773,110,0.7638888888888888,2756,122296123,0.002245793954680775,NaN
43431,0.06923014510575497,0.01538447669016777,0.010967777709247523,110,0.7638888888888888,2756,122323683,0.002245793954680775,NaN
43441,0.06923014510575497,0.01538447669016777,0.010966739779882514,110,0.7638888888888888,2756,122351243,0.002245793954680775,NaN
43451,0.06923014510575497,0.01538447669016777,0.01096570685757911,110,0.7638888888888888,2756,122378803,0.002245793954680775,NaN
43461,0.06911182874066057,0.0153529976644163,0.010963639465146939,108,0.75,2706,122406063,0.002245793954680775,NaN
43471,0.06888492234556334,0.01530305974152298,0.010960901538812785,108,0.75,2706,122433123,0.002245793954680775,NaN
43481,0.06866492744106469,0.015254031752294913,0.01095819023177284,108,0.75,2706,122460183,0.002245793954680775,NaN
43491,0.06845805919986458,0.015208516951692334,0.010955505107490052,108,0.75,2706,122487243,0.002245793954680775,NaN
43501,0.06824334371163708,0.015160422973932892,0.010952845697054285,108,0.75,2706,122514303,0.002245793954680775,NaN
43511,0.0680286746869504,0.015112625416764003,0.010950211607727845,108,0.75,2706,122541363,0.002245793954680775,NaN
43521,0.06781283574301888,0.015064666969335682,0.010947602434754702,108,0.75,2706,122568423,0.002245793954680775,NaN
43531,0.06760461545740357,0.015018796191074183,0.010945017820466993,108,0.75,2706,122595483,0.002245793954680775,NaN
43541,0.06739633368288091,0.014972553264644802,0.010942457362291958,108,0.75,2706,122622543,0.002245793954680775,NaN
43551,0.06719157587355729,0.014926650447017945,0.010939920651709296,108,0.75,2706,122649603,0.002245793954680775,NaN
43561,0.06699182240082695,0.014882410676805671,0.010937407366686162,108,0.75,2706,122676663,0.002245793954680775,NaN
43571,0.06679381963649689,0.014838688922961484,0.010934917114018521,108,0.75,2706,122703723,0.002245793954680775,NaN
43581,0.06659143666945355,0.014794159508791663,0.010932449556667946,108,0.75,2706,122730783,0.002245793954680775,NaN
43591,0.06639708780312811,0.014750967246293543,0.010930004339620216,108,0.75,2706,122757843,0.002245793954680775,NaN
43601,0.0662048714805053,0.014708018541097207,0.01092758114130554,108,0.75,2706,122784903,0.002245793954680775,NaN
43611,0.0660120655239392,0.014665209935888452,0.010925179617557472,108,0.75,2706,122811963,0.002245793954680775,NaN
43621,0.06581853581830427,0.014622064379668292,0.010922799430702198,108,0.75,2706,122839023,0.002245793954680775,NaN
43631,0.06562735290047689,0.014579704490808896,0.010920439476032415,108,0.75,2707,122866092,0.002245793954680775,NaN
43641,0.0654381965272981,0.014537434570886151,0.010918100203277829,108,0.75,2707,122893162,0.002245793954680775,NaN
43651,0.06524959919204781,0.014495868777706295,0.010915781385559592,108,0.75,2707,122920232,0.002245793954680775,NaN
43661,0.06506216681893544,0.014454289037676506,0.01091348267499342,108,0.75,2707,122947302,0.002245793954680775,NaN
43671,0.0648808191172479,0.01441390304708224,0.010911203826087047,108,0.75,2707,122974372,0.002245793954680775,NaN
43681,0.0646975737993351,0.014373133385746358,0.010908944543313741,108,0.75,2707,123001442,0.002245793954680775,NaN
43691,0.06451542691037204,0.014332916325639544,0.010906704530253592,108,0.75,2707,123028512,0.002245793954680775,NaN
43701,0.06433616363133564,0.014292714029483646,0.01090448350193486,108,0.75,2707,123055582,0.002245793954680775,NaN
43711,0.0641581048244008,0.01425349494345402,0.01090228124304219,108,0.75,2707,123082652,0.002245793954680775,NaN
43721,0.06398051009942347,0.014214200466879755,0.010900097433130232,108,0.75,2707,123109722,0.002245793954680775,NaN
43731,0.06380879078987962,0.014175556392567101,0.010897931842557744,108,0.75,2707,123136792,0.002245793954680775,NaN
43741,0.06363393180430427,0.014136835847127611,0.010895784209137624,108,0.75,2707,123163862,0.002245793954680775,NaN
43751,0.06346286332345895,0.014099258624071232,0.01089365431480608,108,0.75,2707,123190932,0.002245793954680775,NaN
43761,0.06329264470164848,0.014061049135535655,0.010891541871033786,108,0.75,2707,123218002,0.002245793954680775,NaN
43771,0.06312795364016559,0.014024615569199364,0.010889446635834148,108,0.75,2707,123245072,0.002245793954680775,NaN
43781,0.06296219688123078,0.013988019914568443,0.010887368430262613,108,0.75,2707,123272142,0.002245793954680775,NaN
43791,0.06279438444075487,0.013950528824937733,0.010885306967771182,108,0.75,2707,123299212,0.002245793954680775,NaN
43801,0.06262798456678559,0.013913408933199303,0.010883262026056892,108,0.75,2707,123326282,0.002245793954680775,NaN
43811,0.06246157881887755,0.013876397471262934,0.010881233377687061,108,0.75,2707,123353352,0.002245793954680775,NaN
43821,0.06236865331370231,0.01385970073637829,0.010879220860691137,108,0.75,2707,123380422,0.002245793954680775,NaN
43831,0.06236865331370231,0.01385970073637829,0.010877223711055572,108,0.75,2708,123407499,0.002245793954680775,NaN
43841,0.06236865331370231,0.01385970073637829,0.010875242030553182,108,0.75,2708,123434579,0.002245793954680775,NaN
43851,0.06236865331370231,0.01385970073637829,0.010873275844388318,108,0.75,2708,123461659,0.002245793954680775,NaN
43861,0.06236865331370231,0.01385970073637829,0.010871324873902194,108,0.75,2708,123488739,0.002245793954680775,NaN
43871,0.06236865331370231,0.01385970073637829,0.010869389044079095,108,0.75,2708,123515819,0.002245793954680775,NaN
43881,0.06236865331370231,0.01385970073637829,0.010867468081982854,108,0.75,2708,123542899,0.002245793954680775,NaN
43891,0.06236865331370231,0.01385970073637829,0.010865561797042629,108,0.75,2708,123569979,0.002245793954680775,NaN
43901,0.06236865331370231,0.01385970073637829,0.010863670031750641,108,0.75,2708,123597059,0.002245793954680775,NaN
43911,0.06236865331370231,0.01385970073637829,0.010861792587985768,108,0.75,2708,123624139,0.002245793954680775,NaN
43921,0.06236865331370231,0.01385970073637829,0.010859929283976355,108,0.75,2708,123651219,0.002245793954680775,NaN
43931,0.06236865331370231,0.01385970073637829,0.010858079957270667,108,0.75,2708,123678299,0.002245793954680775,NaN
43941,0.06236865331370231,0.01385970073637829,0.010856244372492267,108,0.75,2708,123705379,0.002245793954680775,NaN
43951,0.06236865331370231,0.01385970073637829,0.010854422408570673,108,0.75,2708,123732459,0.002245793954680775,NaN
43961,0.06236865331370231,0.01385970073637829,0.010852613917197548,108,0.75,2708,123759539,0.002245793954680775,NaN
43971,0.06236865331370231,0.01385970073637829,0.010850818699261276,108,0.75,2708,123786619,0.002245793954680775,NaN
43981,0.06236865331370231,0.01385970073637829,0.010849036609931993,108,0.75,2708,123813699,0.002245793954680775,NaN
43991,0.06236865331370231,0.01385970073637829,0.010847267433324244,108,0.75,2708,123840779,0.002245793954680775,NaN
44001,0.06236865331370231,0.01385970073637829,0.01084551108434369,108,0.75,2708,123867859,0.002245793954680775,NaN
44011,0.06236865331370231,0.01385970073637829,0.01084376736954098,108,0.75,2708,123894939,0.002245793954680775,NaN
44021,0.06236865331370231,0.01385970073637829,0.010842036129935284,108,0.75,2708,123922019,0.002245793954680775,NaN
44031,0.06236865331370231,0.01385970073637829,0.010840317074336673,108,0.75,2709,123949102,0.002245793954680775,NaN
44041,0.06236865331370231,0.01385970073637829,0.01083860977473453,108,0.75,2709,123976192,0.002245793954680775,NaN
44051,0.06236865331370231,0.01385970073637829,0.010836914501861748,108,0.75,2709,124003282,0.002245793954680775,NaN
44061,0.06236865331370231,0.01385970073637829,0.010835231163513464,108,0.75,2709,124030372,0.002245793954680775,NaN
44071,0.06236865331370231,0.01385970073637829,0.01083355960017098,108,0.75,2709,124057462,0.002245793954680775,NaN
44081,0.06236865331370231,0.01385970073637829,0.010831899672914,108,0.75,2709,124084552,0.002245793954680775,NaN
44091,0.06236865331370231,0.01385970073637829,0.010830251225515102,108,0.75,2709,124111642,0.002245793954680775,NaN
44101,0.06236865331370231,0.01385970073637829,0.010828614176271012,108,0.75,2709,124138732,0.002245793954680775,NaN
44111,0.06236865331370231,0.01385970073637829,0.010826988372064531,108,0.75,2709,124165822,0.002245793954680775,NaN
44121,0.06236865331370231,0.01385970073637829,0.01082537368025002,108,0.75,2709,124192912,0.002245793954680775,NaN
44131,0.06236865331370231,0.01385970073637829,0.010823769967644071,108,0.75,2709,124220002,0.002245793954680775,NaN
44141,0.06236865331370231,0.01385970073637829,0.010822177092845399,108,0.75,2709,124247092,0.002245793954680775,NaN
44151,0.06236865331370231,0.01385970073637829,0.010820594929772607,108,0.75,2709,124274182,0.002245793954680775,NaN
44161,0.06236865331370231,0.01385970073637829,0.010819023414446283,108,0.75,2709,124301272,0.002245793954680775,NaN
44171,0.06236865331370231,0.01385970073637829,0.010817462386532174,108,0.75,2709,124328362,0.002245793954680775,NaN
44181,0.06236865331370231,0.01385970073637829,0.01081591174719708,108,0.75,2709,124355452,0.002245793954680775,NaN
44191,0.06236865331370231,0.01385970073637829,0.010814371359541879,108,0.75,2709,124382542,0.002245793954680775,NaN
44201,0.06236865331370231,0.01385970073637829,0.01081284112347549,108,0.75,2709,124409632,0.002245793954680775,NaN
44211,0.06236865331370231,0.01385970073637829,0.010811320913177826,108,0.75,2709,124436722,0.002245793954680775,NaN
44221,0.06236865331370231,0.01385970073637829,0.01080981062671292,108,0.75,2709,124463812,0.002245793954680775,NaN
44231,0.06236865331370231,0.01385970073637829,0.010808310177861989,108,0.75,2709,124490902,0.002245793954680775,NaN
44241,0.06236865331370231,0.01385970073637829,0.010806818928256773,108,0.75,2710,124518001,0.002245793954680775,NaN
44251,0.06236865331370231,0.01385970073637829,0.010805337232770109,108,0.75,2710,124545101,0.002245793954680775,NaN
44261,0.06236865331370231,0.01385970073637829,0.01080386506038886,108,0.75,2710,124572201,0.002245793954680775,NaN
44271,0.06236865331370231,0.01385970073637829,0.010802402289544755,108,0.75,2710,124599301,0.002245793954680775,NaN
44281,0.06236865331370231,0.01385970073637829,0.010800948813042563,108,0.75,2710,124626401,0.002245793954680775,NaN
44291,0.06236865331370231,0.01385970073637829,0.010799504549049044,108,0.75,2710,124653501,0.002245793954680775,NaN
44301,0.06236865331370231,0.01385970073637829,0.010798069405707447,108,0.75,2710,124680601,0.002245793954680775,NaN
44311,0.06236865331370231,0.01385970073637829,0.010796643261969704,108,0.75,2710,124707701,0.002245793954680775,NaN
44321,0.06236865331370231,0.01385970073637829,0.010795226046359812,108,0.75,2710,124734801,0.002245793954680775,NaN
44331,0.06236865331370231,0.01385970073637829,0.010793817638793453,108,0.75,2710,124761901,0.002245793954680775,NaN
44341,0.06236865331370231,0.01385970073637829,0.010792417972244811,108,0.75,2710,124789001,0.002245793954680775,NaN
44351,0.06236865331370231,0.01385970073637829,0.01079102696060519,108,0.75,2710,124816101,0.002245793954680775,NaN
44361,0.06236865331370231,0.01385970073637829,0.010789644484983036,108,0.75,2710,124843201,0.002245793954680775,NaN
44371,0.06236865331370231,0.01385970073637829,0.010788270490789093,108,0.75,2710,124870301,0.002245793954680775,NaN
44381,0.06236865331370231,0.01385970073637829,0.010786904865062192,108,0.75,2710,124897401,0.002245793954680775,NaN
44391,0.06236865331370231,0.01385970073637829,0.010785547523209022,108,0.75,2710,124924501,0.002245793954680775,NaN
44401,0.06236865331370231,0.01385970073637829,0.010784198385522721,108,0.75,2710,124951601,0.002245793954680775,NaN
44411,0.06236865331370231,0.01385970073637829,0.010782857385262953,108,0.75,2710,124978701,0.002245793954680775,NaN
44421,0.06236865331370231,0.01385970073637829,0.010781524421734483,108,0.75,2710,125005801,0.002245793954680775,NaN
44431,0.06236865331370231,0.01385970073637829,0.010780199435550931,108,0.75,2710,125032901,0.002245793954680775,NaN
44441,0.06236865331370231,0.01385970073637829,0.010778882125386914,108,0.75,2711,125060005,0.002245793954680775,NaN
44451,0.06236865331370231,0.01385970073637829,0.010777572322148474,108,0.75,2711,125087115,0.002245793954680775,NaN
44461,0.06236865331370231,0.01385970073637829,0.010776270269883191,108,0.75,2711,125114225,0.002245793954680775,NaN
44471,0.06236865331370231,0.01385970073637829,0.010774975875186416,108,0.75,2711,125141335,0.002245793954680775,NaN
44481,0.06236865331370231,0.01385970073637829,0.010773689056539167,108,0.75,2711,125168445,0.002245793954680775,NaN
44491,0.06236865331370231,0.01385970073637829,0.010772409728830513,108,0.75,2711,125195555,0.002245793954680775,NaN
44501,0.06236865331370231,0.01385970073637829,0.010771137846731412,108,0.75,2711,125222665,0.002245793954680775,NaN
44511,0.06236865331370231,0.01385970073637829,0.010769873325672003,108,0.75,2711,125249775,0.002245793954680775,NaN
44521,0.06236865331370231,0.01385970073637829,0.010768616092338534,108,0.75,2711,125276885,0.002245793954680775,NaN
44531,0.06236865331370231,0.01385970073637829,0.010767366081200911,108,0.75,2711,125303995,0.002245793954680775,NaN
44541,0.06236865331370231,0.01385970073637829,0.010766123220444436,108,0.75,2711,125331105,0.002245793954680775,NaN
44551,0.06236865331370231,0.01385970073637829,0.010764887431752725,108,0.75,2711,125358215,0.002245793954680775,NaN
44561,0.06236865331370231,0.01385970073637829,0.010763658661513529,108,0.75,2711,125385325,0.002245793954680775,NaN
44571,0.06236865331370231,0.01385970073637829,0.010762436834095746,108,0.75,2711,125412435,0.002245793954680775,NaN
44581,0.06236865331370231,0.01385970073637829,0.010761221884391239,108,0.75,2711,125439545,0.002245793954680775,NaN
44591,0.06236865331370231,0.01385970073637829,0.01076001372608302,108,0.75,2711,125466655,0.002245793954680775,NaN
44601,0.06236865331370231,0.01385970073637829,0.010758812335520045,108,0.75,2711,125493765,0.002245793954680775,NaN
44611,0.06236865331370231,0.01385970073637829,0.010757617624037853,108,0.75,2711,125520875,0.002245793954680775,NaN
44621,0.06236865331370231,0.01385970073637829,0.010756429548692771,108,0.75,2711,125547985,0.002245793954680775,NaN
44631,0.06236865331370231,0.01385970073637829,0.010755248040820372,108,0.75,2711,125575095,0.002245793954680775,NaN
44641,0.06236865331370231,0.01385970073637829,0.010754073026033052,108,0.75,2711,125602205,0.002245793954680775,NaN
44651,0.06236865331370231,0.01385970073637829,0.01075290411666376,108,0.75,2712,125629323,0.002245793954680775,NaN
44661,0.06236865331370231,0.01385970073637829,0.010751741511917382,108,0.75,2712,125656443,0.002245793954680775,NaN
44671,0.06236865331370231,0.01385970073637829,0.01075058522597874,108,0.75,2712,125683563,0.002245793954680775,NaN
44681,0.06236865331370231,0.01385970073637829,0.010749435232822508,108,0.75,2712,125710683,0.002245793954680775,NaN
44691,0.06236865331370231,0.01385970073637829,0.010748291440988982,108,0.75,2712,125737803,0.002245793954680775,NaN
44701,0.06236865331370231,0.01385970073637829,0.010747153801320524,108,0.75,2712,125764923,0.002245793954680775,NaN
44711,0.06236865331370231,0.01385970073637829,0.010746022275169721,108,0.75,2712,125792043,0.002245793954680775,NaN
44721,0.06236865331370231,0.01385970073637829,0.010744896797217386,108,0.75,2712,125819163,0.002245793954680775,NaN
44731,0.06236865331370231,0.01385970073637829,0.010743777308161891,108,0.75,2712,125846283,0.002245793954680775,NaN
44741,0.06236865331370231,0.01385970073637829,0.010742663772301549,108,0.75,2712,125873403,0.002245793954680775,NaN
44751,0.06236865331370231,0.01385970073637829,0.010741556108407789,108,0.75,2712,125900523,0.002245793954680775,NaN
44761,0.06236865331370231,0.01385970073637829,0.010740454286136673,108,0.75,2712,125927643,0.002245793954680775,NaN
44771,0.06236865331370231,0.01385970073637829,0.010739358252288198,108,0.75,2712,125954763,0.002245793954680775,NaN
44781,0.06236865331370231,0.01385970073637829,0.010738267945501291,108,0.75,2712,125981883,0.002245793954680775,NaN
44791,0.06236865331370231,0.01385970073637829,0.010737183323758401,108,0.75,2712,126009003,0.002245793954680775,NaN
44801,0.06236865331370231,0.01385970073637829,0.01073610435780341,108,0.75,2712,126036123,0.002245793954680775,NaN
44811,0.06236865331370231,0.01385970073637829,0.010735030965865673,108,0.75,2712,126063243,0.002245793954680775,NaN
44821,0.06236865331370231,0.01385970073637829,0.010733963102689514,108,0.75,2712,126090363,0.002245793954680775,NaN
44831,0.06236865331370231,0.01385970073637829,0.010732900718629425,108,0.75,2712,126117483,0.002245793954680775,NaN
44841,0.06236865331370231,0.01385970073637829,0.010731843785558881,108,0.75,2712,126144603,0.002245793954680775,NaN
44851,0.06236865331370231,0.01385970073637829,0.010730792227367152,108,0.75,2712,126171723,0.002245793954680775,NaN
44861,0.06236865331370231,0.01385970073637829,0.010729745658020325,108,0.75,2713,126198853,0.002245793954680775,NaN
44871,0.06236865331370231,0.01385970073637829,0.010728704388803835,108,0.75,2713,126225983,0.002245793954680775,NaN
44881,0.06236865331370231,0.01385970073637829,0.010727668375249178,108,0.75,2713,126253113,0.002245793954680775,NaN
44891,0.06236865331370231,0.01385970073637829,0.010726637583720859,108,0.75,2713,126280243,0.002245793954680775,NaN
44901,0.06236865331370231,0.01385970073637829,0.010725611969043406,108,0.75,2713,126307373,0.002245793954680775,NaN
44911,0.06236865331370231,0.01385970073637829,0.010724591466820055,108,0.75,2713,126334503,0.002245793954680775,NaN
44921,0.06236865331370231,0.01385970073637829,0.010723576051488274,108,0.75,2713,126361633,0.002245793954680775,NaN
44931,0.06236865331370231,0.01385970073637829,0.010722565676041363,108,0.75,2713,126388763,0.002245793954680775,NaN
44941,0.06236865331370231,0.01385970073637829,0.010721560300037854,108,0.75,2713,126415893,0.002245793954680775,NaN
44951,0.062337420655665714,0.01384928852188093,0.010720261975667436,107,0.7430555555555556,2688,126442948,0.002245793954680775,NaN
44961,0.06217764476301204,0.013813461450798549,0.01071828038822932,107,0.7430555555555556,2688,126469828,0.002245793954680775,NaN
44971,0.062017230303538694,0.013778063743960825,0.010716314287537668,107,0.7430555555555556,2688,126496708,0.002245793954680775,NaN
44981,0.061858265373595636,0.0137427659688573,0.010714363386188875,107,0.7430555555555556,2688,126523588,0.002245793954680775,NaN
44991,0.06170662957996661,0.013709126427964116,0.010712427594945053,107,0.7430555555555556,2688,126550468,0.002245793954680775,NaN
45001,0.06155128565706494,0.01367470384365609,0.01071050664590017,107,0.7430555555555556,2688,126577348,0.002245793954680775,NaN
45011,0.061397043115854325,0.013640240098682465,0.01070860032416711,107,0.7430555555555556,2688,126604228,0.002245793954680775,NaN
45021,0.06123980253558171,0.013605819493142147,0.010706708524658739,107,0.7430555555555556,2688,126631108,0.002245793954680775,NaN
45031,0.06108969190588784,0.013571933952194857,0.010704831023075253,107,0.7430555555555556,2688,126657988,0.002245793954680775,NaN
45041,0.06093811008960456,0.013538077485613038,0.010702967649329721,107,0.7430555555555556,2688,126684868,0.002245793954680775,NaN
45051,0.06078665495263033,0.013504774255750711,0.010701118199715615,107,0.7430555555555556,2688,126711748,0.002245793954680775,NaN
45061,0.06063766934691885,0.0134719752362366,0.010699282503593619,107,0.7430555555555556,2688,126738628,0.002245793954680775,NaN
45071,0.0604902348709927,0.013438953266436307,0.010697460389385946,107,0.7430555555555556,2688,126765508,0.002245793954680775,NaN
45081,0.06033985893368656,0.013405908455060003,0.010695651724889687,107,0.7430555555555556,2688,126792388,0.002245793954680775,NaN
45091,0.06019505853731845,0.01337361834102483,0.010693855850121333,107,0.7430555555555556,2689,126819275,0.002245793954680775,NaN
45101,0.06005136105207844,0.013341584498963327,0.010692072912692733,107,0.7430555555555556,2689,126846165,0.002245793954680775,NaN
45111,0.05991414325917066,0.013311076046633813,0.010690302945768422,107,0.7430555555555556,2689,126873055,0.002245793954680775,NaN
45121,0.059771096269583476,0.013279292311682215,0.010688545741902464,107,0.7430555555555556,2689,126899945,0.002245793954680775,NaN
45131,0.05962633032991077,0.013247219915126987,0.010686801137582773,107,0.7430555555555556,2689,126926835,0.002245793954680775,NaN
45141,0.05948861407092583,0.013216647248826718,0.010685069071524765,107,0.7430555555555556,2689,126953725,0.002245793954680775,NaN
45151,0.059350796148028954,0.013186088404334306,0.010683349351954592,107,0.7430555555555556,2689,126980615,0.002245793954680775,NaN
45161,0.05921239649316657,0.013155154119876637,0.010681641784061438,107,0.7430555555555556,2689,127007505,0.002245793954680775,NaN
45171,0.059075876030675704,0.0131247301540285,0.010679946262260409,107,0.7430555555555556,2689,127034395,0.002245793954680775,NaN
45181,0.0589393067905305,0.013094825694534223,0.010678262646676037,107,0.7430555555555556,2689,127061285,0.002245793954680775,NaN
45191,0.05880586566445485,0.013065253805889767,0.010676590793112574,107,0.7430555555555556,2689,127088175,0.002245793954680775,NaN
45201,0.058669763620180275,0.013034992771451915,0.010674930545457283,107,0.7430555555555556,2689,127115065,0.002245793954680775,NaN
45211,0.05853786413893612,0.013005603990393962,0.010673281831375628,107,0.7430555555555556,2689,127141955,0.002245793954680775,NaN
45221,0.05840800823685135,0.01297681850665243,0.01067164446847444,107,0.7430555555555556,2689,127168845,0.002245793954680775,NaN
45231,0.05828047450579235,0.01294846132171554,0.010670018322334739,107,0.7430555555555556,2689,127195735,0.002245793954680775,NaN
45241,0.05814821260416777,0.01291859866163376,0.01066840324209904,107,0.7430555555555556,2689,127222625,0.002245793954680775,NaN
45251,0.058017174375196,0.012889603783240337,0.010666799148827599,107,0.7430555555555556,2689,127249515,0.002245793954680775,NaN
45261,0.05788952049035064,0.012861537099669331,0.010665205947919414,107,0.7430555555555556,2689,127276405,0.002245793954680775,NaN
45271,0.05776283769148157,0.012833286126046482,0.010663623456419406,107,0.7430555555555556,2689,127303295,0.002245793954680775,NaN
45281,0.057635342437723794,0.012804822756292052,0.01066205156266649,107,0.7430555555555556,2689,127330185,0.002245793954680775,NaN
45291,0.057504962414718155,0.01277600338539785,0.010660490141307414,107,0.7430555555555556,2689,127357075,0.002245793954680775,NaN
45301,0.05738221226790216,0.012749107741270041,0.010658938777675077,107,0.7430555555555556,2690,127383971,0.002245793954680775,NaN
45311,0.057258931901637534,0.012721400319171702,0.010657397400108955,107,0.7430555555555556,2690,127410871,0.002245793954680775,NaN
45321,0.05713433136876182,0.012693689243493268,0.010655866197280272,107,0.7430555555555556,2690,127437771,0.002245793954680775,NaN
45331,0.057011579152050795,0.012666494328979873,0.01065434497529093,107,0.7430555555555556,2690,127464671,0.002245793954680775,NaN
45341,0.05688977679318747,0.01263933247426052,0.010652833739599283,107,0.7430555555555556,2690,127491571,0.002245793954680775,NaN
45351,0.05677193547627115,0.012613339337011255,0.010651332306350986,107,0.7430555555555556,2690,127518471,0.002245793954680775,NaN
45361,0.056651764075660374,0.012586604069972317,0.010649840567566952,107,0.7430555555555556,2690,127545371,0.002245793954680775,NaN
45371,0.05653258228794292,0.012560231126505478,0.010648358432675512,107,0.7430555555555556,2690,127572271,0.002245793954680775,NaN
45381,0.05641278929279211,0.012533603568458073,0.010646885795770465,107,0.7430555555555556,2690,127599171,0.002245793954680775,NaN
45391,0.05629587530791302,0.012507483212242035,0.010645422561131651,107,0.7430555555555556,2690,127626071,0.002245793954680775,NaN
45401,0.05617771464775888,0.012481405204980936,0.010643968643611286,107,0.7430555555555556,2690,127652971,0.002245793954680775,NaN
45411,0.05606159216623724,0.012455470107513276,0.010642523909194205,107,0.7430555555555556,2690,127679871,0.002245793954680775,NaN
45421,0.0559455831033289,0.012429806494420085,0.01064108828200014,107,0.7430555555555556,2690,127706771,0.002245793954680775,NaN
45431,0.0558312300228591,0.01240453210795468,0.010639661638690531,107,0.7430555555555556,2690,127733671,0.002245793954680775,NaN
45441,0.05571708083775667,0.012378863754316868,0.010638243897947664,107,0.7430555555555556,2690,127760571,0.002245793954680775,NaN
45451,0.055604690915298,0.012354084915083734,0.010636835011532019,107,0.7430555555555556,2690,127787471,0.002245793954680775,NaN
45461,0.05549292601231284,0.012329233907406768,0.010635434879139882,107,0.7430555555555556,2690,127814371,0.002245793954680775,NaN
45471,0.055379612320528765,0.012304128125835765,0.01063404333719746,107,0.7430555555555556,2690,127841271,0.002245793954680775,NaN
45481,0.05527058483517033,0.012279951375202451,0.010632660357267662,107,0.7430555555555556,2690,127868171,0.002245793954680775,NaN
45491,0.05515779781992723,0.01225479283577347,0.010631285805976838,107,0.7430555555555556,2690,127895071,0.002245793954680775,NaN
45501,0.055044043862484314,0.012229558999813622,0.010629919619658566,107,0.7430555555555556,2690,127921971,0.002245793954680775,NaN
45511,0.05493390142123318,0.012204902816973097,0.010628561536938858,107,0.7430555555555556,2691,127948875,0.002245793954680775,NaN
45521,0.054824302508838955,0.012180671275305333,0.010627211365525477,107,0.7430555555555556,2691,127975785,0.002245793954680775,NaN
45531,0.05471778182258901,0.012156979218757394,0.010625869343701256,107,0.7430555555555556,2691,128002695,0.002245793954680775,NaN
45541,0.05460764375214178,0.012132611885824554,0.010624535352384347,107,0.7430555555555556,2691,128029605,0.002245793954680775,NaN
45551,0.054502564548935664,0.012109282249674343,0.010623209322173387,107,0.7430555555555556,2691,128056515,0.002245793954680775,NaN
45561,0.054396618953746444,0.012085675925682668,0.010621891165067808,107,0.7430555555555556,2691,128083425,0.002245793954680775,NaN
45571,0.05428882317075427,0.01206171532255721,0.010620580820791169,107,0.7430555555555556,2691,128110335,0.002245793954680775,NaN
45581,0.054182022654780594,0.012038038282420706,0.010619278201593037,107,0.7430555555555556,2691,128137245,0.002245793954680775,NaN
45591,0.05407843697652911,0.012015115977761844,0.010617983228022005,107,0.7430555555555556,2691,128164155,0.002245793954680775,NaN
45601,0.05397391479039705,0.011991957273469031,0.010616695843010612,107,0.7430555555555556,2691,128191065,0.002245793954680775,NaN
45611,0.05387221577848079,0.011969302377614852,0.01061541597598088,107,0.7430555555555556,2691,128217975,0.002245793954680775,NaN
45621,0.053768451293945516,0.011946223331294628,0.010614143528971748,107,0.7430555555555556,2691,128244885,0.002245793954680775,NaN
45631,0.053665085077326424,0.01192338105793034,0.010612878440985133,107,0.7430555555555556,2691,128271795,0.002245793954680775,NaN
45641,0.05356551738105065,0.011901287416942576,0.01061162064466325,107,0.7430555555555556,2691,128298705,0.002245793954680775,NaN
45651,0.05346501673045281,0.01187882669762031,0.010610370030088327,107,0.7430555555555556,2691,128325615,0.002245793954680775,NaN
45661,0.05336527051147036,0.011856594590805966,0.010609126565627887,107,0.7430555555555556,2691,128352525,0.002245793954680775,NaN
45671,0.05326683260104892,0.011834791953356374,0.010607890207505959,107,0.7430555555555556,2691,128379435,0.002245793954680775,NaN
45681,0.05316641795397094,0.011812621476550027,0.010606660841566966,107,0.7430555555555556,2691,128406345,0.002245793954680775,NaN
45691,0.05306836641933109,0.011790831309584637,0.010605438418149525,107,0.7430555555555556,2691,128433255,0.002245793954680775,NaN
45701,0.05297022692033683,0.011769163894306257,0.010604222874628,107,0.7430555555555556,2691,128460165,0.002245793954680775,NaN
45711,0.05287229444152082,0.011747116805582224,0.01060301414463574,107,0.7430555555555556,2691,128487075,0.002245793954680775,NaN
45721,0.052773016056297306,0.01172513194220239,0.010601812134686342,107,0.7430555555555556,2691,128513985,0.002245793954680775,NaN
45731,0.052677625301813906,0.011703939835448972,0.010600616391081974,107,0.7430555555555556,2692,128540905,0.002245793954680775,NaN
45741,0.05257994464455359,0.011682232861046075,0.01059942726792006,107,0.7430555555555556,2692,128567825,0.002245793954680775,NaN
45751,0.052484259788217476,0.011661101177862242,0.010598244710717722,107,0.7430555555555556,2692,128594745,0.002245793954680775,NaN
45761,0.052390907249904986,0.011640242446484572,0.01059706867296409,107,0.7430555555555556,2692,128621665,0.002245793954680775,NaN
45771,0.05229666279375468,0.01161937959532629,0.010595899065858734,107,0.7430555555555556,2692,128648585,0.002245793954680775,NaN
45781,0.052201433544165954,0.011598118010284642,0.010594735848075222,107,0.7430555555555556,2692,128675505,0.002245793954680775,NaN
45791,0.0521059038038415,0.011577147304120143,0.010593578950736135,107,0.7430555555555556,2692,128702425,0.002245793954680775,NaN
45801,0.05201352197813936,0.011556408518876106,0.010592428350964139,107,0.7430555555555556,2692,128729345,0.002245793954680775,NaN
45811,0.051920819342338165,0.01153603241444322,0.010591283944685725,107,0.7430555555555556,2692,128756265,0.002245793954680775,NaN
45821,0.05182954681056157,0.01151547584385218,0.010590145693147363,107,0.7430555555555556,2692,128783185,0.002245793954680775,NaN
45831,0.05173727528335486,0.011495073238937616,0.010589013554072832,107,0.7430555555555556,2692,128810105,0.002245793954680775,NaN
45841,0.051645047734930234,0.01147456575511717,0.01058788745815608,107,0.7430555555555556,2692,128837025,0.002245793954680775,NaN
45851,0.051554768417848174,0.011454455497421606,0.010586767348756708,107,0.7430555555555556,2692,128863945,0.002245793954680775,NaN
45861,0.05146302664707069,0.011434180759310134,0.010585653189236044,107,0.7430555555555556,2692,128890865,0.002245793954680775,NaN
45871,0.051373002096046644,0.011414386322403861,0.010584544925273713,107,0.7430555555555556,2692,128917785,0.002245793954680775,NaN
45881,0.051281245183122943,0.011393953261954809,0.010583442476052713,107,0.7430555555555556,2692,128944705,0.002245793954680775,NaN
45891,0.05119292393906719,0.01137418486952594,0.010582345818175864,107,0.7430555555555556,2692,128971625,0.002245793954680775,NaN
45901,0.05110133954970759,0.011354005941323053,0.010581254872814949,107,0.7430555555555556,2692,128998545,0.002245793954680775,NaN
45911,0.05101704885111704,0.011335116955041743,0.010580169639985072,107,0.7430555555555556,2692,129025465,0.002245793954680775,NaN
45921,0.05092988038591801,0.011315756665795288,0.01057909002823054,107,0.7430555555555556,2692,129052385,0.002245793954680775,NaN
45931,0.05084403945459792,0.011296708289313333,0.010578016013897828,107,0.7430555555555556,2692,129079305,0.002245793954680775,NaN
45941,0.05075555123757253,0.011276998015185545,0.01057694729555606,107,0.7430555555555556,2693,129106231,0.002245793954680775,NaN
45951,0.05067002211454517,0.011258221916826143,0.01057588391098644,107,0.7430555555555556,2693,129133161,0.002245793954680775,NaN
45961,0.050584326869715965,0.011239227037953643,0.010574825959627077,107,0.7430555555555556,2693,129160091,0.002245793954680775,NaN
45971,0.05050126124726843,0.01122072088858265,0.01057377341827229,107,0.7430555555555556,2693,129187021,0.002245793954680775,NaN
45981,0.05041766187694738,0.011201891181925466,0.010572726220575443,107,0.7430555555555556,2693,129213951,0.002245793954680775,NaN
45991,0.05033207160374508,0.011183097208077392,0.01057168433203173,107,0.7430555555555556,2693,129240881,0.002245793954680775,NaN
46001,0.05025113362554579,0.011164949411668014,0.01057064772185046,107,0.7430555555555556,2693,129267811,0.002245793954680775,NaN
46011,0.050169484641271356,0.011147061215308002,0.010569616320247647,107,0.7430555555555556,2693,129294741,0.002245793954680775,NaN
46021,0.05008696629007207,0.011128558205351465,0.010568590074340203,107,0.7430555555555556,2693,129321671,0.002245793954680775,NaN
46031,0.05000383826788616,0.011110073184992329,0.010567568962741436,107,0.7430555555555556,2693,129348601,0.002245793954680775,NaN
