episode,deltaT,maxRadius,avgRadius,numUnknownSlots,propUnknown,numSamples,totalNumSamples,modelErrL1,trueValueGap
1,9.0,2.0,1.8877671048523261,80,1.0,351,351,0.8999999999999999,NaN
11,9.0,2.0,1.8411317870894053,80,1.0,686,6252,0.8999999999999999,NaN
21,9.0,2.0,1.836117935037865,80,1.0,786,13716,0.8999999999999999,NaN
31,9.0,2.0,1.8338970163441004,80,1.0,848,21937,0.8999999999999999,NaN
41,9.0,2.0,1.8325881518080358,80,1.0,892,30666,0.8999999999999999,NaN
51,9.0,2.0,1.8317053206023022,80,1.0,926,39779,0.8999999999999999,NaN
61,9.0,2.0,1.8310604085403277,80,1.0,955,49201,0.8999999999999999,NaN
71,9.0,2.0,1.830563775946482,80,1.0,979,58884,0.8999999999999999,NaN
81,9.0,2.0,1.8301667666289814,80,1.0,1000,68790,0.8999999999999999,NaN
91,9.0,2.0,1.8298404136426263,80,1.0,1018,78890,0.8999999999999999,NaN
101,9.0,2.0,1.8295661486660084,80,1.0,1035,89165,0.8999999999999999,NaN
111,9.0,2.0,1.8293316491053144,80,1.0,1050,99596,0.8999999999999999,NaN
121,9.0,2.0,1.8291282255245995,80,1.0,1064,110171,0.8999999999999999,NaN
131,9.0,2.0,1.8289496958158236,80,1.0,1076,120877,0.8999999999999999,NaN
141,9.0,2.0,1.8287913752120937,80,1.0,1088,131705,0.8999999999999999,NaN
151,9.0,2.0,1.828649780621293,80,1.0,1099,142646,0.8999999999999999,NaN
161,9.0,2.0,1.82852222444497,80,1.0,1109,153691,0.8999999999999999,NaN
171,9.0,2.0,1.828406505101611,80,1.0,1119,164836,0.8999999999999999,NaN
181,9.0,2.0,1.8283009633275977,80,1.0,1128,176074,0.8999999999999999,NaN
191,9.0,2.0,1.8282041975931649,80,1.0,1136,187400,0.8999999999999999,NaN
201,9.0,2.0,1.8281150694577666,80,1.0,1145,198810,0.8999999999999999,NaN
211,9.0,2.0,1.828032643191556,80,1.0,1152,210298,0.8999999999999999,NaN
221,9.0,2.0,1.8279561249142262,80,1.0,1160,221862,0.8999999999999999,NaN
231,9.0,2.0,1.8278848443517135,80,1.0,1167,233498,0.8999999999999999,NaN
241,9.0,2.0,1.827818243368307,80,1.0,1174,245203,0.8999999999999999,NaN
251,9.0,2.0,1.8277558436978836,80,1.0,1180,256973,0.8999999999999999,NaN
261,9.0,2.0,1.8276972079332534,80,1.0,1186,268808,0.8999999999999999,NaN
271,9.0,2.0,1.8276419960425454,80,1.0,1192,280703,0.8999999999999999,NaN
281,9.0,2.0,1.8275898856994996,80,1.0,1198,292657,0.8999999999999999,NaN
291,9.0,2.0,1.8275405893077772,80,1.0,1204,304669,0.8999999999999999,NaN
301,9.0,2.0,1.8274938791960167,80,1.0,1209,316734,0.8999999999999999,NaN
311,9.0,2.0,1.8274495317159576,80,1.0,1214,328854,0.8999999999999999,NaN
321,9.0,2.0,1.8274073629099052,80,1.0,1219,341024,0.8999999999999999,NaN
331,9.0,2.0,1.8273671988693194,80,1.0,1224,353244,0.8999999999999999,NaN
341,9.0,2.0,1.8273288831558916,80,1.0,1229,365513,0.8999999999999999,NaN
351,9.0,2.0,1.8272922894497294,80,1.0,1234,377828,0.8999999999999999,NaN
361,9.0,2.0,1.8272572874278186,80,1.0,1238,390188,0.8999999999999999,NaN
371,9.0,2.0,1.8272237712994577,80,1.0,1242,402592,0.8999999999999999,NaN
381,9.0,2.0,1.827191633248514,80,1.0,1247,415040,0.8999999999999999,NaN
391,9.0,2.0,1.8271607876551577,80,1.0,1251,427530,0.8999999999999999,NaN
401,9.0,2.0,1.8271311491543618,80,1.0,1255,440060,0.8999999999999999,NaN
411,9.0,2.0,1.8271026425498953,80,1.0,1259,452630,0.8999999999999999,NaN
421,9.0,2.0,1.8270751960374398,80,1.0,1263,465239,0.8999999999999999,NaN
431,9.0,2.0,1.8270487508492106,80,1.0,1266,477886,0.8999999999999999,NaN
441,9.0,2.0,1.8270232463490998,80,1.0,1270,490570,0.8999999999999999,NaN
451,9.0,2.0,1.82699862788035,80,1.0,1274,503290,0.8999999999999999,NaN
461,9.0,2.0,1.8269748490976894,80,1.0,1277,516045,0.8999999999999999,NaN
471,9.0,2.0,1.826951857251721,80,1.0,1281,528836,0.8999999999999999,NaN
481,9.0,2.0,1.8269296147994727,80,1.0,1284,541661,0.8999999999999999,NaN
491,9.0,2.0,1.8269080816690917,80,1.0,1287,554519,0.8999999999999999,NaN
501,9.0,2.0,1.8268872220583414,80,1.0,1290,567409,0.8999999999999999,NaN
511,9.0,2.0,1.8268670024466651,80,1.0,1294,580331,0.8999999999999999,NaN
521,9.0,2.0,1.8268473895505672,80,1.0,1297,593284,0.8999999999999999,NaN
531,9.0,2.0,1.8268283547203403,80,1.0,1300,606268,0.8999999999999999,NaN
541,9.0,2.0,1.826809870373459,80,1.0,1303,619282,0.8999999999999999,NaN
551,9.0,2.0,1.82679191195374,80,1.0,1306,632325,0.8999999999999999,NaN
561,9.0,2.0,1.826774452639564,80,1.0,1309,645398,0.8999999999999999,NaN
571,9.0,2.0,1.8267574727355922,80,1.0,1311,658498,0.8999999999999999,NaN
581,9.0,2.0,1.8267409505934187,80,1.0,1314,671627,0.8999999999999999,NaN
591,9.0,2.0,1.8267248641985578,80,1.0,1317,684783,0.8999999999999999,NaN
601,9.0,2.0,1.826709195358572,80,1.0,1320,697966,0.8999999999999999,NaN
611,9.0,2.0,1.8266939271579858,80,1.0,1322,711176,0.8999999999999999,NaN
621,9.0,2.0,1.826679045333345,80,1.0,1325,724411,0.8999999999999999,NaN
631,9.0,2.0,1.826664529905658,80,1.0,1327,737673,0.8999999999999999,NaN
641,9.0,2.0,1.8266503671287377,80,1.0,1330,750961,0.8999999999999999,NaN
651,9.0,2.0,1.8266365447126425,80,1.0,1332,764273,0.8999999999999999,NaN
661,9.0,2.0,1.8266230491708981,80,1.0,1335,777610,0.8999999999999999,NaN
671,9.0,2.0,1.8266098685201986,80,1.0,1337,790970,0.8999999999999999,NaN
681,9.0,2.0,1.8265969895728158,80,1.0,1339,804354,0.8999999999999999,NaN
691,9.0,2.0,1.826584401231348,79,0.9875,1342,817762,0.8999999999999999,NaN
701,9.0,2.0,1.662920473761303,79,0.9875,1327,831025,0.8999999999999999,NaN
711,9.0,2.0,1.659740376145179,79,0.9875,1330,844311,0.8999999999999999,NaN
721,9.0,2.0,1.658307733515364,79,0.9875,1332,857619,0.8999999999999999,NaN
731,9.0,2.0,1.6574460064320313,79,0.9875,1334,870949,0.8999999999999999,NaN
741,9.0,2.0,1.656852783960127,79,0.9875,1336,884300,0.8999999999999999,NaN
751,9.0,2.0,1.6564124568868102,79,0.9875,1338,897673,0.8999999999999999,NaN
761,9.0,2.0,1.656068879167672,79,0.9875,1340,911066,0.8999999999999999,NaN
771,9.0,2.0,1.6557908856035315,79,0.9875,1342,924481,0.8999999999999999,NaN
781,9.0,2.0,1.6555594559381324,79,0.9875,1344,937916,0.8999999999999999,NaN
791,9.0,2.0,1.6553631803926152,79,0.9875,1346,951371,0.8999999999999999,NaN
801,9.0,2.0,1.655193920713004,79,0.9875,1348,964846,0.8999999999999999,NaN
811,9.0,2.0,1.6550457511719845,79,0.9875,1350,978341,0.8999999999999999,NaN
821,9.0,2.0,1.654914858292895,79,0.9875,1352,991856,0.8999999999999999,NaN
831,9.0,2.0,1.6547979904922403,79,0.9875,1354,1005389,0.8999999999999999,NaN
841,9.0,2.0,1.6546927890408163,79,0.9875,1356,1018942,0.8999999999999999,NaN
851,9.0,2.0,1.6545973916811083,79,0.9875,1358,1032513,0.8999999999999999,NaN
861,9.0,2.0,1.6545105023740863,79,0.9875,1360,1046103,0.8999999999999999,NaN
871,9.0,2.0,1.6544306605221635,79,0.9875,1362,1059711,0.8999999999999999,NaN
881,9.0,2.0,1.6543571805807076,79,0.9875,1363,1073337,0.8999999999999999,NaN
891,9.0,2.0,1.6542891989534307,79,0.9875,1365,1086981,0.8999999999999999,NaN
901,9.0,2.0,1.6542259316825956,79,0.9875,1367,1100643,0.8999999999999999,NaN
911,9.0,2.0,1.6541670137684281,79,0.9875,1369,1114322,0.8999999999999999,NaN
921,9.0,2.0,1.6541119182689676,79,0.9875,1370,1128018,0.8999999999999999,NaN
931,9.0,2.0,1.6540601891623286,79,0.9875,1372,1141732,0.8999999999999999,NaN
941,9.0,2.0,1.6540116432135026,79,0.9875,1374,1155462,0.8999999999999999,NaN
951,9.0,2.0,1.6539657876375748,79,0.9875,1375,1169208,0.8999999999999999,NaN
961,9.0,2.0,1.65392250922813,79,0.9875,1377,1182972,0.8999999999999999,NaN
971,9.0,2.0,1.6538815146504475,79,0.9875,1379,1196752,0.8999999999999999,NaN
981,9.0,2.0,1.6538425472580909,79,0.9875,1380,1210548,0.8999999999999999,NaN
991,9.0,2.0,1.653805508541413,79,0.9875,1382,1224362,0.8999999999999999,NaN
1001,9.0,2.0,1.6537702916213326,79,0.9875,1384,1238190,0.8999999999999999,NaN
1011,9.0,2.0,1.6537366777122329,79,0.9875,1385,1252035,0.8999999999999999,NaN
1021,9.0,2.0,1.6537046136037457,79,0.9875,1387,1265895,0.8999999999999999,NaN
1031,9.0,2.0,1.6536739539558432,79,0.9875,1388,1279770,0.8999999999999999,NaN
1041,9.0,2.0,1.6536445715534647,79,0.9875,1390,1293661,0.8999999999999999,NaN
1051,9.0,2.0,1.65361639569648,79,0.9875,1391,1307567,0.8999999999999999,NaN
1061,9.0,2.0,1.6535893463779388,79,0.9875,1393,1321488,0.8999999999999999,NaN
1071,9.0,2.0,1.6535633311406244,79,0.9875,1394,1335424,0.8999999999999999,NaN
1081,9.0,2.0,1.6535382970868746,79,0.9875,1396,1349375,0.8999999999999999,NaN
1091,9.0,2.0,1.6535141949987793,79,0.9875,1397,1363340,0.8999999999999999,NaN
1101,9.0,2.0,1.6534909941678024,79,0.9875,1399,1377319,0.8999999999999999,NaN
1111,9.0,2.0,1.6534685902290758,79,0.9875,1400,1391313,0.8999999999999999,NaN
1121,9.0,2.0,1.6534469812645791,79,0.9875,1401,1405320,0.8999999999999999,NaN
1131,9.0,2.0,1.6534260690253415,79,0.9875,1403,1419343,0.8999999999999999,NaN
1141,9.0,2.0,1.6534058494118156,79,0.9875,1404,1433379,0.8999999999999999,NaN
1151,9.0,2.0,1.6533862732773326,79,0.9875,1406,1447429,0.8999999999999999,NaN
1161,9.0,2.0,1.6533673351000686,79,0.9875,1407,1461493,0.8999999999999999,NaN
1171,9.0,2.0,1.653348950929892,79,0.9875,1408,1475570,0.8999999999999999,NaN
1181,9.0,2.0,1.6533311382079297,79,0.9875,1410,1489661,0.8999999999999999,NaN
1191,9.0,2.0,1.65331383845155,79,0.9875,1411,1503765,0.8999999999999999,NaN
1201,9.0,2.0,1.6532970536536085,79,0.9875,1412,1517882,0.8999999999999999,NaN
1211,9.0,2.0,1.6532807690075746,79,0.9875,1414,1532013,0.8999999999999999,NaN
1221,9.0,2.0,1.6532649317533334,79,0.9875,1415,1546157,0.8999999999999999,NaN
1231,9.0,2.0,1.653249510985484,79,0.9875,1416,1560313,0.8999999999999999,NaN
1241,9.0,2.0,1.6532345284990548,79,0.9875,1418,1574483,0.8999999999999999,NaN
1251,9.0,2.0,1.6532199361314532,79,0.9875,1419,1588666,0.8999999999999999,NaN
1261,9.0,2.0,1.6532057301372174,79,0.9875,1420,1602861,0.8999999999999999,NaN
1271,9.0,2.0,1.6531918543793385,79,0.9875,1421,1617068,0.8999999999999999,NaN
1281,9.0,2.0,1.6531783321355777,79,0.9875,1423,1631288,0.8999999999999999,NaN
1291,9.0,2.0,1.4925425438499138,78,0.975,1406,1645395,0.8999999999999999,NaN
1301,9.0,2.0,1.4876372476352835,78,0.975,1407,1659459,0.8999999999999999,NaN
1311,9.0,2.0,1.4857740514532252,78,0.975,1408,1673535,0.8999999999999999,NaN
1321,9.0,2.0,1.4847207582561057,78,0.975,1409,1687623,0.8999999999999999,NaN
1331,9.0,2.0,1.4840094408251259,78,0.975,1411,1701723,0.8999999999999999,NaN
1341,9.0,2.0,1.483500528712444,78,0.975,1412,1715835,0.8999999999999999,NaN
1351,9.0,2.0,1.483106033125511,78,0.975,1413,1729958,0.8999999999999999,NaN
1361,9.0,2.0,1.4827898929463785,78,0.975,1414,1744093,0.8999999999999999,NaN
1371,9.0,2.0,1.4825283399065003,78,0.975,1415,1758239,0.8999999999999999,NaN
1381,9.0,2.0,1.4823091278095626,78,0.975,1416,1772396,0.8999999999999999,NaN
1391,9.0,2.0,1.482119420459393,78,0.975,1417,1786564,0.8999999999999999,NaN
1401,9.0,2.0,1.4819544898521064,78,0.975,1418,1800743,0.8999999999999999,NaN
1411,9.0,2.0,1.4818096803294056,78,0.975,1420,1814934,0.8999999999999999,NaN
1421,9.0,2.0,1.481679164087145,78,0.975,1421,1829136,0.8999999999999999,NaN
1431,9.0,2.0,1.4815619410559293,78,0.975,1422,1843349,0.8999999999999999,NaN
1441,9.0,2.0,1.4814567841239934,78,0.975,1423,1857573,0.8999999999999999,NaN
1451,9.0,2.0,1.4813604956298732,78,0.975,1424,1871808,0.8999999999999999,NaN
1461,9.0,2.0,1.481273444959143,78,0.975,1425,1886054,0.8999999999999999,NaN
1471,9.0,2.0,1.4811925149483525,78,0.975,1426,1900310,0.8999999999999999,NaN
1481,9.0,2.0,1.48111738194476,78,0.975,1427,1914577,0.8999999999999999,NaN
1491,9.0,2.0,1.4810489635010389,78,0.975,1428,1928854,0.8999999999999999,NaN
1501,9.0,2.0,1.480984131192187,78,0.975,1429,1943142,0.8999999999999999,NaN
1511,9.0,2.0,1.4809240189122308,78,0.975,1430,1957440,0.8999999999999999,NaN
1521,9.0,2.0,1.4808668109020389,78,0.975,1431,1971748,0.8999999999999999,NaN
1531,9.0,2.0,1.480813521822784,78,0.975,1432,1986067,0.8999999999999999,NaN
1541,9.0,2.0,1.4807629600497905,78,0.975,1433,2000396,0.8999999999999999,NaN
1551,9.0,2.0,1.480715345353151,78,0.975,1434,2014735,0.8999999999999999,NaN
1561,9.0,2.0,1.4806707995028672,78,0.975,1435,2029084,0.8999999999999999,NaN
1571,9.0,2.0,1.4806284997016566,78,0.975,1436,2043443,0.8999999999999999,NaN
1581,9.0,2.0,1.4805882926997151,78,0.975,1437,2057812,0.8999999999999999,NaN
1591,9.0,2.0,1.480550050113748,78,0.975,1438,2072191,0.8999999999999999,NaN
1601,9.0,2.0,1.4805135274656602,78,0.975,1439,2086580,0.8999999999999999,NaN
1611,9.0,2.0,1.4804783562394235,78,0.975,1440,2100979,0.8999999999999999,NaN
1621,9.0,2.0,1.4804450636703388,78,0.975,1441,2115387,0.8999999999999999,NaN
1631,9.0,2.0,1.4804131872399333,78,0.975,1442,2129805,0.8999999999999999,NaN
1641,9.0,2.0,1.4803827614612748,78,0.975,1443,2144232,0.8999999999999999,NaN
1651,9.0,2.0,1.48035346713836,78,0.975,1444,2158669,0.8999999999999999,NaN
1661,9.0,2.0,1.4803252615586522,78,0.975,1445,2173115,0.8999999999999999,NaN
1671,9.0,2.0,1.4802983520226594,78,0.975,1446,2187571,0.8999999999999999,NaN
1681,9.0,2.0,1.4802723028741145,78,0.975,1447,2202036,0.8999999999999999,NaN
1691,9.0,2.0,1.4802470879522582,78,0.975,1448,2216510,0.8999999999999999,NaN
1701,9.0,2.0,1.4802226509985512,78,0.975,1449,2230993,0.8999999999999999,NaN
1711,9.0,2.0,1.48019927612877,78,0.975,1450,2245485,0.8999999999999999,NaN
1721,9.0,2.0,1.480176462191707,78,0.975,1451,2259986,0.8999999999999999,NaN
1731,9.0,2.0,1.4801546447396903,78,0.975,1451,2274496,0.8999999999999999,NaN
1741,9.0,2.0,1.4801335337582944,78,0.975,1452,2289016,0.8999999999999999,NaN
1751,9.0,2.0,1.4801130111684913,78,0.975,1453,2303545,0.8999999999999999,NaN
1761,9.0,2.0,1.4800930100284697,78,0.975,1454,2318083,0.8999999999999999,NaN
1771,9.0,2.0,1.4800738091593508,78,0.975,1455,2332630,0.8999999999999999,NaN
1781,9.0,2.0,1.4800549041938154,78,0.975,1456,2347185,0.8999999999999999,NaN
1791,9.0,2.0,1.4800369451455864,78,0.975,1457,2361749,0.8999999999999999,NaN
1801,9.0,2.0,1.4800191986978048,78,0.975,1458,2376321,0.8999999999999999,NaN
1811,9.0,2.0,1.4800021651767385,78,0.975,1459,2390902,0.8999999999999999,NaN
1821,9.0,2.0,1.4799856203770876,78,0.975,1459,2405492,0.8999999999999999,NaN
1831,9.0,2.0,1.4799693458835947,78,0.975,1460,2420091,0.8999999999999999,NaN
1841,9.0,2.0,1.4799536475568325,78,0.975,1461,2434698,0.8999999999999999,NaN
1851,9.0,2.0,1.4799383651169271,78,0.975,1462,2449314,0.8999999999999999,NaN
1861,9.0,2.0,1.3177827076491322,77,0.9625,1444,2463808,0.8999999999999999,NaN
1871,9.0,2.0,1.3133672394235727,77,0.9625,1445,2478253,0.8999999999999999,NaN
1881,9.0,2.0,1.3117018792308166,77,0.9625,1446,2492706,0.8999999999999999,NaN
1891,9.0,2.0,1.3107591036856348,77,0.9625,1446,2507166,0.8999999999999999,NaN
1901,9.0,2.0,1.3101313950265694,77,0.9625,1447,2521636,0.8999999999999999,NaN
1911,9.0,2.0,1.309674511881195,77,0.9625,1448,2536114,0.8999999999999999,NaN
1921,9.0,2.0,1.3093224913274906,77,0.9625,1449,2550600,0.8999999999999999,NaN
1931,9.0,2.0,1.3090403854080503,77,0.9625,1450,2565093,0.8999999999999999,NaN
1941,9.0,2.0,1.3088076116254086,77,0.9625,1451,2579594,0.8999999999999999,NaN
1951,9.0,2.0,1.3086112331336162,77,0.9625,1451,2594104,0.8999999999999999,NaN
1961,9.0,2.0,1.3084426071230515,77,0.9625,1452,2608622,0.8999999999999999,NaN
1971,9.0,2.0,1.3082957397048571,77,0.9625,1453,2623147,0.8999999999999999,NaN
1981,9.0,2.0,1.3081662919722974,77,0.9625,1454,2637679,0.8999999999999999,NaN
1991,9.0,2.0,1.3080510418073492,77,0.9625,1454,2652219,0.8999999999999999,NaN
2001,9.0,2.0,1.307947548186247,77,0.9625,1455,2666769,0.8999999999999999,NaN
2011,9.0,2.0,1.3078539383574184,77,0.9625,1456,2681326,0.8999999999999999,NaN
2021,9.0,2.0,1.3077687316885287,77,0.9625,1457,2695890,0.8999999999999999,NaN
2031,9.0,2.0,1.307690733265942,77,0.9625,1457,2710460,0.8999999999999999,NaN
2041,9.0,2.0,1.3076189550424933,77,0.9625,1458,2725040,0.8999999999999999,NaN
2051,9.0,2.0,1.3075526248993288,77,0.9625,1459,2739627,0.8999999999999999,NaN
2061,9.0,2.0,1.307491080653794,77,0.9625,1460,2754221,0.8999999999999999,NaN
2071,9.0,2.0,1.3074337733480186,77,0.9625,1460,2768821,0.8999999999999999,NaN
2081,9.0,2.0,1.3073802161786756,77,0.9625,1461,2783431,0.8999999999999999,NaN
2091,9.0,2.0,1.3073300287648486,77,0.9625,1462,2798048,0.8999999999999999,NaN
2101,9.0,2.0,1.3072828734339381,77,0.9625,1463,2812671,0.8999999999999999,NaN
2111,9.0,2.0,1.3072384504045012,77,0.9625,1463,2827301,0.8999999999999999,NaN
2121,9.0,2.0,1.3071964948194261,77,0.9625,1464,2841941,0.8999999999999999,NaN
2131,9.0,2.0,1.3071567960675037,77,0.9625,1465,2856587,0.8999999999999999,NaN
2141,9.0,2.0,1.3071191560054563,77,0.9625,1466,2871239,0.8999999999999999,NaN
2151,9.0,2.0,1.3070833977365148,77,0.9625,1466,2885899,0.8999999999999999,NaN
2161,9.0,2.0,1.3070493666969922,77,0.9625,1467,2900567,0.8999999999999999,NaN
2171,9.0,2.0,1.3070169337814628,77,0.9625,1468,2915241,0.8999999999999999,NaN
2181,9.0,2.0,1.3069859764952823,77,0.9625,1468,2929921,0.8999999999999999,NaN
2191,9.0,2.0,1.3069563768011523,77,0.9625,1469,2944611,0.8999999999999999,NaN
2201,9.0,2.0,1.306928045932173,77,0.9625,1470,2959307,0.8999999999999999,NaN
2211,9.0,2.0,1.3069008949031233,77,0.9625,1471,2974008,0.8999999999999999,NaN
2221,9.0,2.0,1.3068748386042304,77,0.9625,1471,2988718,0.8999999999999999,NaN
2231,9.0,2.0,1.3068498077378614,77,0.9625,1472,3003435,0.8999999999999999,NaN
2241,9.0,2.0,1.306825737334286,77,0.9625,1473,3018158,0.8999999999999999,NaN
2251,9.0,2.0,1.3068025649632902,77,0.9625,1473,3032888,0.8999999999999999,NaN
2261,9.0,2.0,1.3067802352580689,77,0.9625,1474,3047626,0.8999999999999999,NaN
2271,9.0,2.0,1.3067587016974438,77,0.9625,1475,3062369,0.8999999999999999,NaN
2281,9.0,2.0,1.306737915002696,77,0.9625,1475,3077119,0.8999999999999999,NaN
2291,9.0,2.0,1.3067178314971528,77,0.9625,1476,3091877,0.8999999999999999,NaN
2301,9.0,2.0,1.3066984144516098,77,0.9625,1477,3106641,0.8999999999999999,NaN
2311,9.0,2.0,1.3066796277590267,77,0.9625,1477,3121411,0.8999999999999999,NaN
2321,9.0,2.0,1.3066614340092968,77,0.9625,1478,3136190,0.8999999999999999,NaN
2331,9.0,2.0,1.306643806667271,77,0.9625,1479,3150974,0.8999999999999999,NaN
2341,9.0,2.0,1.3066267162592253,77,0.9625,1479,3165764,0.8999999999999999,NaN
2351,9.0,2.0,1.3066101329363482,77,0.9625,1480,3180562,0.8999999999999999,NaN
2361,9.0,2.0,1.3065940355263583,77,0.9625,1481,3195365,0.8999999999999999,NaN
2371,9.0,2.0,1.3065783986847959,77,0.9625,1481,3210175,0.8999999999999999,NaN
2381,9.0,2.0,1.3065631992441782,77,0.9625,1482,3224993,0.8999999999999999,NaN
2391,9.0,2.0,1.3065484210119167,77,0.9625,1483,3239815,0.8999999999999999,NaN
2401,9.0,2.0,1.3065340412457607,77,0.9625,1483,3254645,0.8999999999999999,NaN
2411,9.0,2.0,1.3065200426133623,77,0.9625,1484,3269482,0.8999999999999999,NaN
2421,9.0,2.0,1.190485330756371,76,0.95,1465,3284151,0.8999999999999999,NaN
2431,9.0,2.0,1.1878041938785837,76,0.95,1466,3298808,0.8999999999999999,NaN
2441,9.0,2.0,1.1866583480294,76,0.95,1467,3313469,0.8999999999999999,NaN
2451,9.0,2.0,1.1859789265177185,76,0.95,1467,3328139,0.8999999999999999,NaN
2461,9.0,2.0,1.1855147922742224,76,0.95,1468,3342814,0.8999999999999999,NaN
2471,9.0,2.0,1.1851730987002234,76,0.95,1468,3357494,0.8999999999999999,NaN
2481,9.0,2.0,1.1849070119206397,76,0.95,1469,3372182,0.8999999999999999,NaN
2491,9.0,2.0,1.184691789824268,76,0.95,1470,3386874,0.8999999999999999,NaN
2501,9.0,2.0,1.1845126310486047,76,0.95,1470,3401574,0.8999999999999999,NaN
2511,9.0,2.0,1.1843607366047701,76,0.95,1471,3416280,0.8999999999999999,NaN
2521,9.0,2.0,1.184229700280743,76,0.95,1471,3430990,0.8999999999999999,NaN
2531,9.0,2.0,1.1841150822803777,76,0.95,1472,3445709,0.8999999999999999,NaN
2541,9.0,2.0,1.184013427987448,76,0.95,1473,3460431,0.8999999999999999,NaN
2551,9.0,2.0,1.1839228904463437,76,0.95,1473,3475161,0.8999999999999999,NaN
2561,9.0,2.0,1.1838411158570514,76,0.95,1474,3489897,0.8999999999999999,NaN
2571,9.0,2.0,1.183767012919388,76,0.95,1474,3504637,0.8999999999999999,NaN
2581,9.0,2.0,1.1836993522356845,76,0.95,1475,3519386,0.8999999999999999,NaN
2591,9.0,2.0,1.1836371724918822,76,0.95,1476,3534138,0.8999999999999999,NaN
2601,9.0,2.0,1.1835797615752461,76,0.95,1476,3548898,0.8999999999999999,NaN
2611,9.0,2.0,1.1835266075842517,76,0.95,1477,3563663,0.8999999999999999,NaN
2621,9.0,2.0,1.1834770983537302,76,0.95,1477,3578433,0.8999999999999999,NaN
2631,9.0,2.0,1.1834309152119709,76,0.95,1478,3593210,0.8999999999999999,NaN
2641,9.0,2.0,1.18338764058334,76,0.95,1478,3607990,0.8999999999999999,NaN
2651,9.0,2.0,1.1833469825897915,76,0.95,1479,3622780,0.8999999999999999,NaN
2661,9.0,2.0,1.1833087328687273,76,0.95,1480,3637573,0.8999999999999999,NaN
2671,9.0,2.0,1.1832725940927389,76,0.95,1480,3652373,0.8999999999999999,NaN
2681,9.0,2.0,1.1832383453528155,76,0.95,1481,3667178,0.8999999999999999,NaN
2691,9.0,2.0,1.1832059077472705,76,0.95,1481,3681988,0.8999999999999999,NaN
2701,9.0,2.0,1.18317508527802,76,0.95,1482,3696805,0.8999999999999999,NaN
2711,9.0,2.0,1.1831457714110543,76,0.95,1482,3711625,0.8999999999999999,NaN
2721,9.0,2.0,1.183117803500351,76,0.95,1483,3726455,0.8999999999999999,NaN
2731,9.0,2.0,1.183091064906222,76,0.95,1484,3741287,0.8999999999999999,NaN
2741,9.0,2.0,1.1830654963809182,76,0.95,1484,3756127,0.8999999999999999,NaN
2751,9.0,2.0,1.1830410312667297,76,0.95,1485,3770971,0.8999999999999999,NaN
2761,9.0,2.0,1.1830175231644295,76,0.95,1485,3785821,0.8999999999999999,NaN
2771,9.0,2.0,1.1829949722941082,76,0.95,1486,3800677,0.8999999999999999,NaN
2781,9.0,2.0,1.1829732908604726,76,0.95,1486,3815537,0.8999999999999999,NaN
2791,9.0,2.0,1.1829524116281986,76,0.95,1487,3830404,0.8999999999999999,NaN
2801,9.0,2.0,1.1829323358631743,76,0.95,1487,3845274,0.8999999999999999,NaN
2811,9.0,2.0,1.1829129453522513,76,0.95,1488,3860153,0.8999999999999999,NaN
2821,9.0,2.0,1.1828942636315551,76,0.95,1488,3875033,0.8999999999999999,NaN
2831,9.0,2.0,1.1828761956506335,76,0.95,1489,3889923,0.8999999999999999,NaN
2841,9.0,2.0,1.1828587323492088,76,0.95,1490,3904815,0.8999999999999999,NaN
2851,9.0,2.0,1.1828418357011066,76,0.95,1490,3919715,0.8999999999999999,NaN
2861,9.0,2.0,1.1828254566521514,76,0.95,1491,3934618,0.8999999999999999,NaN
2871,9.0,2.0,1.182809613517088,76,0.95,1491,3949528,0.8999999999999999,NaN
2881,9.0,2.0,1.182794225448515,76,0.95,1492,3964442,0.8999999999999999,NaN
2891,9.0,2.0,1.1827793234332997,76,0.95,1492,3979362,0.8999999999999999,NaN
2901,9.0,2.0,1.1827648216914355,76,0.95,1493,3994287,0.8999999999999999,NaN
2911,9.0,2.0,1.1827507605762393,76,0.95,1493,4009217,0.8999999999999999,NaN
2921,9.0,2.0,1.1827370754789786,76,0.95,1494,4024153,0.8999999999999999,NaN
2931,9.0,2.0,1.1827237708454115,76,0.95,1494,4039093,0.8999999999999999,NaN
2941,9.0,2.0,1.1827108057469102,76,0.95,1495,4054040,0.8999999999999999,NaN
2951,9.0,2.0,1.1826981841254902,76,0.95,1495,4068990,0.8999999999999999,NaN
2961,9.0,2.0,1.182685905286121,76,0.95,1496,4083947,0.8999999999999999,NaN
2971,9.0,2.0,1.0912038919518934,75,0.9375,1477,4098771,0.8999999999999999,NaN
2981,9.0,2.0,1.0882547016160222,75,0.9375,1477,4113541,0.8999999999999999,NaN
2991,9.0,2.0,1.0871323093719494,75,0.9375,1478,4128315,0.8999999999999999,NaN
3001,9.0,2.0,1.086491342184717,75,0.9375,1478,4143095,0.8999999999999999,NaN
3011,9.0,2.0,1.0860607022564863,75,0.9375,1479,4157879,0.8999999999999999,NaN
3021,9.0,2.0,1.0857446525644163,75,0.9375,1479,4172669,0.8999999999999999,NaN
3031,9.0,2.0,1.0854991652824935,75,0.9375,1480,4187463,0.8999999999999999,NaN
3041,9.0,2.0,1.0853009131236073,75,0.9375,1480,4202263,0.8999999999999999,NaN
3051,9.0,2.0,1.0851360875002478,75,0.9375,1481,4217067,0.8999999999999999,NaN
3061,9.0,2.0,1.0849960970357968,75,0.9375,1481,4231877,0.8999999999999999,NaN
3071,9.0,2.0,1.0848750740095088,75,0.9375,1482,4246691,0.8999999999999999,NaN
3081,9.0,2.0,1.084768992265552,75,0.9375,1482,4261511,0.8999999999999999,NaN
3091,9.0,2.0,1.0846748640699517,75,0.9375,1483,4276334,0.8999999999999999,NaN
3101,9.0,2.0,1.0845905722053089,75,0.9375,1483,4291164,0.8999999999999999,NaN
3111,9.0,2.0,1.0845145235030778,75,0.9375,1484,4305996,0.8999999999999999,NaN
3121,9.0,2.0,1.0844453845425868,75,0.9375,1484,4320836,0.8999999999999999,NaN
3131,9.0,2.0,1.0843821532361,75,0.9375,1485,4335678,0.8999999999999999,NaN
3141,9.0,2.0,1.084323983272463,75,0.9375,1485,4350528,0.8999999999999999,NaN
3151,9.0,2.0,1.0842702120911187,75,0.9375,1486,4365379,0.8999999999999999,NaN
3161,9.0,2.0,1.0842202735692221,75,0.9375,1486,4380239,0.8999999999999999,NaN
3171,9.0,2.0,1.0841737475636593,75,0.9375,1486,4395099,0.8999999999999999,NaN
3181,9.0,2.0,1.0841302089842924,75,0.9375,1487,4409969,0.8999999999999999,NaN
3191,9.0,2.0,1.0840893988757818,75,0.9375,1487,4424839,0.8999999999999999,NaN
3201,9.0,2.0,1.0840509990974236,75,0.9375,1488,4439717,0.8999999999999999,NaN
3211,9.0,2.0,1.0840148227416253,75,0.9375,1488,4454597,0.8999999999999999,NaN
3221,9.0,2.0,1.0839805916855547,75,0.9375,1489,4469484,0.8999999999999999,NaN
3231,9.0,2.0,1.0839481541784273,75,0.9375,1489,4484374,0.8999999999999999,NaN
3241,9.0,2.0,1.083917367024353,75,0.9375,1490,4499270,0.8999999999999999,NaN
3251,9.0,2.0,1.0838880741263104,75,0.9375,1490,4514170,0.8999999999999999,NaN
3261,9.0,2.0,1.083860177075139,75,0.9375,1491,4529074,0.8999999999999999,NaN
3271,9.0,2.0,1.0838335129659362,75,0.9375,1491,4543984,0.8999999999999999,NaN
3281,9.0,2.0,1.0838080517757422,75,0.9375,1492,4558896,0.8999999999999999,NaN
3291,9.0,2.0,1.0837836599314314,75,0.9375,1492,4573816,0.8999999999999999,NaN
3301,9.0,2.0,1.0837602515143605,75,0.9375,1492,4588736,0.8999999999999999,NaN
3311,9.0,2.0,1.083737798240819,75,0.9375,1493,4603666,0.8999999999999999,NaN
3321,9.0,2.0,1.0837162254478225,75,0.9375,1493,4618596,0.8999999999999999,NaN
3331,9.0,2.0,1.0836954745518068,75,0.9375,1494,4633534,0.8999999999999999,NaN
3341,9.0,2.0,1.0836754865959268,75,0.9375,1494,4648474,0.8999999999999999,NaN
3351,9.0,2.0,1.0836562184804894,75,0.9375,1495,4663420,0.8999999999999999,NaN
3361,9.0,2.0,1.0836376316918632,75,0.9375,1495,4678370,0.8999999999999999,NaN
3371,9.0,2.0,1.0836196654094226,75,0.9375,1496,4693323,0.8999999999999999,NaN
3381,9.0,2.0,1.0836022973253319,75,0.9375,1496,4708283,0.8999999999999999,NaN
3391,9.0,2.0,1.0835854856987412,75,0.9375,1497,4723244,0.8999999999999999,NaN
3401,9.0,2.0,1.083569229822815,75,0.9375,1497,4738214,0.8999999999999999,NaN
3411,9.0,2.0,1.0835534736961885,75,0.9375,1497,4753184,0.8999999999999999,NaN
3421,9.0,2.0,1.0835381983336236,75,0.9375,1498,4768162,0.8999999999999999,NaN
3431,9.0,2.0,1.0835233758339697,75,0.9375,1498,4783142,0.8999999999999999,NaN
3441,9.0,2.0,1.083508981576418,75,0.9375,1499,4798127,0.8999999999999999,NaN
3451,9.0,2.0,1.083495006775998,75,0.9375,1499,4813117,0.8999999999999999,NaN
3461,9.0,2.0,1.0834814181444428,75,0.9375,1500,4828109,0.8999999999999999,NaN
3471,9.0,2.0,1.083468198822823,75,0.9375,1500,4843109,0.8999999999999999,NaN
3481,9.0,2.0,1.083455337695511,75,0.9375,1500,4858109,0.8999999999999999,NaN
3491,9.0,2.0,1.0834428076932074,75,0.9375,1501,4873118,0.8999999999999999,NaN
3501,9.0,2.0,1.083430607821577,75,0.9375,1501,4888128,0.8999999999999999,NaN
3511,9.0,2.0,1.0834187173211831,75,0.9375,1502,4903144,0.8999999999999999,NaN
3521,9.0,2.0,0.9680064378705259,74,0.925,1482,4918004,0.8999999999999999,NaN
3531,9.0,2.0,0.9649418427367333,74,0.925,1483,4932826,0.8999999999999999,NaN
3541,9.0,2.0,0.9637017414183149,74,0.925,1483,4947656,0.8999999999999999,NaN
3551,9.0,2.0,0.9629851873352884,74,0.925,1483,4962486,0.8999999999999999,NaN
3561,9.0,2.0,0.9625015279471381,74,0.925,1484,4977324,0.8999999999999999,NaN
3571,9.0,2.0,0.9621457615837837,74,0.925,1484,4992164,0.8999999999999999,NaN
3581,9.0,2.0,0.9618698933165953,74,0.925,1485,5007008,0.8999999999999999,NaN
3591,9.0,2.0,0.9616486313195404,74,0.925,1485,5021858,0.8999999999999999,NaN
3601,9.0,2.0,0.9614645018304685,74,0.925,1485,5036708,0.8999999999999999,NaN
3611,9.0,2.0,0.9613084860529785,74,0.925,1486,5051568,0.8999999999999999,NaN
3621,9.0,2.0,0.9611739516483064,74,0.925,1486,5066428,0.8999999999999999,NaN
3631,9.0,2.0,0.9610566561592954,74,0.925,1487,5081293,0.8999999999999999,NaN
3641,9.0,2.0,0.9609528772238842,74,0.925,1487,5096163,0.8999999999999999,NaN
3651,9.0,2.0,0.9608603467574224,74,0.925,1488,5111034,0.8999999999999999,NaN
3661,9.0,2.0,0.9607769844371994,74,0.925,1488,5125914,0.8999999999999999,NaN
3671,9.0,2.0,0.9607014423009013,74,0.925,1488,5140794,0.8999999999999999,NaN
3681,9.0,2.0,0.9606325840660798,74,0.925,1489,5155680,0.8999999999999999,NaN
3691,9.0,2.0,0.9605692422226035,74,0.925,1489,5170570,0.8999999999999999,NaN
3701,9.0,2.0,0.960510950090339,74,0.925,1490,5185461,0.8999999999999999,NaN
3711,9.0,2.0,0.9604568871998016,74,0.925,1490,5200361,0.8999999999999999,NaN
3721,9.0,2.0,0.960406559106004,74,0.925,1490,5215261,0.8999999999999999,NaN
3731,9.0,2.0,0.9603594879760007,74,0.925,1491,5230167,0.8999999999999999,NaN
3741,9.0,2.0,0.9603156314896653,74,0.925,1491,5245077,0.8999999999999999,NaN
3751,9.0,2.0,0.9602743315014208,74,0.925,1492,5259988,0.8999999999999999,NaN
3761,9.0,2.0,0.9602355150314139,74,0.925,1492,5274908,0.8999999999999999,NaN
3771,9.0,2.0,0.9601987669244091,74,0.925,1492,5289828,0.8999999999999999,NaN
3781,9.0,2.0,0.9601641109875432,74,0.925,1493,5304753,0.8999999999999999,NaN
3791,9.0,2.0,0.96013119867886,74,0.925,1493,5319683,0.8999999999999999,NaN
3801,9.0,2.0,0.9600999856227762,74,0.925,1493,5334613,0.8999999999999999,NaN
3811,9.0,2.0,0.9600703033986846,74,0.925,1494,5349553,0.8999999999999999,NaN
3821,9.0,2.0,0.9600419529654818,74,0.925,1494,5364493,0.8999999999999999,NaN
3831,9.0,2.0,0.9600149320591653,74,0.925,1495,5379437,0.8999999999999999,NaN
3841,9.0,2.0,0.9599890587368416,74,0.925,1495,5394387,0.8999999999999999,NaN
3851,9.0,2.0,0.9599642821115699,74,0.925,1495,5409337,0.8999999999999999,NaN
3861,9.0,2.0,0.9599405304442141,74,0.925,1496,5424295,0.8999999999999999,NaN
3871,9.0,2.0,0.9599177244631015,74,0.925,1496,5439255,0.8999999999999999,NaN
3881,9.0,2.0,0.8726474180859916,73,0.9125,1476,5454155,0.8999999999999999,NaN
3891,9.0,2.0,0.8662644158033108,73,0.9125,1477,5468921,0.8999999999999999,NaN
3901,9.0,2.0,0.8647511203743952,73,0.9125,1477,5483691,0.8999999999999999,NaN
3911,9.0,2.0,0.8639828972506678,73,0.9125,1477,5498461,0.8999999999999999,NaN
3921,9.0,2.0,0.8634963216120768,73,0.9125,1478,5513240,0.8999999999999999,NaN
3931,9.0,2.0,0.8631521400974315,73,0.9125,1478,5528020,0.8999999999999999,NaN
3941,9.0,2.0,0.8628916733225156,73,0.9125,1479,5542802,0.8999999999999999,NaN
3951,9.0,2.0,0.8626853740950388,73,0.9125,1479,5557592,0.8999999999999999,NaN
3961,9.0,2.0,0.862516615739471,73,0.9125,1479,5572382,0.8999999999999999,NaN
3971,9.0,2.0,0.8623750433933279,73,0.9125,1480,5587177,0.8999999999999999,NaN
3981,9.0,2.0,0.8622539853925476,73,0.9125,1480,5601977,0.8999999999999999,NaN
3991,9.0,2.0,0.7733725792678331,72,0.9,1460,5616697,0.8999999999999999,NaN
4001,9.0,2.0,0.7683644196062255,72,0.9,1460,5631297,0.8999999999999999,NaN
4011,9.0,2.0,0.7669663049861253,72,0.9,1461,5645907,0.8999999999999999,NaN
4021,9.0,2.0,0.7662339158471008,72,0.9,1461,5660517,0.8999999999999999,NaN
4031,9.0,2.0,0.7657636764801945,72,0.9,1462,5675130,0.8999999999999999,NaN
4041,9.0,2.0,0.7654281740804159,72,0.9,1462,5689750,0.8999999999999999,NaN
4051,9.0,2.0,0.765173067342441,72,0.9,1462,5704370,0.8999999999999999,NaN
4061,9.0,2.0,0.7649702962403448,72,0.9,1463,5718994,0.8999999999999999,NaN
4071,9.0,2.0,0.7648039326499595,72,0.9,1463,5733624,0.8999999999999999,NaN
4081,9.0,2.0,0.7646641651175481,72,0.9,1463,5748254,0.8999999999999999,NaN
4091,9.0,2.0,0.7645444763672541,72,0.9,1464,5762890,0.8999999999999999,NaN
4101,9.0,2.0,0.7644403880343857,72,0.9,1464,5777530,0.8999999999999999,NaN
4111,9.0,2.0,0.7643487688438199,72,0.9,1464,5792170,0.8999999999999999,NaN
4121,9.0,2.0,0.7642672152711701,72,0.9,1465,5806818,0.8999999999999999,NaN
4131,9.0,2.0,0.7641940136772429,72,0.9,1465,5821468,0.8999999999999999,NaN
4141,9.0,2.0,0.764127797811115,72,0.9,1465,5836118,0.8999999999999999,NaN
4151,9.0,2.0,0.7640674718241509,72,0.9,1466,5850777,0.8999999999999999,NaN
4161,9.0,2.0,0.7640122145867355,72,0.9,1466,5865437,0.8999999999999999,NaN
4171,9.0,2.0,0.7639613491547679,72,0.9,1466,5880097,0.8999999999999999,NaN
4181,9.0,2.0,0.763914262510917,72,0.9,1467,5894767,0.8999999999999999,NaN
4191,9.0,2.0,0.7638705419699542,72,0.9,1467,5909437,0.8999999999999999,NaN
4201,9.0,2.0,0.7638297764671133,72,0.9,1468,5924108,0.8999999999999999,NaN
4211,9.0,2.0,0.7637916297035551,72,0.9,1468,5938788,0.8999999999999999,NaN
4221,9.0,2.0,0.7637558422307331,72,0.9,1468,5953468,0.8999999999999999,NaN
4231,9.0,2.0,0.7637221644502287,72,0.9,1469,5968150,0.8999999999999999,NaN
4241,9.0,2.0,0.7636903850348635,72,0.9,1469,5982840,0.8999999999999999,NaN
4251,9.0,2.0,0.7636603302379285,72,0.9,1469,5997530,0.8999999999999999,NaN
4261,9.0,2.0,0.7636318435181068,72,0.9,1470,6012222,0.8999999999999999,NaN
4271,9.0,2.0,0.7636047924653402,72,0.9,1470,6026922,0.8999999999999999,NaN
4281,9.0,2.0,0.7635790593383694,72,0.9,1470,6041622,0.8999999999999999,NaN
4291,9.0,2.0,0.7635545339777731,72,0.9,1471,6056325,0.8999999999999999,NaN
4301,9.0,2.0,0.7635311054884266,72,0.9,1471,6071035,0.8999999999999999,NaN
4311,9.0,2.0,0.7635087107971057,72,0.9,1471,6085745,0.8999999999999999,NaN
4321,9.0,2.0,0.7634872749179067,72,0.9,1472,6100458,0.8999999999999999,NaN
4331,9.0,2.0,0.7634667155092268,72,0.9,1472,6115178,0.8999999999999999,NaN
4341,9.0,2.0,0.7634469797793693,72,0.9,1472,6129898,0.8999999999999999,NaN
4351,9.0,2.0,0.7634280054852179,72,0.9,1473,6144621,0.8999999999999999,NaN
4361,9.0,2.0,0.7634097358367213,72,0.9,1473,6159351,0.8999999999999999,NaN
4371,9.0,2.0,0.7633921527362744,72,0.9,1473,6174081,0.8999999999999999,NaN
4381,9.0,2.0,0.7633751958229156,72,0.9,1474,6188813,0.8999999999999999,NaN
4391,9.0,2.0,0.7633588246380202,72,0.9,1474,6203553,0.8999999999999999,NaN
4401,9.0,2.0,0.7633430155114072,72,0.9,1474,6218293,0.8999999999999999,NaN
4411,9.0,2.0,0.7633277345877393,72,0.9,1475,6233035,0.8999999999999999,NaN
4421,9.0,2.0,0.7633129379265771,72,0.9,1475,6247785,0.8999999999999999,NaN
4431,9.0,2.0,0.7632986216977746,72,0.9,1475,6262535,0.8999999999999999,NaN
4441,9.0,2.0,0.7632847398831604,72,0.9,1476,6277286,0.8999999999999999,NaN
4451,9.0,2.0,0.763271269916083,72,0.9,1476,6292046,0.8999999999999999,NaN
4461,9.0,2.0,0.7632582046481537,72,0.9,1476,6306806,0.8999999999999999,NaN
4471,9.0,2.0,0.7632455153209137,72,0.9,1476,6321566,0.8999999999999999,NaN
4481,9.0,2.0,0.7632331854607923,72,0.9,1477,6336336,0.8999999999999999,NaN
4491,9.0,2.0,0.7632211973776337,72,0.9,1477,6351106,0.8999999999999999,NaN
4501,9.0,2.0,0.7632095323073566,72,0.9,1477,6365876,0.8999999999999999,NaN
4511,9.0,2.0,0.7631981669685415,72,0.9,1478,6380655,0.8999999999999999,NaN
4521,9.0,2.0,0.7631871092290184,72,0.9,1478,6395435,0.8999999999999999,NaN
4531,9.0,2.0,0.763176341459152,72,0.9,1478,6410215,0.8999999999999999,NaN
4541,9.0,2.0,0.7631658303482574,72,0.9,1479,6425003,0.8999999999999999,NaN
4551,9.0,2.0,0.7631555737822163,72,0.9,1479,6439793,0.8999999999999999,NaN
4561,9.0,2.0,0.7631455743075252,72,0.9,1479,6454583,0.8999999999999999,NaN
4571,9.0,2.0,0.7631358104627626,72,0.9,1480,6469379,0.8999999999999999,NaN
4581,9.0,2.0,0.763126276844166,72,0.9,1480,6484179,0.8999999999999999,NaN
4591,9.0,2.0,0.7631169669400302,72,0.9,1480,6498979,0.8999999999999999,NaN
4601,9.0,2.0,0.7631078639587012,72,0.9,1481,6513783,0.8999999999999999,NaN
4611,9.0,2.0,0.7630989528560976,72,0.9,1481,6528593,0.8999999999999999,NaN
4621,9.0,2.0,0.763090241488299,72,0.9,1481,6543403,0.8999999999999999,NaN
4631,9.0,2.0,0.7630817251345958,72,0.9,1482,6558215,0.8999999999999999,NaN
4641,9.0,2.0,0.7630733922404755,72,0.9,1482,6573035,0.8999999999999999,NaN
4651,9.0,2.0,0.7630652265546475,72,0.9,1482,6587855,0.8999999999999999,NaN
4661,9.0,2.0,0.7630572304859693,72,0.9,1482,6602675,0.8999999999999999,NaN
4671,9.0,2.0,0.7630494052499291,72,0.9,1483,6617505,0.8999999999999999,NaN
4681,9.0,2.0,0.7630417154423468,72,0.9,1483,6632335,0.8999999999999999,NaN
4691,9.0,2.0,0.763034175690372,72,0.9,1483,6647165,0.8999999999999999,NaN
4701,9.0,2.0,0.7630267906373341,72,0.9,1484,6662002,0.8999999999999999,NaN
4711,9.0,2.0,0.7630195481625381,72,0.9,1484,6676842,0.8999999999999999,NaN
4721,9.0,2.0,0.7630124364498467,72,0.9,1484,6691682,0.8999999999999999,NaN
4731,9.0,2.0,0.7630054600403903,72,0.9,1485,6706527,0.8999999999999999,NaN
4741,9.0,2.0,0.7629986092555642,72,0.9,1485,6721377,0.8999999999999999,NaN
4751,9.0,2.0,0.7629918752490117,72,0.9,1485,6736227,0.8999999999999999,NaN
4761,9.0,2.0,0.762985263073545,72,0.9,1486,6751079,0.8999999999999999,NaN
4771,9.0,2.0,0.7629787690248186,72,0.9,1486,6765939,0.8999999999999999,NaN
4781,9.0,2.0,0.7629723932581418,72,0.9,1486,6780799,0.8999999999999999,NaN
4791,9.0,2.0,0.7629661229626443,72,0.9,1486,6795659,0.8999999999999999,NaN
4801,9.0,2.0,0.7629599574174994,72,0.9,1487,6810528,0.8999999999999999,NaN
4811,9.0,2.0,0.76295388766353,72,0.9,1487,6825398,0.8999999999999999,NaN
4821,9.0,2.0,0.7629479164232198,72,0.9,1487,6840268,0.8999999999999999,NaN
4831,9.0,2.0,0.762942054945684,72,0.9,1488,6855143,0.8999999999999999,NaN
4841,9.0,2.0,0.7629362772784241,72,0.9,1488,6870023,0.8999999999999999,NaN
4851,9.0,2.0,0.7629305968185595,72,0.9,1488,6884903,0.8999999999999999,NaN
4861,9.0,2.0,0.7629249997645005,72,0.9,1489,6899785,0.8999999999999999,NaN
4871,9.0,2.0,0.7629194935176334,72,0.9,1489,6914675,0.8999999999999999,NaN
4881,9.0,2.0,0.7629140684631109,72,0.9,1489,6929565,0.8999999999999999,NaN
4891,9.0,2.0,0.7629087312570026,72,0.9,1489,6944455,0.8999999999999999,NaN
4901,9.0,2.0,0.7629034690302205,72,0.9,1490,6959353,0.8999999999999999,NaN
4911,9.0,2.0,0.7628982882179989,72,0.9,1490,6974253,0.8999999999999999,NaN
4921,9.0,2.0,0.762893183384888,72,0.9,1490,6989153,0.8999999999999999,NaN
4931,9.0,2.0,0.7628881560167484,72,0.9,1491,7004057,0.8999999999999999,NaN
4941,9.0,2.0,0.7628831971099219,72,0.9,1491,7018967,0.8999999999999999,NaN
4951,9.0,2.0,0.7628783008231809,72,0.9,1491,7033877,0.8999999999999999,NaN
4961,9.0,2.0,0.7628734818414511,72,0.9,1491,7048787,0.8999999999999999,NaN
4971,9.0,2.0,0.7628687321329016,72,0.9,1492,7063706,0.8999999999999999,NaN
4981,9.0,2.0,0.7628640442012043,72,0.9,1492,7078626,0.8999999999999999,NaN
4991,9.0,2.0,0.7628594189995207,72,0.9,1492,7093546,0.8999999999999999,NaN
5001,9.0,2.0,0.762854859982838,72,0.9,1493,7108471,0.8999999999999999,NaN
5011,9.0,2.0,0.7628503688676933,72,0.9,1493,7123401,0.8999999999999999,NaN
5021,9.0,2.0,0.7628459259223677,72,0.9,1493,7138331,0.8999999999999999,NaN
5031,9.0,2.0,0.762841538766666,72,0.9,1493,7153261,0.8999999999999999,NaN
5041,9.0,2.0,0.7628372184521814,72,0.9,1494,7168201,0.8999999999999999,NaN
5051,9.0,2.0,0.7628329484440439,72,0.9,1494,7183141,0.8999999999999999,NaN
5061,9.0,2.0,0.7628287364744344,72,0.9,1494,7198081,0.8999999999999999,NaN
5071,9.0,2.0,0.762824575092766,72,0.9,1495,7213026,0.8999999999999999,NaN
5081,9.0,2.0,0.7628204664790169,72,0.9,1495,7227976,0.8999999999999999,NaN
5091,9.0,2.0,0.7628164009729006,72,0.9,1495,7242926,0.8999999999999999,NaN
5101,9.0,2.0,0.7628123930762325,72,0.9,1495,7257876,0.8999999999999999,NaN
5111,9.0,2.0,0.7628084210560682,72,0.9,1496,7272835,0.8999999999999999,NaN
5121,9.0,2.0,0.7628045064772284,72,0.9,1496,7287795,0.8999999999999999,NaN
5131,9.0,2.0,0.7628006344280658,72,0.9,1496,7302755,0.8999999999999999,NaN
5141,9.0,2.0,0.7627968192701948,72,0.9,1497,7317719,0.8999999999999999,NaN
5151,9.0,2.0,0.7627930340641206,72,0.9,1497,7332689,0.8999999999999999,NaN
5161,9.0,2.0,0.7627892895996042,72,0.9,1497,7347659,0.8999999999999999,NaN
5171,9.0,2.0,0.7627855872933196,72,0.9,1497,7362629,0.8999999999999999,NaN
5181,9.0,2.0,0.76278193495522,72,0.9,1498,7377607,0.8999999999999999,NaN
5191,9.0,2.0,0.7627783253857647,72,0.9,1498,7392587,0.8999999999999999,NaN
5201,9.0,2.0,0.7627747591881404,72,0.9,1498,7407567,0.8999999999999999,NaN
5211,9.0,2.0,0.7627712319296004,72,0.9,1499,7422549,0.8999999999999999,NaN
5221,9.0,2.0,0.7627677419827675,72,0.9,1499,7437539,0.8999999999999999,NaN
5231,9.0,2.0,0.762764288199583,72,0.9,1499,7452529,0.8999999999999999,NaN
5241,9.0,2.0,0.7627608814561728,72,0.9,1499,7467519,0.8999999999999999,NaN
5251,9.0,2.0,0.7627575062008887,72,0.9,1500,7482515,0.8999999999999999,NaN
5261,9.0,2.0,0.762754163687281,72,0.9,1500,7497515,0.8999999999999999,NaN
5271,9.0,2.0,0.7627508605069434,72,0.9,1500,7512515,0.8999999999999999,NaN
5281,9.0,2.0,0.7627475859403058,72,0.9,1500,7527515,0.8999999999999999,NaN
5291,9.0,2.0,0.7627443515837526,72,0.9,1501,7542524,0.8999999999999999,NaN
5301,9.0,2.0,0.7627411568365864,72,0.9,1501,7557534,0.8999999999999999,NaN
5311,9.0,2.0,0.7627379925220923,72,0.9,1501,7572544,0.8999999999999999,NaN
5321,9.0,2.0,0.7627348662199313,72,0.9,1502,7587556,0.8999999999999999,NaN
5331,9.0,2.0,0.762731758039559,72,0.9,1502,7602576,0.8999999999999999,NaN
5341,9.0,2.0,0.7627286838861915,72,0.9,1502,7617596,0.8999999999999999,NaN
5351,9.0,2.0,0.762725641317482,72,0.9,1502,7632616,0.8999999999999999,NaN
5361,9.0,2.0,0.762722631588813,72,0.9,1503,7647641,0.8999999999999999,NaN
5371,9.0,2.0,0.7627196478617124,72,0.9,1503,7662671,0.8999999999999999,NaN
5381,9.0,2.0,0.7627166965506604,72,0.9,1503,7677701,0.8999999999999999,NaN
5391,9.0,2.0,0.7627137756126601,72,0.9,1503,7692731,0.8999999999999999,NaN
5401,9.0,2.0,0.7627108721031184,72,0.9,1504,7707769,0.8999999999999999,NaN
5411,9.0,2.0,0.762708002966264,72,0.9,1504,7722809,0.8999999999999999,NaN
5421,9.0,2.0,0.7627051615070203,72,0.9,1504,7737849,0.8999999999999999,NaN
5431,9.0,2.0,0.7627023429943853,72,0.9,1504,7752889,0.8999999999999999,NaN
5441,9.0,2.0,0.7626995472988701,72,0.9,1505,7767939,0.8999999999999999,NaN
5451,9.0,2.0,0.7626967840301916,72,0.9,1505,7782989,0.8999999999999999,NaN
5461,9.0,2.0,0.7626940415140112,72,0.9,1505,7798039,0.8999999999999999,NaN
5471,9.0,2.0,0.7626913275639905,72,0.9,1506,7813091,0.8999999999999999,NaN
5481,9.0,2.0,0.7626886384493845,72,0.9,1506,7828151,0.8999999999999999,NaN
5491,9.0,2.0,0.7626859769906066,72,0.9,1506,7843211,0.8999999999999999,NaN
5501,9.0,2.0,0.7626833340425883,72,0.9,1506,7858271,0.8999999999999999,NaN
5511,9.0,2.0,0.7626807114429698,72,0.9,1507,7873335,0.8999999999999999,NaN
5521,9.0,2.0,0.7626781163909678,72,0.9,1507,7888405,0.8999999999999999,NaN
5531,9.0,2.0,0.7626755481202653,72,0.9,1507,7903475,0.8999999999999999,NaN
5541,9.0,2.0,0.7626729979875393,72,0.9,1507,7918545,0.8999999999999999,NaN
5551,9.0,2.0,0.7626704669639681,72,0.9,1508,7933621,0.8999999999999999,NaN
5561,9.0,2.0,0.762667961236749,72,0.9,1508,7948701,0.8999999999999999,NaN
5571,9.0,2.0,0.762665474554419,72,0.9,1508,7963781,0.8999999999999999,NaN
5581,9.0,2.0,0.7626630144483048,72,0.9,1508,7978861,0.8999999999999999,NaN
5591,9.0,2.0,0.7626605680577907,72,0.9,1509,7993948,0.8999999999999999,NaN
5601,9.0,2.0,0.7626581425053496,72,0.9,1509,8009038,0.8999999999999999,NaN
5611,9.0,2.0,0.7626557385206553,72,0.9,1509,8024128,0.8999999999999999,NaN
5621,9.0,2.0,0.7626533576984176,72,0.9,1509,8039218,0.8999999999999999,NaN
5631,9.0,2.0,0.7626509956564853,72,0.9,1510,8054316,0.8999999999999999,NaN
5641,9.0,2.0,0.7626486517836856,72,0.9,1510,8069416,0.8999999999999999,NaN
5651,9.0,2.0,0.76264632727744,72,0.9,1510,8084516,0.8999999999999999,NaN
5661,9.0,2.0,0.7626440291604025,72,0.9,1510,8099616,0.8999999999999999,NaN
5671,9.0,2.0,0.7626417406315137,72,0.9,1511,8114725,0.8999999999999999,NaN
5681,9.0,2.0,0.7626394671943413,72,0.9,1511,8129835,0.8999999999999999,NaN
5691,9.0,2.0,0.7626372148706224,72,0.9,1511,8144945,0.8999999999999999,NaN
5701,9.0,2.0,0.7626349794292142,72,0.9,1511,8160055,0.8999999999999999,NaN
5711,9.0,2.0,0.7626327654584333,72,0.9,1512,8175175,0.8999999999999999,NaN
5721,9.0,2.0,0.7626305643824629,72,0.9,1512,8190295,0.8999999999999999,NaN
5731,9.0,2.0,0.7626283863393777,72,0.9,1512,8205415,0.8999999999999999,NaN
5741,9.0,2.0,0.762626225371969,72,0.9,1512,8220535,0.8999999999999999,NaN
5751,9.0,2.0,0.7626240803617579,72,0.9,1513,8235665,0.8999999999999999,NaN
5761,9.0,2.0,0.7626219544000395,72,0.9,1513,8250795,0.8999999999999999,NaN
5771,9.0,2.0,0.7626198336844161,72,0.9,1513,8265925,0.8999999999999999,NaN
5781,9.0,2.0,0.762617734303628,72,0.9,1513,8281055,0.8999999999999999,NaN
5791,9.0,2.0,0.7626156490053736,72,0.9,1514,8296195,0.8999999999999999,NaN
5801,9.0,2.0,0.7626135790432287,72,0.9,1514,8311335,0.8999999999999999,NaN
5811,9.0,2.0,0.7626115267883598,72,0.9,1514,8326475,0.8999999999999999,NaN
5821,9.0,2.0,0.7626094921232078,72,0.9,1514,8341615,0.8999999999999999,NaN
5831,9.0,2.0,0.7626074709345291,72,0.9,1515,8356765,0.8999999999999999,NaN
5841,9.0,2.0,0.7626054621192926,72,0.9,1515,8371915,0.8999999999999999,NaN
5851,9.0,2.0,0.7626034695412568,72,0.9,1515,8387065,0.8999999999999999,NaN
5861,9.0,2.0,0.7626014957175921,72,0.9,1515,8402215,0.8999999999999999,NaN
5871,9.0,2.0,0.7625995324402816,72,0.9,1516,8417374,0.8999999999999999,NaN
5881,9.0,2.0,0.7625975860243801,72,0.9,1516,8432534,0.8999999999999999,NaN
5891,9.0,2.0,0.7625956444907617,72,0.9,1516,8447694,0.8999999999999999,NaN
5901,9.0,2.0,0.7625937202433526,72,0.9,1516,8462854,0.8999999999999999,NaN
5911,9.0,2.0,0.7625918089227764,72,0.9,1517,8478022,0.8999999999999999,NaN
5921,9.0,2.0,0.7625899118821435,72,0.9,1517,8493192,0.8999999999999999,NaN
5931,9.0,2.0,0.7625880290119595,72,0.9,1517,8508362,0.8999999999999999,NaN
5941,9.0,2.0,0.7625861637028489,72,0.9,1517,8523532,0.8999999999999999,NaN
5951,9.0,2.0,0.7625843082071149,72,0.9,1518,8538709,0.8999999999999999,NaN
5961,9.0,2.0,0.762582463414421,72,0.9,1518,8553889,0.8999999999999999,NaN
5971,9.0,2.0,0.7625806327835742,72,0.9,1518,8569069,0.8999999999999999,NaN
5981,9.0,2.0,0.7625788172274549,72,0.9,1518,8584249,0.8999999999999999,NaN
5991,9.0,2.0,0.7625770149319981,72,0.9,1519,8599435,0.8999999999999999,NaN
6001,9.0,2.0,0.7625752257090509,72,0.9,1519,8614625,0.8999999999999999,NaN
6011,9.0,2.0,0.7625734460426628,72,0.9,1519,8629815,0.8999999999999999,NaN
6021,9.0,2.0,0.7625716840548881,72,0.9,1519,8645005,0.8999999999999999,NaN
6031,9.0,2.0,0.7625699267405631,72,0.9,1520,8660199,0.8999999999999999,NaN
6041,9.0,2.0,0.7625681788848417,72,0.9,1520,8675399,0.8999999999999999,NaN
6051,9.0,2.0,0.7625664411013606,72,0.9,1520,8690599,0.8999999999999999,NaN
6061,9.0,2.0,0.7625647175893938,72,0.9,1520,8705799,0.8999999999999999,NaN
6071,9.0,2.0,0.7625629980300398,72,0.9,1521,8721001,0.8999999999999999,NaN
6081,9.0,2.0,0.7625613012459416,72,0.9,1521,8736211,0.8999999999999999,NaN
6091,9.0,2.0,0.7625596075118588,72,0.9,1521,8751421,0.8999999999999999,NaN
6101,9.0,2.0,0.76255792629113,72,0.9,1521,8766631,0.8999999999999999,NaN
6111,9.0,2.0,0.7625562573492205,72,0.9,1521,8781841,0.8999999999999999,NaN
6121,9.0,2.0,0.7625546012208697,72,0.9,1522,8797061,0.8999999999999999,NaN
6131,9.0,2.0,0.7625529505331718,72,0.9,1522,8812281,0.8999999999999999,NaN
6141,9.0,2.0,0.762551310564303,72,0.9,1522,8827501,0.8999999999999999,NaN
6151,9.0,2.0,0.7625496862807922,72,0.9,1522,8842721,0.8999999999999999,NaN
6161,9.0,2.0,0.7625480691221908,72,0.9,1523,8857948,0.8999999999999999,NaN
6171,9.0,2.0,0.7625464594678701,72,0.9,1523,8873178,0.8999999999999999,NaN
6181,9.0,2.0,0.6704922211467632,71,0.8875,1502,8888240,0.8999999999999999,NaN
6191,9.0,2.0,0.6679520999346533,71,0.8875,1502,8903260,0.8999999999999999,NaN
6201,9.0,2.0,0.6669251734091789,71,0.8875,1502,8918280,0.8999999999999999,NaN
6211,9.0,2.0,0.6663295727507835,71,0.8875,1503,8933308,0.8999999999999999,NaN
6221,9.0,2.0,0.6659279370159046,71,0.8875,1503,8948338,0.8999999999999999,NaN
6231,9.0,2.0,0.6656330876978596,71,0.8875,1503,8963368,0.8999999999999999,NaN
6241,9.0,2.0,0.6654044312779276,71,0.8875,1503,8978398,0.8999999999999999,NaN
6251,9.0,2.0,0.6652201215524107,71,0.8875,1504,8993432,0.8999999999999999,NaN
6261,9.0,2.0,0.665067290654462,71,0.8875,1504,9008472,0.8999999999999999,NaN
6271,9.0,2.0,0.6649378282982736,71,0.8875,1504,9023512,0.8999999999999999,NaN
6281,9.0,2.0,0.6648262405382832,71,0.8875,1504,9038552,0.8999999999999999,NaN
6291,9.0,2.0,0.6647287074542633,71,0.8875,1504,9053592,0.8999999999999999,NaN
6301,9.0,2.0,0.6646423943541111,71,0.8875,1505,9068642,0.8999999999999999,NaN
6311,9.0,2.0,0.6645653139118858,71,0.8875,1505,9083692,0.8999999999999999,NaN
6321,9.0,2.0,0.6644958920548116,71,0.8875,1505,9098742,0.8999999999999999,NaN
6331,9.0,2.0,0.6644329030019152,71,0.8875,1505,9113792,0.8999999999999999,NaN
6341,9.0,2.0,0.6643753900814666,71,0.8875,1506,9128847,0.8999999999999999,NaN
6351,9.0,2.0,0.6643225693295207,71,0.8875,1506,9143907,0.8999999999999999,NaN
6361,9.0,2.0,0.6642738357765421,71,0.8875,1506,9158967,0.8999999999999999,NaN
6371,9.0,2.0,0.6642286778676137,71,0.8875,1506,9174027,0.8999999999999999,NaN
6381,9.0,2.0,0.6641866690027111,71,0.8875,1506,9189087,0.8999999999999999,NaN
6391,9.0,2.0,0.6641474157612369,71,0.8875,1507,9204157,0.8999999999999999,NaN
6401,9.0,2.0,0.6641106557650274,71,0.8875,1507,9219227,0.8999999999999999,NaN
6411,9.0,2.0,0.6640761155737644,71,0.8875,1507,9234297,0.8999999999999999,NaN
6421,9.0,2.0,0.6640435735251021,71,0.8875,1507,9249367,0.8999999999999999,NaN
6431,9.0,2.0,0.6640128350045646,71,0.8875,1508,9264442,0.8999999999999999,NaN
6441,9.0,2.0,0.6639837394322388,71,0.8875,1508,9279522,0.8999999999999999,NaN
6451,9.0,2.0,0.66395614086035,71,0.8875,1508,9294602,0.8999999999999999,NaN
6461,9.0,2.0,0.6639299014228133,71,0.8875,1508,9309682,0.8999999999999999,NaN
6471,9.0,2.0,0.6639049243781844,71,0.8875,1508,9324762,0.8999999999999999,NaN
6481,9.0,2.0,0.6638810804984445,71,0.8875,1509,9339852,0.8999999999999999,NaN
6491,9.0,2.0,0.6638583080390564,71,0.8875,1509,9354942,0.8999999999999999,NaN
6501,9.0,2.0,0.6638365201956866,71,0.8875,1509,9370032,0.8999999999999999,NaN
6511,9.0,2.0,0.6638156434723864,71,0.8875,1509,9385122,0.8999999999999999,NaN
6521,9.0,2.0,0.6637956152664342,71,0.8875,1510,9400216,0.8999999999999999,NaN
6531,9.0,2.0,0.6637763694533795,71,0.8875,1510,9415316,0.8999999999999999,NaN
6541,9.0,2.0,0.6637578669548012,71,0.8875,1510,9430416,0.8999999999999999,NaN
6551,9.0,2.0,0.6637400589694733,71,0.8875,1510,9445516,0.8999999999999999,NaN
6561,9.0,2.0,0.6637228937632511,71,0.8875,1510,9460616,0.8999999999999999,NaN
6571,9.0,2.0,0.6637063276848749,71,0.8875,1511,9475724,0.8999999999999999,NaN
6581,9.0,2.0,0.6636903316169552,71,0.8875,1511,9490834,0.8999999999999999,NaN
6591,9.0,2.0,0.6636748821983256,71,0.8875,1511,9505944,0.8999999999999999,NaN
6601,9.0,2.0,0.6636599320413251,71,0.8875,1511,9521054,0.8999999999999999,NaN
6611,9.0,2.0,0.6636454618966445,71,0.8875,1512,9536166,0.8999999999999999,NaN
6621,9.0,2.0,0.6636314392506895,71,0.8875,1512,9551286,0.8999999999999999,NaN
6631,9.0,2.0,0.6636178434353387,71,0.8875,1512,9566406,0.8999999999999999,NaN
6641,9.0,2.0,0.6636046601978076,71,0.8875,1512,9581526,0.8999999999999999,NaN
6651,9.0,2.0,0.663591858474479,71,0.8875,1512,9596646,0.8999999999999999,NaN
6661,9.0,2.0,0.6635794210332067,71,0.8875,1513,9611771,0.8999999999999999,NaN
6671,9.0,2.0,0.6635673306730745,71,0.8875,1513,9626901,0.8999999999999999,NaN
6681,9.0,2.0,0.6635555706772325,71,0.8875,1513,9642031,0.8999999999999999,NaN
6691,9.0,2.0,0.6635441296109197,71,0.8875,1513,9657161,0.8999999999999999,NaN
6701,9.0,2.0,0.6635329970631907,71,0.8875,1513,9672291,0.8999999999999999,NaN
6711,9.0,2.0,0.6635221448518573,71,0.8875,1514,9687429,0.8999999999999999,NaN
6721,9.0,2.0,0.5487054535845325,70,0.875,1493,9702418,0.8999999999999999,NaN
6731,9.0,2.0,0.5452071883466528,70,0.875,1493,9717348,0.8999999999999999,NaN
6741,9.0,2.0,0.5438860760494995,70,0.875,1493,9732278,0.8999999999999999,NaN
6751,9.0,2.0,0.5431381485610032,70,0.875,1493,9747208,0.8999999999999999,NaN
6761,9.0,2.0,0.5426398423722262,70,0.875,1493,9762138,0.8999999999999999,NaN
6771,9.0,2.0,0.5422775819277289,70,0.875,1494,9777073,0.8999999999999999,NaN
6781,9.0,2.0,0.5419982703827435,70,0.875,1494,9792013,0.8999999999999999,NaN
6791,9.0,2.0,0.5417735674247461,70,0.875,1494,9806953,0.8999999999999999,NaN
6801,9.0,2.0,0.5415880374593446,70,0.875,1494,9821893,0.8999999999999999,NaN
6811,9.0,2.0,0.5414312001005156,70,0.875,1494,9836833,0.8999999999999999,NaN
6821,9.0,2.0,0.5412968984125717,70,0.875,1495,9851779,0.8999999999999999,NaN
6831,9.0,2.0,0.5411797732820124,70,0.875,1495,9866729,0.8999999999999999,NaN
6841,9.0,2.0,0.5410763413166911,70,0.875,1495,9881679,0.8999999999999999,NaN
6851,9.0,2.0,0.5409842094065108,70,0.875,1495,9896629,0.8999999999999999,NaN
6861,9.0,2.0,0.540901429367096,70,0.875,1495,9911579,0.8999999999999999,NaN
6871,9.0,2.0,0.5408264396354767,70,0.875,1496,9926536,0.8999999999999999,NaN
6881,9.0,2.0,0.540758101562329,70,0.875,1496,9941496,0.8999999999999999,NaN
6891,9.0,2.0,0.5406953449261973,70,0.875,1496,9956456,0.8999999999999999,NaN
6901,9.0,2.0,0.5406378922005289,70,0.875,1496,9971416,0.8999999999999999,NaN
6911,9.0,2.0,0.5405847139264415,70,0.875,1496,9986376,0.8999999999999999,NaN
6921,9.0,2.0,0.5405351596771832,70,0.875,1497,10001344,0.8999999999999999,NaN
6931,9.0,2.0,0.5404889572680986,70,0.875,1497,10016314,0.8999999999999999,NaN
6941,9.0,2.0,0.540445923465144,70,0.875,1497,10031284,0.8999999999999999,NaN
6951,9.0,2.0,0.5404055089486819,70,0.875,1497,10046254,0.8999999999999999,NaN
6961,9.0,2.0,0.5403675021751553,70,0.875,1497,10061224,0.8999999999999999,NaN
6971,9.0,2.0,0.540331613372985,70,0.875,1498,10076203,0.8999999999999999,NaN
6981,9.0,2.0,0.5402976815789128,70,0.875,1498,10091183,0.8999999999999999,NaN
6991,9.0,2.0,0.5402655762962726,70,0.875,1498,10106163,0.8999999999999999,NaN
7001,9.0,2.0,0.5402350619940655,70,0.875,1498,10121143,0.8999999999999999,NaN
7011,9.0,2.0,0.5402061295959034,70,0.875,1498,10136123,0.8999999999999999,NaN
7021,9.0,2.0,0.5401785370965579,70,0.875,1499,10151112,0.8999999999999999,NaN
7031,9.0,2.0,0.5401521673140752,70,0.875,1499,10166102,0.8999999999999999,NaN
7041,9.0,2.0,0.540127056325427,70,0.875,1499,10181092,0.8999999999999999,NaN
7051,9.0,2.0,0.5401030059697998,70,0.875,1499,10196082,0.8999999999999999,NaN
7061,9.0,2.0,0.5400799267923021,70,0.875,1499,10211072,0.8999999999999999,NaN
7071,9.0,2.0,0.5400577703155776,70,0.875,1500,10226070,0.8999999999999999,NaN
7081,9.0,2.0,0.5400365839352187,70,0.875,1500,10241070,0.8999999999999999,NaN
7091,9.0,2.0,0.5400161981659042,70,0.875,1500,10256070,0.8999999999999999,NaN
7101,9.0,2.0,0.5399965650818742,70,0.875,1500,10271070,0.8999999999999999,NaN
7111,9.0,2.0,0.5399776683275017,70,0.875,1500,10286070,0.8999999999999999,NaN
7121,9.0,2.0,0.5399593891157357,70,0.875,1501,10301078,0.8999999999999999,NaN
7131,9.0,2.0,0.5399417609302021,70,0.875,1501,10316088,0.8999999999999999,NaN
7141,9.0,2.0,0.5399247326524607,70,0.875,1501,10331098,0.8999999999999999,NaN
7151,9.0,2.0,0.5399082821167707,70,0.875,1501,10346108,0.8999999999999999,NaN
7161,9.0,2.0,0.5398923283202739,70,0.875,1501,10361118,0.8999999999999999,NaN
7171,9.0,2.0,0.5398769241307602,70,0.875,1502,10376135,0.8999999999999999,NaN
7181,9.0,2.0,0.5398619966724512,70,0.875,1502,10391155,0.8999999999999999,NaN
7191,9.0,2.0,0.5398475094453976,70,0.875,1502,10406175,0.8999999999999999,NaN
7201,9.0,2.0,0.5398334156066835,70,0.875,1502,10421195,0.8999999999999999,NaN
7211,9.0,2.0,0.539819790670404,70,0.875,1502,10436215,0.8999999999999999,NaN
7221,9.0,2.0,0.539806521502218,70,0.875,1503,10451240,0.8999999999999999,NaN
7231,9.0,2.0,0.5397936511161643,70,0.875,1503,10466270,0.8999999999999999,NaN
7241,9.0,2.0,0.5397811262532402,70,0.875,1503,10481300,0.8999999999999999,NaN
7251,9.0,2.0,0.5397689153242983,70,0.875,1503,10496330,0.8999999999999999,NaN
7261,9.0,2.0,0.5397570151595308,70,0.875,1503,10511360,0.8999999999999999,NaN
7271,9.0,2.0,0.5397454469676275,70,0.875,1504,10526394,0.8999999999999999,NaN
7281,9.0,2.0,0.5397341353307892,70,0.875,1504,10541434,0.8999999999999999,NaN
7291,9.0,2.0,0.5397231394451754,70,0.875,1504,10556474,0.8999999999999999,NaN
7301,9.0,2.0,0.5397124202410475,70,0.875,1504,10571514,0.8999999999999999,NaN
7311,9.0,2.0,0.5397019501029976,70,0.875,1504,10586554,0.8999999999999999,NaN
7321,9.0,2.0,0.5396917016321789,70,0.875,1505,10601596,0.8999999999999999,NaN
7331,9.0,2.0,0.5396817062384434,70,0.875,1505,10616646,0.8999999999999999,NaN
7341,9.0,2.0,0.5396719140668187,70,0.875,1505,10631696,0.8999999999999999,NaN
7351,9.0,2.0,0.5396623590802638,70,0.875,1505,10646746,0.8999999999999999,NaN
7361,9.0,2.0,0.5396530360731331,70,0.875,1505,10661796,0.8999999999999999,NaN
7371,9.0,2.0,0.5396439193750759,70,0.875,1505,10676846,0.8999999999999999,NaN
7381,9.0,2.0,0.5396349877299994,70,0.875,1506,10691905,0.8999999999999999,NaN
7391,9.0,2.0,0.5396262393264964,70,0.875,1506,10706965,0.8999999999999999,NaN
7401,9.0,2.0,0.5396176876275889,70,0.875,1506,10722025,0.8999999999999999,NaN
7411,9.0,2.0,0.5396093151405361,70,0.875,1506,10737085,0.8999999999999999,NaN
7421,9.0,2.0,0.5396010944579113,70,0.875,1506,10752145,0.8999999999999999,NaN
7431,9.0,2.0,0.5395930447922437,70,0.875,1507,10767211,0.8999999999999999,NaN
7441,9.0,2.0,0.5395851385583577,70,0.875,1507,10782281,0.8999999999999999,NaN
7451,9.0,2.0,0.5395774040724124,70,0.875,1507,10797351,0.8999999999999999,NaN
7461,9.0,2.0,0.5395698038148289,70,0.875,1507,10812421,0.8999999999999999,NaN
7471,9.0,2.0,0.5395623546366661,70,0.875,1507,10827491,0.8999999999999999,NaN
7481,9.0,2.0,0.539555028497381,70,0.875,1508,10842564,0.8999999999999999,NaN
7491,9.0,2.0,0.5395478471702291,70,0.875,1508,10857644,0.8999999999999999,NaN
7501,9.0,2.0,0.5395407731273292,70,0.875,1508,10872724,0.8999999999999999,NaN
7511,9.0,2.0,0.5395338537433733,70,0.875,1508,10887804,0.8999999999999999,NaN
7521,9.0,2.0,0.5395270556900004,70,0.875,1508,10902884,0.8999999999999999,NaN
7531,9.0,2.0,0.5395203579580348,70,0.875,1508,10917964,0.8999999999999999,NaN
7541,9.0,2.0,0.539513785901921,70,0.875,1509,10933053,0.8999999999999999,NaN
7551,9.0,2.0,0.5395073315224653,70,0.875,1509,10948143,0.8999999999999999,NaN
7561,9.0,2.0,0.5395009728704296,70,0.875,1509,10963233,0.8999999999999999,NaN
7571,9.0,2.0,0.5394947453469212,70,0.875,1509,10978323,0.8999999999999999,NaN
7581,9.0,2.0,0.5394886135753822,70,0.875,1509,10993413,0.8999999999999999,NaN
7591,9.0,2.0,0.5394825641960745,70,0.875,1510,11008508,0.8999999999999999,NaN
7601,9.0,2.0,0.539476615428325,70,0.875,1510,11023608,0.8999999999999999,NaN
7611,9.0,2.0,0.5394707561125233,70,0.875,1510,11038708,0.8999999999999999,NaN
7621,9.0,2.0,0.539465003626048,70,0.875,1510,11053808,0.8999999999999999,NaN
7631,9.0,2.0,0.5394593326414727,70,0.875,1510,11068908,0.8999999999999999,NaN
7641,9.0,2.0,0.5394537518737671,70,0.875,1511,11084009,0.8999999999999999,NaN
7651,9.0,2.0,0.5394482524647273,70,0.875,1511,11099119,0.8999999999999999,NaN
7661,9.0,2.0,0.5394428351711624,70,0.875,1511,11114229,0.8999999999999999,NaN
7671,9.0,2.0,0.5394375040225666,70,0.875,1511,11129339,0.8999999999999999,NaN
7681,9.0,2.0,0.5394322505818774,70,0.875,1511,11144449,0.8999999999999999,NaN
7691,9.0,2.0,0.5394270756759607,70,0.875,1511,11159559,0.8999999999999999,NaN
7701,9.0,2.0,0.5394219736314735,70,0.875,1512,11174675,0.8999999999999999,NaN
7711,9.0,2.0,0.5394169549689828,70,0.875,1512,11189795,0.8999999999999999,NaN
7721,9.0,2.0,0.5394119944693019,70,0.875,1512,11204915,0.8999999999999999,NaN
7731,9.0,2.0,0.539407104417713,70,0.875,1512,11220035,0.8999999999999999,NaN
7741,9.0,2.0,0.539402295317177,70,0.875,1512,11235155,0.8999999999999999,NaN
7751,9.0,2.0,0.539397533784282,70,0.875,1513,11250276,0.8999999999999999,NaN
7761,9.0,2.0,0.5393928327954141,70,0.875,1513,11265406,0.8999999999999999,NaN
7771,9.0,2.0,0.5393882145315891,70,0.875,1513,11280536,0.8999999999999999,NaN
7781,9.0,2.0,0.5393836513218199,70,0.875,1513,11295666,0.8999999999999999,NaN
7791,9.0,2.0,0.5393791443487916,70,0.875,1513,11310796,0.8999999999999999,NaN
7801,9.0,2.0,0.5393746903914305,70,0.875,1513,11325926,0.8999999999999999,NaN
7811,9.0,2.0,0.5393703019163656,70,0.875,1514,11341062,0.8999999999999999,NaN
7821,9.0,2.0,0.5393659728546931,70,0.875,1514,11356202,0.8999999999999999,NaN
7831,9.0,2.0,0.5393616915474018,70,0.875,1514,11371342,0.8999999999999999,NaN
7841,9.0,2.0,0.5393574749241267,70,0.875,1514,11386482,0.8999999999999999,NaN
7851,9.0,2.0,0.5393533065633047,70,0.875,1514,11401622,0.8999999999999999,NaN
7861,9.0,2.0,0.5393491870688678,70,0.875,1514,11416762,0.8999999999999999,NaN
7871,9.0,2.0,0.5393451089611413,70,0.875,1515,11431912,0.8999999999999999,NaN
7881,9.0,2.0,0.5393410787575699,70,0.875,1515,11447062,0.8999999999999999,NaN
7891,9.0,2.0,0.5393371108961866,70,0.875,1515,11462212,0.8999999999999999,NaN
7901,9.0,2.0,0.5393331852830713,70,0.875,1515,11477362,0.8999999999999999,NaN
7911,9.0,2.0,0.5393293186082151,70,0.875,1515,11492512,0.8999999999999999,NaN
7921,9.0,2.0,0.539325492602335,70,0.875,1516,11507665,0.8999999999999999,NaN
7931,9.0,2.0,0.5393217028506296,70,0.875,1516,11522825,0.8999999999999999,NaN
7941,9.0,2.0,0.5393179592725807,70,0.875,1516,11537985,0.8999999999999999,NaN
7951,9.0,2.0,0.5393142696129714,70,0.875,1516,11553145,0.8999999999999999,NaN
7961,9.0,2.0,0.5393106123454455,70,0.875,1516,11568305,0.8999999999999999,NaN
7971,9.0,2.0,0.5393069920286973,70,0.875,1516,11583465,0.8999999999999999,NaN
7981,9.0,2.0,0.5393034079119859,70,0.875,1517,11598631,0.8999999999999999,NaN
7991,9.0,2.0,0.5392998681291499,70,0.875,1517,11613801,0.8999999999999999,NaN
8001,9.0,2.0,0.5392963659809578,70,0.875,1517,11628971,0.8999999999999999,NaN
8011,9.0,2.0,0.5392929081793718,70,0.875,1517,11644141,0.8999999999999999,NaN
8021,9.0,2.0,0.539289485231172,70,0.875,1517,11659311,0.8999999999999999,NaN
8031,9.0,2.0,0.5392860967573537,70,0.875,1517,11674481,0.8999999999999999,NaN
8041,9.0,2.0,0.5392827491343912,70,0.875,1518,11689660,0.8999999999999999,NaN
8051,9.0,2.0,0.5392794312833442,70,0.875,1518,11704840,0.8999999999999999,NaN
8061,9.0,2.0,0.5392761487196275,70,0.875,1518,11720020,0.8999999999999999,NaN
8071,9.0,2.0,0.5392729047728295,70,0.875,1518,11735200,0.8999999999999999,NaN
8081,9.0,2.0,0.4233020444942198,69,0.8625,1497,11750191,0.8999999999999999,NaN
8091,9.0,2.0,0.4206073298227018,69,0.8625,1497,11765161,0.8999999999999999,NaN
8101,9.0,2.0,0.419455347866985,69,0.8625,1497,11780131,0.8999999999999999,NaN
8111,9.0,2.0,0.4187727982286337,69,0.8625,1497,11795101,0.8999999999999999,NaN
8121,9.0,2.0,0.4183079347404847,69,0.8625,1497,11810071,0.8999999999999999,NaN
8131,9.0,2.0,0.41796660472882313,69,0.8625,1498,11825042,0.8999999999999999,NaN
8141,9.0,2.0,0.41770029876669845,69,0.8625,1498,11840022,0.8999999999999999,NaN
8151,9.0,2.0,0.41748611849250006,69,0.8625,1498,11855002,0.8999999999999999,NaN
8161,9.0,2.0,0.4173080153576955,69,0.8625,1498,11869982,0.8999999999999999,NaN
8171,9.0,2.0,0.4171571011885044,69,0.8625,1498,11884962,0.8999999999999999,NaN
8181,9.0,2.0,0.41702718113796966,69,0.8625,1498,11899942,0.8999999999999999,NaN
8191,9.0,2.0,0.4169139553463069,69,0.8625,1499,11914924,0.8999999999999999,NaN
8201,9.0,2.0,0.41681399960591836,69,0.8625,1499,11929914,0.8999999999999999,NaN
8211,9.0,2.0,0.4167247783506715,69,0.8625,1499,11944904,0.8999999999999999,NaN
8221,9.0,2.0,0.41664447199237,69,0.8625,1499,11959894,0.8999999999999999,NaN
8231,9.0,2.0,0.41657173825316257,69,0.8625,1499,11974884,0.8999999999999999,NaN
8241,9.0,2.0,0.4165052405021462,69,0.8625,1499,11989874,0.8999999999999999,NaN
8251,9.0,2.0,0.41644440690041107,69,0.8625,1500,12004867,0.8999999999999999,NaN
8261,9.0,2.0,0.4163883230587889,69,0.8625,1500,12019867,0.8999999999999999,NaN
8271,9.0,2.0,0.4163364492592957,69,0.8625,1500,12034867,0.8999999999999999,NaN
8281,9.0,2.0,0.4162883236851035,69,0.8625,1500,12049867,0.8999999999999999,NaN
8291,9.0,2.0,0.41624342523620605,69,0.8625,1500,12064867,0.8999999999999999,NaN
8301,9.0,2.0,0.41620141239879793,69,0.8625,1500,12079867,0.8999999999999999,NaN
8311,9.0,2.0,0.4161621064020308,69,0.8625,1501,12094870,0.8999999999999999,NaN
8321,9.0,2.0,0.4161249331426406,69,0.8625,1501,12109880,0.8999999999999999,NaN
8331,9.0,2.0,0.416090075543912,69,0.8625,1501,12124890,0.8999999999999999,NaN
8341,9.0,2.0,0.4160569801316375,69,0.8625,1501,12139900,0.8999999999999999,NaN
8351,9.0,2.0,0.41602580230379554,69,0.8625,1501,12154910,0.8999999999999999,NaN
8361,9.0,2.0,0.4159961382475365,69,0.8625,1501,12169920,0.8999999999999999,NaN
8371,9.0,2.0,0.4159678614689012,69,0.8625,1502,12184932,0.8999999999999999,NaN
8381,9.0,2.0,0.41594097383363743,69,0.8625,1502,12199952,0.8999999999999999,NaN
8391,9.0,2.0,0.4159154423516765,69,0.8625,1502,12214972,0.8999999999999999,NaN
8401,9.0,2.0,0.41589096944828857,69,0.8625,1502,12229992,0.8999999999999999,NaN
8411,9.0,2.0,0.415867602766195,69,0.8625,1502,12245012,0.8999999999999999,NaN
8421,9.0,2.0,0.4158451742391186,69,0.8625,1502,12260032,0.8999999999999999,NaN
8431,9.0,2.0,0.4158237109474542,69,0.8625,1503,12275053,0.8999999999999999,NaN
8441,9.0,2.0,0.41580305556107405,69,0.8625,1503,12290083,0.8999999999999999,NaN
8451,9.0,2.0,0.4157832124272728,69,0.8625,1503,12305113,0.8999999999999999,NaN
8461,9.0,2.0,0.41576412328683165,69,0.8625,1503,12320143,0.8999999999999999,NaN
8471,9.0,2.0,0.41574568423733826,69,0.8625,1503,12335173,0.8999999999999999,NaN
8481,9.0,2.0,0.41572797458143185,69,0.8625,1503,12350203,0.8999999999999999,NaN
8491,9.0,2.0,0.4157108969918121,69,0.8625,1503,12365233,0.8999999999999999,NaN
8501,9.0,2.0,0.41569435907126195,69,0.8625,1504,12380273,0.8999999999999999,NaN
8511,9.0,2.0,0.41567840776495074,69,0.8625,1504,12395313,0.8999999999999999,NaN
8521,9.0,2.0,0.4156629612939612,69,0.8625,1504,12410353,0.8999999999999999,NaN
8531,9.0,2.0,0.41564801952315633,69,0.8625,1504,12425393,0.8999999999999999,NaN
8541,9.0,2.0,0.4156335434976917,69,0.8625,1504,12440433,0.8999999999999999,NaN
8551,9.0,2.0,0.41561950027435335,69,0.8625,1504,12455473,0.8999999999999999,NaN
8561,9.0,2.0,0.4156058641971666,69,0.8625,1505,12470521,0.8999999999999999,NaN
8571,9.0,2.0,0.4155926605060346,69,0.8625,1505,12485571,0.8999999999999999,NaN
8581,9.0,2.0,0.4155798160427621,69,0.8625,1505,12500621,0.8999999999999999,NaN
8591,9.0,2.0,0.4155673192494695,69,0.8625,1505,12515671,0.8999999999999999,NaN
8601,9.0,2.0,0.4155552020915502,69,0.8625,1505,12530721,0.8999999999999999,NaN
8611,9.0,2.0,0.4155434064982127,69,0.8625,1505,12545771,0.8999999999999999,NaN
8621,9.0,2.0,0.41553191499463243,69,0.8625,1506,12560827,0.8999999999999999,NaN
8631,9.0,2.0,0.41552075143422185,69,0.8625,1506,12575887,0.8999999999999999,NaN
8641,9.0,2.0,0.4155098427513666,69,0.8625,1506,12590947,0.8999999999999999,NaN
8651,9.0,2.0,0.41549921437187914,69,0.8625,1506,12606007,0.8999999999999999,NaN
8661,9.0,2.0,0.41548882857948755,69,0.8625,1506,12621067,0.8999999999999999,NaN
8671,9.0,2.0,0.41547872175041645,69,0.8625,1506,12636127,0.8999999999999999,NaN
8681,9.0,2.0,0.41546881810419034,69,0.8625,1507,12651191,0.8999999999999999,NaN
8691,9.0,2.0,0.41545918811525484,69,0.8625,1507,12666261,0.8999999999999999,NaN
8701,9.0,2.0,0.4154497700624603,69,0.8625,1507,12681331,0.8999999999999999,NaN
8711,9.0,2.0,0.4154405473799006,69,0.8625,1507,12696401,0.8999999999999999,NaN
8721,9.0,2.0,0.41543156271534104,69,0.8625,1507,12711471,0.8999999999999999,NaN
8731,9.0,2.0,0.415422761371209,69,0.8625,1507,12726541,0.8999999999999999,NaN
8741,9.0,2.0,0.4154141504704114,69,0.8625,1507,12741611,0.8999999999999999,NaN
8751,9.0,2.0,0.4154057249941764,69,0.8625,1508,12756691,0.8999999999999999,NaN
8761,9.0,2.0,0.41539746506965536,69,0.8625,1508,12771771,0.8999999999999999,NaN
8771,9.0,2.0,0.4153893905630673,69,0.8625,1508,12786851,0.8999999999999999,NaN
8781,9.0,2.0,0.415381479203221,69,0.8625,1508,12801931,0.8999999999999999,NaN
8791,9.0,2.0,0.41537372576089415,69,0.8625,1508,12817011,0.8999999999999999,NaN
8801,9.0,2.0,0.4153661425107506,69,0.8625,1508,12832091,0.8999999999999999,NaN
8811,9.0,2.0,0.4153586709888306,69,0.8625,1509,12847178,0.8999999999999999,NaN
8821,9.0,2.0,0.41535133226234155,69,0.8625,1509,12862268,0.8999999999999999,NaN
8831,9.0,2.0,0.4153441723082687,69,0.8625,1509,12877358,0.8999999999999999,NaN
8841,9.0,2.0,0.41533712944172263,69,0.8625,1509,12892448,0.8999999999999999,NaN
8851,9.0,2.0,0.41533025924785855,69,0.8625,1509,12907538,0.8999999999999999,NaN
8861,9.0,2.0,0.41532348702768546,69,0.8625,1509,12922628,0.8999999999999999,NaN
8871,9.0,2.0,0.415316837081421,69,0.8625,1510,12937721,0.8999999999999999,NaN
8881,9.0,2.0,0.41531029818703413,69,0.8625,1510,12952821,0.8999999999999999,NaN
8891,9.0,2.0,0.4153038557431027,69,0.8625,1510,12967921,0.8999999999999999,NaN
8901,9.0,2.0,0.41529754842539857,69,0.8625,1510,12983021,0.8999999999999999,NaN
8911,9.0,2.0,0.4152913681033338,69,0.8625,1510,12998121,0.8999999999999999,NaN
8921,9.0,2.0,0.4152852790332755,69,0.8625,1510,13013221,0.8999999999999999,NaN
8931,9.0,2.0,0.4152792980715117,69,0.8625,1510,13028321,0.8999999999999999,NaN
8941,9.0,2.0,0.41527341711294274,69,0.8625,1511,13043429,0.8999999999999999,NaN
8951,9.0,2.0,0.4152676198507603,69,0.8625,1511,13058539,0.8999999999999999,NaN
8961,9.0,2.0,0.41526193319206184,69,0.8625,1511,13073649,0.8999999999999999,NaN
8971,9.0,2.0,0.41525631862082407,69,0.8625,1511,13088759,0.8999999999999999,NaN
8981,9.0,2.0,0.4152507999604868,69,0.8625,1511,13103869,0.8999999999999999,NaN
8991,9.0,2.0,0.41524537382555726,69,0.8625,1511,13118979,0.8999999999999999,NaN
9001,9.0,2.0,0.41524003555916744,69,0.8625,1512,13134092,0.8999999999999999,NaN
9011,9.0,2.0,0.41523476940302506,69,0.8625,1512,13149212,0.8999999999999999,NaN
9021,9.0,2.0,0.41522958446868924,69,0.8625,1512,13164332,0.8999999999999999,NaN
9031,9.0,2.0,0.4152244808003441,69,0.8625,1512,13179452,0.8999999999999999,NaN
9041,9.0,2.0,0.41521944759280494,69,0.8625,1512,13194572,0.8999999999999999,NaN
9051,9.0,2.0,0.4152145001696632,69,0.8625,1512,13209692,0.8999999999999999,NaN
9061,9.0,2.0,0.41520961190564687,69,0.8625,1512,13224812,0.8999999999999999,NaN
9071,9.0,2.0,0.415204792659162,69,0.8625,1513,13239940,0.8999999999999999,NaN
9081,9.0,2.0,0.4152000509404042,69,0.8625,1513,13255070,0.8999999999999999,NaN
9091,9.0,2.0,0.41519537364032005,69,0.8625,1513,13270200,0.8999999999999999,NaN
9101,9.0,2.0,0.41519076869452426,69,0.8625,1513,13285330,0.8999999999999999,NaN
9111,9.0,2.0,0.41518622662295296,69,0.8625,1513,13300460,0.8999999999999999,NaN
9121,9.0,2.0,0.4151817367163925,69,0.8625,1513,13315590,0.8999999999999999,NaN
9131,9.0,2.0,0.4151773032180457,69,0.8625,1514,13330722,0.8999999999999999,NaN
9141,9.0,2.0,0.4151729446891876,69,0.8625,1514,13345862,0.8999999999999999,NaN
9151,9.0,2.0,0.41516863949317556,69,0.8625,1514,13361002,0.8999999999999999,NaN
9161,9.0,2.0,0.41516439019399975,69,0.8625,1514,13376142,0.8999999999999999,NaN
9171,9.0,2.0,0.41516019394607406,69,0.8625,1514,13391282,0.8999999999999999,NaN
9181,9.0,2.0,0.4151560551086935,69,0.8625,1514,13406422,0.8999999999999999,NaN
9191,9.0,2.0,0.41515197164126033,69,0.8625,1514,13421562,0.8999999999999999,NaN
9201,9.0,2.0,0.41514792929469835,69,0.8625,1515,13436708,0.8999999999999999,NaN
9211,9.0,2.0,0.4151439432101176,69,0.8625,1515,13451858,0.8999999999999999,NaN
9221,9.0,2.0,0.41514000512640675,69,0.8625,1515,13467008,0.8999999999999999,NaN
9231,9.0,2.0,0.4151361318384451,69,0.8625,1515,13482158,0.8999999999999999,NaN
9241,9.0,2.0,0.41513229239627425,69,0.8625,1515,13497308,0.8999999999999999,NaN
9251,9.0,2.0,0.4151285006650867,69,0.8625,1515,13512458,0.8999999999999999,NaN
9261,9.0,2.0,0.41512477225900213,69,0.8625,1515,13527608,0.8999999999999999,NaN
9271,9.0,2.0,0.4151210789324605,69,0.8625,1516,13542767,0.8999999999999999,NaN
9281,9.0,2.0,0.4151174249192933,69,0.8625,1516,13557927,0.8999999999999999,NaN
9291,9.0,2.0,0.4151138125637333,69,0.8625,1516,13573087,0.8999999999999999,NaN
9301,9.0,2.0,0.4151102317166542,69,0.8625,1516,13588247,0.8999999999999999,NaN
9311,9.0,2.0,0.4151067009699145,69,0.8625,1516,13603407,0.8999999999999999,NaN
9321,9.0,2.0,0.4151032249722249,69,0.8625,1516,13618567,0.8999999999999999,NaN
9331,9.0,2.0,0.4150997799007957,69,0.8625,1517,13633728,0.8999999999999999,NaN
9341,9.0,2.0,0.415096364477667,69,0.8625,1517,13648898,0.8999999999999999,NaN
9351,9.0,2.0,0.41509299201014693,69,0.8625,1517,13664068,0.8999999999999999,NaN
9361,9.0,2.0,0.4150896501264678,69,0.8625,1517,13679238,0.8999999999999999,NaN
9371,9.0,2.0,0.415086350403572,69,0.8625,1517,13694408,0.8999999999999999,NaN
9381,9.0,2.0,0.4150830945999961,69,0.8625,1517,13709578,0.8999999999999999,NaN
9391,9.0,2.0,0.41507987022694887,69,0.8625,1517,13724748,0.8999999999999999,NaN
9401,9.0,2.0,0.4150766752672042,69,0.8625,1518,13739921,0.8999999999999999,NaN
9411,9.0,2.0,0.41507352120059604,69,0.8625,1518,13755101,0.8999999999999999,NaN
9421,9.0,2.0,0.41507039451879046,69,0.8625,1518,13770281,0.8999999999999999,NaN
9431,9.0,2.0,0.3261224436285438,68,0.85,1496,13785373,0.8999999999999999,NaN
9441,9.0,2.0,0.32117543101759904,68,0.85,1496,13800333,0.8999999999999999,NaN
9451,9.0,2.0,0.31979590624888427,68,0.85,1496,13815293,0.8999999999999999,NaN
9461,9.0,2.0,0.31907400520325885,68,0.85,1496,13830253,0.8999999999999999,NaN
9471,9.0,2.0,0.3186108808121169,68,0.85,1497,13845218,0.8999999999999999,NaN
9481,9.0,2.0,0.31828106329721345,68,0.85,1497,13860188,0.8999999999999999,NaN
9491,9.0,2.0,0.31803062531796095,68,0.85,1497,13875158,0.8999999999999999,NaN
9501,9.0,2.0,0.31783196632166627,68,0.85,1497,13890128,0.8999999999999999,NaN
9511,9.0,2.0,0.31766927266708145,68,0.85,1497,13905098,0.8999999999999999,NaN
9521,9.0,2.0,0.31753280463028194,68,0.85,1497,13920068,0.8999999999999999,NaN
9531,9.0,2.0,0.31741614470690604,68,0.85,1497,13935038,0.8999999999999999,NaN
9541,9.0,2.0,0.3173148717545924,68,0.85,1498,13950013,0.8999999999999999,NaN
9551,9.0,2.0,0.3172258134034587,68,0.85,1498,13964993,0.8999999999999999,NaN
9561,9.0,2.0,0.31714673498794965,68,0.85,1498,13979973,0.8999999999999999,NaN
9571,9.0,2.0,0.3170758733821526,68,0.85,1498,13994953,0.8999999999999999,NaN
9581,9.0,2.0,0.3170118701441497,68,0.85,1498,14009933,0.8999999999999999,NaN
9591,9.0,2.0,0.31695368809452956,68,0.85,1498,14024913,0.8999999999999999,NaN
9601,9.0,2.0,0.31690047211749406,68,0.85,1498,14039893,0.8999999999999999,NaN
9611,9.0,2.0,0.3168515469235239,68,0.85,1499,14054878,0.8999999999999999,NaN
9621,9.0,2.0,0.3168063518041886,68,0.85,1499,14069868,0.8999999999999999,NaN
9631,9.0,2.0,0.3167644447333591,68,0.85,1499,14084858,0.8999999999999999,NaN
9641,9.0,2.0,0.316725431444028,68,0.85,1499,14099848,0.8999999999999999,NaN
9651,9.0,2.0,0.31668900435822295,68,0.85,1499,14114838,0.8999999999999999,NaN
9661,9.0,2.0,0.3166548656972123,68,0.85,1499,14129828,0.8999999999999999,NaN
9671,9.0,2.0,0.31662279412032257,68,0.85,1499,14144818,0.8999999999999999,NaN
9681,9.0,2.0,0.31659257354905124,68,0.85,1500,14159812,0.8999999999999999,NaN
9691,9.0,2.0,0.31656403239130443,68,0.85,1500,14174812,0.8999999999999999,NaN
9701,9.0,2.0,0.3165370200141172,68,0.85,1500,14189812,0.8999999999999999,NaN
9711,9.0,2.0,0.3165114156776646,68,0.85,1500,14204812,0.8999999999999999,NaN
9721,9.0,2.0,0.3164870836963147,68,0.85,1500,14219812,0.8999999999999999,NaN
9731,9.0,2.0,0.31646392421997654,68,0.85,1500,14234812,0.8999999999999999,NaN
9741,9.0,2.0,0.31644185355500987,68,0.85,1500,14249812,0.8999999999999999,NaN
9751,9.0,2.0,0.3164207688285035,68,0.85,1501,14264814,0.8999999999999999,NaN
9761,9.0,2.0,0.3164006003760195,68,0.85,1501,14279824,0.8999999999999999,NaN
9771,9.0,2.0,0.3163812932038829,68,0.85,1501,14294834,0.8999999999999999,NaN
9781,9.0,2.0,0.316362770572032,68,0.85,1501,14309844,0.8999999999999999,NaN
9791,9.0,2.0,0.3163449964363502,68,0.85,1501,14324854,0.8999999999999999,NaN
9801,9.0,2.0,0.31632791786697056,68,0.85,1501,14339864,0.8999999999999999,NaN
9811,9.0,2.0,0.3163114844181252,68,0.85,1501,14354874,0.8999999999999999,NaN
9821,9.0,2.0,0.3162956649209351,68,0.85,1502,14369885,0.8999999999999999,NaN
9831,9.0,2.0,0.3162804068838154,68,0.85,1502,14384905,0.8999999999999999,NaN
9841,9.0,2.0,0.3162656855286722,68,0.85,1502,14399925,0.8999999999999999,NaN
9851,9.0,2.0,0.3162514518313739,68,0.85,1502,14414945,0.8999999999999999,NaN
9861,9.0,2.0,0.3162377007083493,68,0.85,1502,14429965,0.8999999999999999,NaN
9871,9.0,2.0,0.31622440042019645,68,0.85,1502,14444985,0.8999999999999999,NaN
9881,9.0,2.0,0.3162115295410787,68,0.85,1502,14460005,0.8999999999999999,NaN
9891,9.0,2.0,0.3161990546712198,68,0.85,1502,14475025,0.8999999999999999,NaN
9901,9.0,2.0,0.3161869627618948,68,0.85,1503,14490053,0.8999999999999999,NaN
9911,9.0,2.0,0.31617522314971624,68,0.85,1503,14505083,0.8999999999999999,NaN
9921,9.0,2.0,0.3161638313007063,68,0.85,1503,14520113,0.8999999999999999,NaN
9931,9.0,2.0,0.31615276011511806,68,0.85,1503,14535143,0.8999999999999999,NaN
9941,9.0,2.0,0.3161420040202815,68,0.85,1503,14550173,0.8999999999999999,NaN
9951,9.0,2.0,0.31613154073393385,68,0.85,1503,14565203,0.8999999999999999,NaN
9961,9.0,2.0,0.3161213645295718,68,0.85,1503,14580233,0.8999999999999999,NaN
9971,9.0,2.0,0.3161114478711915,68,0.85,1504,14595268,0.8999999999999999,NaN
9981,9.0,2.0,0.3161017828813586,68,0.85,1504,14610308,0.8999999999999999,NaN
9991,9.0,2.0,0.31609237398788503,68,0.85,1504,14625348,0.8999999999999999,NaN
10001,9.0,2.0,0.316083199768898,68,0.85,1504,14640388,0.8999999999999999,NaN
10011,9.0,2.0,0.3160742453953668,68,0.85,1504,14655428,0.8999999999999999,NaN
10021,9.0,2.0,0.316065503595225,68,0.85,1504,14670468,0.8999999999999999,NaN
10031,9.0,2.0,0.3160569775085117,68,0.85,1504,14685508,0.8999999999999999,NaN
10041,9.0,2.0,0.3160486567486687,68,0.85,1505,14700549,0.8999999999999999,NaN
10051,9.0,2.0,0.3160405178028193,68,0.85,1505,14715599,0.8999999999999999,NaN
10061,9.0,2.0,0.3160325608418989,68,0.85,1505,14730649,0.8999999999999999,NaN
10071,9.0,2.0,0.3160247793310352,68,0.85,1505,14745699,0.8999999999999999,NaN
10081,9.0,2.0,0.3160171673495099,68,0.85,1505,14760749,0.8999999999999999,NaN
10091,9.0,2.0,0.31600972936078026,68,0.85,1505,14775799,0.8999999999999999,NaN
10101,9.0,2.0,0.3160024371723073,68,0.85,1505,14790849,0.8999999999999999,NaN
10111,9.0,2.0,0.31599529772514473,68,0.85,1505,14805899,0.8999999999999999,NaN
10121,9.0,2.0,0.31598830742962825,68,0.85,1506,14820956,0.8999999999999999,NaN
10131,9.0,2.0,0.3159814553639855,68,0.85,1506,14836016,0.8999999999999999,NaN
10141,9.0,2.0,0.31597473281243543,68,0.85,1506,14851076,0.8999999999999999,NaN
10151,9.0,2.0,0.31596814799664835,68,0.85,1506,14866136,0.8999999999999999,NaN
10161,9.0,2.0,0.31596168177935746,68,0.85,1506,14881196,0.8999999999999999,NaN
10171,9.0,2.0,0.31595534984725704,68,0.85,1506,14896256,0.8999999999999999,NaN
10181,9.0,2.0,0.3159491325806461,68,0.85,1506,14911316,0.8999999999999999,NaN
10191,9.0,2.0,0.3159430355327977,68,0.85,1507,14926379,0.8999999999999999,NaN
10201,9.0,2.0,0.31593704445601717,68,0.85,1507,14941449,0.8999999999999999,NaN
10211,9.0,2.0,0.31593115942261546,68,0.85,1507,14956519,0.8999999999999999,NaN
10221,9.0,2.0,0.3159253843315465,68,0.85,1507,14971589,0.8999999999999999,NaN
10231,9.0,2.0,0.31591970540967057,68,0.85,1507,14986659,0.8999999999999999,NaN
10241,9.0,2.0,0.31591412490353715,68,0.85,1507,15001729,0.8999999999999999,NaN
10251,9.0,2.0,0.31590863895981247,68,0.85,1507,15016799,0.8999999999999999,NaN
10261,9.0,2.0,0.31590324852169077,68,0.85,1507,15031869,0.8999999999999999,NaN
10271,9.0,2.0,0.3158979452606375,68,0.85,1508,15046947,0.8999999999999999,NaN
10281,9.0,2.0,0.3158927305237426,68,0.85,1508,15062027,0.8999999999999999,NaN
10291,9.0,2.0,0.3158875929579241,68,0.85,1508,15077107,0.8999999999999999,NaN
10301,9.0,2.0,0.31588255206072746,68,0.85,1508,15092187,0.8999999999999999,NaN
10311,9.0,2.0,0.31587758362751506,68,0.85,1508,15107267,0.8999999999999999,NaN
10321,9.0,2.0,0.3158726986669465,68,0.85,1508,15122347,0.8999999999999999,NaN
10331,9.0,2.0,0.315867881073986,68,0.85,1508,15137427,0.8999999999999999,NaN
10341,9.0,2.0,0.315863148506722,68,0.85,1509,15152509,0.8999999999999999,NaN
10351,9.0,2.0,0.3158584754900885,68,0.85,1509,15167599,0.8999999999999999,NaN
10361,9.0,2.0,0.31585387675076193,68,0.85,1509,15182689,0.8999999999999999,NaN
10371,9.0,2.0,0.315849346171598,68,0.85,1509,15197779,0.8999999999999999,NaN
10381,9.0,2.0,0.31584488352276546,68,0.85,1509,15212869,0.8999999999999999,NaN
10391,9.0,2.0,0.315840487644945,68,0.85,1509,15227959,0.8999999999999999,NaN
10401,9.0,2.0,0.31583615721237357,68,0.85,1509,15243049,0.8999999999999999,NaN
10411,9.0,2.0,0.3158318838139042,68,0.85,1509,15258139,0.8999999999999999,NaN
10421,9.0,2.0,0.31582767039625276,68,0.85,1510,15273234,0.8999999999999999,NaN
10431,9.0,2.0,0.31582350094622025,68,0.85,1510,15288334,0.8999999999999999,NaN
10441,9.0,2.0,0.315819397290483,68,0.85,1510,15303434,0.8999999999999999,NaN
10451,9.0,2.0,0.3158153567021592,68,0.85,1510,15318534,0.8999999999999999,NaN
10461,9.0,2.0,0.31581136721062786,68,0.85,1510,15333634,0.8999999999999999,NaN
10471,9.0,2.0,0.31580743622267593,68,0.85,1510,15348734,0.8999999999999999,NaN
10481,9.0,2.0,0.3158035556471588,68,0.85,1510,15363834,0.8999999999999999,NaN
10491,9.0,2.0,0.31579972014944846,68,0.85,1510,15378934,0.8999999999999999,NaN
10501,9.0,2.0,0.31579593523635036,68,0.85,1511,15394043,0.8999999999999999,NaN
10511,9.0,2.0,0.31579219600509345,68,0.85,1511,15409153,0.8999999999999999,NaN
10521,9.0,2.0,0.31578850778398954,68,0.85,1511,15424263,0.8999999999999999,NaN
10531,9.0,2.0,0.31578486739097406,68,0.85,1511,15439373,0.8999999999999999,NaN
10541,9.0,2.0,0.3157812694768881,68,0.85,1511,15454483,0.8999999999999999,NaN
10551,9.0,2.0,0.31577772336514165,68,0.85,1511,15469593,0.8999999999999999,NaN
10561,9.0,2.0,0.31577421340235723,68,0.85,1511,15484703,0.8999999999999999,NaN
10571,9.0,2.0,0.31577075068717053,68,0.85,1512,15499814,0.8999999999999999,NaN
10581,9.0,2.0,0.3157673248682957,68,0.85,1512,15514934,0.8999999999999999,NaN
10591,9.0,2.0,0.31576393777764505,68,0.85,1512,15530054,0.8999999999999999,NaN
10601,9.0,2.0,0.3157605929055811,68,0.85,1512,15545174,0.8999999999999999,NaN
10611,9.0,2.0,0.3157572884935027,68,0.85,1512,15560294,0.8999999999999999,NaN
10621,9.0,2.0,0.3157540180938,68,0.85,1512,15575414,0.8999999999999999,NaN
10631,9.0,2.0,0.3157507862342649,68,0.85,1512,15590534,0.8999999999999999,NaN
10641,9.0,2.0,0.31574759575237343,68,0.85,1512,15605654,0.8999999999999999,NaN
10651,9.0,2.0,0.315744436948422,68,0.85,1513,15620777,0.8999999999999999,NaN
10661,9.0,2.0,0.3157413112443885,68,0.85,1513,15635907,0.8999999999999999,NaN
10671,9.0,2.0,0.31573822786493644,68,0.85,1513,15651037,0.8999999999999999,NaN
10681,9.0,2.0,0.31573517683893604,68,0.85,1513,15666167,0.8999999999999999,NaN
10691,9.0,2.0,0.31573215705351043,68,0.85,1513,15681297,0.8999999999999999,NaN
10701,9.0,2.0,0.31572917777566706,68,0.85,1513,15696427,0.8999999999999999,NaN
10711,9.0,2.0,0.3157262269971849,68,0.85,1513,15711557,0.8999999999999999,NaN
10721,9.0,2.0,0.3157233037280433,68,0.85,1513,15726687,0.8999999999999999,NaN
10731,9.0,2.0,0.31572041275942236,68,0.85,1514,15741822,0.8999999999999999,NaN
10741,9.0,2.0,0.3157175484636916,68,0.85,1514,15756962,0.8999999999999999,NaN
10751,9.0,2.0,0.3157147180785298,68,0.85,1514,15772102,0.8999999999999999,NaN
10761,9.0,2.0,0.3157119229678901,68,0.85,1514,15787242,0.8999999999999999,NaN
10771,9.0,2.0,0.31570914975756703,68,0.85,1514,15802382,0.8999999999999999,NaN
10781,9.0,2.0,0.31570640002452677,68,0.85,1514,15817522,0.8999999999999999,NaN
10791,9.0,2.0,0.31570368574955243,68,0.85,1514,15832662,0.8999999999999999,NaN
10801,9.0,2.0,0.31570099400810187,68,0.85,1514,15847802,0.8999999999999999,NaN
10811,9.0,2.0,0.31569832796714276,68,0.85,1515,15862947,0.8999999999999999,NaN
10821,9.0,2.0,0.31569568994433167,68,0.85,1515,15878097,0.8999999999999999,NaN
10831,9.0,2.0,0.3156930767942521,68,0.85,1515,15893247,0.8999999999999999,NaN
10841,9.0,2.0,0.3156904873890153,68,0.85,1515,15908397,0.8999999999999999,NaN
10851,9.0,2.0,0.31568792478770585,68,0.85,1515,15923547,0.8999999999999999,NaN
10861,9.0,2.0,0.3156853917580454,68,0.85,1515,15938697,0.8999999999999999,NaN
10871,9.0,2.0,0.3156828770107277,68,0.85,1515,15953847,0.8999999999999999,NaN
10881,9.0,2.0,0.31568038903994255,68,0.85,1515,15968997,0.8999999999999999,NaN
10891,9.0,2.0,0.31567793211406947,68,0.85,1516,15984153,0.8999999999999999,NaN
10901,9.0,2.0,0.31567549171684517,68,0.85,1516,15999313,0.8999999999999999,NaN
10911,9.0,2.0,0.3156730784143099,68,0.85,1516,16014473,0.8999999999999999,NaN
10921,9.0,2.0,0.31567067759339307,68,0.85,1516,16029633,0.8999999999999999,NaN
10931,9.0,2.0,0.3156682949425854,68,0.85,1516,16044793,0.8999999999999999,NaN
10941,9.0,2.0,0.31566594021790423,68,0.85,1516,16059953,0.8999999999999999,NaN
10951,9.0,2.0,0.3156636111705159,68,0.85,1516,16075113,0.8999999999999999,NaN
10961,9.0,2.0,0.31566129990930714,68,0.85,1516,16090273,0.8999999999999999,NaN
10971,9.0,2.0,0.31565901130172386,68,0.85,1517,16105438,0.8999999999999999,NaN
10981,9.0,2.0,0.31565673620567863,68,0.85,1517,16120608,0.8999999999999999,NaN
10991,9.0,2.0,0.3156544783933897,68,0.85,1517,16135778,0.8999999999999999,NaN
11001,9.0,2.0,0.3156522391162494,68,0.85,1517,16150948,0.8999999999999999,NaN
11011,9.0,2.0,0.3156500274274357,68,0.85,1517,16166118,0.8999999999999999,NaN
11021,9.0,2.0,0.3156478376474081,68,0.85,1517,16181288,0.8999999999999999,NaN
11031,9.0,2.0,0.3156456570208702,68,0.85,1517,16196458,0.8999999999999999,NaN
11041,9.0,2.0,0.3156434954470217,68,0.85,1517,16211628,0.8999999999999999,NaN
11051,9.0,2.0,0.31564135118799225,68,0.85,1518,16226802,0.8999999999999999,NaN
11061,9.0,2.0,0.3156392235389306,68,0.85,1518,16241982,0.8999999999999999,NaN
11071,9.0,2.0,0.31563711773900904,68,0.85,1518,16257162,0.8999999999999999,NaN
11081,9.0,2.0,0.3156350253945658,68,0.85,1518,16272342,0.8999999999999999,NaN
11091,9.0,2.0,0.3156329564601193,68,0.85,1518,16287522,0.8999999999999999,NaN
11101,9.0,2.0,0.3156309006543336,68,0.85,1518,16302702,0.8999999999999999,NaN
11111,9.0,2.0,0.31562886159896136,68,0.85,1518,16317882,0.8999999999999999,NaN
11121,9.0,2.0,0.31562683844662875,68,0.85,1518,16333062,0.8999999999999999,NaN
11131,9.0,2.0,0.3156248341525293,68,0.85,1519,16348245,0.8999999999999999,NaN
11141,9.0,2.0,0.31562284612174,68,0.85,1519,16363435,0.8999999999999999,NaN
11151,9.0,2.0,0.3156208746579404,68,0.85,1519,16378625,0.8999999999999999,NaN
11161,9.0,2.0,0.31561891354642446,68,0.85,1519,16393815,0.8999999999999999,NaN
11171,9.0,2.0,0.31561697213687506,68,0.85,1519,16409005,0.8999999999999999,NaN
11181,9.0,2.0,0.3156150433914394,68,0.85,1519,16424195,0.8999999999999999,NaN
11191,9.0,2.0,0.31561313251490825,68,0.85,1519,16439385,0.8999999999999999,NaN
11201,9.0,2.0,0.3156112384705485,68,0.85,1519,16454575,0.8999999999999999,NaN
11211,9.0,2.0,0.3156093486588617,68,0.85,1520,16469766,0.8999999999999999,NaN
11221,9.0,2.0,0.3156074794389985,68,0.85,1520,16484966,0.8999999999999999,NaN
11231,9.0,2.0,0.3156056212474564,68,0.85,1520,16500166,0.8999999999999999,NaN
11241,9.0,2.0,0.315603776974265,68,0.85,1520,16515366,0.8999999999999999,NaN
11251,9.0,2.0,0.31560194542646536,68,0.85,1520,16530566,0.8999999999999999,NaN
11261,9.0,2.0,0.31560013337612836,68,0.85,1520,16545766,0.8999999999999999,NaN
11271,9.0,2.0,0.3155983350486748,68,0.85,1520,16560966,0.8999999999999999,NaN
11281,9.0,2.0,0.315596547772077,68,0.85,1520,16576166,0.8999999999999999,NaN
11291,9.0,2.0,0.31559477587366647,68,0.85,1520,16591366,0.8999999999999999,NaN
11301,9.0,2.0,0.31559301003432144,68,0.85,1521,16606574,0.8999999999999999,NaN
11311,9.0,2.0,0.31559126321306263,68,0.85,1521,16621784,0.8999999999999999,NaN
11321,9.0,2.0,0.31558952466287327,68,0.85,1521,16636994,0.8999999999999999,NaN
11331,9.0,2.0,0.3155878008368005,68,0.85,1521,16652204,0.8999999999999999,NaN
11341,9.0,2.0,0.31558609054935555,68,0.85,1521,16667414,0.8999999999999999,NaN
11351,9.0,2.0,0.31558438870046357,68,0.85,1521,16682624,0.8999999999999999,NaN
11361,9.0,2.0,0.3155826990293478,68,0.85,1521,16697834,0.8999999999999999,NaN
11371,9.0,2.0,0.3155810213070951,68,0.85,1521,16713044,0.8999999999999999,NaN
11381,9.0,2.0,0.3155793636061137,68,0.85,1522,16728259,0.8999999999999999,NaN
11391,9.0,2.0,0.3155777103541143,68,0.85,1522,16743479,0.8999999999999999,NaN
11401,9.0,2.0,0.3155760640863325,68,0.85,1522,16758699,0.8999999999999999,NaN
11411,9.0,2.0,0.31557442790336665,68,0.85,1522,16773919,0.8999999999999999,NaN
11421,9.0,2.0,0.3155728081982926,68,0.85,1522,16789139,0.8999999999999999,NaN
11431,9.0,2.0,0.315571196323763,68,0.85,1522,16804359,0.8999999999999999,NaN
11441,9.0,2.0,0.3155696040773272,68,0.85,1522,16819579,0.8999999999999999,NaN
11451,9.0,2.0,0.31556801390478983,68,0.85,1522,16834799,0.8999999999999999,NaN
11461,9.0,2.0,0.3155664321250244,68,0.85,1523,16850020,0.8999999999999999,NaN
11471,9.0,2.0,0.31556486761172076,68,0.85,1523,16865250,0.8999999999999999,NaN
11481,9.0,2.0,0.3155633064327307,68,0.85,1523,16880480,0.8999999999999999,NaN
11491,9.0,2.0,0.3155617638786174,68,0.85,1523,16895710,0.8999999999999999,NaN
11501,9.0,2.0,0.3155602324588565,68,0.85,1523,16910940,0.8999999999999999,NaN
11511,9.0,2.0,0.3155587080109496,68,0.85,1523,16926170,0.8999999999999999,NaN
11521,9.0,2.0,0.31555719223001527,68,0.85,1523,16941400,0.8999999999999999,NaN
11531,9.0,2.0,0.31555569207129847,68,0.85,1523,16956630,0.8999999999999999,NaN
11541,9.0,2.0,0.31555419415379354,68,0.85,1523,16971860,0.8999999999999999,NaN
11551,9.0,2.0,0.3155527020592285,68,0.85,1524,16987096,0.8999999999999999,NaN
11561,9.0,2.0,0.3155512257056174,68,0.85,1524,17002336,0.8999999999999999,NaN
11571,9.0,2.0,0.31554975687634335,68,0.85,1524,17017576,0.8999999999999999,NaN
11581,9.0,2.0,0.31554830321992744,68,0.85,1524,17032816,0.8999999999999999,NaN
11591,9.0,2.0,0.2265819954163737,67,0.8375,1502,17047968,0.10000000000000003,NaN
11601,9.0,2.0,0.22164282685710765,67,0.8375,1502,17062988,0.10000000000000003,NaN
11611,9.0,2.0,0.22026636239649666,67,0.8375,1502,17078008,0.10000000000000003,NaN
11621,9.0,2.0,0.21954584074626196,67,0.8375,1502,17093028,0.10000000000000003,NaN
11631,9.0,2.0,0.2190838448674824,67,0.8375,1502,17108048,0.10000000000000003,NaN
11641,9.0,2.0,0.21875488359187117,67,0.8375,1502,17123068,0.10000000000000003,NaN
11651,9.0,2.0,0.21850511092196387,67,0.8375,1502,17138088,0.10000000000000003,NaN
11661,9.0,2.0,0.218306984755602,67,0.8375,1502,17153108,0.10000000000000003,NaN
11671,9.0,2.0,0.21814470166201322,67,0.8375,1503,17168133,0.10000000000000003,NaN
11681,9.0,2.0,0.21800853791464445,67,0.8375,1503,17183163,0.10000000000000003,NaN
11691,9.0,2.0,0.2178921989847523,67,0.8375,1503,17198193,0.10000000000000003,NaN
11701,9.0,2.0,0.21779121477645372,67,0.8375,1503,17213223,0.10000000000000003,NaN
11711,9.0,2.0,0.21770248926409522,67,0.8375,1503,17228253,0.10000000000000003,NaN
11721,9.0,2.0,0.21762370121609043,67,0.8375,1503,17243283,0.10000000000000003,NaN
11731,9.0,2.0,0.21755308866922096,67,0.8375,1503,17258313,0.10000000000000003,NaN
11741,9.0,2.0,0.21748933806804743,67,0.8375,1503,17273343,0.10000000000000003,NaN
11751,9.0,2.0,0.21743138383136684,67,0.8375,1503,17288373,0.10000000000000003,NaN
11761,9.0,2.0,0.21737838403825518,67,0.8375,1504,17303411,0.10000000000000003,NaN
11771,9.0,2.0,0.21732965895569284,67,0.8375,1504,17318451,0.10000000000000003,NaN
11781,9.0,2.0,0.21728467437990062,67,0.8375,1504,17333491,0.10000000000000003,NaN
11791,9.0,2.0,0.2172429625502918,67,0.8375,1504,17348531,0.10000000000000003,NaN
11801,9.0,2.0,0.21720413973730962,67,0.8375,1504,17363571,0.10000000000000003,NaN
11811,9.0,2.0,0.2171678916830654,67,0.8375,1504,17378611,0.10000000000000003,NaN
11821,9.0,2.0,0.21713393298933537,67,0.8375,1504,17393651,0.10000000000000003,NaN
11831,9.0,2.0,0.2171020249088464,67,0.8375,1504,17408691,0.10000000000000003,NaN
11841,9.0,2.0,0.21707198756917837,67,0.8375,1504,17423731,0.10000000000000003,NaN
11851,9.0,2.0,0.21704360330217232,67,0.8375,1505,17438781,0.10000000000000003,NaN
11861,9.0,2.0,0.2170167530273825,67,0.8375,1505,17453831,0.10000000000000003,NaN
11871,9.0,2.0,0.21699130467193659,67,0.8375,1505,17468881,0.10000000000000003,NaN
11881,9.0,2.0,0.2169671223990474,67,0.8375,1505,17483931,0.10000000000000003,NaN
11891,9.0,2.0,0.2169441087861145,67,0.8375,1505,17498981,0.10000000000000003,NaN
11901,9.0,2.0,0.21692218479267522,67,0.8375,1505,17514031,0.10000000000000003,NaN
11911,9.0,2.0,0.21690125509391295,67,0.8375,1505,17529081,0.10000000000000003,NaN
11921,9.0,2.0,0.216881241226061,67,0.8375,1505,17544131,0.10000000000000003,NaN
11931,9.0,2.0,0.216862086674801,67,0.8375,1506,17559182,0.10000000000000003,NaN
11941,9.0,2.0,0.2168437193619174,67,0.8375,1506,17574242,0.10000000000000003,NaN
11951,9.0,2.0,0.21682608635214162,67,0.8375,1506,17589302,0.10000000000000003,NaN
11961,9.0,2.0,0.21680914074271912,67,0.8375,1506,17604362,0.10000000000000003,NaN
11971,9.0,2.0,0.21679284518507863,67,0.8375,1506,17619422,0.10000000000000003,NaN
11981,9.0,2.0,0.2167771499052039,67,0.8375,1506,17634482,0.10000000000000003,NaN
11991,9.0,2.0,0.21676202134276493,67,0.8375,1506,17649542,0.10000000000000003,NaN
12001,9.0,2.0,0.21674742746788134,67,0.8375,1506,17664602,0.10000000000000003,NaN
12011,9.0,2.0,0.21673333756836208,67,0.8375,1506,17679662,0.10000000000000003,NaN
12021,9.0,2.0,0.2167197326599673,67,0.8375,1507,17694724,0.10000000000000003,NaN
12031,9.0,2.0,0.21670655239513142,67,0.8375,1507,17709794,0.10000000000000003,NaN
12041,9.0,2.0,0.21669379579062178,67,0.8375,1507,17724864,0.10000000000000003,NaN
12051,9.0,2.0,0.2166814366521082,67,0.8375,1507,17739934,0.10000000000000003,NaN
12061,9.0,2.0,0.21666945877857602,67,0.8375,1507,17755004,0.10000000000000003,NaN
12071,9.0,2.0,0.2166578432350605,67,0.8375,1507,17770074,0.10000000000000003,NaN
12081,9.0,2.0,0.2166465708338246,67,0.8375,1507,17785144,0.10000000000000003,NaN
12091,9.0,2.0,0.2166356267983788,67,0.8375,1507,17800214,0.10000000000000003,NaN
12101,9.0,2.0,0.21662498323912444,67,0.8375,1507,17815284,0.10000000000000003,NaN
12111,9.0,2.0,0.2166146326034007,67,0.8375,1508,17830355,0.10000000000000003,NaN
12121,9.0,2.0,0.21660456915795678,67,0.8375,1508,17845435,0.10000000000000003,NaN
12131,9.0,2.0,0.21659476700434793,67,0.8375,1508,17860515,0.10000000000000003,NaN
12141,9.0,2.0,0.2165852179049271,67,0.8375,1508,17875595,0.10000000000000003,NaN
12151,9.0,2.0,0.2165759154763745,67,0.8375,1508,17890675,0.10000000000000003,NaN
12161,9.0,2.0,0.21656684877238117,67,0.8375,1508,17905755,0.10000000000000003,NaN
12171,9.0,2.0,0.21655800541485593,67,0.8375,1508,17920835,0.10000000000000003,NaN
12181,9.0,2.0,0.21654938024887574,67,0.8375,1508,17935915,0.10000000000000003,NaN
12191,9.0,2.0,0.2165409635812873,67,0.8375,1508,17950995,0.10000000000000003,NaN
12201,9.0,2.0,0.21653274122465033,67,0.8375,1509,17966076,0.10000000000000003,NaN
12211,9.0,2.0,0.21652470464455265,67,0.8375,1509,17981166,0.10000000000000003,NaN
12221,9.0,2.0,0.21651685106048646,67,0.8375,1509,17996256,0.10000000000000003,NaN
12231,9.0,2.0,0.21650917228979227,67,0.8375,1509,18011346,0.10000000000000003,NaN
12241,9.0,2.0,0.2165016638877808,67,0.8375,1509,18026436,0.10000000000000003,NaN
12251,9.0,2.0,0.21649430811099438,67,0.8375,1509,18041526,0.10000000000000003,NaN
12261,9.0,2.0,0.21648711401786874,67,0.8375,1509,18056616,0.10000000000000003,NaN
12271,9.0,2.0,0.21648006849716683,67,0.8375,1509,18071706,0.10000000000000003,NaN
12281,9.0,2.0,0.21647317727823134,67,0.8375,1509,18086796,0.10000000000000003,NaN
12291,9.0,2.0,0.21646642596706359,67,0.8375,1509,18101886,0.10000000000000003,NaN
12301,9.0,2.0,0.21645980399251688,67,0.8375,1510,18116985,0.10000000000000003,NaN
12311,9.0,2.0,0.21645331333173928,67,0.8375,1510,18132085,0.10000000000000003,NaN
12321,9.0,2.0,0.21644695531257857,67,0.8375,1510,18147185,0.10000000000000003,NaN
12331,9.0,2.0,0.2164407196105941,67,0.8375,1510,18162285,0.10000000000000003,NaN
12341,9.0,2.0,0.21643459846898638,67,0.8375,1510,18177385,0.10000000000000003,NaN
12351,9.0,2.0,0.2164285907223324,67,0.8375,1510,18192485,0.10000000000000003,NaN
12361,9.0,2.0,0.21642268404059264,67,0.8375,1510,18207585,0.10000000000000003,NaN
12371,9.0,2.0,0.2164169001243222,67,0.8375,1510,18222685,0.10000000000000003,NaN
12381,9.0,2.0,0.21641121530829968,67,0.8375,1510,18237785,0.10000000000000003,NaN
12391,9.0,2.0,0.21640563599078408,67,0.8375,1511,18252892,0.10000000000000003,NaN
12401,9.0,2.0,0.21640014400578056,67,0.8375,1511,18268002,0.10000000000000003,NaN
12411,9.0,2.0,0.21639474516514595,67,0.8375,1511,18283112,0.10000000000000003,NaN
12421,9.0,2.0,0.2163894443815956,67,0.8375,1511,18298222,0.10000000000000003,NaN
12431,9.0,2.0,0.21638423060599438,67,0.8375,1511,18313332,0.10000000000000003,NaN
12441,9.0,2.0,0.2163791011108346,67,0.8375,1511,18328442,0.10000000000000003,NaN
12451,9.0,2.0,0.21637406228573028,67,0.8375,1511,18343552,0.10000000000000003,NaN
12461,9.0,2.0,0.2163691035901965,67,0.8375,1511,18358662,0.10000000000000003,NaN
12471,9.0,2.0,0.21636422521279153,67,0.8375,1511,18373772,0.10000000000000003,NaN
12481,9.0,2.0,0.21635941871988779,67,0.8375,1512,18388887,0.10000000000000003,NaN
12491,9.0,2.0,0.2163546961348953,67,0.8375,1512,18404007,0.10000000000000003,NaN
12501,9.0,2.0,0.21635004156301782,67,0.8375,1512,18419127,0.10000000000000003,NaN
12511,9.0,2.0,0.21634545355803012,67,0.8375,1512,18434247,0.10000000000000003,NaN
12521,9.0,2.0,0.21634093615516656,67,0.8375,1512,18449367,0.10000000000000003,NaN
12531,9.0,2.0,0.2163364913481814,67,0.8375,1512,18464487,0.10000000000000003,NaN
12541,9.0,2.0,0.21633211500133093,67,0.8375,1512,18479607,0.10000000000000003,NaN
12551,9.0,2.0,0.2163277981112433,67,0.8375,1512,18494727,0.10000000000000003,NaN
12561,9.0,2.0,0.21632353750632255,67,0.8375,1512,18509847,0.10000000000000003,NaN
12571,9.0,2.0,0.21631935045159176,67,0.8375,1513,18524968,0.10000000000000003,NaN
12581,9.0,2.0,0.21631521936151726,67,0.8375,1513,18540098,0.10000000000000003,NaN
12591,9.0,2.0,0.2163111517004595,67,0.8375,1513,18555228,0.10000000000000003,NaN
12601,9.0,2.0,0.21630713055839154,67,0.8375,1513,18570358,0.10000000000000003,NaN
12611,9.0,2.0,0.21630316423042148,67,0.8375,1513,18585488,0.10000000000000003,NaN
12621,9.0,2.0,0.21629925714914006,67,0.8375,1513,18600618,0.10000000000000003,NaN
12631,9.0,2.0,0.21629539971924255,67,0.8375,1513,18615748,0.10000000000000003,NaN
12641,9.0,2.0,0.2162915902611937,67,0.8375,1513,18630878,0.10000000000000003,NaN
12651,9.0,2.0,0.21628783525076695,67,0.8375,1513,18646008,0.10000000000000003,NaN
12661,9.0,2.0,0.21628413221787465,67,0.8375,1513,18661138,0.10000000000000003,NaN
12671,9.0,2.0,0.21628047592147315,67,0.8375,1514,18676275,0.10000000000000003,NaN
12681,9.0,2.0,0.21627686174250388,67,0.8375,1514,18691415,0.10000000000000003,NaN
12691,9.0,2.0,0.21627330039466558,67,0.8375,1514,18706555,0.10000000000000003,NaN
12701,9.0,2.0,0.21626978379487852,67,0.8375,1514,18721695,0.10000000000000003,NaN
12711,9.0,2.0,0.2162663158121761,67,0.8375,1514,18736835,0.10000000000000003,NaN
12721,9.0,2.0,0.21626288566870042,67,0.8375,1514,18751975,0.10000000000000003,NaN
12731,9.0,2.0,0.2162594976452727,67,0.8375,1514,18767115,0.10000000000000003,NaN
12741,9.0,2.0,0.2162561482009719,67,0.8375,1514,18782255,0.10000000000000003,NaN
12751,9.0,2.0,0.21625283913923962,67,0.8375,1514,18797395,0.10000000000000003,NaN
12761,9.0,2.0,0.21624956252698918,67,0.8375,1515,18812537,0.10000000000000003,NaN
12771,9.0,2.0,0.21624633292985354,67,0.8375,1515,18827687,0.10000000000000003,NaN
12781,9.0,2.0,0.21624313329957795,67,0.8375,1515,18842837,0.10000000000000003,NaN
12791,9.0,2.0,0.21623997417797436,67,0.8375,1515,18857987,0.10000000000000003,NaN
12801,9.0,2.0,0.21623686054150312,67,0.8375,1515,18873137,0.10000000000000003,NaN
12811,9.0,2.0,0.21623377687843853,67,0.8375,1515,18888287,0.10000000000000003,NaN
12821,9.0,2.0,0.21623072813713068,67,0.8375,1515,18903437,0.10000000000000003,NaN
12831,9.0,2.0,0.21622771328868867,67,0.8375,1515,18918587,0.10000000000000003,NaN
12841,9.0,2.0,0.21622473464500608,67,0.8375,1515,18933737,0.10000000000000003,NaN
12851,9.0,2.0,0.21622178564624145,67,0.8375,1515,18948887,0.10000000000000003,NaN
12861,9.0,2.0,0.21621886957335068,67,0.8375,1516,18964043,0.10000000000000003,NaN
12871,9.0,2.0,0.2162159842096592,67,0.8375,1516,18979203,0.10000000000000003,NaN
12881,9.0,2.0,0.21621312730098952,67,0.8375,1516,18994363,0.10000000000000003,NaN
12891,9.0,2.0,0.2162103021323533,67,0.8375,1516,19009523,0.10000000000000003,NaN
12901,9.0,2.0,0.21620750050055065,67,0.8375,1516,19024683,0.10000000000000003,NaN
12911,9.0,2.0,0.216204739016821,67,0.8375,1516,19039843,0.10000000000000003,NaN
12921,9.0,2.0,0.21620200215257493,67,0.8375,1516,19055003,0.10000000000000003,NaN
12931,9.0,2.0,0.21619929772840693,67,0.8375,1516,19070163,0.10000000000000003,NaN
12941,9.0,2.0,0.21619662474146883,67,0.8375,1516,19085323,0.10000000000000003,NaN
12951,9.0,2.0,0.21619397036548524,67,0.8375,1516,19100483,0.10000000000000003,NaN
12961,9.0,2.0,0.2161913497371625,67,0.8375,1517,19115653,0.10000000000000003,NaN
12971,9.0,2.0,0.21618875000669577,67,0.8375,1517,19130823,0.10000000000000003,NaN
12981,9.0,2.0,0.21618617373251628,67,0.8375,1517,19145993,0.10000000000000003,NaN
12991,9.0,2.0,0.21618362897904797,67,0.8375,1517,19161163,0.10000000000000003,NaN
13001,9.0,2.0,0.2161811070965268,67,0.8375,1517,19176333,0.10000000000000003,NaN
13011,9.0,2.0,0.2161786022183664,67,0.8375,1517,19191503,0.10000000000000003,NaN
13021,9.0,2.0,0.21617611995970912,67,0.8375,1517,19206673,0.10000000000000003,NaN
13031,9.0,2.0,0.21617366966593005,67,0.8375,1517,19221843,0.10000000000000003,NaN
13041,9.0,2.0,0.21617123773959546,67,0.8375,1517,19237013,0.10000000000000003,NaN
13051,9.0,2.0,0.21616883554207664,67,0.8375,1518,19252186,0.10000000000000003,NaN
13061,9.0,2.0,0.21616645668937293,67,0.8375,1518,19267366,0.10000000000000003,NaN
13071,9.0,2.0,0.21616410091673802,67,0.8375,1518,19282546,0.10000000000000003,NaN
13081,9.0,2.0,0.21616176485753677,67,0.8375,1518,19297726,0.10000000000000003,NaN
13091,9.0,2.0,0.21615944636329504,67,0.8375,1518,19312906,0.10000000000000003,NaN
13101,9.0,2.0,0.2161571531116066,67,0.8375,1518,19328086,0.10000000000000003,NaN
13111,9.0,2.0,0.21615488720697212,67,0.8375,1518,19343266,0.10000000000000003,NaN
13121,9.0,2.0,0.21615263204648366,67,0.8375,1518,19358446,0.10000000000000003,NaN
13131,9.0,2.0,0.21615039249058093,67,0.8375,1518,19373626,0.10000000000000003,NaN
13141,9.0,2.0,0.21614817914993148,67,0.8375,1518,19388806,0.10000000000000003,NaN
13151,9.0,2.0,0.21614598631451876,67,0.8375,1519,19403991,0.10000000000000003,NaN
13161,9.0,2.0,0.21614381048353679,67,0.8375,1519,19419181,0.10000000000000003,NaN
13171,9.0,2.0,0.21614165319186757,67,0.8375,1519,19434371,0.10000000000000003,NaN
13181,9.0,2.0,0.21613951588913488,67,0.8375,1519,19449561,0.10000000000000003,NaN
13191,9.0,2.0,0.21613739483362346,67,0.8375,1519,19464751,0.10000000000000003,NaN
13201,9.0,2.0,0.21613529252445435,67,0.8375,1519,19479941,0.10000000000000003,NaN
13211,9.0,2.0,0.21613320727964386,67,0.8375,1519,19495131,0.10000000000000003,NaN
13221,9.0,2.0,0.21613114718014348,67,0.8375,1519,19510321,0.10000000000000003,NaN
13231,9.0,2.0,0.21612909775586248,67,0.8375,1519,19525511,0.10000000000000003,NaN
13241,9.0,2.0,0.21612706688035282,67,0.8375,1519,19540701,0.10000000000000003,NaN
13251,9.0,2.0,0.21612505468784513,67,0.8375,1520,19555898,0.10000000000000003,NaN
13261,9.0,2.0,0.21612305374650323,67,0.8375,1520,19571098,0.10000000000000003,NaN
13271,9.0,2.0,0.21612107929972754,67,0.8375,1520,19586298,0.10000000000000003,NaN
13281,9.0,2.0,0.21611910908097198,67,0.8375,1520,19601498,0.10000000000000003,NaN
13291,9.0,2.0,0.21611716132241504,67,0.8375,1520,19616698,0.10000000000000003,NaN
13301,9.0,2.0,0.21611523242654324,67,0.8375,1520,19631898,0.10000000000000003,NaN
13311,9.0,2.0,0.21611331168369935,67,0.8375,1520,19647098,0.10000000000000003,NaN
13321,9.0,2.0,0.21611141085851493,67,0.8375,1520,19662298,0.10000000000000003,NaN
13331,9.0,2.0,0.216109522422115,67,0.8375,1520,19677498,0.10000000000000003,NaN
13341,9.0,2.0,0.2161076528774335,67,0.8375,1520,19692698,0.10000000000000003,NaN
13351,9.0,2.0,0.21610579528021892,67,0.8375,1521,19707906,0.10000000000000003,NaN
13361,9.0,2.0,0.21610395300533886,67,0.8375,1521,19723116,0.10000000000000003,NaN
13371,9.0,2.0,0.21610212221030617,67,0.8375,1521,19738326,0.10000000000000003,NaN
13381,9.0,2.0,0.2161003078738773,67,0.8375,1521,19753536,0.10000000000000003,NaN
13391,9.0,2.0,0.21609850226894625,67,0.8375,1521,19768746,0.10000000000000003,NaN
13401,9.0,2.0,0.2160967087956375,67,0.8375,1521,19783956,0.10000000000000003,NaN
13411,9.0,2.0,0.21609493851930842,67,0.8375,1521,19799166,0.10000000000000003,NaN
13421,9.0,2.0,0.2160931707583925,67,0.8375,1521,19814376,0.10000000000000003,NaN
13431,9.0,2.0,0.21609142143990087,67,0.8375,1521,19829586,0.10000000000000003,NaN
13441,9.0,2.0,0.21608968312697577,67,0.8375,1521,19844796,0.10000000000000003,NaN
13451,9.0,2.0,0.21608795868617983,67,0.8375,1522,19860014,0.10000000000000003,NaN
13461,9.0,2.0,0.2160862422208257,67,0.8375,1522,19875234,0.10000000000000003,NaN
13471,9.0,2.0,0.2160845364375029,67,0.8375,1522,19890454,0.10000000000000003,NaN
13481,9.0,2.0,0.2160828491676093,67,0.8375,1522,19905674,0.10000000000000003,NaN
13491,9.0,2.0,0.21608117472189914,67,0.8375,1522,19920894,0.10000000000000003,NaN
13501,9.0,2.0,0.2160795045760387,67,0.8375,1522,19936114,0.10000000000000003,NaN
13511,9.0,2.0,0.216077850231336,67,0.8375,1522,19951334,0.10000000000000003,NaN
13521,9.0,2.0,0.21607621118645776,67,0.8375,1522,19966554,0.10000000000000003,NaN
13531,9.0,2.0,0.2160745861007059,67,0.8375,1522,19981774,0.10000000000000003,NaN
13541,9.0,2.0,0.21607296715425323,67,0.8375,1522,19996994,0.10000000000000003,NaN
13551,9.0,2.0,0.2160713619967601,67,0.8375,1523,20012221,0.10000000000000003,NaN
13561,9.0,2.0,0.21606976323937274,67,0.8375,1523,20027451,0.10000000000000003,NaN
13571,9.0,2.0,0.21606818105908765,67,0.8375,1523,20042681,0.10000000000000003,NaN
13581,9.0,2.0,0.2160666096677372,67,0.8375,1523,20057911,0.10000000000000003,NaN
13591,9.0,2.0,0.21606504773543142,67,0.8375,1523,20073141,0.10000000000000003,NaN
13601,9.0,2.0,0.21606349941726072,67,0.8375,1523,20088371,0.10000000000000003,NaN
13611,9.0,2.0,0.21606195526811817,67,0.8375,1523,20103601,0.10000000000000003,NaN
13621,9.0,2.0,0.21606042731872868,67,0.8375,1523,20118831,0.10000000000000003,NaN
13631,9.0,2.0,0.21605890995628346,67,0.8375,1523,20134061,0.10000000000000003,NaN
13641,9.0,2.0,0.2160574001025713,67,0.8375,1523,20149291,0.10000000000000003,NaN
13651,9.0,2.0,0.2160559016757367,67,0.8375,1524,20164527,0.10000000000000003,NaN
13661,9.0,2.0,0.2160544102502993,67,0.8375,1524,20179767,0.10000000000000003,NaN
13671,9.0,2.0,0.21605293084496063,67,0.8375,1524,20195007,0.10000000000000003,NaN
13681,9.0,2.0,0.21605146068056874,67,0.8375,1524,20210247,0.10000000000000003,NaN
13691,9.0,2.0,0.21604999996935464,67,0.8375,1524,20225487,0.10000000000000003,NaN
13701,9.0,2.0,0.2160485464354554,67,0.8375,1524,20240727,0.10000000000000003,NaN
13711,9.0,2.0,0.21604710595892979,67,0.8375,1524,20255967,0.10000000000000003,NaN
13721,9.0,2.0,0.21604567813301392,67,0.8375,1524,20271207,0.10000000000000003,NaN
13731,9.0,2.0,0.21604425205354666,67,0.8375,1524,20286447,0.10000000000000003,NaN
13741,9.0,2.0,0.21604283372588737,67,0.8375,1524,20301687,0.10000000000000003,NaN
13751,9.0,2.0,0.12355843945294002,66,0.825,1502,20316729,0.10000000000000003,NaN
13761,9.0,2.0,0.12131397817609765,66,0.825,1502,20331749,0.10000000000000003,NaN
13771,9.0,2.0,0.1203530832682937,66,0.825,1502,20346769,0.10000000000000003,NaN
13781,9.0,2.0,0.11978511189920955,66,0.825,1502,20361789,0.10000000000000003,NaN
13791,9.0,2.0,0.11939841260148465,66,0.825,1502,20376809,0.10000000000000003,NaN
13801,9.0,2.0,0.11911291449548662,66,0.825,1502,20391829,0.10000000000000003,NaN
13811,9.0,2.0,0.11889078611604494,66,0.825,1502,20406849,0.10000000000000003,NaN
13821,9.0,2.0,0.11871142863945974,66,0.825,1502,20421869,0.10000000000000003,NaN
13831,9.0,2.0,0.1185625242098474,66,0.825,1503,20436894,0.10000000000000003,NaN
13841,9.0,2.0,0.11843625279804951,66,0.825,1503,20451924,0.10000000000000003,NaN
13851,9.0,2.0,0.11832737994879546,65,0.8125,1503,20466954,0.10000000000000003,NaN
13861,0.692551183568755,0.14614128187675002,0.025606766993052383,63,0.7875,1435,20481414,0.027962085308056883,NaN
13871,0.4866674874015847,0.10547029072107157,0.02357519722828323,63,0.7875,1435,20495764,0.0338341680578742,NaN
13881,0.3980459343041878,0.0869877508887311,0.022657096656991376,63,0.7875,1435,20510114,0.02876254180602006,NaN
13891,0.3454380392131652,0.07585008099975671,0.022103431243070213,63,0.7875,1435,20524464,0.02016689847009734,NaN
13901,0.30919691827533125,0.06807760656099501,0.021722382284297886,63,0.7875,1435,20538814,0.018428396026342164,NaN
13911,0.2829115503342963,0.06240950798339819,0.021439252966064394,63,0.7875,1435,20553164,0.011090478622162392,NaN
13921,0.26287708284880584,0.05804256247546292,0.021217982004442453,63,0.7875,1435,20567514,0.009833512995568283,NaN
13931,0.24631586675042536,0.054434741547002403,0.021038740388071995,63,0.7875,1435,20581864,0.007216341505738799,NaN
13941,0.23281677145889118,0.05148228375670456,0.02088962323846947,63,0.7875,1435,20596214,0.007216341505738799,NaN
13951,0.22157441616099693,0.0490055938965223,0.020762980789524585,63,0.7875,1435,20610564,0.007216341505738799,NaN
13961,0.2116500200928818,0.04682971173651375,0.020653623909766057,63,0.7875,1435,20624914,0.007216341505738799,NaN
13971,0.2088452115656343,0.0464100470145854,0.020557873031150992,63,0.7875,1436,20639269,0.007216341505738799,NaN
13981,0.2088452115656343,0.0464100470145854,0.020473110063080915,63,0.7875,1436,20653629,0.007216341505738799,NaN
13991,0.2088452115656343,0.0464100470145854,0.020397358202052376,63,0.7875,1436,20667989,0.007216341505738799,NaN
14001,0.2088452115656343,0.0464100470145854,0.020329128556457167,63,0.7875,1436,20682349,0.007216341505738799,NaN
14011,0.2088452115656343,0.0464100470145854,0.020267222305385333,63,0.7875,1436,20696709,0.007216341505738799,NaN
14021,0.2088452115656343,0.0464100470145854,0.02021071146503351,63,0.7875,1436,20711069,0.007216341505738799,NaN
14031,0.2088452115656343,0.0464100470145854,0.02015884760548194,63,0.7875,1436,20725429,0.007216341505738799,NaN
14041,0.2088452115656343,0.0464100470145854,0.02011101981858024,63,0.7875,1436,20739789,0.007216341505738799,NaN
14051,0.2088452115656343,0.0464100470145854,0.020066710674923112,63,0.7875,1436,20754149,0.007216341505738799,NaN
14061,0.2088452115656343,0.0464100470145854,0.02002552039891372,63,0.7875,1436,20768509,0.007216341505738799,NaN
14071,0.2088452115656343,0.0464100470145854,0.01998707652823413,63,0.7875,1436,20782869,0.007216341505738799,NaN
14081,0.2088452115656343,0.0464100470145854,0.019951075969264504,63,0.7875,1437,20797233,0.007216341505738799,NaN
14091,0.2088452115656343,0.0464100470145854,0.01991725703575462,63,0.7875,1437,20811603,0.007216341505738799,NaN
14101,0.2088452115656343,0.0464100470145854,0.01988542372243935,63,0.7875,1437,20825973,0.007216341505738799,NaN
14111,0.2088452115656343,0.0464100470145854,0.019855384206880874,63,0.7875,1437,20840343,0.007216341505738799,NaN
14121,0.2088452115656343,0.0464100470145854,0.019826971153217368,63,0.7875,1437,20854713,0.007216341505738799,NaN
14131,0.2088452115656343,0.0464100470145854,0.019800042826577182,63,0.7875,1437,20869083,0.007216341505738799,NaN
14141,0.2088452115656343,0.0464100470145854,0.01977447297546665,63,0.7875,1437,20883453,0.007216341505738799,NaN
14151,0.2088452115656343,0.0464100470145854,0.01975014044536031,63,0.7875,1437,20897823,0.007216341505738799,NaN
14161,0.2088452115656343,0.0464100470145854,0.019726947912400504,63,0.7875,1437,20912193,0.007216341505738799,NaN
14171,0.2088452115656343,0.0464100470145854,0.01970480822577564,63,0.7875,1437,20926563,0.007216341505738799,NaN
14181,0.2088452115656343,0.0464100470145854,0.01968364379188331,63,0.7875,1437,20940933,0.007216341505738799,NaN
14191,0.2088452115656343,0.0464100470145854,0.019663380606498818,63,0.7875,1438,20955305,0.007216341505738799,NaN
14201,0.2088452115656343,0.0464100470145854,0.01964394876689155,63,0.7875,1438,20969685,0.007216341505738799,NaN
14211,0.2088452115656343,0.0464100470145854,0.019625296462959154,63,0.7875,1438,20984065,0.007216341505738799,NaN
14221,0.2088452115656343,0.0464100470145854,0.01960737636639898,63,0.7875,1438,20998445,0.007216341505738799,NaN
14231,0.2088452115656343,0.0464100470145854,0.019590136535716462,63,0.7875,1438,21012825,0.007216341505738799,NaN
14241,0.2088452115656343,0.0464100470145854,0.019573537698110686,63,0.7875,1438,21027205,0.007216341505738799,NaN
14251,0.2088452115656343,0.0464100470145854,0.019557540639429223,63,0.7875,1438,21041585,0.007216341505738799,NaN
14261,0.2088452115656343,0.0464100470145854,0.019542107491472168,63,0.7875,1438,21055965,0.007216341505738799,NaN
14271,0.2088452115656343,0.0464100470145854,0.019527202045145443,63,0.7875,1438,21070345,0.007216341505738799,NaN
14281,0.2088452115656343,0.0464100470145854,0.019512791726206805,63,0.7875,1438,21084725,0.007216341505738799,NaN
14291,0.2088452115656343,0.0464100470145854,0.019498858765250354,63,0.7875,1438,21099105,0.007216341505738799,NaN
14301,0.2088452115656343,0.0464100470145854,0.01948536851711096,63,0.7875,1438,21113485,0.007216341505738799,NaN
14311,0.2088452115656343,0.0464100470145854,0.019472292445155446,63,0.7875,1439,21127874,0.007216341505738799,NaN
14321,0.2088452115656343,0.0464100470145854,0.01945961132985899,63,0.7875,1439,21142264,0.007216341505738799,NaN
14331,0.2088452115656343,0.0464100470145854,0.019447313118202084,63,0.7875,1439,21156654,0.007216341505738799,NaN
14341,0.2088452115656343,0.0464100470145854,0.019435374811064894,63,0.7875,1439,21171044,0.007216341505738799,NaN
14351,0.2088452115656343,0.0464100470145854,0.019423780823239284,63,0.7875,1439,21185434,0.007216341505738799,NaN
14361,0.2088452115656343,0.0464100470145854,0.019412511762927513,63,0.7875,1439,21199824,0.007216341505738799,NaN
14371,0.2088452115656343,0.0464100470145854,0.019401553172923122,63,0.7875,1439,21214214,0.007216341505738799,NaN
14381,0.2088452115656343,0.0464100470145854,0.019390892510462537,63,0.7875,1439,21228604,0.007216341505738799,NaN
14391,0.2088452115656343,0.0464100470145854,0.01938051287879832,63,0.7875,1439,21242994,0.007216341505738799,NaN
14401,0.2088452115656343,0.0464100470145854,0.019370401245134727,63,0.7875,1439,21257384,0.007216341505738799,NaN
14411,0.2088452115656343,0.0464100470145854,0.019360550028479286,63,0.7875,1439,21271774,0.007216341505738799,NaN
14421,0.2088452115656343,0.0464100470145854,0.019350943163307478,63,0.7875,1440,21286169,0.007216341505738799,NaN
14431,0.2088452115656343,0.0464100470145854,0.01934156922177029,63,0.7875,1440,21300569,0.007216341505738799,NaN
14441,0.2088452115656343,0.0464100470145854,0.019332418762574625,63,0.7875,1440,21314969,0.007216341505738799,NaN
14451,0.2088452115656343,0.0464100470145854,0.019323489351060368,63,0.7875,1440,21329369,0.007216341505738799,NaN
14461,0.2088452115656343,0.0464100470145854,0.019314767863074445,63,0.7875,1440,21343769,0.007216341505738799,NaN
14471,0.2088452115656343,0.0464100470145854,0.01930625258842055,63,0.7875,1440,21358169,0.007216341505738799,NaN
14481,0.2088452115656343,0.0464100470145854,0.019297923063474477,63,0.7875,1440,21372569,0.007216341505738799,NaN
14491,0.2088452115656343,0.0464100470145854,0.019289785603320696,63,0.7875,1440,21386969,0.007216341505738799,NaN
14501,0.2088452115656343,0.0464100470145854,0.019281821197212855,63,0.7875,1440,21401369,0.007216341505738799,NaN
14511,0.2088452115656343,0.0464100470145854,0.01927402791485431,63,0.7875,1440,21415769,0.007216341505738799,NaN
14521,0.2088452115656343,0.0464100470145854,0.01926640163737254,63,0.7875,1440,21430169,0.007216341505738799,NaN
14531,0.2088452115656343,0.0464100470145854,0.019258934752157765,63,0.7875,1440,21444569,0.007216341505738799,NaN
14541,0.2088452115656343,0.0464100470145854,0.019251617245972456,63,0.7875,1441,21458979,0.007216341505738799,NaN
14551,0.2088452115656343,0.0464100470145854,0.01924444590104184,63,0.7875,1441,21473389,0.007216341505738799,NaN
14561,0.2088452115656343,0.0464100470145854,0.019237423336776683,63,0.7875,1441,21487799,0.007216341505738799,NaN
14571,0.2088452115656343,0.0464100470145854,0.019230534541381177,63,0.7875,1441,21502209,0.007216341505738799,NaN
14581,0.2088452115656343,0.0464100470145854,0.019223779853710814,63,0.7875,1441,21516619,0.007216341505738799,NaN
14591,0.2088452115656343,0.0464100470145854,0.019217153148129884,63,0.7875,1441,21531029,0.007216341505738799,NaN
14601,0.2088452115656343,0.0464100470145854,0.019210655296735775,63,0.7875,1441,21545439,0.007216341505738799,NaN
14611,0.2088452115656343,0.0464100470145854,0.01920427969444038,63,0.7875,1441,21559849,0.007216341505738799,NaN
14621,0.2088452115656343,0.0464100470145854,0.019198021786610123,63,0.7875,1441,21574259,0.007216341505738799,NaN
14631,0.2088452115656343,0.0464100470145854,0.01919187684391886,63,0.7875,1441,21588669,0.007216341505738799,NaN
14641,0.2088452115656343,0.0464100470145854,0.01918583711669102,63,0.7875,1441,21603079,0.007216341505738799,NaN
14651,0.2088452115656343,0.0464100470145854,0.019179906822213447,63,0.7875,1442,21617493,0.007216341505738799,NaN
14661,0.2088452115656343,0.0464100470145854,0.019174075576298896,63,0.7875,1442,21631913,0.007216341505738799,NaN
14671,0.2088452115656343,0.0464100470145854,0.019168348910657114,63,0.7875,1442,21646333,0.007216341505738799,NaN
14681,0.2088452115656343,0.0464100470145854,0.019162722021746716,63,0.7875,1442,21660753,0.007216341505738799,NaN
14691,0.2088452115656343,0.0464100470145854,0.019157184903336073,63,0.7875,1442,21675173,0.007216341505738799,NaN
14701,0.2088452115656343,0.0464100470145854,0.019151743759277428,63,0.7875,1442,21689593,0.007216341505738799,NaN
14711,0.2088452115656343,0.0464100470145854,0.01914638755845256,63,0.7875,1442,21704013,0.007216341505738799,NaN
14721,0.2088452115656343,0.0464100470145854,0.019141123375238885,63,0.7875,1442,21718433,0.007216341505738799,NaN
14731,0.2088452115656343,0.0464100470145854,0.019135937979671738,63,0.7875,1442,21732853,0.007216341505738799,NaN
14741,0.2088452115656343,0.0464100470145854,0.019130837946666892,63,0.7875,1442,21747273,0.007216341505738799,NaN
14751,0.2088452115656343,0.0464100470145854,0.01912581376034009,63,0.7875,1442,21761693,0.007216341505738799,NaN
14761,0.2088452115656343,0.0464100470145854,0.019120874278811976,63,0.7875,1442,21776113,0.007216341505738799,NaN
14771,0.2088452115656343,0.0464100470145854,0.01911600667542874,63,0.7875,1443,21790540,0.007216341505738799,NaN
14781,0.2088452115656343,0.0464100470145854,0.0191112128911306,63,0.7875,1443,21804970,0.007216341505738799,NaN
14791,0.2088452115656343,0.0464100470145854,0.019106490185747654,63,0.7875,1443,21819400,0.007216341505738799,NaN
14801,0.2088452115656343,0.0464100470145854,0.019101838019236712,63,0.7875,1443,21833830,0.007216341505738799,NaN
14811,0.2088452115656343,0.0464100470145854,0.019097250636426744,63,0.7875,1443,21848260,0.007216341505738799,NaN
14821,0.2088452115656343,0.0464100470145854,0.019092730663735624,63,0.7875,1443,21862690,0.007216341505738799,NaN
14831,0.2088452115656343,0.0464100470145854,0.019088277201430977,63,0.7875,1443,21877120,0.007216341505738799,NaN
14841,0.2088452115656343,0.0464100470145854,0.019083890123729137,63,0.7875,1443,21891550,0.007216341505738799,NaN
14851,0.2088452115656343,0.0464100470145854,0.01907956394830136,63,0.7875,1443,21905980,0.007216341505738799,NaN
14861,0.2088452115656343,0.0464100470145854,0.01907529440490584,63,0.7875,1443,21920410,0.007216341505738799,NaN
14871,0.2088452115656343,0.0464100470145854,0.019071087080537084,63,0.7875,1443,21934840,0.007216341505738799,NaN
14881,0.2088452115656343,0.0464100470145854,0.019066939183230932,63,0.7875,1443,21949270,0.007216341505738799,NaN
14891,0.2088452115656343,0.0464100470145854,0.01906284424085431,63,0.7875,1444,21963710,0.007216341505738799,NaN
14901,0.2088452115656343,0.0464100470145854,0.019058803723742978,63,0.7875,1444,21978150,0.007216341505738799,NaN
14911,0.2088452115656343,0.0464100470145854,0.019054813844529006,63,0.7875,1444,21992590,0.007216341505738799,NaN
14921,0.2088452115656343,0.0464100470145854,0.019050881332375313,63,0.7875,1444,22007030,0.007216341505738799,NaN
14931,0.2088452115656343,0.0464100470145854,0.019046995969688035,63,0.7875,1444,22021470,0.007216341505738799,NaN
14941,0.2088452115656343,0.0464100470145854,0.01904315980758366,63,0.7875,1444,22035910,0.007216341505738799,NaN
14951,0.2088452115656343,0.0464100470145854,0.019039375044008707,63,0.7875,1444,22050350,0.007216341505738799,NaN
14961,0.2088452115656343,0.0464100470145854,0.01903563743001819,63,0.7875,1444,22064790,0.007216341505738799,NaN
14971,0.2088452115656343,0.0464100470145854,0.019031949433305155,63,0.7875,1444,22079230,0.007216341505738799,NaN
14981,0.2088452115656343,0.0464100470145854,0.019028307072697086,63,0.7875,1444,22093670,0.007216341505738799,NaN
14991,0.2088452115656343,0.0464100470145854,0.019024709866100685,63,0.7875,1444,22108110,0.007216341505738799,NaN
15001,0.2088452115656343,0.0464100470145854,0.0190211552373424,63,0.7875,1445,22122551,0.007216341505738799,NaN
15011,0.2088452115656343,0.0464100470145854,0.01901764149299729,63,0.7875,1445,22137001,0.007216341505738799,NaN
15021,0.2088452115656343,0.0464100470145854,0.019014167290988617,63,0.7875,1445,22151451,0.007216341505738799,NaN
15031,0.2088452115656343,0.0464100470145854,0.019010735969735595,63,0.7875,1445,22165901,0.007216341505738799,NaN
15041,0.2088452115656343,0.0464100470145854,0.019007346274084815,63,0.7875,1445,22180351,0.007216341505738799,NaN
15051,0.2088452115656343,0.0464100470145854,0.019003998653468922,63,0.7875,1445,22194801,0.007216341505738799,NaN
15061,0.2088452115656343,0.0464100470145854,0.019000686297212424,63,0.7875,1445,22209251,0.007216341505738799,NaN
15071,0.2088452115656343,0.0464100470145854,0.018997413836456162,63,0.7875,1445,22223701,0.007216341505738799,NaN
15081,0.2088452115656343,0.0464100470145854,0.018994179199940252,63,0.7875,1445,22238151,0.007216341505738799,NaN
15091,0.2088452115656343,0.0464100470145854,0.01899098029019975,63,0.7875,1445,22252601,0.007216341505738799,NaN
15101,0.2088452115656343,0.0464100470145854,0.018987817068980666,63,0.7875,1445,22267051,0.007216341505738799,NaN
15111,0.2088452115656343,0.0464100470145854,0.01898469061969883,63,0.7875,1445,22281501,0.007216341505738799,NaN
15121,0.2088452115656343,0.0464100470145854,0.018981597423196897,63,0.7875,1446,22295952,0.007216341505738799,NaN
15131,0.2088452115656343,0.0464100470145854,0.0189785369819473,63,0.7875,1446,22310412,0.007216341505738799,NaN
15141,0.2088452115656343,0.0464100470145854,0.018975508815994267,63,0.7875,1446,22324872,0.007216341505738799,NaN
15151,0.2088452115656343,0.0464100470145854,0.01897251330698001,63,0.7875,1446,22339332,0.007216341505738799,NaN
15161,0.2088452115656343,0.0464100470145854,0.01896954919427788,63,0.7875,1446,22353792,0.007216341505738799,NaN
15171,0.2088452115656343,0.0464100470145854,0.018966614906162693,63,0.7875,1446,22368252,0.007216341505738799,NaN
15181,0.2088452115656343,0.0464100470145854,0.018963713236273962,63,0.7875,1446,22382712,0.007216341505738799,NaN
15191,0.2088452115656343,0.0464100470145854,0.01896084284413149,63,0.7875,1446,22397172,0.007216341505738799,NaN
15201,0.2088452115656343,0.0464100470145854,0.018958004362859486,63,0.7875,1446,22411632,0.007216341505738799,NaN
15211,0.2088452115656343,0.0464100470145854,0.018955194716585282,63,0.7875,1446,22426092,0.007216341505738799,NaN
15221,0.2088452115656343,0.0464100470145854,0.018952413084013353,63,0.7875,1446,22440552,0.007216341505738799,NaN
15231,0.2088452115656343,0.0464100470145854,0.018949658002195828,63,0.7875,1446,22455012,0.007216341505738799,NaN
15241,0.2088452115656343,0.0464100470145854,0.018946930261509454,63,0.7875,1447,22469473,0.007216341505738799,NaN
15251,0.2088452115656343,0.0464100470145854,0.018944227814180748,63,0.7875,1447,22483943,0.007216341505738799,NaN
15261,0.2088452115656343,0.0464100470145854,0.01894155361716914,63,0.7875,1447,22498413,0.007216341505738799,NaN
15271,0.2088452115656343,0.0464100470145854,0.01893890589149439,63,0.7875,1447,22512883,0.007216341505738799,NaN
15281,0.2088452115656343,0.0464100470145854,0.018936286934242264,63,0.7875,1447,22527353,0.007216341505738799,NaN
15291,0.2088452115656343,0.0464100470145854,0.01893369071046561,63,0.7875,1447,22541823,0.007216341505738799,NaN
15301,0.2088452115656343,0.0464100470145854,0.01893112156237857,63,0.7875,1447,22556293,0.007216341505738799,NaN
15311,0.2088452115656343,0.0464100470145854,0.01892857399100182,63,0.7875,1447,22570763,0.007216341505738799,NaN
15321,0.2088452115656343,0.0464100470145854,0.018926051795517814,63,0.7875,1447,22585233,0.007216341505738799,NaN
15331,0.2088452115656343,0.0464100470145854,0.018923555718139282,63,0.7875,1447,22599703,0.007216341505738799,NaN
15341,0.2088452115656343,0.0464100470145854,0.018921082069532587,63,0.7875,1447,22614173,0.007216341505738799,NaN
15351,0.2088452115656343,0.0464100470145854,0.018918631627114137,63,0.7875,1447,22628643,0.007216341505738799,NaN
15361,0.2088452115656343,0.0464100470145854,0.018916205184111304,63,0.7875,1447,22643113,0.007216341505738799,NaN
15371,0.2088452115656343,0.0464100470145854,0.018913801630416633,63,0.7875,1448,22657592,0.007216341505738799,NaN
15381,0.2088452115656343,0.0464100470145854,0.01891141634568002,63,0.7875,1448,22672072,0.007216341505738799,NaN
15391,0.2088452115656343,0.0464100470145854,0.018909051914178833,63,0.7875,1448,22686552,0.007216341505738799,NaN
15401,0.2088452115656343,0.0464100470145854,0.01890671000395949,63,0.7875,1448,22701032,0.007216341505738799,NaN
15411,0.2088452115656343,0.0464100470145854,0.018904390996059693,63,0.7875,1448,22715512,0.007216341505738799,NaN
15421,0.2088452115656343,0.0464100470145854,0.018902090431251788,63,0.7875,1448,22729992,0.007216341505738799,NaN
15431,0.2088452115656343,0.0464100470145854,0.01889981024678424,63,0.7875,1448,22744472,0.007216341505738799,NaN
15441,0.2088452115656343,0.0464100470145854,0.018897551930266116,63,0.7875,1448,22758952,0.007216341505738799,NaN
15451,0.2088452115656343,0.0464100470145854,0.018895313596607795,63,0.7875,1448,22773432,0.007216341505738799,NaN
15461,0.2088452115656343,0.0464100470145854,0.018893092191371617,63,0.7875,1448,22787912,0.007216341505738799,NaN
15471,0.2088452115656343,0.0464100470145854,0.018890892030120895,63,0.7875,1448,22802392,0.007216341505738799,NaN
15481,0.2088452115656343,0.0464100470145854,0.018888709697714355,63,0.7875,1448,22816872,0.007216341505738799,NaN
15491,0.2088452115656343,0.0464100470145854,0.018886544746118047,63,0.7875,1449,22831359,0.007216341505738799,NaN
15501,0.2088452115656343,0.0464100470145854,0.01888439883974976,63,0.7875,1449,22845849,0.007216341505738799,NaN
15511,0.2088452115656343,0.0464100470145854,0.01888227298678235,63,0.7875,1449,22860339,0.007216341505738799,NaN
15521,0.2088452115656343,0.0464100470145854,0.018880164951621314,63,0.7875,1449,22874829,0.007216341505738799,NaN
15531,0.2088452115656343,0.0464100470145854,0.018878072659441934,63,0.7875,1449,22889319,0.007216341505738799,NaN
15541,0.2088452115656343,0.0464100470145854,0.01887599649956818,63,0.7875,1449,22903809,0.007216341505738799,NaN
15551,0.2088452115656343,0.0464100470145854,0.018873938682584405,63,0.7875,1449,22918299,0.007216341505738799,NaN
15561,0.2088452115656343,0.0464100470145854,0.018871898544881964,63,0.7875,1449,22932789,0.007216341505738799,NaN
15571,0.2088452115656343,0.0464100470145854,0.018869875571403374,63,0.7875,1449,22947279,0.007216341505738799,NaN
15581,0.2088452115656343,0.0464100470145854,0.01886786660192922,63,0.7875,1449,22961769,0.007216341505738799,NaN
15591,0.2088452115656343,0.0464100470145854,0.018865874674870945,63,0.7875,1449,22976259,0.007216341505738799,NaN
15601,0.2088452115656343,0.0464100470145854,0.018863901359476336,63,0.7875,1449,22990749,0.007216341505738799,NaN
15611,0.2088452115656343,0.0464100470145854,0.018861940743314466,63,0.7875,1450,23005243,0.007216341505738799,NaN
15621,0.2088452115656343,0.0464100470145854,0.0188599953047534,63,0.7875,1450,23019743,0.007216341505738799,NaN
15631,0.2088452115656343,0.0464100470145854,0.01885806307778485,63,0.7875,1450,23034243,0.007216341505738799,NaN
15641,0.2088452115656343,0.0464100470145854,0.018856148116006628,63,0.7875,1450,23048743,0.007216341505738799,NaN
15651,0.2088452115656343,0.0464100470145854,0.018854247584989322,63,0.7875,1450,23063243,0.007216341505738799,NaN
15661,0.2088452115656343,0.0464100470145854,0.01885236134365935,63,0.7875,1450,23077743,0.007216341505738799,NaN
15671,0.2088452115656343,0.0464100470145854,0.018850489658717655,63,0.7875,1450,23092243,0.007216341505738799,NaN
15681,0.2088452115656343,0.0464100470145854,0.01884863070716019,63,0.7875,1450,23106743,0.007216341505738799,NaN
15691,0.2088452115656343,0.0464100470145854,0.0188467899450854,63,0.7875,1450,23121243,0.007216341505738799,NaN
15701,0.2088452115656343,0.0464100470145854,0.01884496152142934,63,0.7875,1450,23135743,0.007216341505738799,NaN
15711,0.2088452115656343,0.0464100470145854,0.01884314597020083,63,0.7875,1450,23150243,0.007216341505738799,NaN
15721,0.2088452115656343,0.0464100470145854,0.018841344296637967,63,0.7875,1450,23164743,0.007216341505738799,NaN
15731,0.2088452115656343,0.0464100470145854,0.018839557970987873,63,0.7875,1450,23179243,0.007216341505738799,NaN
15741,0.2088452115656343,0.0464100470145854,0.018837783395026862,63,0.7875,1451,23193752,0.007216341505738799,NaN
15751,0.2088452115656343,0.0464100470145854,0.01883602035537615,63,0.7875,1451,23208262,0.007216341505738799,NaN
15761,0.2088452115656343,0.0464100470145854,0.018834270608247952,63,0.7875,1451,23222772,0.007216341505738799,NaN
15771,0.2088452115656343,0.0464100470145854,0.01883253409893553,63,0.7875,1451,23237282,0.007216341505738799,NaN
15781,0.2088452115656343,0.0464100470145854,0.018830811602775492,63,0.7875,1451,23251792,0.007216341505738799,NaN
15791,0.2088452115656343,0.0464100470145854,0.018829101505782812,63,0.7875,1451,23266302,0.007216341505738799,NaN
15801,0.2088452115656343,0.0464100470145854,0.01882740391421447,63,0.7875,1451,23280812,0.007216341505738799,NaN
15811,0.2088452115656343,0.0464100470145854,0.018825714236525695,63,0.7875,1451,23295322,0.007216341505738799,NaN
15821,0.2088452115656343,0.0464100470145854,0.018824039573114692,63,0.7875,1451,23309832,0.007216341505738799,NaN
15831,0.2088452115656343,0.0464100470145854,0.018822377124826865,63,0.7875,1451,23324342,0.007216341505738799,NaN
15841,0.2088452115656343,0.0464100470145854,0.01882072553965493,63,0.7875,1451,23338852,0.007216341505738799,NaN
15851,0.2088452115656343,0.0464100470145854,0.01881908422375605,63,0.7875,1451,23353362,0.007216341505738799,NaN
15861,0.2088452115656343,0.0464100470145854,0.018817457195892878,63,0.7875,1452,23367876,0.007216341505738799,NaN
15871,0.2088452115656343,0.0464100470145854,0.01881583922267369,63,0.7875,1452,23382396,0.007216341505738799,NaN
15881,0.2088452115656343,0.0464100470145854,0.018814233935999396,63,0.7875,1452,23396916,0.007216341505738799,NaN
15891,0.2088452115656343,0.0464100470145854,0.018812637186499264,63,0.7875,1452,23411436,0.007216341505738799,NaN
15901,0.2088452115656343,0.0464100470145854,0.018811053122899248,63,0.7875,1452,23425956,0.007216341505738799,NaN
15911,0.2088452115656343,0.0464100470145854,0.018809478103706135,63,0.7875,1452,23440476,0.007216341505738799,NaN
15921,0.2088452115656343,0.0464100470145854,0.018807913438110186,63,0.7875,1452,23454996,0.007216341505738799,NaN
15931,0.2088452115656343,0.0464100470145854,0.018806360135609768,63,0.7875,1452,23469516,0.007216341505738799,NaN
15941,0.2088452115656343,0.0464100470145854,0.01880481779376626,63,0.7875,1452,23484036,0.007216341505738799,NaN
15951,0.2088452115656343,0.0464100470145854,0.01880328518195825,63,0.7875,1452,23498556,0.007216341505738799,NaN
15961,0.2088452115656343,0.0464100470145854,0.01880176297009157,63,0.7875,1452,23513076,0.007216341505738799,NaN
15971,0.2088452115656343,0.0464100470145854,0.01880025104489874,63,0.7875,1452,23527596,0.007216341505738799,NaN
15981,0.2088452115656343,0.0464100470145854,0.01879874877287866,63,0.7875,1452,23542116,0.007216341505738799,NaN
15991,0.2088452115656343,0.0464100470145854,0.01879725510626159,63,0.7875,1453,23556644,0.007216341505738799,NaN
16001,0.2088452115656343,0.0464100470145854,0.018795770546766753,63,0.7875,1453,23571174,0.007216341505738799,NaN
16011,0.2088452115656343,0.0464100470145854,0.018794295790797274,63,0.7875,1453,23585704,0.007216341505738799,NaN
16021,0.2088452115656343,0.0464100470145854,0.018792831793847116,63,0.7875,1453,23600234,0.007216341505738799,NaN
16031,0.2088452115656343,0.0464100470145854,0.018791376667573467,63,0.7875,1453,23614764,0.007216341505738799,NaN
16041,0.2088452115656343,0.0464100470145854,0.018789931520661322,63,0.7875,1453,23629294,0.007216341505738799,NaN
16051,0.2088452115656343,0.0464100470145854,0.018788497251667695,63,0.7875,1453,23643824,0.007216341505738799,NaN
16061,0.2088452115656343,0.0464100470145854,0.01878706990548577,63,0.7875,1453,23658354,0.007216341505738799,NaN
16071,0.2088452115656343,0.0464100470145854,0.0187856522399849,63,0.7875,1453,23672884,0.007216341505738799,NaN
16081,0.2088452115656343,0.0464100470145854,0.018784243096049213,63,0.7875,1453,23687414,0.007216341505738799,NaN
16091,0.2088452115656343,0.0464100470145854,0.018782843460629715,63,0.7875,1453,23701944,0.007216341505738799,NaN
16101,0.2088452115656343,0.0464100470145854,0.01878145230638228,63,0.7875,1453,23716474,0.007216341505738799,NaN
16111,0.2088452115656343,0.0464100470145854,0.01878007013876918,62,0.775,1453,23731004,0.007216341505738799,NaN
16121,0.20712675558294041,0.04602816790732009,0.018687313985412627,62,0.775,1431,23745306,0.00682866134816662,NaN
16131,0.20712675558294041,0.04602816790732009,0.01860496077913389,62,0.775,1431,23759616,0.00682866134816662,NaN
16141,0.20712675558294041,0.04602816790732009,0.01853121496889054,62,0.775,1431,23773926,0.00682866134816662,NaN
16151,0.20712675558294041,0.04602816790732009,0.01846465618768118,62,0.775,1431,23788236,0.00682866134816662,NaN
16161,0.20712675558294041,0.04602816790732009,0.018404181183850434,62,0.775,1431,23802546,0.00682866134816662,NaN
16171,0.20712675558294041,0.04602816790732009,0.018348901888171676,62,0.775,1431,23816856,0.00682866134816662,NaN
16181,0.20712675558294041,0.04602816790732009,0.01829809483959617,62,0.775,1431,23831166,0.00682866134816662,NaN
16191,0.20712675558294041,0.04602816790732009,0.018251189180975805,62,0.775,1431,23845476,0.00682866134816662,NaN
16201,0.20712675558294041,0.04602816790732009,0.01820770219804379,62,0.775,1431,23859786,0.00682866134816662,NaN
16211,0.20712675558294041,0.04602816790732009,0.018167226410932776,62,0.775,1431,23874096,0.007861458019368661,NaN
16221,0.20712675558294041,0.04602816790732009,0.01812942676462235,62,0.775,1431,23888406,0.008533303290898464,NaN
16231,0.20712675558294041,0.04602816790732009,0.018094010614780005,62,0.775,1431,23902716,0.009334834636992029,NaN
16241,0.20712675558294041,0.04602816790732009,0.018060742725589295,62,0.775,1431,23917026,0.009830321550426846,NaN
16251,0.20712675558294041,0.04602816790732009,0.018029396997246327,62,0.775,1432,23931337,0.009034789893734352,NaN
16261,0.20712675558294041,0.04602816790732009,0.01799978199116526,62,0.775,1432,23945657,0.007977150608857897,NaN
16271,0.20712675558294041,0.04602816790732009,0.01797175538576374,62,0.775,1432,23959977,0.008092662516583304,NaN
16281,0.20712675558294041,0.04602816790732009,0.01794518105936884,62,0.775,1432,23974297,0.00802379170441564,NaN
16291,0.20712675558294041,0.04602816790732009,0.017919927355096225,62,0.775,1432,23988617,0.007042682346672824,NaN
16301,0.20712675558294041,0.04602816790732009,0.017895896233011584,62,0.775,1432,24002937,0.00682866134816662,NaN
16311,0.20712675558294041,0.04602816790732009,0.01787298412415622,62,0.775,1432,24017257,0.006854662614415197,NaN
16321,0.20712675558294041,0.04602816790732009,0.01785110514772186,62,0.775,1432,24031577,0.00682866134816662,NaN
16331,0.20712675558294041,0.04602816790732009,0.017830181702236866,62,0.775,1432,24045897,0.00682866134816662,NaN
16341,0.20712675558294041,0.04602816790732009,0.01781015050257029,62,0.775,1432,24060217,0.00682866134816662,NaN
16351,0.20712675558294041,0.04602816790732009,0.01779094747540795,62,0.775,1432,24074537,0.007244542866181591,NaN
16361,0.20712675558294041,0.04602816790732009,0.017772503472309607,62,0.775,1432,24088857,0.00682866134816662,NaN
16371,0.20712675558294041,0.04602816790732009,0.017754780361896545,62,0.775,1432,24103177,0.00682866134816662,NaN
16381,0.20712675558294041,0.04602816790732009,0.01773772994659216,62,0.775,1432,24117497,0.00682866134816662,NaN
16391,0.20712675558294041,0.04602816790732009,0.017721291380511265,62,0.775,1433,24131827,0.00682866134816662,NaN
16401,0.20712675558294041,0.04602816790732009,0.017705445591888216,62,0.775,1433,24146157,0.00682866134816662,NaN
16411,0.20712675558294041,0.04602816790732009,0.017690155421280242,62,0.775,1433,24160487,0.00682866134816662,NaN
16421,0.20712675558294041,0.04602816790732009,0.017675387124966226,62,0.775,1433,24174817,0.00682866134816662,NaN
16431,0.20712675558294041,0.04602816790732009,0.017661107983119533,62,0.775,1433,24189147,0.00682866134816662,NaN
16441,0.20712675558294041,0.04602816790732009,0.017647303232008325,62,0.775,1433,24203477,0.00682866134816662,NaN
16451,0.20712675558294041,0.04602816790732009,0.01763393432957122,62,0.775,1433,24217807,0.00682866134816662,NaN
16461,0.20712675558294041,0.04602816790732009,0.01762098292502131,62,0.775,1433,24232137,0.00682866134816662,NaN
16471,0.20712675558294041,0.04602816790732009,0.01760843122550188,62,0.775,1433,24246467,0.00682866134816662,NaN
16481,0.20712675558294041,0.04602816790732009,0.01759625067832245,62,0.775,1433,24260797,0.00682866134816662,NaN
16491,0.20712675558294041,0.04602816790732009,0.017584420480381835,62,0.775,1433,24275127,0.00682866134816662,NaN
16501,0.20712675558294041,0.04602816790732009,0.017572934395008143,62,0.775,1433,24289457,0.00682866134816662,NaN
16511,0.20712675558294041,0.04602816790732009,0.01756176464650677,62,0.775,1433,24303787,0.00682866134816662,NaN
16521,0.20712675558294041,0.04602816790732009,0.017550895129662084,62,0.775,1434,24318124,0.00682866134816662,NaN
16531,0.20712675558294041,0.04602816790732009,0.01754031804777384,62,0.775,1434,24332464,0.00682866134816662,NaN
16541,0.20712675558294041,0.04602816790732009,0.017530021514444716,62,0.775,1434,24346804,0.00682866134816662,NaN
16551,0.20712675558294041,0.04602816790732009,0.017519994739665534,62,0.775,1434,24361144,0.00682866134816662,NaN
16561,0.20712675558294041,0.04602816790732009,0.017510224220095644,62,0.775,1434,24375484,0.00682866134816662,NaN
16571,0.20712675558294041,0.04602816790732009,0.017500690022845357,62,0.775,1434,24389824,0.00682866134816662,NaN
16581,0.20712675558294041,0.04602816790732009,0.017491395792335725,62,0.775,1434,24404164,0.00682866134816662,NaN
16591,0.20712675558294041,0.04602816790732009,0.017482320672752422,62,0.775,1434,24418504,0.00682866134816662,NaN
16601,0.20712675558294041,0.04602816790732009,0.0174734665826911,62,0.775,1434,24432844,0.00682866134816662,NaN
16611,0.20712675558294041,0.04602816790732009,0.017464818041596587,62,0.775,1434,24447184,0.00682866134816662,NaN
16621,0.20712675558294041,0.04602816790732009,0.017456364827506725,62,0.775,1434,24461524,0.00682866134816662,NaN
16631,0.20712675558294041,0.04602816790732009,0.017448102207064123,62,0.775,1434,24475864,0.00682866134816662,NaN
16641,0.20712675558294041,0.04602816790732009,0.017440026762023383,62,0.775,1434,24490204,0.00682866134816662,NaN
16651,0.20712675558294041,0.04602816790732009,0.017432123657294563,62,0.775,1435,24504547,0.00682866134816662,NaN
16661,0.20712675558294041,0.04602816790732009,0.017424388231877842,62,0.775,1435,24518897,0.00682866134816662,NaN
16671,0.20712675558294041,0.04602816790732009,0.017416813785324305,62,0.775,1435,24533247,0.00682866134816662,NaN
16681,0.20712675558294041,0.04602816790732009,0.017409399451792342,62,0.775,1435,24547597,0.00682866134816662,NaN
16691,0.20712675558294041,0.04602816790732009,0.01740213640145958,62,0.775,1435,24561947,0.00682866134816662,NaN
16701,0.20712675558294041,0.04602816790732009,0.017395023029742194,62,0.775,1435,24576297,0.00682866134816662,NaN
16711,0.20712675558294041,0.04602816790732009,0.017388055812557573,62,0.775,1435,24590647,0.00682866134816662,NaN
16721,0.20712675558294041,0.04602816790732009,0.017381224448379855,62,0.775,1435,24604997,0.00682866134816662,NaN
16731,0.20712675558294041,0.04602816790732009,0.01737452237278432,62,0.775,1435,24619347,0.00682866134816662,NaN
16741,0.20712675558294041,0.04602816790732009,0.017367951051132244,62,0.775,1435,24633697,0.00682866134816662,NaN
16751,0.20712675558294041,0.04602816790732009,0.017361497475320016,62,0.775,1435,24648047,0.00682866134816662,NaN
16761,0.20712675558294041,0.04602816790732009,0.0173551650217992,62,0.775,1435,24662397,0.00682866134816662,NaN
16771,0.20712675558294041,0.04602816790732009,0.017348955426181336,62,0.775,1435,24676747,0.00682866134816662,NaN
16781,0.20712675558294041,0.04602816790732009,0.01734285521776007,62,0.775,1435,24691097,0.00682866134816662,NaN
16791,0.20712675558294041,0.04602816790732009,0.017336864415886118,62,0.775,1436,24705456,0.00682866134816662,NaN
16801,0.20712675558294041,0.04602816790732009,0.017330971801755714,62,0.775,1436,24719816,0.00682866134816662,NaN
16811,0.20712675558294041,0.04602816790732009,0.017325186600553773,62,0.775,1436,24734176,0.00682866134816662,NaN
16821,0.20712675558294041,0.04602816790732009,0.01731949892346913,62,0.775,1436,24748536,0.00682866134816662,NaN
16831,0.20712675558294041,0.04602816790732009,0.017313911573825846,62,0.775,1436,24762896,0.00682866134816662,NaN
16841,0.20712675558294041,0.04602816790732009,0.017308419861547415,62,0.775,1436,24777256,0.00682866134816662,NaN
16851,0.20712675558294041,0.04602816790732009,0.01730301644725102,62,0.775,1436,24791616,0.00682866134816662,NaN
16861,0.20712675558294041,0.04602816790732009,0.01729770225515549,62,0.775,1436,24805976,0.00682866134816662,NaN
16871,0.20712675558294041,0.04602816790732009,0.017292474417774737,62,0.775,1436,24820336,0.00682866134816662,NaN
16881,0.20712675558294041,0.04602816790732009,0.01728733241885193,62,0.775,1436,24834696,0.00682866134816662,NaN
16891,0.20712675558294041,0.04602816790732009,0.01728226901584425,62,0.775,1436,24849056,0.00682866134816662,NaN
16901,0.20712675558294041,0.04602816790732009,0.01727728032502527,62,0.775,1436,24863416,0.00682866134816662,NaN
16911,0.20712675558294041,0.04602816790732009,0.017272372018369463,62,0.775,1436,24877776,0.00682866134816662,NaN
16921,0.20712675558294041,0.04602816790732009,0.017267541345342193,62,0.775,1437,24892139,0.00682866134816662,NaN
16931,0.20712675558294041,0.04602816790732009,0.01726277984578828,62,0.775,1437,24906509,0.00682866134816662,NaN
16941,0.20712675558294041,0.04602816790732009,0.017258089262893617,62,0.775,1437,24920879,0.00682866134816662,NaN
16951,0.20712675558294041,0.04602816790732009,0.017253468433918204,62,0.775,1437,24935249,0.00682866134816662,NaN
16961,0.20712675558294041,0.04602816790732009,0.017248915956495307,62,0.775,1437,24949619,0.00682866134816662,NaN
16971,0.20712675558294041,0.04602816790732009,0.017244430378355675,62,0.775,1437,24963989,0.00682866134816662,NaN
16981,0.20712675558294041,0.04602816790732009,0.017240010226081175,62,0.775,1437,24978359,0.00682866134816662,NaN
16991,0.20712675558294041,0.04602816790732009,0.017235652298485844,62,0.775,1437,24992729,0.00682866134816662,NaN
17001,0.20712675558294041,0.04602816790732009,0.017231360324442394,62,0.775,1437,25007099,0.00682866134816662,NaN
17011,0.20712675558294041,0.04602816790732009,0.017227124123702937,62,0.775,1437,25021469,0.00682866134816662,NaN
17021,0.20712675558294041,0.04602816790732009,0.01722294717248895,62,0.775,1437,25035839,0.00682866134816662,NaN
17031,0.20712675558294041,0.04602816790732009,0.01721882485365859,62,0.775,1437,25050209,0.00682866134816662,NaN
17041,0.20712675558294041,0.04602816790732009,0.0172147606851958,62,0.775,1437,25064579,0.00682866134816662,NaN
17051,0.20712675558294041,0.04602816790732009,0.017210749592074484,62,0.775,1437,25078949,0.00682866134816662,NaN
17061,0.20712675558294041,0.04602816790732009,0.017206791877186385,62,0.775,1438,25093325,0.00682866134816662,NaN
17071,0.20712675558294041,0.04602816790732009,0.017202882225204764,62,0.775,1438,25107705,0.00682866134816662,NaN
17081,0.20712675558294041,0.04602816790732009,0.017199024045332124,62,0.775,1438,25122085,0.00682866134816662,NaN
17091,0.20712675558294041,0.04602816790732009,0.01719521501696921,62,0.775,1438,25136465,0.00682866134816662,NaN
17101,0.20712675558294041,0.04602816790732009,0.01719145555573526,62,0.775,1438,25150845,0.00682866134816662,NaN
17111,0.20712675558294041,0.04602816790732009,0.01718774426339143,62,0.775,1438,25165225,0.00682866134816662,NaN
17121,0.20712675558294041,0.04602816790732009,0.017184081676579952,62,0.775,1438,25179605,0.00682866134816662,NaN
17131,0.20712675558294041,0.04602816790732009,0.017180462625311383,62,0.775,1438,25193985,0.00682866134816662,NaN
17141,0.20712675558294041,0.04602816790732009,0.017176889661774365,62,0.775,1438,25208365,0.00682866134816662,NaN
17151,0.20712675558294041,0.04602816790732009,0.017173356855311062,62,0.775,1438,25222745,0.00682866134816662,NaN
17161,0.20712675558294041,0.04602816790732009,0.017169870426812457,62,0.775,1438,25237125,0.00682866134816662,NaN
17171,0.20712675558294041,0.04602816790732009,0.01716642399220149,62,0.775,1438,25251505,0.00682866134816662,NaN
17181,0.20712675558294041,0.04602816790732009,0.017163019325432422,62,0.775,1438,25265885,0.00682866134816662,NaN
17191,0.20712675558294041,0.04602816790732009,0.017159655040680198,62,0.775,1438,25280265,0.00682866134816662,NaN
17201,0.20712675558294041,0.04602816790732009,0.01715632559351777,62,0.775,1439,25294653,0.00682866134816662,NaN
17211,0.20712675558294041,0.04602816790732009,0.0171530388781829,62,0.775,1439,25309043,0.00682866134816662,NaN
17221,0.20712675558294041,0.04602816790732009,0.017149787992566116,62,0.775,1439,25323433,0.00682866134816662,NaN
17231,0.20712675558294041,0.04602816790732009,0.01714657658593728,62,0.775,1439,25337823,0.00682866134816662,NaN
17241,0.20712675558294041,0.04602816790732009,0.017143400784332664,62,0.775,1439,25352213,0.00682866134816662,NaN
17251,0.20712675558294041,0.04602816790732009,0.017140258045613976,62,0.775,1439,25366603,0.00682866134816662,NaN
17261,0.20712675558294041,0.04602816790732009,0.017137153533826985,62,0.775,1439,25380993,0.00682866134816662,NaN
17271,0.20712675558294041,0.04602816790732009,0.017134081343907797,62,0.775,1439,25395383,0.00682866134816662,NaN
17281,0.20712675558294041,0.04602816790732009,0.017131040376418556,62,0.775,1439,25409773,0.00682866134816662,NaN
17291,0.20712675558294041,0.04602816790732009,0.017128036318712608,62,0.775,1439,25424163,0.00682866134816662,NaN
17301,0.20712675558294041,0.04602816790732009,0.017125062704845213,62,0.775,1439,25438553,0.00682866134816662,NaN
17311,0.20712675558294041,0.04602816790732009,0.01712212337867395,62,0.775,1439,25452943,0.00682866134816662,NaN
17321,0.20712675558294041,0.04602816790732009,0.017119214208046997,62,0.775,1439,25467333,0.00682866134816662,NaN
17331,0.20712675558294041,0.04602816790732009,0.017116333375438175,62,0.775,1439,25481723,0.00682866134816662,NaN
17341,0.20712675558294041,0.04602816790732009,0.017113484372708817,62,0.775,1440,25496121,0.00682866134816662,NaN
17351,0.20712675558294041,0.04602816790732009,0.01711066118581972,62,0.775,1440,25510521,0.00682866134816662,NaN
17361,0.20712675558294041,0.04602816790732009,0.01710786902409203,62,0.775,1440,25524921,0.00682866134816662,NaN
17371,0.20712675558294041,0.04602816790732009,0.017105103455159133,62,0.775,1440,25539321,0.00682866134816662,NaN
17381,0.20712675558294041,0.04602816790732009,0.01710236793381916,62,0.775,1440,25553721,0.00682866134816662,NaN
17391,0.20712675558294041,0.04602816790732009,0.01709965940676071,62,0.775,1440,25568121,0.00682866134816662,NaN
17401,0.20712675558294041,0.04602816790732009,0.017096978648380702,62,0.775,1440,25582521,0.00682866134816662,NaN
17411,0.20712675558294041,0.04602816790732009,0.017094327207014183,62,0.775,1440,25596921,0.00682866134816662,NaN
17421,0.20712675558294041,0.04602816790732009,0.017091699258592146,62,0.775,1440,25611321,0.00682866134816662,NaN
17431,0.20712675558294041,0.04602816790732009,0.017089096876210262,62,0.775,1440,25625721,0.00682866134816662,NaN
17441,0.20712675558294041,0.04602816790732009,0.017086519707954297,62,0.775,1440,25640121,0.00682866134816662,NaN
17451,0.20712675558294041,0.04602816790732009,0.01708396995213109,62,0.775,1440,25654521,0.00682866134816662,NaN
17461,0.20712675558294041,0.04602816790732009,0.01708144390802812,62,0.775,1440,25668921,0.00682866134816662,NaN
17471,0.20712675558294041,0.04602816790732009,0.017078939021683972,62,0.775,1440,25683321,0.00682866134816662,NaN
17481,0.20712675558294041,0.04602816790732009,0.01707646237519691,62,0.775,1441,25697729,0.00682866134816662,NaN
17491,0.20712675558294041,0.04602816790732009,0.017074006255156798,62,0.775,1441,25712139,0.00682866134816662,NaN
17501,0.20712675558294041,0.04602816790732009,0.01707157115777415,62,0.775,1441,25726549,0.00682866134816662,NaN
17511,0.20712675558294041,0.04602816790732009,0.017069157681077043,62,0.775,1441,25740959,0.00682866134816662,NaN
17521,0.20712675558294041,0.04602816790732009,0.017066768961969937,62,0.775,1441,25755369,0.00682866134816662,NaN
17531,0.20712675558294041,0.04602816790732009,0.017064402980388395,62,0.775,1441,25769779,0.00682866134816662,NaN
17541,0.20712675558294041,0.04602816790732009,0.017062060120007123,62,0.775,1441,25784189,0.00682866134816662,NaN
17551,0.20712675558294041,0.04602816790732009,0.017059735070856008,62,0.775,1441,25798599,0.00682866134816662,NaN
17561,0.20712675558294041,0.04602816790732009,0.017057431729667328,62,0.775,1441,25813009,0.00682866134816662,NaN
17571,0.20712675558294041,0.04602816790732009,0.017055147633852727,62,0.775,1441,25827419,0.00682866134816662,NaN
17581,0.20712675558294041,0.04602816790732009,0.01705288463552168,62,0.775,1441,25841829,0.00682866134816662,NaN
17591,0.20712675558294041,0.04602816790732009,0.01705064325735412,62,0.775,1441,25856239,0.00682866134816662,NaN
17601,0.20712675558294041,0.04602816790732009,0.01704841996193323,62,0.775,1441,25870649,0.00682866134816662,NaN
17611,0.20712675558294041,0.04602816790732009,0.017046218895390375,62,0.775,1441,25885059,0.00682866134816662,NaN
17621,0.20712675558294041,0.04602816790732009,0.01704403452132257,62,0.775,1442,25899476,0.00682866134816662,NaN
17631,0.20712675558294041,0.04602816790732009,0.01704186727421246,62,0.775,1442,25913896,0.00682866134816662,NaN
17641,0.20712675558294041,0.04602816790732009,0.017039718810273156,62,0.775,1442,25928316,0.00682866134816662,NaN
17651,0.20712675558294041,0.04602816790732009,0.017037588187859238,62,0.775,1442,25942736,0.00682866134816662,NaN
17661,0.20712675558294041,0.04602816790732009,0.017035475595755224,62,0.775,1442,25957156,0.00682866134816662,NaN
17671,0.20712675558294041,0.04602816790732009,0.01703338327267555,62,0.775,1442,25971576,0.00682866134816662,NaN
17681,0.20712675558294041,0.04602816790732009,0.017031304325764295,62,0.775,1442,25985996,0.00682866134816662,NaN
17691,0.20712675558294041,0.04602816790732009,0.017029247014946656,62,0.775,1442,26000416,0.00682866134816662,NaN
17701,0.20712675558294041,0.04602816790732009,0.01702720617931782,62,0.775,1442,26014836,0.00682866134816662,NaN
17711,0.20712675558294041,0.04602816790732009,0.01702518083951256,62,0.775,1442,26029256,0.00682866134816662,NaN
17721,0.20712675558294041,0.04602816790732009,0.01702316896075625,62,0.775,1442,26043676,0.00682866134816662,NaN
17731,0.20712675558294041,0.04602816790732009,0.017021175739657408,62,0.775,1442,26058096,0.00682866134816662,NaN
17741,0.20712675558294041,0.04602816790732009,0.017019198664908072,62,0.775,1442,26072516,0.00682866134816662,NaN
17751,0.20712675558294041,0.04602816790732009,0.0170172363733285,62,0.775,1442,26086936,0.00682866134816662,NaN
17761,0.20712675558294041,0.04602816790732009,0.017015289815760448,62,0.775,1443,26101360,0.00682866134816662,NaN
17771,0.20712675558294041,0.04602816790732009,0.017013358655492986,62,0.775,1443,26115790,0.00682866134816662,NaN
17781,0.20712675558294041,0.04602816790732009,0.01701144168406718,62,0.775,1443,26130220,0.00682866134816662,NaN
17791,0.20712675558294041,0.04602816790732009,0.017009538968824404,62,0.775,1443,26144650,0.00682866134816662,NaN
17801,0.20712675558294041,0.04602816790732009,0.017007652340814878,62,0.775,1443,26159080,0.00682866134816662,NaN
17811,0.20712675558294041,0.04602816790732009,0.017005780573768604,62,0.775,1443,26173510,0.00682866134816662,NaN
17821,0.20712675558294041,0.04602816790732009,0.017003924154070545,62,0.775,1443,26187940,0.00682866134816662,NaN
17831,0.20712675558294041,0.04602816790732009,0.017002082900133057,62,0.775,1443,26202370,0.00682866134816662,NaN
17841,0.20712675558294041,0.04602816790732009,0.017000254616072484,62,0.775,1443,26216800,0.00682866134816662,NaN
17851,0.20712675558294041,0.04602816790732009,0.016998439949637657,62,0.775,1443,26231230,0.00682866134816662,NaN
17861,0.20712675558294041,0.04602816790732009,0.016996637984244216,62,0.775,1443,26245660,0.00682866134816662,NaN
17871,0.20712675558294041,0.04602816790732009,0.016994849096725568,62,0.775,1443,26260090,0.00682866134816662,NaN
17881,0.20712675558294041,0.04602816790732009,0.016993074377383517,62,0.775,1443,26274520,0.00682866134816662,NaN
17891,0.20712675558294041,0.04602816790732009,0.016991311633190044,62,0.775,1443,26288950,0.00682866134816662,NaN
17901,0.20712675558294041,0.04602816790732009,0.016989562134686213,62,0.775,1443,26303380,0.00682866134816662,NaN
17911,0.20712675558294041,0.04602816790732009,0.01698782430561594,62,0.775,1444,26317820,0.00682866134816662,NaN
17921,0.20712675558294041,0.04602816790732009,0.016986098998276175,62,0.775,1444,26332260,0.00682866134816662,NaN
17931,0.20712675558294041,0.04602816790732009,0.016984387912333858,62,0.775,1444,26346700,0.00682866134816662,NaN
17941,0.20712675558294041,0.04602816790732009,0.01698268795094,62,0.775,1444,26361140,0.00682866134816662,NaN
17951,0.20712675558294041,0.04602816790732009,0.01698100214876412,62,0.775,1444,26375580,0.00682866134816662,NaN
17961,0.20712675558294041,0.04602816790732009,0.01697932769723452,62,0.775,1444,26390020,0.00682866134816662,NaN
17971,0.20712675558294041,0.04602816790732009,0.016977664190088892,62,0.775,1444,26404460,0.00682866134816662,NaN
17981,0.20712675558294041,0.04602816790732009,0.01697601325915376,62,0.775,1444,26418900,0.00682866134816662,NaN
17991,0.20712675558294041,0.04602816790732009,0.016974374201156776,62,0.775,1444,26433340,0.00682866134816662,NaN
18001,0.20712675558294041,0.04602816790732009,0.016972746555178088,62,0.775,1444,26447780,0.00682866134816662,NaN
18011,0.20712675558294041,0.04602816790732009,0.01697112992281203,62,0.775,1444,26462220,0.00682866134816662,NaN
18021,0.20712675558294041,0.04602816790732009,0.016969523411421557,62,0.775,1444,26476660,0.00682866134816662,NaN
18031,0.20712675558294041,0.04602816790732009,0.016967928623427695,62,0.775,1444,26491100,0.00682866134816662,NaN
18041,0.20712675558294041,0.04602816790732009,0.01696634576457432,62,0.775,1444,26505540,0.00682866134816662,NaN
18051,0.20712675558294041,0.04602816790732009,0.016964773207005755,62,0.775,1445,26519985,0.00682866134816662,NaN
18061,0.20712675558294041,0.04602816790732009,0.016963210241262447,62,0.775,1445,26534435,0.00682866134816662,NaN
18071,0.20712675558294041,0.04602816790732009,0.016961658594085,62,0.775,1445,26548885,0.00682866134816662,NaN
18081,0.20712675558294041,0.04602816790732009,0.01696011905664109,62,0.775,1445,26563335,0.00682866134816662,NaN
18091,0.20712675558294041,0.04602816790732009,0.016958587875755972,62,0.775,1445,26577785,0.00682866134816662,NaN
18101,0.20712675558294041,0.04602816790732009,0.01695706751552337,62,0.775,1445,26592235,0.00682866134816662,NaN
18111,0.20712675558294041,0.04602816790732009,0.016955555941414527,62,0.775,1445,26606685,0.00682866134816662,NaN
18121,0.20712675558294041,0.04602816790732009,0.016954053297997897,62,0.775,1445,26621135,0.00682866134816662,NaN
18131,0.20712675558294041,0.04602816790732009,0.016952563038131006,62,0.775,1445,26635585,0.00682866134816662,NaN
18141,0.20712675558294041,0.04602816790732009,0.016951081750230156,62,0.775,1445,26650035,0.00682866134816662,NaN
18151,0.20712675558294041,0.04602816790732009,0.016949610979799593,62,0.775,1445,26664485,0.00682866134816662,NaN
18161,0.20712675558294041,0.04602816790732009,0.016948148304700414,62,0.775,1445,26678935,0.00682866134816662,NaN
18171,0.20712675558294041,0.04602816790732009,0.01694669667686889,62,0.775,1445,26693385,0.00682866134816662,NaN
18181,0.20712675558294041,0.04602816790732009,0.016945252445794805,62,0.775,1445,26707835,0.00682866134816662,NaN
18191,0.20712675558294041,0.04602816790732009,0.016943818766879334,62,0.775,1445,26722285,0.00682866134816662,NaN
18201,0.20712675558294041,0.04602816790732009,0.01694239182037445,62,0.775,1446,26736744,0.00682866134816662,NaN
18211,0.20712675558294041,0.04602816790732009,0.016940975455099132,62,0.775,1446,26751204,0.00682866134816662,NaN
18221,0.20712675558294041,0.04602816790732009,0.016939566881631007,62,0.775,1446,26765664,0.00682866134816662,NaN
18231,0.20712675558294041,0.04602816790732009,0.016938168615274835,62,0.775,1446,26780124,0.00682866134816662,NaN
18241,0.20712675558294041,0.04602816790732009,0.016936777642891837,62,0.775,1446,26794584,0.00682866134816662,NaN
18251,0.20712675558294041,0.04602816790732009,0.016935396154813147,62,0.775,1446,26809044,0.00682866134816662,NaN
18261,0.20712675558294041,0.04602816790732009,0.016934024212681347,62,0.775,1446,26823504,0.00682866134816662,NaN
18271,0.20374558570984513,0.04509973433979899,0.01688712995994385,61,0.7625,1423,26837849,0.007175066003130837,NaN
18281,0.1960161543725699,0.043401517398519475,0.016802686578924256,61,0.7625,1423,26852079,0.0059216912954374035,NaN
18291,0.1891598570421004,0.04189547812368399,0.016727284392281775,61,0.7625,1423,26866309,0.006033669763428839,NaN
18301,0.18283286515168082,0.04049870156661466,0.01665941143523831,61,0.7625,1423,26880539,0.005058540978685133,NaN
18311,0.17725053724565815,0.03926186580678854,0.01659787918479333,61,0.7625,1423,26894769,0.004526519186828115,NaN
18321,0.1721813122633443,0.03815649460003536,0.016541754483739266,61,0.7625,1423,26908999,0.004526519186828115,NaN
18331,0.16747335326591514,0.03711176470972008,0.016490282824647602,61,0.7625,1423,26923229,0.004526519186828115,NaN
18341,0.16314525754901324,0.03616675649090259,0.016442847187365123,61,0.7625,1423,26937459,0.004526519186828115,NaN
18351,0.15919454525644872,0.035297577493756956,0.01639894288454278,61,0.7625,1423,26951689,0.004526519186828115,NaN
18361,0.1555832669842249,0.034496489793046634,0.016358149172997972,61,0.7625,1423,26965919,0.004526519186828115,NaN
18371,0.15214545337399996,0.03373810688016366,0.01632010920053193,61,0.7625,1423,26980149,0.004526519186828115,NaN
18381,0.14899588187206228,0.033041925099444557,0.01628452849822399,61,0.7625,1423,26994379,0.004526519186828115,NaN
18391,0.14600321464741775,0.03238338924319522,0.016251138967423577,61,0.7625,1424,27008612,0.004526519186828115,NaN
18401,0.14317252529411742,0.03175505814522682,0.01621971424219929,61,0.7625,1424,27022852,0.004526519186828115,NaN
18411,0.14044201704493467,0.03115518299482736,0.016190083051011266,61,0.7625,1424,27037092,0.004526519186828115,NaN
18421,0.13791032839592937,0.030588072699116193,0.016162076907947583,61,0.7625,1424,27051332,0.004526519186828115,NaN
18431,0.13555044549176895,0.030071317743864394,0.016135552734681848,61,0.7625,1424,27065572,0.004526519186828115,NaN
18441,0.13330044087196177,0.029575941387045303,0.01611038262376622,61,0.7625,1424,27079812,0.004526519186828115,NaN
18451,0.13115425531725622,0.029100230740671206,0.0160864522944663,61,0.7625,1424,27094052,0.004526519186828115,NaN
18461,0.12915297107132065,0.028655599635060938,0.016063666055575,61,0.7625,1424,27108292,0.004526519186828115,NaN
18471,0.12718237078677816,0.02822167526006674,0.01604192982187338,61,0.7625,1424,27122532,0.004526519186828115,NaN
18481,0.12532484602425034,0.02780912458551491,0.01602116708607601,61,0.7625,1424,27136772,0.004526519186828115,NaN
18491,0.12352015924792739,0.02741138926164752,0.016001302115345353,61,0.7625,1424,27151012,0.004526519186828115,NaN
18501,0.12183380323017715,0.02703539193774478,0.015982275917990223,61,0.7625,1424,27165252,0.004526519186828115,NaN
18511,0.1201953709187613,0.026675077322140802,0.015964028069459957,61,0.7625,1424,27179492,0.004526519186828115,NaN
18521,0.11864780884146293,0.026331490961227926,0.015946507041757214,61,0.7625,1424,27193732,0.004526519186828115,NaN
18531,0.11714432996325867,0.02599881434243914,0.01592966588531871,61,0.7625,1424,27207972,0.004526519186828115,NaN
18541,0.11668680600921408,0.025930401335380906,0.01591345744342541,61,0.7625,1425,27222214,0.004526519186828115,NaN
18551,0.11668680600921408,0.025930401335380906,0.01589783774297458,61,0.7625,1425,27236464,0.004526519186828115,NaN
18561,0.11668680600921408,0.025930401335380906,0.01588277903519837,61,0.7625,1425,27250714,0.004526519186828115,NaN
18571,0.11668680600921408,0.025930401335380906,0.01586824532010823,61,0.7625,1425,27264964,0.004526519186828115,NaN
18581,0.11668680600921408,0.025930401335380906,0.015854207750423167,61,0.7625,1425,27279214,0.004526519186828115,NaN
18591,0.11668680600921408,0.025930401335380906,0.01584064060384461,61,0.7625,1425,27293464,0.004526519186828115,NaN
18601,0.11668680600921408,0.025930401335380906,0.01582751587633677,61,0.7625,1425,27307714,0.004526519186828115,NaN
18611,0.11668680600921408,0.025930401335380906,0.015814808935439267,61,0.7625,1425,27321964,0.004526519186828115,NaN
18621,0.11668680600921408,0.025930401335380906,0.015802497818994517,61,0.7625,1425,27336214,0.004526519186828115,NaN
18631,0.11668680600921408,0.025930401335380906,0.015790565080322182,61,0.7625,1425,27350464,0.004526519186828115,NaN
18641,0.11668680600921408,0.025930401335380906,0.01577898977886763,61,0.7625,1425,27364714,0.004526519186828115,NaN
18651,0.11668680600921408,0.025930401335380906,0.015767752188813378,61,0.7625,1425,27378964,0.004526519186828115,NaN
18661,0.11668680600921408,0.025930401335380906,0.015756837935611067,61,0.7625,1425,27393214,0.004526519186828115,NaN
18671,0.11668680600921408,0.025930401335380906,0.015746230652234103,61,0.7625,1425,27407464,0.004526519186828115,NaN
18681,0.11668680600921408,0.025930401335380906,0.01573591576734723,61,0.7625,1425,27421714,0.004526519186828115,NaN
18691,0.11668680600921408,0.025930401335380906,0.015725881484009527,61,0.7625,1425,27435964,0.004526519186828115,NaN
18701,0.11668680600921408,0.025930401335380906,0.01571610665002658,61,0.7625,1426,27450223,0.004526519186828115,NaN
18711,0.11668680600921408,0.025930401335380906,0.015706587647938093,61,0.7625,1426,27464483,0.004526519186828115,NaN
18721,0.11668680600921408,0.025930401335380906,0.015697311080271642,61,0.7625,1426,27478743,0.004526519186828115,NaN
18731,0.11668680600921408,0.025930401335380906,0.01568826910540943,61,0.7625,1426,27493003,0.004526519186828115,NaN
18741,0.11668680600921408,0.025930401335380906,0.015679450445463157,61,0.7625,1426,27507263,0.004526519186828115,NaN
18751,0.11668680600921408,0.025930401335380906,0.015670847724750962,61,0.7625,1426,27521523,0.004526519186828115,NaN
18761,0.11668680600921408,0.025930401335380906,0.015662450781441115,61,0.7625,1426,27535783,0.004526519186828115,NaN
18771,0.11668680600921408,0.025930401335380906,0.01565425099870673,61,0.7625,1426,27550043,0.004526519186828115,NaN
18781,0.11668680600921408,0.025930401335380906,0.015646240622577624,61,0.7625,1426,27564303,0.004526519186828115,NaN
18791,0.11668680600921408,0.025930401335380906,0.01563841405831113,61,0.7625,1426,27578563,0.004526519186828115,NaN
18801,0.11668680600921408,0.025930401335380906,0.015630762144705556,61,0.7625,1426,27592823,0.004526519186828115,NaN
18811,0.11668680600921408,0.025930401335380906,0.015623280557592639,61,0.7625,1426,27607083,0.004526519186828115,NaN
18821,0.11668680600921408,0.025930401335380906,0.0156159601933476,61,0.7625,1426,27621343,0.004526519186828115,NaN
18831,0.11668680600921408,0.025930401335380906,0.015608795763806577,61,0.7625,1426,27635603,0.004526519186828115,NaN
18841,0.11668680600921408,0.025930401335380906,0.01560178302996047,61,0.7625,1426,27649863,0.004526519186828115,NaN
18851,0.11668680600921408,0.025930401335380906,0.015594913991978288,61,0.7625,1427,27664128,0.004526519186828115,NaN
18861,0.11668680600921408,0.025930401335380906,0.015588183753498689,61,0.7625,1427,27678398,0.004526519186828115,NaN
18871,0.11668680600921408,0.025930401335380906,0.015581587288103136,61,0.7625,1427,27692668,0.004526519186828115,NaN
18881,0.11668680600921408,0.025930401335380906,0.01557512422268872,61,0.7625,1427,27706938,0.004526519186828115,NaN
18891,0.11668680600921408,0.025930401335380906,0.015568788814056054,61,0.7625,1427,27721208,0.004526519186828115,NaN
18901,0.11668680600921408,0.025930401335380906,0.015562576492382546,61,0.7625,1427,27735478,0.004526519186828115,NaN
18911,0.11668680600921408,0.025930401335380906,0.015556480574598746,61,0.7625,1427,27749748,0.004526519186828115,NaN
18921,0.11668680600921408,0.025930401335380906,0.01555050094409359,61,0.7625,1427,27764018,0.004526519186828115,NaN
18931,0.11668680600921408,0.025930401335380906,0.015544632623913063,61,0.7625,1427,27778288,0.004526519186828115,NaN
18941,0.11668680600921408,0.025930401335380906,0.01553887082112555,61,0.7625,1427,27792558,0.004526519186828115,NaN
18951,0.11668680600921408,0.025930401335380906,0.015533215781081657,61,0.7625,1427,27806828,0.004526519186828115,NaN
18961,0.11668680600921408,0.025930401335380906,0.015527661030861556,61,0.7625,1427,27821098,0.004526519186828115,NaN
18971,0.11668680600921408,0.025930401335380906,0.015522204215309832,61,0.7625,1427,27835368,0.004526519186828115,NaN
18981,0.11668680600921408,0.025930401335380906,0.015516842565646092,61,0.7625,1427,27849638,0.004526519186828115,NaN
18991,0.11668680600921408,0.025930401335380906,0.015511572696484061,61,0.7625,1427,27863908,0.004526519186828115,NaN
19001,0.11668680600921408,0.025930401335380906,0.015506393062467561,61,0.7625,1427,27878178,0.004526519186828115,NaN
19011,0.11668680600921408,0.025930401335380906,0.015501297179564413,61,0.7625,1428,27892458,0.004526519186828115,NaN
19021,0.11668680600921408,0.025930401335380906,0.01549628573392324,61,0.7625,1428,27906738,0.004526519186828115,NaN
19031,0.11668680600921408,0.025930401335380906,0.015491358009098613,61,0.7625,1428,27921018,0.004526519186828115,NaN
19041,0.11668680600921408,0.025930401335380906,0.015486509239634554,61,0.7625,1428,27935298,0.004526519186828115,NaN
19051,0.11668680600921408,0.025930401335380906,0.01548173893900846,61,0.7625,1428,27949578,0.004526519186828115,NaN
19061,0.11668680600921408,0.025930401335380906,0.015477044415650686,61,0.7625,1428,27963858,0.004526519186828115,NaN
19071,0.11668680600921408,0.025930401335380906,0.015472423376266068,61,0.7625,1428,27978138,0.004526519186828115,NaN
19081,0.11668680600921408,0.025930401335380906,0.015467873938883808,61,0.7625,1428,27992418,0.004526519186828115,NaN
19091,0.11668680600921408,0.025930401335380906,0.015463394022556434,61,0.7625,1428,28006698,0.004526519186828115,NaN
19101,0.11668680600921408,0.025930401335380906,0.015458983227258338,61,0.7625,1428,28020978,0.004526519186828115,NaN
19111,0.11668680600921408,0.025930401335380906,0.015454638144834717,61,0.7625,1428,28035258,0.004526519186828115,NaN
19121,0.11668680600921408,0.025930401335380906,0.015450358532421011,61,0.7625,1428,28049538,0.004526519186828115,NaN
19131,0.11668680600921408,0.025930401335380906,0.01544614204198649,61,0.7625,1428,28063818,0.004526519186828115,NaN
19141,0.11668680600921408,0.025930401335380906,0.015441985966245334,61,0.7625,1428,28078098,0.004526519186828115,NaN
19151,0.11668680600921408,0.025930401335380906,0.015437890597440787,61,0.7625,1428,28092378,0.004526519186828115,NaN
19161,0.11668680600921408,0.025930401335380906,0.01543385255498042,61,0.7625,1429,28106662,0.004526519186828115,NaN
19171,0.11668680600921408,0.025930401335380906,0.015429869947816918,61,0.7625,1429,28120952,0.004526519186828115,NaN
19181,0.11668680600921408,0.025930401335380906,0.015425943262204719,61,0.7625,1429,28135242,0.004526519186828115,NaN
19191,0.11668680600921408,0.025930401335380906,0.015422070017508085,61,0.7625,1429,28149532,0.004526519186828115,NaN
19201,0.11668680600921408,0.025930401335380906,0.015418249893300314,61,0.7625,1429,28163822,0.004526519186828115,NaN
19211,0.11668680600921408,0.025930401335380906,0.015414481729244913,61,0.7625,1429,28178112,0.004526519186828115,NaN
19221,0.11668680600921408,0.025930401335380906,0.015410763765405303,61,0.7625,1429,28192402,0.004526519186828115,NaN
19231,0.11668680600921408,0.025930401335380906,0.015407095085666156,61,0.7625,1429,28206692,0.004526519186828115,NaN
19241,0.11668680600921408,0.025930401335380906,0.01540347652854683,61,0.7625,1429,28220982,0.004526519186828115,NaN
19251,0.11668680600921408,0.025930401335380906,0.015399904084778671,61,0.7625,1429,28235272,0.004526519186828115,NaN
19261,0.11668680600921408,0.025930401335380906,0.015396379833944988,61,0.7625,1429,28249562,0.004526519186828115,NaN
19271,0.11668680600921408,0.025930401335380906,0.015392899268192525,61,0.7625,1429,28263852,0.004526519186828115,NaN
19281,0.11668680600921408,0.025930401335380906,0.015389463758997923,61,0.7625,1429,28278142,0.004526519186828115,NaN
19291,0.11668680600921408,0.025930401335380906,0.015386070021880416,61,0.7625,1429,28292432,0.004526519186828115,NaN
19301,0.11668680600921408,0.025930401335380906,0.01538271893158262,61,0.7625,1429,28306722,0.004526519186828115,NaN
19311,0.11668680600921408,0.025930401335380906,0.015379410930110474,61,0.7625,1429,28321012,0.004526519186828115,NaN
19321,0.11668680600921408,0.025930401335380906,0.015376141434800015,61,0.7625,1430,28335308,0.004526519186828115,NaN
19331,0.11668680600921408,0.025930401335380906,0.015372910725980418,61,0.7625,1430,28349608,0.004526519186828115,NaN
19341,0.11668680600921408,0.025930401335380906,0.015369719957220284,61,0.7625,1430,28363908,0.004526519186828115,NaN
19351,0.11668680600921408,0.025930401335380906,0.015366565605903052,61,0.7625,1430,28378208,0.004526519186828115,NaN
19361,0.11668680600921408,0.025930401335380906,0.015363449371504004,61,0.7625,1430,28392508,0.004526519186828115,NaN
19371,0.11668680600921408,0.025930401335380906,0.015360369527677348,61,0.7625,1430,28406808,0.004526519186828115,NaN
19381,0.11668680600921408,0.025930401335380906,0.01535732574486225,61,0.7625,1430,28421108,0.004526519186828115,NaN
19391,0.11668680600921408,0.025930401335380906,0.015354317226722477,61,0.7625,1430,28435408,0.004526519186828115,NaN
19401,0.11668680600921408,0.025930401335380906,0.0153513439218436,61,0.7625,1430,28449708,0.004526519186828115,NaN
19411,0.11668680600921408,0.025930401335380906,0.015348403564001967,61,0.7625,1430,28464008,0.004526519186828115,NaN
19421,0.11668680600921408,0.025930401335380906,0.015345496595107751,61,0.7625,1430,28478308,0.004526519186828115,NaN
19431,0.11668680600921408,0.025930401335380906,0.015342622716036583,61,0.7625,1430,28492608,0.004526519186828115,NaN
19441,0.11668680600921408,0.025930401335380906,0.015339781390874909,61,0.7625,1430,28506908,0.004526519186828115,NaN
19451,0.11668680600921408,0.025930401335380906,0.015336970292757112,61,0.7625,1430,28521208,0.004526519186828115,NaN
19461,0.11668680600921408,0.025930401335380906,0.015334190661511326,61,0.7625,1430,28535508,0.004526519186828115,NaN
19471,0.11668680600921408,0.025930401335380906,0.015331439637532996,61,0.7625,1430,28549808,0.004526519186828115,NaN
19481,0.11668680600921408,0.025930401335380906,0.015328718136773384,61,0.7625,1431,28564115,0.004526519186828115,NaN
19491,0.11668680600921408,0.025930401335380906,0.015326024999864648,61,0.7625,1431,28578425,0.004526519186828115,NaN
19501,0.11668680600921408,0.025930401335380906,0.015323360385057388,61,0.7625,1431,28592735,0.004526519186828115,NaN
19511,0.11668680600921408,0.025930401335380906,0.015320724304065262,61,0.7625,1431,28607045,0.004526519186828115,NaN
19521,0.11668680600921408,0.025930401335380906,0.015318115057469989,61,0.7625,1431,28621355,0.004526519186828115,NaN
19531,0.11668680600921408,0.025930401335380906,0.01531553363399894,61,0.7625,1431,28635665,0.004526519186828115,NaN
19541,0.11668680600921408,0.025930401335380906,0.015312978209151656,61,0.7625,1431,28649975,0.004526519186828115,NaN
19551,0.11668680600921408,0.025930401335380906,0.015310448432805431,61,0.7625,1431,28664285,0.004526519186828115,NaN
19561,0.11668680600921408,0.025930401335380906,0.015307944573185137,61,0.7625,1431,28678595,0.004526519186828115,NaN
19571,0.11668680600921408,0.025930401335380906,0.015305465597224047,61,0.7625,1431,28692905,0.004526519186828115,NaN
19581,0.11668680600921408,0.025930401335380906,0.01530301123346219,61,0.7625,1431,28707215,0.004526519186828115,NaN
19591,0.11668680600921408,0.025930401335380906,0.01530058082608583,61,0.7625,1431,28721525,0.004526519186828115,NaN
19601,0.11668680600921408,0.025930401335380906,0.015298175001693604,61,0.7625,1431,28735835,0.004526519186828115,NaN
19611,0.11668680600921408,0.025930401335380906,0.015295792559698517,61,0.7625,1431,28750145,0.004526519186828115,NaN
19621,0.11668680600921408,0.025930401335380906,0.015293433709137466,61,0.7625,1431,28764455,0.004526519186828115,NaN
19631,0.11668680600921408,0.025930401335380906,0.015291096634061785,61,0.7625,1431,28778765,0.004526519186828115,NaN
19641,0.11668680600921408,0.025930401335380906,0.015288781923063415,61,0.7625,1432,28793082,0.004526519186828115,NaN
19651,0.11668680600921408,0.025930401335380906,0.015286489166889886,61,0.7625,1432,28807402,0.004526519186828115,NaN
19661,0.11668680600921408,0.025930401335380906,0.015284216719811982,61,0.7625,1432,28821722,0.004526519186828115,NaN
19671,0.11668680600921408,0.025930401335380906,0.015281965904611719,61,0.7625,1432,28836042,0.004526519186828115,NaN
19681,0.11668680600921408,0.025930401335380906,0.015279736363713997,61,0.7625,1432,28850362,0.004526519186828115,NaN
19691,0.11668680600921408,0.025930401335380906,0.015277527922473746,61,0.7625,1432,28864682,0.004526519186828115,NaN
19701,0.11668680600921408,0.025930401335380906,0.015275340429057916,61,0.7625,1432,28879002,0.004526519186828115,NaN
19711,0.11668680600921408,0.025930401335380906,0.015273171899508612,61,0.7625,1432,28893322,0.004526519186828115,NaN
19721,0.11668680600921408,0.025930401335380906,0.015271022783793494,61,0.7625,1432,28907642,0.004526519186828115,NaN
19731,0.11668680600921408,0.025930401335380906,0.015268892772432796,61,0.7625,1432,28921962,0.004526519186828115,NaN
19741,0.11668680600921408,0.025930401335380906,0.015266783167673246,61,0.7625,1432,28936282,0.004526519186828115,NaN
19751,0.11668680600921408,0.025930401335380906,0.015264692624182074,61,0.7625,1432,28950602,0.004526519186828115,NaN
19761,0.11668680600921408,0.025930401335380906,0.015262620232742807,61,0.7625,1432,28964922,0.004526519186828115,NaN
19771,0.11668680600921408,0.025930401335380906,0.015260564911664932,61,0.7625,1432,28979242,0.004526519186828115,NaN
19781,0.11668680600921408,0.025930401335380906,0.015258527882382456,61,0.7625,1432,28993562,0.004526519186828115,NaN
19791,0.11668680600921408,0.025930401335380906,0.015256509060512454,61,0.7625,1432,29007882,0.004526519186828115,NaN
19801,0.11668680600921408,0.025930401335380906,0.015254507527529748,61,0.7625,1433,29022207,0.004526519186828115,NaN
19811,0.11668680600921408,0.025930401335380906,0.015252521610026082,61,0.7625,1433,29036537,0.004526519186828115,NaN
19821,0.11668680600921408,0.025930401335380906,0.015250552614904928,61,0.7625,1433,29050867,0.004526519186828115,NaN
19831,0.11668680600921408,0.025930401335380906,0.01524860040011762,61,0.7625,1433,29065197,0.004526519186828115,NaN
19841,0.11668680600921408,0.025930401335380906,0.01524666481949244,61,0.7625,1433,29079527,0.004526519186828115,NaN
19851,0.11668680600921408,0.025930401335380906,0.015244744330453114,61,0.7625,1433,29093857,0.004526519186828115,NaN
19861,0.11668680600921408,0.025930401335380906,0.015242840236825655,61,0.7625,1433,29108187,0.004526519186828115,NaN
19871,0.11668680600921408,0.025930401335380906,0.015240952071554473,61,0.7625,1433,29122517,0.004526519186828115,NaN
19881,0.11668680600921408,0.025930401335380906,0.015239079201613409,61,0.7625,1433,29136847,0.004526519186828115,NaN
19891,0.11668680600921408,0.025930401335380906,0.015237221941809398,61,0.7625,1433,29151177,0.004526519186828115,NaN
19901,0.11668680600921408,0.025930401335380906,0.015235380643429403,61,0.7625,1433,29165507,0.004526519186828115,NaN
19911,0.11668680600921408,0.025930401335380906,0.015233553078412124,61,0.7625,1433,29179837,0.004526519186828115,NaN
19921,0.11668680600921408,0.025930401335380906,0.01523174045265919,61,0.7625,1433,29194167,0.004526519186828115,NaN
19931,0.11668680600921408,0.025930401335380906,0.015229941542309564,61,0.7625,1433,29208497,0.004526519186828115,NaN
19941,0.11668680600921408,0.025930401335380906,0.015228158074844326,61,0.7625,1433,29222827,0.004526519186828115,NaN
19951,0.11668680600921408,0.025930401335380906,0.015226388100413196,61,0.7625,1433,29237157,0.004526519186828115,NaN
19961,0.11668680600921408,0.025930401335380906,0.015224631195301578,61,0.7625,1434,29251489,0.004526519186828115,NaN
19971,0.11668680600921408,0.025930401335380906,0.015222887324867259,61,0.7625,1434,29265829,0.004526519186828115,NaN
19981,0.11668680600921408,0.025930401335380906,0.015221156762861834,61,0.7625,1434,29280169,0.004526519186828115,NaN
19991,0.11668680600921408,0.025930401335380906,0.01521944119338165,61,0.7625,1434,29294509,0.004526519186828115,NaN
20001,0.11668680600921408,0.025930401335380906,0.01521773724533591,61,0.7625,1434,29308849,0.004526519186828115,NaN
20011,0.11668680600921408,0.025930401335380906,0.015216046930876517,61,0.7625,1434,29323189,0.004526519186828115,NaN
20021,0.11668680600921408,0.025930401335380906,0.015214369276776846,61,0.7625,1434,29337529,0.004526519186828115,NaN
20031,0.11668680600921408,0.025930401335380906,0.015212704344782496,61,0.7625,1434,29351869,0.004526519186828115,NaN
20041,0.11668680600921408,0.025930401335380906,0.015211052079409404,61,0.7625,1434,29366209,0.004526519186828115,NaN
20051,0.11668680600921408,0.025930401335380906,0.015209412050938564,61,0.7625,1434,29380549,0.004526519186828115,NaN
20061,0.11668680600921408,0.025930401335380906,0.015207784066594732,61,0.7625,1434,29394889,0.004526519186828115,NaN
20071,0.11668680600921408,0.025930401335380906,0.015206167576877604,61,0.7625,1434,29409229,0.004526519186828115,NaN
20081,0.11668680600921408,0.025930401335380906,0.015204564095594236,61,0.7625,1434,29423569,0.004526519186828115,NaN
20091,0.11668680600921408,0.025930401335380906,0.015202971334528661,61,0.7625,1434,29437909,0.004526519186828115,NaN
20101,0.11668680600921408,0.025930401335380906,0.015201390308254981,61,0.7625,1434,29452249,0.004526519186828115,NaN
20111,0.11668680600921408,0.025930401335380906,0.015199820754477738,61,0.7625,1434,29466589,0.004526519186828115,NaN
20121,0.11668680600921408,0.025930401335380906,0.015198262574962873,61,0.7625,1434,29480929,0.004526519186828115,NaN
20131,0.11668680600921408,0.025930401335380906,0.015196715761611862,61,0.7625,1435,29495277,0.004526519186828115,NaN
20141,0.11668680600921408,0.025930401335380906,0.015195179158923645,61,0.7625,1435,29509627,0.004526519186828115,NaN
20151,0.11668680600921408,0.025930401335380906,0.0151936524923763,61,0.7625,1435,29523977,0.004526519186828115,NaN
20161,0.11668680600921408,0.025930401335380906,0.015192138000963102,61,0.7625,1435,29538327,0.004526519186828115,NaN
20171,0.11668680600921408,0.025930401335380906,0.015190632700879095,61,0.7625,1435,29552677,0.004526519186828115,NaN
20181,0.11668680600921408,0.025930401335380906,0.01518913772816105,61,0.7625,1435,29567027,0.004526519186828115,NaN
20191,0.11668680600921408,0.025930401335380906,0.015187653942993004,61,0.7625,1435,29581377,0.004526519186828115,NaN
20201,0.11668680600921408,0.025930401335380906,0.015186180649930558,61,0.7625,1435,29595727,0.004526519186828115,NaN
20211,0.11668680600921408,0.025930401335380906,0.01518471709249114,61,0.7625,1435,29610077,0.004526519186828115,NaN
20221,0.11668680600921408,0.025930401335380906,0.015183264547465219,61,0.7625,1435,29624427,0.004526519186828115,NaN
20231,0.11668680600921408,0.025930401335380906,0.015181821191734387,61,0.7625,1435,29638777,0.004526519186828115,NaN
20241,0.11668680600921408,0.025930401335380906,0.015180387167425115,61,0.7625,1435,29653127,0.004526519186828115,NaN
20251,0.11668680600921408,0.025930401335380906,0.015178962466156586,61,0.7625,1435,29667477,0.004526519186828115,NaN
20261,0.11668680600921408,0.025930401335380906,0.015177547633704325,61,0.7625,1435,29681827,0.004526519186828115,NaN
20271,0.11668680600921408,0.025930401335380906,0.015176141621789544,61,0.7625,1435,29696177,0.004526519186828115,NaN
20281,0.11668680600921408,0.025930401335380906,0.015174746692778874,61,0.7625,1435,29710527,0.004526519186828115,NaN
20291,0.11668680600921408,0.025930401335380906,0.015173358812891436,61,0.7625,1436,29724880,0.004526519186828115,NaN
20301,0.11668680600921408,0.025930401335380906,0.015171980030623696,61,0.7625,1436,29739240,0.004526519186828115,NaN
20311,0.11668680600921408,0.025930401335380906,0.015170610394266416,61,0.7625,1436,29753600,0.004526519186828115,NaN
20321,0.11668680600921408,0.025930401335380906,0.015169249245911922,61,0.7625,1436,29767960,0.004526519186828115,NaN
20331,0.11668680600921408,0.025930401335380906,0.015167897017817405,61,0.7625,1436,29782320,0.004526519186828115,NaN
20341,0.11668680600921408,0.025930401335380906,0.015166554425101314,61,0.7625,1436,29796680,0.004526519186828115,NaN
20351,0.11668680600921408,0.025930401335380906,0.015165219556206085,61,0.7625,1436,29811040,0.004526519186828115,NaN
20361,0.11668680600921408,0.025930401335380906,0.01516389413009806,61,0.7625,1436,29825400,0.004526519186828115,NaN
20371,0.11668680600921408,0.025930401335380906,0.015162576560532215,61,0.7625,1436,29839760,0.004526519186828115,NaN
20381,0.11668680600921408,0.025930401335380906,0.015161268627263299,61,0.7625,1436,29854120,0.004526519186828115,NaN
20391,0.11668680600921408,0.025930401335380906,0.015159968246469955,61,0.7625,1436,29868480,0.004526519186828115,NaN
20401,0.11668680600921408,0.025930401335380906,0.015158675711600619,61,0.7625,1436,29882840,0.004526519186828115,NaN
20411,0.11668680600921408,0.025930401335380906,0.015157391591157199,61,0.7625,1436,29897200,0.004526519186828115,NaN
20421,0.11668680600921408,0.025930401335380906,0.015156115400127578,61,0.7625,1436,29911560,0.004526519186828115,NaN
20431,0.11668680600921408,0.025930401335380906,0.015154846645354828,61,0.7625,1436,29925920,0.004526519186828115,NaN
20441,0.1159277680361947,0.025729520811395915,0.015142808370586744,60,0.75,1413,29940142,0.004375447710975866,NaN
20451,0.11451019534232021,0.025418197002867536,0.015124176836815962,60,0.75,1413,29954272,0.004364888901437047,NaN
20461,0.11318149964654406,0.025121699758055848,0.0151062066617799,60,0.75,1413,29968402,0.004061610909447622,NaN
20471,0.11188409305517712,0.02483578686357414,0.015088923254874539,60,0.75,1413,29982532,0.004061610909447622,NaN
20481,0.11061861395163534,0.024552806878313894,0.015072254346430617,60,0.75,1413,29996662,0.004061610909447622,NaN
20491,0.10943645747762269,0.024291427715234824,0.015056118906945734,60,0.75,1413,30010792,0.004061610909447622,NaN
20501,0.1082940856276838,0.024039320566175786,0.015040503982929818,60,0.75,1413,30024922,0.004061610909447622,NaN
20511,0.10717349528845936,0.02379357635792708,0.015025419823756606,60,0.75,1413,30039052,0.004061610909447622,NaN
20521,0.10608548960790662,0.023550259851445626,0.015010771512956966,60,0.75,1413,30053182,0.004061610909447622,NaN
20531,0.10502254613508588,0.023315254021915914,0.01499653443026604,60,0.75,1413,30067312,0.004061610909447622,NaN
20541,0.10400565133484782,0.02308983200797041,0.01498278911544649,60,0.75,1413,30081442,0.004061610909447622,NaN
20551,0.10300902343796113,0.022867281031264102,0.014969394437823741,60,0.75,1414,30095575,0.004061610909447622,NaN
20561,0.10203694346509722,0.022654354187039562,0.014956400401433331,60,0.75,1414,30109715,0.004061610909447622,NaN
20571,0.10110056113012246,0.02244661008013829,0.014943788378245813,60,0.75,1414,30123855,0.004061610909447622,NaN
20581,0.10019251701183045,0.022245946027251738,0.014931527921443635,60,0.75,1414,30137995,0.004061610909447622,NaN
20591,0.09931168371904261,0.02204949732951707,0.014919600780049433,60,0.75,1414,30152135,0.004061610909447622,NaN
20601,0.09842266946305439,0.021852371251114527,0.01490795416586764,60,0.75,1414,30166275,0.004061610909447622,NaN
20611,0.09755279389802891,0.021658538179937827,0.014896653188316325,60,0.75,1414,30180415,0.004061610909447622,NaN
20621,0.09672835037556111,0.021477375026227603,0.014885656226772834,60,0.75,1414,30194555,0.004061610909447622,NaN
20631,0.09611036361308457,0.021357858580685462,0.014874931948099576,60,0.75,1414,30208695,0.004061610909447622,NaN
20641,0.09611036361308457,0.021357858580685462,0.014864476638079827,60,0.75,1414,30222835,0.004061610909447622,NaN
20651,0.09611036361308457,0.021357858580685462,0.014854268402242419,60,0.75,1414,30236975,0.004061610909447622,NaN
20661,0.09611036361308457,0.021357858580685462,0.014844301350136202,60,0.75,1414,30251115,0.004061610909447622,NaN
20671,0.09611036361308457,0.021357858580685462,0.014834572683071087,60,0.75,1414,30265255,0.004061610909447622,NaN
20681,0.09611036361308457,0.021357858580685462,0.014825094643507949,60,0.75,1414,30279395,0.004061610909447622,NaN
20691,0.09611036361308457,0.021357858580685462,0.014815827870328743,60,0.75,1414,30293535,0.004061610909447622,NaN
20701,0.09611036361308457,0.021357858580685462,0.014806770105199379,60,0.75,1414,30307675,0.004061610909447622,NaN
20711,0.09611036361308457,0.021357858580685462,0.014797915079237453,60,0.75,1414,30321815,0.004061610909447622,NaN
20721,0.09611036361308457,0.021357858580685462,0.014789257873785214,60,0.75,1415,30335956,0.004061610909447622,NaN
20731,0.09611036361308457,0.021357858580685462,0.014780777199404432,60,0.75,1415,30350106,0.004061610909447622,NaN
20741,0.09611036361308457,0.021357858580685462,0.014772469929885096,60,0.75,1415,30364256,0.004061610909447622,NaN
20751,0.09611036361308457,0.021357858580685462,0.014764357807363803,60,0.75,1415,30378406,0.004061610909447622,NaN
20761,0.09611036361308457,0.021357858580685462,0.014756382256100025,60,0.75,1415,30392556,0.004061610909447622,NaN
20771,0.09611036361308457,0.021357858580685462,0.014748562007216729,60,0.75,1415,30406706,0.004061610909447622,NaN
20781,0.09611036361308457,0.021357858580685462,0.014740916439179014,60,0.75,1415,30420856,0.004061610909447622,NaN
20791,0.09611036361308457,0.021357858580685462,0.014733433600076996,60,0.75,1415,30435006,0.004061610909447622,NaN
20801,0.09611036361308457,0.021357858580685462,0.014726048334468759,60,0.75,1415,30449156,0.004061610909447622,NaN
20811,0.09611036361308457,0.021357858580685462,0.014718843473604217,60,0.75,1415,30463306,0.004061610909447622,NaN
20821,0.09611036361308457,0.021357858580685462,0.014711799032864428,60,0.75,1415,30477456,0.004061610909447622,NaN
20831,0.09611036361308457,0.021357858580685462,0.014704857929586016,60,0.75,1415,30491606,0.004061610909447622,NaN
20841,0.09611036361308457,0.021357858580685462,0.014698083771248583,60,0.75,1415,30505756,0.004061610909447622,NaN
20851,0.09611036361308457,0.021357858580685462,0.014691403495932214,60,0.75,1415,30519906,0.004061610909447622,NaN
20861,0.09611036361308457,0.021357858580685462,0.014684861072908822,60,0.75,1415,30534056,0.004061610909447622,NaN
20871,0.09611036361308457,0.021357858580685462,0.014678426963030788,60,0.75,1415,30548206,0.004061610909447622,NaN
20881,0.09611036361308457,0.021357858580685462,0.014672092218143206,60,0.75,1415,30562356,0.004061610909447622,NaN
20891,0.09611036361308457,0.021357858580685462,0.014665895141548988,60,0.75,1415,30576506,0.004061610909447622,NaN
20901,0.09611036361308457,0.021357858580685462,0.014659780592149299,60,0.75,1416,30590664,0.004061610909447622,NaN
20911,0.09611036361308457,0.021357858580685462,0.014653779644565264,60,0.75,1416,30604824,0.004061610909447622,NaN
20921,0.09611036361308457,0.021357858580685462,0.014647876737068341,60,0.75,1416,30618984,0.004061610909447622,NaN
20931,0.09611036361308457,0.021357858580685462,0.014642064249859721,60,0.75,1416,30633144,0.004061610909447622,NaN
20941,0.09611036361308457,0.021357858580685462,0.014636357473975922,60,0.75,1416,30647304,0.004061610909447622,NaN
20951,0.09611036361308457,0.021357858580685462,0.01463074551081681,60,0.75,1416,30661464,0.004061610909447622,NaN
20961,0.09611036361308457,0.021357858580685462,0.014625230410342383,60,0.75,1416,30675624,0.004061610909447622,NaN
20971,0.09611036361308457,0.021357858580685462,0.014619781614961113,60,0.75,1416,30689784,0.004061610909447622,NaN
20981,0.09611036361308457,0.021357858580685462,0.014614424396953943,60,0.75,1416,30703944,0.004061610909447622,NaN
20991,0.09611036361308457,0.021357858580685462,0.014609140401718155,60,0.75,1416,30718104,0.004061610909447622,NaN
21001,0.09611036361308457,0.021357858580685462,0.014603948347004486,60,0.75,1416,30732264,0.004061610909447622,NaN
21011,0.09611036361308457,0.021357858580685462,0.014598845813679064,60,0.75,1416,30746424,0.004061610909447622,NaN
21021,0.09611036361308457,0.021357858580685462,0.014593810792750243,60,0.75,1416,30760584,0.004061610909447622,NaN
21031,0.09611036361308457,0.021357858580685462,0.014588844794967493,60,0.75,1416,30774744,0.004061610909447622,NaN
21041,0.09611036361308457,0.021357858580685462,0.01458397247442902,60,0.75,1416,30788904,0.004061610909447622,NaN
21051,0.09611036361308457,0.021357858580685462,0.014579159124284435,60,0.75,1416,30803064,0.004061610909447622,NaN
21061,0.09611036361308457,0.021357858580685462,0.014574415758935172,60,0.75,1416,30817224,0.004061610909447622,NaN
21071,0.09611036361308457,0.021357858580685462,0.014569743669362454,60,0.75,1417,30831387,0.004061610909447622,NaN
21081,0.09611036361308457,0.021357858580685462,0.014565130880725748,60,0.75,1417,30845557,0.004061610909447622,NaN
21091,0.09611036361308457,0.021357858580685462,0.01456058406278199,60,0.75,1417,30859727,0.004061610909447622,NaN
21101,0.09611036361308457,0.021357858580685462,0.014556106542176669,60,0.75,1417,30873897,0.004061610909447622,NaN
21111,0.09611036361308457,0.021357858580685462,0.014551689355743266,60,0.75,1417,30888067,0.004061610909447622,NaN
21121,0.09611036361308457,0.021357858580685462,0.014547334024174633,60,0.75,1417,30902237,0.004061610909447622,NaN
21131,0.09611036361308457,0.021357858580685462,0.01454303160726729,60,0.75,1417,30916407,0.004061610909447622,NaN
21141,0.09611036361308457,0.021357858580685462,0.014538792557766111,60,0.75,1417,30930577,0.004061610909447622,NaN
21151,0.09611036361308457,0.021357858580685462,0.01453461004323843,60,0.75,1417,30944747,0.004061610909447622,NaN
21161,0.09611036361308457,0.021357858580685462,0.014530477478407897,60,0.75,1417,30958917,0.004061610909447622,NaN
21171,0.09611036361308457,0.021357858580685462,0.014526401458973288,60,0.75,1417,30973087,0.004061610909447622,NaN
21181,0.09611036361308457,0.021357858580685462,0.014522376066575013,60,0.75,1417,30987257,0.004061610909447622,NaN
21191,0.09611036361308457,0.021357858580685462,0.01451840290264649,60,0.75,1417,31001427,0.004061610909447622,NaN
21201,0.09611036361308457,0.021357858580685462,0.014514484639745539,60,0.75,1417,31015597,0.004061610909447622,NaN
21211,0.09611036361308457,0.021357858580685462,0.014510607347814971,60,0.75,1417,31029767,0.004061610909447622,NaN
21221,0.09611036361308457,0.021357858580685462,0.014506784613827923,60,0.75,1417,31043937,0.004061610909447622,NaN
21231,0.09611036361308457,0.021357858580685462,0.014503001864477286,60,0.75,1417,31058107,0.004061610909447622,NaN
21241,0.09611036361308457,0.021357858580685462,0.014499262996520318,60,0.75,1417,31072277,0.004061610909447622,NaN
21251,0.09611036361308457,0.021357858580685462,0.014495577848889362,60,0.75,1418,31086454,0.004061610909447622,NaN
21261,0.09611036361308457,0.021357858580685462,0.014491937876140051,60,0.75,1418,31100634,0.004061610909447622,NaN
21271,0.09611036361308457,0.021357858580685462,0.014488345270584468,60,0.75,1418,31114814,0.004061610909447622,NaN
21281,0.09611036361308457,0.021357858580685462,0.014484781947922206,60,0.75,1418,31128994,0.004061610909447622,NaN
21291,0.09611036361308457,0.021357858580685462,0.014481271681333044,60,0.75,1418,31143174,0.004061610909447622,NaN
21301,0.09611036361308457,0.021357858580685462,0.014477790122701265,60,0.75,1418,31157354,0.004061610909447622,NaN
21311,0.09611036361308457,0.021357858580685462,0.014474360745365173,60,0.75,1418,31171534,0.004061610909447622,NaN
21321,0.09611036361308457,0.021357858580685462,0.014470961662146491,60,0.75,1418,31185714,0.004061610909447622,NaN
21331,0.09611036361308457,0.021357858580685462,0.014467611261268143,60,0.75,1418,31199894,0.004061610909447622,NaN
21341,0.09611036361308457,0.021357858580685462,0.014464297300878842,60,0.75,1418,31214074,0.004061610909447622,NaN
21351,0.09611036361308457,0.021357858580685462,0.014461025950302941,60,0.75,1418,31228254,0.004061610909447622,NaN
21361,0.09611036361308457,0.021357858580685462,0.014457783268512228,60,0.75,1418,31242434,0.004061610909447622,NaN
21371,0.09611036361308457,0.021357858580685462,0.014454574971830008,60,0.75,1418,31256614,0.004061610909447622,NaN
21381,0.09611036361308457,0.021357858580685462,0.014451405746965762,60,0.75,1418,31270794,0.004061610909447622,NaN
21391,0.09611036361308457,0.021357858580685462,0.014448275786344934,60,0.75,1418,31284974,0.004061610909447622,NaN
21401,0.09611036361308457,0.021357858580685462,0.014445175557196602,60,0.75,1418,31299154,0.004061610909447622,NaN
21411,0.09611036361308457,0.021357858580685462,0.01444212266056529,60,0.75,1418,31313334,0.004061610909447622,NaN
21421,0.09611036361308457,0.021357858580685462,0.014439093774611786,60,0.75,1418,31327514,0.004061610909447622,NaN
21431,0.09611036361308457,0.021357858580685462,0.014436091627092399,60,0.75,1419,31341703,0.004061610909447622,NaN
21441,0.09611036361308457,0.021357858580685462,0.014433110021851367,60,0.75,1419,31355893,0.004061610909447622,NaN
21451,0.09611036361308457,0.021357858580685462,0.014430165252363536,60,0.75,1419,31370083,0.004061610909447622,NaN
21461,0.09611036361308457,0.021357858580685462,0.014427258708593935,60,0.75,1419,31384273,0.004061610909447622,NaN
21471,0.09611036361308457,0.021357858580685462,0.014424368023335438,60,0.75,1419,31398463,0.004061610909447622,NaN
21481,0.09611036361308457,0.021357858580685462,0.014421515468158628,60,0.75,1419,31412653,0.004061610909447622,NaN
21491,0.09611036361308457,0.021357858580685462,0.014418689670904145,60,0.75,1419,31426843,0.004061610909447622,NaN
21501,0.09611036361308457,0.021357858580685462,0.014411318304235952,59,0.7375,1395,31440889,0.004061610909447622,NaN
21511,0.09611036361308457,0.021357858580685462,0.014401123754514755,59,0.7375,1395,31454839,0.004061610909447622,NaN
21521,0.09611036361308457,0.021357858580685462,0.014391179472079348,59,0.7375,1395,31468789,0.004061610909447622,NaN
21531,0.09611036361308457,0.021357858580685462,0.01438145170619214,59,0.7375,1395,31482739,0.004061610909447622,NaN
21541,0.09611036361308457,0.021357858580685462,0.014371956690411336,59,0.7375,1396,31496693,0.004061610909447622,NaN
21551,0.09611036361308457,0.021357858580685462,0.014362671756971406,59,0.7375,1396,31510653,0.004061610909447622,NaN
21561,0.09611036361308457,0.021357858580685462,0.01435359364587919,59,0.7375,1396,31524613,0.004061610909447622,NaN
21571,0.09611036361308457,0.021357858580685462,0.014344714296968661,59,0.7375,1396,31538573,0.004061610909447622,NaN
21581,0.09611036361308457,0.021357858580685462,0.014336021130767578,59,0.7375,1396,31552533,0.004061610909447622,NaN
21591,0.09611036361308457,0.021357858580685462,0.014327524249486218,59,0.7375,1396,31566493,0.004061610909447622,NaN
21601,0.09611036361308457,0.021357858580685462,0.014319218965185714,59,0.7375,1396,31580453,0.004061610909447622,NaN
21611,0.09611036361308457,0.021357858580685462,0.014311064224176806,59,0.7375,1396,31594413,0.004061610909447622,NaN
21621,0.09611036361308457,0.021357858580685462,0.014303086566000354,59,0.7375,1396,31608373,0.004061610909447622,NaN
21631,0.09611036361308457,0.021357858580685462,0.014295289451800652,59,0.7375,1396,31622333,0.004061610909447622,NaN
21641,0.09611036361308457,0.021357858580685462,0.014287637200622153,59,0.7375,1396,31636293,0.004061610909447622,NaN
21651,0.09611036361308457,0.021357858580685462,0.014280120082603164,59,0.7375,1396,31650253,0.004061610909447622,NaN
21661,0.09611036361308457,0.021357858580685462,0.01427276749385109,59,0.7375,1396,31664213,0.004061610909447622,NaN
21671,0.09611036361308457,0.021357858580685462,0.014265582604393012,59,0.7375,1396,31678173,0.004061610909447622,NaN
21681,0.09611036361308457,0.021357858580685462,0.0142585074701515,59,0.7375,1396,31692133,0.004061610909447622,NaN
21691,0.09611036361308457,0.021357858580685462,0.014251569060493033,59,0.7375,1396,31706093,0.004061610909447622,NaN
21701,0.09611036361308457,0.021357858580685462,0.014244761813636852,59,0.7375,1396,31720053,0.004061610909447622,NaN
21711,0.09611036361308457,0.021357858580685462,0.014238078949943306,59,0.7375,1396,31734013,0.004061610909447622,NaN
21721,0.09611036361308457,0.021357858580685462,0.014231513728564057,59,0.7375,1396,31747973,0.004061610909447622,NaN
21731,0.09611036361308457,0.021357858580685462,0.014225057469931404,59,0.7375,1397,31761943,0.004061610909447622,NaN
21741,0.09611036361308457,0.021357858580685462,0.014218695094341349,59,0.7375,1397,31775913,0.004061610909447622,NaN
21751,0.09611036361308457,0.021357858580685462,0.014212464798788887,59,0.7375,1397,31789883,0.004061610909447622,NaN
21761,0.09611036361308457,0.021357858580685462,0.014206347101683841,59,0.7375,1397,31803853,0.004061610909447622,NaN
21771,0.09611036361308457,0.021357858580685462,0.014200345161157379,59,0.7375,1397,31817823,0.004061610909447622,NaN
21781,0.09611036361308457,0.021357858580685462,0.014194423683978368,59,0.7375,1397,31831793,0.004061610909447622,NaN
21791,0.09611036361308457,0.021357858580685462,0.014188616121509606,59,0.7375,1397,31845763,0.004061610909447622,NaN
21801,0.09611036361308457,0.021357858580685462,0.01418288570850908,59,0.7375,1397,31859733,0.004061610909447622,NaN
21811,0.09611036361308457,0.021357858580685462,0.014177270744918627,59,0.7375,1397,31873703,0.004061610909447622,NaN
21821,0.09611036361308457,0.021357858580685462,0.01417174469267084,59,0.7375,1397,31887673,0.004061610909447622,NaN
21831,0.09611036361308457,0.021357858580685462,0.014166290567258438,59,0.7375,1397,31901643,0.004061610909447622,NaN
21841,0.09611036361308457,0.021357858580685462,0.014160943301681005,59,0.7375,1397,31915613,0.004061610909447622,NaN
21851,0.09611036361308457,0.021357858580685462,0.014155686593874839,59,0.7375,1397,31929583,0.004061610909447622,NaN
21861,0.09611036361308457,0.021357858580685462,0.014150506193993518,59,0.7375,1397,31943553,0.004061610909447622,NaN
21871,0.09611036361308457,0.021357858580685462,0.014145384546483387,59,0.7375,1397,31957523,0.004061610909447622,NaN
21881,0.09611036361308457,0.021357858580685462,0.014140350550643175,59,0.7375,1397,31971493,0.004061610909447622,NaN
21891,0.09611036361308457,0.021357858580685462,0.014135391308301512,59,0.7375,1397,31985463,0.004061610909447622,NaN
21901,0.09611036361308457,0.021357858580685462,0.014130508992316807,59,0.7375,1397,31999433,0.004061610909447622,NaN
21911,0.09611036361308457,0.021357858580685462,0.0141256952945731,59,0.7375,1398,32013408,0.004061610909447622,NaN
21921,0.09611036361308457,0.021357858580685462,0.014120943693148572,59,0.7375,1398,32027388,0.004061610909447622,NaN
21931,0.09611036361308457,0.021357858580685462,0.014116246832532608,59,0.7375,1398,32041368,0.004061610909447622,NaN
21941,0.09611036361308457,0.021357858580685462,0.014111625659112791,59,0.7375,1398,32055348,0.004061610909447622,NaN
21951,0.09611036361308457,0.021357858580685462,0.014107084176702908,59,0.7375,1398,32069328,0.004061610909447622,NaN
21961,0.09611036361308457,0.021357858580685462,0.014102592436973774,59,0.7375,1398,32083308,0.004061610909447622,NaN
21971,0.09611036361308457,0.021357858580685462,0.01409817192557979,59,0.7375,1398,32097288,0.004061610909447622,NaN
21981,0.09611036361308457,0.021357858580685462,0.014093812752576115,59,0.7375,1398,32111268,0.004061610909447622,NaN
21991,0.09611036361308457,0.021357858580685462,0.01408950072668999,59,0.7375,1398,32125248,0.004061610909447622,NaN
22001,0.09611036361308457,0.021357858580685462,0.01408526362075627,59,0.7375,1398,32139228,0.004061610909447622,NaN
22011,0.09611036361308457,0.021357858580685462,0.014081074166943897,59,0.7375,1398,32153208,0.004061610909447622,NaN
22021,0.09611036361308457,0.021357858580685462,0.014076947423804196,59,0.7375,1398,32167188,0.004061610909447622,NaN
22031,0.09611036361308457,0.021357858580685462,0.014072882060092592,59,0.7375,1398,32181168,0.004061610909447622,NaN
22041,0.09611036361308457,0.021357858580685462,0.014068865975621469,59,0.7375,1398,32195148,0.004061610909447622,NaN
22051,0.09611036361308457,0.021357858580685462,0.014064899598325109,59,0.7375,1398,32209128,0.004061610909447622,NaN
22061,0.09611036361308457,0.021357858580685462,0.01406098645960136,59,0.7375,1398,32223108,0.004061610909447622,NaN
22071,0.09611036361308457,0.021357858580685462,0.014057112631856609,59,0.7375,1398,32237088,0.004061610909447622,NaN
22081,0.09611036361308457,0.021357858580685462,0.014053291910264862,59,0.7375,1398,32251068,0.004061610909447622,NaN
22091,0.09611036361308457,0.021357858580685462,0.014049519107595151,59,0.7375,1398,32265048,0.004061610909447622,NaN
22101,0.09611036361308457,0.021357858580685462,0.014045793915062587,59,0.7375,1399,32279037,0.004061610909447622,NaN
22111,0.09611036361308457,0.021357858580685462,0.014042106674707724,59,0.7375,1399,32293027,0.004061610909447622,NaN
22121,0.09611036361308457,0.021357858580685462,0.01403845858691687,59,0.7375,1399,32307017,0.004061610909447622,NaN
22131,0.09611036361308457,0.021357858580685462,0.014034853652874945,59,0.7375,1399,32321007,0.004061610909447622,NaN
22141,0.09611036361308457,0.021357858580685462,0.01403129202237435,59,0.7375,1399,32334997,0.004061610909447622,NaN
22151,0.09611036361308457,0.021357858580685462,0.014027784375594137,59,0.7375,1399,32348987,0.004061610909447622,NaN
22161,0.09611036361308457,0.021357858580685462,0.014024309371914193,59,0.7375,1399,32362977,0.004061610909447622,NaN
22171,0.09611036361308457,0.021357858580685462,0.014020879194058006,59,0.7375,1399,32376967,0.004061610909447622,NaN
22181,0.09611036361308457,0.021357858580685462,0.014017480630021634,59,0.7375,1399,32390957,0.004061610909447622,NaN
22191,0.09611036361308457,0.021357858580685462,0.014014127101743082,59,0.7375,1399,32404947,0.004061610909447622,NaN
22201,0.09611036361308457,0.021357858580685462,0.01401080464151781,59,0.7375,1399,32418937,0.004061610909447622,NaN
22211,0.09611036361308457,0.021357858580685462,0.01400753062645534,59,0.7375,1399,32432927,0.004061610909447622,NaN
22221,0.09611036361308457,0.021357858580685462,0.014004280082158645,59,0.7375,1399,32446917,0.004061610909447622,NaN
22231,0.09611036361308457,0.021357858580685462,0.014001074322893992,59,0.7375,1399,32460907,0.004061610909447622,NaN
22241,0.09611036361308457,0.021357858580685462,0.013997907908155055,59,0.7375,1399,32474897,0.004061610909447622,NaN
22251,0.09611036361308457,0.021357858580685462,0.013994781791147123,59,0.7375,1399,32488887,0.004061610909447622,NaN
22261,0.09611036361308457,0.021357858580685462,0.013991682177571282,59,0.7375,1399,32502877,0.004061610909447622,NaN
22271,0.09611036361308457,0.021357858580685462,0.01398860587809222,59,0.7375,1399,32516867,0.004061610909447622,NaN
22281,0.09611036361308457,0.021357858580685462,0.013985572541351196,59,0.7375,1400,32530858,0.004061610909447622,NaN
22291,0.09611036361308457,0.021357858580685462,0.013982565135597341,59,0.7375,1400,32544858,0.004061610909447622,NaN
22301,0.09611036361308457,0.021357858580685462,0.013979591633266012,59,0.7375,1400,32558858,0.004061610909447622,NaN
22311,0.09611036361308457,0.021357858580685462,0.013976649696663151,59,0.7375,1400,32572858,0.004061610909447622,NaN
22321,0.09611036361308457,0.021357858580685462,0.013973739744520352,59,0.7375,1400,32586858,0.004061610909447622,NaN
22331,0.09611036361308457,0.021357858580685462,0.013970859529814772,59,0.7375,1400,32600858,0.004061610909447622,NaN
22341,0.09611036361308457,0.021357858580685462,0.013968008761822475,59,0.7375,1400,32614858,0.004061610909447622,NaN
22351,0.09611036361308457,0.021357858580685462,0.013965187776774546,59,0.7375,1400,32628858,0.004061610909447622,NaN
22361,0.09611036361308457,0.021357858580685462,0.013962389440893988,59,0.7375,1400,32642858,0.004061610909447622,NaN
22371,0.09611036361308457,0.021357858580685462,0.013959023417826996,58,0.725,1376,32656834,0.004084850502893922,NaN
22381,0.09611036361308457,0.021357858580685462,0.013950413335272966,58,0.725,1376,32670594,0.003959482097592726,NaN
22391,0.09611036361308457,0.021357858580685462,0.013942008041162662,58,0.725,1376,32684354,0.003959482097592726,NaN
22401,0.09611036361308457,0.021357858580685462,0.013933800097584867,58,0.725,1376,32698114,0.003959482097592726,NaN
22411,0.09611036361308457,0.021357858580685462,0.013925782097463358,58,0.725,1376,32711874,0.003959482097592726,NaN
22421,0.09611036361308457,0.021357858580685462,0.013917944200212038,58,0.725,1377,32725638,0.003959482097592726,NaN
22431,0.09611036361308457,0.021357858580685462,0.013910277154136471,58,0.725,1377,32739408,0.003959482097592726,NaN
22441,0.09611036361308457,0.021357858580685462,0.013902780205871898,58,0.725,1377,32753178,0.003959482097592726,NaN
22451,0.09611036361308457,0.021357858580685462,0.013895446611053705,58,0.725,1377,32766948,0.003959482097592726,NaN
22461,0.09611036361308457,0.021357858580685462,0.013888269376786038,58,0.725,1377,32780718,0.003959482097592726,NaN
22471,0.09611036361308457,0.021357858580685462,0.013881243270096006,58,0.725,1377,32794488,0.003959482097592726,NaN
22481,0.09611036361308457,0.021357858580685462,0.013874362590639422,58,0.725,1377,32808258,0.003959482097592726,NaN
22491,0.09611036361308457,0.021357858580685462,0.013867622641816504,58,0.725,1377,32822028,0.003959482097592726,NaN
22501,0.09611036361308457,0.021357858580685462,0.013861019279165592,58,0.725,1377,32835798,0.003959482097592726,NaN
22511,0.09611036361308457,0.021357858580685462,0.013854547177775681,58,0.725,1377,32849568,0.003959482097592726,NaN
22521,0.09611036361308457,0.021357858580685462,0.013848201844180449,58,0.725,1377,32863338,0.003959482097592726,NaN
22531,0.09611036361308457,0.021357858580685462,0.013841979546286593,58,0.725,1377,32877108,0.003959482097592726,NaN
22541,0.09611036361308457,0.021357858580685462,0.013835876617466786,58,0.725,1377,32890878,0.003959482097592726,NaN
22551,0.09611036361308457,0.021357858580685462,0.013829888626738299,58,0.725,1377,32904648,0.003959482097592726,NaN
22561,0.09611036361308457,0.021357858580685462,0.013824012171673169,58,0.725,1377,32918418,0.003959482097592726,NaN
22571,0.09611036361308457,0.021357858580685462,0.013818243372954633,58,0.725,1377,32932188,0.003959482097592726,NaN
22581,0.09611036361308457,0.021357858580685462,0.01381257986167824,58,0.725,1377,32945958,0.003959482097592726,NaN
22591,0.09611036361308457,0.021357858580685462,0.01380701701648356,58,0.725,1377,32959728,0.003959482097592726,NaN
22601,0.09611036361308457,0.021357858580685462,0.013801552630180972,58,0.725,1377,32973498,0.003959482097592726,NaN
22611,0.09611036361308457,0.021357858580685462,0.013796184328712824,58,0.725,1377,32987268,0.003959482097592726,NaN
22621,0.09611036361308457,0.021357858580685462,0.013790903906106322,58,0.725,1378,33001048,0.003959482097592726,NaN
22631,0.09611036361308457,0.021357858580685462,0.013785714254118408,58,0.725,1378,33014828,0.003959482097592726,NaN
22641,0.09611036361308457,0.021357858580685462,0.013780611868972049,58,0.725,1378,33028608,0.003959482097592726,NaN
22651,0.09611036361308457,0.021357858580685462,0.01377559390037755,58,0.725,1378,33042388,0.003959482097592726,NaN
22661,0.09611036361308457,0.021357858580685462,0.013770659722612951,58,0.725,1378,33056168,0.003959482097592726,NaN
22671,0.09611036361308457,0.021357858580685462,0.013765805588789027,58,0.725,1378,33069948,0.003959482097592726,NaN
22681,0.09611036361308457,0.021357858580685462,0.013761029454074189,58,0.725,1378,33083728,0.003959482097592726,NaN
22691,0.09611036361308457,0.021357858580685462,0.013756329325950107,58,0.725,1378,33097508,0.003959482097592726,NaN
22701,0.09611036361308457,0.021357858580685462,0.013751702804021947,58,0.725,1378,33111288,0.003959482097592726,NaN
22711,0.09611036361308457,0.021357858580685462,0.013747148323352188,58,0.725,1378,33125068,0.003959482097592726,NaN
22721,0.09611036361308457,0.021357858580685462,0.013742664927819745,58,0.725,1378,33138848,0.003959482097592726,NaN
22731,0.09611036361308457,0.021357858580685462,0.013738249352807578,58,0.725,1378,33152628,0.003959482097592726,NaN
22741,0.09611036361308457,0.021357858580685462,0.013733899902187801,58,0.725,1378,33166408,0.003959482097592726,NaN
22751,0.09611036361308457,0.021357858580685462,0.013729615520640542,58,0.725,1378,33180188,0.003959482097592726,NaN
22761,0.09611036361308457,0.021357858580685462,0.013725394466622156,58,0.725,1378,33193968,0.003959482097592726,NaN
22771,0.09611036361308457,0.021357858580685462,0.013721235206176827,58,0.725,1378,33207748,0.003959482097592726,NaN
22781,0.09611036361308457,0.021357858580685462,0.013717135241895786,58,0.725,1378,33221528,0.003959482097592726,NaN
22791,0.09611036361308457,0.021357858580685462,0.013713094047937548,58,0.725,1378,33235308,0.003959482097592726,NaN
22801,0.09611036361308457,0.021357858580685462,0.013709110545142175,58,0.725,1378,33249088,0.003959482097592726,NaN
22811,0.09611036361308457,0.021357858580685462,0.013705182331283743,58,0.725,1379,33262872,0.003959482097592726,NaN
22821,0.09611036361308457,0.021357858580685462,0.013701305986881032,58,0.725,1379,33276662,0.003959482097592726,NaN
22831,0.09611036361308457,0.021357858580685462,0.013697483348945553,58,0.725,1379,33290452,0.003959482097592726,NaN
22841,0.09611036361308457,0.021357858580685462,0.0136937127350155,58,0.725,1379,33304242,0.003959482097592726,NaN
22851,0.09611036361308457,0.021357858580685462,0.013689992828634683,58,0.725,1379,33318032,0.003959482097592726,NaN
22861,0.09611036361308457,0.021357858580685462,0.013686322689972007,58,0.725,1379,33331822,0.003959482097592726,NaN
22871,0.09611036361308457,0.021357858580685462,0.013682701010977738,58,0.725,1379,33345612,0.003959482097592726,NaN
22881,0.09611036361308457,0.021357858580685462,0.013679127805584673,58,0.725,1379,33359402,0.003959482097592726,NaN
22891,0.09611036361308457,0.021357858580685462,0.013675599579534528,58,0.725,1379,33373192,0.003959482097592726,NaN
22901,0.09611036361308457,0.021357858580685462,0.013672118092291501,58,0.725,1379,33386982,0.003959482097592726,NaN
22911,0.09611036361308457,0.021357858580685462,0.013668680745007423,58,0.725,1379,33400772,0.003959482097592726,NaN
22921,0.09611036361308457,0.021357858580685462,0.013665286981709462,58,0.725,1379,33414562,0.003959482097592726,NaN
22931,0.09611036361308457,0.021357858580685462,0.01366193550618674,58,0.725,1379,33428352,0.003959482097592726,NaN
22941,0.09611036361308457,0.021357858580685462,0.01365862577058861,58,0.725,1379,33442142,0.003959482097592726,NaN
22951,0.09611036361308457,0.021357858580685462,0.013655356328012194,58,0.725,1379,33455932,0.003959482097592726,NaN
22961,0.09611036361308457,0.021357858580685462,0.013652127107398021,58,0.725,1379,33469722,0.003959482097592726,NaN
22971,0.09611036361308457,0.021357858580685462,0.013648937149125535,58,0.725,1379,33483512,0.003959482097592726,NaN
22981,0.09611036361308457,0.021357858580685462,0.013645785030062446,58,0.725,1379,33497302,0.003959482097592726,NaN
22991,0.09611036361308457,0.021357858580685462,0.013642670919605197,58,0.725,1379,33511092,0.003959482097592726,NaN
23001,0.09611036361308457,0.021357858580685462,0.013639593623885842,58,0.725,1379,33524882,0.003959482097592726,NaN
23011,0.09611036361308457,0.021357858580685462,0.013636551007743514,58,0.725,1380,33538678,0.003959482097592726,NaN
23021,0.09611036361308457,0.021357858580685462,0.01363354291158191,58,0.725,1380,33552478,0.003959482097592726,NaN
23031,0.09611036361308457,0.021357858580685462,0.013630568926666939,58,0.725,1380,33566278,0.003959482097592726,NaN
23041,0.09611036361308457,0.021357858580685462,0.013627628667638891,58,0.725,1380,33580078,0.003959482097592726,NaN
23051,0.09611036361308457,0.021357858580685462,0.013624722454660712,58,0.725,1380,33593878,0.003959482097592726,NaN
23061,0.09611036361308457,0.021357858580685462,0.013621848679519006,58,0.725,1380,33607678,0.003959482097592726,NaN
23071,0.09611036361308457,0.021357858580685462,0.013619007124834154,58,0.725,1380,33621478,0.003959482097592726,NaN
23081,0.09611036361308457,0.021357858580685462,0.013616196562840585,58,0.725,1380,33635278,0.003959482097592726,NaN
23091,0.09611036361308457,0.021357858580685462,0.013613417295806955,58,0.725,1380,33649078,0.003959482097592726,NaN
23101,0.09611036361308457,0.021357858580685462,0.013610667830905112,58,0.725,1380,33662878,0.003959482097592726,NaN
23111,0.09611036361308457,0.021357858580685462,0.013607947655660318,58,0.725,1380,33676678,0.003959482097592726,NaN
23121,0.09611036361308457,0.021357858580685462,0.013605257154726913,58,0.725,1380,33690478,0.003959482097592726,NaN
23131,0.09611036361308457,0.021357858580685462,0.013602595553163788,58,0.725,1380,33704278,0.003959482097592726,NaN
23141,0.09611036361308457,0.021357858580685462,0.013599962325408443,58,0.725,1380,33718078,0.003959482097592726,NaN
23151,0.09611036361308457,0.021357858580685462,0.013597356730069936,58,0.725,1380,33731878,0.003959482097592726,NaN
23161,0.09611036361308457,0.021357858580685462,0.01359477787957028,58,0.725,1380,33745678,0.003959482097592726,NaN
23171,0.09611036361308457,0.021357858580685462,0.013592225425631769,58,0.725,1380,33759478,0.003959482097592726,NaN
23181,0.09611036361308457,0.021357858580685462,0.013589699613437655,58,0.725,1380,33773278,0.003959482097592726,NaN
23191,0.09611036361308457,0.021357858580685462,0.013587199201068167,58,0.725,1380,33787078,0.003959482097592726,NaN
23201,0.09611036361308457,0.021357858580685462,0.013584724765206274,58,0.725,1380,33800878,0.003959482097592726,NaN
23211,0.09611036361308457,0.021357858580685462,0.013582273199107698,58,0.725,1381,33814685,0.003959482097592726,NaN
23221,0.09611036361308457,0.021357858580685462,0.01357984484787233,58,0.725,1381,33828495,0.003959482097592726,NaN
23231,0.09611036361308457,0.021357858580685462,0.013577441376283117,58,0.725,1381,33842305,0.003959482097592726,NaN
23241,0.09611036361308457,0.021357858580685462,0.013575061520574047,58,0.725,1381,33856115,0.003959482097592726,NaN
23251,0.09611036361308457,0.021357858580685462,0.013572705140872993,58,0.725,1381,33869925,0.003959482097592726,NaN
23261,0.09611036361308457,0.021357858580685462,0.013570370747538243,58,0.725,1381,33883735,0.003959482097592726,NaN
23271,0.09611036361308457,0.021357858580685462,0.01356805912739153,58,0.725,1381,33897545,0.003959482097592726,NaN
23281,0.09611036361308457,0.021357858580685462,0.013565770332636836,58,0.725,1381,33911355,0.003959482097592726,NaN
23291,0.09611036361308457,0.021357858580685462,0.013563503018979895,58,0.725,1381,33925165,0.003959482097592726,NaN
23301,0.09611036361308457,0.021357858580685462,0.013561256659204601,58,0.725,1381,33938975,0.003959482097592726,NaN
23311,0.09611036361308457,0.021357858580685462,0.013559031801759835,58,0.725,1381,33952785,0.003959482097592726,NaN
23321,0.09611036361308457,0.021357858580685462,0.013556826830255695,58,0.725,1381,33966595,0.003959482097592726,NaN
23331,0.09611036361308457,0.021357858580685462,0.013554642713460708,58,0.725,1381,33980405,0.003959482097592726,NaN
23341,0.09611036361308457,0.021357858580685462,0.013552479704477826,58,0.725,1381,33994215,0.003959482097592726,NaN
23351,0.09611036361308457,0.021357858580685462,0.013550334764090222,58,0.725,1381,34008025,0.003959482097592726,NaN
23361,0.09611036361308457,0.021357858580685462,0.013548209553090579,58,0.725,1381,34021835,0.003959482097592726,NaN
23371,0.09611036361308457,0.021357858580685462,0.013546103801702038,58,0.725,1381,34035645,0.003959482097592726,NaN
23381,0.09611036361308457,0.021357858580685462,0.013544017011330733,58,0.725,1381,34049455,0.003959482097592726,NaN
23391,0.09611036361308457,0.021357858580685462,0.013541948575543592,58,0.725,1381,34063265,0.003959482097592726,NaN
23401,0.09611036361308457,0.021357858580685462,0.013539898198065389,58,0.725,1381,34077075,0.003959482097592726,NaN
23411,0.09611036361308457,0.021357858580685462,0.013537865102387109,58,0.725,1382,34090891,0.003959482097592726,NaN
23421,0.09611036361308457,0.021357858580685462,0.013535849315675206,58,0.725,1382,34104711,0.003959482097592726,NaN
23431,0.09611036361308457,0.021357858580685462,0.013533851028307672,58,0.725,1382,34118531,0.003959482097592726,NaN
23441,0.09611036361308457,0.021357858580685462,0.013531869491753964,58,0.725,1382,34132351,0.003959482097592726,NaN
23451,0.09611036361308457,0.021357858580685462,0.013529905518885185,58,0.725,1382,34146171,0.003959482097592726,NaN
23461,0.09611036361308457,0.021357858580685462,0.013527957742127023,58,0.725,1382,34159991,0.003959482097592726,NaN
23471,0.09611036361308457,0.021357858580685462,0.01352602640005722,58,0.725,1382,34173811,0.003959482097592726,NaN
23481,0.09611036361308457,0.021357858580685462,0.013524111996019958,58,0.725,1382,34187631,0.003959482097592726,NaN
23491,0.09611036361308457,0.021357858580685462,0.013522213125097882,58,0.725,1382,34201451,0.003959482097592726,NaN
23501,0.09611036361308457,0.021357858580685462,0.013520330463355754,58,0.725,1382,34215271,0.003959482097592726,NaN
23511,0.09611036361308457,0.021357858580685462,0.013518463419388163,58,0.725,1382,34229091,0.003959482097592726,NaN
23521,0.09611036361308457,0.021357858580685462,0.01351661088354977,58,0.725,1382,34242911,0.003959482097592726,NaN
23531,0.09611036361308457,0.021357858580685462,0.013514773659435365,58,0.725,1382,34256731,0.003959482097592726,NaN
23541,0.09611036361308457,0.021357858580685462,0.013512952127011918,58,0.725,1382,34270551,0.003959482097592726,NaN
23551,0.09611036361308457,0.021357858580685462,0.013511144834097094,58,0.725,1382,34284371,0.003959482097592726,NaN
23561,0.09611036361308457,0.021357858580685462,0.01350935216258801,58,0.725,1382,34298191,0.003959482097592726,NaN
23571,0.09611036361308457,0.021357858580685462,0.013507573783566845,58,0.725,1382,34312011,0.003959482097592726,NaN
23581,0.09611036361308457,0.021357858580685462,0.013505808819195799,58,0.725,1382,34325831,0.003959482097592726,NaN
23591,0.09611036361308457,0.021357858580685462,0.01350405828968336,58,0.725,1382,34339651,0.003959482097592726,NaN
23601,0.09611036361308457,0.021357858580685462,0.013502321654920718,58,0.725,1382,34353471,0.003959482097592726,NaN
23611,0.09611036361308457,0.021357858580685462,0.013500597542838439,58,0.725,1383,34367295,0.003959482097592726,NaN
23621,0.09611036361308457,0.021357858580685462,0.013498885879950217,58,0.725,1383,34381125,0.003959482097592726,NaN
23631,0.09611036361308457,0.021357858580685462,0.013497188113466382,58,0.725,1383,34394955,0.003959482097592726,NaN
23641,0.09611036361308457,0.021357858580685462,0.013495502727720996,58,0.725,1383,34408785,0.003959482097592726,NaN
23651,0.09611036361308457,0.021357858580685462,0.013493830710185067,58,0.725,1383,34422615,0.003959482097592726,NaN
23661,0.09611036361308457,0.021357858580685462,0.013492171459394442,58,0.725,1383,34436445,0.003959482097592726,NaN
23671,0.09611036361308457,0.021357858580685462,0.013490524543069756,58,0.725,1383,34450275,0.003959482097592726,NaN
23681,0.09611036361308457,0.021357858580685462,0.013488890215716582,58,0.725,1383,34464105,0.003959482097592726,NaN
23691,0.09611036361308457,0.021357858580685462,0.013487267931892985,58,0.725,1383,34477935,0.003959482097592726,NaN
23701,0.09611036361308457,0.021357858580685462,0.013485657305771484,58,0.725,1383,34491765,0.003959482097592726,NaN
23711,0.09611036361308457,0.021357858580685462,0.013484059013404501,58,0.725,1383,34505595,0.003959482097592726,NaN
23721,0.09611036361308457,0.021357858580685462,0.01348247250285003,58,0.725,1383,34519425,0.003959482097592726,NaN
23731,0.09611036361308457,0.021357858580685462,0.013480897417887463,58,0.725,1383,34533255,0.003959482097592726,NaN
23741,0.09611036361308457,0.021357858580685462,0.013479333990548615,58,0.725,1383,34547085,0.003959482097592726,NaN
23751,0.09611036361308457,0.021357858580685462,0.013477781485876172,58,0.725,1383,34560915,0.003959482097592726,NaN
23761,0.09611036361308457,0.021357858580685462,0.01347623998189306,58,0.725,1383,34574745,0.003959482097592726,NaN
23771,0.09611036361308457,0.021357858580685462,0.013474709317805509,58,0.725,1383,34588575,0.003959482097592726,NaN
23781,0.09611036361308457,0.021357858580685462,0.013473189992894461,58,0.725,1383,34602405,0.003959482097592726,NaN
23791,0.09611036361308457,0.021357858580685462,0.013471681601830118,58,0.725,1383,34616235,0.003959482097592726,NaN
23801,0.09611036361308457,0.021357858580685462,0.013470183722695192,58,0.725,1383,34630065,0.003959482097592726,NaN
23811,0.09611036361308457,0.021357858580685462,0.013468696316321355,58,0.725,1383,34643895,0.003959482097592726,NaN
23821,0.09611036361308457,0.021357858580685462,0.013467218195699645,58,0.725,1384,34657734,0.003959482097592726,NaN
23831,0.09611036361308457,0.021357858580685462,0.013465750561010514,58,0.725,1384,34671574,0.003959482097592726,NaN
23841,0.09611036361308457,0.021357858580685462,0.013464293017119844,58,0.725,1384,34685414,0.003959482097592726,NaN
23851,0.09611036361308457,0.021357858580685462,0.013462844719078965,58,0.725,1384,34699254,0.003959482097592726,NaN
23861,0.09611036361308457,0.021357858580685462,0.0134614064110085,58,0.725,1384,34713094,0.003959482097592726,NaN
23871,0.09611036361308457,0.021357858580685462,0.013459978359210686,58,0.725,1384,34726934,0.003959482097592726,NaN
23881,0.09611036361308457,0.021357858580685462,0.013458560403633238,58,0.725,1384,34740774,0.003959482097592726,NaN
23891,0.09611036361308457,0.021357858580685462,0.01345715116840045,58,0.725,1384,34754614,0.003959482097592726,NaN
23901,0.09611036361308457,0.021357858580685462,0.01345575159397366,58,0.725,1384,34768454,0.003959482097592726,NaN
23911,0.09611036361308457,0.021357858580685462,0.013454361096565729,58,0.725,1384,34782294,0.003959482097592726,NaN
23921,0.09611036361308457,0.021357858580685462,0.013452980632616027,58,0.725,1384,34796134,0.003959482097592726,NaN
23931,0.09611036361308457,0.021357858580685462,0.013451609062265918,58,0.725,1384,34809974,0.003959482097592726,NaN
23941,0.09611036361308457,0.021357858580685462,0.013450246146474915,58,0.725,1384,34823814,0.003959482097592726,NaN
23951,0.09611036361308457,0.021357858580685462,0.013448892383004802,58,0.725,1384,34837654,0.003959482097592726,NaN
23961,0.09611036361308457,0.021357858580685462,0.01344754734423334,58,0.725,1384,34851494,0.003959482097592726,NaN
23971,0.09611036361308457,0.021357858580685462,0.01344621153090365,58,0.725,1384,34865334,0.003959482097592726,NaN
23981,0.09611036361308457,0.021357858580685462,0.013444883953202114,58,0.725,1384,34879174,0.003959482097592726,NaN
23991,0.09611036361308457,0.021357858580685462,0.013443565382167367,58,0.725,1384,34893014,0.003959482097592726,NaN
24001,0.09611036361308457,0.021357858580685462,0.013442254821051335,58,0.725,1384,34906854,0.003959482097592726,NaN
24011,0.09611036361308457,0.021357858580685462,0.013440952688974522,58,0.725,1384,34920694,0.003959482097592726,NaN
24021,0.09611036361308457,0.021357858580685462,0.013439658852147757,58,0.725,1385,34934537,0.003959482097592726,NaN
24031,0.09611036361308457,0.021357858580685462,0.013438372634089289,58,0.725,1385,34948387,0.003959482097592726,NaN
24041,0.09611036361308457,0.021357858580685462,0.013437093823048498,58,0.725,1385,34962237,0.003959482097592726,NaN
24051,0.09611036361308457,0.021357858580685462,0.013435822905302989,58,0.725,1385,34976087,0.003959482097592726,NaN
24061,0.09611036361308457,0.021357858580685462,0.01343455999098242,58,0.725,1385,34989937,0.003959482097592726,NaN
24071,0.09611036361308457,0.021357858580685462,0.013433305080218977,58,0.725,1385,35003787,0.003959482097592726,NaN
24081,0.09611036361308457,0.021357858580685462,0.013432057870026725,58,0.725,1385,35017637,0.003959482097592726,NaN
24091,0.09611036361308457,0.021357858580685462,0.013430818007635945,58,0.725,1385,35031487,0.003959482097592726,NaN
24101,0.09611036361308457,0.021357858580685462,0.013429586457932763,58,0.725,1385,35045337,0.003959482097592726,NaN
24111,0.09611036361308457,0.021357858580685462,0.013428362218729626,58,0.725,1385,35059187,0.003959482097592726,NaN
24121,0.09611036361308457,0.021357858580685462,0.013427145304021577,58,0.725,1385,35073037,0.003959482097592726,NaN
24131,0.09611036361308457,0.021357858580685462,0.01342593563668128,58,0.725,1385,35086887,0.003959482097592726,NaN
24141,0.09611036361308457,0.021357858580685462,0.013424733188163184,58,0.725,1385,35100737,0.003959482097592726,NaN
24151,0.09598961838529853,0.021331026307844118,0.01341696897224948,57,0.7125,1361,35114371,0.003959482097592726,NaN
24161,0.09598961838529853,0.021331026307844118,0.013408666783052539,57,0.7125,1361,35127981,0.003959482097592726,NaN
24171,0.09598961838529853,0.021331026307844118,0.013400558780944687,57,0.7125,1361,35141591,0.003959482097592726,NaN
24181,0.09598961838529853,0.021331026307844118,0.013392637527408439,57,0.7125,1361,35155201,0.003959482097592726,NaN
24191,0.09598961838529853,0.021331026307844118,0.013384895706690053,57,0.7125,1361,35168811,0.003959482097592726,NaN
24201,0.09598961838529853,0.021331026307844118,0.013377325722465994,57,0.7125,1362,35182422,0.003959482097592726,NaN
24211,0.09598961838529853,0.021331026307844118,0.013369917217509663,57,0.7125,1362,35196042,0.003959482097592726,NaN
24221,0.09598961838529853,0.021331026307844118,0.013362669446398964,57,0.7125,1362,35209662,0.003959482097592726,NaN
24231,0.09598961838529853,0.021331026307844118,0.013355576232524813,57,0.7125,1362,35223282,0.003959482097592726,NaN
24241,0.09598961838529853,0.021331026307844118,0.013348631789830659,57,0.7125,1362,35236902,0.003959482097592726,NaN
24251,0.09598961838529853,0.021331026307844118,0.01334183085572099,57,0.7125,1362,35250522,0.003959482097592726,NaN
24261,0.09598961838529853,0.021331026307844118,0.013335169921888889,57,0.7125,1362,35264142,0.003959482097592726,NaN
24271,0.09598961838529853,0.021331026307844118,0.013328642870139382,57,0.7125,1362,35277762,0.003959482097592726,NaN
24281,0.09598961838529853,0.021331026307844118,0.013322245202786187,57,0.7125,1362,35291382,0.003959482097592726,NaN
24291,0.09598961838529853,0.021331026307844118,0.013315973417314409,57,0.7125,1362,35305002,0.003959482097592726,NaN
24301,0.09598961838529853,0.021331026307844118,0.013309822276805494,57,0.7125,1362,35318622,0.003959482097592726,NaN
24311,0.09598961838529853,0.021331026307844118,0.013303788841775705,57,0.7125,1362,35332242,0.003959482097592726,NaN
24321,0.09598961838529853,0.021331026307844118,0.013297869264332355,57,0.7125,1362,35345862,0.003959482097592726,NaN
24331,0.09598961838529853,0.021331026307844118,0.013292059626240532,57,0.7125,1362,35359482,0.003959482097592726,NaN
24341,0.09598961838529853,0.021331026307844118,0.01328635672218426,57,0.7125,1362,35373102,0.003959482097592726,NaN
24351,0.09598961838529853,0.021331026307844118,0.01328075683935786,57,0.7125,1362,35386722,0.003959482097592726,NaN
24361,0.09598961838529853,0.021331026307844118,0.013275257018804826,57,0.7125,1362,35400342,0.003959482097592726,NaN
24371,0.09598961838529853,0.021331026307844118,0.01326985458968096,57,0.7125,1362,35413962,0.003959482097592726,NaN
24381,0.09598961838529853,0.021331026307844118,0.013264546510336084,57,0.7125,1362,35427582,0.003959482097592726,NaN
24391,0.09598961838529853,0.021331026307844118,0.013259330728286741,57,0.7125,1362,35441202,0.003959482097592726,NaN
24401,0.09598961838529853,0.021331026307844118,0.013254203129631737,57,0.7125,1362,35454822,0.003959482097592726,NaN
24411,0.09598961838529853,0.021331026307844118,0.01324916176911305,57,0.7125,1362,35468442,0.003959482097592726,NaN
24421,0.09598961838529853,0.021331026307844118,0.013244201956125936,57,0.7125,1363,35482070,0.003959482097592726,NaN
24431,0.09598961838529853,0.021331026307844118,0.013239322537270745,57,0.7125,1363,35495700,0.003959482097592726,NaN
24441,0.09598961838529853,0.021331026307844118,0.013234522771026807,57,0.7125,1363,35509330,0.003959482097592726,NaN
24451,0.09598961838529853,0.021331026307844118,0.013229800426272776,57,0.7125,1363,35522960,0.003959482097592726,NaN
24461,0.09598961838529853,0.021331026307844118,0.01322515286949633,57,0.7125,1363,35536590,0.003959482097592726,NaN
24471,0.09598961838529853,0.021331026307844118,0.013220578679475823,57,0.7125,1363,35550220,0.003959482097592726,NaN
24481,0.09598961838529853,0.021331026307844118,0.013216076272113391,57,0.7125,1363,35563850,0.003959482097592726,NaN
24491,0.09598961838529853,0.021331026307844118,0.0132116426151847,57,0.7125,1363,35577480,0.003959482097592726,NaN
24501,0.09598961838529853,0.021331026307844118,0.013207276851954743,57,0.7125,1363,35591110,0.003959482097592726,NaN
24511,0.09598961838529853,0.021331026307844118,0.013202976769259318,57,0.7125,1363,35604740,0.003959482097592726,NaN
24521,0.09598961838529853,0.021331026307844118,0.013198740808540688,57,0.7125,1363,35618370,0.003959482097592726,NaN
24531,0.09598961838529853,0.021331026307844118,0.013194567326333253,57,0.7125,1363,35632000,0.003959482097592726,NaN
24541,0.09598961838529853,0.021331026307844118,0.013190454508143587,57,0.7125,1363,35645630,0.003959482097592726,NaN
24551,0.09598961838529853,0.021331026307844118,0.013186401823506647,57,0.7125,1363,35659260,0.003959482097592726,NaN
24561,0.09598961838529853,0.021331026307844118,0.013182407676061016,57,0.7125,1363,35672890,0.003959482097592726,NaN
24571,0.09598961838529853,0.021331026307844118,0.013178469601285677,57,0.7125,1363,35686520,0.003959482097592726,NaN
24581,0.09598961838529853,0.021331026307844118,0.013174587280915445,57,0.7125,1363,35700150,0.003959482097592726,NaN
24591,0.09598961838529853,0.021331026307844118,0.013170758636022914,57,0.7125,1363,35713780,0.003959482097592726,NaN
24601,0.09598961838529853,0.021331026307844118,0.013166982697449443,57,0.7125,1363,35727410,0.003959482097592726,NaN
24611,0.09598961838529853,0.021331026307844118,0.013163258785758492,57,0.7125,1363,35741040,0.003959482097592726,NaN
24621,0.09598961838529853,0.021331026307844118,0.013159584598499563,57,0.7125,1363,35754670,0.003959482097592726,NaN
24631,0.09598961838529853,0.021331026307844118,0.01315595910294346,57,0.7125,1364,35768302,0.003959482097592726,NaN
24641,0.09598961838529853,0.021331026307844118,0.013152379632309174,57,0.7125,1364,35781942,0.003959482097592726,NaN
24651,0.09598961838529853,0.021331026307844118,0.013148847814560294,57,0.7125,1364,35795582,0.003959482097592726,NaN
24661,0.09598961838529853,0.021331026307844118,0.013145361397824133,57,0.7125,1364,35809222,0.003959482097592726,NaN
24671,0.09598961838529853,0.021331026307844118,0.013141920640065039,57,0.7125,1364,35822862,0.003959482097592726,NaN
24681,0.09598961838529853,0.021331026307844118,0.013138523844018975,57,0.7125,1364,35836502,0.003959482097592726,NaN
24691,0.09598961838529853,0.021331026307844118,0.013135169612170493,57,0.7125,1364,35850142,0.003959482097592726,NaN
24701,0.09598961838529853,0.021331026307844118,0.013131857815871038,57,0.7125,1364,35863782,0.003959482097592726,NaN
24711,0.09598961838529853,0.021331026307844118,0.013128587314358198,57,0.7125,1364,35877422,0.003959482097592726,NaN
24721,0.09598961838529853,0.021331026307844118,0.013125356810704833,57,0.7125,1364,35891062,0.003959482097592726,NaN
24731,0.09598961838529853,0.021331026307844118,0.01312216634806553,57,0.7125,1364,35904702,0.003959482097592726,NaN
24741,0.09598961838529853,0.021331026307844118,0.01311901454001654,57,0.7125,1364,35918342,0.003959482097592726,NaN
24751,0.09598961838529853,0.021331026307844118,0.013115900480280227,57,0.7125,1364,35931982,0.003959482097592726,NaN
24761,0.09598961838529853,0.021331026307844118,0.013112823567959517,57,0.7125,1364,35945622,0.003959482097592726,NaN
24771,0.09598961838529853,0.021331026307844118,0.013109783161636513,57,0.7125,1364,35959262,0.003959482097592726,NaN
24781,0.09598961838529853,0.021331026307844118,0.013106778306816436,57,0.7125,1364,35972902,0.003959482097592726,NaN
24791,0.09598961838529853,0.021331026307844118,0.013103808737124908,57,0.7125,1364,35986542,0.003959482097592726,NaN
24801,0.09598961838529853,0.021331026307844118,0.01310087351300133,57,0.7125,1364,36000182,0.003959482097592726,NaN
24811,0.09598961838529853,0.021331026307844118,0.013097971571339287,57,0.7125,1364,36013822,0.003959482097592726,NaN
24821,0.09598961838529853,0.021331026307844118,0.013095102549859784,57,0.7125,1364,36027462,0.003959482097592726,NaN
24831,0.09598961838529853,0.021331026307844118,0.01309226587083368,57,0.7125,1364,36041102,0.003959482097592726,NaN
24841,0.09598961838529853,0.021331026307844118,0.013089461240951691,57,0.7125,1364,36054742,0.003959482097592726,NaN
24851,0.09598961838529853,0.021331026307844118,0.01308668644914684,57,0.7125,1365,36068387,0.003959482097592726,NaN
24861,0.09598961838529853,0.021331026307844118,0.013083941498594206,57,0.7125,1365,36082037,0.003959482097592726,NaN
24871,0.09598961838529853,0.021331026307844118,0.013081226450658064,57,0.7125,1365,36095687,0.003959482097592726,NaN
24881,0.09598961838529853,0.021331026307844118,0.013078540620650511,57,0.7125,1365,36109337,0.003959482097592726,NaN
24891,0.09598961838529853,0.021331026307844118,0.013075884147560075,57,0.7125,1365,36122987,0.003959482097592726,NaN
24901,0.09598961838529853,0.021331026307844118,0.013073256044776594,57,0.7125,1365,36136637,0.003959482097592726,NaN
24911,0.09598961838529853,0.021331026307844118,0.013070655589517838,57,0.7125,1365,36150287,0.003959482097592726,NaN
24921,0.09598961838529853,0.021331026307844118,0.013068082357787027,57,0.7125,1365,36163937,0.003959482097592726,NaN
24931,0.09598961838529853,0.021331026307844118,0.013065535875500741,57,0.7125,1365,36177587,0.003959482097592726,NaN
24941,0.09598961838529853,0.021331026307844118,0.01306301612492013,57,0.7125,1365,36191237,0.003959482097592726,NaN
24951,0.09598961838529853,0.021331026307844118,0.013060521936963132,57,0.7125,1365,36204887,0.003959482097592726,NaN
24961,0.09598961838529853,0.021331026307844118,0.013058053254161903,57,0.7125,1365,36218537,0.003959482097592726,NaN
24971,0.09598961838529853,0.021331026307844118,0.01305561002208663,57,0.7125,1365,36232187,0.003959482097592726,NaN
24981,0.09598961838529853,0.021331026307844118,0.013053191378717646,57,0.7125,1365,36245837,0.003959482097592726,NaN
24991,0.09598961838529853,0.021331026307844118,0.013050796778410928,57,0.7125,1365,36259487,0.003959482097592726,NaN
25001,0.09598961838529853,0.021331026307844118,0.013048426395627566,57,0.7125,1365,36273137,0.003959482097592726,NaN
25011,0.09598961838529853,0.021331026307844118,0.013046079254581455,57,0.7125,1365,36286787,0.003959482097592726,NaN
25021,0.09598961838529853,0.021331026307844118,0.013043755376993931,57,0.7125,1365,36300437,0.003959482097592726,NaN
25031,0.09598961838529853,0.021331026307844118,0.013041453585689287,57,0.7125,1365,36314087,0.003959482097592726,NaN
25041,0.09598961838529853,0.021331026307844118,0.013039174228338548,57,0.7125,1365,36327737,0.003959482097592726,NaN
25051,0.09598961838529853,0.021331026307844118,0.01303691700939066,57,0.7125,1365,36341387,0.003959482097592726,NaN
25061,0.09598961838529853,0.021331026307844118,0.013034681219542838,57,0.7125,1365,36355037,0.003959482097592726,NaN
25071,0.09598961838529853,0.021331026307844118,0.01303246518483304,57,0.7125,1366,36368694,0.003959482097592726,NaN
25081,0.09598961838529853,0.021331026307844118,0.013030269395713353,57,0.7125,1366,36382354,0.003959482097592726,NaN
25091,0.09598961838529853,0.021331026307844118,0.013028094114579142,57,0.7125,1366,36396014,0.003959482097592726,NaN
25101,0.09598961838529853,0.021331026307844118,0.01302593941683105,57,0.7125,1366,36409674,0.003959482097592726,NaN
25111,0.09598961838529853,0.021331026307844118,0.013023804676337417,57,0.7125,1366,36423334,0.003959482097592726,NaN
25121,0.09598961838529853,0.021331026307844118,0.013021688953436578,57,0.7125,1366,36436994,0.003959482097592726,NaN
25131,0.09598961838529853,0.021331026307844118,0.013019592883742692,57,0.7125,1366,36450654,0.003959482097592726,NaN
25141,0.09598961838529853,0.021331026307844118,0.013017515886086198,57,0.7125,1366,36464314,0.003959482097592726,NaN
25151,0.09598961838529853,0.021331026307844118,0.013015457295552368,57,0.7125,1366,36477974,0.003959482097592726,NaN
25161,0.09598961838529853,0.021331026307844118,0.013013417259641419,57,0.7125,1366,36491634,0.003959482097592726,NaN
25171,0.09598961838529853,0.021331026307844118,0.013011395270336682,57,0.7125,1366,36505294,0.003959482097592726,NaN
25181,0.09598961838529853,0.021331026307844118,0.013009391214285048,57,0.7125,1366,36518954,0.003959482097592726,NaN
25191,0.09598961838529853,0.021331026307844118,0.013007404586731932,57,0.7125,1366,36532614,0.003959482097592726,NaN
25201,0.09598961838529853,0.021331026307844118,0.01300543497988137,57,0.7125,1366,36546274,0.003959482097592726,NaN
25211,0.09598961838529853,0.021331026307844118,0.013003482915901088,57,0.7125,1366,36559934,0.003959482097592726,NaN
25221,0.09598961838529853,0.021331026307844118,0.013001547553736805,57,0.7125,1366,36573594,0.003959482097592726,NaN
25231,0.09598961838529853,0.021331026307844118,0.01299962876099284,57,0.7125,1366,36587254,0.003959482097592726,NaN
25241,0.09598961838529853,0.021331026307844118,0.012997726248487124,57,0.7125,1366,36600914,0.003959482097592726,NaN
25251,0.09598961838529853,0.021331026307844118,0.012995840283682844,57,0.7125,1366,36614574,0.003959482097592726,NaN
25261,0.09598961838529853,0.021331026307844118,0.012993969865775976,57,0.7125,1366,36628234,0.003959482097592726,NaN
25271,0.09598961838529853,0.021331026307844118,0.012992115214539579,57,0.7125,1366,36641894,0.003959482097592726,NaN
25281,0.09598961838529853,0.021331026307844118,0.012990275626795366,57,0.7125,1366,36655554,0.003959482097592726,NaN
25291,0.09598961838529853,0.021331026307844118,0.012988450184769965,57,0.7125,1367,36669220,0.003959482097592726,NaN
25301,0.09598961838529853,0.021331026307844118,0.012986639283342599,57,0.7125,1367,36682890,0.003959482097592726,NaN
25311,0.09598961838529853,0.021331026307844118,0.012984843278623226,57,0.7125,1367,36696560,0.003959482097592726,NaN
25321,0.09598961838529853,0.021331026307844118,0.012983061887990163,57,0.7125,1367,36710230,0.003959482097592726,NaN
25331,0.09598961838529853,0.021331026307844118,0.012981294807755886,57,0.7125,1367,36723900,0.003959482097592726,NaN
25341,0.09598961838529853,0.021331026307844118,0.012979541754719609,57,0.7125,1367,36737570,0.003959482097592726,NaN
25351,0.09598961838529853,0.021331026307844118,0.012977803021726412,57,0.7125,1367,36751240,0.003959482097592726,NaN
25361,0.09598961838529853,0.021331026307844118,0.012976077992263546,57,0.7125,1367,36764910,0.003959482097592726,NaN
25371,0.09598961838529853,0.021331026307844118,0.012974366590677942,57,0.7125,1367,36778580,0.003959482097592726,NaN
25381,0.09598961838529853,0.021331026307844118,0.012972668505743398,57,0.7125,1367,36792250,0.003959482097592726,NaN
25391,0.09598961838529853,0.021331026307844118,0.012970983676402283,57,0.7125,1367,36805920,0.003959482097592726,NaN
25401,0.09598961838529853,0.021331026307844118,0.012969312033113379,57,0.7125,1367,36819590,0.003959482097592726,NaN
25411,0.09598961838529853,0.021331026307844118,0.012967652998174845,57,0.7125,1367,36833260,0.003959482097592726,NaN
25421,0.09598961838529853,0.021331026307844118,0.012966006628172568,57,0.7125,1367,36846930,0.003959482097592726,NaN
25431,0.09598961838529853,0.021331026307844118,0.012964373025959286,57,0.7125,1367,36860600,0.003959482097592726,NaN
25441,0.09598961838529853,0.021331026307844118,0.012962751922536781,57,0.7125,1367,36874270,0.003959482097592726,NaN
25451,0.09598961838529853,0.021331026307844118,0.01296114295762708,57,0.7125,1367,36887940,0.003959482097592726,NaN
25461,0.09598961838529853,0.021331026307844118,0.01295954634664477,57,0.7125,1367,36901610,0.003959482097592726,NaN
25471,0.09598961838529853,0.021331026307844118,0.012957961363959594,57,0.7125,1367,36915280,0.003959482097592726,NaN
25481,0.09598961838529853,0.021331026307844118,0.012956388307150337,57,0.7125,1367,36928950,0.003959482097592726,NaN
25491,0.09598961838529853,0.021331026307844118,0.012954826620188964,57,0.7125,1367,36942620,0.003959482097592726,NaN
25501,0.09598961838529853,0.021331026307844118,0.012953276694667138,57,0.7125,1367,36956290,0.003959482097592726,NaN
25511,0.09598961838529853,0.021331026307844118,0.012951737631192412,57,0.7125,1368,36969963,0.003959482097592726,NaN
25521,0.09598961838529853,0.021331026307844118,0.012950208765460682,57,0.7125,1368,36983643,0.003959482097592726,NaN
25531,0.09598961838529853,0.021331026307844118,0.01294869091563768,57,0.7125,1368,36997323,0.003959482097592726,NaN
25541,0.09598961838529853,0.021331026307844118,0.012947184217378213,57,0.7125,1368,37011003,0.003959482097592726,NaN
25551,0.09598961838529853,0.021331026307844118,0.012945688163651863,57,0.7125,1368,37024683,0.003959482097592726,NaN
25561,0.09598961838529853,0.021331026307844118,0.012944203109838567,57,0.7125,1368,37038363,0.003959482097592726,NaN
25571,0.09598961838529853,0.021331026307844118,0.01294272797508568,57,0.7125,1368,37052043,0.003959482097592726,NaN
25581,0.09598961838529853,0.021331026307844118,0.012941263791432456,57,0.7125,1368,37065723,0.003959482097592726,NaN
25591,0.09598961838529853,0.021331026307844118,0.012939809436040946,57,0.7125,1368,37079403,0.003959482097592726,NaN
25601,0.09598961838529853,0.021331026307844118,0.012938365323307596,57,0.7125,1368,37093083,0.003959482097592726,NaN
25611,0.09598961838529853,0.021331026307844118,0.01293693125892922,57,0.7125,1368,37106763,0.003959482097592726,NaN
25621,0.09598961838529853,0.021331026307844118,0.012935507277002618,57,0.7125,1368,37120443,0.003959482097592726,NaN
25631,0.09598961838529853,0.021331026307844118,0.012934093223192621,57,0.7125,1368,37134123,0.003959482097592726,NaN
25641,0.09598961838529853,0.021331026307844118,0.012932688664214131,57,0.7125,1368,37147803,0.003959482097592726,NaN
25651,0.09598961838529853,0.021331026307844118,0.012931293739498173,57,0.7125,1368,37161483,0.003959482097592726,NaN
25661,0.09598961838529853,0.021331026307844118,0.012929908465330375,57,0.7125,1368,37175163,0.003959482097592726,NaN
25671,0.09598961838529853,0.021331026307844118,0.012928532410725327,57,0.7125,1368,37188843,0.003959482097592726,NaN
25681,0.09598961838529853,0.021331026307844118,0.012927165557261778,57,0.7125,1368,37202523,0.003959482097592726,NaN
25691,0.09598961838529853,0.021331026307844118,0.012925807956648319,57,0.7125,1368,37216203,0.003959482097592726,NaN
25701,0.09598961838529853,0.021331026307844118,0.012924459398584633,57,0.7125,1368,37229883,0.003959482097592726,NaN
25711,0.09598961838529853,0.021331026307844118,0.01292311964428001,57,0.7125,1368,37243563,0.003959482097592726,NaN
25721,0.09598961838529853,0.021331026307844118,0.012921788770143206,57,0.7125,1368,37257243,0.003959482097592726,NaN
25731,0.09598961838529853,0.021331026307844118,0.012920466604996845,57,0.7125,1368,37270923,0.003959482097592726,NaN
25741,0.09598961838529853,0.021331026307844118,0.012919152131801495,57,0.7125,1369,37284611,0.003959482097592726,NaN
25751,0.09598961838529853,0.021331026307844118,0.012917846219350637,57,0.7125,1369,37298301,0.003959482097592726,NaN
25761,0.09598961838529853,0.021331026307844118,0.012916548691858909,57,0.7125,1369,37311991,0.003959482097592726,NaN
25771,0.09598961838529853,0.021331026307844118,0.012915259478159014,57,0.7125,1369,37325681,0.003959482097592726,NaN
25781,0.09598961838529853,0.021331026307844118,0.012913978248999656,57,0.7125,1369,37339371,0.003959482097592726,NaN
25791,0.09598961838529853,0.021331026307844118,0.012912705662380685,57,0.7125,1369,37353061,0.003959482097592726,NaN
25801,0.09598961838529853,0.021331026307844118,0.012911441056614223,57,0.7125,1369,37366751,0.003959482097592726,NaN
25811,0.09598961838529853,0.021331026307844118,0.012910184658933113,57,0.7125,1369,37380441,0.003959482097592726,NaN
25821,0.09598961838529853,0.021331026307844118,0.012908935722558527,57,0.7125,1369,37394131,0.003959482097592726,NaN
25831,0.09598961838529853,0.021331026307844118,0.01290769452335575,57,0.7125,1369,37407821,0.003959482097592726,NaN
25841,0.09598961838529853,0.021331026307844118,0.01290646130342058,57,0.7125,1369,37421511,0.003959482097592726,NaN
25851,0.09598961838529853,0.021331026307844118,0.012905235524175333,57,0.7125,1369,37435201,0.003959482097592726,NaN
25861,0.09598961838529853,0.021331026307844118,0.012904017363110398,57,0.7125,1369,37448891,0.003959482097592726,NaN
25871,0.09598961838529853,0.021331026307844118,0.012902806735962835,57,0.7125,1369,37462581,0.003959482097592726,NaN
25881,0.09598961838529853,0.021331026307844118,0.012901603750177062,57,0.7125,1369,37476271,0.003959482097592726,NaN
25891,0.09598961838529853,0.021331026307844118,0.012900407922200676,57,0.7125,1369,37489961,0.003959482097592726,NaN
25901,0.09598961838529853,0.021331026307844118,0.012899219133716222,57,0.7125,1369,37503651,0.003959482097592726,NaN
25911,0.09598961838529853,0.021331026307844118,0.012898037756572408,57,0.7125,1369,37517341,0.003959482097592726,NaN
25921,0.09598961838529853,0.021331026307844118,0.012896863517563553,57,0.7125,1369,37531031,0.003959482097592726,NaN
25931,0.09598961838529853,0.021331026307844118,0.012895696442013885,57,0.7125,1369,37544721,0.003959482097592726,NaN
25941,0.09594325050058726,0.021320722333463837,0.012889477285707652,56,0.7,1345,37558243,0.003959482097592726,NaN
25951,0.09594325050058726,0.021320722333463837,0.012881257802897228,56,0.7,1345,37571693,0.003959482097592726,NaN
25961,0.09594325050058726,0.021320722333463837,0.012873229570568875,56,0.7,1345,37585143,0.003959482097592726,NaN
25971,0.09594325050058726,0.021320722333463837,0.01286538002758166,56,0.7,1346,37598600,0.003959482097592726,NaN
25981,0.09594325050058726,0.021320722333463837,0.01285770571856178,56,0.7,1346,37612060,0.003959482097592726,NaN
25991,0.09594325050058726,0.021320722333463837,0.012850200526702498,56,0.7,1346,37625520,0.003959482097592726,NaN
26001,0.09594325050058726,0.021320722333463837,0.012842859262112195,56,0.7,1346,37638980,0.003959482097592726,NaN
26011,0.09594325050058726,0.021320722333463837,0.012835675961462619,56,0.7,1346,37652440,0.003959482097592726,NaN
26021,0.09594325050058726,0.021320722333463837,0.012828643839958359,56,0.7,1346,37665900,0.003959482097592726,NaN
26031,0.09594325050058726,0.021320722333463837,0.012821758931880872,56,0.7,1346,37679360,0.003959482097592726,NaN
26041,0.09594325050058726,0.021320722333463837,0.012815016318547891,56,0.7,1346,37692820,0.003959482097592726,NaN
26051,0.09594325050058726,0.021320722333463837,0.012808410336246768,56,0.7,1346,37706280,0.003959482097592726,NaN
26061,0.09594325050058726,0.021320722333463837,0.012801936466716938,56,0.7,1346,37719740,0.003959482097592726,NaN
26071,0.09594325050058726,0.021320722333463837,0.012795589863224582,56,0.7,1346,37733200,0.003959482097592726,NaN
26081,0.09594325050058726,0.021320722333463837,0.01278936777143797,56,0.7,1346,37746660,0.003959482097592726,NaN
26091,0.09594325050058726,0.021320722333463837,0.012783264602690362,56,0.7,1346,37760120,0.003959482097592726,NaN
26101,0.09594325050058726,0.021320722333463837,0.012777277225899544,56,0.7,1346,37773580,0.003959482097592726,NaN
26111,0.09594325050058726,0.021320722333463837,0.012771401892432022,56,0.7,1346,37787040,0.003959482097592726,NaN
26121,0.09594325050058726,0.021320722333463837,0.012765635298888888,56,0.7,1346,37800500,0.003959482097592726,NaN
26131,0.09594325050058726,0.021320722333463837,0.012759973712989082,56,0.7,1346,37813960,0.003959482097592726,NaN
26141,0.09594325050058726,0.021320722333463837,0.0127544139927728,56,0.7,1346,37827420,0.003959482097592726,NaN
26151,0.09594325050058726,0.021320722333463837,0.012748953396127014,56,0.7,1346,37840880,0.003959482097592726,NaN
26161,0.09594325050058726,0.021320722333463837,0.012743588817995612,56,0.7,1346,37854340,0.003959482097592726,NaN
26171,0.09594325050058726,0.021320722333463837,0.012738317130287535,56,0.7,1346,37867800,0.003959482097592726,NaN
26181,0.09594325050058726,0.021320722333463837,0.01273313576337659,56,0.7,1346,37881260,0.003959482097592726,NaN
26191,0.09594325050058726,0.021320722333463837,0.012728042467656405,56,0.7,1346,37894720,0.003959482097592726,NaN
26201,0.09594325050058726,0.021320722333463837,0.012723032681308265,56,0.7,1347,37908185,0.003959482097592726,NaN
26211,0.09594325050058726,0.021320722333463837,0.01271810429531397,56,0.7,1347,37921655,0.003959482097592726,NaN
26221,0.09594325050058726,0.021320722333463837,0.012713256511394683,56,0.7,1347,37935125,0.003959482097592726,NaN
26231,0.09594325050058726,0.021320722333463837,0.012708486737447285,56,0.7,1347,37948595,0.003959482097592726,NaN
26241,0.09594325050058726,0.021320722333463837,0.012703793522229122,56,0.7,1347,37962065,0.003959482097592726,NaN
26251,0.09594325050058726,0.021320722333463837,0.01269917502582516,56,0.7,1347,37975535,0.003959482097592726,NaN
26261,0.09594325050058726,0.021320722333463837,0.012694628541868952,56,0.7,1347,37989005,0.003959482097592726,NaN
26271,0.09594325050058726,0.021320722333463837,0.012690152994684272,56,0.7,1347,38002475,0.003959482097592726,NaN
26281,0.09594325050058726,0.021320722333463837,0.012685745878224668,56,0.7,1347,38015945,0.003959482097592726,NaN
26291,0.09594325050058726,0.021320722333463837,0.012681405618543154,56,0.7,1347,38029415,0.003959482097592726,NaN
26301,0.09594325050058726,0.021320722333463837,0.01267713044460753,56,0.7,1347,38042885,0.003959482097592726,NaN
26311,0.09594325050058726,0.021320722333463837,0.012672919109217492,56,0.7,1347,38056355,0.003959482097592726,NaN
26321,0.09594325050058726,0.021320722333463837,0.01266876966475935,56,0.7,1347,38069825,0.003959482097592726,NaN
26331,0.09594325050058726,0.021320722333463837,0.012664680741344133,56,0.7,1347,38083295,0.003959482097592726,NaN
26341,0.09594325050058726,0.021320722333463837,0.012660650552621144,56,0.7,1347,38096765,0.003959482097592726,NaN
26351,0.09594325050058726,0.021320722333463837,0.012656678047646783,56,0.7,1347,38110235,0.003959482097592726,NaN
26361,0.09594325050058726,0.021320722333463837,0.012652761613518432,56,0.7,1347,38123705,0.003959482097592726,NaN
26371,0.09594325050058726,0.021320722333463837,0.012648899803640937,56,0.7,1347,38137175,0.003959482097592726,NaN
26381,0.09594325050058726,0.021320722333463837,0.01264509148865813,56,0.7,1347,38150645,0.003959482097592726,NaN
26391,0.09594325050058726,0.021320722333463837,0.012641335713671592,56,0.7,1347,38164115,0.003959482097592726,NaN
26401,0.09594325050058726,0.021320722333463837,0.01263763098913694,56,0.7,1347,38177585,0.003959482097592726,NaN
26411,0.09594325050058726,0.021320722333463837,0.012633976492602514,56,0.7,1347,38191055,0.003959482097592726,NaN
26421,0.09594325050058726,0.021320722333463837,0.012630370448292938,56,0.7,1347,38204525,0.003959482097592726,NaN
26431,0.09594325050058726,0.021320722333463837,0.01262681192826962,56,0.7,1347,38217995,0.003959482097592726,NaN
26441,0.09594325050058726,0.021320722333463837,0.012623297385532995,56,0.7,1348,38231475,0.003959482097592726,NaN
26451,0.09594325050058726,0.021320722333463837,0.012619828824163487,56,0.7,1348,38244955,0.003959482097592726,NaN
26461,0.09594325050058726,0.021320722333463837,0.012616405005587217,56,0.7,1348,38258435,0.003959482097592726,NaN
26471,0.09594325050058726,0.021320722333463837,0.012613024488827349,56,0.7,1348,38271915,0.003959482097592726,NaN
26481,0.09594325050058726,0.021320722333463837,0.012609686959959218,56,0.7,1348,38285395,0.003959482097592726,NaN
26491,0.09594325050058726,0.021320722333463837,0.012606391185457528,56,0.7,1348,38298875,0.003959482097592726,NaN
26501,0.09594325050058726,0.021320722333463837,0.012603136228447748,56,0.7,1348,38312355,0.003959482097592726,NaN
26511,0.09594325050058726,0.021320722333463837,0.012599921542167719,56,0.7,1348,38325835,0.003959482097592726,NaN
26521,0.09594325050058726,0.021320722333463837,0.012596746259459352,56,0.7,1348,38339315,0.003959482097592726,NaN
26531,0.09594325050058726,0.021320722333463837,0.012593609332998815,56,0.7,1348,38352795,0.003959482097592726,NaN
26541,0.09594325050058726,0.021320722333463837,0.01259051009271862,56,0.7,1348,38366275,0.003959482097592726,NaN
26551,0.09594325050058726,0.021320722333463837,0.012587447725707208,56,0.7,1348,38379755,0.003959482097592726,NaN
26561,0.09594325050058726,0.021320722333463837,0.01258442150886146,56,0.7,1348,38393235,0.003959482097592726,NaN
26571,0.09594325050058726,0.021320722333463837,0.012581430637006414,56,0.7,1348,38406715,0.003959482097592726,NaN
26581,0.09594325050058726,0.021320722333463837,0.012578474310529752,56,0.7,1348,38420195,0.003959482097592726,NaN
26591,0.09594325050058726,0.021320722333463837,0.012575552270857684,56,0.7,1348,38433675,0.003959482097592726,NaN
26601,0.09594325050058726,0.021320722333463837,0.01257266376232014,56,0.7,1348,38447155,0.003959482097592726,NaN
26611,0.09594325050058726,0.021320722333463837,0.012569807928366258,56,0.7,1348,38460635,0.003959482097592726,NaN
26621,0.09594325050058726,0.021320722333463837,0.012566984177786258,56,0.7,1348,38474115,0.003959482097592726,NaN
26631,0.09594325050058726,0.021320722333463837,0.012564191932532717,56,0.7,1348,38487595,0.003959482097592726,NaN
26641,0.09594325050058726,0.021320722333463837,0.012561430601211326,56,0.7,1348,38501075,0.003959482097592726,NaN
26651,0.09594325050058726,0.021320722333463837,0.012558699768052883,56,0.7,1348,38514555,0.003959482097592726,NaN
26661,0.09594325050058726,0.021320722333463837,0.01255599824675313,56,0.7,1348,38528035,0.003959482097592726,NaN
26671,0.09594325050058726,0.021320722333463837,0.012553325879614396,56,0.7,1349,38541518,0.003959482097592726,NaN
26681,0.09594325050058726,0.021320722333463837,0.012550680447904555,56,0.7,1349,38555008,0.003959482097592726,NaN
26691,0.09594325050058726,0.021320722333463837,0.012548063296001371,56,0.7,1349,38568498,0.003959482097592726,NaN
26701,0.09594325050058726,0.021320722333463837,0.012545473993211095,56,0.7,1349,38581988,0.003959482097592726,NaN
26711,0.09594325050058726,0.021320722333463837,0.012542911831314712,56,0.7,1349,38595478,0.003959482097592726,NaN
26721,0.09594325050058726,0.021320722333463837,0.012540376581144885,56,0.7,1349,38608968,0.003959482097592726,NaN
26731,0.09594325050058726,0.021320722333463837,0.012537867429530383,56,0.7,1349,38622458,0.003959482097592726,NaN
26741,0.09594325050058726,0.021320722333463837,0.012535383998036756,56,0.7,1349,38635948,0.003959482097592726,NaN
26751,0.09594325050058726,0.021320722333463837,0.01253292598643481,56,0.7,1349,38649438,0.003959482097592726,NaN
26761,0.09594325050058726,0.021320722333463837,0.012530492784294961,56,0.7,1349,38662928,0.003959482097592726,NaN
26771,0.09594325050058726,0.021320722333463837,0.012528084549667359,56,0.7,1349,38676418,0.003959482097592726,NaN
26781,0.09594325050058726,0.021320722333463837,0.012525699913911979,56,0.7,1349,38689908,0.003959482097592726,NaN
26791,0.09594325050058726,0.021320722333463837,0.012523339166357242,56,0.7,1349,38703398,0.003959482097592726,NaN
26801,0.09594325050058726,0.021320722333463837,0.012521001368699783,56,0.7,1349,38716888,0.003959482097592726,NaN
26811,0.09594325050058726,0.021320722333463837,0.012518686919988933,56,0.7,1349,38730378,0.003959482097592726,NaN
26821,0.09594325050058726,0.021320722333463837,0.012516394665601291,56,0.7,1349,38743868,0.003959482097592726,NaN
26831,0.09594325050058726,0.021320722333463837,0.01251412464996354,56,0.7,1349,38757358,0.003959482097592726,NaN
26841,0.09594325050058726,0.021320722333463837,0.012511876431808322,56,0.7,1349,38770848,0.003959482097592726,NaN
26851,0.09594325050058726,0.021320722333463837,0.012509649595100338,56,0.7,1349,38784338,0.003959482097592726,NaN
26861,0.09594325050058726,0.021320722333463837,0.012507443806213964,56,0.7,1349,38797828,0.003959482097592726,NaN
26871,0.09594325050058726,0.021320722333463837,0.01250525854240552,56,0.7,1349,38811318,0.003959482097592726,NaN
26881,0.09594325050058726,0.021320722333463837,0.012503093608434764,56,0.7,1349,38824808,0.003959482097592726,NaN
26891,0.09594325050058726,0.021320722333463837,0.01250094905512141,56,0.7,1349,38838298,0.003959482097592726,NaN
26901,0.09594325050058726,0.021320722333463837,0.01249882436090996,56,0.7,1349,38851788,0.003959482097592726,NaN
26911,0.09594325050058726,0.021320722333463837,0.012496718367889702,56,0.7,1350,38865281,0.003959482097592726,NaN
26921,0.09594325050058726,0.021320722333463837,0.012494630638166663,56,0.7,1350,38878781,0.003959482097592726,NaN
26931,0.09594325050058726,0.021320722333463837,0.012492561764054954,56,0.7,1350,38892281,0.003959482097592726,NaN
26941,0.09594325050058726,0.021320722333463837,0.012490511459983844,56,0.7,1350,38905781,0.003959482097592726,NaN
26951,0.09594325050058726,0.021320722333463837,0.012488479371238965,56,0.7,1350,38919281,0.003959482097592726,NaN
26961,0.09594325050058726,0.021320722333463837,0.012486465360310553,56,0.7,1350,38932781,0.003959482097592726,NaN
26971,0.09594325050058726,0.021320722333463837,0.012484469121664772,56,0.7,1350,38946281,0.003959482097592726,NaN
26981,0.09594325050058726,0.021320722333463837,0.012482490311014855,56,0.7,1350,38959781,0.003959482097592726,NaN
26991,0.09594325050058726,0.021320722333463837,0.012480528919567888,56,0.7,1350,38973281,0.003959482097592726,NaN
27001,0.09594325050058726,0.021320722333463837,0.012478584231949889,56,0.7,1350,38986781,0.003959482097592726,NaN
27011,0.09594325050058726,0.021320722333463837,0.01247665665291703,56,0.7,1350,39000281,0.003959482097592726,NaN
27021,0.09594325050058726,0.021320722333463837,0.01247474506012628,56,0.7,1350,39013781,0.003959482097592726,NaN
27031,0.09594325050058726,0.021320722333463837,0.01247284978147384,56,0.7,1350,39027281,0.003959482097592726,NaN
27041,0.09594325050058726,0.021320722333463837,0.012470970596088433,56,0.7,1350,39040781,0.003959482097592726,NaN
27051,0.09594325050058726,0.021320722333463837,0.012469107214826438,56,0.7,1350,39054281,0.003959482097592726,NaN
27061,0.09594325050058726,0.021320722333463837,0.012467259317303024,56,0.7,1350,39067781,0.003959482097592726,NaN
27071,0.09594325050058726,0.021320722333463837,0.012465426720079748,56,0.7,1350,39081281,0.003959482097592726,NaN
27081,0.09594325050058726,0.021320722333463837,0.012463609413781175,56,0.7,1350,39094781,0.003959482097592726,NaN
27091,0.09594325050058726,0.021320722333463837,0.012461806839640542,56,0.7,1350,39108281,0.003959482097592726,NaN
27101,0.09594325050058726,0.021320722333463837,0.012460019145536079,56,0.7,1350,39121781,0.003959482097592726,NaN
27111,0.09594325050058726,0.021320722333463837,0.012458245899102594,56,0.7,1350,39135281,0.003959482097592726,NaN
27121,0.09594325050058726,0.021320722333463837,0.012456486863070788,56,0.7,1350,39148781,0.003959482097592726,NaN
27131,0.09594325050058726,0.021320722333463837,0.012454742012081434,56,0.7,1350,39162281,0.003959482097592726,NaN
27141,0.09594325050058726,0.021320722333463837,0.012453010924011913,56,0.7,1350,39175781,0.003959482097592726,NaN
27151,0.09594325050058726,0.021320722333463837,0.01245129340620721,56,0.7,1351,39189283,0.003959482097592726,NaN
27161,0.09594325050058726,0.021320722333463837,0.012449588418514476,56,0.7,1351,39202793,0.003959482097592726,NaN
27171,0.09594325050058726,0.021320722333463837,0.012447896864408432,56,0.7,1351,39216303,0.003959482097592726,NaN
27181,0.09594325050058726,0.021320722333463837,0.012446218475281013,56,0.7,1351,39229813,0.003959482097592726,NaN
27191,0.09594325050058726,0.021320722333463837,0.012444552989346566,56,0.7,1351,39243323,0.003959482097592726,NaN
27201,0.09594325050058726,0.021320722333463837,0.01244290027956878,56,0.7,1351,39256833,0.003959482097592726,NaN
27211,0.09594325050058726,0.021320722333463837,0.0124412603002586,56,0.7,1351,39270343,0.003959482097592726,NaN
27221,0.09594325050058726,0.021320722333463837,0.012439632873902567,56,0.7,1351,39283853,0.003959482097592726,NaN
27231,0.09594325050058726,0.021320722333463837,0.012438018016530957,56,0.7,1351,39297363,0.003959482097592726,NaN
27241,0.09594325050058726,0.021320722333463837,0.012436415276221609,56,0.7,1351,39310873,0.003959482097592726,NaN
27251,0.09594325050058726,0.021320722333463837,0.01243482457750312,56,0.7,1351,39324383,0.003959482097592726,NaN
27261,0.09594325050058726,0.021320722333463837,0.012433245571545749,56,0.7,1351,39337893,0.003959482097592726,NaN
27271,0.09594325050058726,0.021320722333463837,0.012431678680786627,56,0.7,1351,39351403,0.003959482097592726,NaN
27281,0.09594325050058726,0.021320722333463837,0.012430123291264424,56,0.7,1351,39364913,0.003959482097592726,NaN
27291,0.09594325050058726,0.021320722333463837,0.012428579007360142,56,0.7,1351,39378423,0.003959482097592726,NaN
27301,0.09594325050058726,0.021320722333463837,0.012427045955781396,56,0.7,1351,39391933,0.003959482097592726,NaN
27311,0.09594325050058726,0.021320722333463837,0.012425523940559933,56,0.7,1351,39405443,0.003959482097592726,NaN
27321,0.09594325050058726,0.021320722333463837,0.012424012951808972,56,0.7,1351,39418953,0.003959482097592726,NaN
27331,0.09594325050058726,0.021320722333463837,0.01242251290416031,56,0.7,1351,39432463,0.003959482097592726,NaN
27341,0.09594325050058726,0.021320722333463837,0.01242102382082323,56,0.7,1351,39445973,0.003959482097592726,NaN
27351,0.09594325050058726,0.021320722333463837,0.012419545384844997,56,0.7,1351,39459483,0.003959482097592726,NaN
27361,0.09594325050058726,0.021320722333463837,0.012418077201271208,56,0.7,1351,39472993,0.003959482097592726,NaN
27371,0.09594325050058726,0.021320722333463837,0.012416619454261386,56,0.7,1351,39486503,0.003959482097592726,NaN
27381,0.09594325050058726,0.021320722333463837,0.012415172052444766,56,0.7,1351,39500013,0.003959482097592726,NaN
27391,0.09594325050058726,0.021320722333463837,0.012413734489195033,56,0.7,1351,39513523,0.003959482097592726,NaN
27401,0.09594325050058726,0.021320722333463837,0.01241230598675527,56,0.7,1352,39527042,0.003959482097592726,NaN
27411,0.09594325050058726,0.021320722333463837,0.012410887154568982,56,0.7,1352,39540562,0.003959482097592726,NaN
27421,0.09594325050058726,0.021320722333463837,0.0124094782938696,56,0.7,1352,39554082,0.003959482097592726,NaN
27431,0.09594325050058726,0.021320722333463837,0.012408079203939772,56,0.7,1352,39567602,0.003959482097592726,NaN
27441,0.09594325050058726,0.021320722333463837,0.012406689656198362,56,0.7,1352,39581122,0.003959482097592726,NaN
27451,0.09594325050058726,0.021320722333463837,0.012405309455153998,56,0.7,1352,39594642,0.003959482097592726,NaN
27461,0.09594325050058726,0.021320722333463837,0.012403938639606095,56,0.7,1352,39608162,0.003959482097592726,NaN
27471,0.09594325050058726,0.021320722333463837,0.012402577194522727,56,0.7,1352,39621682,0.003959482097592726,NaN
27481,0.09594325050058726,0.021320722333463837,0.012401224565314886,56,0.7,1352,39635202,0.003959482097592726,NaN
27491,0.09594325050058726,0.021320722333463837,0.012399881060006852,56,0.7,1352,39648722,0.003959482097592726,NaN
27501,0.09594325050058726,0.021320722333463837,0.012398546286767025,56,0.7,1352,39662242,0.003959482097592726,NaN
27511,0.09594325050058726,0.021320722333463837,0.012397220384968623,56,0.7,1352,39675762,0.003959482097592726,NaN
27521,0.09594325050058726,0.021320722333463837,0.012395903426492945,56,0.7,1352,39689282,0.003959482097592726,NaN
27531,0.09594325050058726,0.021320722333463837,0.012394594753320472,56,0.7,1352,39702802,0.003959482097592726,NaN
27541,0.09594325050058726,0.021320722333463837,0.012393294692230212,56,0.7,1352,39716322,0.003959482097592726,NaN
27551,0.09594325050058726,0.021320722333463837,0.012392003213651682,56,0.7,1352,39729842,0.003959482097592726,NaN
27561,0.09594325050058726,0.021320722333463837,0.012390719944007264,56,0.7,1352,39743362,0.003959482097592726,NaN
27571,0.09594325050058726,0.021320722333463837,0.012389444980767054,56,0.7,1352,39756882,0.003959482097592726,NaN
27581,0.09594325050058726,0.021320722333463837,0.012388178152323535,56,0.7,1352,39770402,0.003959482097592726,NaN
27591,0.09594325050058726,0.021320722333463837,0.012386919334824897,56,0.7,1352,39783922,0.003959482097592726,NaN
27601,0.09594325050058726,0.021320722333463837,0.012385668494417664,56,0.7,1352,39797442,0.003959482097592726,NaN
27611,0.09594325050058726,0.021320722333463837,0.01238442558325183,56,0.7,1352,39810962,0.003959482097592726,NaN
27621,0.09594325050058726,0.021320722333463837,0.012383190272368215,56,0.7,1352,39824482,0.003959482097592726,NaN
27631,0.09594325050058726,0.021320722333463837,0.012381962852802061,56,0.7,1352,39838002,0.003959482097592726,NaN
27641,0.09594325050058726,0.021320722333463837,0.012380742530208386,56,0.7,1353,39851525,0.003959482097592726,NaN
27651,0.09594325050058726,0.021320722333463837,0.012379529179239542,56,0.7,1353,39865055,0.003959482097592726,NaN
27661,0.09594325050058726,0.021320722333463837,0.0123783235823682,56,0.7,1353,39878585,0.003959482097592726,NaN
27671,0.09594325050058726,0.021320722333463837,0.012377125250340102,56,0.7,1353,39892115,0.003959482097592726,NaN
27681,0.09594325050058726,0.021320722333463837,0.012375934266116327,56,0.7,1353,39905645,0.003959482097592726,NaN
27691,0.09594325050058726,0.021320722333463837,0.012374750553429938,56,0.7,1353,39919175,0.003959482097592726,NaN
27701,0.09594325050058726,0.021320722333463837,0.012373573978365955,56,0.7,1353,39932705,0.003959482097592726,NaN
27711,0.09594325050058726,0.021320722333463837,0.012372404695826317,56,0.7,1353,39946235,0.003959482097592726,NaN
27721,0.09594325050058726,0.021320722333463837,0.012371242027925515,56,0.7,1353,39959765,0.003959482097592726,NaN
27731,0.09594325050058726,0.021320722333463837,0.012370086408063058,56,0.7,1353,39973295,0.003959482097592726,NaN
27741,0.09594325050058726,0.021320722333463837,0.012368937442429255,56,0.7,1353,39986825,0.003959482097592726,NaN
27751,0.09594325050058726,0.021320722333463837,0.012365652216635267,55,0.6875,1329,40000283,0.003873677660236524,NaN
27761,0.09594325050058726,0.021320722333463837,0.012357495012419516,55,0.6875,1329,40013573,0.003980480336809922,NaN
27771,0.09594325050058726,0.021320722333463837,0.01234952632114928,55,0.6875,1329,40026863,0.00393289911791167,NaN
27781,0.09594325050058726,0.021320722333463837,0.012341739000688749,55,0.6875,1329,40040153,0.003819130434782575,NaN
27791,0.09594325050058726,0.021320722333463837,0.012334126363599329,55,0.6875,1329,40053443,0.003981440040919659,NaN
27801,0.09594325050058726,0.021320722333463837,0.012326681845016466,55,0.6875,1329,40066733,0.004202542578747054,NaN
27811,0.09594325050058726,0.021320722333463837,0.012319398842566831,55,0.6875,1329,40080023,0.004059734317081398,NaN
27821,0.09594325050058726,0.021320722333463837,0.012312272041931669,55,0.6875,1329,40093313,0.003938081523663067,NaN
27831,0.09594325050058726,0.021320722333463837,0.01230529585350124,55,0.6875,1329,40106603,0.0037222040408564083,NaN
27841,0.09594325050058726,0.021320722333463837,0.012298464600420108,55,0.6875,1329,40119893,0.003807497802631815,NaN
27851,0.09594325050058726,0.021320722333463837,0.01229177376145404,55,0.6875,1329,40133183,0.0038252830441482533,NaN
27861,0.09594325050058726,0.021320722333463837,0.012285218078882,55,0.6875,1329,40146473,0.0036556813160948387,NaN
27871,0.09594325050058726,0.021320722333463837,0.012278793289521259,55,0.6875,1329,40159763,0.003535929607300037,NaN
27881,0.09594325050058726,0.021320722333463837,0.012272495066692072,55,0.6875,1329,40173053,0.0033172841193160885,NaN
27891,0.09594325050058726,0.021320722333463837,0.012266319202634603,55,0.6875,1329,40186343,0.0032739558713894,NaN
27901,0.09594325050058726,0.021320722333463837,0.012260261942483504,55,0.6875,1329,40199633,0.0031476277329409164,NaN
27911,0.09594325050058726,0.021320722333463837,0.012254319241217369,55,0.6875,1329,40212923,0.002842307380263448,NaN
27921,0.09594325050058726,0.021320722333463837,0.012248487551499956,55,0.6875,1329,40226213,0.0026560957250251205,NaN
27931,0.09594325050058726,0.021320722333463837,0.012242761794368178,55,0.6875,1330,40239507,0.0026687054180067893,NaN
27941,0.09594325050058726,0.021320722333463837,0.012237137818552643,55,0.6875,1330,40252807,0.0026560957250251205,NaN
27951,0.09594325050058726,0.021320722333463837,0.012231615031869009,55,0.6875,1330,40266107,0.0026560957250251205,NaN
27961,0.09594325050058726,0.021320722333463837,0.012226190512937463,55,0.6875,1330,40279407,0.0026560957250251205,NaN
27971,0.09594325050058726,0.021320722333463837,0.012220861118279842,55,0.6875,1330,40292707,0.0026560957250251205,NaN
27981,0.09594325050058726,0.021320722333463837,0.012215624489070997,55,0.6875,1330,40306007,0.0026560957250251205,NaN
27991,0.09594325050058726,0.021320722333463837,0.012210477853224848,55,0.6875,1330,40319307,0.0026560957250251205,NaN
28001,0.09594325050058726,0.021320722333463837,0.01220541832190121,55,0.6875,1330,40332607,0.0026560957250251205,NaN
28011,0.09594325050058726,0.021320722333463837,0.01220044355075791,55,0.6875,1330,40345907,0.0026560957250251205,NaN
28021,0.09594325050058726,0.021320722333463837,0.01219555122369118,55,0.6875,1330,40359207,0.0026560957250251205,NaN
28031,0.09594325050058726,0.021320722333463837,0.012190739213889471,55,0.6875,1330,40372507,0.0026560957250251205,NaN
28041,0.09594325050058726,0.021320722333463837,0.012186005136827787,55,0.6875,1330,40385807,0.0026560957250251205,NaN
28051,0.09594325050058726,0.021320722333463837,0.012181346750853528,55,0.6875,1330,40399107,0.0026560957250251205,NaN
28061,0.09594325050058726,0.021320722333463837,0.012176762217045391,55,0.6875,1330,40412407,0.0026560957250251205,NaN
28071,0.09594325050058726,0.021320722333463837,0.0121722495111307,55,0.6875,1330,40425707,0.0026560957250251205,NaN
28081,0.09594325050058726,0.021320722333463837,0.012167806914331203,55,0.6875,1330,40439007,0.0026560957250251205,NaN
28091,0.09594325050058726,0.021320722333463837,0.012163432428899027,55,0.6875,1330,40452307,0.0026560957250251205,NaN
28101,0.09594325050058726,0.021320722333463837,0.012159124380911587,55,0.6875,1330,40465607,0.0026560957250251205,NaN
28111,0.09594325050058726,0.021320722333463837,0.012154881208619076,55,0.6875,1330,40478907,0.0026560957250251205,NaN
28121,0.09594325050058726,0.021320722333463837,0.01215070113822597,55,0.6875,1330,40492207,0.0026560957250251205,NaN
28131,0.09594325050058726,0.021320722333463837,0.012146582612208301,55,0.6875,1330,40505507,0.0026560957250251205,NaN
28141,0.09594325050058726,0.021320722333463837,0.012142524177120848,55,0.6875,1330,40518807,0.0026560957250251205,NaN
28151,0.09594325050058726,0.021320722333463837,0.01213852431532245,55,0.6875,1330,40532107,0.0026560957250251205,NaN
28161,0.09594325050058726,0.021320722333463837,0.012134581546588473,55,0.6875,1330,40545407,0.0026560957250251205,NaN
28171,0.09594325050058726,0.021320722333463837,0.012130694573380025,55,0.6875,1330,40558707,0.0026560957250251205,NaN
28181,0.09594325050058726,0.021320722333463837,0.012126862032013222,55,0.6875,1330,40572007,0.0026560957250251205,NaN
28191,0.09594325050058726,0.021320722333463837,0.012123080267720288,55,0.6875,1331,40585316,0.0026560957250251205,NaN
28201,0.09594325050058726,0.021320722333463837,0.012119350238536854,55,0.6875,1331,40598626,0.0026560957250251205,NaN
28211,0.09594325050058726,0.021320722333463837,0.012115671028501609,55,0.6875,1331,40611936,0.0026560957250251205,NaN
28221,0.09594325050058726,0.021320722333463837,0.012112041503116875,55,0.6875,1331,40625246,0.0026560957250251205,NaN
28231,0.09594325050058726,0.021320722333463837,0.012108460621270026,55,0.6875,1331,40638556,0.0026560957250251205,NaN
28241,0.09594325050058726,0.021320722333463837,0.012104927152318054,55,0.6875,1331,40651866,0.0026560957250251205,NaN
28251,0.09594325050058726,0.021320722333463837,0.012101440103243634,55,0.6875,1331,40665176,0.0026560957250251205,NaN
28261,0.09594325050058726,0.021320722333463837,0.012097998518968004,55,0.6875,1331,40678486,0.0026560957250251205,NaN
28271,0.09594325050058726,0.021320722333463837,0.012094601264296189,55,0.6875,1331,40691796,0.0026560957250251205,NaN
28281,0.09594325050058726,0.021320722333463837,0.012091247259038262,55,0.6875,1331,40705106,0.0026560957250251205,NaN
28291,0.09594325050058726,0.021320722333463837,0.012087935935439637,55,0.6875,1331,40718416,0.0026560957250251205,NaN
28301,0.09594325050058726,0.021320722333463837,0.012084666202569237,55,0.6875,1331,40731726,0.0026560957250251205,NaN
28311,0.09594325050058726,0.021320722333463837,0.012081437341046363,55,0.6875,1331,40745036,0.0026560957250251205,NaN
28321,0.09594325050058726,0.021320722333463837,0.012078248365621486,55,0.6875,1331,40758346,0.0026560957250251205,NaN
28331,0.09594325050058726,0.021320722333463837,0.012075098359336754,55,0.6875,1331,40771656,0.0026560957250251205,NaN
28341,0.09594325050058726,0.021320722333463837,0.012071986734218165,55,0.6875,1331,40784966,0.0026560957250251205,NaN
28351,0.09594325050058726,0.021320722333463837,0.012068912382013856,55,0.6875,1331,40798276,0.0026560957250251205,NaN
28361,0.09594325050058726,0.021320722333463837,0.012065874725045266,55,0.6875,1331,40811586,0.0026560957250251205,NaN
28371,0.09594325050058726,0.021320722333463837,0.012062873165214195,55,0.6875,1331,40824896,0.0026560957250251205,NaN
28381,0.09594325050058726,0.021320722333463837,0.01205990686887508,55,0.6875,1331,40838206,0.0026560957250251205,NaN
28391,0.09594325050058726,0.021320722333463837,0.01205697518028228,55,0.6875,1331,40851516,0.0026560957250251205,NaN
28401,0.09594325050058726,0.021320722333463837,0.012054077241690763,55,0.6875,1331,40864826,0.0026560957250251205,NaN
28411,0.09594325050058726,0.021320722333463837,0.012051212801632117,55,0.6875,1331,40878136,0.0026560957250251205,NaN
28421,0.09594325050058726,0.021320722333463837,0.012048380748976302,55,0.6875,1331,40891446,0.0026560957250251205,NaN
28431,0.09594325050058726,0.021320722333463837,0.012045580842622323,55,0.6875,1331,40904756,0.0026560957250251205,NaN
28441,0.09594325050058726,0.021320722333463837,0.012042811940132367,55,0.6875,1332,40918068,0.0026560957250251205,NaN
28451,0.09594325050058726,0.021320722333463837,0.012040071889987815,55,0.6875,1332,40931388,0.0026560957250251205,NaN
28461,0.09594325050058726,0.021320722333463837,0.012037362372554034,55,0.6875,1332,40944708,0.0026560957250251205,NaN
28471,0.09594325050058726,0.021320722333463837,0.01203468245795259,55,0.6875,1332,40958028,0.0026560957250251205,NaN
28481,0.09594325050058726,0.021320722333463837,0.012032031703519982,55,0.6875,1332,40971348,0.0026560957250251205,NaN
28491,0.09594325050058726,0.021320722333463837,0.012029409424261561,55,0.6875,1332,40984668,0.0026560957250251205,NaN
28501,0.09594325050058726,0.021320722333463837,0.012026815300568866,55,0.6875,1332,40997988,0.0026560957250251205,NaN
28511,0.09594325050058726,0.021320722333463837,0.01202424874789727,55,0.6875,1332,41011308,0.0026560957250251205,NaN
28521,0.09594325050058726,0.021320722333463837,0.01202170933010237,55,0.6875,1332,41024628,0.0026560957250251205,NaN
28531,0.09594325050058726,0.021320722333463837,0.012019196489898548,55,0.6875,1332,41037948,0.0026560957250251205,NaN
28541,0.09594325050058726,0.021320722333463837,0.012016709901933877,55,0.6875,1332,41051268,0.0026560957250251205,NaN
28551,0.09594325050058726,0.021320722333463837,0.012014248983493273,55,0.6875,1332,41064588,0.0026560957250251205,NaN
28561,0.09594325050058726,0.021320722333463837,0.012011813228286046,55,0.6875,1332,41077908,0.0026560957250251205,NaN
28571,0.09594325050058726,0.021320722333463837,0.012009402445393698,55,0.6875,1332,41091228,0.0026560957250251205,NaN
28581,0.09594325050058726,0.021320722333463837,0.012007015800717624,55,0.6875,1332,41104548,0.0026560957250251205,NaN
28591,0.09594325050058726,0.021320722333463837,0.012004653157121034,55,0.6875,1332,41117868,0.0026560957250251205,NaN
28601,0.09594325050058726,0.021320722333463837,0.012002314067148058,55,0.6875,1332,41131188,0.0026560957250251205,NaN
28611,0.09594325050058726,0.021320722333463837,0.011999998222626406,55,0.6875,1332,41144508,0.0026560957250251205,NaN
28621,0.09594325050058726,0.021320722333463837,0.011997705053646043,55,0.6875,1332,41157828,0.0026560957250251205,NaN
28631,0.09594325050058726,0.021320722333463837,0.011995434483139078,55,0.6875,1332,41171148,0.0026560957250251205,NaN
28641,0.09594325050058726,0.021320722333463837,0.011993185818390728,55,0.6875,1332,41184468,0.0026560957250251205,NaN
28651,0.09594325050058726,0.021320722333463837,0.011990958859181732,55,0.6875,1332,41197788,0.0026560957250251205,NaN
28661,0.09594325050058726,0.021320722333463837,0.011988753315460707,55,0.6875,1332,41211108,0.0026560957250251205,NaN
28671,0.09594325050058726,0.021320722333463837,0.011986568657669242,55,0.6875,1332,41224428,0.0026560957250251205,NaN
28681,0.09594325050058726,0.021320722333463837,0.011984404498359687,55,0.6875,1332,41237748,0.0026560957250251205,NaN
28691,0.09594325050058726,0.021320722333463837,0.01198226073505521,55,0.6875,1332,41251068,0.0026560957250251205,NaN
28701,0.09594325050058726,0.021320722333463837,0.011980136706255974,55,0.6875,1333,41264390,0.0026560957250251205,NaN
28711,0.09594325050058726,0.021320722333463837,0.011978031003124995,55,0.6875,1333,41277720,0.0026560957250251205,NaN
28721,0.09594325050058726,0.021320722333463837,0.011975944819063666,55,0.6875,1333,41291050,0.0026560957250251205,NaN
28731,0.09594325050058726,0.021320722333463837,0.011973877666133722,55,0.6875,1333,41304380,0.0026560957250251205,NaN
28741,0.09594325050058726,0.021320722333463837,0.011971829375074293,55,0.6875,1333,41317710,0.0026560957250251205,NaN
28751,0.09594325050058726,0.021320722333463837,0.011969799442171709,55,0.6875,1333,41331040,0.0026560957250251205,NaN
28761,0.09594325050058726,0.021320722333463837,0.01196778774173306,55,0.6875,1333,41344370,0.0026560957250251205,NaN
28771,0.09594325050058726,0.021320722333463837,0.011965794125579118,55,0.6875,1333,41357700,0.0026560957250251205,NaN
28781,0.09594325050058726,0.021320722333463837,0.01196381821655692,55,0.6875,1333,41371030,0.0026560957250251205,NaN
28791,0.09594325050058726,0.021320722333463837,0.011961859826637947,55,0.6875,1333,41384360,0.0026560957250251205,NaN
28801,0.09594325050058726,0.021320722333463837,0.011959918709936604,55,0.6875,1333,41397690,0.0026560957250251205,NaN
28811,0.09594325050058726,0.021320722333463837,0.011957994380462512,55,0.6875,1333,41411020,0.0026560957250251205,NaN
28821,0.09594325050058726,0.021320722333463837,0.011956086606321591,55,0.6875,1333,41424350,0.0026560957250251205,NaN
28831,0.09594325050058726,0.021320722333463837,0.01195419519130669,55,0.6875,1333,41437680,0.0026560957250251205,NaN
28841,0.09594325050058726,0.021320722333463837,0.011952320033310171,55,0.6875,1333,41451010,0.0026560957250251205,NaN
28851,0.09594325050058726,0.021320722333463837,0.011950460839575166,55,0.6875,1333,41464340,0.0026560957250251205,NaN
28861,0.09594325050058726,0.021320722333463837,0.011948617438987317,55,0.6875,1333,41477670,0.0026560957250251205,NaN
28871,0.09594325050058726,0.021320722333463837,0.011946789452287259,55,0.6875,1333,41491000,0.0026560957250251205,NaN
28881,0.09594325050058726,0.021320722333463837,0.011944976813097639,55,0.6875,1333,41504330,0.0026560957250251205,NaN
28891,0.09594325050058726,0.021320722333463837,0.011943179080370351,55,0.6875,1333,41517660,0.0026560957250251205,NaN
28901,0.09594325050058726,0.021320722333463837,0.011941396289672033,55,0.6875,1333,41530990,0.0026560957250251205,NaN
28911,0.09594325050058726,0.021320722333463837,0.011939627999209921,55,0.6875,1333,41544320,0.0026560957250251205,NaN
28921,0.09594325050058726,0.021320722333463837,0.01193787421661437,55,0.6875,1333,41557650,0.0026560957250251205,NaN
28931,0.09594325050058726,0.021320722333463837,0.01193613463152997,55,0.6875,1333,41570980,0.0026560957250251205,NaN
28941,0.09594325050058726,0.021320722333463837,0.011934409265792702,55,0.6875,1333,41584310,0.0026560957250251205,NaN
28951,0.09594325050058726,0.021320722333463837,0.01193269769465108,55,0.6875,1333,41597640,0.0026560957250251205,NaN
28961,0.09594325050058726,0.021320722333463837,0.011930999668228465,55,0.6875,1333,41610970,0.0026560957250251205,NaN
28971,0.09594325050058726,0.021320722333463837,0.011929313811528189,55,0.6875,1334,41624310,0.0026560957250251205,NaN
28981,0.09594325050058726,0.021320722333463837,0.011927641406255065,55,0.6875,1334,41637650,0.0026560957250251205,NaN
28991,0.09594325050058726,0.021320722333463837,0.01192598201365815,55,0.6875,1334,41650990,0.0026560957250251205,NaN
29001,0.09594325050058726,0.021320722333463837,0.011924335631710286,55,0.6875,1334,41664330,0.0026560957250251205,NaN
29011,0.09594325050058726,0.021320722333463837,0.011922702005182206,55,0.6875,1334,41677670,0.0026560957250251205,NaN
29021,0.09594325050058726,0.021320722333463837,0.011921081139473856,55,0.6875,1334,41691010,0.0026560957250251205,NaN
29031,0.09594325050058726,0.021320722333463837,0.011919472854588086,55,0.6875,1334,41704350,0.0026560957250251205,NaN
29041,0.09594325050058726,0.021320722333463837,0.01191787661083658,55,0.6875,1334,41717690,0.0026560957250251205,NaN
29051,0.09594325050058726,0.021320722333463837,0.011916292461100954,55,0.6875,1334,41731030,0.0026560957250251205,NaN
29061,0.09594325050058726,0.021320722333463837,0.011914720389603839,55,0.6875,1334,41744370,0.0026560957250251205,NaN
29071,0.09594325050058726,0.021320722333463837,0.011913160239761007,55,0.6875,1334,41757710,0.0026560957250251205,NaN
29081,0.09594325050058726,0.021320722333463837,0.011911611755793876,55,0.6875,1334,41771050,0.0026560957250251205,NaN
29091,0.09594325050058726,0.021320722333463837,0.011910074659052259,55,0.6875,1334,41784390,0.0026560957250251205,NaN
29101,0.09594325050058726,0.021320722333463837,0.011908549123586038,55,0.6875,1334,41797730,0.0026560957250251205,NaN
29111,0.09594325050058726,0.021320722333463837,0.011907034785556018,55,0.6875,1334,41811070,0.0026560957250251205,NaN
29121,0.09594325050058726,0.021320722333463837,0.011905531352672366,55,0.6875,1334,41824410,0.0026560957250251205,NaN
29131,0.09594325050058726,0.021320722333463837,0.01190403909146164,55,0.6875,1334,41837750,0.0026560957250251205,NaN
29141,0.09594325050058726,0.021320722333463837,0.011902557644867983,55,0.6875,1334,41851090,0.0026560957250251205,NaN
29151,0.09594325050058726,0.021320722333463837,0.011901087010958046,55,0.6875,1334,41864430,0.0026560957250251205,NaN
29161,0.09594325050058726,0.021320722333463837,0.011899626884706077,55,0.6875,1334,41877770,0.0026560957250251205,NaN
29171,0.09594325050058726,0.021320722333463837,0.011898177086146173,55,0.6875,1334,41891110,0.0026560957250251205,NaN
29181,0.09594325050058726,0.021320722333463837,0.011896737567539326,55,0.6875,1334,41904450,0.0026560957250251205,NaN
29191,0.09594325050058726,0.021320722333463837,0.011895308363052224,55,0.6875,1334,41917790,0.0026560957250251205,NaN
29201,0.09594325050058726,0.021320722333463837,0.011893889067429402,55,0.6875,1334,41931130,0.0026560957250251205,NaN
29211,0.09594325050058726,0.021320722333463837,0.011892479867011883,55,0.6875,1334,41944470,0.0026560957250251205,NaN
29221,0.09594325050058726,0.021320722333463837,0.01189108058190148,55,0.6875,1334,41957810,0.0026560957250251205,NaN
29231,0.09594325050058726,0.021320722333463837,0.011889690475844334,55,0.6875,1335,41971155,0.0026560957250251205,NaN
29241,0.09594325050058726,0.021320722333463837,0.011888309393012643,55,0.6875,1335,41984505,0.0026560957250251205,NaN
29251,0.09594325050058726,0.021320722333463837,0.01188693790519062,55,0.6875,1335,41997855,0.0026560957250251205,NaN
29261,0.09594325050058726,0.021320722333463837,0.011885575674820067,55,0.6875,1335,42011205,0.0026560957250251205,NaN
29271,0.09594325050058726,0.021320722333463837,0.01188422263442954,55,0.6875,1335,42024555,0.0026560957250251205,NaN
29281,0.09594325050058726,0.021320722333463837,0.011882878785182831,55,0.6875,1335,42037905,0.0026560957250251205,NaN
29291,0.09594325050058726,0.021320722333463837,0.01188154403862953,55,0.6875,1335,42051255,0.0026560957250251205,NaN
29301,0.09594325050058726,0.021320722333463837,0.011880218339266816,55,0.6875,1335,42064605,0.0026560957250251205,NaN
29311,0.09594325050058726,0.021320722333463837,0.011878901504752348,55,0.6875,1335,42077955,0.0026560957250251205,NaN
29321,0.09594325050058726,0.021320722333463837,0.011877593457356016,55,0.6875,1335,42091305,0.0026560957250251205,NaN
29331,0.09594325050058726,0.021320722333463837,0.011876294092070923,55,0.6875,1335,42104655,0.0026560957250251205,NaN
29341,0.09594325050058726,0.021320722333463837,0.011875003240353631,55,0.6875,1335,42118005,0.0026560957250251205,NaN
29351,0.09594325050058726,0.021320722333463837,0.011873720764000131,55,0.6875,1335,42131355,0.0026560957250251205,NaN
29361,0.09594325050058726,0.021320722333463837,0.011872446756054367,55,0.6875,1335,42144705,0.0026560957250251205,NaN
29371,0.09594325050058726,0.021320722333463837,0.01187118110359358,55,0.6875,1335,42158055,0.0026560957250251205,NaN
29381,0.09594325050058726,0.021320722333463837,0.011869923623195219,55,0.6875,1335,42171405,0.0026560957250251205,NaN
29391,0.09594325050058726,0.021320722333463837,0.011868674230452556,55,0.6875,1335,42184755,0.0026560957250251205,NaN
29401,0.09594325050058726,0.021320722333463837,0.011867432811694549,55,0.6875,1335,42198105,0.0026560957250251205,NaN
29411,0.09594325050058726,0.021320722333463837,0.011866199250719415,55,0.6875,1335,42211455,0.0026560957250251205,NaN
29421,0.09594325050058726,0.021320722333463837,0.011864973391286691,55,0.6875,1335,42224805,0.0026560957250251205,NaN
29431,0.09594325050058726,0.021320722333463837,0.01186375543522988,55,0.6875,1335,42238155,0.0026560957250251205,NaN
29441,0.09594325050058726,0.021320722333463837,0.011862545249859037,55,0.6875,1335,42251505,0.0026560957250251205,NaN
29451,0.09594325050058726,0.021320722333463837,0.01186134268362277,55,0.6875,1335,42264855,0.0026560957250251205,NaN
29461,0.09594325050058726,0.021320722333463837,0.01186014742751337,55,0.6875,1335,42278205,0.0026560957250251205,NaN
29471,0.09594325050058726,0.021320722333463837,0.011858959550432304,55,0.6875,1335,42291555,0.0026560957250251205,NaN
29481,0.09594325050058726,0.021320722333463837,0.0118577791678437,55,0.6875,1335,42304905,0.0026560957250251205,NaN
29491,0.09594325050058726,0.021320722333463837,0.011856606012224874,55,0.6875,1335,42318255,0.0026560957250251205,NaN
29501,0.09594325050058726,0.021320722333463837,0.01185543947017318,55,0.6875,1336,42331614,0.0026560957250251205,NaN
29511,0.09594325050058726,0.021320722333463837,0.01185427970046116,55,0.6875,1336,42344974,0.0026560957250251205,NaN
29521,0.09594325050058726,0.021320722333463837,0.01185312705932053,55,0.6875,1336,42358334,0.0026560957250251205,NaN
29531,0.09594325050058726,0.021320722333463837,0.011851981391511876,55,0.6875,1336,42371694,0.0026560957250251205,NaN
29541,0.09594325050058726,0.021320722333463837,0.011850842576896229,55,0.6875,1336,42385054,0.0026560957250251205,NaN
29551,0.09594325050058726,0.021320722333463837,0.011849710661400718,55,0.6875,1336,42398414,0.0026560957250251205,NaN
29561,0.09594325050058726,0.021320722333463837,0.011848585573996383,55,0.6875,1336,42411774,0.0026560957250251205,NaN
29571,0.09594325050058726,0.021320722333463837,0.011847467418305505,55,0.6875,1336,42425134,0.0026560957250251205,NaN
29581,0.09594325050058726,0.021320722333463837,0.011846355719905017,55,0.6875,1336,42438494,0.0026560957250251205,NaN
29591,0.09587450135127515,0.02130544474472781,0.01184032429732705,54,0.675,1312,42451686,0.0026560957250251205,NaN
29601,0.09587450135127515,0.02130544474472781,0.011832341804911233,54,0.675,1312,42464806,0.0026560957250251205,NaN
29611,0.09587450135127515,0.02130544474472781,0.011824540689251279,54,0.675,1312,42477926,0.0026560957250251205,NaN
29621,0.09587450135127515,0.02130544474472781,0.011816912871577457,54,0.675,1312,42491046,0.0026560957250251205,NaN
29631,0.09587450135127515,0.02130544474472781,0.011809452676544988,54,0.675,1312,42504166,0.0026560957250251205,NaN
29641,0.09587450135127515,0.02130544474472781,0.011802154141002082,54,0.675,1312,42517286,0.0026560957250251205,NaN
29651,0.09587450135127515,0.02130544474472781,0.011795011510655394,54,0.675,1312,42530406,0.0026560957250251205,NaN
29661,0.09587450135127515,0.02130544474472781,0.011788018600393507,54,0.675,1312,42543526,0.0026560957250251205,NaN
29671,0.09587450135127515,0.02130544474472781,0.011781170845354448,54,0.675,1312,42556646,0.0026560957250251205,NaN
29681,0.09587450135127515,0.02130544474472781,0.011774462771777119,54,0.675,1312,42569766,0.0026560957250251205,NaN
29691,0.09587450135127515,0.02130544474472781,0.011767889718170393,54,0.675,1312,42582886,0.0026560957250251205,NaN
29701,0.09587450135127515,0.02130544474472781,0.01176144719956886,54,0.675,1312,42596006,0.0026560957250251205,NaN
29711,0.09587450135127515,0.02130544474472781,0.011755131202814488,54,0.675,1312,42609126,0.0026560957250251205,NaN
29721,0.09587450135127515,0.02130544474472781,0.011748937560378562,54,0.675,1312,42622246,0.0026560957250251205,NaN
29731,0.09587450135127515,0.02130544474472781,0.011742861597929014,54,0.675,1312,42635366,0.0026560957250251205,NaN
29741,0.09587450135127515,0.02130544474472781,0.011736900100763514,54,0.675,1312,42648486,0.0026560957250251205,NaN
29751,0.09587450135127515,0.02130544474472781,0.011731050053238207,54,0.675,1312,42661606,0.0026560957250251205,NaN
29761,0.09587450135127515,0.02130544474472781,0.011725307236450998,54,0.675,1312,42674726,0.0026560957250251205,NaN
29771,0.09587450135127515,0.02130544474472781,0.011719668481029755,54,0.675,1312,42687846,0.0026560957250251205,NaN
29781,0.09587450135127515,0.02130544474472781,0.011714130629558213,54,0.675,1312,42700966,0.0026560957250251205,NaN
29791,0.09587450135127515,0.02130544474472781,0.011708690645334429,54,0.675,1312,42714086,0.0026560957250251205,NaN
29801,0.09587450135127515,0.02130544474472781,0.011703345898049038,54,0.675,1312,42727206,0.0027740996963618314,NaN
29811,0.09587450135127515,0.02130544474472781,0.011698093512087933,54,0.675,1312,42740326,0.0028907700357673205,NaN
29821,0.09587450135127515,0.02130544474472781,0.011692931034349902,54,0.675,1312,42753446,0.0031311674644878273,NaN
29831,0.09587450135127515,0.02130544474472781,0.011687855446560012,54,0.675,1312,42766566,0.0028163538357541262,NaN
29841,0.09587450135127515,0.02130544474472781,0.011682864333270562,54,0.675,1312,42779686,0.0030734497707724517,NaN
29851,0.09587450135127515,0.02130544474472781,0.01167795254627647,54,0.675,1313,42792815,0.0033683237152594137,NaN
29861,0.09587450135127515,0.02130544474472781,0.011673120261694397,54,0.675,1313,42805945,0.003239568238146251,NaN
29871,0.09587450135127515,0.02130544474472781,0.011668366097869792,54,0.675,1313,42819075,0.0033024948686268263,NaN
29881,0.09587450135127515,0.02130544474472781,0.011663687434517084,54,0.675,1313,42832205,0.0033298347498733616,NaN
29891,0.09587450135127515,0.02130544474472781,0.011659082707983208,54,0.675,1313,42845335,0.0034590484423967505,NaN
29901,0.09587450135127515,0.02130544474472781,0.011654549898413077,54,0.675,1313,42858465,0.0036639579040139703,NaN
29911,0.09587450135127515,0.02130544474472781,0.011650087256962469,54,0.675,1313,42871595,0.0036539312299239124,NaN
29921,0.09587450135127515,0.02130544474472781,0.011645692594549808,54,0.675,1313,42884725,0.003566953735864631,NaN
29931,0.09587450135127515,0.02130544474472781,0.011641364737733311,54,0.675,1313,42897855,0.00341636742585949,NaN
29941,0.09587450135127515,0.02130544474472781,0.011637101382600806,54,0.675,1313,42910985,0.00343646989011126,NaN
29951,0.09587450135127515,0.02130544474472781,0.01163290141394856,54,0.675,1313,42924115,0.003665195256625231,NaN
29961,0.09587450135127515,0.02130544474472781,0.011628762919954154,54,0.675,1313,42937245,0.003986014837915941,NaN
29971,0.09587450135127515,0.02130544474472781,0.011624684315911063,54,0.675,1313,42950375,0.003927616325521521,NaN
29981,0.09587450135127515,0.02130544474472781,0.01162066415791093,54,0.675,1313,42963505,0.003548813728329381,NaN
29991,0.09587450135127515,0.02130544474472781,0.011616701464637242,54,0.675,1313,42976635,0.0036711084298869934,NaN
30001,0.09587450135127515,0.02130544474472781,0.011612794470215477,54,0.675,1313,42989765,0.003522905034479107,NaN
30011,0.09587450135127515,0.02130544474472781,0.01160894192124268,54,0.675,1313,43002895,0.0032926287937473098,NaN
30021,0.09587450135127515,0.02130544474472781,0.011605142434207155,54,0.675,1313,43016025,0.003005688301758791,NaN
30031,0.09587450135127515,0.02130544474472781,0.011601395213020733,54,0.675,1313,43029155,0.002913589249143367,NaN
30041,0.09587450135127515,0.02130544474472781,0.011597698851407162,54,0.675,1313,43042285,0.002914703309726041,NaN
30051,0.09587450135127515,0.02130544474472781,0.011594052218974693,54,0.675,1313,43055415,0.0030149700180311934,NaN
30061,0.09587450135127515,0.02130544474472781,0.011590453997458852,54,0.675,1313,43068545,0.002910496349758318,NaN
30071,0.09587450135127515,0.02130544474472781,0.011586903429861855,54,0.675,1313,43081675,0.0030653013814862518,NaN
30081,0.09587450135127515,0.02130544474472781,0.011583399065871029,54,0.675,1313,43094805,0.0027485179560041706,NaN
30091,0.09587450135127515,0.02130544474472781,0.011579939971336552,54,0.675,1313,43107935,0.0026728215034385605,NaN
30101,0.09587450135127515,0.02130544474472781,0.01157652542868459,54,0.675,1313,43121065,0.0026560957250251205,NaN
30111,0.09587450135127515,0.02130544474472781,0.011573154255025626,54,0.675,1313,43134195,0.0026560957250251205,NaN
30121,0.09587450135127515,0.02130544474472781,0.011569825559119755,54,0.675,1314,43147326,0.0026560957250251205,NaN
30131,0.09587450135127515,0.02130544474472781,0.011566536275239708,54,0.675,1314,43160466,0.0026560957250251205,NaN
30141,0.09587450135127515,0.02130544474472781,0.011563287977145906,54,0.675,1314,43173606,0.002723634955466625,NaN
30151,0.09587450135127515,0.02130544474472781,0.011560079643038384,54,0.675,1314,43186746,0.0026560957250251205,NaN
30161,0.09587450135127515,0.02130544474472781,0.011556910260870457,54,0.675,1314,43199886,0.002768432305063351,NaN
30171,0.09587450135127515,0.02130544474472781,0.011553779377795118,54,0.675,1314,43213026,0.002704417399711001,NaN
30181,0.09587450135127515,0.02130544474472781,0.011550685928908648,54,0.675,1314,43226166,0.0027841943467045716,NaN
30191,0.09587450135127515,0.02130544474472781,0.011547628998536107,54,0.675,1314,43239306,0.0026560957250251205,NaN
30201,0.09587450135127515,0.02130544474472781,0.011544608162997608,54,0.675,1314,43252446,0.0026560957250251205,NaN
30211,0.09587450135127515,0.02130544474472781,0.011541622710701718,54,0.675,1314,43265586,0.0026560957250251205,NaN
30221,0.09587450135127515,0.02130544474472781,0.011538671889821658,54,0.675,1314,43278726,0.0026560957250251205,NaN
30231,0.09587450135127515,0.02130544474472781,0.011535754975952712,54,0.675,1314,43291866,0.0026560957250251205,NaN
30241,0.09587450135127515,0.02130544474472781,0.011532871519375357,54,0.675,1314,43305006,0.0026560957250251205,NaN
30251,0.09587450135127515,0.02130544474472781,0.01153002095399854,54,0.675,1314,43318146,0.0026560957250251205,NaN
30261,0.09587450135127515,0.02130544474472781,0.01152720214327139,54,0.675,1314,43331286,0.0026560957250251205,NaN
30271,0.09587450135127515,0.02130544474472781,0.011524414879221389,54,0.675,1314,43344426,0.0026560957250251205,NaN
30281,0.09587450135127515,0.02130544474472781,0.011521658534428878,54,0.675,1314,43357566,0.0026560957250251205,NaN
30291,0.09587450135127515,0.02130544474472781,0.011518932298133208,54,0.675,1314,43370706,0.0026560957250251205,NaN
30301,0.09587450135127515,0.02130544474472781,0.011516235886735324,54,0.675,1314,43383846,0.0026560957250251205,NaN
30311,0.09587450135127515,0.02130544474472781,0.01151356866422516,54,0.675,1314,43396986,0.0026560957250251205,NaN
30321,0.09587450135127515,0.02130544474472781,0.011510930164295514,54,0.675,1314,43410126,0.0026560957250251205,NaN
30331,0.09587450135127515,0.02130544474472781,0.011508319866103857,54,0.675,1314,43423266,0.0026560957250251205,NaN
30341,0.09587450135127515,0.02130544474472781,0.01150573693056708,54,0.675,1314,43436406,0.0026560957250251205,NaN
30351,0.09587450135127515,0.02130544474472781,0.011503181192548232,54,0.675,1314,43449546,0.0026560957250251205,NaN
30361,0.09587450135127515,0.02130544474472781,0.0115006518230801,54,0.675,1314,43462686,0.0026560957250251205,NaN
30371,0.09587450135127515,0.02130544474472781,0.011498148785119278,54,0.675,1314,43475826,0.0026560957250251205,NaN
30381,0.09587450135127515,0.02130544474472781,0.011495671552781323,54,0.675,1314,43488966,0.0026560957250251205,NaN
30391,0.09587450135127515,0.02130544474472781,0.011493219782999015,54,0.675,1314,43502106,0.0026560957250251205,NaN
30401,0.09587450135127515,0.02130544474472781,0.011490792625348455,54,0.675,1315,43515247,0.0026560957250251205,NaN
30411,0.09587450135127515,0.02130544474472781,0.011488388246548622,54,0.675,1315,43528397,0.0026560957250251205,NaN
30421,0.09587450135127515,0.02130544474472781,0.011486007689158821,54,0.675,1315,43541547,0.0026560957250251205,NaN
30431,0.09587450135127515,0.02130544474472781,0.011483650933875957,54,0.675,1315,43554697,0.0026560957250251205,NaN
30441,0.09587450135127515,0.02130544474472781,0.011481317179013104,54,0.675,1315,43567847,0.0026560957250251205,NaN
30451,0.09587450135127515,0.02130544474472781,0.01147900632070191,54,0.675,1315,43580997,0.0026560957250251205,NaN
30461,0.09587450135127515,0.02130544474472781,0.011476718164143834,54,0.675,1315,43594147,0.0026560957250251205,NaN
30471,0.09587450135127515,0.02130544474472781,0.011474452005176565,54,0.675,1315,43607297,0.0026560957250251205,NaN
30481,0.09587450135127515,0.02130544474472781,0.011472207607381952,54,0.675,1315,43620447,0.0026560957250251205,NaN
30491,0.09587450135127515,0.02130544474472781,0.011469984364924472,54,0.675,1315,43633597,0.0026560957250251205,NaN
30501,0.09587450135127515,0.02130544474472781,0.0114677821048482,54,0.675,1315,43646747,0.0026560957250251205,NaN
30511,0.09587450135127515,0.02130544474472781,0.011465600689173796,54,0.675,1315,43659897,0.0026560957250251205,NaN
30521,0.09587450135127515,0.02130544474472781,0.011463439719079567,54,0.675,1315,43673047,0.0026560957250251205,NaN
30531,0.09587450135127515,0.02130544474472781,0.01146129873448291,54,0.675,1315,43686197,0.0026560957250251205,NaN
30541,0.09587450135127515,0.02130544474472781,0.011459177678561184,54,0.675,1315,43699347,0.0026560957250251205,NaN
30551,0.09587450135127515,0.02130544474472781,0.011457075917923056,54,0.675,1315,43712497,0.0026560957250251205,NaN
30561,0.09587450135127515,0.02130544474472781,0.01145499347837068,54,0.675,1315,43725647,0.0026560957250251205,NaN
30571,0.09587450135127515,0.02130544474472781,0.011452929914983964,54,0.675,1315,43738797,0.0026560957250251205,NaN
30581,0.09587450135127515,0.02130544474472781,0.01145088468323877,54,0.675,1315,43751947,0.0026560957250251205,NaN
30591,0.09587450135127515,0.02130544474472781,0.011448857777322088,54,0.675,1315,43765097,0.0026560957250251205,NaN
30601,0.09587450135127515,0.02130544474472781,0.011446848898043063,54,0.675,1315,43778247,0.0026560957250251205,NaN
30611,0.09587450135127515,0.02130544474472781,0.011444857896589502,54,0.675,1315,43791397,0.0026560957250251205,NaN
30621,0.09587450135127515,0.02130544474472781,0.011442884147786112,54,0.675,1315,43804547,0.0026560957250251205,NaN
30631,0.09587450135127515,0.02130544474472781,0.011440927737232638,54,0.675,1315,43817697,0.0026560957250251205,NaN
30641,0.09587450135127515,0.02130544474472781,0.011438988037198627,54,0.675,1315,43830847,0.0026560957250251205,NaN
30651,0.09587450135127515,0.02130544474472781,0.011437065062427093,54,0.675,1315,43843997,0.0026560957250251205,NaN
30661,0.09587450135127515,0.02130544474472781,0.011435158685231752,54,0.675,1315,43857147,0.0026560957250251205,NaN
30671,0.09587450135127515,0.02130544474472781,0.011433268450578548,54,0.675,1315,43870297,0.0026560957250251205,NaN
30681,0.09587450135127515,0.02130544474472781,0.011431394172330796,54,0.675,1315,43883447,0.0026560957250251205,NaN
30691,0.09587450135127515,0.02130544474472781,0.01142953466918038,54,0.675,1316,43896605,0.0026560957250251205,NaN
30701,0.09587450135127515,0.02130544474472781,0.011427690458151426,54,0.675,1316,43909765,0.0026560957250251205,NaN
30711,0.09587450135127515,0.02130544474472781,0.011425861436420725,54,0.675,1316,43922925,0.0026560957250251205,NaN
30721,0.09587450135127515,0.02130544474472781,0.011424047442318418,54,0.675,1316,43936085,0.0026560957250251205,NaN
30731,0.09587450135127515,0.02130544474472781,0.011422248495003326,54,0.675,1316,43949245,0.0026560957250251205,NaN
30741,0.09587450135127515,0.02130544474472781,0.011420464171662368,54,0.675,1316,43962405,0.0026560957250251205,NaN
30751,0.09587450135127515,0.02130544474472781,0.011418694254941452,54,0.675,1316,43975565,0.0026560957250251205,NaN
30761,0.09587450135127515,0.02130544474472781,0.011416938836745546,54,0.675,1316,43988725,0.0026560957250251205,NaN
30771,0.09587450135127515,0.02130544474472781,0.01141519745374905,54,0.675,1316,44001885,0.0026560957250251205,NaN
30781,0.09587450135127515,0.02130544474472781,0.011413470086877738,54,0.675,1316,44015045,0.0026560957250251205,NaN
30791,0.09587450135127515,0.02130544474472781,0.011411756454096358,54,0.675,1316,44028205,0.0026560957250251205,NaN
30801,0.09587450135127515,0.02130544474472781,0.01141005619391568,54,0.675,1316,44041365,0.0026560957250251205,NaN
30811,0.09587450135127515,0.02130544474472781,0.011408369291184942,54,0.675,1316,44054525,0.0026560957250251205,NaN
30821,0.09587450135127515,0.02130544474472781,0.011406695690216078,54,0.675,1316,44067685,0.0026560957250251205,NaN
30831,0.09587450135127515,0.02130544474472781,0.011405035014467923,54,0.675,1316,44080845,0.0026560957250251205,NaN
30841,0.09587450135127515,0.02130544474472781,0.011403387210470394,54,0.675,1316,44094005,0.0026560957250251205,NaN
30851,0.09587450135127515,0.02130544474472781,0.011401752066249927,54,0.675,1316,44107165,0.0026560957250251205,NaN
30861,0.09587450135127515,0.02130544474472781,0.01140012941202568,54,0.675,1316,44120325,0.0026560957250251205,NaN
30871,0.09587450135127515,0.02130544474472781,0.011398518986799038,54,0.675,1316,44133485,0.0026560957250251205,NaN
30881,0.09587450135127515,0.02130544474472781,0.011396920784319437,54,0.675,1316,44146645,0.0026560957250251205,NaN
30891,0.09587450135127515,0.02130544474472781,0.011395334562479268,54,0.675,1316,44159805,0.0026560957250251205,NaN
30901,0.09587450135127515,0.02130544474472781,0.011393760251495414,54,0.675,1316,44172965,0.0026560957250251205,NaN
30911,0.09587450135127515,0.02130544474472781,0.011392197584981011,54,0.675,1316,44186125,0.0026560957250251205,NaN
30921,0.09587450135127515,0.02130544474472781,0.011390646592275167,54,0.675,1316,44199285,0.0026560957250251205,NaN
30931,0.09587450135127515,0.02130544474472781,0.011389107165787234,54,0.675,1316,44212445,0.0026560957250251205,NaN
30941,0.09587450135127515,0.02130544474472781,0.011387578730196165,54,0.675,1316,44225605,0.0026560957250251205,NaN
30951,0.09587450135127515,0.02130544474472781,0.011386061544198616,54,0.675,1316,44238765,0.0026560957250251205,NaN
30961,0.09587450135127515,0.02130544474472781,0.011384555221464063,54,0.675,1316,44251925,0.0026560957250251205,NaN
30971,0.09587450135127515,0.02130544474472781,0.011383059579012547,54,0.675,1317,44265088,0.0026560957250251205,NaN
30981,0.09587450135127515,0.02130544474472781,0.01138157385764784,54,0.675,1317,44278258,0.0026560957250251205,NaN
30991,0.09587450135127515,0.02130544474472781,0.011380098836093517,54,0.675,1317,44291428,0.0026560957250251205,NaN
31001,0.09587450135127515,0.02130544474472781,0.011378634431087302,54,0.675,1317,44304598,0.0026625276102920092,NaN
31011,0.09587450135127515,0.02130544474472781,0.01137718023322179,54,0.675,1317,44317768,0.002694979846315171,NaN
31021,0.09587450135127515,0.02130544474472781,0.01137573651886441,54,0.675,1317,44330938,0.0028558592110474734,NaN
31031,0.09587450135127515,0.02130544474472781,0.0113743027480367,54,0.675,1317,44344108,0.002786071700677517,NaN
31041,0.09587450135127515,0.02130544474472781,0.011372878875554233,54,0.675,1317,44357278,0.0027320388861080125,NaN
31051,0.09587450135127515,0.02130544474472781,0.01137146492923337,54,0.675,1317,44370448,0.0027661650959199813,NaN
31061,0.09587450135127515,0.02130544474472781,0.011370060975421138,54,0.675,1317,44383618,0.0028633221378737694,NaN
31071,0.09587450135127515,0.02130544474472781,0.011368666484146705,54,0.675,1317,44396788,0.0028127420953392157,NaN
31081,0.09587450135127515,0.02130544474472781,0.011367281316162133,54,0.675,1317,44409958,0.0027519932460081664,NaN
31091,0.09587450135127515,0.02130544474472781,0.011365905698305008,54,0.675,1317,44423128,0.002668095748481647,NaN
31101,0.09587450135127515,0.02130544474472781,0.011364539241818036,54,0.675,1317,44436298,0.0026560957250251205,NaN
31111,0.09587450135127515,0.02130544474472781,0.011363182289631703,54,0.675,1317,44449468,0.0026560957250251205,NaN
31121,0.09587450135127515,0.02130544474472781,0.011361834290407909,54,0.675,1317,44462638,0.0026979649008097573,NaN
31131,0.09587450135127515,0.02130544474472781,0.011360495511425713,54,0.675,1317,44475808,0.002726540780286113,NaN
31141,0.09587450135127515,0.02130544474472781,0.011359165497792721,54,0.675,1317,44488978,0.00276928404080351,NaN
31151,0.09587450135127515,0.02130544474472781,0.011357844353288465,54,0.675,1317,44502148,0.0026624677927283846,NaN
31161,0.09587450135127515,0.02130544474472781,0.011356531725653587,54,0.675,1317,44515318,0.002719902603691149,NaN
31171,0.09587450135127515,0.02130544474472781,0.011355227679512924,54,0.675,1317,44528488,0.0026560957250251205,NaN
31181,0.09587450135127515,0.02130544474472781,0.011353932110320172,54,0.675,1317,44541658,0.0026560957250251205,NaN
31191,0.09587450135127515,0.02130544474472781,0.011352645156329048,54,0.675,1317,44554828,0.0026560957250251205,NaN
31201,0.09587450135127515,0.02130544474472781,0.011351366457333065,54,0.675,1317,44567998,0.0026560957250251205,NaN
31211,0.09587450135127515,0.02130544474472781,0.011350096010395988,54,0.675,1317,44581168,0.002711051959574995,NaN
31221,0.09587450135127515,0.02130544474472781,0.011348833634185804,54,0.675,1317,44594338,0.0027126809452576728,NaN
31231,0.09587450135127515,0.02130544474472781,0.011347579227039873,54,0.675,1317,44607508,0.0026560957250251205,NaN
31241,0.09587450135127515,0.02130544474472781,0.011346332689170593,54,0.675,1317,44620678,0.0026560957250251205,NaN
31251,0.09587450135127515,0.02130544474472781,0.011345094318062496,54,0.675,1317,44633848,0.0026560957250251205,NaN
31261,0.09587450135127515,0.02130544474472781,0.011343862980843292,54,0.675,1318,44647023,0.0026560957250251205,NaN
31271,0.09587450135127515,0.02130544474472781,0.01134263917077213,54,0.675,1318,44660203,0.0026560957250251205,NaN
31281,0.09587450135127515,0.02130544474472781,0.011341422887016565,54,0.675,1318,44673383,0.0026560957250251205,NaN
31291,0.09587450135127515,0.02130544474472781,0.01134021400826666,54,0.675,1318,44686563,0.0026560957250251205,NaN
31301,0.09587450135127515,0.02130544474472781,0.011339012539524514,54,0.675,1318,44699743,0.0026560957250251205,NaN
31311,0.09587450135127515,0.02130544474472781,0.011337818647273777,54,0.675,1318,44712923,0.0026560957250251205,NaN
31321,0.09587450135127515,0.02130544474472781,0.011336632047201936,54,0.675,1318,44726103,0.0026560957250251205,NaN
31331,0.09587450135127515,0.02130544474472781,0.01133545283316793,54,0.675,1318,44739283,0.0026560957250251205,NaN
31341,0.09587450135127515,0.02130544474472781,0.011334280650263342,54,0.675,1318,44752463,0.0026560957250251205,NaN
31351,0.09587450135127515,0.02130544474472781,0.011333115664676232,54,0.675,1318,44765643,0.0026560957250251205,NaN
31361,0.09587450135127515,0.02130544474472781,0.011331957540285039,54,0.675,1318,44778823,0.0026560957250251205,NaN
31371,0.09587450135127515,0.02130544474472781,0.011330806527970586,54,0.675,1318,44792003,0.0026560957250251205,NaN
31381,0.09587450135127515,0.02130544474472781,0.011329662248372969,54,0.675,1318,44805183,0.0026560957250251205,NaN
31391,0.09587450135127515,0.02130544474472781,0.011328524668552204,54,0.675,1318,44818363,0.0026560957250251205,NaN
31401,0.09587450135127515,0.02130544474472781,0.011327394013074862,54,0.675,1318,44831543,0.0026560957250251205,NaN
31411,0.09587450135127515,0.02130544474472781,0.01132627007185363,54,0.675,1318,44844723,0.0026560957250251205,NaN
31421,0.09587450135127515,0.02130544474472781,0.011325152467707877,54,0.675,1318,44857903,0.0026560957250251205,NaN
31431,0.09587450135127515,0.02130544474472781,0.011324041655095438,54,0.675,1318,44871083,0.0026560957250251205,NaN
31441,0.09587450135127515,0.02130544474472781,0.011322937233549903,53,0.6625,1318,44884263,0.0026560957250251205,NaN
31451,0.09523437223327705,0.021148456638940227,0.01131493906686995,53,0.6625,1294,44897203,0.0025686187449558417,NaN
31461,0.09454442108399713,0.02099474597185964,0.011307121376197384,53,0.6625,1294,44910143,0.0025686187449558417,NaN
31471,0.09386314849234607,0.020844011916436648,0.011299477700385582,53,0.6625,1294,44923083,0.0025686187449558417,NaN
31481,0.09318179299467062,0.020691872722927992,0.011292001469906807,53,0.6625,1294,44936023,0.0025686187449558417,NaN
31491,0.09251949340615027,0.020544223132922076,0.011284686465868438,53,0.6625,1294,44948963,0.0025686187449558417,NaN
31501,0.09188843267740793,0.020405187472387856,0.01127752741465236,53,0.6625,1294,44961903,0.0025686187449558417,NaN
31511,0.09126256400746928,0.02026674910977532,0.011270518817390232,53,0.6625,1294,44974843,0.0025686187449558417,NaN
31521,0.09064551216849481,0.02013074982861537,0.0112636551433541,53,0.6625,1294,44987783,0.002695997640568326,NaN
31531,0.09004596265488787,0.019997035524009478,0.011256930933002852,53,0.6625,1294,45000723,0.0027749624745018187,NaN
31541,0.08943782939478964,0.01986236813224071,0.011250342380645786,53,0.6625,1294,45013663,0.0025686187449558417,NaN
31551,0.08885958408281952,0.019734829479298447,0.011243884337959972,53,0.6625,1294,45026603,0.0025686187449558417,NaN
31561,0.08829950916060327,0.019610788236155856,0.011237552995897633,53,0.6625,1294,45039543,0.0025686187449558417,NaN
31571,0.08774130637226521,0.019485485732339027,0.011231343435084832,53,0.6625,1294,45052483,0.0025686187449558417,NaN
31581,0.08719636147072479,0.01936392061787965,0.011225252174927172,53,0.6625,1294,45065423,0.0025686187449558417,NaN
31591,0.08665351097242004,0.019244811165283076,0.011219275486570226,53,0.6625,1294,45078363,0.002651933701657394,NaN
31601,0.08612901366267556,0.019127790509381865,0.01121340991235143,53,0.6625,1294,45091303,0.002620870297322997,NaN
31611,0.08560896671758284,0.019012130478318928,0.011207652004088157,53,0.6625,1294,45104243,0.002748401353603991,NaN
31621,0.08509569098198783,0.018899083599777468,0.011201998100554276,53,0.6625,1294,45117183,0.002793572311495629,NaN
31631,0.08460536868121517,0.018789540153509438,0.01119644581238529,53,0.6625,1294,45130123,0.002931233942817635,NaN
31641,0.08410537528592532,0.018679272923972475,0.01119099099699321,53,0.6625,1294,45143063,0.0027267362670397866,NaN
31651,0.08362321631504784,0.018572218476603626,0.011185631509229748,53,0.6625,1294,45156003,0.0030546670970391654,NaN
31661,0.08314369957882005,0.018465623043685105,0.01118036449937953,53,0.6625,1294,45168943,0.0030998452433158574,NaN
31671,0.08268151800032345,0.01836382447478453,0.011175186197502487,53,0.6625,1295,45181886,0.003280062463735911,NaN
31681,0.08222856879033498,0.018262249450121858,0.011170092529569305,53,0.6625,1295,45194836,0.0033627967590231234,NaN
31691,0.0817760430315054,0.018162448831034846,0.011165083884003802,53,0.6625,1295,45207786,0.003297811614656476,NaN
31701,0.0813301669540751,0.01806317288135152,0.011160157570421944,53,0.6625,1295,45220736,0.00320708592164759,NaN
31711,0.0808878536726233,0.017965610961393357,0.011155311698546522,53,0.6625,1295,45233686,0.0030832839491793385,NaN
31721,0.08046699068296619,0.01787209190419125,0.011150543884741206,53,0.6625,1295,45246636,0.0030291533140467952,NaN
31731,0.08004612128254238,0.017779801533103903,0.011145851999032796,53,0.6625,1295,45259586,0.003216533942624278,NaN
31741,0.07963526003784575,0.017687280296556303,0.011141234120497091,53,0.6625,1295,45272536,0.0034613064260569093,NaN
31751,0.07922497879191359,0.01759614532325628,0.011136688179072254,53,0.6625,1295,45285486,0.0032929272395216813,NaN
31761,0.07882899854193874,0.017508593281765104,0.011132212318881339,53,0.6625,1295,45298436,0.003633078238188925,NaN
31771,0.07843422815646053,0.017420870171003095,0.011127804813232122,53,0.6625,1295,45311386,0.003918534546411723,NaN
31781,0.07804228129631488,0.01733380260205213,0.011123464007707248,53,0.6625,1295,45324336,0.003805447792255612,NaN
31791,0.07766873280871908,0.017250636879135924,0.011119188329206844,53,0.6625,1295,45337286,0.003636575246375451,NaN
31801,0.07728736728877314,0.017166717238018016,0.011114975822127334,53,0.6625,1295,45350236,0.0036622016811432845,NaN
31811,0.0769187697347541,0.017084018929425102,0.011110824974417904,53,0.6625,1295,45363186,0.0036336841845637236,NaN
31821,0.07654870445505384,0.017003258300427787,0.011106734346338892,53,0.6625,1295,45376136,0.0034046956898683423,NaN
31831,0.07618595333550059,0.016922242309105533,0.011102702231027047,53,0.6625,1295,45389086,0.003212895112336467,NaN
31841,0.0758296496011406,0.016843419573618394,0.011098727517862114,53,0.6625,1295,45402036,0.003101826488119297,NaN
31851,0.07548487431640748,0.016765885033581566,0.011094808636241103,53,0.6625,1295,45414986,0.0033532057192152687,NaN
31861,0.07513716343886401,0.01668892432375021,0.011090944601480456,53,0.6625,1295,45427936,0.003623854423298767,NaN
31871,0.07480018839227236,0.01661417728769727,0.01108713403514528,53,0.6625,1295,45440886,0.003684551871359132,NaN
31881,0.07446371452185989,0.016540247683318104,0.01108337554673208,53,0.6625,1295,45453836,0.0037077583474978693,NaN
31891,0.07413785463177414,0.016467638762592062,0.011079667754313516,53,0.6625,1295,45466786,0.003974793297620016,NaN
31901,0.07381124459291999,0.016395359363199073,0.011076009869356501,53,0.6625,1295,45479736,0.004156885814323108,NaN
31911,0.07348438811967427,0.01632264620990679,0.01107240079072223,53,0.6625,1295,45492686,0.004214488512947201,NaN
31921,0.07316907040905588,0.016252822102277843,0.011068839315878279,53,0.6625,1295,45505636,0.004104574001494332,NaN
31931,0.07285490590800206,0.01618352666114364,0.011065324304040922,53,0.6625,1295,45518586,0.004041087972519952,NaN
31941,0.07254666865201918,0.016114691787218475,0.011061854843255446,53,0.6625,1295,45531536,0.004099827582443982,NaN
31951,0.07224138701648078,0.016047251152250565,0.011058429952514584,53,0.6625,1295,45544486,0.004255917607858373,NaN
31961,0.07194382663934884,0.01598067340523459,0.011055048532820261,53,0.6625,1295,45557436,0.004338757114859204,NaN
31971,0.07164243039325016,0.015914433258933394,0.011051709187530913,53,0.6625,1296,45570388,0.004038575533563515,NaN
31981,0.07135373432342776,0.01585013383914979,0.011048409585232805,53,0.6625,1296,45583348,0.003970820386724694,NaN
31991,0.07106645732503031,0.01578643110029231,0.011045150748095391,53,0.6625,1296,45596308,0.004016553194379768,NaN
32001,0.07077849313627167,0.015722202616327285,0.011041932013543483,53,0.6625,1296,45609268,0.0039160567394261325,NaN
32011,0.07048905678779063,0.015657654587878194,0.011038752578587677,53,0.6625,1296,45622228,0.003986473638498744,NaN
32021,0.07020838874377584,0.015595631028573875,0.011035611578866466,53,0.6625,1296,45635188,0.0038801878307484494,NaN
32031,0.06993334315749279,0.015535187051902748,0.0110325081602331,53,0.6625,1296,45648148,0.004047863887071124,NaN
32041,0.06966410707006551,0.015475180677043782,0.011029441682923228,53,0.6625,1296,45661108,0.003994826950983799,NaN
32051,0.06939555764513866,0.015415221662401937,0.011026411392022635,53,0.6625,1296,45674068,0.00416583794104769,NaN
32061,0.06913459433121677,0.01535735374437276,0.011023416488835047,53,0.6625,1296,45687028,0.004482617465883465,NaN
32071,0.0688710516507412,0.015299055129143146,0.011020456427870095,53,0.6625,1296,45699988,0.00429195680151101,NaN
32081,0.0686048268866381,0.015240581799897228,0.011017530561309512,53,0.6625,1296,45712948,0.004219567022221704,NaN
32091,0.06833985448193927,0.015181319243061174,0.011014637849232668,53,0.6625,1296,45725908,0.004303877970870673,NaN
32101,0.06808956702091064,0.01512544756047865,0.011011777923598613,53,0.6625,1296,45738868,0.004325797046030255,NaN
32111,0.06783745198664112,0.015069382471376533,0.011008950378993083,53,0.6625,1296,45751828,0.004262232869239269,NaN
32121,0.06759414802215129,0.015015308883955504,0.011006154124169651,53,0.6625,1296,45764788,0.004365041065707453,NaN
32131,0.06734453009162666,0.014960136458543563,0.011003388954156517,53,0.6625,1296,45777748,0.0044197255690830994,NaN
32141,0.0671060190192326,0.014906926621384063,0.011000654000844596,53,0.6625,1296,45790708,0.004550777400317618,NaN
32151,0.0668624135604401,0.014852788073031167,0.010997949028984572,53,0.6625,1296,45803668,0.004509559769561966,NaN
32161,0.06662355885806891,0.01479976986873063,0.010995273281221131,53,0.6625,1296,45816628,0.004552029230238397,NaN
32171,0.0663811050356083,0.01474656140063033,0.01099262619658117,53,0.6625,1296,45829588,0.00456869835882584,NaN
32181,0.06615920986424768,0.014696792939896232,0.010990007524118883,53,0.6625,1296,45842548,0.004741351151039741,NaN
32191,0.06593223066431518,0.01464692648138738,0.01098741666056028,53,0.6625,1296,45855508,0.004622838391904471,NaN
32201,0.06570497669675124,0.014595993677806372,0.010984852841336861,53,0.6625,1296,45868468,0.004682173985454896,NaN
32211,0.06548129748112125,0.01454638673968959,0.010982315680931085,53,0.6625,1296,45881428,0.004670853030409872,NaN
32221,0.06525693521752493,0.01449621626286941,0.010979804627726204,53,0.6625,1296,45894388,0.00457118589897948,NaN
32231,0.06503404514600108,0.014447056966334844,0.010977319395649927,53,0.6625,1296,45907348,0.004580192493283619,NaN
32241,0.06481549809476055,0.014398556967467686,0.01097485973348508,53,0.6625,1296,45920308,0.004561112693931391,NaN
32251,0.06459315854767315,0.014349361750146995,0.010972424993988662,53,0.6625,1296,45933268,0.0044244602004280265,NaN
32261,0.06438530844170745,0.014303233621946092,0.010970014692435134,53,0.6625,1296,45946228,0.00423338404740875,NaN
32271,0.06417365079614487,0.01425584078882454,0.010967628453316077,53,0.6625,1296,45959188,0.004332389365569123,NaN
32281,0.06396341531808636,0.01420958641327335,0.010965264252359413,53,0.6625,1297,45972157,0.004428241003102074,NaN
32291,0.06376319628194078,0.014164924228046646,0.010962923169422108,53,0.6625,1297,45985127,0.004465476984656436,NaN
32301,0.06356053852752677,0.014120018940163173,0.01096060494891008,53,0.6625,1297,45998097,0.004750153204034657,NaN
32311,0.06335854006224094,0.014075424691769598,0.010958309408226109,53,0.6625,1297,46011067,0.004503392967304065,NaN
32321,0.06315435848872712,0.014029776897186812,0.010956035832386872,53,0.6625,1297,46024037,0.004466576251245913,NaN
32331,0.06295421543193695,0.01398557614128884,0.010953784064411574,53,0.6625,1297,46037007,0.004630661009968118,NaN
32341,0.06275698662512291,0.013941397428204348,0.010951553964574395,53,0.6625,1297,46049977,0.004582673165539841,NaN
32351,0.06255425346394386,0.013896845107277317,0.010949345030629647,53,0.6625,1297,46062947,0.004491839391208563,NaN
32361,0.06236335131146908,0.013854513744501694,0.01094715683208241,53,0.6625,1297,46075917,0.004594268158492121,NaN
32371,0.062173348771155434,0.01381202717547001,0.01094498905155944,53,0.6625,1297,46088887,0.004520807099183344,NaN
32381,0.06198517803162114,0.013770173314439329,0.010942841481638429,53,0.6625,1297,46101857,0.004373175551705244,NaN
32391,0.06192703975840196,0.013761564390755992,0.010940713784824556,53,0.6625,1297,46114827,0.004299723605927563,NaN
32401,0.06192703975840196,0.013761564390755992,0.010938605443428161,53,0.6625,1297,46127797,0.004351031017827023,NaN
32411,0.06192703975840196,0.013761564390755992,0.010936516308191032,53,0.6625,1297,46140767,0.004406357433040853,NaN
32421,0.06192703975840196,0.013761564390755992,0.010934446037263758,53,0.6625,1297,46153737,0.00444054838616964,NaN
32431,0.06192703975840196,0.013761564390755992,0.010932394436017168,53,0.6625,1297,46166707,0.004303778184034102,NaN
32441,0.06192703975840196,0.013761564390755992,0.01093036108921799,53,0.6625,1297,46179677,0.0042768300207046694,NaN
32451,0.06192703975840196,0.013761564390755992,0.010928345957231784,53,0.6625,1297,46192647,0.004098798498310963,NaN
32461,0.06192703975840196,0.013761564390755992,0.010926348587580393,53,0.6625,1297,46205617,0.003922279850871846,NaN
32471,0.06192703975840196,0.013761564390755992,0.010924368758605956,53,0.6625,1297,46218587,0.0040366928147573256,NaN
32481,0.06192703975840196,0.013761564390755992,0.010922406194330674,53,0.6625,1297,46231557,0.003970382850428944,NaN
32491,0.06192703975840196,0.013761564390755992,0.010920460647367193,53,0.6625,1297,46244527,0.0038720173934120306,NaN
32501,0.06192703975840196,0.013761564390755992,0.010918531817375976,53,0.6625,1297,46257497,0.0037931147792369946,NaN
32511,0.06192703975840196,0.013761564390755992,0.010916619423427493,53,0.6625,1297,46270467,0.0039546464191866915,NaN
32521,0.06192703975840196,0.013761564390755992,0.010914723488504145,53,0.6625,1297,46283437,0.0038630480468291872,NaN
32531,0.06192703975840196,0.013761564390755992,0.010912843562955906,53,0.6625,1297,46296407,0.0037392915234236157,NaN
32541,0.06192703975840196,0.013761564390755992,0.010910979343729517,53,0.6625,1297,46309377,0.0037228399915134602,NaN
32551,0.06192703975840196,0.013761564390755992,0.010909130798570294,53,0.6625,1297,46322347,0.0036150559367409407,NaN
32561,0.06192703975840196,0.013761564390755992,0.010907297489543697,53,0.6625,1297,46335317,0.003640133137763679,NaN
32571,0.06192703975840196,0.013761564390755992,0.010905479618064942,53,0.6625,1297,46348287,0.003529147809137767,NaN
32581,0.06192703975840196,0.013761564390755992,0.010903676077300434,53,0.6625,1298,46361260,0.003513429188461814,NaN
32591,0.06192703975840196,0.013761564390755992,0.010901886260912905,53,0.6625,1298,46374240,0.0036482434704240285,NaN
32601,0.06192703975840196,0.013761564390755992,0.01090011084389382,53,0.6625,1298,46387220,0.003861412415941956,NaN
32611,0.06192703975840196,0.013761564390755992,0.010898350009239834,53,0.6625,1298,46400200,0.003956756237970871,NaN
32621,0.06192703975840196,0.013761564390755992,0.010896603261386369,53,0.6625,1298,46413180,0.00386708503701072,NaN
32631,0.06192703975840196,0.013761564390755992,0.010894870572374362,53,0.6625,1298,46426160,0.003821116159218818,NaN
32641,0.06192703975840196,0.013761564390755992,0.010893151626465104,53,0.6625,1298,46439140,0.0037666342397690844,NaN
32651,0.06192703975840196,0.013761564390755992,0.010891446204255277,53,0.6625,1298,46452120,0.0038482432078976725,NaN
32661,0.06192703975840196,0.013761564390755992,0.010889754178659864,53,0.6625,1298,46465100,0.003908773603312599,NaN
32671,0.06192703975840196,0.013761564390755992,0.010888075426719854,53,0.6625,1298,46478080,0.0038329676016460312,NaN
32681,0.06192703975840196,0.013761564390755992,0.01088640968857367,53,0.6625,1298,46491060,0.0037429414646779624,NaN
32691,0.06192703975840196,0.013761564390755992,0.01088475679135709,53,0.6625,1298,46504040,0.003694734044124126,NaN
32701,0.06192703975840196,0.013761564390755992,0.01088311690466377,53,0.6625,1298,46517020,0.0035405842592455827,NaN
32711,0.06192703975840196,0.013761564390755992,0.010881489353432246,53,0.6625,1298,46530000,0.003448723777359164,NaN
32721,0.06192703975840196,0.013761564390755992,0.010879874104258008,53,0.6625,1298,46542980,0.0034517292567531332,NaN
32731,0.06192703975840196,0.013761564390755992,0.010878271183996252,53,0.6625,1298,46555960,0.003493385918136749,NaN
32741,0.06192703975840196,0.013761564390755992,0.010876680308005272,53,0.6625,1298,46568940,0.003475068906638623,NaN
32751,0.06192703975840196,0.013761564390755992,0.010875101434987431,53,0.6625,1298,46581920,0.0033045757622028327,NaN
32761,0.06192703975840196,0.013761564390755992,0.010873534193321387,53,0.6625,1298,46594900,0.003270063059285233,NaN
32771,0.06192703975840196,0.013761564390755992,0.010871978711845226,53,0.6625,1298,46607880,0.0032416518412393125,NaN
32781,0.06192703975840196,0.013761564390755992,0.010870434616741214,53,0.6625,1298,46620860,0.0031620101406120704,NaN
32791,0.06192703975840196,0.013761564390755992,0.010868901886539113,53,0.6625,1298,46633840,0.0031017489612522597,NaN
32801,0.06192703975840196,0.013761564390755992,0.010867380291441107,53,0.6625,1298,46646820,0.0029849334588232246,NaN
32811,0.06192703975840196,0.013761564390755992,0.010865869899372268,53,0.6625,1298,46659800,0.002857495525519893,NaN
32821,0.06192703975840196,0.013761564390755992,0.01086437023971909,53,0.6625,1298,46672780,0.0028690468697468163,NaN
32831,0.06192703975840196,0.013761564390755992,0.010862881278155845,53,0.6625,1298,46685760,0.0029234531543324005,NaN
32841,0.06192703975840196,0.013761564390755992,0.01086140289668847,53,0.6625,1298,46698740,0.00294262929193595,NaN
32851,0.06192703975840196,0.013761564390755992,0.010859935271934105,53,0.6625,1298,46711720,0.002863901888596143,NaN
32861,0.06192703975840196,0.013761564390755992,0.01085847794528665,53,0.6625,1298,46724700,0.002740014690476411,NaN
32871,0.06192703975840196,0.013761564390755992,0.010857030749739916,53,0.6625,1298,46737680,0.0028014703899768567,NaN
32881,0.06192703975840196,0.013761564390755992,0.01085559372578226,53,0.6625,1298,46750660,0.002930633865267984,NaN
32891,0.06192703975840196,0.013761564390755992,0.010854166370202152,53,0.6625,1299,46763645,0.002984454728847674,NaN
32901,0.06192703975840196,0.013761564390755992,0.010852748397287098,53,0.6625,1299,46776635,0.0029360737672846082,NaN
32911,0.06192703975840196,0.013761564390755992,0.010851340156549741,53,0.6625,1299,46789625,0.002981762605258065,NaN
32921,0.06192703975840196,0.013761564390755992,0.010849941768577922,53,0.6625,1299,46802615,0.0028818983320559877,NaN
32931,0.06192703975840196,0.013761564390755992,0.010848552720830509,53,0.6625,1299,46815605,0.0029524785448956092,NaN
32941,0.06192703975840196,0.013761564390755992,0.010847173204678845,53,0.6625,1299,46828595,0.0028105083660397434,NaN
32951,0.06192703975840196,0.013761564390755992,0.010845802979930156,53,0.6625,1299,46841585,0.0028277264272014713,NaN
32961,0.06192703975840196,0.013761564390755992,0.010844442129270947,53,0.6625,1299,46854575,0.0029100851854775844,NaN
32971,0.06192703975840196,0.013761564390755992,0.01084309014375873,53,0.6625,1299,46867565,0.0028726042583342992,NaN
32981,0.06192703975840196,0.013761564390755992,0.010841747451296655,53,0.6625,1299,46880555,0.0027063305070405552,NaN
32991,0.06192703975840196,0.013761564390755992,0.01084041351854324,53,0.6625,1299,46893545,0.002717361304740984,NaN
33001,0.06192703975840196,0.013761564390755992,0.010839088602024196,53,0.6625,1299,46906535,0.0027379212877571835,NaN
33011,0.06192703975840196,0.013761564390755992,0.010837772372088975,53,0.6625,1299,46919525,0.002648913726546298,NaN
33021,0.06192703975840196,0.013761564390755992,0.010836464827119256,53,0.6625,1299,46932515,0.0025686187449558417,NaN
33031,0.06192703975840196,0.013761564390755992,0.01083516576240739,53,0.6625,1299,46945505,0.0025686187449558417,NaN
33041,0.06192703975840196,0.013761564390755992,0.010833875072761633,53,0.6625,1299,46958495,0.0025686187449558417,NaN
33051,0.06192703975840196,0.013761564390755992,0.010832592764662512,53,0.6625,1299,46971485,0.0025686187449558417,NaN
33061,0.06192703975840196,0.013761564390755992,0.010831318668086076,53,0.6625,1299,46984475,0.0025686187449558417,NaN
33071,0.06192703975840196,0.013761564390755992,0.010830052745856685,53,0.6625,1299,46997465,0.0025686187449558417,NaN
33081,0.06192703975840196,0.013761564390755992,0.010828794991252274,53,0.6625,1299,47010455,0.0025686187449558417,NaN
33091,0.06192703975840196,0.013761564390755992,0.010827545134984608,53,0.6625,1299,47023445,0.0025686187449558417,NaN
33101,0.06192703975840196,0.013761564390755992,0.010826303135093182,53,0.6625,1299,47036435,0.0025686187449558417,NaN
33111,0.06192703975840196,0.013761564390755992,0.010825068983882438,53,0.6625,1299,47049425,0.0025686187449558417,NaN
33121,0.06192703975840196,0.013761564390755992,0.010823842794300355,53,0.6625,1299,47062415,0.0025686187449558417,NaN
33131,0.06192703975840196,0.013761564390755992,0.010822624191388967,53,0.6625,1299,47075405,0.0025686187449558417,NaN
33141,0.06192703975840196,0.013761564390755992,0.01082141300874022,53,0.6625,1299,47088395,0.0025686187449558417,NaN
33151,0.06192703975840196,0.013761564390755992,0.010820209420103751,53,0.6625,1299,47101385,0.0025686187449558417,NaN
33161,0.06192703975840196,0.013761564390755992,0.010819013224317562,53,0.6625,1299,47114375,0.0025686187449558417,NaN
33171,0.06192703975840196,0.013761564390755992,0.010817824167206036,53,0.6625,1299,47127365,0.0025686187449558417,NaN
33181,0.06192703975840196,0.013761564390755992,0.010816642472889847,53,0.6625,1299,47140355,0.0025686187449558417,NaN
33191,0.06192703975840196,0.013761564390755992,0.010815468016599182,53,0.6625,1299,47153345,0.0025686187449558417,NaN
33201,0.06192703975840196,0.013761564390755992,0.010814300302422735,53,0.6625,1300,47166338,0.0025686187449558417,NaN
33211,0.06192703975840196,0.013761564390755992,0.01081313904786124,53,0.6625,1300,47179338,0.0025686187449558417,NaN
33221,0.06192703975840196,0.013761564390755992,0.010811984687679303,53,0.6625,1300,47192338,0.0025686187449558417,NaN
33231,0.06192703975840196,0.013761564390755992,0.010810837401151827,53,0.6625,1300,47205338,0.0025686187449558417,NaN
33241,0.06192703975840196,0.013761564390755992,0.01080969679972545,53,0.6625,1300,47218338,0.0025686187449558417,NaN
33251,0.06192703975840196,0.013761564390755992,0.010808563117179539,53,0.6625,1300,47231338,0.0025686187449558417,NaN
33261,0.06192703975840196,0.013761564390755992,0.010807436026840238,53,0.6625,1300,47244338,0.0025686187449558417,NaN
33271,0.06192703975840196,0.013761564390755992,0.010806315604890837,53,0.6625,1300,47257338,0.0025686187449558417,NaN
33281,0.06192703975840196,0.013761564390755992,0.010805201581251011,53,0.6625,1300,47270338,0.0025686187449558417,NaN
33291,0.06192703975840196,0.013761564390755992,0.010804094103556348,53,0.6625,1300,47283338,0.0025686187449558417,NaN
33301,0.06192703975840196,0.013761564390755992,0.010802993228869283,53,0.6625,1300,47296338,0.0025686187449558417,NaN
33311,0.06192703975840196,0.013761564390755992,0.01080189884066298,53,0.6625,1300,47309338,0.0025686187449558417,NaN
33321,0.06192703975840196,0.013761564390755992,0.010800810488272469,53,0.6625,1300,47322338,0.0025686187449558417,NaN
33331,0.06192499980304592,0.013761111067343538,0.010799175792506856,51,0.6375,1251,47335142,0.0025686187449558417,NaN
33341,0.06192499980304592,0.013761111067343538,0.010796738663346725,51,0.6375,1251,47347652,0.0025686187449558417,NaN
33351,0.06192499980304592,0.013761111067343538,0.01079431241608048,51,0.6375,1251,47360162,0.0025686187449558417,NaN
33361,0.06192499980304592,0.013761111067343538,0.010791912753034549,51,0.6375,1251,47372672,0.0025686187449558417,NaN
33371,0.06192499980304592,0.013761111067343538,0.010789537043949365,51,0.6375,1251,47385182,0.0025686187449558417,NaN
33381,0.06192499980304592,0.013761111067343538,0.010787187365315823,51,0.6375,1251,47397692,0.0025686187449558417,NaN
33391,0.06192499980304592,0.013761111067343538,0.01078484700908822,51,0.6375,1251,47410202,0.0025686187449558417,NaN
33401,0.06192499980304592,0.013761111067343538,0.010782530241360078,51,0.6375,1251,47422712,0.0025686187449558417,NaN
33411,0.06192499980304592,0.013761111067343538,0.010780240952361842,51,0.6375,1251,47435222,0.0025686187449558417,NaN
33421,0.06192499980304592,0.013761111067343538,0.010777969799182729,51,0.6375,1251,47447732,0.0025686187449558417,NaN
33431,0.06192499980304592,0.013761111067343538,0.010775717691442338,51,0.6375,1251,47460242,0.0025686187449558417,NaN
33441,0.06192499980304592,0.013761111067343538,0.010773484943544775,51,0.6375,1251,47472752,0.0025686187449558417,NaN
33451,0.06192499980304592,0.013761111067343538,0.010771255570484166,51,0.6375,1251,47485262,0.0025686187449558417,NaN
33461,0.06192499980304592,0.013761111067343538,0.010769054220283347,51,0.6375,1251,47497772,0.0025686187449558417,NaN
33471,0.06192499980304592,0.013761111067343538,0.010766870293545205,51,0.6375,1251,47510282,0.0025686187449558417,NaN
33481,0.06192499980304592,0.013761111067343538,0.010764706862607231,51,0.6375,1251,47522792,0.0025686187449558417,NaN
33491,0.06192499980304592,0.013761111067343538,0.010762556506135708,51,0.6375,1251,47535302,0.0025686187449558417,NaN
33501,0.06192499980304592,0.013761111067343538,0.010760426333889659,51,0.6375,1251,47547812,0.0025686187449558417,NaN
33511,0.06192499980304592,0.013761111067343538,0.010758315210556244,51,0.6375,1251,47560322,0.0025686187449558417,NaN
33521,0.06192499980304592,0.013761111067343538,0.01075620944511296,51,0.6375,1251,47572832,0.0025686187449558417,NaN
33531,0.06192499980304592,0.013761111067343538,0.010754128316742738,51,0.6375,1251,47585342,0.0025686187449558417,NaN
33541,0.06192499980304592,0.013761111067343538,0.01075206327716383,51,0.6375,1252,47597862,0.0025686187449558417,NaN
33551,0.06192499980304592,0.013761111067343538,0.010750009969996647,51,0.6375,1252,47610382,0.0025686187449558417,NaN
33561,0.06192499980304592,0.013761111067343538,0.010747974056899643,51,0.6375,1252,47622902,0.0025686187449558417,NaN
33571,0.06192499980304592,0.013761111067343538,0.010745960798830365,51,0.6375,1252,47635422,0.0025686187449558417,NaN
33581,0.06192499980304592,0.013761111067343538,0.010743961052874845,51,0.6375,1252,47647942,0.0025686187449558417,NaN
33591,0.06192499980304592,0.013761111067343538,0.010741977670699562,51,0.6375,1252,47660462,0.0025686187449558417,NaN
33601,0.06192499980304592,0.013761111067343538,0.010740007331902834,51,0.6375,1252,47672982,0.0025686187449558417,NaN
33611,0.06192499980304592,0.013761111067343538,0.010738052046627346,51,0.6375,1252,47685502,0.0025686187449558417,NaN
33621,0.06192499980304592,0.013761111067343538,0.010736113940582766,51,0.6375,1252,47698022,0.0025686187449558417,NaN
33631,0.06192499980304592,0.013761111067343538,0.010734183290063027,51,0.6375,1252,47710542,0.0025686187449558417,NaN
33641,0.06192499980304592,0.013761111067343538,0.010732266434101616,51,0.6375,1252,47723062,0.0025686187449558417,NaN
33651,0.06192499980304592,0.013761111067343538,0.010730373797753831,51,0.6375,1252,47735582,0.0025686187449558417,NaN
33661,0.06192499980304592,0.013761111067343538,0.010728488498224376,51,0.6375,1252,47748102,0.0025686187449558417,NaN
33671,0.06192499980304592,0.013761111067343538,0.010726622678771919,51,0.6375,1252,47760622,0.0025686187449558417,NaN
33681,0.06192499980304592,0.013761111067343538,0.01072476960844884,51,0.6375,1252,47773142,0.0025686187449558417,NaN
33691,0.06192499980304592,0.013761111067343538,0.010722924515209915,51,0.6375,1252,47785662,0.0025686187449558417,NaN
33701,0.06192499980304592,0.013761111067343538,0.01072109181138673,51,0.6375,1252,47798182,0.0025686187449558417,NaN
33711,0.06192499980304592,0.013761111067343538,0.010719274769450665,51,0.6375,1252,47810702,0.0025686187449558417,NaN
33721,0.06192499980304592,0.013761111067343538,0.010717472012663123,51,0.6375,1252,47823222,0.0025686187449558417,NaN
33731,0.06192499980304592,0.013761111067343538,0.010715683698669626,51,0.6375,1252,47835742,0.0025686187449558417,NaN
33741,0.06192499980304592,0.013761111067343538,0.010713907121154786,51,0.6375,1252,47848262,0.0025686187449558417,NaN
33751,0.06192499980304592,0.013761111067343538,0.010712139031456304,51,0.6375,1252,47860782,0.0025686187449558417,NaN
33761,0.06192499980304592,0.013761111067343538,0.010710386795300363,51,0.6375,1252,47873302,0.0025686187449558417,NaN
33771,0.06192499980304592,0.013761111067343538,0.010708647291302265,51,0.6375,1252,47885822,0.0025686187449558417,NaN
33781,0.06192499980304592,0.013761111067343538,0.010706917877101846,51,0.6375,1252,47898342,0.0025686187449558417,NaN
33791,0.06192499980304592,0.013761111067343538,0.010705205654631638,51,0.6375,1252,47910862,0.0025686187449558417,NaN
33801,0.06192499980304592,0.013761111067343538,0.010703494980393292,51,0.6375,1252,47923382,0.0025686187449558417,NaN
33811,0.06192499980304592,0.013761111067343538,0.010701803440179177,51,0.6375,1252,47935902,0.0025686187449558417,NaN
33821,0.06192499980304592,0.013761111067343538,0.010700123164750799,51,0.6375,1252,47948422,0.0025686187449558417,NaN
33831,0.06192499980304592,0.013761111067343538,0.010698450371044414,51,0.6375,1252,47960942,0.0025686187449558417,NaN
33841,0.06192499980304592,0.013761111067343538,0.010696790000183235,51,0.6375,1252,47973462,0.0025686187449558417,NaN
33851,0.06192499980304592,0.013761111067343538,0.010695138943663448,51,0.6375,1252,47985982,0.0025686187449558417,NaN
33861,0.06192499980304592,0.013761111067343538,0.010693505036328958,51,0.6375,1252,47998502,0.0025686187449558417,NaN
33871,0.06192499980304592,0.013761111067343538,0.010691880995391773,51,0.6375,1253,48011031,0.0025686187449558417,NaN
33881,0.06192499980304592,0.013761111067343538,0.010690268718795698,51,0.6375,1253,48023561,0.0025686187449558417,NaN
33891,0.06192499980304592,0.013761111067343538,0.010688663197585472,51,0.6375,1253,48036091,0.0025686187449558417,NaN
33901,0.06192499980304592,0.013761111067343538,0.010687070446563472,51,0.6375,1253,48048621,0.0025686187449558417,NaN
33911,0.06192499980304592,0.013761111067343538,0.010685488763186986,51,0.6375,1253,48061151,0.0025686187449558417,NaN
33921,0.06192499980304592,0.013761111067343538,0.010683914857443745,51,0.6375,1253,48073681,0.0025686187449558417,NaN
33931,0.06192499980304592,0.013761111067343538,0.010682352406743211,51,0.6375,1253,48086211,0.0025686187449558417,NaN
33941,0.06192499980304592,0.013761111067343538,0.01068080098168384,51,0.6375,1253,48098741,0.0025686187449558417,NaN
33951,0.06192499980304592,0.013761111067343538,0.01067925844043843,51,0.6375,1253,48111271,0.0025686187449558417,NaN
33961,0.06192499980304592,0.013761111067343538,0.01067772616508886,51,0.6375,1253,48123801,0.0025686187449558417,NaN
33971,0.06192499980304592,0.013761111067343538,0.010676200844363213,51,0.6375,1253,48136331,0.0025686187449558417,NaN
33981,0.06192499980304592,0.013761111067343538,0.010674691422429768,51,0.6375,1253,48148861,0.0025686187449558417,NaN
33991,0.06192499980304592,0.013761111067343538,0.010673190769977066,51,0.6375,1253,48161391,0.0025686187449558417,NaN
34001,0.06192499980304592,0.013761111067343538,0.010671697072631613,51,0.6375,1253,48173921,0.0025686187449558417,NaN
34011,0.06192499980304592,0.013761111067343538,0.010670215246237496,51,0.6375,1253,48186451,0.0025686187449558417,NaN
34021,0.06192499980304592,0.013761111067343538,0.010668741436796364,51,0.6375,1253,48198981,0.0025686187449558417,NaN
34031,0.06192499980304592,0.013761111067343538,0.010667275227558958,51,0.6375,1253,48211511,0.0025686187449558417,NaN
34041,0.06192499980304592,0.013761111067343538,0.010665822124431157,51,0.6375,1253,48224041,0.0025686187449558417,NaN
34051,0.06192499980304592,0.013761111067343538,0.010664377424579955,51,0.6375,1253,48236571,0.0025686187449558417,NaN
34061,0.06192499980304592,0.013761111067343538,0.01066293840375253,51,0.6375,1253,48249101,0.0025686187449558417,NaN
34071,0.06192499980304592,0.013761111067343538,0.010661508589036802,51,0.6375,1253,48261631,0.0025686187449558417,NaN
34081,0.06192499980304592,0.013761111067343538,0.010660093146287384,51,0.6375,1253,48274161,0.0025686187449558417,NaN
34091,0.06192499980304592,0.013761111067343538,0.010658683391387591,51,0.6375,1253,48286691,0.0025686187449558417,NaN
34101,0.06192499980304592,0.013761111067343538,0.010657279310023509,51,0.6375,1253,48299221,0.0025686187449558417,NaN
34111,0.06192499980304592,0.013761111067343538,0.010655884352699273,51,0.6375,1253,48311751,0.0025686187449558417,NaN
34121,0.06192499980304592,0.013761111067343538,0.010654497431072572,51,0.6375,1253,48324281,0.0025686187449558417,NaN
34131,0.06192499980304592,0.013761111067343538,0.010653116396011391,51,0.6375,1253,48336811,0.0025686187449558417,NaN
34141,0.06192499980304592,0.013761111067343538,0.010651748409836358,51,0.6375,1253,48349341,0.0025686187449558417,NaN
34151,0.06192499980304592,0.013761111067343538,0.010650386407535987,51,0.6375,1253,48361871,0.0025686187449558417,NaN
34161,0.06192499980304592,0.013761111067343538,0.010649034453376475,51,0.6375,1253,48374401,0.0025686187449558417,NaN
34171,0.06192499980304592,0.013761111067343538,0.010647687247943991,51,0.6375,1253,48386931,0.0025686187449558417,NaN
34181,0.06192499980304592,0.013761111067343538,0.010646352290810917,51,0.6375,1253,48399461,0.0025686187449558417,NaN
34191,0.06192499980304592,0.013761111067343538,0.010645019354631571,51,0.6375,1253,48411991,0.0025686187449558417,NaN
34201,0.06192499980304592,0.013761111067343538,0.010643694329554055,51,0.6375,1254,48424527,0.0025686187449558417,NaN
34211,0.06192499980304592,0.013761111067343538,0.010642380596093657,51,0.6375,1254,48437067,0.0025686187449558417,NaN
34221,0.06192499980304592,0.013761111067343538,0.01064107356599396,51,0.6375,1254,48449607,0.0025686187449558417,NaN
34231,0.06192499980304592,0.013761111067343538,0.010639772399251662,51,0.6375,1254,48462147,0.0025686187449558417,NaN
34241,0.06192499980304592,0.013761111067343538,0.010638476114163593,51,0.6375,1254,48474687,0.0025686187449558417,NaN
34251,0.06192499980304592,0.013761111067343538,0.01063718953193336,51,0.6375,1254,48487227,0.0025686187449558417,NaN
34261,0.06192499980304592,0.013761111067343538,0.010635913210579735,51,0.6375,1254,48499767,0.0025686187449558417,NaN
34271,0.06192499980304592,0.013761111067343538,0.010634640531684345,51,0.6375,1254,48512307,0.0025686187449558417,NaN
34281,0.06192499980304592,0.013761111067343538,0.010633375164871648,51,0.6375,1254,48524847,0.0025686187449558417,NaN
34291,0.06192499980304592,0.013761111067343538,0.010632117182608817,51,0.6375,1254,48537387,0.0025686187449558417,NaN
34301,0.06192499980304592,0.013761111067343538,0.010630867602638093,51,0.6375,1254,48549927,0.0025686187449558417,NaN
34311,0.06183573645554604,0.013739276650044365,0.010629045591985013,50,0.625,1229,48562317,0.0025686187449558417,NaN
34321,0.06182674492519964,0.013739276650044365,0.01062685712774476,50,0.625,1229,48574607,0.0025686187449558417,NaN
34331,0.06182674492519964,0.013739276650044365,0.0106246847033039,50,0.625,1229,48586897,0.0025686187449558417,NaN
34341,0.06182674492519964,0.013739276650044365,0.010622529938553043,50,0.625,1229,48599187,0.0025686187449558417,NaN
34351,0.06182674492519964,0.013739276650044365,0.010620394574600966,50,0.625,1229,48611477,0.0025686187449558417,NaN
34361,0.06182674492519964,0.013739276650044365,0.010618277939089366,50,0.625,1229,48623767,0.0025686187449558417,NaN
34371,0.06182674492519964,0.013739276650044365,0.010616174324645074,50,0.625,1229,48636057,0.0025686187449558417,NaN
34381,0.06182674492519964,0.013739276650044365,0.010614091226547502,50,0.625,1229,48648347,0.0025686187449558417,NaN
34391,0.06182674492519964,0.013739276650044365,0.010612021708757484,50,0.625,1230,48660638,0.0025686187449558417,NaN
34401,0.06182674492519964,0.013739276650044365,0.010609966977682439,50,0.625,1230,48672938,0.0025686187449558417,NaN
34411,0.06182674492519964,0.013739276650044365,0.010607929310059657,50,0.625,1230,48685238,0.0025686187449558417,NaN
34421,0.06182674492519964,0.013739276650044365,0.010605909055084508,50,0.625,1230,48697538,0.0025686187449558417,NaN
34431,0.06182674492519964,0.013739276650044365,0.010603904007858095,50,0.625,1230,48709838,0.0025686187449558417,NaN
34441,0.06182674492519964,0.013739276650044365,0.010601914508087715,50,0.625,1230,48722138,0.0025686187449558417,NaN
34451,0.06182674492519964,0.013739276650044365,0.010599941659934744,50,0.625,1230,48734438,0.0025686187449558417,NaN
34461,0.06182674492519964,0.013739276650044365,0.010597982371782196,50,0.625,1230,48746738,0.0025686187449558417,NaN
34471,0.06182674492519964,0.013739276650044365,0.010596037532318268,50,0.625,1230,48759038,0.0025686187449558417,NaN
34481,0.06182674492519964,0.013739276650044365,0.010594111486844802,50,0.625,1230,48771338,0.0025686187449558417,NaN
34491,0.06182674492519964,0.013739276650044365,0.010592201329756998,50,0.625,1230,48783638,0.0025686187449558417,NaN
34501,0.06182674492519964,0.013739276650044365,0.010590298033518648,50,0.625,1230,48795938,0.0025686187449558417,NaN
34511,0.06182674492519964,0.013739276650044365,0.01058841129950263,50,0.625,1230,48808238,0.0025686187449558417,NaN
34521,0.06182674492519964,0.013739276650044365,0.010586542626618716,50,0.625,1230,48820538,0.0025686187449558417,NaN
34531,0.06182674492519964,0.013739276650044365,0.010584685413429792,50,0.625,1230,48832838,0.0025686187449558417,NaN
34541,0.06182674492519964,0.013739276650044365,0.010582843186768713,50,0.625,1230,48845138,0.0025686187449558417,NaN
34551,0.06182674492519964,0.013739276650044365,0.010581016227295115,50,0.625,1230,48857438,0.0025686187449558417,NaN
34561,0.06182674492519964,0.013739276650044365,0.010579200916746977,50,0.625,1230,48869738,0.0025686187449558417,NaN
34571,0.06182674492519964,0.013739276650044365,0.010577397924781887,50,0.625,1230,48882038,0.0025686187449558417,NaN
34581,0.06182674492519964,0.013739276650044365,0.01057561070987391,50,0.625,1230,48894338,0.0025686187449558417,NaN
34591,0.06182674492519964,0.013739276650044365,0.01057383560220489,50,0.625,1230,48906638,0.0025686187449558417,NaN
34601,0.06182674492519964,0.013739276650044365,0.010572074394281941,50,0.625,1230,48918938,0.0025686187449558417,NaN
34611,0.06182674492519964,0.013739276650044365,0.01057032282600829,50,0.625,1230,48931238,0.0025686187449558417,NaN
34621,0.06182674492519964,0.013739276650044365,0.010568583083288643,50,0.625,1230,48943538,0.0025686187449558417,NaN
34631,0.06182674492519964,0.013739276650044365,0.010566854222965506,50,0.625,1230,48955838,0.0025686187449558417,NaN
34641,0.06182674492519964,0.013739276650044365,0.010565141798339702,50,0.625,1230,48968138,0.0025686187449558417,NaN
34651,0.06182674492519964,0.013739276650044365,0.010563442451804836,50,0.625,1230,48980438,0.0025686187449558417,NaN
34661,0.06182674492519964,0.013739276650044365,0.010561755457191317,50,0.625,1230,48992738,0.0025686187449558417,NaN
34671,0.06182674492519964,0.013739276650044365,0.01056007479626424,50,0.625,1230,49005038,0.0025686187449558417,NaN
34681,0.06182674492519964,0.013739276650044365,0.010558405977256245,50,0.625,1230,49017338,0.0025686187449558417,NaN
34691,0.06182674492519964,0.013739276650044365,0.010556752924103463,50,0.625,1230,49029638,0.0025686187449558417,NaN
34701,0.06182674492519964,0.013739276650044365,0.010555111258715673,50,0.625,1230,49041938,0.0025686187449558417,NaN
34711,0.06182674492519964,0.013739276650044365,0.010553482702074277,50,0.625,1230,49054238,0.0025686187449558417,NaN
34721,0.06182674492519964,0.013739276650044365,0.01055186384414274,50,0.625,1230,49066538,0.0025686187449558417,NaN
34731,0.06182674492519964,0.013739276650044365,0.010550257341423461,50,0.625,1230,49078838,0.0025686187449558417,NaN
34741,0.06182674492519964,0.013739276650044365,0.01054866010626887,50,0.625,1231,49091143,0.0025686187449558417,NaN
34751,0.06182674492519964,0.013739276650044365,0.010547068631727791,50,0.625,1231,49103453,0.0025686187449558417,NaN
34761,0.06182674492519964,0.013739276650044365,0.01054549199165814,50,0.625,1231,49115763,0.0025686187449558417,NaN
34771,0.06182674492519964,0.013739276650044365,0.010543924992004381,50,0.625,1231,49128073,0.0025686187449558417,NaN
34781,0.06182674492519964,0.013739276650044365,0.010542367170948249,50,0.625,1231,49140383,0.0025686187449558417,NaN
34791,0.06182674492519964,0.013739276650044365,0.010540823419028393,50,0.625,1231,49152693,0.0025686187449558417,NaN
34801,0.06182674492519964,0.013739276650044365,0.010539285446616597,50,0.625,1231,49165003,0.0025686187449558417,NaN
34811,0.06182674492519964,0.013739276650044365,0.010537759894665853,50,0.625,1231,49177313,0.0025686187449558417,NaN
34821,0.06182674492519964,0.013739276650044365,0.010536241557340092,50,0.625,1231,49189623,0.0025686187449558417,NaN
34831,0.06182674492519964,0.013739276650044365,0.010534733332609975,50,0.625,1231,49201933,0.0025686187449558417,NaN
34841,0.06182674492519964,0.013739276650044365,0.010533235095675246,50,0.625,1231,49214243,0.0025686187449558417,NaN
34851,0.06182674492519964,0.013739276650044365,0.010531747235554782,50,0.625,1231,49226553,0.0025686187449558417,NaN
34861,0.06182674492519964,0.013739276650044365,0.010530265991031044,50,0.625,1231,49238863,0.0025686187449558417,NaN
34871,0.06182674492519964,0.013739276650044365,0.010528797283854344,50,0.625,1231,49251173,0.0025686187449558417,NaN
34881,0.06182674492519964,0.013739276650044365,0.010527336297661331,50,0.625,1231,49263483,0.0025686187449558417,NaN
34891,0.06182674492519964,0.013739276650044365,0.010525886655922788,50,0.625,1231,49275793,0.0025686187449558417,NaN
34901,0.06182674492519964,0.013739276650044365,0.01052444573460204,50,0.625,1231,49288103,0.0025686187449558417,NaN
34911,0.06182674492519964,0.013739276650044365,0.010523014536717603,50,0.625,1231,49300413,0.0025686187449558417,NaN
34921,0.06182674492519964,0.013739276650044365,0.010521593178409446,50,0.625,1231,49312723,0.0025686187449558417,NaN
34931,0.06182674492519964,0.013739276650044365,0.010520175905152645,50,0.625,1231,49325033,0.0025686187449558417,NaN
34941,0.06182674492519964,0.013739276650044365,0.010518769008669299,50,0.625,1231,49337343,0.0025686187449558417,NaN
34951,0.06182674492519964,0.013739276650044365,0.010517371095450706,50,0.625,1231,49349653,0.0025686187449558417,NaN
34961,0.06182674492519964,0.013739276650044365,0.010515980767386216,50,0.625,1231,49361963,0.0025686187449558417,NaN
34971,0.06182674492519964,0.013739276650044365,0.010514600461522482,50,0.625,1231,49374273,0.0025686187449558417,NaN
34981,0.06182674492519964,0.013739276650044365,0.010513229016254831,50,0.625,1231,49386583,0.0025686187449558417,NaN
34991,0.06182674492519964,0.013739276650044365,0.01051186731387111,50,0.625,1231,49398893,0.0025686187449558417,NaN
35001,0.06182674492519964,0.013739276650044365,0.010510510849445879,50,0.625,1231,49411203,0.0025686187449558417,NaN
35011,0.06182674492519964,0.013739276650044365,0.010509165288187851,50,0.625,1231,49423513,0.0025686187449558417,NaN
35021,0.06182674492519964,0.013739276650044365,0.01050782771799404,50,0.625,1231,49435823,0.0025686187449558417,NaN
35031,0.06182674492519964,0.013739276650044365,0.010506493409469596,50,0.625,1231,49448133,0.0025686187449558417,NaN
35041,0.06182674492519964,0.013739276650044365,0.010505171188419104,50,0.625,1231,49460443,0.0025686187449558417,NaN
35051,0.06182674492519964,0.013739276650044365,0.010503852681381546,50,0.625,1231,49472753,0.0025686187449558417,NaN
35061,0.06182674492519964,0.013739276650044365,0.010502543012395952,50,0.625,1231,49485063,0.0025686187449558417,NaN
35071,0.06182674492519964,0.013739276650044365,0.010501245186692394,50,0.625,1231,49497373,0.0025686187449558417,NaN
35081,0.06182674492519964,0.013739276650044365,0.010499953490770821,50,0.625,1231,49509683,0.0025686187449558417,NaN
35091,0.06182674492519964,0.013739276650044365,0.01049866592751542,50,0.625,1232,49521999,0.0025686187449558417,NaN
35101,0.06182674492519964,0.013739276650044365,0.010497387875457835,50,0.625,1232,49534319,0.0025686187449558417,NaN
35111,0.06182674492519964,0.013739276650044365,0.010496115724411545,50,0.625,1232,49546639,0.0025686187449558417,NaN
35121,0.06182674492519964,0.013739276650044365,0.010494851979774922,50,0.625,1232,49558959,0.0025686187449558417,NaN
35131,0.06182674492519964,0.013739276650044365,0.010493592836711653,50,0.625,1232,49571279,0.0025686187449558417,NaN
35141,0.06182674492519964,0.013739276650044365,0.010492342318236661,50,0.625,1232,49583599,0.0025686187449558417,NaN
35151,0.06182674492519964,0.013739276650044365,0.010491100642907099,50,0.625,1232,49595919,0.0025686187449558417,NaN
35161,0.06182674492519964,0.013739276650044365,0.010489863028989795,50,0.625,1232,49608239,0.0025686187449558417,NaN
35171,0.06182674492519964,0.013739276650044365,0.010488631994887958,50,0.625,1232,49620559,0.0025686187449558417,NaN
35181,0.06182674492519964,0.013739276650044365,0.010487410189490351,50,0.625,1232,49632879,0.0025686187449558417,NaN
35191,0.06182674492519964,0.013739276650044365,0.01048619408937666,50,0.625,1232,49645199,0.0025686187449558417,NaN
35201,0.06182674492519964,0.013739276650044365,0.010484985594496087,50,0.625,1232,49657519,0.0025686187449558417,NaN
35211,0.06182674492519964,0.013739276650044365,0.010483784877843176,50,0.625,1232,49669839,0.0025686187449558417,NaN
35221,0.06182674492519964,0.013739276650044365,0.010482589668236173,50,0.625,1232,49682159,0.0025686187449558417,NaN
35231,0.06182674492519964,0.013739276650044365,0.010481400160887255,50,0.625,1232,49694479,0.0025686187449558417,NaN
35241,0.06182674492519964,0.013739276650044365,0.010480217332389708,50,0.625,1232,49706799,0.0025686187449558417,NaN
35251,0.06182674492519964,0.013739276650044365,0.010479040072224312,50,0.625,1232,49719119,0.0025686187449558417,NaN
35261,0.06182674492519964,0.013739276650044365,0.010477871607524721,50,0.625,1232,49731439,0.0025686187449558417,NaN
35271,0.06182674492519964,0.013739276650044365,0.010476708314656993,50,0.625,1232,49743759,0.0025686187449558417,NaN
35281,0.06182674492519964,0.013739276650044365,0.01047555115339463,50,0.625,1232,49756079,0.0025686187449558417,NaN
35291,0.06182674492519964,0.013739276650044365,0.010474398430783105,50,0.625,1232,49768399,0.0025686187449558417,NaN
35301,0.06180500788371654,0.013734446196381454,0.01047297162537621,49,0.6125,1207,49780644,0.0025686187449558417,NaN
35311,0.06180500788371654,0.013734446196381454,0.010470895526818371,49,0.6125,1208,49792717,0.0025686187449558417,NaN
35321,0.06180500788371654,0.013734446196381454,0.010468839342971232,49,0.6125,1208,49804797,0.0025686187449558417,NaN
35331,0.06180500788371654,0.013734446196381454,0.010466796537140232,49,0.6125,1208,49816877,0.0025686187449558417,NaN
35341,0.06180500788371654,0.013734446196381454,0.010464770187837405,49,0.6125,1208,49828957,0.0025686187449558417,NaN
35351,0.06180500788371654,0.013734446196381454,0.010462762249325262,49,0.6125,1208,49841037,0.0025686187449558417,NaN
35361,0.06180500788371654,0.013734446196381454,0.010460768747885655,49,0.6125,1208,49853117,0.0025686187449558417,NaN
35371,0.06180500788371654,0.013734446196381454,0.010458791395668205,49,0.6125,1208,49865197,0.0025686187449558417,NaN
35381,0.06180500788371654,0.013734446196381454,0.01045683160283857,49,0.6125,1208,49877277,0.0025686187449558417,NaN
35391,0.06180500788371654,0.013734446196381454,0.010454886971848454,49,0.6125,1208,49889357,0.0025686187449558417,NaN
35401,0.06180500788371654,0.013734446196381454,0.010452956301838384,49,0.6125,1208,49901437,0.0025686187449558417,NaN
35411,0.06180500788371654,0.013734446196381454,0.010451040806266498,49,0.6125,1208,49913517,0.0025686187449558417,NaN
35421,0.06180500788371654,0.013734446196381454,0.010449137708675098,49,0.6125,1208,49925597,0.0025686187449558417,NaN
35431,0.06180500788371654,0.013734446196381454,0.010447251847391783,49,0.6125,1208,49937677,0.0025686187449558417,NaN
35441,0.06180500788371654,0.013734446196381454,0.010445380788178311,49,0.6125,1208,49949757,0.0025686187449558417,NaN
35451,0.06180500788371654,0.013734446196381454,0.010443524643741408,49,0.6125,1208,49961837,0.0025686187449558417,NaN
35461,0.06180500788371654,0.013734446196381454,0.01044168158811301,49,0.6125,1208,49973917,0.0025686187449558417,NaN
35471,0.06180500788371654,0.013734446196381454,0.010439852533995125,49,0.6125,1208,49985997,0.0025686187449558417,NaN
35481,0.06180500788371654,0.013734446196381454,0.010438038041431483,49,0.6125,1208,49998077,0.0025686187449558417,NaN
35491,0.06180500788371654,0.013734446196381454,0.0104362368266375,49,0.6125,1208,50010157,0.0025686187449558417,NaN
35501,0.06180500788371654,0.013734446196381454,0.010434448084872943,49,0.6125,1208,50022237,0.0025686187449558417,NaN
35511,0.06180500788371654,0.013734446196381454,0.010432671910502556,49,0.6125,1208,50034317,0.0025686187449558417,NaN
35521,0.06180500788371654,0.013734446196381454,0.010430910779576998,49,0.6125,1208,50046397,0.0025686187449558417,NaN
35531,0.06180500788371654,0.013734446196381454,0.010429163190107798,49,0.6125,1208,50058477,0.0025686187449558417,NaN
35541,0.06180500788371654,0.013734446196381454,0.01042742700632518,49,0.6125,1208,50070557,0.0025686187449558417,NaN
35551,0.06180500788371654,0.013734446196381454,0.010425705748746556,49,0.6125,1208,50082637,0.0025686187449558417,NaN
35561,0.06180500788371654,0.013734446196381454,0.010423994697891785,49,0.6125,1208,50094717,0.0025686187449558417,NaN
35571,0.06180500788371654,0.013734446196381454,0.010422297546529584,49,0.6125,1208,50106797,0.0025686187449558417,NaN
35581,0.06180500788371654,0.013734446196381454,0.010420611246084234,49,0.6125,1208,50118877,0.0025686187449558417,NaN
35591,0.06180500788371654,0.013734446196381454,0.010418937678687895,49,0.6125,1208,50130957,0.0025686187449558417,NaN
35601,0.06180500788371654,0.013734446196381454,0.010417273745239645,49,0.6125,1208,50143037,0.0025686187449558417,NaN
35611,0.06180500788371654,0.013734446196381454,0.01041562332088307,49,0.6125,1208,50155117,0.0025686187449558417,NaN
35621,0.06180500788371654,0.013734446196381454,0.010413983172291344,49,0.6125,1208,50167197,0.0025686187449558417,NaN
35631,0.06180500788371654,0.013734446196381454,0.010412356205585487,49,0.6125,1208,50179277,0.0025686187449558417,NaN
35641,0.06180500788371654,0.013734446196381454,0.010410739699107616,49,0.6125,1208,50191357,0.0025686187449558417,NaN
35651,0.06180500788371654,0.013734446196381454,0.010409133183894397,49,0.6125,1208,50203437,0.0025686187449558417,NaN
35661,0.06180500788371654,0.013734446196381454,0.0104075413614,49,0.6125,1208,50215517,0.0025686187449558417,NaN
35671,0.06180500788371654,0.013734446196381454,0.010405955370332853,49,0.6125,1209,50227598,0.0025686187449558417,NaN
35681,0.06180500788371654,0.013734446196381454,0.010404383332224394,49,0.6125,1209,50239688,0.0025686187449558417,NaN
35691,0.06180500788371654,0.013734446196381454,0.010402819808783343,49,0.6125,1209,50251778,0.0025686187449558417,NaN
35701,0.06180500788371654,0.013734446196381454,0.010401265806810136,49,0.6125,1209,50263868,0.0025686187449558417,NaN
35711,0.06180500788371654,0.013734446196381454,0.01039972430594692,49,0.6125,1209,50275958,0.0025686187449558417,NaN
35721,0.06180500788371654,0.013734446196381454,0.01039819193177834,49,0.6125,1209,50288048,0.0025686187449558417,NaN
35731,0.06180500788371654,0.013734446196381454,0.010396671249055692,49,0.6125,1209,50300138,0.0025686187449558417,NaN
35741,0.06180500788371654,0.013734446196381454,0.010395159869807467,49,0.6125,1209,50312228,0.0025686187449558417,NaN
35751,0.06180500788371654,0.013734446196381454,0.010393660015990777,49,0.6125,1209,50324318,0.0025686187449558417,NaN
35761,0.06180500788371654,0.013734446196381454,0.010392167538906691,49,0.6125,1209,50336408,0.0025686187449558417,NaN
35771,0.06180500788371654,0.013734446196381454,0.01039068394344912,49,0.6125,1209,50348498,0.0025686187449558417,NaN
35781,0.06180500788371654,0.013734446196381454,0.010389215401073557,49,0.6125,1209,50360588,0.0025686187449558417,NaN
35791,0.06180500788371654,0.013734446196381454,0.010387752963313774,49,0.6125,1209,50372678,0.0025686187449558417,NaN
35801,0.06180500788371654,0.013734446196381454,0.010386298933309274,49,0.6125,1209,50384768,0.0025686187449558417,NaN
35811,0.06180500788371654,0.013734446196381454,0.010384856829506125,49,0.6125,1209,50396858,0.0025686187449558417,NaN
35821,0.06180500788371654,0.013734446196381454,0.010383421536635481,49,0.6125,1209,50408948,0.0025686187449558417,NaN
35831,0.06180500788371654,0.013734446196381454,0.010381995744069054,49,0.6125,1209,50421038,0.0025686187449558417,NaN
35841,0.06180500788371654,0.013734446196381454,0.01038057886658418,49,0.6125,1209,50433128,0.0025686187449558417,NaN
35851,0.06180500788371654,0.013734446196381454,0.010379170932701225,49,0.6125,1209,50445218,0.0025686187449558417,NaN
35861,0.06180500788371654,0.013734446196381454,0.010377772008563513,49,0.6125,1209,50457308,0.0025686187449558417,NaN
35871,0.06180500788371654,0.013734446196381454,0.010376381512019363,49,0.6125,1209,50469398,0.0025686187449558417,NaN
35881,0.06180500788371654,0.013734446196381454,0.010374999304927725,49,0.6125,1209,50481488,0.0025686187449558417,NaN
35891,0.06180500788371654,0.013734446196381454,0.010373626150867534,49,0.6125,1209,50493578,0.0025686187449558417,NaN
35901,0.06180500788371654,0.013734446196381454,0.010372262535233715,49,0.6125,1209,50505668,0.0025686187449558417,NaN
35911,0.06180500788371654,0.013734446196381454,0.010370905939523377,49,0.6125,1209,50517758,0.0025686187449558417,NaN
35921,0.06180500788371654,0.013734446196381454,0.010369557101012911,49,0.6125,1209,50529848,0.0025686187449558417,NaN
35931,0.06180500788371654,0.013734446196381454,0.01036821782677249,49,0.6125,1209,50541938,0.0025686187449558417,NaN
35941,0.06180500788371654,0.013734446196381454,0.010366885094770007,49,0.6125,1209,50554028,0.0025686187449558417,NaN
35951,0.06180500788371654,0.013734446196381454,0.010365560712162967,49,0.6125,1209,50566118,0.0025686187449558417,NaN
35961,0.06180500788371654,0.013734446196381454,0.01036424330090016,49,0.6125,1209,50578208,0.0025686187449558417,NaN
35971,0.06180500788371654,0.013734446196381454,0.010362934416149102,49,0.6125,1209,50590298,0.0025686187449558417,NaN
35981,0.06180500788371654,0.013734446196381454,0.010361634506114794,49,0.6125,1209,50602388,0.0025686187449558417,NaN
35991,0.06180500788371654,0.013734446196381454,0.010360341174881924,49,0.6125,1209,50614478,0.0025686187449558417,NaN
36001,0.06180500788371654,0.013734446196381454,0.010359055622446397,49,0.6125,1209,50626568,0.0025686187449558417,NaN
36011,0.06180500788371654,0.013734446196381454,0.010357777186623385,49,0.6125,1209,50638658,0.0025686187449558417,NaN
36021,0.06180500788371654,0.013734446196381454,0.01035650706253908,49,0.6125,1209,50650748,0.0025686187449558417,NaN
36031,0.06180500788371654,0.013734446196381454,0.010355245139539556,49,0.6125,1209,50662838,0.0025686187449558417,NaN
36041,0.06180500788371654,0.013734446196381454,0.010353987377874976,49,0.6125,1210,50674933,0.0025686187449558417,NaN
36051,0.06180500788371654,0.013734446196381454,0.010352738293204038,49,0.6125,1210,50687033,0.0025686187449558417,NaN
36061,0.06180500788371654,0.013734446196381454,0.01035149554337123,49,0.6125,1210,50699133,0.0025686187449558417,NaN
36071,0.06180500788371654,0.013734446196381454,0.010350258161683784,49,0.6125,1210,50711233,0.0025686187449558417,NaN
36081,0.06180500788371654,0.013734446196381454,0.01034903143603578,49,0.6125,1210,50723333,0.0025686187449558417,NaN
36091,0.06180500788371654,0.013734446196381454,0.010347811366785233,49,0.6125,1210,50735433,0.0025686187449558417,NaN
36101,0.06180500788371654,0.013734446196381454,0.01034659710839453,49,0.6125,1210,50747533,0.0025686187449558417,NaN
36111,0.06180500788371654,0.013734446196381454,0.010345389435942345,49,0.6125,1210,50759633,0.0025686187449558417,NaN
36121,0.06180500788371654,0.013734446196381454,0.010344191136225454,49,0.6125,1210,50771733,0.0025686187449558417,NaN
36131,0.06180500788371654,0.013734446196381454,0.010342998470121913,49,0.6125,1210,50783833,0.0025686187449558417,NaN
36141,0.06180500788371654,0.013734446196381454,0.01034181105694815,49,0.6125,1210,50795933,0.0025686187449558417,NaN
36151,0.06180500788371654,0.013734446196381454,0.010340630158819832,49,0.6125,1210,50808033,0.0025686187449558417,NaN
36161,0.06180500788371654,0.013734446196381454,0.01033945588184049,49,0.6125,1210,50820133,0.0025686187449558417,NaN
36171,0.06180500788371654,0.013734446196381454,0.010338288487466834,49,0.6125,1210,50832233,0.0025686187449558417,NaN
36181,0.06180500788371654,0.013734446196381454,0.01033712725517322,49,0.6125,1210,50844333,0.0025686187449558417,NaN
36191,0.06180500788371654,0.013734446196381454,0.010335973229680662,49,0.6125,1210,50856433,0.0025686187449558417,NaN
36201,0.06180500788371654,0.013734446196381454,0.010334823399836731,49,0.6125,1210,50868533,0.0025686187449558417,NaN
36211,0.06180500788371654,0.013734446196381454,0.010333680688159359,49,0.6125,1210,50880633,0.0025686187449558417,NaN
36221,0.06180500788371654,0.013734446196381454,0.010332545507496056,49,0.6125,1210,50892733,0.0025686187449558417,NaN
36231,0.06180500788371654,0.013734446196381454,0.010331417383007895,49,0.6125,1210,50904833,0.0025686187449558417,NaN
36241,0.06180500788371654,0.013734446196381454,0.010330292875834132,49,0.6125,1210,50916933,0.0025686187449558417,NaN
36251,0.06180500788371654,0.013734446196381454,0.010329175048209644,49,0.6125,1210,50929033,0.0025686187449558417,NaN
36261,0.06180500788371654,0.013734446196381454,0.010328061449883432,49,0.6125,1210,50941133,0.0025686187449558417,NaN
36271,0.06180500788371654,0.013734446196381454,0.010326954246341686,49,0.6125,1210,50953233,0.0025686187449558417,NaN
36281,0.06180500788371654,0.013734446196381454,0.010325851750421479,49,0.6125,1210,50965333,0.0025686187449558417,NaN
36291,0.06180500788371654,0.013734446196381454,0.010324757207591215,49,0.6125,1210,50977433,0.0025686187449558417,NaN
36301,0.06180500788371654,0.013734446196381454,0.010323667248881495,49,0.6125,1210,50989533,0.0025686187449558417,NaN
36311,0.06175640227742557,0.013719780872212173,0.0103222310111141,47,0.5875,1161,51001437,0.0025686187449558417,NaN
36321,0.061591447171837094,0.013683410441477402,0.010320275120804167,47,0.5875,1161,51013047,0.0025686187449558417,NaN
36331,0.06142437522397363,0.013646351031937136,0.010318336002905517,47,0.5875,1161,51024657,0.0025686187449558417,NaN
36341,0.06125812882996895,0.013609386520006244,0.010316412477290263,47,0.5875,1161,51036267,0.0025686187449558417,NaN
36351,0.06109376485834296,0.013572753768009723,0.01031450027047478,47,0.5875,1161,51047877,0.0025686187449558417,NaN
36361,0.06092953309580219,0.013536300189518187,0.01031260639456422,47,0.5875,1161,51059487,0.0025686187449558417,NaN
36371,0.060771769060448795,0.01350116022424559,0.010310728192314992,47,0.5875,1161,51071097,0.0025686187449558417,NaN
36381,0.06061143838733152,0.013465766927881536,0.010308862233133646,47,0.5875,1161,51082707,0.0025686187449558417,NaN
36391,0.06045478568089817,0.013430958519751176,0.010307011586181518,47,0.5875,1161,51094317,0.0025686187449558417,NaN
36401,0.06029926699141701,0.013396425996476263,0.010305175829593624,47,0.5875,1161,51105927,0.0025686187449558417,NaN
36411,0.060145667512488954,0.013362343143937543,0.01030335331559851,47,0.5875,1161,51117537,0.0025686187449558417,NaN
36421,0.05999369063353398,0.013328737454370732,0.010301544673003003,47,0.5875,1161,51129147,0.0025686187449558417,NaN
36431,0.05983806656078281,0.0132940284206538,0.010299749105520457,47,0.5875,1161,51140757,0.0025686187449558417,NaN
36441,0.05968799839690769,0.013260913504703601,0.010297967619420288,47,0.5875,1161,51152367,0.0025686187449558417,NaN
36451,0.059540891586491326,0.013228143281679719,0.010296199377710508,47,0.5875,1161,51163977,0.0025686187449558417,NaN
36461,0.059390848449967414,0.01319452907119586,0.010294444735295465,47,0.5875,1161,51175587,0.0025686187449558417,NaN
36471,0.05924023617068634,0.013161379975532341,0.010292701663571035,47,0.5875,1161,51187197,0.0025686187449558417,NaN
36481,0.05909689976244693,0.013129348933877075,0.010290974101521381,47,0.5875,1161,51198807,0.0025686187449558417,NaN
36491,0.058951271527159635,0.013096989825453199,0.010289257859372663,47,0.5875,1161,51210417,0.0025686187449558417,NaN
36501,0.058808781645157765,0.013065349871767912,0.010287553875242031,47,0.5875,1161,51222027,0.0025686187449558417,NaN
36511,0.05866586798086207,0.013033582829061542,0.010285862824019828,47,0.5875,1161,51233637,0.0025686187449558417,NaN
36521,0.058524558104888366,0.01300250936762687,0.01028418355000856,47,0.5875,1161,51245247,0.0025686187449558417,NaN
36531,0.05838784089503463,0.012971943811470921,0.010282516741771386,47,0.5875,1161,51256857,0.0025686187449558417,NaN
36541,0.05824756657106474,0.012941084212792737,0.010280861138157408,47,0.5875,1161,51268467,0.0025686187449558417,NaN
36551,0.058110050446615484,0.01291030084546654,0.010279215924928496,47,0.5875,1161,51280077,0.0025686187449558417,NaN
36561,0.05797039133719355,0.012879351333243708,0.010277582608663854,47,0.5875,1162,51291692,0.0025686187449558417,NaN
36571,0.057831620053386205,0.012848681790661398,0.010275960821115706,47,0.5875,1162,51303312,0.0025686187449558417,NaN
36581,0.057693399048814625,0.012817705560360923,0.010274350284015153,47,0.5875,1162,51314932,0.0025686187449558417,NaN
36591,0.0575600058181376,0.012788177277790627,0.010272752552423764,47,0.5875,1162,51326552,0.0025686187449558417,NaN
36601,0.0574238634721185,0.0127577601558171,0.010271165642751198,47,0.5875,1162,51338172,0.0025686187449558417,NaN
36611,0.0572894424095949,0.01272796201400675,0.010269587768614082,47,0.5875,1162,51349792,0.0025686187449558417,NaN
36621,0.05715557679101161,0.012698347028468684,0.010268021011068343,47,0.5875,1162,51361412,0.0025686187449558417,NaN
36631,0.05702447863239669,0.012669224460260605,0.010266465252086108,47,0.5875,1162,51373032,0.0025686187449558417,NaN
36641,0.056890308547558825,0.012639340041960696,0.010264919076420513,47,0.5875,1162,51384652,0.0025686187449558417,NaN
36651,0.05675746314006877,0.012609899383213607,0.010263383669750468,47,0.5875,1162,51396272,0.0025686187449558417,NaN
36661,0.05662596734948389,0.012580433316284025,0.0102618591478171,47,0.5875,1162,51407892,0.0025686187449558417,NaN
36671,0.05649667982511187,0.012551870927488221,0.010260345222020583,47,0.5875,1162,51419512,0.0025686187449558417,NaN
36681,0.05637252928560248,0.012524602173550847,0.010258840574689737,47,0.5875,1162,51431132,0.0025686187449558417,NaN
36691,0.05624531604732105,0.012496225705790636,0.010257347404333043,47,0.5875,1162,51442752,0.0025686187449558417,NaN
36701,0.05611739156432505,0.012467750275539438,0.010255863835467912,47,0.5875,1162,51454372,0.0025686187449558417,NaN
36711,0.05599211134104186,0.012439976756259739,0.010254387101720924,47,0.5875,1162,51465992,0.0025686187449558417,NaN
36721,0.05586667071952763,0.012412185722437345,0.010252921229281554,47,0.5875,1162,51477612,0.0025686187449558417,NaN
36731,0.05574365155374837,0.012384631950163778,0.010251463757016854,47,0.5875,1162,51489232,0.0025686187449558417,NaN
36741,0.05562389161941753,0.012357897973800271,0.010250016402514397,47,0.5875,1162,51500852,0.0025686187449558417,NaN
36751,0.05550284166560695,0.012331128652169704,0.010248579171782155,47,0.5875,1162,51512472,0.0025686187449558417,NaN
36761,0.05538259995503579,0.012304436335246314,0.010247151771787767,47,0.5875,1162,51524092,0.0025686187449558417,NaN
36771,0.055266030241579125,0.012278932942066815,0.010245732901048262,47,0.5875,1162,51535712,0.0025686187449558417,NaN
36781,0.05514805230537111,0.012252441663029657,0.010244322765748461,47,0.5875,1162,51547332,0.0025686187449558417,NaN
36791,0.05503036106117459,0.01222631463936213,0.010242922111333534,47,0.5875,1162,51558952,0.0025686187449558417,NaN
36801,0.054911951618701826,0.012200027925551787,0.01024153089745581,47,0.5875,1162,51570572,0.0025686187449558417,NaN
36811,0.054793884211443794,0.012173932371695562,0.010240148397541334,47,0.5875,1162,51582192,0.0025686187449558417,NaN
36821,0.05467977266549235,0.012148546069948382,0.01023877421156231,47,0.5875,1162,51593812,0.0025686187449558417,NaN
36831,0.05456623251144742,0.012123295923079619,0.010237408617399232,47,0.5875,1162,51605432,0.0025686187449558417,NaN
36841,0.054451024108652574,0.012097754035963408,0.010236051568033788,47,0.5875,1162,51617052,0.0025686187449558417,NaN
36851,0.05433699056419709,0.012072143706727764,0.010234703809014362,47,0.5875,1162,51628672,0.0025686187449558417,NaN
36861,0.05422233524903925,0.01204669113689171,0.010233362956174467,47,0.5875,1162,51640292,0.0025686187449558417,NaN
36871,0.05410972964279716,0.01202181310618232,0.01023202970717001,47,0.5875,1162,51651912,0.0025686187449558417,NaN
36881,0.053997994469867486,0.011997075761381076,0.01023070538347964,47,0.5875,1162,51663532,0.0025686187449558417,NaN
36891,0.05388677749016358,0.011972460891660363,0.01022938943667585,47,0.5875,1162,51675152,0.0025686187449558417,NaN
36901,0.053778376327269346,0.011948344557330922,0.010228080925626559,47,0.5875,1162,51686772,0.0025686187449558417,NaN
36911,0.05367026940235468,0.011924343993832883,0.010226779531924081,47,0.5875,1162,51698392,0.0025686187449558417,NaN
36921,0.05356439475740079,0.011901087357419182,0.010225486998820654,47,0.5875,1162,51710012,0.0025686187449558417,NaN
36931,0.0534569384952512,0.011876941504948118,0.010224201073893937,47,0.5875,1162,51721632,0.0025686187449558417,NaN
36941,0.05335113781354817,0.011853379304556174,0.01022292312833622,47,0.5875,1162,51733252,0.0025686187449558417,NaN
36951,0.05324901728201388,0.01183095212937429,0.010221653154918183,47,0.5875,1163,51744876,0.0025686187449558417,NaN
36961,0.053144913624588744,0.011807580520586246,0.010220388461868334,47,0.5875,1163,51756506,0.0025686187449558417,NaN
36971,0.05303908430130703,0.011784222128280258,0.010219133690970848,47,0.5875,1163,51768136,0.0025686187449558417,NaN
36981,0.05293796299639148,0.011761700001984232,0.010217885986743194,47,0.5875,1163,51779766,0.0025686187449558417,NaN
36991,0.05283414620250576,0.011738587879810887,0.010216642607478843,47,0.5875,1163,51791396,0.0025686187449558417,NaN
37001,0.052732907610431666,0.011715851759537614,0.010215408262539713,47,0.5875,1163,51803026,0.0025686187449558417,NaN
37011,0.05262848683966385,0.011692921511732115,0.010214181665015571,47,0.5875,1163,51814656,0.0025686187449558417,NaN
37021,0.0525260340067908,0.011670113419029158,0.010212960952163315,47,0.5875,1163,51826286,0.0025686187449558417,NaN
37031,0.05242422819884214,0.01164780596614011,0.01021174611587926,47,0.5875,1163,51837916,0.0025686187449558417,NaN
37041,0.05232108641975102,0.011624574411426941,0.01021053783552599,47,0.5875,1163,51849546,0.0025686187449558417,NaN
37051,0.05222232403610179,0.011602847447254495,0.010209337758025516,47,0.5875,1163,51861176,0.0025686187449558417,NaN
37061,0.05212444231767214,0.01158082653277939,0.010208145231810004,47,0.5875,1163,51872806,0.0025686187449558417,NaN
37071,0.05202634010719813,0.011559380342334719,0.010206959133188153,47,0.5875,1163,51884436,0.0025686187449558417,NaN
37081,0.05192829653632926,0.011537371419026781,0.010205778607820916,47,0.5875,1163,51896066,0.0025686187449558417,NaN
37091,0.05182977611539114,0.011515580868035157,0.010204604254782867,47,0.5875,1163,51907696,0.0025686187449558417,NaN
37101,0.05173176246342107,0.011493782798951406,0.010203437403729537,47,0.5875,1163,51919326,0.0025686187449558417,NaN
37111,0.05163425116573755,0.01147198570975079,0.010202277969994405,47,0.5875,1163,51930956,0.0025686187449558417,NaN
37121,0.05153740333068298,0.01145062418631904,0.010201122997645144,47,0.5875,1163,51942586,0.0025686187449558417,NaN
37131,0.05144117889260487,0.011429238603024874,0.010199974591107708,47,0.5875,1163,51954216,0.0025686187449558417,NaN
37141,0.051347632586891026,0.011408520607027824,0.010198833770203858,47,0.5875,1163,51965846,0.0025686187449558417,NaN
37151,0.0512517454532711,0.011387231434582736,0.01019769929241193,47,0.5875,1163,51977476,0.0025686187449558417,NaN
37161,0.05115534057652669,0.011365417702103746,0.010196570256833036,47,0.5875,1163,51989106,0.0025686187449558417,NaN
37171,0.0510575951309081,0.011343932166174756,0.010195447199267177,47,0.5875,1163,52000736,0.0025686187449558417,NaN
37181,0.05095962380335764,0.011322337017953706,0.010194329334586428,47,0.5875,1163,52012366,0.0025686187449558417,NaN
37191,0.05086979389954913,0.011302286939338222,0.010193218519466914,47,0.5875,1163,52023996,0.0025686187449558417,NaN
37201,0.050778742819771794,0.011282163293719985,0.010192113432489765,47,0.5875,1163,52035626,0.0025686187449558417,NaN
37211,0.05068960701937961,0.011262422016120864,0.010191013660638558,47,0.5875,1163,52047256,0.0025686187449558417,NaN
37221,0.05059838718643563,0.01124215470524809,0.010189919486111521,47,0.5875,1163,52058886,0.0025686187449558417,NaN
37231,0.05050586768561485,0.01122151589363574,0.010188831780176016,47,0.5875,1163,52070516,0.0025686187449558417,NaN
37241,0.05041467145494766,0.011201281830030028,0.010187749496996515,47,0.5875,1163,52082146,0.0025686187449558417,NaN
37251,0.05032207426149256,0.011180893411328809,0.010186673830020029,47,0.5875,1163,52093776,0.0025686187449558417,NaN
37261,0.05023519765447626,0.011161413589165219,0.01018560421800076,47,0.5875,1163,52105406,0.0025686187449558417,NaN
37271,0.05014948128184617,0.011142294724799797,0.010184539716526626,47,0.5875,1163,52117036,0.0025686187449558417,NaN
37281,0.050059432849154165,0.011122422872852233,0.010183478389160804,47,0.5875,1163,52128666,0.0025686187449558417,NaN
