episode,deltaT,maxRadius,avgRadius,numUnknownSlots,propUnknown,numSamples,totalNumSamples
1,25.0,1.7007280949056616,1.2767630514752857,24,1.0,106,106
11,5.150824023522325,0.3827107488081633,0.3446247556708797,24,1.0,206,1881
21,3.4051274115239525,0.26360502379563494,0.2403633410072709,24,1.0,236,4124
31,2.6870780562371177,0.21028812999285296,0.1936488429221017,24,1.0,255,6593
41,2.3012058133808493,0.18146760987808994,0.16597047819024807,24,1.0,268,9215
51,2.03570661327016,0.16095096612564377,0.1471775723757135,24,1.0,278,11950
61,1.8209581071387229,0.14425214058889038,0.13335725560570486,24,1.0,287,14781
71,1.6682509217838055,0.13239579257953976,0.12271344440945635,24,1.0,294,17689
81,1.5564281717545476,0.12384961716320127,0.11418692829965077,24,1.0,300,20664
91,1.4603559405434758,0.11608668066509921,0.10713826130095866,24,1.0,306,23698
101,1.3760164053538924,0.10951984953557974,0.10121795511543859,24,1.0,311,26783
111,1.309202491342935,0.10428370981340179,0.09614685697767732,24,1.0,315,29916
121,1.2500817997332119,0.09954204334180339,0.09173990305964323,24,1.0,319,33092
131,1.1954748348005055,0.09520585244309367,0.08786297520198129,24,1.0,323,36307
141,1.1507131545001654,0.0917047423574238,0.08443097327851401,24,1.0,327,39559
151,1.1089161172033761,0.08836604048071553,0.08135454610763337,24,1.0,330,42844
161,1.0711615333166926,0.08537630252905712,0.07858001832477958,24,1.0,333,46161
171,1.0381391499579797,0.08275496358096897,0.07605880443250593,24,1.0,336,49508
181,1.0062900085372388,0.08024273536834511,0.07375592281701886,24,1.0,339,52883
191,0.9770802579763149,0.0779589037002291,0.07164421287834506,24,1.0,341,56284
201,0.9491176813944324,0.07574677195337341,0.06969525142964027,24,1.0,344,59711
211,0.9240758626647139,0.0737328219835844,0.06789215413741363,24,1.0,346,63161
221,0.9017303998576411,0.07197111492234556,0.06621852075953383,24,1.0,348,66633
231,0.8796292637501646,0.07019657247044178,0.06465602706636063,24,1.0,350,70127
241,0.859870147614964,0.06867568034950737,0.06319524715764689,24,1.0,352,73642
251,0.8432229218087721,0.06732691532805422,0.06182951888376225,24,1.0,354,77177
261,0.8259182154607777,0.06594853164616078,0.06054250845790598,24,1.0,356,80731
271,0.809784465092833,0.06466321126097167,0.05933149410336667,24,1.0,358,84303
281,0.7946479381612902,0.06347096945087796,0.058187580141926036,24,1.0,360,87893
291,0.7814899984314349,0.06238417674798196,0.05710507463124167,24,1.0,361,91499
301,0.7673861657093173,0.061296917664132214,0.05607732430419199,24,1.0,363,95123
311,0.7544497153550456,0.06024674616995256,0.05510175449079308,24,1.0,365,98762
321,0.7419923216171265,0.059257282842034444,0.0541734713992314,24,1.0,366,102417
331,0.729720049768281,0.05827766485810949,0.053288156160565314,24,1.0,368,106086
341,0.7177909869940499,0.057319750940822096,0.052443872790018636,24,1.0,369,109770
351,0.7069152215436402,0.05647366187983664,0.051637434764276464,24,1.0,370,113467
361,0.6959982923575061,0.05559105100953649,0.050864484759397866,24,1.0,372,117179
371,0.6860140981016664,0.054796234955408904,0.05012525069749457,24,1.0,373,120904
381,0.6757771642325711,0.05398949550448195,0.04941733723700072,24,1.0,374,124641
391,0.66670332232006,0.05324381213695401,0.04873678157163875,24,1.0,376,128391
401,0.6575337493276466,0.052520701811587085,0.048081474734424694,24,1.0,377,132154
411,0.6491682313656375,0.05186306031910196,0.04745272794414671,24,1.0,378,135929
421,0.6410509193102021,0.05120832528604582,0.0468468987021309,24,1.0,379,139715
431,0.6324770832199111,0.05052746993791281,0.04626147977448261,24,1.0,380,143512
441,0.6241588295364694,0.049871364943210275,0.04569654339618295,24,1.0,381,147320
451,0.61655390828139,0.04926884712842648,0.045151931862377544,24,1.0,382,151139
461,0.6089726052541127,0.048657573055286334,0.04462477053622534,24,1.0,383,154969
471,0.6016753700116407,0.048079328581584015,0.04411556127594896,24,1.0,385,158810
481,0.5948349169835623,0.0475372047734216,0.043623080342556075,24,1.0,386,162661
491,0.5885706450127024,0.047029951967366736,0.04314587666643107,24,1.0,387,166522
501,0.5817312285083253,0.04650341983108491,0.04268399765453642,24,1.0,387,170392
511,0.5759110522115702,0.046017233087824065,0.04223567990848964,24,1.0,388,174272
521,0.5696032707948943,0.04552564811452574,0.04180057637843187,24,1.0,389,178162
531,0.5635657273287897,0.04503594444368384,0.04137801947534773,24,1.0,390,182061
541,0.5581993105674923,0.04460480989869298,0.040968346311776864,24,1.0,391,185969
551,0.5527424670122995,0.04416917203714602,0.04057051938093042,24,1.0,392,189886
561,0.5471479184234642,0.04372994263228842,0.04018285546513556,24,1.0,393,193811
571,0.5421007936633002,0.04332975780526464,0.03980622472694413,24,1.0,394,197744
581,0.5368544381227148,0.042912354589742976,0.03943918875709091,24,1.0,395,201685
591,0.5318411579730487,0.04250726376082266,0.03908172638305025,24,1.0,395,205635
601,0.5270193227292355,0.0421204502755404,0.03873401015187903,24,1.0,396,209594
611,0.5221714720345271,0.04173910733696563,0.03839446016380603,24,1.0,397,213561
621,0.5176417701086913,0.04137352021665326,0.038063667468169006,24,1.0,398,217535
631,0.5134600870052474,0.04104043545792464,0.03774166918288797,24,1.0,399,221516
641,0.5091356357336798,0.04069493556785905,0.03742679992351844,24,1.0,399,225506
651,0.5051932129571995,0.040383280178289516,0.037119933970477914,24,1.0,400,229504
661,0.50101629473757,0.04004761300626881,0.036819648819145935,24,1.0,401,233508
671,0.4972025181853603,0.039739654830197785,0.036526713670043766,24,1.0,401,237518
681,0.49329932978694047,0.039430513297380565,0.03623967603114577,24,1.0,402,241538
691,0.48931065771755317,0.03912354648038456,0.03595967499029859,24,1.0,403,245564
701,0.4855908969840083,0.038815865907857044,0.03568566707952694,24,1.0,404,249596
711,0.48186986684202077,0.03852306728358695,0.03541800406598956,24,1.0,404,253636
721,0.4783225809291466,0.03824029348635267,0.03515581923196039,24,1.0,405,257683
731,0.4749497355884734,0.03796311130228719,0.03489912114647568,24,1.0,406,261735
741,0.47132063181616535,0.03768978801903654,0.03464777131736429,24,1.0,406,265795
751,0.4680842813127437,0.03742402975180212,0.03440185519640112,24,1.0,407,269862
761,0.46480044624541833,0.03715552855575613,0.03416107935628898,24,1.0,408,273933
771,0.4614651200315592,0.03689403716520693,0.03392497487460882,24,1.0,408,278013
781,0.45828318209531527,0.036634314490635644,0.03369305199017425,24,1.0,409,282098
791,0.45483495337100066,0.03636360966111681,0.033465577325619646,24,1.0,409,286188
801,0.45188591455285926,0.03612374902212293,0.03324275219002131,24,1.0,410,290287
811,0.4490331957097183,0.03590536284883768,0.0330243674193405,24,1.0,411,294389
821,0.44600360227640584,0.03566075422097269,0.03280978911225238,24,1.0,411,298499
831,0.4431845909588873,0.03542923933438695,0.03259963410096026,24,1.0,412,302614
841,0.4402365329158679,0.03519516942759055,0.03239311058405451,24,1.0,412,306734
851,0.43752902837442265,0.03497963432801152,0.03219059186723835,24,1.0,413,310861
861,0.43482014407460373,0.03476035516238216,0.03199171981929003,24,1.0,413,314991
871,0.432214619652062,0.03455415091961499,0.03179620452843872,24,1.0,414,319131
881,0.4295050513021487,0.03434361571955035,0.031604325474185485,24,1.0,415,323272
891,0.4269437282238266,0.03413561406155673,0.03141543457723873,24,1.0,415,327422
901,0.42437018055503883,0.033930658735700295,0.03122983827693546,24,1.0,416,331575
911,0.4217623060360112,0.03372566884807941,0.03104714579144917,24,1.0,416,335735
921,0.41928774839379257,0.033522349317240574,0.030867954104978033,24,1.0,417,339899
931,0.41695363344787006,0.03333097031731669,0.030691384973974344,24,1.0,417,344069
941,0.4144164807941878,0.033134939381582976,0.030517852847548477,24,1.0,418,348244
951,0.4119872921109207,0.0329422079710492,0.030347157451115565,24,1.0,418,352424
961,0.4096957026755274,0.032752932135818515,0.030179077501517187,24,1.0,419,356609
971,0.4073881482404787,0.03257240154013195,0.030013589901982538,24,1.0,419,360799
981,0.40515386389591457,0.03239710955995011,0.029850884853416405,24,1.0,420,364994
991,0.4030226704938615,0.03222449076618666,0.029690916155946354,24,1.0,420,369194
1001,0.40092607007728787,0.03205470969022401,0.029533220555621745,24,1.0,421,373398
1011,0.3989522595693737,0.03190422284568023,0.02937816893639811,24,1.0,421,377608
1021,0.39692350194694137,0.031739849095763696,0.02922542974825855,24,1.0,422,381821
1031,0.3949433091212853,0.03157764383876315,0.0290749977461361,24,1.0,422,386041
1041,0.3929140559412631,0.031416682694984356,0.028926464246792603,24,1.0,423,390263
1051,0.3907713042724638,0.03124231089071359,0.028779854276714336,24,1.0,423,394493
1061,0.3887123193988022,0.03108045034292537,0.028635805177554454,24,1.0,423,398723
1071,0.3868094981181317,0.030929310134689362,0.028493861505054247,24,1.0,424,402963
1081,0.3850049133837157,0.030783522316756615,0.028354099872601457,24,1.0,424,407203
1091,0.38310208164976695,0.030633173833688857,0.028215852960566834,24,1.0,425,411450
1101,0.3813481496333201,0.030491076690287968,0.02807987892127901,24,1.0,425,415700
1111,0.3794590158828454,0.030345116714372893,0.027945718951085673,24,1.0,426,419955
1121,0.3776787436725666,0.03019724788565365,0.027813154474129558,24,1.0,426,424215
1131,0.3758669383289628,0.03005694469602431,0.027682727584227396,24,1.0,427,428476
1141,0.37422323049328915,0.029925616490942296,0.027554017555980515,24,1.0,427,432746
1151,0.37258314606315984,0.02979271982164143,0.027427131031221973,24,1.0,427,437016
1161,0.3708461320149799,0.029653228449191254,0.027301514437467433,24,1.0,428,441294
1171,0.3691883143019924,0.029523148971530553,0.027177855070885618,24,1.0,428,445574
1181,0.3675667577499602,0.029389672186100068,0.027055536124206133,24,1.0,429,449857
1191,0.3658112981103987,0.029253674882937487,0.02693502774473955,24,1.0,429,454147
1201,0.3642136967416522,0.029124289382049078,0.026816198709058173,24,1.0,429,458437
1211,0.362635519580059,0.028999231145099762,0.026698764097419395,24,1.0,430,462735
1221,0.3610342331489322,0.028868090185125858,0.026582829383729606,24,1.0,430,467035
1231,0.3594818063062291,0.02874624967533718,0.026468372275406032,24,1.0,431,471338
1241,0.3578413713390761,0.028615516293403663,0.02635511018572971,24,1.0,431,475648
1251,0.3562806319080202,0.028490816729317792,0.026243442412596227,24,1.0,431,479958
1261,0.3547848002803607,0.02837146114396952,0.02613305341157843,24,1.0,432,484275
1271,0.3533024726053866,0.02824987603001072,0.026024220278716082,24,1.0,432,488595
1281,0.35182957028267403,0.028133315738620563,0.025916412057963075,24,1.0,433,492916
1291,0.35041018398949403,0.028021154704202574,0.025809938066738623,24,1.0,433,497246
1301,0.3490445153388849,0.027914314566300263,0.02570478411166902,24,1.0,433,501576
1311,0.3476447459862145,0.02779945618420261,0.025600915228476767,24,1.0,434,505910
1321,0.3461532903561349,0.027681924634919926,0.025498133472892644,24,1.0,434,510250
1331,0.34474907220650797,0.027569717333314536,0.025396543407170593,24,1.0,434,514590
1341,0.34337146960895654,0.027456757311740902,0.02529629885143815,24,1.0,435,518936
1351,0.34195218791581367,0.02734522785677875,0.025196852947139883,24,1.0,435,523286
1361,0.3406125016405045,0.027238887863239143,0.025098787008630632,24,1.0,435,527636
1371,0.33928904392374504,0.02713327186662481,0.02500167663096638,24,1.0,436,531994
1381,0.3380037799428017,0.027029881373601797,0.02490587294273787,24,1.0,436,536354
1391,0.3366065232250084,0.026920940506949875,0.02481099064628499,24,1.0,436,540714
1401,0.3352739284196538,0.02680974925062573,0.024717102549482575,24,1.0,437,545083
1411,0.3340303480038367,0.02671330845280444,0.02462436475498696,24,1.0,437,549453
1421,0.33274222507650325,0.026611150882332416,0.02453269459182303,24,1.0,437,553823
1431,0.33152595817230945,0.026512265451614378,0.0244419138469272,24,1.0,438,558203
1441,0.3302994997897279,0.026412221051324934,0.024351941941952494,24,1.0,438,562583
1451,0.32911705877998726,0.026318765011284245,0.024263271955854485,24,1.0,438,566963
1461,0.32798205913155865,0.026226706292760717,0.024175389342326936,24,1.0,439,571353
1471,0.3267680672737134,0.026130956307221682,0.02408848833479789,24,1.0,439,575743
1481,0.3255252570674435,0.026032142776582307,0.024002432088258887,24,1.0,439,580133
1491,0.3243241991495155,0.025936532703248718,0.02391716219266563,24,1.0,440,584533
1501,0.3231621906317488,0.025845583160996877,0.02383284928237186,24,1.0,440,588933
1511,0.3220425560520597,0.0257549130606097,0.02374941739848147,24,1.0,440,593333
1521,0.3209188739337759,0.025663711389258555,0.023666747799502664,24,1.0,441,597741
1531,0.3198636261887228,0.025580430177303867,0.023584964739484963,24,1.0,441,602151
1541,0.3188491408978582,0.025498899578521837,0.02350415478315956,24,1.0,441,606561
1551,0.31774979824712285,0.0254105966828252,0.023423910131697492,24,1.0,442,610978
1561,0.3166146110055429,0.02532145086775285,0.023344489385734607,24,1.0,442,615398
1571,0.31558054822116344,0.025238361444692894,0.02326594907998267,24,1.0,442,619818
1581,0.3145267872478633,0.02515534911643556,0.023188121892474805,24,1.0,443,624242
1591,0.31348662754511075,0.02507014660615663,0.02311103836558412,24,1.0,443,628672
1601,0.31246651075499254,0.024989269740037925,0.02303472186309331,24,1.0,443,633102
1611,0.31149255912627993,0.02490994408143036,0.02295916621068686,24,1.0,444,637533
1621,0.31048456308556405,0.024830766763427596,0.022884218169944945,24,1.0,444,641973
1631,0.30943716017477985,0.02474726646117884,0.022810030118264213,24,1.0,444,646413
1641,0.3084703116120431,0.024668756476699364,0.022736556469284148,24,1.0,444,650853
1651,0.3074796107603174,0.024589996987363603,0.02266373144865537,24,1.0,445,655300
1661,0.30646968504007643,0.024510197357479724,0.022591580913024042,24,1.0,445,659750
1671,0.30552884163162514,0.024436100845529114,0.022520172495328963,24,1.0,445,664200
1681,0.3046130609916658,0.024359229070904015,0.022449472014873083,24,1.0,446,668652
1691,0.3036984079587364,0.024289388423352827,0.022379357136149858,24,1.0,446,673112
1701,0.3028446121570945,0.024220070626692493,0.02230993601758535,24,1.0,446,677572
1711,0.3019041294329952,0.02414586832485889,0.022241180010973277,24,1.0,446,682032
1721,0.30100255615321003,0.02407007822564834,0.02217286689593745,24,1.0,447,686499
1731,0.3000406772601379,0.023995308114324036,0.022105156474425538,24,1.0,447,690969
1741,0.29915393212956637,0.023926502656285698,0.02203820591519848,24,1.0,447,695439
1751,0.2982555581986929,0.023854037142810824,0.021971709821837188,24,1.0,448,699910
1761,0.2973920022814851,0.023785930227705858,0.021905687189020546,24,1.0,448,704390
1771,0.29649627870245043,0.0237132295184654,0.02184028683765156,24,1.0,448,708870
1781,0.29564053766055215,0.023644737935632966,0.021775544805632662,24,1.0,448,713350
1791,0.29481596301491564,0.02357882830833275,0.021711382441078866,24,1.0,449,717834
1801,0.2939851877459267,0.02351135786080383,0.021647752768840307,24,1.0,449,722324
1811,0.2932001912764686,0.02345029209851437,0.02158478232558124,24,1.0,449,726814
1821,0.2924031271253608,0.023384044799156532,0.021522165928830755,24,1.0,449,731304
1831,0.29153594412719014,0.02331647471725586,0.021460112176766577,24,1.0,450,735800
1841,0.2907035217840554,0.023250794670025252,0.021398579827489324,24,1.0,450,740300
1851,0.2898487105647264,0.023181525788652818,0.021337558356777905,24,1.0,450,744800
1861,0.2890311605815485,0.023114915183228484,0.02127710389878698,24,1.0,450,749300
1871,0.2882071831482079,0.023049898194349303,0.021217054056148776,24,1.0,451,753808
1881,0.28743600804531083,0.022988673301508573,0.02115754588623976,24,1.0,451,758318
1891,0.286640436978243,0.022924178812923707,0.02109844531908496,24,1.0,451,762828
1901,0.2858537202608907,0.02286113899169467,0.021039972679428986,24,1.0,451,767338
1911,0.28507369102040825,0.022798877928562746,0.02098176278673358,24,1.0,452,771857
1921,0.2842942531386112,0.022737701668409088,0.020924058299513992,24,1.0,452,776377
1931,0.2834361683136455,0.02266815925290101,0.020866786321582228,24,1.0,452,780897
1941,0.28262733482031566,0.022603983179207584,0.020810060472517072,24,1.0,452,785417
1951,0.2818899120714277,0.022545273200886857,0.020753676322139696,24,1.0,453,789946
1961,0.281185507206949,0.022489584827400898,0.02069784424520581,24,1.0,453,794476
1971,0.28044341092043157,0.022429877063375743,0.020642390372818262,24,1.0,453,799006
1981,0.2796921706729767,0.022369596429981185,0.020587423141625514,24,1.0,453,803536
1991,0.27894244990264144,0.022310043630691147,0.020532843942732925,24,1.0,454,808074
2001,0.2781942792647654,0.02225113137053291,0.0204786500248418,24,1.0,454,812614
2011,0.277507965536121,0.022194925198175147,0.020425049709489367,24,1.0,454,817154
2021,0.27677904093088995,0.022136952017696353,0.02037176044488324,24,1.0,454,821694
2031,0.27604327118619265,0.022076676042977975,0.020318866739919207,24,1.0,455,826240
2041,0.27532260979316353,0.02202016329249162,0.02026633574265868,24,1.0,455,830790
2051,0.2746329177734709,0.0219643140207992,0.020214223267445475,24,1.0,455,835340
2061,0.2739361040368764,0.02190947332958752,0.020162576664038392,24,1.0,455,839890
2071,0.2732368119254882,0.021853926185101347,0.020111215338101934,24,1.0,456,844443
2081,0.27253428086655973,0.02179797406668617,0.02006019981518283,24,1.0,456,849003
2091,0.2718686663280985,0.02174190936289608,0.020009591547206607,24,1.0,456,853563
2101,0.27116060243511403,0.02168870629795503,0.01995940580731835,24,1.0,456,858123
2111,0.2704856533494839,0.021632482990606557,0.01990951312444277,24,1.0,456,862683
2121,0.26980571098943434,0.021580718807825267,0.01986004520167352,24,1.0,457,867253
2131,0.26918082616392075,0.021528798911230537,0.019810927313957293,24,1.0,457,871823
2141,0.26850516037251715,0.021475191310719056,0.019762099526239054,24,1.0,457,876393
2151,0.26785634690644855,0.02142319258715776,0.01971369066648131,24,1.0,457,880963
2161,0.26718353454113775,0.02136987034193836,0.019665585463781967,24,1.0,458,885538
2171,0.2665445899242182,0.02131695924531337,0.01961773761318047,24,1.0,458,890118
2181,0.2658705930363524,0.02126374020825358,0.01957025596633014,24,1.0,458,894698
2191,0.2651970428136779,0.021210160165870698,0.019523126916065364,24,1.0,458,899278
2201,0.2645615472073636,0.021159426113315023,0.01947639162722887,24,1.0,458,903858
2211,0.2639307699368314,0.021109512074608754,0.019429930615256517,24,1.0,459,908448
2221,0.2633156800423528,0.021059648035105304,0.019383811358326137,24,1.0,459,913038
2231,0.26267844611716334,0.021009336417152965,0.01933801396094745,24,1.0,459,917628
2241,0.2620599584996549,0.020960762176621746,0.019292566040478135,24,1.0,459,922218
2251,0.2614244132566076,0.020909209979753065,0.019247356169426674,24,1.0,460,926811
2261,0.2608257573663067,0.02086135124020171,0.01920245500427955,24,1.0,460,931411
2271,0.2601971855427792,0.020811222099726124,0.01915787084820057,24,1.0,460,936011
2281,0.2596177689274301,0.020763815611862642,0.019113613835197524,24,1.0,460,940611
2291,0.2590034326021238,0.020715008955897916,0.019069664459113594,24,1.0,460,945211
2301,0.25839657146428635,0.020668101781762652,0.019026022200999172,24,1.0,461,949817
2311,0.2578029656415165,0.020619165111685447,0.018982561487376506,24,1.0,461,954427
2321,0.25720919183812774,0.020571933625327003,0.018939456178153284,24,1.0,461,959037
2331,0.256629107454423,0.020525618631563766,0.018896667303348432,24,1.0,461,963647
2341,0.2560653527530877,0.020480550388709516,0.018854199998019003,24,1.0,461,968257
2351,0.25544664370819525,0.02043085957283144,0.018811889101947258,24,1.0,462,972875
2361,0.2548667187096015,0.020384841277960235,0.01876986705192667,24,1.0,462,977495
2371,0.25429794041094367,0.020338692204816836,0.01872815473514396,24,1.0,462,982115
2381,0.2537513460797738,0.02029606530980916,0.018686802240641214,24,1.0,462,986735
2391,0.2531923555962451,0.020251150758784125,0.018645666208255574,24,1.0,462,991355
2401,0.2526427211929791,0.02020582459351655,0.018604717949073046,24,1.0,463,995983
2411,0.2520177187247527,0.020156911073888843,0.018563973813436472,24,1.0,463,1000613
2421,0.25147869699977715,0.020113710125259882,0.018523555564138493,24,1.0,463,1005243
2431,0.25091206125887283,0.020069224248356644,0.01848343057313342,24,1.0,463,1009873
2441,0.25037563798312923,0.02002547389081366,0.018443539371850334,24,1.0,463,1014503
2451,0.24981869232532541,0.019981056771093464,0.01840385118910336,24,1.0,464,1019141
2461,0.24923238757944352,0.019933441806750284,0.01836433024302876,24,1.0,464,1023781
2471,0.24867275500526023,0.019888601715491814,0.01832516921925505,24,1.0,464,1028421
2481,0.24816809267026738,0.01984899470906781,0.018286355439774884,24,1.0,464,1033061
2491,0.24762235449628908,0.01980500200834239,0.01824768912449051,24,1.0,464,1037701
2501,0.24709002789691514,0.019763532761954757,0.018209246427264444,24,1.0,465,1042348
2511,0.2465728032444556,0.019722075981576673,0.018171012974971774,24,1.0,465,1046998
2521,0.2460672269073445,0.019681245722667457,0.01813305663286861,24,1.0,465,1051648
2531,0.24556803326706836,0.019640981519726694,0.018095332185267245,24,1.0,465,1056298
2541,0.2450663095995344,0.019600771222432412,0.018057856156908317,24,1.0,465,1060948
2551,0.24452959234989208,0.0195584648477934,0.018020591668097153,24,1.0,466,1065602
2561,0.24401702518174687,0.019517186735516532,0.01798353756070753,24,1.0,466,1070262
2571,0.2435250797552116,0.019478202899288668,0.01794672026715065,24,1.0,466,1074922
2581,0.24304909910221753,0.019439313212493488,0.017910137914236728,24,1.0,466,1079582
2591,0.24257112131700526,0.019401103174238203,0.01787378662268442,24,1.0,466,1084242
2601,0.24206998564454024,0.019361526384563364,0.01783761144649315,24,1.0,466,1088902
2611,0.24157446816630784,0.019321718245697853,0.017801657846937522,24,1.0,467,1093572
2621,0.2410779047524386,0.019282355184336044,0.017765883861356305,24,1.0,467,1098242
2631,0.24059580524752375,0.019244096636535108,0.017730341201155474,24,1.0,467,1102912
2641,0.24008891631868662,0.01920309642454118,0.017694999037740987,24,1.0,467,1107582
2651,0.23962115584401134,0.01916518339413764,0.017659891669467624,24,1.0,467,1112252
2661,0.23914045962590255,0.019127082414048317,0.017624953626449332,24,1.0,468,1116928
2671,0.2386546320261226,0.019088659741008523,0.01759018026473508,24,1.0,468,1121608
2681,0.23818454413902607,0.019050660634876013,0.0175556362417558,24,1.0,468,1126288
2691,0.23770472302829457,0.01901303339667194,0.01752128663801344,24,1.0,468,1130968
2701,0.23724497771896294,0.018975408914602532,0.0174872120280432,24,1.0,468,1135648
2711,0.23677270871011483,0.01893774376878205,0.01745324991847732,24,1.0,468,1140328
2721,0.2363146022392285,0.018901119723152168,0.017419502573995233,24,1.0,469,1145018
2731,0.23586092064015826,0.018865519866501104,0.01738593262721071,24,1.0,469,1149708
2741,0.23541494138862432,0.01882928349910674,0.017352508279700044,24,1.0,469,1154398
2751,0.23497765505229037,0.018794544071576522,0.01731932863583201,24,1.0,469,1159088
2761,0.2345187149916066,0.01875785111586619,0.017286349055381522,24,1.0,469,1163778
2771,0.23406473719938542,0.018721161960026822,0.017253568014252346,24,1.0,470,1168471
2781,0.2335972041291414,0.018683307090474298,0.017220858808244668,24,1.0,470,1173171
2791,0.23312825167105192,0.01864642224171963,0.017188360939213044,24,1.0,470,1177871
2801,0.2326756144801669,0.018610577205286458,0.017156025783192017,24,1.0,470,1182571
2811,0.23225447439623959,0.018576948126210805,0.017123944083798474,24,1.0,470,1187271
2821,0.23180655597054176,0.018541389211625247,0.017092024733526556,24,1.0,470,1191971
2831,0.23139080974366025,0.01850726249392512,0.017060291973810773,24,1.0,471,1196675
2841,0.23095275758173894,0.018472241849374335,0.017028671619823795,24,1.0,471,1201385
2851,0.23051779670130412,0.018438425650308645,0.01699723879466641,24,1.0,471,1206095
2861,0.23010556428414483,0.01840504973912791,0.01696598094796127,24,1.0,471,1210805
2871,0.22967605482695472,0.018371326029948332,0.01693491878248501,24,1.0,471,1215515
2881,0.22923316756882584,0.018336443465246124,0.01690401173979736,24,1.0,471,1220225
2891,0.2288086957864951,0.01830184755743633,0.01687324592636818,24,1.0,472,1224940
2901,0.22839880075099248,0.018268343725872067,0.016842624321734206,24,1.0,472,1229660
2911,0.22796754143048623,0.018233743229608093,0.01681217513869421,24,1.0,472,1234380
2921,0.22753180681723867,0.018198666370881546,0.016781870873015737,24,1.0,472,1239100
2931,0.22707281555030168,0.018162646597784656,0.01675170130316965,24,1.0,472,1243820
2941,0.2266532364281824,0.018128387651571553,0.016721740682451417,24,1.0,472,1248540
2951,0.2262232925019866,0.018094917920746655,0.01669196163969592,24,1.0,473,1253264
2961,0.2258178468204736,0.018062537704985927,0.016662291029876864,24,1.0,473,1257994
2971,0.2254263091493213,0.01803072542506018,0.01663280756293431,24,1.0,473,1262724
2981,0.22503204583906466,0.017998893759795184,0.01660348874378317,24,1.0,473,1267454
2991,0.22462454859490405,0.017966468223591586,0.01657426120346159,24,1.0,473,1272184
3001,0.22424656880988988,0.01793655373009684,0.016545251918884268,24,1.0,473,1276914
3011,0.2238491750397171,0.017904437752629915,0.016516383906418342,24,1.0,474,1281646
3021,0.22347239723540863,0.017874427183328677,0.016487681026005133,24,1.0,474,1286386
3031,0.22308536091475245,0.017843971066630583,0.016459083141728167,24,1.0,474,1291126
3041,0.22268637529823493,0.017811769020298455,0.016430604039782897,24,1.0,474,1295866
3051,0.2222970414282245,0.017780379112195255,0.016402267251549453,24,1.0,474,1300606
3061,0.22191583044342778,0.01775056593597759,0.01637413715972587,24,1.0,474,1305346
3071,0.22154078706213207,0.017720687011301264,0.016346130977959908,24,1.0,474,1310086
3081,0.22116816663764527,0.017690488259729006,0.01631824216771034,24,1.0,475,1314835
3091,0.22077609315751984,0.017658920338610544,0.016290461744957234,24,1.0,475,1319585
3101,0.22040201973898624,0.017629047331844148,0.016262815558200423,24,1.0,475,1324335
3111,0.22002000331111868,0.017598862865197042,0.01623532655229645,24,1.0,475,1329085
3121,0.21967543450862465,0.01757127484156266,0.016208049432028814,24,1.0,475,1333835
3131,0.21932451214058107,0.017542929499591402,0.01618090471853809,24,1.0,475,1338585
3141,0.21896778536564127,0.01751415835270298,0.016153825945374563,24,1.0,476,1343339
3151,0.2186053536997378,0.01748563939901896,0.016126893361011255,24,1.0,476,1348099
3161,0.21822765813712938,0.01745526319760389,0.016100081017318333,24,1.0,476,1352859
3171,0.21786552385952965,0.017426761665031515,0.01607340884872458,24,1.0,476,1357619
3181,0.21748657114995215,0.017396806222143957,0.016046847004175233,24,1.0,476,1362379
3191,0.2171390482138789,0.017368392744265392,0.01602045342160276,24,1.0,476,1367139
3201,0.21677776517682892,0.017339091619459828,0.015994186497742553,24,1.0,476,1371899
3211,0.2164170625168714,0.017310662039075976,0.015967960297018143,24,1.0,477,1376667
3221,0.21606715856331882,0.017282513123683577,0.015941924982615877,24,1.0,477,1381437
3231,0.21568132670673487,0.01725129014775828,0.015915943769495008,24,1.0,477,1386207
3241,0.21531194390381103,0.017221958605948662,0.0158901138241733,24,1.0,477,1390977
3251,0.21496839779092444,0.017194891747869742,0.015864439417730736,24,1.0,477,1395747
3261,0.2146082114826344,0.0171655904092065,0.01583886795928289,24,1.0,477,1400517
3271,0.2142760209633528,0.01713899674657852,0.015813471771305408,24,1.0,477,1405287
3281,0.2139342811380516,0.01711147485596078,0.01578814313233536,24,1.0,478,1410067
3291,0.21357329058268584,0.01708297380529776,0.015762923802101644,24,1.0,478,1414847
3301,0.21322113151370928,0.01705530576425787,0.01573780627533166,24,1.0,478,1419627
3311,0.21289353231198105,0.01702907670240565,0.015712859653034778,24,1.0,478,1424407
3321,0.2125440338431252,0.017000773371098312,0.01568800149228668,24,1.0,478,1429187
3331,0.21221563030742124,0.016974900476539972,0.015663268037065147,24,1.0,478,1433967
3341,0.21189160418083236,0.01694866922359397,0.01563866823179238,24,1.0,479,1438748
3351,0.21156751763713302,0.016922149290882014,0.015614126530294913,24,1.0,479,1443538
3361,0.2112243390597669,0.016895377408903567,0.015589737507793107,24,1.0,479,1448328
3371,0.21090301720093807,0.016869620665453985,0.015565456352731611,24,1.0,479,1453118
3381,0.21056985315612486,0.016843074635667848,0.015541285181110106,24,1.0,479,1457908
3391,0.21024496700750225,0.01681693947752497,0.015517228753381759,24,1.0,479,1462698
3401,0.20992046794979805,0.01679108562801323,0.015493274366797462,24,1.0,479,1467488
3411,0.20961030167120795,0.016766253065703608,0.015469446949373642,24,1.0,480,1472279
3421,0.20928806447863324,0.016740301438586194,0.015445684834347669,24,1.0,480,1477079
3431,0.20897887290938447,0.016716008225333347,0.01542205191081573,24,1.0,480,1481879
3441,0.20867186179644734,0.016691060811690677,0.015398519057467535,24,1.0,480,1486679
3451,0.20834382169189872,0.016665347384600144,0.015375108808752563,24,1.0,480,1491479
3461,0.20803251097859907,0.01663993828086779,0.015351783513869573,24,1.0,480,1496279
3471,0.20771511212386295,0.016614438564891653,0.015328559459026054,24,1.0,480,1501079
3481,0.20740858386873673,0.01658995896793612,0.01530549685195845,24,1.0,480,1505879
3491,0.20707361925435772,0.016563920961045916,0.015282466012880304,24,1.0,481,1510688
3501,0.20676965054323898,0.0165393452755001,0.015259538082514635,24,1.0,481,1515498
3511,0.2064973730167038,0.016517128759959716,0.015236740601796653,24,1.0,481,1520308
3521,0.20617321111119002,0.016491620620008883,0.01521398665489263,24,1.0,481,1525118
3531,0.20587918870430816,0.01646764014253544,0.015191397041275242,24,1.0,481,1529928
3541,0.2055747993328437,0.01644373865024128,0.015168891898606792,24,1.0,481,1534738
3551,0.20526926524533168,0.01641910315713807,0.015146461925331608,24,1.0,481,1539548
3561,0.20496550051417045,0.016395188694641474,0.015124128683815533,24,1.0,482,1544364
3571,0.20465953415794527,0.016370519630264653,0.01510185179120787,24,1.0,482,1549184
3581,0.2043514053173507,0.01634565087726996,0.015079720366216296,24,1.0,482,1554004
3591,0.20404435875173071,0.01632149740636877,0.015057673355499372,24,1.0,482,1558824
3601,0.20375469897367568,0.01629822023237686,0.015035751414840837,24,1.0,482,1563644
3611,0.20347302306933548,0.016275187178762925,0.015013932698918632,24,1.0,482,1568464
3621,0.20316197353941962,0.016250568723019113,0.014992164648952672,24,1.0,482,1573284
3631,0.20287793612347266,0.016227436429363834,0.014970508074433835,24,1.0,483,1578105
3641,0.20259931105997947,0.016205771267172812,0.01494893128726043,24,1.0,483,1582935
3651,0.20233297541185097,0.016184417795357453,0.01492747319812846,24,1.0,483,1587765
3661,0.2020525223637111,0.016161935853557487,0.014906078604029318,24,1.0,483,1592595
3671,0.20177809124723353,0.016140376087761275,0.014884799062645747,24,1.0,483,1597425
3681,0.20151166831325512,0.016118631544075012,0.014863606409306637,24,1.0,483,1602255
3691,0.20122143206980883,0.01609594119495694,0.014842481647237843,24,1.0,483,1607085
3701,0.2009358879125667,0.016072426577766273,0.014821434693978333,24,1.0,483,1611915
3711,0.20065464326940885,0.01604996466717577,0.014800475830823978,24,1.0,484,1616750
3721,0.2003662038176833,0.016027384758906707,0.014779580068082705,24,1.0,484,1621590
3731,0.2000787150112199,0.01600399221275777,0.014758743184436617,24,1.0,484,1626430
3741,0.19980485022244138,0.01598201278093491,0.014738076590435231,24,1.0,484,1631270
3751,0.1995241741954744,0.015959622191031694,0.014717454299169099,24,1.0,484,1636110
3761,0.19924802873164307,0.01593761984481878,0.014696922835404717,24,1.0,484,1640950
3771,0.19896088277129403,0.01591476344912528,0.014676463593553339,24,1.0,484,1645790
3781,0.19868551187564928,0.015893162388153706,0.01465606981532822,24,1.0,484,1650630
3791,0.19840936400163828,0.01586979857064694,0.014635783153442978,24,1.0,485,1655477
3801,0.19812758011953802,0.01584823053356402,0.014615586686020745,24,1.0,485,1660327
3811,0.19787131283587567,0.015827426430036123,0.014595466050261205,24,1.0,485,1665177
3821,0.19759769727075638,0.01580606251912239,0.014575440238677939,24,1.0,485,1670027
3831,0.19732910674631157,0.015784043635876377,0.01455546059297876,24,1.0,485,1674877
3841,0.19703863895743323,0.015761225472173856,0.014535594869323785,24,1.0,485,1679727
3851,0.19677112879590797,0.015739323663102395,0.014515799067664169,24,1.0,485,1684577
3861,0.1965082302294932,0.015718200252493788,0.014496100827841404,24,1.0,485,1689427
3871,0.19623727102250038,0.015696962922826727,0.014476467723318821,24,1.0,486,1694284
3881,0.19596150191934733,0.015674633897936694,0.01445683404901149,24,1.0,486,1699144
3891,0.1956950665544977,0.01565377895642009,0.014437337209903957,24,1.0,486,1704004
3901,0.19541106893739418,0.01563056937116225,0.014417890051741754,24,1.0,486,1708864
3911,0.19515687406284962,0.015610739131039766,0.014398555567171843,24,1.0,486,1713724
3921,0.19490401361644005,0.01559056698374828,0.01437930736567726,24,1.0,486,1718584
3931,0.19463863479612173,0.015568827584758315,0.014360127723979191,24,1.0,486,1723444
3941,0.19436549523779134,0.015547574010568799,0.014341014064646135,24,1.0,486,1728304
3951,0.19410909597762316,0.0155268006115431,0.014321965033420925,24,1.0,487,1733170
3961,0.1938567830437459,0.015506550485445312,0.014302993979648996,24,1.0,487,1738040
3971,0.19361849702498998,0.015487495208440881,0.014284095795495617,24,1.0,487,1742910
3981,0.19337026895364048,0.015467307464696158,0.014265272755929379,24,1.0,487,1747780
3991,0.19310231879611886,0.015445857412620247,0.014246460771445488,24,1.0,487,1752650
4001,0.19284866831251135,0.015425837748544977,0.014227765513320646,24,1.0,487,1757520
4011,0.19260557640667303,0.015405779546465704,0.014209191931875908,24,1.0,487,1762390
4021,0.19234475661974124,0.01538582593915755,0.014190657512158054,24,1.0,487,1767260
4031,0.19209890771017377,0.015366070541776555,0.014172219729348403,24,1.0,488,1772133
4041,0.19185668026359995,0.015346229191307945,0.014153822056197982,24,1.0,488,1777013
4051,0.19158962555227602,0.015325296276384133,0.014135460294325412,24,1.0,488,1781893
4061,0.19133947023676018,0.015304918298612236,0.014117193027625005,24,1.0,488,1786773
4071,0.19108771372593455,0.015284531450337977,0.014099002053053701,24,1.0,488,1791653
4081,0.19083582740729482,0.015264367588679701,0.01408088828274801,24,1.0,488,1796533
4091,0.1905751767094126,0.015244124977892529,0.014062799478299111,24,1.0,488,1801413
4101,0.19034317072253243,0.015225273338605665,0.01404483947552825,24,1.0,488,1806293
4111,0.19009346234734242,0.015205328401935081,0.014026928933186154,24,1.0,488,1811173
4121,0.18986327283148755,0.015186875787354772,0.014009091490330623,24,1.0,489,1816061
4131,0.18961069417035714,0.015166678523728362,0.013991270256554016,24,1.0,489,1820951
4141,0.18936762885508576,0.015147625871107464,0.01397354595095576,24,1.0,489,1825841
4151,0.18912749883933366,0.015128130072812506,0.013955883759234261,24,1.0,489,1830731
4161,0.18889195566176611,0.015109809998432488,0.013938300573119318,24,1.0,489,1835621
4171,0.1886428098732561,0.01508961687139063,0.013920767227570378,24,1.0,489,1840511
4181,0.18840246515881584,0.015069840789421932,0.013903286112012879,24,1.0,489,1845401
4191,0.18817026864918213,0.015051340506525228,0.013885903447542376,24,1.0,489,1850291
4201,0.1879422697102611,0.015033837108579591,0.013868620913796384,24,1.0,490,1855182
4211,0.18771320400281827,0.015015078180734165,0.013851344088255628,24,1.0,490,1860082
4221,0.18748418293573554,0.014996545078425964,0.013834137830461482,24,1.0,490,1864982
4231,0.18725930125112225,0.014978955277979728,0.01381699309477274,24,1.0,490,1869882
4241,0.18703471275881692,0.014960929672008474,0.013799926432564126,24,1.0,490,1874782
4251,0.18681258401298453,0.014942992994399166,0.013782906519913686,24,1.0,490,1879682
4261,0.18658722781270481,0.01492529556254565,0.013765965442832357,24,1.0,490,1884582
4271,0.18635841578360332,0.014906674717739928,0.013749070357438805,24,1.0,490,1889482
4281,0.1861195010539542,0.014887548094675343,0.013732243792793294,24,1.0,490,1894382
4291,0.1858844682238011,0.014868795988586285,0.013715471084173482,24,1.0,491,1899285
4301,0.1856458422135676,0.014849650032990977,0.013698720910299165,24,1.0,491,1904195
4311,0.18542509273908445,0.014831955218923375,0.013682050656825649,24,1.0,491,1909105
4321,0.1851925087643645,0.014813314353738326,0.01366540657079926,24,1.0,491,1914015
4331,0.18496424161273467,0.01479520789124174,0.013648846164298989,24,1.0,491,1918925
4341,0.18474024631057595,0.014778006547071131,0.01363239066383528,24,1.0,491,1923835
4351,0.18451396628046213,0.014759242107434827,0.013615982396156105,24,1.0,491,1928745
4361,0.1842952933731968,0.014741838194948629,0.013599630725958252,24,1.0,491,1933655
4371,0.18407483846937175,0.014724022334926134,0.013583330352742227,24,1.0,491,1938565
4381,0.18385726239981667,0.014706458652281137,0.013567074614463763,24,1.0,492,1943477
4391,0.1836212361027049,0.014687667081919027,0.01355080827206804,24,1.0,492,1948397
4401,0.18339560644214542,0.014669828871117691,0.013534658089950679,24,1.0,492,1953317
4411,0.18318357018597647,0.014653015082080046,0.013518581029701889,24,1.0,492,1958237
4421,0.18298270049946602,0.014636687310712805,0.013502564197241088,24,1.0,492,1963157
4431,0.1827602569555571,0.014618838442325241,0.013486604137922492,24,1.0,492,1968077
4441,0.1825454543163967,0.014602084583292556,0.013470708462505433,24,1.0,492,1972997
4451,0.18232164519004837,0.014583804393781102,0.013454842906983962,24,1.0,492,1977917
4461,0.18209993722653456,0.014566055037531682,0.013439014502168093,24,1.0,492,1982837
4471,0.18187009835664056,0.01454807388463329,0.013423275888018312,24,1.0,492,1987757
4481,0.18165480561190733,0.014530737032317895,0.013407562804837235,24,1.0,493,1992687
4491,0.18143140336031952,0.014512851373311875,0.013391901334894684,24,1.0,493,1997617
4501,0.18121747282674175,0.01449576270792091,0.01337629857028365,24,1.0,493,2002547
4511,0.1810104598513702,0.014479227096522327,0.013360739023564563,24,1.0,493,2007477
4521,0.18079464353136393,0.0144618895329616,0.013345262113978351,24,1.0,493,2012407
4531,0.1805854721618537,0.014444772205975447,0.013329806807074645,24,1.0,493,2017337
4541,0.18037413828545412,0.01442863010621978,0.013314457553633289,24,1.0,493,2022267
4551,0.18016091092766917,0.01441084170584738,0.013299124362266495,24,1.0,493,2027197
4561,0.17995521293516037,0.014395048350021599,0.013283854971005295,24,1.0,493,2032127
4571,0.17973895745863525,0.014377810626348153,0.013268611304736395,24,1.0,494,2037063
4581,0.17953690511778064,0.014361325701824603,0.013253404425553382,24,1.0,494,2042003
4591,0.17933412670005353,0.014345185402721443,0.013238270509855076,24,1.0,494,2046943
4601,0.17913087069090522,0.01432906336338952,0.013223183147070114,24,1.0,494,2051883
4611,0.1789219372461292,0.014311880498729126,0.013208146184868699,24,1.0,494,2056823
4621,0.17871092920287976,0.014295119885827786,0.01319316987977997,24,1.0,494,2061763
4631,0.17850962345631993,0.014279566663980166,0.013178272353839166,24,1.0,494,2066703
4641,0.17831487663087855,0.014263522666145924,0.013163394787533223,24,1.0,494,2071643
4651,0.17810444996785565,0.014246955939095049,0.013148573684293856,24,1.0,494,2076583
4661,0.17789804883997334,0.01422996537827722,0.013133785425080919,24,1.0,494,2081523
4671,0.17769586518647545,0.014213723195545078,0.013119027740899654,24,1.0,495,2086473
4681,0.17749069986906413,0.01419722463084409,0.013104319776604123,24,1.0,495,2091423
4691,0.1772853489464437,0.014181337382681477,0.013089664888288841,24,1.0,495,2096373
4701,0.17709586626294777,0.014165963668747264,0.01307507447127778,24,1.0,495,2101323
4711,0.17688324905167963,0.014149161605449488,0.013060504633751822,24,1.0,495,2106273
4721,0.17668712930681996,0.014133513596477788,0.01304600092888872,24,1.0,495,2111223
4731,0.17649281835084443,0.014118009982787921,0.013031568745329911,24,1.0,495,2116173
4741,0.17628944858220785,0.014101636989306561,0.013017172512367748,24,1.0,495,2121123
4751,0.17609626714964896,0.014086025487120124,0.013002831617032433,24,1.0,495,2126073
4761,0.17589139448211485,0.014069839201617007,0.012988508271483257,24,1.0,496,2131025
4771,0.17570471009831484,0.014054748264325066,0.012974228840280683,24,1.0,496,2135985
4781,0.17551195052564322,0.014039511368219328,0.012959980970172737,24,1.0,496,2140945
4791,0.17533562675167202,0.014025374418970935,0.01294583235259613,24,1.0,496,2145905
4801,0.1751461154839335,0.01401034249200375,0.012931712668537534,24,1.0,496,2150865
4811,0.17495569397681843,0.013994724860358333,0.012917618918599105,24,1.0,496,2155825
4821,0.174771636064534,0.013980181870859686,0.012903590213947358,24,1.0,496,2160785
4831,0.17457896676953258,0.013964878865189554,0.012889612978948405,24,1.0,496,2165745
4841,0.1743782142525875,0.013948631556487909,0.012875666383919395,24,1.0,496,2170705
4851,0.17418819518693465,0.013933783886564537,0.012861779480495479,24,1.0,496,2175665
4861,0.17400120600252866,0.013918429718627166,0.01284792757407425,24,1.0,497,2180627
4871,0.1738092147172449,0.013903249122853293,0.012834085075450329,24,1.0,497,2185597
4881,0.17362499513818885,0.013888740619954565,0.012820321654325494,24,1.0,497,2190567
4891,0.1734516974613723,0.013874313454245765,0.012806589589105494,24,1.0,497,2195537
4901,0.17327143711850992,0.013860241178925023,0.01279289727476469,24,1.0,497,2200507
4911,0.173086419116905,0.013845512935046194,0.012779261024226149,24,1.0,497,2205477
4921,0.17290265235807314,0.013830645999880112,0.01276566428436216,24,1.0,497,2210447
4931,0.17272437004679386,0.013816676865560084,0.012752123196039028,24,1.0,497,2215417
4941,0.17254327442103867,0.013801956594257574,0.01273860940986876,24,1.0,497,2220387
4951,0.17235349434756828,0.01378706584816329,0.012725139104696609,24,1.0,497,2225357
4961,0.1721603713452515,0.013771317912130958,0.012711696850792376,24,1.0,497,2230327
4971,0.17197022152370572,0.01375597721391545,0.012698299567631818,24,1.0,498,2235306
4981,0.17178927509818195,0.013741573587764169,0.012684938195111526,24,1.0,498,2240286
4991,0.1716045529583952,0.013726817679052794,0.0126716056379157,24,1.0,498,2245266
5001,0.1714289432900683,0.01371270752403704,0.012658339005640463,24,1.0,498,2250246
5011,0.17124913967466704,0.013698758004048767,0.012645117819192702,24,1.0,498,2255226
5021,0.17107033277012962,0.013683963249403307,0.012631928464502446,24,1.0,498,2260206
5031,0.17088102330607927,0.013669037533382103,0.01261877859059276,24,1.0,498,2265186
5041,0.17070279353793907,0.01365460390521451,0.012605664290505095,24,1.0,498,2270166
5051,0.1705247325900576,0.013640494703255387,0.012592605906198803,24,1.0,498,2275146
5061,0.17034623167185026,0.013626235703054504,0.012579595387281846,24,1.0,498,2280126
5071,0.1701622342267003,0.013611974337434184,0.012566592123516246,24,1.0,499,2285111
5081,0.16999298415758518,0.013597985309230539,0.012553625709331254,24,1.0,499,2290101
5091,0.16982063341067397,0.013584201824385085,0.012540705883157905,24,1.0,499,2295091
5101,0.16964581528183342,0.01357049376462783,0.012527821680725323,24,1.0,499,2300081
5111,0.16948495556545942,0.013557516451734558,0.012515009236126565,24,1.0,499,2305071
5121,0.16931599373253292,0.013543796146921229,0.012502215093510781,24,1.0,499,2310061
5131,0.16914497010494742,0.01353042096752048,0.012489446566961814,24,1.0,499,2315051
5141,0.16897527493119208,0.013516690532569247,0.012476732727650286,24,1.0,499,2320041
5151,0.1688037372751872,0.013502876927209882,0.012464053970691592,24,1.0,499,2325031
5161,0.16863451201966095,0.013489406328562364,0.012451435779477741,24,1.0,499,2330021
5171,0.1684599238687183,0.013475380836928492,0.012438827699283459,24,1.0,499,2335011
5181,0.16828530932008154,0.013461494459504087,0.012426252413126247,24,1.0,500,2340009
5191,0.16812198393159858,0.013448604049830214,0.012413728895141097,24,1.0,500,2345009
5201,0.16795953918589968,0.013435145318283206,0.012401229298385934,24,1.0,500,2350009
5211,0.16777509321350637,0.01342070516664397,0.012388744886375916,24,1.0,500,2355009
5221,0.16759533192057874,0.01340620499995917,0.012376311845980448,24,1.0,500,2360009
5231,0.1674325360091757,0.01339349367581206,0.012363933271747599,24,1.0,500,2365009
5241,0.16726389445524775,0.013379760139267264,0.012351573341623803,24,1.0,500,2370009
5251,0.1671135822794907,0.013367861431734997,0.012339283452762506,24,1.0,500,2375009
5261,0.1669491808947586,0.013354529881394366,0.012327027895629492,24,1.0,500,2380009
5271,0.16677824086333098,0.01334102652576151,0.012314798727701338,24,1.0,500,2385009
5281,0.1666232084715572,0.013328764050951191,0.012302596923545774,24,1.0,500,2390009
5291,0.1664550046219567,0.013315220412801422,0.012290398629670164,24,1.0,501,2395018
5301,0.16629468057840843,0.013302443258941163,0.012278242014629003,24,1.0,501,2400028
5311,0.1661143481459941,0.013288050531776346,0.012266126793733954,24,1.0,501,2405038
5321,0.16595916276447373,0.013275414095923057,0.012254044002855347,24,1.0,501,2410048
5331,0.16579135031667216,0.013261963363462246,0.012242017080478425,24,1.0,501,2415058
5341,0.16563039540397828,0.013249284640632334,0.01223002312953581,24,1.0,501,2420068
5351,0.16547141048934313,0.013236346527110688,0.012218059561159074,24,1.0,501,2425078
5361,0.16531271379334747,0.01322358083694647,0.012206127139177,24,1.0,501,2430088
5371,0.1651495060950077,0.013210690975141224,0.012194245909076749,24,1.0,501,2435098
5381,0.16498403843063889,0.013197413369807938,0.012182378821447348,24,1.0,501,2440108
5391,0.16482623819316986,0.013185042634128879,0.012170575224272626,24,1.0,501,2445118
5401,0.1646738442310221,0.013172781007270781,0.01215879897152647,24,1.0,502,2450136
5411,0.16451368091280408,0.013159767169850529,0.012147025502818959,24,1.0,502,2455156
5421,0.16435763688350466,0.01314724393456263,0.012135296812294848,24,1.0,502,2460176
5431,0.16419987663074034,0.01313471417095889,0.012123589749659202,24,1.0,502,2465196
5441,0.16405614272246127,0.013123204468051581,0.012111931309564264,24,1.0,502,2470216
5451,0.16389639542182072,0.013110169126448844,0.012100290782695118,24,1.0,502,2475236
5461,0.1637308418338321,0.013097015885671264,0.012088688001444713,24,1.0,502,2480256
5471,0.16356795616041553,0.013084304655283166,0.012077123188177337,24,1.0,502,2485276
5481,0.16341682353913758,0.013071903055001836,0.01206559660348522,24,1.0,502,2490296
5491,0.16326897352807485,0.013060235781093745,0.012054115534554375,24,1.0,502,2495316
5501,0.16311532290143882,0.01304774865630907,0.012042641223193437,24,1.0,502,2500336
5511,0.1629573404036646,0.013035171131776494,0.012031200122360754,24,1.0,503,2505360
5521,0.16279471388717254,0.01302237712404651,0.01201978738570504,24,1.0,503,2510390
5531,0.16264702043778176,0.013010508725363365,0.012008425481936563,24,1.0,503,2515420
5541,0.1624893890180477,0.012997887948035955,0.01199707380857476,24,1.0,503,2520450
5551,0.1623264586880402,0.012984759528215024,0.011985753894860235,24,1.0,503,2525480
5561,0.1621792080681332,0.012973178601572004,0.01197448898874197,24,1.0,503,2530510
5571,0.16202454514336723,0.012960600364526707,0.011963230540718758,24,1.0,503,2535540
5581,0.16187380774716442,0.012948489837343475,0.011952007547243492,24,1.0,503,2540570
5591,0.1617243698660636,0.012936856924938015,0.01194084422736799,24,1.0,503,2545600
5601,0.1615770840883233,0.01292506336170234,0.011929696944691627,24,1.0,503,2550630
5611,0.16143176182025434,0.012913495668309752,0.011918599351619458,24,1.0,503,2555660
5621,0.1612835872680966,0.012901480133010205,0.011907523446783775,24,1.0,503,2560690
5631,0.16113190252184514,0.012889417238098997,0.01189644137067359,24,1.0,504,2565728
5641,0.16097486513068235,0.012876653219955504,0.011885367975671786,24,1.0,504,2570768
5651,0.16083155782070796,0.01286531466341467,0.011874365475866051,24,1.0,504,2575808
5661,0.1606832226956412,0.01285309892394548,0.011863383437221603,24,1.0,504,2580848
5671,0.16054680465407406,0.012842527535822608,0.01185245111128228,24,1.0,504,2585888
5681,0.16039860917526233,0.0128308236634601,0.011841526796830057,24,1.0,504,2590928
5691,0.16023756266360245,0.012817701382105024,0.011830630598830985,24,1.0,504,2595968
5701,0.16008304784384564,0.012805437879719814,0.01181976534364073,24,1.0,504,2601008
5711,0.1599361773238386,0.012793785188904437,0.011808932163273417,24,1.0,504,2606048
5721,0.1597888919133145,0.01278195224100637,0.011798125724787015,24,1.0,504,2611088
5731,0.15964435245230496,0.012770339203883846,0.011787363217472271,24,1.0,504,2616128
5741,0.15950303428692228,0.012758984084545783,0.011776635086516262,24,1.0,504,2621168
5751,0.15935384560068405,0.012747131896080545,0.011765902408808607,24,1.0,505,2626218
5761,0.15921398311046572,0.012735906582072585,0.011755225549273414,24,1.0,505,2631268
5771,0.15907351582998422,0.012724698792526077,0.011744564417256012,24,1.0,505,2636318
5781,0.1589311396899377,0.01271328578637818,0.01173394343530519,24,1.0,505,2641368
5791,0.15878376867657226,0.012701408138905797,0.01172334268152594,24,1.0,505,2646418
5801,0.15862933050912745,0.012689252335264526,0.011712753427722926,24,1.0,505,2651468
5811,0.158478280445377,0.012677275444011477,0.01170218863314798,24,1.0,505,2656518
5821,0.1583315615819293,0.012665514875749306,0.011691663695737424,24,1.0,505,2661568
5831,0.1581896225865477,0.012654291686333015,0.0116811868269521,24,1.0,505,2666618
5841,0.15804856121075808,0.012642816065527708,0.011670734396161923,24,1.0,505,2671668
5851,0.15790339491690458,0.012631000389152987,0.011660312961748943,24,1.0,505,2676718
5861,0.15775864214351146,0.01261962862027819,0.011649906151474834,24,1.0,505,2681768
5871,0.15762371932139493,0.01260869716422667,0.011639514447765476,24,1.0,506,2686827
5881,0.157483581829002,0.012597693209037558,0.011629155371436434,24,1.0,506,2691887
5891,0.15734113175108788,0.012586096832474365,0.01161881686248703,24,1.0,506,2696947
5901,0.15719765647303324,0.012574748803103346,0.011608512539751467,24,1.0,506,2702007
5911,0.1570624807887717,0.01256396284350458,0.011598246415072599,24,1.0,506,2707067
5921,0.15693034267532785,0.01255348266448225,0.011587990623188126,24,1.0,506,2712127
5931,0.15680310450971305,0.012542954226869789,0.011577777180997962,24,1.0,506,2717187
5941,0.15666662944760257,0.012532290295179787,0.011567590377542382,24,1.0,506,2722247
5951,0.156530679035142,0.012521392072903939,0.011557446390726532,24,1.0,506,2727307
5961,0.15639151094342024,0.0125101867922623,0.011547316072109586,24,1.0,506,2732367
5971,0.15624728882544578,0.012498776521304062,0.011537200109666025,24,1.0,506,2737427
5981,0.15610828169437516,0.012487435696856635,0.011527114106634047,24,1.0,506,2742487
5991,0.1559725937098636,0.0124767075399804,0.011517043730355952,24,1.0,507,2747553
6001,0.15584004527626893,0.012466007969948815,0.011507000858669151,24,1.0,507,2752623
6011,0.1557053871461744,0.012455312275694158,0.011496977235846478,24,1.0,507,2757693
6021,0.15556357989241232,0.012443983114740457,0.011486981750187543,24,1.0,507,2762763
6031,0.15543149614731944,0.01243338264919524,0.011477017779018675,24,1.0,507,2767833
6041,0.1552979309047443,0.012422907730796774,0.011467076191338578,24,1.0,507,2772903
6051,0.15516973909691303,0.012412618277088434,0.011457155582462525,24,1.0,507,2777973
6061,0.1550388423493444,0.012401954988279177,0.01144727470848146,24,1.0,507,2783043
6071,0.15490480929961273,0.01239125962926313,0.011437417349725818,24,1.0,507,2788113
6081,0.15478048866798802,0.01238158224631231,0.011427604594028412,24,1.0,507,2793183
6091,0.15465391919083463,0.012370965403722609,0.011417792155051983,24,1.0,507,2798253
6101,0.1545192655688023,0.012360328785136992,0.01140800910355047,24,1.0,507,2803323
6111,0.15438078483695478,0.012349469153326848,0.011398251312458323,24,1.0,507,2808393
6121,0.1542462710443204,0.01233836456128155,0.011388495669394658,24,1.0,508,2813473
6131,0.15411078107501222,0.012327529009323076,0.011378783502747418,24,1.0,508,2818553
6141,0.15398011377400872,0.012317150371601584,0.011369088958480407,24,1.0,508,2823633
6151,0.1538606002874052,0.012307627858553646,0.011359423236707999,24,1.0,508,2828713
6161,0.15372217146003309,0.012296675075038259,0.011349774328192409,24,1.0,508,2833793
6171,0.1535910513129389,0.012286141250535796,0.011340161143357614,24,1.0,508,2838873
6181,0.15346218786791305,0.012276034899935333,0.011330573714570434,24,1.0,508,2843953
6191,0.15333072922613344,0.012265497270443895,0.011321002410068818,24,1.0,508,2849033
6201,0.15321087337194916,0.012255630572679477,0.011311461917234386,24,1.0,508,2854113
6211,0.15308008186075997,0.012245205511731706,0.011301937334966644,24,1.0,508,2859193
6221,0.15295036360652103,0.012235017264639988,0.011292447172494403,24,1.0,508,2864273
6231,0.15282562693431323,0.01222521488457454,0.011282972586091696,24,1.0,508,2869353
6241,0.15269267152601698,0.012214222102699686,0.011273510817061941,24,1.0,509,2874434
6251,0.15256699913909932,0.012204379042200564,0.011264082985558218,24,1.0,509,2879524
6261,0.15244251095946412,0.012194641153220878,0.011254678593669855,24,1.0,509,2884614
6271,0.15231546717677716,0.0121844566558193,0.01124528886337149,24,1.0,509,2889704
6281,0.15218846545661213,0.01217408098917511,0.01123593129739204,24,1.0,509,2894794
6291,0.15205822261684374,0.012163687046888784,0.011226585576908381,24,1.0,509,2899884
6301,0.1519338793064004,0.012153753436436932,0.011217262241738054,24,1.0,509,2904974
6311,0.15180772060725284,0.012143663206809832,0.011207964401809274,24,1.0,509,2910064
6321,0.15169251410493237,0.01213447160361936,0.011198707208631463,24,1.0,509,2915154
6331,0.15156867271756905,0.012124397067812955,0.011189466898422757,24,1.0,509,2920244
6341,0.1514323159660168,0.012113739615877625,0.011180239224351005,24,1.0,509,2925334
6351,0.1513042119509518,0.012103201164912055,0.011171018380476462,24,1.0,509,2930424
6361,0.15117476141398153,0.012093274291945691,0.011161839404004706,24,1.0,509,2935514
6371,0.15105614375750212,0.012083439791746853,0.011152691520297712,24,1.0,509,2940604
6381,0.15093460561662148,0.01207395371189463,0.011143567228760113,24,1.0,510,2945704
6391,0.1508168503135534,0.012064446200982518,0.01113445234207124,24,1.0,510,2950804
6401,0.15069174381675923,0.012054373381710202,0.01112535772119169,24,1.0,510,2955904
6411,0.15056529755387651,0.012044326644873392,0.01111627080805055,24,1.0,510,2961004
6421,0.15044415243821033,0.0120345599472532,0.011107211120931293,24,1.0,510,2966104
6431,0.1503169723457054,0.012024299948643154,0.011098164333787642,24,1.0,510,2971204
6441,0.15019026307942432,0.012014253886580154,0.011089146874938824,24,1.0,510,2976304
6451,0.15006991514887388,0.012004781925144694,0.01108016514127349,24,1.0,510,2981404
6461,0.1499501397481049,0.011995092554185217,0.011071198351216479,24,1.0,510,2986504
6471,0.14982766061388825,0.011984958450195291,0.011062246034778877,24,1.0,510,2991604
6481,0.1497033154019597,0.011975460086290534,0.011053319061106778,24,1.0,510,2996704
6491,0.14958756674402346,0.01196595251264209,0.011044421229999343,24,1.0,510,3001804
6501,0.14946478641181865,0.011956241017285565,0.011035542303673103,24,1.0,510,3006904
6511,0.14934258863138866,0.011946543168879425,0.011026676915291486,24,1.0,511,3012009
6521,0.1492194887614453,0.011936621998969105,0.011017839943490338,24,1.0,511,3017119
6531,0.14910973376324807,0.011927940448311681,0.011009024608465307,24,1.0,511,3022229
6541,0.14899044497788333,0.011917970691843959,0.011000216673241437,24,1.0,511,3027339
6551,0.1488657040960676,0.011908208512709817,0.010991436703073105,24,1.0,511,3032449
6561,0.1487488870206006,0.01189890835695181,0.010982680217641908,24,1.0,511,3037559
6571,0.14863075806476367,0.011889545619343259,0.010973952109552473,24,1.0,511,3042669
6581,0.14851822781912272,0.011880545350023447,0.010965244544142569,24,1.0,511,3047779
6591,0.14840172554532327,0.011871153277373129,0.010956553267568184,24,1.0,511,3052889
6601,0.14829078925757852,0.011861974345874502,0.010947885464444687,24,1.0,511,3057999
6611,0.14816864802361487,0.011852511872174553,0.010939231002259733,24,1.0,511,3063109
6621,0.14804944679743423,0.011842978220995767,0.010930594143143369,24,1.0,511,3068219
6631,0.14794142359444543,0.01183448538336153,0.010922002713706634,24,1.0,511,3073329
6641,0.147825796908598,0.011825101270111542,0.01091341251917461,24,1.0,511,3078439
6651,0.14771540869435593,0.01181623069924627,0.010904834241056253,24,1.0,512,3083558
6661,0.14760006910644669,0.01180704760394879,0.01089627521356376,24,1.0,512,3088678
6671,0.14749059289685437,0.011798395583369698,0.010887736273305741,24,1.0,512,3093798
6681,0.14737631554700764,0.01178897567345871,0.010879221379072245,24,1.0,512,3098918
6691,0.14726270055390203,0.011780188952855387,0.010870724287196196,24,1.0,512,3104038
6701,0.14715064661654906,0.011771051272543348,0.010862238301181229,24,1.0,512,3109158
6711,0.1470349981520533,0.011761884136423774,0.01085377178980554,24,1.0,512,3114278
6721,0.14691065044362464,0.01175193872317236,0.010845316104369151,24,1.0,512,3119398
6731,0.1467888040995346,0.011742142195467025,0.010836882709659603,24,1.0,512,3124518
6741,0.1466718660719435,0.011732993714593569,0.010828484725216789,24,1.0,512,3129638
6751,0.14656132909086114,0.011724223822813877,0.010820113050333454,24,1.0,512,3134758
6761,0.1464426661273568,0.011714508984779158,0.010811740941642015,24,1.0,512,3139878
6771,0.14633393173257012,0.011705913679659705,0.010803416433937051,24,1.0,512,3144998
6781,0.1462236776228066,0.011696983985915189,0.010795093609400066,24,1.0,512,3150118
6791,0.1461057350068281,0.011687732426747768,0.010786777207110201,24,1.0,513,3155247
6801,0.14599613952680143,0.011678885967807104,0.010778481939832274,24,1.0,513,3160377
6811,0.14588014626509055,0.01166956833638984,0.010770209329488384,24,1.0,513,3165507
6821,0.14577220220428472,0.011661054940871496,0.010761965194373972,24,1.0,513,3170637
6831,0.14566425599980118,0.011652340957636143,0.010753742375105062,24,1.0,513,3175767
6841,0.14555705633241922,0.011643806691277743,0.010745535372242328,24,1.0,513,3180897
6851,0.1454445050881521,0.01163472484069329,0.010737333692101975,24,1.0,513,3186027
6861,0.14533780661231874,0.01162607178547491,0.01072915655551055,24,1.0,513,3191157
6871,0.14522466679195262,0.01161714169368488,0.010720993258765013,24,1.0,513,3196287
6881,0.1451080960875488,0.011607739111299578,0.010712851984793765,24,1.0,513,3201417
6891,0.14499452506170318,0.011598586682368168,0.010704724142054978,24,1.0,513,3206547
6901,0.14487963249321376,0.011589495939027179,0.010696626667205307,24,1.0,513,3211677
6911,0.14476440946855407,0.01158023124502456,0.010688542497438946,24,1.0,513,3216807
6921,0.14465974115005,0.011571810947209998,0.010680478171174302,24,1.0,513,3221937
6931,0.14454335234251714,0.011562804695497569,0.010672411312411888,24,1.0,514,3227073
6941,0.1444337030030364,0.011553781250798513,0.010664368124600554,24,1.0,514,3232213
6951,0.14431909159492443,0.01154455633931869,0.010656343362143945,24,1.0,514,3237353
6961,0.14421154381108495,0.01153602256608907,0.010648336021957604,24,1.0,514,3242493
6971,0.1441031571454665,0.01152754701432815,0.01064035344354796,24,1.0,514,3247633
6981,0.14400008627555455,0.011519148629516855,0.010632390922217115,24,1.0,514,3252773
6991,0.14389519916822083,0.011510865429283944,0.010624444516241283,24,1.0,514,3257913
7001,0.14379655008703385,0.011502792696576931,0.010616516677581608,24,1.0,514,3263053
7011,0.14368781133990352,0.011494124514800143,0.010608612255909087,24,1.0,514,3268193
7021,0.14357693833011567,0.011485352376872317,0.01060071774042737,24,1.0,514,3273333
7031,0.14347372008802717,0.011477153909780687,0.010592844909961182,24,1.0,514,3278473
7041,0.14337311062817898,0.011469059207561567,0.010584991317342784,24,1.0,514,3283613
7051,0.14326726120631725,0.011460545608662068,0.010577138524067775,24,1.0,514,3288753
7061,0.14317219213207455,0.011452979688441473,0.010569332438024456,24,1.0,514,3293893
7071,0.1430649121138967,0.011444162910914856,0.010561525916431882,24,1.0,514,3299033
7081,0.142954934788025,0.01143547087202895,0.010553724148762425,24,1.0,515,3304183
7091,0.14285792001773256,0.011427664603600708,0.010545951916552465,24,1.0,515,3309333
7101,0.14275606304637495,0.01141955573308938,0.010538192912411091,24,1.0,515,3314483
7111,0.14265665613389464,0.011411698844767997,0.010530460427015916,24,1.0,515,3319633
7121,0.14254870133074357,0.011403148513082753,0.010522729112142198,24,1.0,515,3324783
7131,0.14244706084958947,0.011394981636005636,0.010515022298215949,24,1.0,515,3329933
7141,0.14234355165759244,0.011386572438909885,0.010507327955452138,24,1.0,515,3335083
7151,0.14223946346428273,0.011378525885004527,0.01049966521722548,24,1.0,515,3340233
7161,0.14214047413690917,0.011370459922897327,0.01049201460781795,24,1.0,515,3345383
7171,0.14204112079355352,0.01136246713886628,0.010484385763074826,24,1.0,515,3350533
7181,0.14193829384337933,0.01135444567757152,0.010476756295714635,24,1.0,515,3355683
7191,0.14184282942305487,0.011346708600592208,0.010469160526088194,24,1.0,515,3360833
7201,0.14173884048884686,0.011338381938813804,0.010461569085607995,24,1.0,515,3365983
7211,0.14164012685533375,0.011330257416481531,0.01045399020781578,24,1.0,515,3371133
7221,0.1415412836137831,0.011322370300322116,0.010446437113014581,24,1.0,516,3376284
7231,0.14143900546848892,0.011314463731984465,0.010438884871235414,24,1.0,516,3381444
7241,0.14133320239953756,0.011305682562872359,0.010431335080074225,24,1.0,516,3386604
7251,0.1412334332989747,0.011297902893504495,0.010423824647741387,24,1.0,516,3391764
7261,0.14112991872308997,0.01128953290363544,0.010416318471451238,24,1.0,516,3396924
7271,0.14103195038423372,0.011281733443956209,0.010408834306745749,24,1.0,516,3402084
7281,0.14093103573219443,0.01127361700714753,0.01040136887307378,24,1.0,516,3407244
7291,0.14083225764220617,0.011265806630431181,0.010393923630955109,24,1.0,516,3412404
7301,0.14072572417216622,0.011257249859164693,0.010386488306446,24,1.0,516,3417564
7311,0.14062627202819436,0.011249107348571893,0.010379064492899895,24,1.0,516,3422724
7321,0.14052435585418152,0.01124126911046671,0.010371670617018347,24,1.0,516,3427884
7331,0.14042400671662067,0.011233037570583613,0.010364284331898859,24,1.0,516,3433044
7341,0.14032788508885047,0.011225305222258833,0.010356922447945078,24,1.0,516,3438204
7351,0.1402173144238483,0.011216683762981263,0.010349555183848348,24,1.0,516,3443364
7361,0.14011531863295107,0.011208543398028249,0.010342208958715347,24,1.0,516,3448524
7371,0.14001554179670453,0.011200447867206236,0.01033488525183313,24,1.0,516,3453684
7381,0.1399120164444293,0.011192247021531807,0.010327560702698309,24,1.0,517,3458853
7391,0.13981620833408245,0.011184592689557465,0.010320263712288207,24,1.0,517,3464023
7401,0.13971851804861732,0.01117664729897848,0.010312979177574682,24,1.0,517,3469193
7411,0.13961884888631432,0.011168614292994452,0.010305692502257989,24,1.0,517,3474363
7421,0.1395201652133291,0.011160730299943718,0.010298437775601217,24,1.0,517,3479533
7431,0.13941504654531306,0.011152523442039163,0.010291192289640256,24,1.0,517,3484703
7441,0.13931615651287194,0.011144474515048904,0.010283958203962395,24,1.0,517,3489873
7451,0.139218135326184,0.011136782206684088,0.010276750779597374,24,1.0,517,3495043
7461,0.1391241192290079,0.011129097701092668,0.010269557905342758,24,1.0,517,3500213
7471,0.1390265167754696,0.011121256735586482,0.010262378212505103,24,1.0,517,3505383
7481,0.13892977380386273,0.01111355367054271,0.010255220234395736,24,1.0,517,3510553
7491,0.13882947297094442,0.011105540066607581,0.010248070034564646,24,1.0,517,3515723
7501,0.13873079256999948,0.011097750497649968,0.010240942888165966,24,1.0,517,3520893
7511,0.13863875854823293,0.011090346390351417,0.010233824848484759,24,1.0,517,3526063
7521,0.13854413366745313,0.011082675369552174,0.010226723756238945,24,1.0,517,3531233
7531,0.13845013589640454,0.011075302433261257,0.010219641597958656,24,1.0,518,3536407
7541,0.13835835905728552,0.011067868057795315,0.010212568496485329,24,1.0,518,3541587
7551,0.13826443314001874,0.011060330174799841,0.010205502212486067,24,1.0,518,3546767
7561,0.13816179886646754,0.01105218916629644,0.010198436201136876,24,1.0,518,3551947
7571,0.1380640549927434,0.011044464382793138,0.010191388796124263,24,1.0,518,3557127
7581,0.13796800328584496,0.01103668880271564,0.010184371471152146,24,1.0,518,3562307
7591,0.13786984170837377,0.011028669062827654,0.010177348085577787,24,1.0,518,3567487
7601,0.1377793585922828,0.011021541567207726,0.010170360933898117,24,1.0,518,3572667
7611,0.13768622766086724,0.01101414311959179,0.010163371321716972,24,1.0,518,3577847
7621,0.13759245464605246,0.011006517307008353,0.010156410368703505,24,1.0,518,3583027
7631,0.13750378877220196,0.010999567820478133,0.0101494617557074,24,1.0,518,3588207
7641,0.13741238133070868,0.010992348454268245,0.010142537692355163,24,1.0,518,3593387
7651,0.137326155774273,0.010985343484226943,0.010135621520927339,24,1.0,518,3598567
7661,0.13723573724898233,0.010978186270216246,0.010128720607026225,24,1.0,518,3603747
7671,0.13713928712488696,0.010970438582963338,0.010121830061845364,24,1.0,518,3608927
7681,0.13704893975469448,0.010963385889673436,0.010114962340192055,24,1.0,518,3614107
7691,0.13695506288354917,0.010955489043862647,0.010108091432712787,24,1.0,519,3619292
7701,0.1368629296527041,0.010948161467054223,0.01010123238117948,24,1.0,519,3624482
7711,0.13676718760854076,0.01094070118942483,0.010094391571883408,24,1.0,519,3629672
7721,0.13667155076080723,0.010932928725502607,0.010087553729941958,24,1.0,519,3634862
7731,0.1365798035763403,0.010925631514465867,0.010080743772371168,24,1.0,519,3640052
7741,0.1364895744177244,0.01091826776436075,0.010073943686895358,24,1.0,519,3645242
7751,0.13639525175206485,0.01091089496431033,0.010067154902962209,24,1.0,519,3650432
7761,0.136305908703593,0.0109036351673789,0.010060385462664955,24,1.0,519,3655622
7771,0.13621664570648417,0.010896495829657576,0.010053625549307102,24,1.0,519,3660812
7781,0.13612715903743294,0.010889362892122995,0.010046882347100302,24,1.0,519,3666002
7791,0.1360336114480388,0.01088210706223917,0.01004014593031873,24,1.0,519,3671192
7801,0.1359466146784562,0.01087512428176022,0.010033430763054678,24,1.0,519,3676382
7811,0.13585596690579677,0.010867624237112421,0.010026729446504385,24,1.0,519,3681572
7821,0.1357634984759964,0.010860453419705608,0.010020046245103149,24,1.0,519,3686762
7831,0.13567423106286866,0.010853145006295079,0.010013379544728867,24,1.0,519,3691952
7841,0.13558134607741498,0.010845755878397144,0.010006715798835678,24,1.0,519,3697142
7851,0.1354945453020252,0.010838781385325328,0.010000063323881076,24,1.0,520,3702336
7861,0.13540642307059508,0.010831852663022577,0.009993424073586625,24,1.0,520,3707536
7871,0.13531430463764904,0.01082446868726742,0.009986786520198835,24,1.0,520,3712736
7881,0.1352287275956077,0.010817528657089853,0.009980172170037783,24,1.0,520,3717936
7891,0.13513876531507485,0.010810380761181421,0.00997356411043967,24,1.0,520,3723136
7901,0.13504918617798,0.010803105312754909,0.009966967833493703,24,1.0,520,3728336
7911,0.1349627483451063,0.010796373273883733,0.009960394125074455,24,1.0,520,3733536
7921,0.13487972874437376,0.010789709331693972,0.00995383235413777,24,1.0,520,3738736
7931,0.13479686753015796,0.010783128836941033,0.00994728219834138,24,1.0,520,3743936
7941,0.13471063588811394,0.01077623937648471,0.009940752842806622,24,1.0,520,3749136
7951,0.13462105430023166,0.010768917658680412,0.009934220684983066,24,1.0,520,3754336
7961,0.1345272656395567,0.010761447445570031,0.009927700982261515,24,1.0,520,3759536
7971,0.13444020456180225,0.01075436718585115,0.009921197995514624,24,1.0,520,3764736
7981,0.13435409581986188,0.010747627887184598,0.009914712822840848,24,1.0,520,3769936
7991,0.13427087443983732,0.010741033599140819,0.009908252985779914,24,1.0,520,3775136
8001,0.13418200363444469,0.010733847804675348,0.009901789667139905,24,1.0,520,3780336
8011,0.13408906432233003,0.010726244201750385,0.009895336473558515,24,1.0,520,3785536
8021,0.13399478225819508,0.010718911727800397,0.009888890859460766,24,1.0,521,3790744
8031,0.13391186480622286,0.01071237966150573,0.009882474209996295,24,1.0,521,3795954
8041,0.1338278581590194,0.010705537350367533,0.009876053785117488,24,1.0,521,3801164
8051,0.13374161908856746,0.010698700927718336,0.009869658216251386,24,1.0,521,3806374
8061,0.133660334647765,0.010692214659443226,0.009863263424721989,24,1.0,521,3811584
8071,0.13357719858368672,0.010685503868668492,0.009856886841989201,24,1.0,521,3816794
8081,0.13349355591876563,0.010678707069121544,0.009850521688595413,24,1.0,521,3822004
8091,0.1334096953018974,0.010672243132495943,0.009844171064653661,24,1.0,521,3827214
8101,0.13331982935624026,0.010664819671308038,0.009837828806800106,24,1.0,521,3832424
8111,0.13323090871969545,0.010657730330090787,0.009831492653354515,24,1.0,521,3837634
8121,0.1331426445205469,0.01065065560268814,0.009825171412515236,24,1.0,521,3842844
8131,0.13305748540082293,0.010643995251913348,0.009818861869518965,24,1.0,521,3848054
8141,0.13297362478120045,0.010637144528437769,0.009812572314961888,24,1.0,521,3853264
8151,0.13288795518243218,0.01063052539177697,0.009806298293072693,24,1.0,521,3858474
8161,0.1328039568915713,0.010623454061154506,0.009800027785811755,24,1.0,521,3863684
8171,0.1327156317960115,0.01061667421804436,0.009793776914397494,24,1.0,521,3868894
8181,0.13263262476278262,0.010610079591790129,0.009787534135295478,24,1.0,521,3874104
8191,0.1325570493146442,0.01060388536740869,0.009781297661842372,24,1.0,522,3879324
8201,0.1324710003850011,0.01059697305545566,0.009775057077933125,24,1.0,522,3884544
8211,0.13238410338665116,0.010590126699195058,0.009768841006329231,24,1.0,522,3889764
8221,0.13230396213630946,0.010583679468407523,0.00976263775597936,24,1.0,522,3894984
8231,0.13222443382494783,0.01057738497799387,0.009756448369566996,24,1.0,522,3900204
8241,0.1321430226994542,0.010570673805889757,0.009750264865810725,24,1.0,522,3905424
8251,0.13206305704833152,0.010564336956595591,0.009744097268831086,24,1.0,522,3910644
8261,0.13197680384123558,0.010557496976216026,0.009737938159147832,24,1.0,522,3915864
8271,0.1318918266160054,0.010550751476388065,0.009731788773527521,24,1.0,522,3921084
8281,0.13180885095096637,0.010543894798498755,0.009725651658283832,24,1.0,522,3926304
8291,0.13172055246277142,0.010536905717889603,0.009719530188164287,24,1.0,522,3931524
8301,0.13163116038681136,0.010529974778461937,0.009713416355669352,24,1.0,522,3936744
8311,0.13154596156226445,0.010522948761710423,0.009707320958839562,24,1.0,522,3941964
8321,0.13146747527564795,0.010516751148943237,0.009701243525298728,24,1.0,522,3947184
8331,0.13138904352539382,0.010510419774219251,0.009695174500476376,24,1.0,522,3952404
8341,0.13130089073626405,0.010503231480381505,0.009689096123445819,24,1.0,522,3957624
8351,0.1312213216078415,0.010497026482114155,0.009683052771324526,24,1.0,522,3962844
8361,0.1311334273831274,0.010490111722351349,0.009677009096164637,24,1.0,523,3968071
8371,0.13104823465507645,0.010483268654081161,0.009670964135607,24,1.0,523,3973301
8381,0.13096967848298652,0.010476827245551637,0.009664936377102579,24,1.0,523,3978531
8391,0.13089341954181058,0.010470957303455423,0.009658929810602273,24,1.0,523,3983761
8401,0.13081425631893093,0.010464517872096476,0.009652931585099276,24,1.0,523,3988991
8411,0.13073845647404186,0.010458333572187083,0.009646947747741668,24,1.0,523,3994221
8421,0.1306557509165696,0.010451896813152799,0.009640970431730905,24,1.0,523,3999451
8431,0.1305715174700037,0.010444981393414493,0.009634998542700113,24,1.0,523,4004681
8441,0.1304868309997632,0.01043846358643228,0.009629042175341199,24,1.0,523,4009911
8451,0.13040851696837652,0.010432057613372608,0.009623094492055137,24,1.0,523,4015141
8461,0.1303293758318711,0.010425762867188994,0.009617164462614902,24,1.0,523,4020371
8471,0.1302549741915326,0.010419896515730881,0.009611254907572081,24,1.0,523,4025601
8481,0.13017550502104863,0.01041345535218215,0.009605337152809298,24,1.0,523,4030831
8491,0.13009574645414343,0.010407174267402163,0.009599435161208576,24,1.0,523,4036061
8501,0.13001613943155957,0.010400595985186306,0.009593545925973673,24,1.0,523,4041291
8511,0.12993834821791506,0.010394317913967902,0.009587672602210762,24,1.0,523,4046521
8521,0.12985597890372355,0.010387715855408129,0.009581800589693193,24,1.0,523,4051751
8531,0.12977734996896403,0.010381601504701058,0.009575944017170645,24,1.0,524,4056983
8541,0.12970026261606013,0.010375303197092654,0.0095700886719187,24,1.0,524,4062223
8551,0.1296171434123648,0.010368752451776514,0.009564242261405037,24,1.0,524,4067463
8561,0.12953792094314218,0.010362568543841615,0.00955840921046013,24,1.0,524,4072703
8571,0.12945633672713305,0.010355911082046265,0.00955257938886968,24,1.0,524,4077943
8581,0.12937681369272241,0.010349536545563854,0.009546767176149789,24,1.0,524,4083183
8591,0.12930167032477224,0.010343526172864879,0.009540971859906452,24,1.0,524,4088423
8601,0.1292297634077206,0.010337733325978236,0.009535190207921441,24,1.0,524,4093663
8611,0.12914929578005085,0.01033129029028054,0.0095294049984483,24,1.0,524,4098903
8621,0.12907396095060525,0.010325374519997519,0.009523642155506136,24,1.0,524,4104143
8631,0.12900004743479893,0.010319496665163444,0.009517891556454014,24,1.0,524,4109383
8641,0.12892669277672317,0.010313478699972357,0.009512152028729811,24,1.0,524,4114623
8651,0.1288443340635561,0.010307007359170017,0.009506410406291457,24,1.0,524,4119863
8661,0.12876852753105217,0.010300807536045785,0.00950069289202351,24,1.0,524,4125103
8671,0.1286938797873087,0.01029506139919507,0.009494983702584989,24,1.0,524,4130343
8681,0.12861537670957626,0.010288557958505876,0.00948927875556078,24,1.0,524,4135583
8691,0.12853795404857063,0.01028243316491153,0.009483582122849638,24,1.0,524,4140823
8701,0.12846228264244236,0.010276333206020869,0.00947789812611794,24,1.0,524,4146063
8711,0.1283887753228833,0.010270595567816529,0.009472237858039757,24,1.0,525,4151305
8721,0.1283165781914446,0.010264881345844239,0.009466582861864107,24,1.0,525,4156555
8731,0.12824602119020892,0.010259089508011245,0.009460922416700965,24,1.0,525,4161805
8741,0.12817415684764194,0.010253354824495334,0.009455272891397916,24,1.0,525,4167055
8751,0.12809629804507577,0.010247019939438877,0.009449629466084285,24,1.0,525,4172305
8761,0.12801632707105837,0.01024074403116863,0.009443997010206701,24,1.0,525,4177555
8771,0.12793584294482765,0.010234313076060934,0.009438378308123765,24,1.0,525,4182805
8781,0.12786109935875353,0.010228307928741675,0.009432773033345679,24,1.0,525,4188055
8791,0.12778524331741073,0.010222114088809492,0.009427174907733503,24,1.0,525,4193305
8801,0.12770844736199283,0.01021608463300212,0.009421585267016227,24,1.0,525,4198555
8811,0.1276347783238304,0.01021012587151983,0.009416014598205007,24,1.0,525,4203805
8821,0.1275557807146587,0.010203800706429964,0.009410442208813983,24,1.0,525,4209055
8831,0.1274832104040767,0.010197989644596084,0.009404884727968193,24,1.0,525,4214305
8841,0.12741118031122156,0.010192340499425958,0.009399342620974483,24,1.0,525,4219555
8851,0.12733705460658712,0.010186332461207377,0.009393805315735896,24,1.0,525,4224805
8861,0.12726092707232664,0.010180289417607725,0.0093882806640778,24,1.0,525,4230055
8871,0.1271875641991459,0.010174493571017788,0.009382765633885825,24,1.0,525,4235305
8881,0.1271122864902046,0.010168289011698148,0.009377256202339498,24,1.0,525,4240555
8891,0.1270359216509089,0.010162239919133233,0.00937175411723976,24,1.0,525,4245805
8901,0.12695872069126873,0.010155973741839153,0.009366248273781545,24,1.0,526,4251064
8911,0.12688549012050857,0.010150311878116974,0.009360770029063574,24,1.0,526,4256324
8921,0.1268093847897468,0.01014417894992944,0.009355288503923809,24,1.0,526,4261584
8931,0.12673674552179445,0.010138245593355213,0.009349823728506493,24,1.0,526,4266844
8941,0.12666561137614749,0.010132672612561648,0.009344376190163355,24,1.0,526,4272104
8951,0.1265908032930047,0.010126701947588447,0.009338925706007476,24,1.0,526,4277364
8961,0.12651548700479368,0.010120729290257167,0.009333487228676465,24,1.0,526,4282624
8971,0.1264465892773397,0.010115263414392782,0.009328062427293324,24,1.0,526,4287884
8981,0.12637780790796582,0.010109639532427226,0.009322649180083641,24,1.0,526,4293144
8991,0.1263003970621026,0.01010356328254728,0.009317244274008636,24,1.0,526,4298404
9001,0.12622921925448446,0.010097780195962802,0.009311845220711342,24,1.0,526,4303664
9011,0.12615816583955114,0.010092084107148897,0.009306456069826349,24,1.0,526,4308924
9021,0.12608181002518856,0.010085932033644931,0.009301077939697073,24,1.0,526,4314184
9031,0.12601435945008976,0.01008051788940664,0.009295712816973658,24,1.0,526,4319444
9041,0.12594153354601273,0.010074794715404883,0.009290357395940462,24,1.0,526,4324704
9051,0.1258654250702935,0.010068554663920589,0.009285009797959801,24,1.0,526,4329964
9061,0.12579033066136824,0.010062618071750084,0.0092796618183263,24,1.0,526,4335224
9071,0.12571197499901843,0.010056407715160982,0.009274324263235241,24,1.0,526,4340484
9081,0.12563716428931437,0.010050385997220374,0.009268999727097911,24,1.0,527,4345745
9091,0.1255673762234718,0.010044747246860664,0.00926367588511203,24,1.0,527,4351015
9101,0.12549534885153446,0.010039080561865331,0.009258366718593989,24,1.0,527,4356285
9111,0.12542643303260922,0.010033568228945754,0.009253069197865114,24,1.0,527,4361555
9121,0.12535520484544435,0.010027902281983225,0.00924777511463404,24,1.0,527,4366825
9131,0.1252864493009144,0.010022377679758663,0.009242501399489208,24,1.0,527,4372095
9141,0.12521702961378625,0.010016731317398159,0.009237231931772403,24,1.0,527,4377365
9151,0.12514476630472796,0.01001113223861434,0.00923197232768226,24,1.0,527,4382635
9161,0.12507629043226762,0.010005642479222232,0.009226718938579691,24,1.0,527,4387905
9171,0.12500583280128102,0.00999995695364045,0.009221467804454797,24,1.0,527,4393175
9181,0.12493394699357062,0.00999413255225763,0.009216227089835249,24,1.0,527,4398445
9191,0.12485754426237859,0.009987891410879725,0.009210991785406525,24,1.0,527,4403715
9201,0.12478739098551392,0.00998244109904264,0.00920577378397232,24,1.0,527,4408985
9211,0.1247144285540648,0.00997652489285896,0.009200559352926645,24,1.0,527,4414255
9221,0.12464606460006246,0.009970847433932286,0.009195357532765725,24,1.0,527,4419525
9231,0.12457358885256402,0.009965284513907354,0.009190166938711749,24,1.0,527,4424795
9241,0.12450699895605719,0.009960007427145012,0.009184983183223196,24,1.0,527,4430065
9251,0.12443776143072693,0.009954334572830827,0.009179806262841704,24,1.0,527,4435335
9261,0.12436176097902767,0.009948335343345127,0.009174634021131795,24,1.0,527,4440605
9271,0.1242915524492092,0.009942707511145283,0.009169476627493808,24,1.0,527,4445875
9281,0.12422200020344115,0.009937211443475648,0.00916432084044109,24,1.0,528,4451155
9291,0.12415203619517558,0.009931530105380209,0.009159167998731515,24,1.0,528,4456435
9301,0.12408659863335592,0.00992620502697418,0.009154030000401294,24,1.0,528,4461715
9311,0.12401884200517153,0.009921076783031859,0.009148904666779253,24,1.0,528,4466995
9321,0.12394900536920556,0.009915290846224811,0.009143776862304777,24,1.0,528,4472275
9331,0.12387702434768909,0.009909660387194876,0.009138660229006864,24,1.0,528,4477555
9341,0.12380622864296709,0.009903864925232502,0.009133556503382892,24,1.0,528,4482835
9351,0.12373390238686097,0.009898188344025402,0.009128459812411853,24,1.0,528,4488115
9361,0.12366088066255393,0.00989231751676947,0.009123372634394646,24,1.0,528,4493395
9371,0.12359406772325546,0.00988699740692069,0.009118298649078028,24,1.0,528,4498675
9381,0.12352766625408206,0.00988169215914322,0.009113235657937578,24,1.0,528,4503955
9391,0.12345524572317736,0.009875941316032484,0.009108174659294423,24,1.0,528,4509235
9401,0.12339064248888254,0.00987071414330616,0.009103123381814944,24,1.0,528,4514515
9411,0.12332413252968025,0.009865358491100346,0.00909807680545746,24,1.0,528,4519795
9421,0.12325520503989194,0.009859863129881115,0.009093043873155206,24,1.0,528,4525075
9431,0.12318803037292005,0.009854507907888289,0.009088014973500329,24,1.0,528,4530355
9441,0.12312119159220745,0.009849137990757742,0.009083003095177265,24,1.0,528,4535635
9451,0.123051209585351,0.009843516740555513,0.009077996511027394,24,1.0,528,4540915
9461,0.1229852656595585,0.009838236282623055,0.009073002059989009,24,1.0,528,4546195
9471,0.12291567055498981,0.009832616620818944,0.009068004314092852,24,1.0,529,4551480
9481,0.12284759613646343,0.009827260077715083,0.009063014097076666,24,1.0,529,4556770
9491,0.12278015301479558,0.009821889071893186,0.009058023353520442,24,1.0,529,4562060
9501,0.12271341158868619,0.009816697341221932,0.009053047839442037,24,1.0,529,4567350
9511,0.12264480530092371,0.009811039612147009,0.009048076029652881,24,1.0,529,4572640
9521,0.12257821877021405,0.009805590805493897,0.009043115891773411,24,1.0,529,4577930
9531,0.12251094148686059,0.009800338188694618,0.00903816334376177,24,1.0,529,4583220
9541,0.12244210291790918,0.009794855350398098,0.009033227266713581,24,1.0,529,4588510
9551,0.12238065813255498,0.009789917291514315,0.00902830296151634,24,1.0,529,4593800
9561,0.1223165490482512,0.009784870764293345,0.009023378620439724,24,1.0,529,4599090
9571,0.12225254410510408,0.009779640908552292,0.009018464618679294,24,1.0,529,4604380
9581,0.12218813628255044,0.009774506573025471,0.009013564075161582,24,1.0,529,4609670
9591,0.1221222437243591,0.00976918405451219,0.009008667167322052,24,1.0,529,4614960
9601,0.12205249337802163,0.009763680095558494,0.009003772933704966,24,1.0,529,4620250
9611,0.12198675548400421,0.009758324001322668,0.008998888577076704,24,1.0,529,4625540
9621,0.1219209116789928,0.009753276070469,0.008994019296419211,24,1.0,529,4630830
9631,0.12185474739999312,0.00974788024914908,0.008989149390341395,24,1.0,529,4636120
9641,0.1217896260287033,0.009742625512845346,0.008984291833099995,24,1.0,529,4641410
9651,0.12172046339088169,0.009737076296113752,0.008979439181605915,24,1.0,529,4646700
9661,0.12165877824421015,0.009732170929639275,0.008974607326903373,24,1.0,529,4651990
9671,0.1215948369047278,0.009726982345187082,0.008969767921766935,24,1.0,530,4657286
9681,0.12153028789315085,0.009721802338339934,0.008964929497987727,24,1.0,530,4662586
9691,0.12146428161884043,0.009716608147514273,0.008960097468699796,24,1.0,530,4667886
9701,0.12140271456619053,0.009711734703483577,0.008955283447962923,24,1.0,530,4673186
9711,0.12133706469673411,0.009706438195149962,0.008950474273548338,24,1.0,530,4678486
9721,0.12127237353196378,0.009701309026813704,0.00894567157372068,24,1.0,530,4683786
9731,0.12121124899882653,0.009696357690400361,0.008940881451593864,24,1.0,530,4689086
9741,0.12113710945998836,0.009690551572992914,0.008936085870217015,24,1.0,530,4694386
9751,0.12106993422389188,0.00968504884096478,0.00893129863972757,24,1.0,530,4699686
9761,0.12100076756357352,0.009679561414652734,0.008926527498613826,24,1.0,530,4704986
9771,0.12093515870014947,0.009674285506899546,0.008921766630047115,24,1.0,530,4710286
9781,0.12087148000446107,0.009669113690776703,0.008917013224552555,24,1.0,530,4715586
9791,0.12080734622647898,0.009664123722171276,0.008912272064960827,24,1.0,530,4720886
9801,0.12073871366854241,0.0096586953137096,0.008907524555889607,24,1.0,530,4726186
9811,0.12067375355791371,0.00965329307006508,0.008902785888972824,24,1.0,530,4731486
9821,0.12060855419177162,0.009648100382207859,0.008898060806330375,24,1.0,530,4736786
9831,0.12053999379065088,0.009642705399235741,0.008893336571861499,24,1.0,530,4742086
9841,0.12047280128499262,0.009637303144895401,0.008888623099425142,24,1.0,530,4747386
9851,0.12040655486961482,0.009632070707315518,0.008883919708834965,24,1.0,530,4752686
9861,0.12033814294965267,0.009626548850771332,0.00887922176128654,24,1.0,530,4757986
9871,0.12027412485000707,0.009621334506662395,0.008874529933430625,24,1.0,531,4763288
9881,0.12021021235037253,0.009616294042451954,0.008869847691759318,24,1.0,531,4768598
9891,0.12014956553892721,0.009611448611643652,0.008865172743470517,24,1.0,531,4773908
9901,0.12008517223434097,0.00960626508751062,0.008860501197232718,24,1.0,531,4779218
9911,0.12002417304817681,0.009601506530805631,0.008855844419678916,24,1.0,531,4784528
9921,0.11996477425720087,0.00959662401637656,0.008851185513188831,24,1.0,531,4789838
9931,0.11990396461414995,0.009591825652004591,0.008846534840273416,24,1.0,531,4795148
9941,0.11984229626151155,0.009586871159496893,0.008841897037293746,24,1.0,531,4800458
9951,0.11978276793379436,0.009582093352006736,0.008837267503632217,24,1.0,531,4805768
9961,0.11971871077339181,0.009576958785968114,0.0088326425278245,24,1.0,531,4811078
9971,0.11965306406195154,0.009571762218740974,0.008828020150179859,24,1.0,531,4816388
9981,0.11958807067586133,0.009566493149882083,0.008823405603856372,24,1.0,531,4821698
9991,0.11952771627932444,0.00956168188647278,0.00881880675621066,24,1.0,531,4827008
10001,0.1194653637932963,0.009556705352112293,0.008814214103241503,24,1.0,531,4832318
10011,0.11940668401714796,0.009551952469756042,0.008809625284563546,24,1.0,531,4837628
10021,0.11934365246919613,0.009547002392737682,0.008805043818985784,24,1.0,531,4842938
10031,0.11928065691204144,0.009541925937845665,0.008800468462094894,24,1.0,531,4848248
10041,0.119215752525991,0.0095367344758708,0.008795898993481245,24,1.0,531,4853558
10051,0.11915075679186653,0.009531508931283074,0.008791334777379508,24,1.0,531,4858868
10061,0.11909034920701896,0.009526709271554462,0.008786786698008187,24,1.0,531,4864178
10071,0.11902703345252777,0.009521548787867195,0.008782240648359885,24,1.0,531,4869488
10081,0.11896129045418685,0.009516508875309424,0.008777697922303247,24,1.0,532,4874803
10091,0.11889539402017574,0.009511216559500815,0.008773150713094794,24,1.0,532,4880123
10101,0.11883273124845357,0.00950617766148448,0.00876861814848374,24,1.0,532,4885443
10111,0.11877282247536405,0.009501300808388173,0.008764091536119444,24,1.0,532,4890763
10121,0.11870724937141902,0.009496108793536661,0.008759572380207714,24,1.0,532,4896083
10131,0.11864753664081226,0.009491263803213168,0.008755062025935357,24,1.0,532,4901403
10141,0.11858435470214722,0.009486273455852644,0.008750560010548736,24,1.0,532,4906723
10151,0.11852252839464983,0.009481285976074491,0.00874606362912378,24,1.0,532,4912043
10161,0.11846270892329727,0.009476453890441173,0.008741576857562395,24,1.0,532,4917363
10171,0.11839963488011143,0.009471419398320639,0.00873709525871613,24,1.0,532,4922683
10181,0.11833850011324532,0.009466660564701806,0.008732624243061345,24,1.0,532,4928003
10191,0.11827988449836305,0.009461982429325914,0.008728156278433577,24,1.0,532,4933323
10201,0.11822116288569998,0.009457253969794006,0.00872369444277939,24,1.0,532,4938643
10211,0.11815992213337267,0.009452313670312055,0.008719236000785353,24,1.0,532,4943963
10221,0.11809741200833224,0.009447407420786796,0.008714795961733477,24,1.0,532,4949283
10231,0.1180374103193033,0.0094425610805641,0.008710356459834671,24,1.0,532,4954603
10241,0.11797516595943071,0.009437592623788517,0.008705921185837687,24,1.0,532,4959923
10251,0.11792073701609859,0.009433155944244254,0.00870149884860998,24,1.0,532,4965243
10261,0.11785939526473496,0.009428249415847785,0.008697080151091819,24,1.0,532,4970563
10271,0.11779892787750185,0.009423376643401716,0.008692665477310126,24,1.0,532,4975883
10281,0.11774004059396012,0.009418800673761439,0.00868826596468144,24,1.0,532,4981203
10291,0.11768188878586959,0.009414087311123875,0.008683865510674198,24,1.0,533,4986525
10301,0.11761951671568306,0.009409144607769124,0.008679464710799617,24,1.0,533,4991855
10311,0.1175604577205975,0.009404292128950512,0.008675069139288078,24,1.0,533,4997185
10321,0.1175024524026898,0.009399796134493817,0.008670683981965225,24,1.0,533,5002515
10331,0.11744626435350222,0.009395199265776701,0.008666307869473512,24,1.0,533,5007845
10341,0.11738312840535953,0.009390236136959003,0.008661935131047087,24,1.0,533,5013175
10351,0.11732277770399871,0.009385332178114724,0.008657569040124583,24,1.0,533,5018505
10361,0.11726411600518907,0.009380665483567472,0.008653215049722518,24,1.0,533,5023835
10371,0.11720382769806775,0.009375771925415735,0.008648862793200977,24,1.0,533,5029165
10381,0.11714503274625915,0.009371084401080072,0.008644516239332482,24,1.0,533,5034495
10391,0.11708785120914304,0.009366465011132377,0.008640179689115806,24,1.0,533,5039825
10401,0.11703005969867164,0.009361964105384568,0.008635856827918776,24,1.0,533,5045155
10411,0.11697077610308994,0.009357131088286792,0.008631533351966222,24,1.0,533,5050485
10421,0.1169093764645269,0.009352159400852518,0.008627217005726821,24,1.0,533,5055815
10431,0.11685179477542756,0.009347704991546269,0.008622914169406073,24,1.0,533,5061145
10441,0.11679505612207888,0.009343171593226727,0.00861861232795136,24,1.0,533,5066475
10451,0.11673720912570248,0.009338614857651348,0.008614316983946014,24,1.0,533,5071805
10461,0.11668026649471229,0.009333864295254369,0.008610027590805801,24,1.0,533,5077135
10471,0.11662428694221579,0.009329366718909085,0.008605745635603653,24,1.0,533,5082465
10481,0.1165637624537136,0.00932469576729822,0.008601473436047296,24,1.0,533,5087795
10491,0.11650502124174417,0.009320012087859564,0.008597200124381187,24,1.0,533,5093125
10501,0.11644668353475379,0.009315275860174341,0.008592934587275976,24,1.0,533,5098455
10511,0.11638831190365231,0.009310576968882338,0.008588673158558014,24,1.0,534,5103791
10521,0.11633027960028233,0.00930606936793553,0.008584419541719703,24,1.0,534,5109131
10531,0.11627550197841491,0.009301543713230189,0.008580170928386652,24,1.0,534,5114471
10541,0.11621752005912318,0.009296866276981643,0.008575919883482804,24,1.0,534,5119811
10551,0.11616185513731826,0.009292517807996488,0.008571680781927167,24,1.0,534,5125151
10561,0.11610268976742562,0.009287730905094922,0.00856744619448097,24,1.0,534,5130491
10571,0.11604441964526108,0.009283055248786249,0.008563217223591482,24,1.0,534,5135831
10581,0.1159881493133735,0.009278662747043094,0.008558997664591282,24,1.0,534,5141171
10591,0.11593153313218954,0.009274006156373684,0.008554786785082414,24,1.0,534,5146511
10601,0.1158737746633904,0.009269538520915608,0.008550582644669001,24,1.0,534,5151851
10611,0.11581389857603201,0.009264724499874383,0.008546379008395923,24,1.0,534,5157191
10621,0.11575583208535747,0.00926005040917766,0.008542179674927633,24,1.0,534,5162531
10631,0.1157012781112894,0.00925563292692594,0.008537994783748263,24,1.0,534,5167871
10641,0.1156451562134831,0.009251168286520882,0.008533813050638533,24,1.0,534,5173211
10651,0.11558978896509824,0.009246724944937485,0.008529641449685425,24,1.0,534,5178551
10661,0.1155343213840967,0.009242332019683872,0.008525478338607995,24,1.0,534,5183891
10671,0.1154791793351464,0.009237930987086092,0.008521318800681138,24,1.0,534,5189231
10681,0.11542254173049779,0.009233390888328771,0.008517162508639682,24,1.0,534,5194571
10691,0.11536811013884672,0.009229012739855245,0.0085130193900508,24,1.0,534,5199911
10701,0.11531242757154211,0.009224616839443846,0.008508878183256985,24,1.0,534,5205251
10711,0.11525658677836233,0.009220125990674647,0.008504743200852644,24,1.0,534,5210591
10721,0.11519703126535376,0.009215381483039495,0.008500613144241284,24,1.0,534,5215931
10731,0.11514341053712585,0.009211015324057279,0.008496486349579556,24,1.0,535,5221276
10741,0.11508956661053883,0.009206684430530142,0.008492360481643795,24,1.0,535,5226626
10751,0.11503363973568378,0.009202235012251396,0.008488240343540435,24,1.0,535,5231976
10761,0.11497671828917687,0.009197629263001616,0.008484127128667996,24,1.0,535,5237326
10771,0.11491928575005723,0.009193059379898266,0.008480017567412885,24,1.0,535,5242676
10781,0.11486068745100772,0.009188400954633967,0.00847591148466445,24,1.0,535,5248026
10791,0.11480444865275474,0.00918387390994141,0.008471817931356571,24,1.0,535,5253376
10801,0.11474716349944673,0.009179301372342935,0.008467729662440774,24,1.0,535,5258726
10811,0.1146931785793275,0.009175021326499947,0.00846365545203291,24,1.0,535,5264076
10821,0.11464010387966103,0.00917079022392423,0.008459581851895224,24,1.0,535,5269426
10831,0.11458550409732494,0.009166451320908648,0.00845551528897929,24,1.0,535,5274776
10841,0.11452997828032693,0.009161938792970803,0.008451448174897576,24,1.0,535,5280126
10851,0.11447483151620673,0.009157546655578762,0.008447390633664282,24,1.0,535,5285476
10861,0.11441882248601082,0.009152976880114867,0.008443340529737697,24,1.0,535,5290826
10871,0.11436437212028425,0.009148631061820846,0.008439298700988902,24,1.0,535,5296176
10881,0.11430688252474432,0.009144084488767606,0.008435257665986287,24,1.0,535,5301526
10891,0.11425253846743688,0.009139728249779091,0.008431224028063589,24,1.0,535,5306876
10901,0.11419710085569798,0.009135308036955227,0.008427195744327409,24,1.0,535,5312226
10911,0.11414121930307518,0.00913092725980807,0.008423168187796886,24,1.0,535,5317576
10921,0.11408793829608284,0.009126637235164789,0.008419156837628308,24,1.0,535,5322926
10931,0.11403590289310113,0.009122418885531974,0.00841514828107841,24,1.0,535,5328276
10941,0.11397898227567388,0.009117861271958575,0.00841113812014677,24,1.0,535,5333626
10951,0.1139254698407297,0.009113641514303229,0.008407141747776172,24,1.0,535,5338976
10961,0.11387430381513096,0.009109548784043192,0.008403142229378604,24,1.0,536,5344335
10971,0.11381774919115611,0.00910499714929381,0.008399147596957342,24,1.0,536,5349695
10981,0.11376354331903721,0.00910059636157069,0.008395159880984165,24,1.0,536,5355055
10991,0.11371011238701688,0.009096345756441977,0.008391178032611869,24,1.0,536,5360415
11001,0.11365704838498131,0.009092133683918816,0.008387204661218515,24,1.0,536,5365775
11011,0.11360452309461644,0.009087927658669101,0.00838323544971684,24,1.0,536,5371135
11021,0.11355149647607608,0.009083649262040305,0.00837927332835279,24,1.0,536,5376495
11031,0.11349514982104712,0.009079289612505334,0.00837531272321352,24,1.0,536,5381855
11041,0.11344159157187345,0.009074959441443974,0.008371354942485804,24,1.0,536,5387215
11051,0.11338845609405145,0.009070589758968095,0.008367402187070052,24,1.0,536,5392575
11061,0.11333276121698001,0.00906614407916612,0.00836346146197357,24,1.0,536,5397935
11071,0.11327921139539282,0.00906195692549646,0.008359530362603418,24,1.0,536,5403295
11081,0.1132281402643458,0.009057876337861091,0.00835560672431763,24,1.0,536,5408655
11091,0.11317457243451826,0.009053596026350117,0.008351679407073428,24,1.0,536,5414015
11101,0.11312347654132077,0.009049513431094926,0.008347765351370768,24,1.0,536,5419375
11111,0.11306761540080323,0.009044894906571104,0.008343845916979861,24,1.0,536,5424735
11121,0.11301269197537989,0.009040565428281614,0.008339936628869504,24,1.0,536,5430095
11131,0.11295705707870421,0.009036160698468581,0.00833602915747747,24,1.0,536,5435455
11141,0.11290173365575734,0.009031644826912627,0.008332122015705873,24,1.0,536,5440815
11151,0.11284903929290856,0.00902744808863512,0.008328235929967858,24,1.0,536,5446175
11161,0.1127937668614298,0.009023013464572875,0.008324349590605407,24,1.0,536,5451535
11171,0.1127376197916028,0.009018504411935892,0.008320466439266348,24,1.0,536,5456895
11181,0.11268054600814166,0.00901406088563449,0.008316586625046505,24,1.0,536,5462255
11191,0.11262884581010651,0.009009884943968021,0.00831271736100234,24,1.0,537,5467623
11201,0.11257379496057154,0.009005450087838441,0.008308845638463128,24,1.0,537,5472993
11211,0.11252118157073106,0.009001308924797096,0.008304985221309296,24,1.0,537,5478363
11221,0.1124698757616872,0.008997146803819828,0.008301127511057226,24,1.0,537,5483733
11231,0.11241836302473955,0.008992923591626742,0.008297275500910759,24,1.0,537,5489103
11241,0.1123653049192817,0.008988804734687638,0.008293428840940689,24,1.0,537,5494473
11251,0.11231204581243744,0.008984486675275592,0.008289584603924984,24,1.0,537,5499843
11261,0.11225713998970069,0.008980117186409202,0.00828574126690546,24,1.0,537,5505213
11271,0.11220559550552921,0.00897612316527562,0.0082819119584808,24,1.0,537,5510583
11281,0.11215612191037731,0.008972134651839716,0.00827808775695805,24,1.0,537,5515953
11291,0.11210361300424154,0.008967934455012348,0.008274268895567772,24,1.0,537,5521323
11301,0.11205306148111861,0.00896370937514498,0.008270451172016668,24,1.0,537,5526693
11311,0.11199700055948246,0.008959287194907524,0.008266640252989057,24,1.0,537,5532063
11321,0.1119457705191948,0.008955343905124922,0.008262845273510067,24,1.0,537,5537433
11331,0.11189433769685901,0.008951062290970094,0.008259044899441422,24,1.0,537,5542803
11341,0.11184022781484998,0.008946773824200945,0.008255251176029434,24,1.0,537,5548173
11351,0.11179064800627356,0.008942812444206237,0.008251468638030248,24,1.0,537,5553543
11361,0.1117376259057762,0.008938623969023625,0.008247683955388127,24,1.0,537,5558913
11371,0.11168763932739006,0.008934564242952041,0.008243911591223079,24,1.0,537,5564283
11381,0.1116380502570081,0.00893070711063712,0.008240145032998391,24,1.0,537,5569653
11391,0.11159055048843701,0.008926868249251527,0.008236382806690175,24,1.0,537,5575023
11401,0.11153765858157745,0.008922554554487221,0.008232621502971611,24,1.0,537,5580393
11411,0.11148707748087738,0.008918560991445853,0.008228866903651962,24,1.0,537,5585763
11421,0.11143863439886949,0.008914638231662744,0.00822511994915479,24,1.0,538,5591136
11431,0.11138993065869923,0.008910755580660797,0.008221372343440897,24,1.0,538,5596516
11441,0.11134042498196661,0.008906826104296304,0.00821762291164717,24,1.0,538,5601896
11451,0.11129136671564051,0.008902975663456006,0.008213883031694158,24,1.0,538,5607276
11461,0.11123983299859892,0.008898697679332188,0.008210142613352534,24,1.0,538,5612656
11471,0.11118718494056365,0.008894620486883597,0.008206411142251548,24,1.0,538,5618036
11481,0.11113563890302064,0.008890518885198316,0.008202680318694403,24,1.0,538,5623416
11491,0.1110852979998791,0.008886298211632825,0.00819895766852318,24,1.0,538,5628796
11501,0.11103454373399843,0.00888233325923971,0.00819524255354947,24,1.0,538,5634176
11511,0.11098112236773504,0.008878055896305838,0.008191527325390403,24,1.0,538,5639556
11521,0.11093110550328068,0.008874020836740243,0.00818782444810658,24,1.0,538,5644936
11531,0.11087874868788285,0.008869828692706708,0.008184122868278574,24,1.0,538,5650316
11541,0.11082711014926425,0.008865822329357972,0.008180430863855255,24,1.0,538,5655696
11551,0.11077853644766893,0.008861924089808952,0.008176745942838749,24,1.0,538,5661076
11561,0.11073130863480027,0.008858052492738992,0.008173060356978137,24,1.0,538,5666456
11571,0.11067929700801223,0.008853896480841639,0.008169383708912086,24,1.0,538,5671836
11581,0.11063485947946892,0.008850452646130704,0.008165721687483495,24,1.0,538,5677216
11591,0.11058739648667554,0.008846575330299773,0.008162054971299083,24,1.0,538,5682596
11601,0.110537927966498,0.008842694795282848,0.008158390590541792,24,1.0,538,5687976
11611,0.11048317874084969,0.008838239127091172,0.00815472645052558,24,1.0,538,5693356
11621,0.11043253255015899,0.00883424724440816,0.00815107069275235,24,1.0,538,5698736
11631,0.11038438763640279,0.00883036233613333,0.00814742138584842,24,1.0,538,5704116
11641,0.11033630779816002,0.008826512255437017,0.008143783414775238,24,1.0,538,5709496
11651,0.11028808220796288,0.008822540991269197,0.00814014399053819,24,1.0,538,5714876
11661,0.11024076355387667,0.008818840317607924,0.008136511911941178,24,1.0,539,5720258
11671,0.11019235220711371,0.008814925967029354,0.008132880912320247,24,1.0,539,5725648
11681,0.11014301011028128,0.008811029590393794,0.008129252604946314,24,1.0,539,5731038
11691,0.11009101273507292,0.008806866212820083,0.008125623684428818,24,1.0,539,5736428
11701,0.11004134050399475,0.008802968324042605,0.008122005338471548,24,1.0,539,5741818
11711,0.10999252124162702,0.00879890448434896,0.008118391944871586,24,1.0,539,5747208
11721,0.10994090037467608,0.008794963277284656,0.008114783945630378,24,1.0,539,5752598
11731,0.10989227127729856,0.008790981714133592,0.008111179082780811,24,1.0,539,5757988
11741,0.10984339678284645,0.008787005739088818,0.008107577792126452,24,1.0,539,5763378
11751,0.10979521298691568,0.00878326800463293,0.008103986422472403,24,1.0,539,5768768
11761,0.10975082971704639,0.008779634787788149,0.008100400588553252,24,1.0,539,5774158
11771,0.10970080313577664,0.008775645702614304,0.008096815307506331,24,1.0,539,5779548
11781,0.109651881886977,0.00877180292856782,0.008093236367956917,24,1.0,539,5784938
11791,0.10960648974534495,0.008768006696640709,0.008089662260112016,24,1.0,539,5790328
11801,0.10955573827978929,0.008764145399979786,0.008086093834876957,24,1.0,539,5795718
11811,0.10950526573850665,0.008759951450780793,0.00808252506992606,24,1.0,539,5801108
11821,0.10945661445064082,0.008756187566248057,0.008078967320274808,24,1.0,539,5806498
11831,0.10940818430380164,0.008752288965514814,0.00807540884877576,24,1.0,539,5811888
11841,0.10936120588763724,0.008748514762865714,0.008071857435386099,24,1.0,539,5817278
11851,0.10931198428345872,0.008744548878841374,0.008068309575104085,24,1.0,539,5822668
11861,0.10926697598876156,0.008740985576888122,0.008064774488178115,24,1.0,539,5828058
11871,0.10921855011562652,0.008737144719526045,0.008061239207184283,24,1.0,539,5833448
11881,0.10917172173429276,0.008733386653802955,0.008057707071045923,24,1.0,539,5838838
11891,0.1091233757162963,0.008729572449857307,0.008054183714106626,24,1.0,539,5844228
11901,0.10907774260525349,0.008725909973071214,0.008050661419562276,24,1.0,539,5849618
11911,0.10902886481017014,0.00872189854045728,0.008047135102856061,24,1.0,540,5855015
11921,0.10897964887386198,0.008717969960061998,0.008043618646229109,24,1.0,540,5860415
11931,0.10893111002250777,0.008714192818406097,0.008040103810127932,24,1.0,540,5865815
11941,0.10888658637029389,0.008710485533546855,0.008036595144305795,24,1.0,540,5871215
11951,0.10883812541310049,0.008706686092147297,0.00803309317896523,24,1.0,540,5876615
11961,0.10879341662019823,0.008703081583927033,0.0080295944070561,24,1.0,540,5882015
11971,0.10874573958123675,0.008699239723488895,0.008026100960715878,24,1.0,540,5887415
11981,0.10870069521648165,0.008695757544479767,0.008022612587976511,24,1.0,540,5892815
11991,0.10865228926885896,0.00869181710319715,0.008019124873924196,24,1.0,540,5898215
12001,0.10860681245592323,0.0086881593488344,0.008015649587875371,24,1.0,540,5903615
12011,0.10856024115896497,0.008684414100315318,0.008012176343990643,24,1.0,540,5909015
12021,0.10851273009694498,0.008680669850891045,0.008008706955065382,24,1.0,540,5914415
12031,0.10846368304695544,0.008676734573925017,0.008005240135031119,24,1.0,540,5919815
12041,0.10841979926678634,0.00867314840991487,0.008001781466287739,24,1.0,540,5925215
12051,0.10837681863241258,0.00866978631477353,0.00799832963076594,24,1.0,540,5930615
12061,0.108329855035584,0.008666073547546485,0.007994877050708742,24,1.0,540,5936015
12071,0.1082794718695076,0.008661943861753781,0.007991419295777855,24,1.0,540,5941415
12081,0.10823363266205173,0.008658368676009205,0.007987979940774178,24,1.0,540,5946815
12091,0.10818959033593563,0.008654790126787769,0.007984543157680825,24,1.0,540,5952215
12101,0.10814149040119199,0.008650950579450149,0.007981105433880318,24,1.0,540,5957615
12111,0.10809751477523932,0.008647484458501263,0.007977676710461025,24,1.0,540,5963015
12121,0.1080505795838196,0.00864365890781728,0.007974249776298084,24,1.0,540,5968415
12131,0.10800578065586902,0.008640103130079782,0.007970831423033897,24,1.0,540,5973815
12141,0.10795744080059645,0.008636303469894762,0.007967412136963215,24,1.0,540,5979215
12151,0.10791212156796377,0.00863262711994749,0.007964005126341558,24,1.0,540,5984615
12161,0.10786543559105005,0.00862881405323577,0.007960594561939068,24,1.0,541,5990021
12171,0.10781910680709769,0.008625171145662918,0.00795718804490785,24,1.0,541,5995431
12181,0.10777431067460347,0.00862163890398816,0.007953788143203766,24,1.0,541,6000841
12191,0.10772937636322245,0.008617993632241663,0.007950389274787268,24,1.0,541,6006251
12201,0.10768503810817077,0.00861437269841242,0.007946998876086742,24,1.0,541,6011661
12211,0.10763562809747128,0.008610510358715141,0.00794360378027348,24,1.0,541,6017071
12221,0.10759336047597881,0.008607129362960837,0.007940224183501808,24,1.0,541,6022481
12231,0.10754797773861839,0.008603448531816599,0.007936845135285881,24,1.0,541,6027891
12241,0.10750192459376615,0.008599807603747175,0.007933466594620882,24,1.0,541,6033301
12251,0.10745675854098513,0.008596241408207668,0.007930094206811768,24,1.0,541,6038711
12261,0.10741228212212503,0.008592532304885353,0.007926725756943009,24,1.0,541,6044121
12271,0.10736587590471477,0.008588913438235996,0.007923361128455882,24,1.0,541,6049531
12281,0.10731899951219044,0.008585152196882362,0.007919998226659576,24,1.0,541,6054941
12291,0.10727349144080724,0.008581577755111305,0.007916646090816671,24,1.0,541,6060351
12301,0.10722982908508846,0.0085779461524806,0.007913293616949547,24,1.0,541,6065761
12311,0.10718467921335102,0.008574411855206878,0.007909947570730496,24,1.0,541,6071171
12321,0.10713949199223662,0.008570720334615818,0.007906604583234549,24,1.0,541,6076581
12331,0.10709311378184297,0.008567156804558225,0.00790327068157211,24,1.0,541,6081991
12341,0.10704804617888812,0.008563478803513422,0.007899936436739585,24,1.0,541,6087401
12351,0.10700346894711242,0.00855997830460401,0.0078966089361939,24,1.0,541,6092811
12361,0.10696225391654561,0.008556639316169443,0.007893289902783174,24,1.0,541,6098221
12371,0.10691644806769691,0.00855295999677591,0.007889968827593933,24,1.0,541,6103631
12381,0.10687304377733724,0.00854953013582143,0.007886655762427582,24,1.0,541,6109041
12391,0.1068267361049875,0.008545833575520164,0.007883345059706516,24,1.0,541,6114451
12401,0.1067834446723614,0.008542359210454282,0.007880039081194206,24,1.0,541,6119861
12411,0.10674149252859542,0.008538965357258618,0.007876738945216033,24,1.0,541,6125271
12421,0.10669887851310753,0.008535526258729722,0.00787343758433068,24,1.0,542,6130691
12431,0.10665323169742175,0.008531829460657489,0.007870134505100764,24,1.0,542,6136111
12441,0.10660712397052366,0.008528262756089245,0.007866838360934922,24,1.0,542,6141531
12451,0.10656420265937115,0.008524746118228567,0.007863549114382128,24,1.0,542,6146951
12461,0.10651934897295469,0.008521264233744795,0.007860261670018912,24,1.0,542,6152371
12471,0.10647582881657598,0.008517748983704037,0.007856976231805882,24,1.0,542,6157791
12481,0.10643127904194506,0.008514238229260068,0.007853698161888835,24,1.0,542,6163211
12491,0.10638749357105949,0.008510641535711738,0.007850426019964296,24,1.0,542,6168631
12501,0.10634216456254261,0.00850702321336726,0.007847150801697775,24,1.0,542,6174051
12511,0.10630023098477442,0.008503582520660607,0.007843887679018925,24,1.0,542,6179471
12521,0.1062530935221964,0.00849989093296463,0.007840623645549863,24,1.0,542,6184891
12531,0.10621014415943379,0.008496440438172086,0.007837368396551692,24,1.0,542,6190311
12541,0.10616561066224925,0.00849292316094842,0.00783411452994729,24,1.0,542,6195731
12551,0.10611856462321874,0.008489223475885604,0.007830862403252634,24,1.0,542,6201151
12561,0.10607307665524501,0.008485554919801639,0.007827613007254493,24,1.0,542,6206571
12571,0.10603137807042079,0.008482159728790711,0.007824371939067551,24,1.0,542,6211991
12581,0.1059881939423583,0.008478705441279351,0.007821135146298772,24,1.0,542,6217411
12591,0.10594525032569871,0.008475311304168402,0.007817905327183445,24,1.0,542,6222831
12601,0.10590073534078022,0.008471668790225382,0.007814679664971685,24,1.0,542,6228251
12611,0.10585961756187429,0.00846840580700302,0.007811457893121949,24,1.0,542,6233671
12621,0.10581507511097589,0.008464842885391217,0.007808237582074253,24,1.0,542,6239091
12631,0.10576906423250454,0.008461173605093653,0.007805016811484514,24,1.0,542,6244511
12641,0.10572454744980915,0.00845767554188789,0.007801802615946904,24,1.0,542,6249931
12651,0.10567944284161811,0.008453967913446044,0.007798590604892419,24,1.0,542,6255351
12661,0.10563674778569418,0.008450589651972316,0.007795386499950994,24,1.0,542,6260771
12671,0.1055935539631133,0.008447197169605482,0.007792187724481612,24,1.0,542,6266191
12681,0.10555206954060165,0.00844388611907569,0.007788988665616146,24,1.0,543,6271620
12691,0.10551058973664537,0.008440472599097268,0.007785792752242658,24,1.0,543,6277050
12701,0.1054662260886573,0.008436945999642592,0.007782595523640052,24,1.0,543,6282480
12711,0.10542201184167459,0.008433412980209906,0.007779406814962461,24,1.0,543,6287910
12721,0.10537744350017611,0.00842980407614206,0.007776216772790272,24,1.0,543,6293340
12731,0.10533370993438246,0.008426389915146597,0.00777303446931528,24,1.0,543,6298770
12741,0.10529395536015859,0.008423180717794992,0.007769861050032002,24,1.0,543,6304200
12751,0.10525269821626891,0.008419895131762294,0.00776669250690409,24,1.0,543,6309630
12761,0.1052068954969562,0.008416187673693551,0.007763521116489505,24,1.0,543,6315060
12771,0.1051614271893659,0.00841258704252326,0.007760354774937455,24,1.0,543,6320490
12781,0.10511583828805925,0.00840897303772158,0.007757192053329902,24,1.0,543,6325920
12791,0.10507380014576535,0.008405595850069296,0.007754034429873219,24,1.0,543,6331350
12801,0.10503086358475573,0.008402074421972407,0.007750876449120735,24,1.0,543,6336780
12811,0.10498617323391295,0.008398557567084372,0.007747725652007629,24,1.0,543,6342210
12821,0.10494113553842911,0.008394958609835223,0.007744575009516604,24,1.0,543,6347640
12831,0.1049006663498706,0.008391710652038292,0.007741437415655896,24,1.0,543,6353070
12841,0.10485934484965645,0.008388318897501412,0.007738302346351855,24,1.0,543,6358500
12851,0.10481762402120176,0.00838505011754968,0.007735169481038018,24,1.0,543,6363930
12861,0.1047762691152551,0.008381720605000195,0.00773204084846192,24,1.0,543,6369360
12871,0.10473119604259111,0.008378158330631809,0.0077289123870672195,24,1.0,543,6374790
12881,0.10468972275621034,0.008374815792532747,0.007725789943642487,24,1.0,543,6380220
12891,0.10464780809834691,0.00837145590992407,0.007722670120396312,24,1.0,543,6385650
12901,0.10460585606850853,0.008368178863381568,0.007719558200571246,24,1.0,543,6391080
12911,0.10456650084447354,0.008365002213789644,0.007716446836413174,24,1.0,543,6396510
12921,0.10452393639350052,0.008361572492363058,0.007713338998681749,24,1.0,543,6401940
12931,0.10448302885782236,0.008358328803742907,0.007710239284673435,24,1.0,543,6407370
12941,0.10444097000118534,0.00835497160238811,0.0077071371264393835,24,1.0,544,6412802
12951,0.10439603180814648,0.00835133787072558,0.007704038553174649,24,1.0,544,6418242
12961,0.10435474693358442,0.008348060344865708,0.007700945786216662,24,1.0,544,6423682
12971,0.1043141773396331,0.008344818706954048,0.007697852065226016,24,1.0,544,6429122
12981,0.10427325831819728,0.008341510167231565,0.0076947638813283275,24,1.0,544,6434562
12991,0.10422929492432788,0.008337961734431465,0.007691676903530339,24,1.0,544,6440002
13001,0.10418737544136487,0.008334668681016306,0.007688594050518256,24,1.0,544,6445442
13011,0.1041459491215864,0.008331376132570246,0.007685516462192368,24,1.0,544,6450882
13021,0.10410466193561349,0.008328112273965618,0.007682441367905143,24,1.0,544,6456322
13031,0.10406505286182197,0.008324929782135318,0.007679374927537722,24,1.0,544,6461762
13041,0.10402412863472207,0.008321540216594986,0.007676308893425038,24,1.0,544,6467202
13051,0.10398351756061154,0.008318305841647507,0.007673245382679148,24,1.0,544,6472642
13061,0.10394207916330296,0.008314991233990439,0.0076701898315900885,24,1.0,544,6478082
13071,0.10389999166158627,0.008311600198299176,0.007667136807044141,24,1.0,544,6483522
13081,0.10385620850905027,0.008308157506201409,0.007664087405080088,24,1.0,544,6488962
13091,0.10381785239046157,0.008305099882458616,0.007661041167121065,24,1.0,544,6494402
13101,0.10377657478491929,0.008301850401224532,0.00765799926592105,24,1.0,544,6499842
13111,0.1037355658217172,0.008298545634552653,0.007654961109911484,24,1.0,544,6505282
13121,0.10369552060994294,0.008295314538713246,0.007651928748104352,24,1.0,544,6510722
13131,0.10365530607443485,0.008292087342803735,0.007648898945270458,24,1.0,544,6516162
13141,0.1036154870618188,0.008288877924138578,0.0076458702105567525,24,1.0,544,6521602
13151,0.10357476187858386,0.008285651553446004,0.007642844792608781,24,1.0,544,6527042
13161,0.10353304733361265,0.008282238620926335,0.007639822754815842,24,1.0,544,6532482
13171,0.10349103898017681,0.008279016799462411,0.007636806634854589,24,1.0,544,6537922
13181,0.10344981755499447,0.008275650330431532,0.007633792276054089,24,1.0,544,6543362
13191,0.10340920770901135,0.008272381251039816,0.007630781841005641,24,1.0,544,6548802
13201,0.10336589044695146,0.008268974904829944,0.007627773471140826,24,1.0,544,6554242
13211,0.10332774894771682,0.008265899833075447,0.00762477186372364,24,1.0,544,6559682
13221,0.1032855686795179,0.0082625326911924,0.007621769330852538,24,1.0,545,6565132
13231,0.1032467464546924,0.008259389513004365,0.007618769494537176,24,1.0,545,6570582
13241,0.10320732642359375,0.008256291190939674,0.007615772332846285,24,1.0,545,6576032
13251,0.10316722514522067,0.008253045769133827,0.007612777471812104,24,1.0,545,6581482
13261,0.103124691839832,0.008249516970722227,0.007609782615866815,24,1.0,545,6586932
13271,0.10308123061945602,0.008246194394558391,0.0076067932599711285,24,1.0,545,6592382
13281,0.10304251811950617,0.008243084100011384,0.007603811715383309,24,1.0,545,6597832
13291,0.10300039966808516,0.008239715026145867,0.007600836403768509,24,1.0,545,6603282
13301,0.10296105783164514,0.008236595285154394,0.007597864348931203,24,1.0,545,6608732
13311,0.10292002003529924,0.008233248027005466,0.007594890046746281,24,1.0,545,6614182
13321,0.10288039128782903,0.008230146059900086,0.007591922202583653,24,1.0,545,6619632
13331,0.10284284503337018,0.008227135898926027,0.0075889613753598725,24,1.0,545,6625082
13341,0.10280275781420521,0.008223919111157876,0.007585999985025828,24,1.0,545,6630532
13351,0.10276242294294348,0.008220648703388513,0.007583039015495583,24,1.0,545,6635982
13361,0.10272302432577608,0.008217537777516703,0.00758008524374924,24,1.0,545,6641432
13371,0.10268401011824597,0.008214335988964733,0.00757713789811543,24,1.0,545,6646882
13381,0.10264289233383966,0.008211127953655152,0.007574190682038362,24,1.0,545,6652332
13391,0.10260409871970737,0.008207964208840998,0.007571247479905158,24,1.0,545,6657782
13401,0.10256417325620751,0.008204851328495447,0.007568306911636504,24,1.0,545,6663232
13411,0.1025257658095114,0.008201742107810547,0.007565372584396321,24,1.0,545,6668682
13421,0.10248517977149564,0.00819851239270828,0.007562441882788553,24,1.0,545,6674132
13431,0.10244560710943051,0.008195320131684196,0.007559516053851477,24,1.0,545,6679582
13441,0.10240603996910279,0.008192118335133124,0.007556589700174826,24,1.0,545,6685032
13451,0.10236363648317927,0.00818879338223944,0.007553665771466711,24,1.0,545,6690482
13461,0.10232471007943288,0.008185622858835418,0.007550746460924639,24,1.0,545,6695932
13471,0.10228599633395234,0.008182526174461427,0.007547830464784465,24,1.0,545,6701382
13481,0.10224916038155123,0.008179606343316607,0.007544920964860136,24,1.0,545,6706832
13491,0.10220924570964797,0.008176400255760639,0.00754201441162583,24,1.0,546,6712284
13501,0.10217087501361163,0.008173360905723676,0.007539105785379482,24,1.0,546,6717744
13511,0.10213072305800984,0.008170122571194378,0.00753620145914802,24,1.0,546,6723204
13521,0.10209074435406297,0.008166984357905336,0.007533298622790264,24,1.0,546,6728664
13531,0.102050772764237,0.008163737295069445,0.007530399056166914,24,1.0,546,6734124
13541,0.10201072564873612,0.008160543842528026,0.007527501525388004,24,1.0,546,6739584
13551,0.10197270949303949,0.00815751612700994,0.007524611818243976,24,1.0,546,6745044
13561,0.10193519101180751,0.008154554588158907,0.007521729541901028,24,1.0,546,6750504
13571,0.10189911628378848,0.00815162275069033,0.007518845821372951,24,1.0,546,6755964
13581,0.10186246373228908,0.008148651380127957,0.007515966600568005,24,1.0,546,6761424
13591,0.10182396087019151,0.00814554196022124,0.0075130901268371944,24,1.0,546,6766884
13601,0.10178283411833855,0.008142327830202042,0.007510214503942351,24,1.0,546,6772344
13611,0.10174270206578624,0.008139153716149908,0.007507345019183237,24,1.0,546,6777804
13621,0.10170294674124777,0.008136012926184674,0.007504477295732819,24,1.0,546,6783264
13631,0.1016638123200189,0.008132839894705356,0.007501613686780728,24,1.0,546,6788724
13641,0.10162611392767476,0.008129758952984489,0.0074987526062401805,24,1.0,546,6794184
13651,0.10158796906664751,0.008126753457562037,0.00749589550408189,24,1.0,546,6799644
13661,0.10154925705721465,0.008123669876961266,0.007493042268047738,24,1.0,546,6805104
13671,0.10151311552427382,0.00812074953547561,0.007490193694267621,24,1.0,546,6810564
13681,0.10147615963028407,0.00811778364087109,0.007487346958015219,24,1.0,546,6816024
13691,0.10143392315433913,0.008114411620978836,0.0074844981895190454,24,1.0,546,6821484
13701,0.10139482481987129,0.008111290606930315,0.007481654468819901,24,1.0,546,6826944
13711,0.10135504370830473,0.008108121444542154,0.007478817639421917,24,1.0,546,6832404
13721,0.1013167682039541,0.008105043544497469,0.007475981900952554,24,1.0,546,6837864
13731,0.10127995265886788,0.008102079230615313,0.007473150855261603,24,1.0,546,6843324
13741,0.10124107845834547,0.008098989054713249,0.007470321920926031,24,1.0,546,6848784
13751,0.10120454983855488,0.008096067097677151,0.007467496778797471,24,1.0,546,6854244
13761,0.1011668129406202,0.008093077497583675,0.007464672578752037,24,1.0,546,6859704
13771,0.10113129308911303,0.008090265177947996,0.007461857991890607,24,1.0,546,6865164
13781,0.10109404287178825,0.00808714393126039,0.007459036975752539,24,1.0,547,6870632
13791,0.10105193626007768,0.008083859398022223,0.007456216772372022,24,1.0,547,6876102
13801,0.10101108703832141,0.008080578999600059,0.007453398953114239,24,1.0,547,6881572
13811,0.10097345322647594,0.008077587874858273,0.007450587594503397,24,1.0,547,6887042
13821,0.10093414252733716,0.008074369763204435,0.007447777097566773,24,1.0,547,6892512
13831,0.10089675738615192,0.008071484852166268,0.007444976169441095,24,1.0,547,6897982
13841,0.1008609319842781,0.00806854246934838,0.007442178743019169,24,1.0,547,6903452
13851,0.10082255435884434,0.008065443948527842,0.007439379253770774,24,1.0,547,6908922
13861,0.10078143450507207,0.008062266297871708,0.007436584785597555,24,1.0,547,6914392
13871,0.10074501997386565,0.008059337505328846,0.007433794904350741,24,1.0,547,6919862
13881,0.10071015602136504,0.008056491464440015,0.007431009879183731,24,1.0,547,6925332
13891,0.10066965433796231,0.008053270775522875,0.007428223588231284,24,1.0,547,6930802
13901,0.10063225505039883,0.00805028552112342,0.00742544272178313,24,1.0,547,6936272
13911,0.10059675968142497,0.008047382872191033,0.007422667662697907,24,1.0,547,6941742
13921,0.10055928611452272,0.00804444866903491,0.0074198951678083325,24,1.0,547,6947212
13931,0.10052209283299832,0.008041467224260732,0.00741712564968059,24,1.0,547,6952682
13941,0.10048679674084161,0.008038650176564214,0.007414361967879093,24,1.0,547,6958152
13951,0.10044885884540977,0.008035602877773045,0.007411596495447391,24,1.0,547,6963622
13961,0.1004097843504657,0.008032540265762984,0.0074088337253425075,24,1.0,547,6969092
13971,0.10037307683863007,0.008029563049774603,0.007406074800808428,24,1.0,547,6974562
13981,0.10033487916979958,0.008026504428691785,0.007403316641754625,24,1.0,547,6980032
13991,0.10029743267996581,0.008023468246660207,0.007400565221272586,24,1.0,547,6985502
14001,0.10025885401191849,0.00802032906143438,0.007397815219335901,24,1.0,547,6990972
14011,0.10022169112428583,0.008017440992407558,0.007395071518184657,24,1.0,547,6996442
14021,0.10018558735916455,0.008014599927612588,0.007392333069244107,24,1.0,547,7001912
14031,0.1001515545831558,0.008011793221522847,0.007389594441507663,24,1.0,547,7007382
14041,0.10011463191292576,0.008008830425756399,0.0073868582909386235,24,1.0,547,7012852
14051,0.10007802418204152,0.008005930243300489,0.007384124671306919,24,1.0,547,7018322
14061,0.10004231418698017,0.008003089354992266,0.007381398256998509,24,1.0,547,7023792
14071,0.10000714910281894,0.00800031378973659,0.007378669358527635,24,1.0,548,7029270
14081,0.09997070194162265,0.007997426266600513,0.0073759413730582445,24,1.0,548,7034750
14091,0.09993386926238602,0.007994393034684449,0.007373212733254308,24,1.0,548,7040230
14101,0.09989622625487765,0.007991381963759814,0.007370492442009011,24,1.0,548,7045710
14111,0.09986017521132037,0.00798851061695466,0.0073677752972945675,24,1.0,548,7051190
14121,0.09982227031134035,0.007985531148152803,0.007365059183102489,24,1.0,548,7056670
14131,0.09978421695798363,0.007982369815625504,0.007362343540115762,24,1.0,548,7062150
14141,0.09974482028019017,0.007979326493868613,0.007359631138630225,24,1.0,548,7067630
14151,0.09971086444568124,0.00797650553341262,0.007356926676536357,24,1.0,548,7073110
14161,0.09967367369223437,0.007973623028226415,0.0073542248835191245,24,1.0,548,7078590
14171,0.09963498865252897,0.007970553144497192,0.0073515230151677225,24,1.0,548,7084070
14181,0.09959823106836115,0.007967536053197288,0.007348822506941045,24,1.0,548,7089550
14191,0.09956124711577677,0.007964642117211705,0.007346127887676493,24,1.0,548,7095030
14201,0.099524344030577,0.007961628895102477,0.007343432738262744,24,1.0,548,7100510
14211,0.09948755985363485,0.007958695706190481,0.007340741321245872,24,1.0,548,7105990
14221,0.09945089424038364,0.007955808658812858,0.007338057588934945,24,1.0,548,7111470
14231,0.09941526288779559,0.007952918751402104,0.007335376476961278,24,1.0,548,7116950
14241,0.09937871795814293,0.007950047346483457,0.007332698086390223,24,1.0,548,7122430
14251,0.09934381415018141,0.00794723398942923,0.007330022075648633,24,1.0,548,7127910
14261,0.09930613332865276,0.007944177243720069,0.007327343514546039,24,1.0,548,7133390
14271,0.09926800288425891,0.007941130220446782,0.007324669703186019,24,1.0,548,7138870
14281,0.09923067680006749,0.007938217350335026,0.007322004026441827,24,1.0,548,7144350
14291,0.09919623723880715,0.007935432116357303,0.007319342847641234,24,1.0,548,7149830
14301,0.09916043364873314,0.007932604475828364,0.00731668220587126,24,1.0,548,7155310
14311,0.09912436752598239,0.007929655908696497,0.00731402250474597,24,1.0,548,7160790
14321,0.0990887576559709,0.007926780246717516,0.007311368807270011,24,1.0,548,7166270
14331,0.09905318743906083,0.007923913854685655,0.007308717214616942,24,1.0,548,7171750
14341,0.09901547043165067,0.007920987353754589,0.007306066206417272,24,1.0,548,7177230
14351,0.09897866390664142,0.007918022037660285,0.007303421652660367,24,1.0,548,7182710
14361,0.09894539751841287,0.007915342957304871,0.0073007786981113786,24,1.0,549,7188192
14371,0.09890953579557663,0.007912432271043233,0.007298134809062117,24,1.0,549,7193682
14381,0.09887382694389062,0.007909575932982336,0.007295494320817142,24,1.0,549,7199172
14391,0.0988383079955084,0.007906761771447302,0.007292855020157343,24,1.0,549,7204662
14401,0.09880372727083223,0.007904037576082776,0.007290226074758444,24,1.0,549,7210152
14411,0.0987686229841412,0.007901202592267583,0.007287591078755836,24,1.0,549,7215642
14421,0.09873337054397686,0.007898469387880162,0.007284963741888326,24,1.0,549,7221132
14431,0.0986980078197958,0.007895527147640765,0.007282334030083288,24,1.0,549,7226622
14441,0.09866208788527424,0.007892683726314523,0.007279709906728265,24,1.0,549,7232112
14451,0.09862948549090608,0.007890054972615117,0.007277091816242298,24,1.0,549,7237602
14461,0.09859650726524662,0.007887420005426254,0.007274476199852009,24,1.0,549,7243092
14471,0.09856215103369932,0.007884692639993264,0.007271863145668807,24,1.0,549,7248582
14481,0.09852638419092993,0.007881784098854582,0.007269249445198898,24,1.0,549,7254072
14491,0.09848802511972725,0.007878816601452697,0.007266634988802603,24,1.0,549,7259562
14501,0.09845537852813423,0.007876142889523203,0.0072640310082763134,24,1.0,549,7265052
14511,0.09841962070528491,0.007873306261906049,0.007261426587812391,24,1.0,549,7270542
14521,0.09838242501454392,0.007870339782913781,0.00725882328296045,24,1.0,549,7276032
14531,0.09834697074961558,0.007867509630938184,0.007256226046420823,24,1.0,549,7281522
14541,0.0983124041011086,0.007864732771933714,0.007253629553029206,24,1.0,549,7287012
14551,0.09827975352276055,0.007862141617233693,0.007251038328389415,24,1.0,549,7292502
14561,0.09824297901931589,0.007859144019002187,0.007248446959832028,24,1.0,549,7297992
14571,0.09820565921453961,0.007856220509165903,0.007245860906010531,24,1.0,549,7303482
14581,0.09817080586523871,0.007853409007077388,0.007243277756707411,24,1.0,549,7308972
14591,0.09813672418142673,0.007850671015241891,0.0072406986731046044,24,1.0,549,7314462
14601,0.09810198326320232,0.007847944771803592,0.007238120786190048,24,1.0,549,7319952
14611,0.09806519511813279,0.007844978557324751,0.007235543474239928,24,1.0,549,7325442
14621,0.09802914402463349,0.007842068432316959,0.007232968998604657,24,1.0,549,7330932
14631,0.0979941560404346,0.007839249245993022,0.007230399653841511,24,1.0,549,7336422
14641,0.09795989953555147,0.007836436117577703,0.0072278322857991725,24,1.0,549,7341912
14651,0.09792476959687162,0.007833733913155106,0.007225270732339743,24,1.0,549,7347402
14661,0.09789077015899446,0.007830979301326828,0.007222707763084831,24,1.0,549,7352892
14671,0.09785760687208002,0.007828364328899261,0.007220149754248089,24,1.0,550,7358391
14681,0.09782367968821953,0.007825612663378183,0.007217590295011394,24,1.0,550,7363891
14691,0.09778960763390432,0.00782286979765255,0.007215034554906067,24,1.0,550,7369391
14701,0.09775347128325486,0.00782000241288974,0.007212478571319874,24,1.0,550,7374891
14711,0.09772081387896636,0.007817398789607778,0.007209932038226008,24,1.0,550,7380391
14721,0.09768699738748043,0.007814696647578601,0.007207383740995073,24,1.0,550,7385891
14731,0.09765180894105288,0.007811858759425408,0.007204834513160445,24,1.0,550,7391391
14741,0.09761633517843994,0.00780903849071319,0.0072022892473678655,24,1.0,550,7396891
14751,0.09758403580358568,0.007806434641490139,0.007199753267853925,24,1.0,550,7402391
14761,0.09754986198628704,0.007803729838566327,0.0071972130257452645,24,1.0,550,7407891
14771,0.0975171993192366,0.007801036568130269,0.007194680019013529,24,1.0,550,7413391
14781,0.09748288253918494,0.0077984208730027035,0.007192150159352998,24,1.0,550,7418891
14791,0.0974487108153288,0.007795595531981724,0.007189619101102993,24,1.0,550,7424391
14801,0.09741400284591563,0.007792899490462863,0.007187092174657936,24,1.0,550,7429891
14811,0.09738251919701643,0.007790335200679109,0.007184569728857271,24,1.0,550,7435391
14821,0.09734763395454157,0.007787558979570397,0.007182049849967642,24,1.0,550,7440891
14831,0.09731575236031796,0.0077850715755921115,0.007179537366218393,24,1.0,550,7446391
14841,0.09728365332083351,0.007782426768368528,0.00717702198043921,24,1.0,550,7451891
14851,0.09725151579869246,0.007779841779910052,0.0071745093797045524,24,1.0,550,7457391
14861,0.0972168114730397,0.007777057197411467,0.007171997621491948,24,1.0,550,7462891
14871,0.09718282140066087,0.00777436675834459,0.0071694915160720905,24,1.0,550,7468391
14881,0.09714925903808892,0.007771659307116849,0.007166986344820701,24,1.0,550,7473891
14891,0.09711537764116185,0.007768966135837689,0.007164485597274545,24,1.0,550,7479391
14901,0.0970812492103978,0.007766264512049925,0.007161985271419688,24,1.0,550,7484891
14911,0.09704758297954816,0.007763540301048512,0.007159487602972708,24,1.0,550,7490391
14921,0.09701536820845279,0.0077609039577023736,0.007156994340085336,24,1.0,550,7495891
14931,0.09697770839768803,0.007757928313719276,0.007154498038893482,24,1.0,550,7501391
14941,0.09694493003181118,0.0077553063466444735,0.007152011494693514,24,1.0,550,7506891
14951,0.09691334980699516,0.007752777398544024,0.007149526787616316,24,1.0,550,7512391
14961,0.0968779262180252,0.0077500199241877215,0.007147041164178824,24,1.0,550,7517891
14971,0.09684465408011991,0.007747285193653951,0.007144557337807253,24,1.0,551,7523392
14981,0.09680934343743308,0.007744505654168886,0.007142072609932513,24,1.0,551,7528902
14991,0.09677719767785613,0.007741880874996891,0.0071395938388165185,24,1.0,551,7534412
15001,0.09674445361033511,0.007739317776285772,0.0071371184815721455,24,1.0,551,7539922
15011,0.09671160372133052,0.007736692839215225,0.007134644677609232,24,1.0,551,7545432
15021,0.0966780883482872,0.007733955864330388,0.007132174262877817,24,1.0,551,7550942
15031,0.09664457401020124,0.007731300202151894,0.007129707705638425,24,1.0,551,7556452
15041,0.09661193394840384,0.007728661336004432,0.007127241444328564,24,1.0,551,7561962
15051,0.0965773741820252,0.007725921997682439,0.007124778596392124,24,1.0,551,7567472
15061,0.09654403768304426,0.007723238637339902,0.007122314574075854,24,1.0,551,7572982
15071,0.09651063240562334,0.007720558165652118,0.007119853211824901,24,1.0,551,7578492
15081,0.09647663696625834,0.007717855540798448,0.007117396638083442,24,1.0,551,7584002
15091,0.09644479777971217,0.007715278119049099,0.007114946643802471,24,1.0,551,7589512
15101,0.09640990251504318,0.007712484064975728,0.007112493462277244,24,1.0,551,7595022
15111,0.09637674492883468,0.007709914974151152,0.007110046355599266,24,1.0,551,7600532
15121,0.09634511173764715,0.0077073679266554,0.007107600327758894,24,1.0,551,7606042
15131,0.09631105460406306,0.007704632551792196,0.007105155580452737,24,1.0,551,7611552
15141,0.09627928087849853,0.007702124082477342,0.007102717088401311,24,1.0,551,7617062
15151,0.09624443288875438,0.007699297832165216,0.007100277353430093,24,1.0,551,7622572
15161,0.0962109342235388,0.007696637523240542,0.007097845083474802,24,1.0,551,7628082
15171,0.09617692060760702,0.00769385057114425,0.007095410350228023,24,1.0,551,7633592
15181,0.09614332271883246,0.007691198845826538,0.007092982242843285,24,1.0,551,7639102
15191,0.09610818031157595,0.007688426242350284,0.007090551143754984,24,1.0,551,7644612
15201,0.09607558372541336,0.007685785801583592,0.007088124496775777,24,1.0,551,7650122
15211,0.096041238158298,0.007683002785461485,0.007085699967504849,24,1.0,551,7655632
15221,0.09600840361311909,0.00768039277679814,0.007083279988830255,24,1.0,551,7661142
15231,0.09597406401701312,0.0076776815019228214,0.007080862549383266,24,1.0,551,7666652
15241,0.09594236027557443,0.00767515092084818,0.007078448434841536,24,1.0,551,7672162
15251,0.09590918652562906,0.007672412602889678,0.007076036644949798,24,1.0,551,7677672
15261,0.09587383128121199,0.0076696827695396765,0.007073627373579738,24,1.0,551,7683182
15271,0.09584025395804907,0.007666942319929839,0.007071214576662098,24,1.0,551,7688692
15281,0.09580718955034605,0.0076643437457260795,0.007068811001773905,24,1.0,551,7694202
15291,0.09577623440380888,0.007661810452504678,0.007066409446952793,24,1.0,552,7699717
15301,0.09574381580889864,0.007659206400301946,0.007064008319784248,24,1.0,552,7705237
15311,0.0957085813788995,0.007656461257476578,0.007061606555792071,24,1.0,552,7710757
15321,0.09567674208024415,0.007653938744737985,0.00705920855335924,24,1.0,552,7716277
15331,0.09564402153303224,0.007651223823320883,0.007056808343317455,24,1.0,552,7721797
15341,0.09561157239804582,0.007648679604521373,0.007054419043950484,24,1.0,552,7727317
15351,0.09558169121972118,0.0076463082670737165,0.0070520315248951025,24,1.0,552,7732837
15361,0.0955503876366692,0.0076437772123543685,0.007049643291181163,24,1.0,552,7738357
15371,0.09551547457688198,0.00764098984866146,0.0070472568843435055,24,1.0,552,7743877
15381,0.09548326150542398,0.007638402286512791,0.00704487545202065,24,1.0,552,7749397
15391,0.09545064475193286,0.007635820131383937,0.007042496064668435,24,1.0,552,7754917
15401,0.09541866745919436,0.007633267565059104,0.00704011908759963,24,1.0,552,7760437
15411,0.09538611906993531,0.007630642448800083,0.0070377400888183735,24,1.0,552,7765957
15421,0.09535451058869297,0.007628148899799931,0.007035370270936046,24,1.0,552,7771477
15431,0.09532266654909353,0.007625566756537906,0.007032998738828814,24,1.0,552,7776997
15441,0.09529075506626575,0.007622973936693242,0.007030632920046195,24,1.0,552,7782517
15451,0.09525753939613699,0.007620284902143995,0.007028263494976764,24,1.0,552,7788037
15461,0.09522405905083987,0.007617652233468273,0.00702589987832536,24,1.0,552,7793557
15471,0.09519161596084548,0.007615062411119747,0.007023538795065229,24,1.0,552,7799077
15481,0.09516077343589596,0.007612667255719983,0.007021183439378485,24,1.0,552,7804597
15491,0.09512793107477632,0.0076099734995392155,0.007018827822419699,24,1.0,552,7810117
15501,0.0950957557001397,0.007607359840680774,0.007016473901974564,24,1.0,552,7815637
15511,0.09506275031888092,0.007604815397864537,0.0070141234952982995,24,1.0,552,7821157
15521,0.09503183794553337,0.007602294829951395,0.007011775402629618,24,1.0,552,7826677
15531,0.09499929911130915,0.007599702598335223,0.007009427910439352,24,1.0,552,7832197
15541,0.0949677551944208,0.007597181982549477,0.007007081826971396,24,1.0,552,7837717
15551,0.09493736859117904,0.007594769816384338,0.0070047432479915,24,1.0,552,7843237
15561,0.09490347580077757,0.00759201369567462,0.007002402636021275,24,1.0,552,7848757
15571,0.0948719313873269,0.007589559077238413,0.007000071567909951,24,1.0,552,7854277
15581,0.0948412439760229,0.007587001391023629,0.006997735889183964,24,1.0,552,7859797
15591,0.09480758924456807,0.0075843488692512884,0.006995404170658866,24,1.0,552,7865317
15601,0.09477617645216763,0.007581820315825622,0.006993073857816254,24,1.0,552,7870837
15611,0.09474584799253351,0.007579365381567953,0.006990745681442145,24,1.0,553,7876361
15621,0.09471321768705247,0.007576792059714313,0.006988416825162505,24,1.0,553,7881891
15631,0.09467953957467926,0.0075741086002354425,0.006986090121868748,24,1.0,553,7887421
15641,0.09464937243977956,0.007571661399574862,0.006983766937855278,24,1.0,553,7892951
15651,0.09461655038648213,0.007569022851373834,0.006981445318778424,24,1.0,553,7898481
15661,0.0945841560561347,0.007566507490143372,0.006979122764296029,24,1.0,553,7904011
15671,0.09455290688266807,0.007563947678968005,0.0069768050713942585,24,1.0,553,7909541
15681,0.09452191816924943,0.007561526307282776,0.0069744921815850375,24,1.0,553,7915071
15691,0.09449197168491473,0.007559070824009222,0.006972180726185551,24,1.0,553,7920601
15701,0.09445970941175465,0.007556518805048336,0.006969868631047898,24,1.0,553,7926131
15711,0.09442917322029913,0.007554094387824898,0.0069675631327081435,24,1.0,553,7931661
15721,0.09440006540023332,0.007551742588337077,0.0069652615695211416,24,1.0,553,7937191
15731,0.0943701410230986,0.0075493696782741515,0.006962961225758009,24,1.0,553,7942721
15741,0.09433816974553476,0.007546794064686757,0.006960658510838431,24,1.0,553,7948251
15751,0.09430678296238491,0.007544350791352205,0.006958361858955942,24,1.0,553,7953781
15761,0.0942766911651589,0.007541894430864622,0.006956065975298278,24,1.0,553,7959311
15771,0.094243653665306,0.007539274975448708,0.006953771526830462,24,1.0,553,7964841
15781,0.09421145968894629,0.007536635081826113,0.006951478649638621,24,1.0,553,7970371
15791,0.09418097798499026,0.0075342691139549875,0.0069491896948284185,24,1.0,553,7975901
15801,0.09415075253817766,0.007531833232594696,0.006946901188417087,24,1.0,553,7981431
15811,0.09411959088432474,0.0075293224981524565,0.006944615119425912,24,1.0,553,7986961
15821,0.09408942647681195,0.00752688899793872,0.00694233250296595,24,1.0,553,7992491
15831,0.09405945275551204,0.007524468220491329,0.006940053256924718,24,1.0,553,7998021
15841,0.09402889848753773,0.007521988207756817,0.006937778462870154,24,1.0,553,8003551
15851,0.09399683517717258,0.007519551785125645,0.006935504540888316,24,1.0,553,8009081
15861,0.09396714509416063,0.007517084483225987,0.006933232745568355,24,1.0,553,8014611
15871,0.09393434670509684,0.007514524940747507,0.006930961594917844,24,1.0,553,8020141
15881,0.09390436598525238,0.007512067865317431,0.006928694251760864,24,1.0,553,8025671
15891,0.09387320088352429,0.0075096516136603664,0.0069264292230857135,24,1.0,553,8031201
15901,0.09384273805841668,0.007507179051141191,0.006924163753482184,24,1.0,553,8036731
15911,0.09381256094089215,0.007504754919220583,0.0069219020285567244,24,1.0,553,8042261
15921,0.09378002509169758,0.007502114104868062,0.006919639993936563,24,1.0,553,8047791
15931,0.09375041954376585,0.0074998553873605964,0.0069173874001764,24,1.0,553,8053321
15941,0.093720334371938,0.007497387725715155,0.00691513354638961,24,1.0,554,8058856
15951,0.09368916771536383,0.007494881939341967,0.006912878937305122,24,1.0,554,8064396
15961,0.09365819178718143,0.0074923762111204625,0.006910622342649054,24,1.0,554,8069936
15971,0.09362731097750375,0.00748996433328527,0.006908368558919919,24,1.0,554,8075476
15981,0.09359753806670644,0.007487537135362401,0.006906119454430853,24,1.0,554,8081016
15991,0.093567446609614,0.007485137673282576,0.006903873349895521,24,1.0,554,8086556
16001,0.09353656368695243,0.0074826571946199575,0.00690162929903939,24,1.0,554,8092096
16011,0.09350688015252752,0.007480295399148408,0.006899386938476307,24,1.0,554,8097636
16021,0.09347700509286933,0.007477903124723191,0.006897146365526605,24,1.0,554,8103176
16031,0.09344760062216864,0.0074755913348767316,0.006894913450293752,24,1.0,554,8108716
16041,0.09341677723502481,0.007473123168267412,0.0068926764058831825,24,1.0,554,8114256
16051,0.09338532520263179,0.00747064243922293,0.00689044086026397,24,1.0,554,8119796
16061,0.09335462826243462,0.00746812406953486,0.006888207792840057,24,1.0,554,8125336
16071,0.09332487238498262,0.0074657137282397425,0.006885979792337541,24,1.0,554,8130876
16081,0.09329361020509093,0.007463220561279472,0.006883750069040961,24,1.0,554,8136416
16091,0.09326335102694677,0.007460792583586736,0.006881525412394539,24,1.0,554,8141956
16101,0.0932331222659831,0.0074584371071706726,0.006879301625329733,24,1.0,554,8147496
16111,0.09320039308558416,0.007455756524627219,0.006877076398262985,24,1.0,554,8153036
16121,0.09316929121150733,0.007453271155687389,0.006874856392749749,24,1.0,554,8158576
16131,0.09314021698490477,0.007451012823889199,0.00687264492930054,24,1.0,554,8164116
16141,0.09311004948872381,0.007448564745784284,0.006870433509401137,24,1.0,554,8169656
16151,0.09308069023192408,0.007446168943883136,0.006868222216687422,24,1.0,554,8175196
16161,0.09305073790788643,0.00744383023863803,0.006866011596508061,24,1.0,554,8180736
16171,0.09302022538520086,0.0074414341862341265,0.006863804063072083,24,1.0,554,8186276
16181,0.0929897128469248,0.007438916436652894,0.0068615990112310225,24,1.0,554,8191816
16191,0.09295985119221593,0.0074365748692492815,0.006859395395830709,24,1.0,554,8197356
16201,0.09292949289593752,0.007434077073334477,0.006857197408788911,24,1.0,554,8202896
16211,0.09289959836074307,0.007431705585887962,0.006855001168663767,24,1.0,554,8208436
16221,0.09286970272969483,0.007429309253547389,0.006852805048225815,24,1.0,554,8213976
16231,0.09284122608013567,0.0074270363141867995,0.006850612884621791,24,1.0,554,8219516
16241,0.09281182041499463,0.007424718656118398,0.00684842423680018,24,1.0,554,8225056
16251,0.09278108798504246,0.007422314514178492,0.006846235724357076,24,1.0,554,8230596
16261,0.09274943300655154,0.007419701055671526,0.006844045956555564,24,1.0,554,8236136
16271,0.09271913351779947,0.007417287190871146,0.0068418615023797605,24,1.0,554,8241676
16281,0.09269040045517171,0.007414964209788525,0.006839676302147047,24,1.0,555,8247226
16291,0.09266184842095605,0.0074127392149300276,0.006837493281316294,24,1.0,555,8252776
16301,0.09263436600689641,0.007410508932098,0.006835312527741905,24,1.0,555,8258326
16311,0.09260534676342562,0.007408172925904821,0.006833135482253033,24,1.0,555,8263876
16321,0.09257650868848519,0.007405895497892392,0.006830958402875114,24,1.0,555,8269426
16331,0.09254730104705217,0.007403537099367315,0.006828782034168169,24,1.0,555,8274976
16341,0.09251781657556046,0.007401139500328922,0.006826609772408868,24,1.0,555,8280526
16351,0.09248491394115894,0.007398571048537892,0.006824436527972967,24,1.0,555,8286076
16361,0.09245451586141697,0.007396080924491658,0.006822260709878087,24,1.0,555,8291626
16371,0.0924243314043888,0.00739366401650301,0.006820093130316961,24,1.0,555,8297176
16381,0.09239502904676374,0.007391380925609187,0.006817931136435786,24,1.0,555,8302726
16391,0.09236508705423077,0.007388980927857063,0.006815765917038405,24,1.0,555,8308276
16401,0.09233505372470246,0.007386544498501689,0.0068136041974961896,24,1.0,555,8313826
16411,0.0923039287862986,0.007384096006443994,0.006811441713191334,24,1.0,555,8319376
16421,0.09227407822438019,0.007381676681897326,0.006809285117873498,24,1.0,555,8324926
16431,0.09224386420787457,0.007379300962467182,0.006807128384754869,24,1.0,555,8330476
16441,0.0922139529092794,0.007376867160658119,0.006804973924412102,24,1.0,555,8336026
16451,0.09218386028143868,0.007374423768640701,0.006802824846877532,24,1.0,555,8341576
16461,0.09215352657998255,0.007372050452141467,0.0068006748483643705,24,1.0,555,8347126
16471,0.09212530331274417,0.007369819330388042,0.00679852847888827,24,1.0,555,8352676
16481,0.09209689606426506,0.007367558989380971,0.00679638520750726,24,1.0,555,8358226
16491,0.09206908751109358,0.0073653200474831215,0.006794243691751135,24,1.0,555,8363776
16501,0.09203872048412966,0.007362898108553341,0.0067921020986252655,24,1.0,555,8369326
16511,0.09200895488805139,0.007360529068276329,0.00678996424769452,24,1.0,555,8374876
16521,0.0919809286486376,0.0073582511581151136,0.006787827468652856,24,1.0,555,8380426
16531,0.09195385777187763,0.007356090485539886,0.006785697444282667,24,1.0,555,8385976
16541,0.0919238179571806,0.007353642025007106,0.006783561898374912,24,1.0,555,8391526
16551,0.09189458608251824,0.007351296558249931,0.006781432104660859,24,1.0,555,8397076
16561,0.09186627930486568,0.007349032274183318,0.006779306437091368,24,1.0,555,8402626
16571,0.0918373727447689,0.007346789252330891,0.006777182549992661,24,1.0,555,8408176
16581,0.0918064369697534,0.0073443122146620386,0.006775055789614214,24,1.0,555,8413726
16591,0.09177892920752931,0.007342090336066273,0.006772934836287493,24,1.0,555,8419276
16601,0.09175165531766744,0.007339911011917974,0.0067708179900124905,24,1.0,555,8424826
16611,0.09172306855329684,0.007337631419776374,0.00676870400453134,24,1.0,555,8430376
16621,0.09169320245276047,0.00733522809193785,0.006766586232713299,24,1.0,556,8435933
16631,0.09166268402906545,0.007332824830024962,0.0067644690599008355,24,1.0,556,8441493
16641,0.09163444990589173,0.007330528341130589,0.006762356317806583,24,1.0,556,8447053
16651,0.09160517660593076,0.007328196178224815,0.006760242720486296,24,1.0,556,8452613
16661,0.09157800330030524,0.007325984646716086,0.006758136963111903,24,1.0,556,8458173
16671,0.09154822427611489,0.007323656962284948,0.006756028077542342,24,1.0,556,8463733
16681,0.09152131002171127,0.00732153471407283,0.006753924034369338,24,1.0,556,8469293
16691,0.09149483333886936,0.007319355369536331,0.006751821036524673,24,1.0,556,8474853
16701,0.09146616968485054,0.007317012989160891,0.0067497160849857955,24,1.0,556,8480413
16711,0.09143620880088901,0.007314708262948233,0.006747614580718624,24,1.0,556,8485973
16721,0.09140786679562879,0.007312372843046022,0.006745515720394574,24,1.0,556,8491533
16731,0.0913782295608586,0.00730998566706743,0.0067434183971899694,24,1.0,556,8497093
16741,0.09134812302859115,0.007307631434669436,0.0067413230935789645,24,1.0,556,8502653
16751,0.091321713371568,0.00730553997425362,0.006739234573891165,24,1.0,556,8508213
16761,0.09129374497039093,0.007303309721444794,0.006737142981328416,24,1.0,556,8513773
16771,0.09126849656237296,0.007301215067312672,0.0067350575295633255,24,1.0,556,8519333
16781,0.09123970116509864,0.007298958488469005,0.006732969809847286,24,1.0,556,8524893
16791,0.09120988199611149,0.007296612910823931,0.006730883636050805,24,1.0,556,8530453
16801,0.09118064764538444,0.0072942089581025564,0.006728796572192002,24,1.0,556,8536013
16811,0.09115091742797789,0.007291835451481141,0.006726712876586562,24,1.0,556,8541573
16821,0.09112299433722565,0.0072895948388778066,0.0067246352321278305,24,1.0,556,8547133
16831,0.09109614558300838,0.007287484415209103,0.00672256003342919,24,1.0,556,8552693
16841,0.09106935042612675,0.007285320055760862,0.006720487936394816,24,1.0,556,8558253
16851,0.09104147567291755,0.007283087967834884,0.006718416463368387,24,1.0,556,8563813
16861,0.09101539794792195,0.007281041427178724,0.006716348949176832,24,1.0,556,8569373
16871,0.09098870535527889,0.007278917792168048,0.00671428226053081,24,1.0,556,8574933
16881,0.09095951638168565,0.007276550406366491,0.006712211854716282,24,1.0,556,8580493
16891,0.09093241144164417,0.007274379890608812,0.006710146678029265,24,1.0,556,8586053
16901,0.09090481101095256,0.007272151237866364,0.006708084115355006,24,1.0,556,8591613
16911,0.09087541650041592,0.007269836885325893,0.006706024462999396,24,1.0,556,8597173
16921,0.09084668636613095,0.007267536358464879,0.006703964781331502,24,1.0,556,8602733
16931,0.09081977202421712,0.007265376473936845,0.006701911000570743,24,1.0,556,8608293
16941,0.09079181654016744,0.007263105666783546,0.006699857021029665,24,1.0,556,8613853
16951,0.09076460720418544,0.007260956768278976,0.006697805515363738,24,1.0,556,8619413
16961,0.09073589927818405,0.007258671841401782,0.006695757288099985,24,1.0,556,8624973
16971,0.090708052475307,0.007256409821945559,0.006693704291438057,24,1.0,557,8630540
16981,0.09067845301712643,0.007254019148830487,0.006691653525113504,24,1.0,557,8636110
16991,0.09065103351490537,0.007251880866886448,0.006689606819950987,24,1.0,557,8641680
17001,0.09062289504637008,0.007249565835389554,0.006687558354651788,24,1.0,557,8647250
17011,0.09059486948458217,0.007247422464832786,0.006685515026751631,24,1.0,557,8652820
17021,0.09056827150948003,0.007245223889395551,0.006683474313690863,24,1.0,557,8658390
17031,0.09054126932427468,0.0072431073423881035,0.006681434693226306,24,1.0,557,8663960
17041,0.09051554761804637,0.007241052059563195,0.006679397895021093,24,1.0,557,8669530
17051,0.0904889362441501,0.007238893677284904,0.006677363519278383,24,1.0,557,8675100
17061,0.0904610958739423,0.007236696277508609,0.006675329472614799,24,1.0,557,8680670
17071,0.09043254222712499,0.007234387135428866,0.006673295621658962,24,1.0,557,8686240
17081,0.09040481246335372,0.007232196247680362,0.006671265205667799,24,1.0,557,8691810
17091,0.09037656945045693,0.007229993785002715,0.006669235963470032,24,1.0,557,8697380
17101,0.09035147489510116,0.007227925047650834,0.00666721031564066,24,1.0,557,8702950
17111,0.09032413395314487,0.007225703937949843,0.006665184196953201,24,1.0,557,8708520
17121,0.0902961672505071,0.007223482677930597,0.006663161469918448,24,1.0,557,8714090
17131,0.09026876497925992,0.007221261270686715,0.006661139855690779,24,1.0,557,8719660
17141,0.09024138847895782,0.007219075898679323,0.006659119407870415,24,1.0,557,8725230
17151,0.09021381177660942,0.007216901612701296,0.006657100602764134,24,1.0,557,8730800
17161,0.09018578154415254,0.007214688730367106,0.00665508367090081,24,1.0,557,8736370
17171,0.09015913131238143,0.00721244638343763,0.006653068227984012,24,1.0,557,8741940
17181,0.09013047785174716,0.007210233227918083,0.0066510551738812465,24,1.0,557,8747510
17191,0.0901039345192618,0.007208107697877165,0.006649045655216633,24,1.0,557,8753080
17201,0.09007567269202132,0.007205864940324257,0.006647038372469833,24,1.0,557,8758650
17211,0.09004889854447182,0.007203691733877667,0.006645031909811615,24,1.0,557,8764220
17221,0.09002175628192506,0.007201538512403495,0.0066430274716393276,24,1.0,557,8769790
17231,0.08999503178446798,0.00719939849632027,0.006641025646111091,24,1.0,557,8775360
17241,0.0899677437996438,0.007197199968940783,0.006639025001245781,24,1.0,557,8780930
17251,0.08994076122719193,0.007195012473885251,0.006637025058192334,24,1.0,557,8786500
17261,0.08991276955702487,0.00719276220107519,0.00663502776036357,24,1.0,557,8792070
17271,0.08988385550830426,0.0071904917733395125,0.006633033076831975,24,1.0,557,8797640
17281,0.08985661609767989,0.007188306129597667,0.006631038430043735,24,1.0,557,8803210
17291,0.08982968096964883,0.007186189426848486,0.006629048905815243,24,1.0,557,8808780
17301,0.08980407957537344,0.007184114749331754,0.00662706099698725,24,1.0,557,8814350
17311,0.08977886246840024,0.007182090888478374,0.006625078213306749,24,1.0,557,8819920
17321,0.08975402867127585,0.007180091030237365,0.006623094465318863,24,1.0,557,8825490
17331,0.08972741093186053,0.007177961823686844,0.006621107696051887,24,1.0,558,8831070
17341,0.08969901419539342,0.0071756814340413096,0.006619119439912061,24,1.0,558,8836650
17351,0.08967205893420332,0.00717352523643548,0.006617136140022701,24,1.0,558,8842230
17361,0.08964360569935817,0.00717128687013353,0.006615153534009603,24,1.0,558,8847810
17371,0.08961728300888408,0.0071691502549718405,0.006613174049154947,24,1.0,558,8853390
17381,0.08959090134828569,0.007167046567396012,0.006611194293470721,24,1.0,558,8858970
17391,0.08956410190440262,0.007164933747549443,0.006609218082343084,24,1.0,558,8864550
17401,0.0895388171960844,0.007162897898335686,0.006607245336766129,24,1.0,558,8870130
17411,0.08951355460931837,0.007160925587247829,0.006605274632395345,24,1.0,558,8875710
17421,0.0894882865685657,0.007158846998019375,0.0066033028294004365,24,1.0,558,8881290
17431,0.08946144457660639,0.007156754869836196,0.0066013334884425755,24,1.0,558,8886870
17441,0.08943619461467373,0.007154658038685332,0.006599365708901682,24,1.0,558,8892450
17451,0.0894085770062073,0.00715247082885968,0.006597398291484473,24,1.0,558,8898030
17461,0.08938178161936036,0.007150301056691895,0.006595433326971147,24,1.0,558,8903610
17471,0.08935495628650955,0.0071482385921470834,0.006593471696306553,24,1.0,558,8909190
17481,0.08932771765791823,0.007146033358533461,0.006591510587554065,24,1.0,558,8914770
17491,0.08930127096926044,0.007143917792356977,0.006589551891978355,24,1.0,558,8920350
17501,0.08927495790486974,0.007141788858040995,0.006587595488744898,24,1.0,558,8925930
17511,0.08925019854867203,0.00713982358406077,0.006585644304086983,24,1.0,558,8931510
17521,0.08922379564899881,0.007137659133898396,0.006583689402787838,24,1.0,558,8937090
17531,0.08919687163187179,0.007135546881356034,0.006581737762404249,24,1.0,558,8942670
17541,0.08917291490460502,0.007133602181830411,0.006579791088649897,24,1.0,558,8948250
17551,0.08914688221567336,0.007131552434948805,0.006577842982472923,24,1.0,558,8953830
17561,0.08911869764843691,0.007129291338280181,0.006575896903779978,24,1.0,558,8959410
17571,0.08909108400356393,0.0071270498473348775,0.0065739530013300814,24,1.0,558,8964990
17581,0.08906463676101835,0.0071249646805885275,0.006572012676458614,24,1.0,558,8970570
17591,0.08904011201496308,0.00712300504617487,0.006570072287658559,24,1.0,558,8976150
17601,0.089014226414673,0.00712089753882986,0.006568133870523363,24,1.0,558,8981730
17611,0.08898595512019411,0.0071186598882197055,0.00656619509206981,24,1.0,558,8987310
17621,0.0889584958155446,0.00711648065534807,0.006564259518356295,24,1.0,558,8992890
17631,0.08893260264853928,0.007114422348217637,0.006562327151499382,24,1.0,558,8998470
17641,0.08890630097197852,0.007112316225349743,0.006560395909875676,24,1.0,558,9004050
17651,0.08888126389432927,0.007110274592954757,0.00655846474462441,24,1.0,558,9009630
17661,0.08885438957043938,0.007108118393782125,0.006556535336892416,24,1.0,558,9015210
17671,0.08882756734463751,0.007106035276275789,0.006554609346133625,24,1.0,558,9020790
17681,0.0888005281811244,0.007103814222152661,0.006552679911780246,24,1.0,558,9026370
17691,0.08877394439205794,0.007101717818863818,0.006550755408636934,24,1.0,559,9031955
17701,0.08874778789863311,0.007099591124870238,0.006548829533676971,24,1.0,559,9037545
17711,0.08872001943978648,0.007097408485137442,0.006546905260602536,24,1.0,559,9043135
17721,0.08869342991622545,0.0070952772163402145,0.006544983525709795,24,1.0,559,9048725
17731,0.08866812314649122,0.0070932721203981475,0.00654306333386172,24,1.0,559,9054315
17741,0.08864120740736975,0.007091116889261919,0.006541144657946988,24,1.0,559,9059905
17751,0.08861613383278567,0.007089087649964207,0.006539228938267985,24,1.0,559,9065495
17761,0.08859038815638716,0.0070870175016515945,0.006537316486308673,24,1.0,559,9071085
17771,0.08856314544863904,0.007084853222251459,0.006535403020851745,24,1.0,559,9076675
17781,0.08853859325062581,0.007082861506883191,0.006533492126473084,24,1.0,559,9082265
17791,0.08851254462690467,0.007080814026268573,0.006531582855043198,24,1.0,559,9087855
17801,0.08848763689713668,0.007078796040240827,0.006529674667141986,24,1.0,559,9093445
17811,0.08846078433037007,0.007076631031234349,0.006527767091719212,24,1.0,559,9099035
17821,0.08843278887363965,0.007074419229412892,0.006525861258867521,24,1.0,559,9104625
17831,0.08840691619375601,0.007072319895833254,0.006523959160935146,24,1.0,559,9110215
17841,0.08838143797350126,0.007070315763947002,0.006522058548353204,24,1.0,559,9115805
17851,0.0883565650005695,0.007068300684169884,0.006520160274789717,24,1.0,559,9121395
17861,0.08833065557384419,0.007066255642856444,0.006518264779889628,24,1.0,559,9126985
17871,0.08830405611342387,0.007064119413359171,0.006516367851593992,24,1.0,559,9132575
17881,0.0882785640517372,0.007062076007548378,0.006514475881107908,24,1.0,559,9138165
17891,0.0882526726991705,0.007060013330557658,0.006512584433282975,24,1.0,559,9143755
17901,0.08822640952850823,0.007057935653621351,0.006510694648521979,24,1.0,559,9149345
17911,0.08819998625260561,0.007055777722056253,0.006508803679932729,24,1.0,559,9154935
17921,0.08817485029147083,0.0070537986082037825,0.006506918150282596,24,1.0,559,9160525
17931,0.08814921082361574,0.0070517308005410865,0.00650503310088505,24,1.0,559,9166115
17941,0.08812359445915904,0.007049685878445695,0.006503152277528426,24,1.0,559,9171705
17951,0.08809920812376117,0.007047751936037072,0.006501271542864792,24,1.0,559,9177295
17961,0.0880732959796182,0.007045714782568773,0.006499392699120139,24,1.0,559,9182885
17971,0.08804835034537875,0.007043687834560334,0.006497514581001111,24,1.0,559,9188475
17981,0.0880230602441553,0.007041660600258576,0.006495638017850937,24,1.0,559,9194065
17991,0.0879984724389434,0.007039666545968197,0.006493763325341244,24,1.0,559,9199655
18001,0.0879740626578985,0.007037747380251985,0.006491891614670853,24,1.0,559,9205245
18011,0.08794894304163173,0.007035708738297342,0.006490018977967684,24,1.0,559,9210835
18021,0.08792254182097795,0.007033615606084792,0.006488148809933089,24,1.0,559,9216425
18031,0.08789611305564761,0.00703149105997676,0.006486279858038506,24,1.0,559,9222015
18041,0.0878708541394646,0.007029505919014341,0.006484415080994709,24,1.0,559,9227605
18051,0.08784655392494316,0.007027516273890664,0.00648255062768329,24,1.0,559,9233195
18061,0.08782053366591519,0.0070254327657800495,0.0064806835797463795,24,1.0,560,9238788
18071,0.08779604292232454,0.007023490300597685,0.006478818715963453,24,1.0,560,9244388
18081,0.08776993933199162,0.007021389743203158,0.0064769544679512715,24,1.0,560,9249988
18091,0.08774512951089233,0.007019392700303942,0.0064750928610511835,24,1.0,560,9255588
18101,0.08772088512830888,0.007017465762646807,0.006473233271469734,24,1.0,560,9261188
18111,0.08769459207161766,0.007015354231949756,0.006471372796731279,24,1.0,560,9266788
18121,0.08766891783017107,0.00701328394783024,0.006469514909091561,24,1.0,560,9272388
18131,0.08764417059753961,0.00701128578093561,0.006467660560493935,24,1.0,560,9277988
18141,0.08761972879522081,0.007009421453817072,0.006465807517471667,24,1.0,560,9283588
18151,0.08759587519917908,0.0070074163865689616,0.006463956956785414,24,1.0,560,9289188
18161,0.08756851350602472,0.007005301854849076,0.006462104883392844,24,1.0,560,9294788
18171,0.08754341662657691,0.007003286031112067,0.006460256747680907,24,1.0,560,9300388
18181,0.08751764797953879,0.007001239104158718,0.006458410569797502,24,1.0,560,9305988
18191,0.08749336675101996,0.006999290590897777,0.0064565663541854695,24,1.0,560,9311588
18201,0.08746823392803621,0.006997267808182745,0.006454722331921253,24,1.0,560,9317188
18211,0.08744512328584883,0.006995396552433257,0.006452883073543739,24,1.0,560,9322788
18221,0.08741939298480214,0.00699334856839371,0.006451044251589295,24,1.0,560,9328388
18231,0.08739414681774847,0.006991314725788746,0.006449204071993379,24,1.0,560,9333988
18241,0.0873699205020153,0.00698940953520069,0.006447368375953792,24,1.0,560,9339588
18251,0.0873460982382107,0.006987518216328642,0.006445535542338068,24,1.0,560,9345188
18261,0.08732204082414262,0.0069856039783888066,0.0064437030679607675,24,1.0,560,9350788
18271,0.08729757034513067,0.006983577109228712,0.006441869958498759,24,1.0,560,9356388
18281,0.08727289176612979,0.006981651946514912,0.006440042163043357,24,1.0,560,9361988
18291,0.08724790381612131,0.00697960011649325,0.006438214214612541,24,1.0,560,9367588
18301,0.08722413364921966,0.006977721083439942,0.006436389559148356,24,1.0,560,9373188
18311,0.08719781648647185,0.00697563420384528,0.006434561580699073,24,1.0,560,9378788
18321,0.08717312364244864,0.006973660975345522,0.00643273934825278,24,1.0,560,9384388
18331,0.08714911211374213,0.0069717097715117065,0.006430915456434014,24,1.0,560,9389988
18341,0.08712370153433444,0.006969662929587057,0.006429094834089751,24,1.0,560,9395588
18351,0.0870973515612216,0.006967599717518513,0.006427273989968462,24,1.0,560,9401188
18361,0.08707388543065601,0.006965730680867889,0.006425456919518977,24,1.0,560,9406788
18371,0.08704980684023889,0.006963818704767484,0.006423641936673353,24,1.0,560,9412388
18381,0.08702534472395677,0.006961876024393229,0.006421827083625306,24,1.0,560,9417988
18391,0.08700135819307067,0.006959904740117385,0.006420015838405035,24,1.0,560,9423588
18401,0.08697774518475057,0.006958019905350703,0.006418204699280614,24,1.0,560,9429188
18411,0.08695369851637955,0.0069560963430219,0.0064163947437541535,24,1.0,560,9434788
18421,0.08692647556296432,0.006953946889453747,0.006414583320990228,24,1.0,560,9440388
18431,0.08690282489735314,0.006952040897849812,0.00641277697134839,24,1.0,560,9445988
18441,0.0868787921194255,0.006950116424194413,0.006410972197195424,24,1.0,561,9451591
18451,0.08685390122011373,0.006948129334859709,0.006409166098547175,24,1.0,561,9457201
18461,0.08682913275298436,0.006946152032090371,0.006407361181478479,24,1.0,561,9462811
18471,0.0868069174936969,0.006944350893860319,0.006405560556228942,24,1.0,561,9468421
18481,0.08678249103457979,0.006942431007852313,0.006403759361014254,24,1.0,561,9474031
18491,0.08675851121784027,0.006940476740255226,0.006401958758691504,24,1.0,561,9479641
18501,0.08673367698329389,0.006938516178538934,0.0064001598162774466,24,1.0,561,9485251
18511,0.08670921444328537,0.006936513378574528,0.006398359388708092,24,1.0,561,9490861
18521,0.08668325109832006,0.006934476440094168,0.006396562157676762,24,1.0,561,9496471
18531,0.08666110146306598,0.006932674697301636,0.006394768709451812,24,1.0,561,9502081
18541,0.08663568095666103,0.006930681104554542,0.006392974647399731,24,1.0,561,9507691
18551,0.08661177688170804,0.006928766935831068,0.006391184644807555,24,1.0,561,9513301
18561,0.08658732128300652,0.006926794727292274,0.006389397320750087,24,1.0,561,9518911
18571,0.08656363246856091,0.006924911709442565,0.006387611843327766,24,1.0,561,9524521
18581,0.08654041059942956,0.006923060066405445,0.006385827516647315,24,1.0,561,9530131
18591,0.08651653830053639,0.00692112661971314,0.006384040979922862,24,1.0,561,9535741
18601,0.08649375211727803,0.0069192820771573895,0.006382260152866079,24,1.0,561,9541351
18611,0.0864689291785044,0.00691729643605592,0.006380476677688687,24,1.0,561,9546961
18621,0.08644469734865645,0.006915395681691889,0.006378695385776127,24,1.0,561,9552571
18631,0.08641917646468202,0.006913346266603204,0.006376915648069248,24,1.0,561,9558181
18641,0.08639538297686251,0.006911411338451123,0.006375136396575276,24,1.0,561,9563791
18651,0.08636953707679716,0.006909339922302765,0.006373359459245782,24,1.0,561,9569401
18661,0.08634443003375195,0.006907305924459984,0.006371583201534604,24,1.0,561,9575011
18671,0.08631981357605152,0.0069053801721705695,0.0063698093909717035,24,1.0,561,9580621
18681,0.08629654775344446,0.0069035407321423525,0.006368039482645966,24,1.0,561,9586231
18691,0.08627214569988356,0.006901602496551166,0.006366271225638529,24,1.0,561,9591841
18701,0.0862489933810975,0.00689977206971621,0.006364503455892009,24,1.0,561,9597451
18711,0.0862269895091787,0.006897952965569687,0.006362739343517366,24,1.0,561,9603061
18721,0.08620311438132505,0.006896021550546409,0.006360975914340555,24,1.0,561,9608671
18731,0.08617810797655721,0.006894064367715381,0.006359212852944055,24,1.0,561,9614281
18741,0.08615508276149725,0.0068921794139138615,0.006357451747149949,24,1.0,561,9619891
18751,0.08613046199985126,0.006890239307117198,0.006355693145893868,24,1.0,561,9625501
18761,0.08610720735081828,0.006888394742532492,0.0063539366243290174,24,1.0,561,9631111
18771,0.08608375235902958,0.006886467703764687,0.006352180306167871,24,1.0,561,9636721
18781,0.08605882872197437,0.0068844896358806916,0.00635042187895839,24,1.0,561,9642331
18791,0.08603439063384712,0.006882597183467454,0.006348666643665541,24,1.0,561,9647941
18801,0.08601284833946911,0.006880821306914674,0.00634691437358496,24,1.0,561,9653551
18811,0.08598818298056998,0.006878848261796278,0.006345163555089266,24,1.0,561,9659161
18821,0.08596395292022362,0.006876933379241102,0.006343412661806532,24,1.0,561,9664771
18831,0.08594022993098899,0.006875008487458952,0.006341661976594874,24,1.0,562,9670386
18841,0.08591582325685992,0.006873058080077743,0.006339911260981174,24,1.0,562,9676006
18851,0.08589400901929932,0.006871342208600968,0.00633816487618808,24,1.0,562,9681626
18861,0.08587024886849177,0.006869414409127734,0.0063364166344144135,24,1.0,562,9687246
18871,0.08584626694614958,0.006867550267499529,0.0063346715574723695,24,1.0,562,9692866
18881,0.08582317672961262,0.0068657128528940275,0.006332929513872331,24,1.0,562,9698486
18891,0.08580138697426469,0.0068639253059459004,0.006331190101315436,24,1.0,562,9704106
18901,0.08577799599540858,0.006862019405904066,0.00632944740195766,24,1.0,562,9709726
18911,0.08575455237550653,0.00686016919945633,0.006327708360341882,24,1.0,562,9715346
18921,0.0857317796718844,0.006858335970137614,0.006325971202378336,24,1.0,562,9720966
18931,0.08570758011393036,0.006856417531201996,0.006324234319444007,24,1.0,562,9726586
18941,0.08568441274499124,0.006854556597429924,0.006322498111406717,24,1.0,562,9732206
18951,0.08566205851689457,0.006852749177450001,0.006320765841598591,24,1.0,562,9737826
18961,0.08563801603442038,0.006850858646928641,0.006319034330372092,24,1.0,562,9743446
18971,0.08561473881624274,0.006848990860996389,0.006317303997048318,24,1.0,562,9749066
18981,0.08559116931481003,0.006847122733828506,0.00631557292875188,24,1.0,562,9754686
18991,0.08556759594853718,0.0068452293402879155,0.00631384357030337,24,1.0,562,9760306
19001,0.08554401875000514,0.006843326073926617,0.00631211577951751,24,1.0,562,9765926
19011,0.08552084456253642,0.00684145698908508,0.006310392342022418,24,1.0,562,9771546
19021,0.08549711599103373,0.006839572272617171,0.006308668343561186,24,1.0,562,9777166
19031,0.08547352726574269,0.006837715918716621,0.006306945774058446,24,1.0,562,9782786
19041,0.08545057930207932,0.006835857307279824,0.0063052245091337195,24,1.0,562,9788406
19051,0.08542736423753017,0.006834002169069774,0.006303504362591968,24,1.0,562,9794026
19061,0.08540276283257227,0.00683204756610584,0.006301784966498874,24,1.0,562,9799646
19071,0.08538084985652047,0.006830258479467766,0.006300069375149357,24,1.0,562,9805266
19081,0.08535740799315346,0.006828356668012981,0.006298353698892666,24,1.0,562,9810886
19091,0.0853345802914671,0.006826574378183924,0.006296643155923625,24,1.0,562,9816506
19101,0.08531127277614184,0.006824717538524904,0.006294929986789725,24,1.0,562,9822126
19111,0.08528943248054725,0.006823010324582713,0.006293220811207985,24,1.0,562,9827746
19121,0.08526464576913832,0.0068209895865857136,0.006291509493689221,24,1.0,562,9833366
19131,0.08524196594042135,0.0068191772453697775,0.006289801463903178,24,1.0,562,9838986
19141,0.08521805034537035,0.006817256581024117,0.0062880934549029216,24,1.0,562,9844606
19151,0.08519429742909297,0.006815358401341428,0.006286387538351547,24,1.0,562,9850226
19161,0.08517080130496775,0.006813535572669598,0.006284685092583476,24,1.0,562,9855846
19171,0.08514878897405143,0.0068116953692585,0.006282983702816019,24,1.0,562,9861466
19181,0.08512613375937594,0.006809869914601174,0.006281283858793594,24,1.0,562,9867086
19191,0.08510415719084953,0.00680812893495806,0.006279584410760428,24,1.0,562,9872706
19201,0.08508151521160329,0.006806340351652217,0.0062778896753689075,24,1.0,562,9878326
19211,0.08505846833052179,0.006804491105959653,0.006276191929328694,24,1.0,562,9883946
19221,0.08503546430553614,0.00680264153633756,0.006274495972184306,24,1.0,562,9889566
19231,0.08501128149559935,0.006800746545527303,0.0062727991169666125,24,1.0,563,9895194
19241,0.08498906809240146,0.006798937680325183,0.006271103838949106,24,1.0,563,9900824
19251,0.08496689612786476,0.006797150942521169,0.006269411197686185,24,1.0,563,9906454
19261,0.08494359384699529,0.0067952756839198625,0.00626771768083242,24,1.0,563,9912084
19271,0.0849213649763738,0.006793549988923323,0.00626602768989794,24,1.0,563,9917714
19281,0.08489810137675309,0.0067916721936771085,0.006264337149650755,24,1.0,563,9923344
19291,0.08487525488889709,0.00678984649119055,0.006262648703962273,24,1.0,563,9928974
19301,0.08485142320121196,0.006787902744027002,0.006260961917992667,24,1.0,563,9934604
19311,0.08482765891542568,0.006786007384033132,0.006259275933222335,24,1.0,563,9940234
19321,0.0848045214156506,0.006784186397254119,0.006257590887624607,24,1.0,563,9945864
19331,0.08478058817433969,0.006782268164583105,0.0062559082800184955,24,1.0,563,9951494
19341,0.08475807230562393,0.006780465180515011,0.006254228727606296,24,1.0,563,9957124
19351,0.08473680753589143,0.006778788324340941,0.0062525499804148245,24,1.0,563,9962754
19361,0.08471437416072533,0.0067769287232286295,0.006250871043522206,24,1.0,563,9968384
19371,0.08469154125994235,0.006775144993299922,0.006249194312252268,24,1.0,563,9974014
19381,0.08466824026013,0.006773264364032256,0.00624751800522414,24,1.0,563,9979644
19391,0.08464676710709954,0.006771561498908325,0.006245846808944948,24,1.0,563,9985274
19401,0.08462424540616122,0.0067697543530051705,0.006244174240776089,24,1.0,563,9990904
19411,0.08460232082471926,0.006768000535268294,0.006242502871092421,24,1.0,563,9996534
19421,0.08458136193439043,0.006766327665809097,0.006240834754954158,24,1.0,563,10002164
19431,0.08455877859960682,0.006764497121546587,0.0062391629433343025,24,1.0,563,10007794
19441,0.08453556753975487,0.006762640411304189,0.006237496979899126,24,1.0,563,10013424
19451,0.08451253768505206,0.006760833253719507,0.006235832568564376,24,1.0,563,10019054
19461,0.08449056439611298,0.006759068152735147,0.006234168137075294,24,1.0,563,10024684
19471,0.08446881607254879,0.006757352376705552,0.006232507251595891,24,1.0,563,10030314
19481,0.08444729219462785,0.00675561586121475,0.0062308470203562005,24,1.0,563,10035944
19491,0.08442502655526801,0.006753783248785318,0.006229186251247938,24,1.0,563,10041574
19501,0.08440174531803228,0.006751965040362632,0.006227529900667964,24,1.0,563,10047204
19511,0.08437839216152924,0.006750152020899947,0.0062258737126166435,24,1.0,563,10052834
19521,0.08435755886735867,0.006748413895425544,0.006224218814123504,24,1.0,563,10058464
19531,0.08433527481044416,0.006746662491162161,0.006222566397617321,24,1.0,563,10064094
19541,0.08431346695431939,0.006744897841624995,0.0062209117924694355,24,1.0,563,10069724
19551,0.08429135625525432,0.006743105338895497,0.006219260806244135,24,1.0,563,10075354
19561,0.08426757185922891,0.006741202764881455,0.006217609177389237,24,1.0,563,10080984
19571,0.08424506446618801,0.006739420612390328,0.006215959552633164,24,1.0,563,10086614
19581,0.08422221055416595,0.006737634442957432,0.006214311142963419,24,1.0,563,10092244
19591,0.08420012833867574,0.006735853388562239,0.006212665134880761,24,1.0,563,10097874
19601,0.08417858810965954,0.006734113890777724,0.006211021084846853,24,1.0,563,10103504
19611,0.08415663238965333,0.006732390354457134,0.006209378034782591,24,1.0,563,10109134
19621,0.08413455792587728,0.006730626331079939,0.006207737605110681,24,1.0,563,10114764
19631,0.08411191044420163,0.006728765557081664,0.006206094046653316,24,1.0,564,10120398
19641,0.08408932727195449,0.006726959059141577,0.0062044522272204075,24,1.0,564,10126038
19651,0.08406544683246817,0.006725045158587288,0.006202807241881883,24,1.0,564,10131678
19661,0.08404355977495312,0.006723312483648921,0.00620116979590186,24,1.0,564,10137318
19671,0.08402207548583135,0.0067215993135102525,0.006199532658488795,24,1.0,564,10142958
19681,0.08400069875790014,0.006719885685279206,0.006197896254660617,24,1.0,564,10148598
19691,0.08397963291853346,0.006718184266584102,0.006196263816169298,24,1.0,564,10154238
19701,0.08395722743826738,0.006716420907475072,0.0061946299097626265,24,1.0,564,10159878
19711,0.08393660185012176,0.006714747496316274,0.006192997726126785,24,1.0,564,10165518
19721,0.08391508936927161,0.006713042886467974,0.006191368375222134,24,1.0,564,10171158
19731,0.08389303031457641,0.006711267474650181,0.0061897371533810135,24,1.0,564,10176798
19741,0.08387137220138484,0.006709522350930691,0.00618810940971772,24,1.0,564,10182438
19751,0.08384824579241314,0.006707677800029941,0.006186482272905177,24,1.0,564,10188078
19761,0.08382543150742224,0.006705879796260484,0.006184856311393118,24,1.0,564,10193718
19771,0.08380344541897351,0.006704124630149151,0.006183230837573742,24,1.0,564,10199358
19781,0.08378127511978888,0.006702322392255379,0.0061816057159346065,24,1.0,564,10204998
19791,0.08375838265892811,0.006700489352916499,0.006179981379539231,24,1.0,564,10210638
19801,0.08373658552532508,0.006698751107816715,0.006178358847428449,24,1.0,564,10216278
19811,0.08371469397854919,0.00669700171814523,0.006176739147379665,24,1.0,564,10221918
19821,0.08369389441148768,0.006695366531641483,0.0061751239711587075,24,1.0,564,10227558
19831,0.08367308849402479,0.0066936324021878565,0.006173507460059611,24,1.0,564,10233198
19841,0.08365035456151969,0.0066918674905003354,0.0061718916881026735,24,1.0,564,10238838
19851,0.08362933657375686,0.006690198679038963,0.006170279886363029,24,1.0,564,10244478
19861,0.0836066171554585,0.0066883741122388965,0.006168663112761072,24,1.0,564,10250118
19871,0.08358436265537966,0.006686561785410047,0.006167048577005553,24,1.0,564,10255758
19881,0.08356388601724392,0.006684929141572129,0.006165438177704805,24,1.0,564,10261398
19891,0.0835399086931517,0.006683027138248221,0.006163826036883358,24,1.0,564,10267038
19901,0.08351768694543145,0.0066812673214811874,0.006162218326794536,24,1.0,564,10272678
19911,0.08349568346198141,0.006679448516170285,0.006160610641186632,24,1.0,564,10278318
19921,0.08347334276619411,0.006677693394113373,0.006159005165652403,24,1.0,564,10283958
19931,0.08344986726459738,0.006675810183168499,0.006157397280165709,24,1.0,564,10289598
19941,0.08342869475140338,0.00667410056816214,0.006155794212106897,24,1.0,564,10295238
19951,0.0834052138596055,0.006672255920159558,0.006154190965612624,24,1.0,564,10300878
19961,0.083383833069064,0.006670499569894219,0.006152590823847579,24,1.0,564,10306518
19971,0.08336149657250881,0.006668749957182893,0.006150991031799415,24,1.0,564,10312158
19981,0.08333847181417106,0.006666885153046126,0.006149391318171545,24,1.0,564,10317798
19991,0.08331632743905612,0.006665134946132306,0.006147794578181505,24,1.0,564,10323438
20001,0.08329594337175013,0.006663495530395018,0.006146201224359368,24,1.0,564,10329078
20011,0.0832740984127962,0.006661741029528863,0.006144606304204732,24,1.0,564,10334718
20021,0.08325242532070816,0.006660023183515273,0.006143014449332046,24,1.0,564,10340358
20031,0.08323021974003761,0.006658222242160608,0.006141422573672783,24,1.0,564,10345998
20041,0.08320908758292324,0.006656538856626389,0.006139833779137525,24,1.0,565,10351639
20051,0.08318792812304714,0.006654860303753469,0.006138241929387603,24,1.0,565,10357289
20061,0.08316617084082507,0.006653153217614178,0.006136651928171244,24,1.0,565,10362939
20071,0.08314399262986688,0.006651356273476897,0.006135061354110517,24,1.0,565,10368589
20081,0.08312242431301807,0.006649606401857031,0.0061334736691488825,24,1.0,565,10374239
20091,0.08310131118767031,0.0066478929816310775,0.006131885926893547,24,1.0,565,10379889
20101,0.08307914278911158,0.006646128434041766,0.006130298694519881,24,1.0,565,10385539
20111,0.08305758285326424,0.006644456255548045,0.006128714309056315,24,1.0,565,10391189
20121,0.0830375253937654,0.006642860507100533,0.006127134865142964,24,1.0,565,10396839
20131,0.08301728652217705,0.006641183892420633,0.006125553476442203,24,1.0,565,10402489
20141,0.08299462055846404,0.006639409158967611,0.006123972830810076,24,1.0,565,10408139
20151,0.08297362966978886,0.006637761387490799,0.006122394355923565,24,1.0,565,10413789
20161,0.08295263345908907,0.006636012127490593,0.006120817162773173,24,1.0,565,10419439
20171,0.08292958709456293,0.006634170329362266,0.006119239064037306,24,1.0,565,10425089
20181,0.08290779945150634,0.006632457035523894,0.006117665013091388,24,1.0,565,10430739
20191,0.08288676795316592,0.006630745112625514,0.006116090698350425,24,1.0,565,10436389
20201,0.08286327916928742,0.006628831467178508,0.006114516793437196,24,1.0,565,10442039
20211,0.08284054814178034,0.0066270825530947925,0.006112946771149756,24,1.0,565,10447689
20221,0.0828196561265277,0.006625361062441375,0.006111376172999843,24,1.0,565,10453339
20231,0.08279821762525977,0.006623658272754922,0.00610980702735985,24,1.0,565,10458989
20241,0.08277508768179562,0.006621832270497664,0.00610823835812166,24,1.0,565,10464639
20251,0.08275519767929929,0.006620265403488066,0.006106673628406201,24,1.0,565,10470289
20261,0.08273413476358439,0.006618589126072841,0.006105108233316573,24,1.0,565,10475939
20271,0.08271222537462279,0.006616815779011778,0.006103543123027887,24,1.0,565,10481589
20281,0.08269199406051589,0.0066151887733968216,0.006101981513244227,24,1.0,565,10487239
20291,0.08267078707146573,0.00661350268994551,0.00610042082913885,24,1.0,565,10492889
20301,0.08264933862131207,0.006611766279563745,0.006098861288473712,24,1.0,565,10498539
20311,0.08262752026014433,0.006610055369266768,0.006097302533065874,24,1.0,565,10504189
20321,0.08260731010628622,0.006608440387067237,0.00609574594443309,24,1.0,565,10509839
20331,0.08258578380711591,0.006606677171618878,0.006094189849684102,24,1.0,565,10515489
20341,0.08256468258034788,0.006604994369786371,0.0060926347273020905,24,1.0,565,10521139
20351,0.08254271900576014,0.0066032665884891775,0.0060910808697913835,24,1.0,565,10526789
20361,0.08252128767373673,0.006601572767818448,0.006089530599157477,24,1.0,565,10532439
20371,0.08250139341472719,0.00659994878846373,0.006087977886949321,24,1.0,565,10538089
20381,0.08248031616334973,0.006598293536274327,0.006086428276682245,24,1.0,565,10543739
20391,0.0824591059867258,0.006596569471955563,0.006084879253846889,24,1.0,565,10549389
20401,0.0824369090115177,0.006594776764033508,0.006083328425691702,24,1.0,565,10555039
20411,0.08241592545182042,0.006593093097365075,0.00608178081885332,24,1.0,565,10560689
20421,0.0823951076900037,0.006591429523624164,0.006080236873117161,24,1.0,565,10566339
20431,0.08237422100250735,0.006589787701298336,0.006078694457114388,24,1.0,565,10571989
20441,0.08235322299316622,0.006588072218450794,0.006077150878919768,24,1.0,565,10577639
20451,0.08233149709598903,0.006586341104361369,0.006075608253715354,24,1.0,565,10583289
20461,0.08231129795983409,0.006584730409890887,0.006074067749907362,24,1.0,565,10588939
20471,0.08228977621742381,0.006582996919345044,0.006072524930220518,24,1.0,566,10594598
20481,0.0822685689880887,0.006581336135652965,0.006070984031360065,24,1.0,566,10600258
20491,0.08224869331348669,0.006579734320112442,0.006069447338146339,24,1.0,566,10605918
20501,0.08222756125441957,0.006578018461133254,0.006067907727752002,24,1.0,566,10611578
20511,0.08220644601764208,0.006576368340932804,0.006066371370814931,24,1.0,566,10617238
20521,0.0821861302719284,0.006574749962985128,0.006064835866530494,24,1.0,566,10622898
20531,0.08216614715316238,0.006573142964626589,0.006063302187549265,24,1.0,566,10628558
20541,0.08214501738975175,0.0065714222897667995,0.006061769687329163,24,1.0,566,10634218
20551,0.08212449539489387,0.006569804304568413,0.006060239388528873,24,1.0,566,10639878
20561,0.08210424235033328,0.00656816730993489,0.006058708821190223,24,1.0,566,10645538
20571,0.08208425765548606,0.006566593949790911,0.0060571815763913505,24,1.0,566,10651198
20581,0.08206336153815251,0.00656489037295645,0.00605565269735081,24,1.0,566,10656858
20591,0.08204134578199489,0.006563120846109925,0.006054124491753587,24,1.0,566,10662518
20601,0.0820205255460586,0.006561465463985251,0.006052597080051909,24,1.0,566,10668178
20611,0.08199911252128125,0.006559792891990373,0.006051072154716575,24,1.0,566,10673838
20621,0.0819792070263371,0.006558180406305215,0.00604954895677939,24,1.0,566,10679498
20631,0.08195789033185208,0.006556443320908643,0.006048023156548899,24,1.0,566,10685158
20641,0.08193732426884874,0.006554816621924069,0.006046503045205574,24,1.0,566,10690818
20651,0.08191660667659567,0.006553154322074633,0.0060449813899845104,24,1.0,566,10696478
20661,0.08189542408051897,0.006551483285991653,0.006043461789272754,24,1.0,566,10702138
20671,0.08187384033339426,0.006549760053973858,0.0060419421185003595,24,1.0,566,10707798
20681,0.08185256665644673,0.006548024858349183,0.006040423868184889,24,1.0,566,10713458
20691,0.08183218675660885,0.006546424660367871,0.00603890785770022,24,1.0,566,10719118
20701,0.08181105088495698,0.006544743921250829,0.006037393844919318,24,1.0,566,10724778
20711,0.08179118233224777,0.00654314453972531,0.006035881787109079,24,1.0,566,10730438
20721,0.08177068316593226,0.0065414780698014215,0.006034369210956757,24,1.0,566,10736098
20731,0.08175076174594569,0.0065398861540807785,0.006032859632158667,24,1.0,566,10741758
20741,0.08173041871480266,0.006538257183108534,0.006031351529996312,24,1.0,566,10747418
20751,0.08171025758137496,0.006536642765222968,0.006029844961777781,24,1.0,566,10753078
20761,0.0816893021962398,0.006534948208386853,0.006028335363711594,24,1.0,566,10758738
20771,0.08167025120834202,0.006533459119991631,0.006026829963572425,24,1.0,566,10764398
20781,0.08164918250311358,0.006531753854402828,0.006025322243078099,24,1.0,566,10770058
20791,0.08162904198388363,0.006530141094155742,0.006023816932981936,24,1.0,566,10775718
20801,0.08160753019827809,0.006528441822103664,0.00602231572837459,24,1.0,566,10781378
20811,0.08158694586691712,0.006526790238389273,0.006020812037562543,24,1.0,566,10787038
20821,0.08156633629522196,0.006525108543426259,0.00601931147481936,24,1.0,566,10792698
20831,0.08154634163298152,0.006523545458148163,0.0060178141122287435,24,1.0,566,10798358
20841,0.08152537183385489,0.0065218878078745,0.006016314112553757,24,1.0,566,10804018
20851,0.08150528458221987,0.006520249602781227,0.006014816001166345,24,1.0,566,10809678
20861,0.08148484187056229,0.006518620911773184,0.006013318630766266,24,1.0,566,10815338
20871,0.08146530015278505,0.006517065931115922,0.006011823310857455,24,1.0,566,10820998
20881,0.08144595807678288,0.006515540071722795,0.0060103310438059596,24,1.0,566,10826658
20891,0.08142685632428687,0.006514016963473048,0.006008839411827845,24,1.0,566,10832318
20901,0.08140787114886583,0.006512471955991092,0.006007345811630184,24,1.0,567,10837986
20911,0.08138881759080235,0.00651094286027675,0.006005856241741638,24,1.0,567,10843656
20921,0.08136678363036073,0.006509181920260696,0.006004362603715519,24,1.0,567,10849326
20931,0.08134737050839681,0.0065076207932114015,0.006002872681530645,24,1.0,567,10854996
20941,0.08132680458121613,0.006505970737494209,0.006001382142368432,24,1.0,567,10860666
20951,0.08130637752300245,0.006504353074718926,0.005999891869929015,24,1.0,567,10866336
20961,0.0812871317012264,0.006502823337137228,0.00599840608972587,24,1.0,567,10872006
20971,0.08126681722537943,0.00650118358514276,0.005996918368281212,24,1.0,567,10877676
20981,0.0812452937053017,0.0064994602034627045,0.005995433060335607,24,1.0,567,10883346
20991,0.08122454249704066,0.006497816551851733,0.005993949153486511,24,1.0,567,10889016
21001,0.0812040522724891,0.006496172557762604,0.005992465944860268,24,1.0,567,10894686
21011,0.08118402608312807,0.0064945705784945846,0.005990985058155449,24,1.0,567,10900356
21021,0.08116342507592882,0.006492899828266842,0.005989504317181011,24,1.0,567,10906026
21031,0.08114227095504555,0.006491230409669326,0.0059880239520921875,24,1.0,567,10911696
21041,0.08112282018771155,0.006489654957660838,0.0059865468695011565,24,1.0,567,10917366
21051,0.08110322145029591,0.006488080690348251,0.005985068815206999,24,1.0,567,10923036
21061,0.08108317079145551,0.0064865059834378555,0.005983593895896124,24,1.0,567,10928706
21071,0.08106283142931708,0.006484882192344809,0.005982118126841719,24,1.0,567,10934376
21081,0.08104222430755853,0.006483199711071494,0.005980643846829343,24,1.0,567,10940046
21091,0.08102234178100784,0.006481602768450581,0.005979171108954069,24,1.0,567,10945716
21101,0.08100194855153253,0.006480008662324489,0.005977700265529822,24,1.0,567,10951386
21111,0.08098244017152209,0.00647843355283642,0.0059762329816379425,24,1.0,567,10957056
21121,0.08096240113457612,0.006476853168265183,0.005974764013754928,24,1.0,567,10962726
21131,0.08094259941328599,0.0064752287837501425,0.005973296330839974,24,1.0,567,10968396
21141,0.08092295383368031,0.006473707271239783,0.005971831168856735,24,1.0,567,10974066
21151,0.08090416922562185,0.0064721707492994595,0.00597036774635475,24,1.0,567,10979736
21161,0.08088439147614261,0.006470587042179872,0.00596890373034346,24,1.0,567,10985406
21171,0.08086434706419983,0.006469009363510437,0.005967440883898668,24,1.0,567,10991076
21181,0.08084474018214041,0.006467432876662709,0.00596597889997029,24,1.0,567,10996746
21191,0.08082534889972835,0.006465851152781531,0.005964518872960761,24,1.0,567,11002416
21201,0.08080482793765388,0.006464254571319122,0.005963057450993779,24,1.0,567,11008086
21211,0.0807846038965064,0.006462603058884985,0.0059615987982721864,24,1.0,567,11013756
21221,0.0807638544577763,0.006460957662873474,0.005960141741845816,24,1.0,567,11019426
21231,0.08074476353759058,0.00645944972244912,0.005958686742465102,24,1.0,567,11025096
21241,0.08072538644414536,0.006457875642060228,0.005957229484402929,24,1.0,567,11030766
21251,0.08070476408206545,0.006456222777158753,0.005955773659764521,24,1.0,567,11036436
21261,0.08068385836535429,0.006454561633974812,0.0059543190046085145,24,1.0,567,11042106
21271,0.08066462634932581,0.006453000823811457,0.005952866981840309,24,1.0,567,11047776
21281,0.08064532874119439,0.006451423629735759,0.005951416004325346,24,1.0,567,11053446
21291,0.08062423150760817,0.006449774282548967,0.005949963935015032,24,1.0,567,11059116
21301,0.08060472481928055,0.006448239363354623,0.005948516010070675,24,1.0,567,11064786
21311,0.08058604877752415,0.0064467055758959425,0.005947069196587417,24,1.0,567,11070456
21321,0.08056559618921384,0.006445109281432384,0.005945620683517318,24,1.0,567,11076126
21331,0.08054708734372555,0.00644361754393098,0.005944175459797386,24,1.0,567,11081796
21341,0.08052809519281087,0.006442118933042589,0.00594273218188264,24,1.0,568,11087474
21351,0.0805076087779672,0.006440461072953312,0.005941285629784872,24,1.0,568,11093154
21361,0.08048914118635093,0.006438961563511993,0.005939840829825083,24,1.0,568,11098834
21371,0.080469973384227,0.006437456795505737,0.005938396697829831,24,1.0,568,11104514
21381,0.08045097812494442,0.006435892929189886,0.00593695407700872,24,1.0,568,11110194
21391,0.08043122512956379,0.006434353980203285,0.005935512438101153,24,1.0,568,11115874
21401,0.08041184302266377,0.0064328019376974225,0.005934072388724308,24,1.0,568,11121554
21411,0.08039308781472977,0.006431268438771381,0.005932633617245351,24,1.0,568,11127234
21421,0.08037387236329271,0.006429775552226437,0.005931194752626413,24,1.0,568,11132914
21431,0.08035498677123432,0.006428264802608409,0.005929757462860835,24,1.0,568,11138594
21441,0.08033641061886307,0.0064267425375495735,0.005928322365542732,24,1.0,568,11144274
21451,0.08031666587499071,0.006425164663452304,0.005926886722209782,24,1.0,568,11149954
21461,0.08029573554093158,0.006423507691640014,0.005925451156522769,24,1.0,568,11155634
21471,0.08027568742498013,0.006421902386093547,0.005924017165815542,24,1.0,568,11161314
21481,0.0802566374098225,0.006420381641235673,0.005922586083540907,24,1.0,568,11166994
21491,0.08023714973576866,0.00641883216500676,0.005921155918731587,24,1.0,568,11172674
21501,0.08021903072185362,0.0064173874511104494,0.005919726538873001,24,1.0,568,11178354
21511,0.0801999242957294,0.006415848056253656,0.0059182983605688905,24,1.0,568,11184034
21521,0.08018194889341368,0.00641436623482826,0.0059168711919718765,24,1.0,568,11189714
21531,0.08016118590102358,0.006412741371610718,0.005915443628797568,24,1.0,568,11195394
21541,0.08014229822799722,0.006411227339592979,0.005914018585252743,24,1.0,568,11201074
21551,0.0801239717850543,0.006409751950985825,0.0059125964597826685,24,1.0,568,11206754
21561,0.08010432978612243,0.006408180717018693,0.0059111741839899465,24,1.0,568,11212434
21571,0.08008524932752063,0.006406663772652796,0.005909752288877653,24,1.0,568,11218114
21581,0.08006592934670612,0.006405119851449803,0.005908329436332778,24,1.0,568,11223794
21591,0.08004586357994198,0.006403547455617769,0.0059069092917129135,24,1.0,568,11229474
21601,0.0800273521656185,0.0064020494894494705,0.005905490667800955,24,1.0,568,11235154
21611,0.08000723848993682,0.006400401579299062,0.005904072008617999,24,1.0,568,11240834
21621,0.07998774338321535,0.006398879443705564,0.0059026546496732425,24,1.0,568,11246514
21631,0.07996853507345383,0.006397322672848474,0.00590123753475354,24,1.0,568,11252194
21641,0.07994889440034499,0.006395753094322513,0.005899821572899454,24,1.0,568,11257874
21651,0.07993010309243956,0.00639426232366911,0.005898407854400086,24,1.0,568,11263554
21661,0.07991078251750325,0.0063927276451441715,0.005896993712851776,24,1.0,568,11269234
21671,0.0798912826482508,0.006391147607785072,0.005895580184309651,24,1.0,568,11274914
21681,0.07987323031875838,0.006389709725562501,0.005894171924355353,24,1.0,568,11280594
21691,0.07985387492103725,0.0063881675963728445,0.005892761920137244,24,1.0,568,11286274
21701,0.07983509473529744,0.006386631260034681,0.005891353655299126,24,1.0,568,11291954
21711,0.0798155168086322,0.0063850898866724334,0.005889946084349974,24,1.0,568,11297634
21721,0.07979610819403585,0.006383523413263488,0.0058885380579037526,24,1.0,568,11303314
21731,0.07977700355641747,0.006382015225411222,0.005887132161125675,24,1.0,568,11308994
21741,0.07975795164204404,0.006380511225523086,0.005885728784807395,24,1.0,568,11314674
21751,0.07973981914998428,0.006379039141469506,0.005884325467426412,24,1.0,568,11320354
21761,0.07972071774785486,0.006377528075334731,0.005882924924886193,24,1.0,568,11326034
21771,0.07970209214233555,0.006376035043237323,0.005881523540700907,24,1.0,568,11331714
21781,0.0796840566385851,0.0063745707698495075,0.005880123572179807,24,1.0,568,11337394
21791,0.07966351773290267,0.006372926243881173,0.005878719887237202,24,1.0,569,11343083
21801,0.07964454968038055,0.006371384351245545,0.005877319565533169,24,1.0,569,11348773
21811,0.0796242340752326,0.00636978532230534,0.005875917781231641,24,1.0,569,11354463
21821,0.07960552493902809,0.006368281038805959,0.00587451855221862,24,1.0,569,11360153
21831,0.07958604435535027,0.00636671658739777,0.005873120852133808,24,1.0,569,11365843
21841,0.0795657749601287,0.006365131899432485,0.005871723820976488,24,1.0,569,11371533
21851,0.07954791135431996,0.006363696783714597,0.005870329992670288,24,1.0,569,11377223
21861,0.07952772935234158,0.006362086915292297,0.005868934615666298,24,1.0,569,11382913
21871,0.07950882313267259,0.006360519539149919,0.005867539596967582,24,1.0,569,11388603
21881,0.07948827127089458,0.006358899953195419,0.005866145267729214,24,1.0,569,11394293
21891,0.07946849826181118,0.00635733805825061,0.005864752828185798,24,1.0,569,11399983
21901,0.07944961659767899,0.006355820011615941,0.0058633628796195296,24,1.0,569,11405673
21911,0.07943078689678755,0.0063542909084291005,0.005861972914705972,24,1.0,569,11411363
21921,0.07941206611279748,0.006352837490447754,0.005860584993541663,24,1.0,569,11417053
21931,0.07939328298117089,0.00635132429187219,0.00585919786857133,24,1.0,569,11422743
21941,0.0793739439086929,0.006349792461494603,0.005857808676021204,24,1.0,569,11428433
21951,0.07935541641905682,0.00634826632962324,0.005856422716068119,24,1.0,569,11434123
21961,0.07933606799160332,0.006346754985755223,0.00585503823210045,24,1.0,569,11439813
21971,0.07931813633717855,0.006345309934259984,0.005853655686291002,24,1.0,569,11445503
21981,0.07929959238113408,0.006343823490539594,0.005852271386877641,24,1.0,569,11451193
21991,0.07928108077794786,0.006342318449124093,0.005850891024688376,24,1.0,569,11456883
22001,0.07926297962316001,0.0063409143385432165,0.005849512500121445,24,1.0,569,11462573
22011,0.07924564706009278,0.00633952630603993,0.005848134237516571,24,1.0,569,11468263
22021,0.07922677794831309,0.00633800025544703,0.0058467565569973136,24,1.0,569,11473953
22031,0.07920786615468559,0.00633647836143676,0.00584537909489657,24,1.0,569,11479643
22041,0.0791896282143393,0.006335013401201732,0.005844001832736668,24,1.0,569,11485333
22051,0.07917036709663276,0.006333471122972917,0.005842626150711505,24,1.0,569,11491023
22061,0.07915238181222412,0.006332032411618397,0.005841251682904484,24,1.0,569,11496713
22071,0.07913341212280871,0.0063305149539029295,0.005839877968609634,24,1.0,569,11502403
22081,0.07911526485271869,0.006329066292160792,0.005838505886986928,24,1.0,569,11508093
22091,0.07909722440316194,0.0063276442039143154,0.0058371367688968044,24,1.0,569,11513783
22101,0.0790792905597511,0.006326196075289839,0.005835767995113779,24,1.0,569,11519473
22111,0.07906112544660698,0.006324744471602829,0.005834398577753752,24,1.0,569,11525163
22121,0.07904212972344957,0.006323197931478745,0.005833028228864826,24,1.0,569,11530853
22131,0.07902434695311056,0.006321788915945474,0.005831661824213682,24,1.0,569,11536543
22141,0.0790052662922363,0.006320262581919738,0.005830294739005367,24,1.0,569,11542233
22151,0.07898618120037738,0.006318720931505469,0.0058289267283822424,24,1.0,569,11547923
22161,0.07896763371337379,0.006317253704934082,0.005827562133552164,24,1.0,569,11553613
22171,0.07894917442620494,0.006315797992103542,0.005826200441102249,24,1.0,569,11559303
22181,0.07893115776441889,0.0063143418255474084,0.005824839355619029,24,1.0,569,11564993
22191,0.07891337764537125,0.006312912061655748,0.005823479117054325,24,1.0,569,11570683
22201,0.07889534901156883,0.006311484791635843,0.005822118692393152,24,1.0,569,11576373
22211,0.07887791049179384,0.006310094277663103,0.0058207597961973945,24,1.0,569,11582063
22221,0.07885934862152072,0.006308634738387739,0.005819400202444882,24,1.0,569,11587753
22231,0.07884225091987836,0.006307222365016725,0.005818044517472413,24,1.0,569,11593443
22241,0.07882321325435794,0.006305718796266407,0.005816687526731635,24,1.0,569,11599133
22251,0.07880372556905589,0.006304173257100665,0.005815329338643135,24,1.0,570,11604833
22261,0.07878618271283785,0.00630272537998981,0.005813974052046522,24,1.0,570,11610533
22271,0.07876740949326771,0.0063012533151507975,0.005812617778143344,24,1.0,570,11616233
22281,0.07874896514532272,0.006299776386174616,0.0058112630542733355,24,1.0,570,11621933
22291,0.07873103413807869,0.006298346448791592,0.00580990968331594,24,1.0,570,11627633
22301,0.0787134303527642,0.006296899754181504,0.005808557257105332,24,1.0,570,11633333
22311,0.07869467381873083,0.0062954023187015195,0.005807206488021362,24,1.0,570,11639033
22321,0.07867491491153451,0.00629386755762249,0.005805854687672231,24,1.0,570,11644733
22331,0.07865607602685636,0.006292317709841437,0.005804503986653519,24,1.0,570,11650433
22341,0.07863706662848054,0.006290816269329811,0.0058031543278143525,24,1.0,570,11656133
22351,0.07861982284865023,0.006289442767415812,0.005801807068096693,24,1.0,570,11661833
22361,0.07860146695944811,0.006287987663406032,0.00580046030350955,24,1.0,570,11667533
22371,0.07858306911859844,0.006286499730876724,0.005799112787572318,24,1.0,570,11673233
22381,0.0785647030149767,0.006285064395117062,0.005797766897216773,24,1.0,570,11678933
22391,0.07854603770162523,0.006283540371388842,0.00579642196180613,24,1.0,570,11684633
22401,0.07852843319087081,0.006282135048582884,0.005795078798055765,24,1.0,570,11690333
22411,0.07851043704944881,0.006280679303522181,0.005793734635442335,24,1.0,570,11696033
22421,0.07849194006193361,0.006279196723430259,0.0057923918059782885,24,1.0,570,11701733
22431,0.07847321828493226,0.0062777196264214834,0.005791051777785589,24,1.0,570,11707433
22441,0.07845581083886362,0.00627632272962725,0.00578971334552561,24,1.0,570,11713133
22451,0.07843717066393027,0.006274812585704012,0.005788372539385064,24,1.0,570,11718833
22461,0.07841826985487112,0.006273334292771162,0.005787035630238388,24,1.0,570,11724533
22471,0.07840007767289978,0.006271865851132397,0.005785699348927518,24,1.0,570,11730233
22481,0.07838184377412771,0.006270404318374942,0.005784363889667899,24,1.0,570,11735933
22491,0.07836378727005475,0.0062689467606422316,0.005783029773828761,24,1.0,570,11741633
22501,0.07834525123684426,0.006267500464880981,0.005781696539607487,24,1.0,570,11747333
22511,0.07832714794395201,0.006266023130034379,0.005780362840206468,24,1.0,570,11753033
22521,0.0783097496508109,0.006264647394238556,0.005779032212278381,24,1.0,570,11758733
22531,0.07829123499849439,0.0062631619518339985,0.005777701215219057,24,1.0,570,11764433
22541,0.07827193377247296,0.006261596138375956,0.005776369414701555,24,1.0,570,11770133
22551,0.07825382841100186,0.006260163812890684,0.005775040519991753,24,1.0,570,11775833
22561,0.07823551812247516,0.0062587078085262655,0.005773711376655023,24,1.0,570,11781533
22571,0.07821800136342101,0.0062573051089551066,0.005772385358613248,24,1.0,570,11787233
22581,0.07820042422208358,0.006255906284441403,0.005771058632459928,24,1.0,570,11792933
22591,0.07818211638711942,0.006254405512879214,0.005769732468622686,24,1.0,570,11798633
22601,0.07816461854462936,0.006253020283893792,0.005768409653857508,24,1.0,570,11804333
22611,0.07814658999419563,0.006251604160792655,0.00576708761201825,24,1.0,570,11810033
22621,0.07812982198441307,0.006250220853520366,0.0057657665639187115,24,1.0,570,11815733
22631,0.0781107160742048,0.0062487185227014155,0.005764443930043423,24,1.0,570,11821433
22641,0.07809294269223299,0.0062473039719026765,0.005763123707339778,24,1.0,570,11827133
22651,0.07807505553642913,0.006245865875935237,0.005761803527115572,24,1.0,570,11832833
22661,0.07805739743891034,0.006244434574847995,0.0057604869573223616,24,1.0,570,11838533
22671,0.07803915712956895,0.006242972581369051,0.005759168614361987,24,1.0,570,11844233
22681,0.07802197430484907,0.006241611027305028,0.005757853093260003,24,1.0,570,11849933
22691,0.07800429940432771,0.006240204334906429,0.005756536398685369,24,1.0,570,11855633
22701,0.0779870144897959,0.0062388201992935,0.005755222234592845,24,1.0,570,11861333
22711,0.07796889696560315,0.006237353651537191,0.005753906365042951,24,1.0,571,11867035
22721,0.07795147475462097,0.006235985837211583,0.005752593061565946,24,1.0,571,11872745
22731,0.07793445934004128,0.00623462325810564,0.005751279665179818,24,1.0,571,11878455
22741,0.07791663064043682,0.0062331741080681735,0.005749965624998905,24,1.0,571,11884165
22751,0.07789847415063988,0.006231747500431397,0.005748652552731832,24,1.0,571,11889875
22761,0.07788131551172123,0.006230341955948203,0.005747341231718497,24,1.0,571,11895585
22771,0.07786270143413493,0.006228894456058531,0.005746029919505906,24,1.0,571,11901295
22781,0.07784581751211757,0.006227549545144862,0.005744721357985108,24,1.0,571,11907005
22791,0.07782846251482287,0.006226126922740415,0.005743412946552422,24,1.0,571,11912715
22801,0.07781028034197776,0.0062246981658675045,0.0057421037531809336,24,1.0,571,11918425
22811,0.0777931639867258,0.006223301824100245,0.0057407971953529965,24,1.0,571,11924135
22821,0.07777543525771469,0.006221903600191781,0.0057394909543581505,24,1.0,571,11929845
22831,0.07775820010522441,0.006220526303380609,0.0057381867591778145,24,1.0,571,11935555
22841,0.0777404782507436,0.006219058797527534,0.005736881943479543,24,1.0,571,11941265
22851,0.07772179036514752,0.006217600903408595,0.005735578253519723,24,1.0,571,11946975
22861,0.07770476981507965,0.006216255000703833,0.005734276734511607,24,1.0,571,11952685
22871,0.07768747653851014,0.0062148559919392036,0.005732973239412167,24,1.0,571,11958395
22881,0.07767042599809137,0.006213511929587461,0.005731674148918953,24,1.0,571,11964105
22891,0.07765246443872388,0.006212043868210727,0.005730375337145106,24,1.0,571,11969815
22901,0.07763522493749822,0.006210674741633431,0.005729077244060462,24,1.0,571,11975525
22911,0.07761778468027976,0.0062092881246637865,0.00572777965233898,24,1.0,571,11981235
22921,0.07760063984744052,0.006207912381157598,0.005726483114335088,24,1.0,571,11986945
22931,0.07758343597330943,0.006206544658832745,0.005725187794410125,24,1.0,571,11992655
22941,0.07756548363371348,0.0062051241230898805,0.005723892715276714,24,1.0,571,11998365
22951,0.07754696112511984,0.006203614140816296,0.005722597044767031,24,1.0,571,12004075
22961,0.07752829342841486,0.006202127892838859,0.005721300508906259,24,1.0,571,12009785
22971,0.07751087457216886,0.006200717543493718,0.005720008669410793,24,1.0,571,12015495
22981,0.07749221615117559,0.006199243316330629,0.0057187157676958575,24,1.0,571,12021205
22991,0.07747508665191967,0.006197825133955673,0.005717425629289944,24,1.0,571,12026915
23001,0.07745710626045123,0.0061964234471908524,0.005716135682273968,24,1.0,571,12032625
23011,0.07743929712085702,0.006195005855543962,0.005714847629733308,24,1.0,571,12038335
23021,0.07742208078555923,0.0061936117685694545,0.005713561655346273,24,1.0,571,12044045
23031,0.07740531549841072,0.006192272054709167,0.005712274905759069,24,1.0,571,12049755
23041,0.07738692880393083,0.006190826509103195,0.005710986784145971,24,1.0,571,12055465
23051,0.07736920469940174,0.006189398848347535,0.005709701941755847,24,1.0,571,12061175
23061,0.07735208919575505,0.006188026897662925,0.0057084195055878,24,1.0,571,12066885
23071,0.07733488031185316,0.006186647480898692,0.00570713633181447,24,1.0,571,12072595
23081,0.07731742069676512,0.006185208800677709,0.005705852725358829,24,1.0,571,12078305
23091,0.07730007825593081,0.006183866314519704,0.005704572765394208,24,1.0,571,12084015
23101,0.07728210105113077,0.006182449215123375,0.005703291237851539,24,1.0,571,12089725
23111,0.07726443376701157,0.006181027532055782,0.005702011371338017,24,1.0,571,12095435
23121,0.07724763437803184,0.006179671098343429,0.0057007338192358,24,1.0,571,12101145
23131,0.077229241384943,0.006178212320925531,0.0056994546403830735,24,1.0,571,12106855
23141,0.07721225650606231,0.006176850828160871,0.005698177493930443,24,1.0,571,12112565
23151,0.07719462123080398,0.0061754359174024465,0.005696901046526717,24,1.0,571,12118275
23161,0.0771765980602544,0.006173989983051325,0.005695624232748111,24,1.0,571,12123985
23171,0.07715917935577848,0.006172597974627276,0.005694349057395062,24,1.0,571,12129695
23181,0.07714151208581735,0.0061711735655367445,0.005693073216207445,24,1.0,571,12135405
23191,0.07712410053653926,0.006169773796921461,0.005691798534445937,24,1.0,572,12141119
23201,0.07710715248883387,0.006168433332831279,0.005690526447196794,24,1.0,572,12146839
23211,0.07709134356429699,0.006167179808977394,0.005689255590222185,24,1.0,572,12152559
23221,0.07707422711580961,0.006165807807366957,0.005687983337388407,24,1.0,572,12158279
23231,0.07705710511638673,0.006164436751318503,0.005686711142883276,24,1.0,572,12163999
23241,0.07704054889280747,0.006163131729849897,0.005685440931958971,24,1.0,572,12169719
23251,0.07702280995316389,0.0061616933197806015,0.005684171018462126,24,1.0,572,12175439
23261,0.07700612095447526,0.006160356905169301,0.005682902207169871,24,1.0,572,12181159
23271,0.07698937405076049,0.006159000657749094,0.005681636179425166,24,1.0,572,12186879
23281,0.07697227586311126,0.006157656384165219,0.00568036920234848,24,1.0,572,12192599
23291,0.07695415427583845,0.006156202608568073,0.005679101741780899,24,1.0,572,12198319
23301,0.07693664930451881,0.006154776099084649,0.005677836006727635,24,1.0,572,12204039
23311,0.07691857092166635,0.006153350613584274,0.005676572198103713,24,1.0,572,12209759
23321,0.07690150419469365,0.0061519826139417606,0.005675308926914105,24,1.0,572,12215479
23331,0.07688403630682974,0.006150578398858579,0.005674045667853741,24,1.0,572,12221199
23341,0.07686573833728617,0.006149121543766822,0.005672782607568944,24,1.0,572,12226919
23351,0.07684901713498407,0.006147808677070712,0.005671522106069949,24,1.0,572,12232639
23361,0.07683271923274816,0.006146495305368485,0.005670261951403878,24,1.0,572,12238359
23371,0.07681569430494725,0.006145115553661157,0.005669002700588569,24,1.0,572,12244079
23381,0.07679754954868226,0.006143672304067219,0.00566774103334924,24,1.0,572,12249799
23391,0.07678075434180946,0.006142289033163356,0.005666483147284994,24,1.0,572,12255519
23401,0.07676304602084981,0.006140895771120217,0.005665226670611779,24,1.0,572,12261239
23411,0.0767463084008048,0.006139556861446277,0.005663972593211869,24,1.0,572,12266959
23421,0.07672848791582858,0.006138153210412131,0.0056627160266808745,24,1.0,572,12272679
23431,0.07671201281724507,0.006136829819499242,0.005661462212645037,24,1.0,572,12278399
23441,0.07669606088196108,0.006135556480822479,0.005660209889002839,24,1.0,572,12284119
23451,0.07667914667046948,0.006134202066765711,0.005658957126830796,24,1.0,572,12289839
23461,0.07666200531102327,0.006132804933431613,0.005657704862370796,24,1.0,572,12295559
23471,0.07664458617162442,0.006131446948671916,0.00565645284786222,24,1.0,572,12301279
23481,0.07662782629647204,0.006130092619503226,0.0056552020683238785,24,1.0,572,12306999
23491,0.07661003987587274,0.0061286915789096055,0.0056539528474420795,24,1.0,572,12312719
23501,0.07659371146901492,0.006127369058044139,0.005652704354531322,24,1.0,572,12318439
23511,0.07657623842015386,0.006125971304511839,0.0056514556373370274,24,1.0,572,12324159
23521,0.07655984742680504,0.006124666901297895,0.005650209512828822,24,1.0,572,12329879
23531,0.07654229649696133,0.006123233051521573,0.0056489633318664205,24,1.0,572,12335599
23541,0.07652508019214947,0.006121859921266378,0.005647717225230634,24,1.0,572,12341319
23551,0.0765072150701128,0.006120437594458132,0.00564647265570542,24,1.0,572,12347039
23561,0.07649010786286403,0.006119066405683971,0.00564522955733284,24,1.0,572,12352759
23571,0.07647255566330974,0.006117677219355609,0.005643986035530284,24,1.0,572,12358479
23581,0.07645515120422465,0.006116310651007435,0.005642745385941727,24,1.0,572,12364199
23591,0.07643914453257258,0.006115007204449538,0.005641506407784934,24,1.0,572,12369919
23601,0.07642215198480262,0.006113608715055113,0.005640267156284225,24,1.0,572,12375639
23611,0.07640532300321355,0.006112300302728029,0.005639028714195186,24,1.0,572,12381359
23621,0.07638906196584118,0.0061110116429556535,0.005637791132076624,24,1.0,572,12387079
23631,0.0763723398087015,0.006109682035417244,0.00563655525401207,24,1.0,572,12392799
23641,0.07635571319099976,0.006108330423089213,0.005635318255915278,24,1.0,572,12398519
23651,0.07633914827227907,0.006106986467972688,0.005634084638269115,24,1.0,572,12404239
23661,0.07632082873284972,0.0061055385004509,0.005632848767541508,24,1.0,572,12409959
23671,0.07630430405738275,0.006104208546378406,0.005631614280882485,24,1.0,572,12415679
23681,0.0762881431324822,0.006102907701045217,0.005630381381897603,24,1.0,573,12421405
23691,0.07627070057171756,0.006101511055567107,0.005629145864002225,24,1.0,573,12427135
23701,0.07625385732217718,0.006100161011747266,0.005627912849286109,24,1.0,573,12432865
23711,0.07623764568354513,0.006098868199817428,0.005626681197655238,24,1.0,573,12438595
23721,0.07622045659087495,0.006097513268437074,0.005625449558510655,24,1.0,573,12444325
23731,0.0762039322147087,0.006096190062313733,0.00562421783697379,24,1.0,573,12450055
23741,0.07618728513536459,0.006094799512606921,0.005622986551435925,24,1.0,573,12455785
23751,0.07616892786521069,0.006093380533095524,0.005621756490567798,24,1.0,573,12461515
23761,0.07615178673405744,0.006092016015755041,0.005620528607348731,24,1.0,573,12467245
23771,0.07613514154655626,0.006090679146388015,0.00561930092898551,24,1.0,573,12472975
23781,0.07611782382811491,0.006089279146594447,0.005618073064180425,24,1.0,573,12478705
23791,0.07610136829815879,0.006088004133229626,0.005616846865501633,24,1.0,573,12484435
23801,0.0760848904774412,0.0060866673251627175,0.00561562196436149,24,1.0,573,12490165
23811,0.0760683238434412,0.006085340746583801,0.00561439832704765,24,1.0,573,12495895
23821,0.07605205114714654,0.006084013733098762,0.00561317409269129,24,1.0,573,12501625
23831,0.07603535706089289,0.006082708890692367,0.005611951410502063,24,1.0,573,12507355
23841,0.07601942181574856,0.006081431491176594,0.005610728970893011,24,1.0,573,12513085
23851,0.07600135556539481,0.006079976986388026,0.005609506377473923,24,1.0,573,12518815
23861,0.07598547556599712,0.006078689421099692,0.00560828625907782,24,1.0,573,12524545
23871,0.0759682631115677,0.006077335071527985,0.005607064557864143,24,1.0,573,12530275
23881,0.07595242109275267,0.00607606779142112,0.005605846226514205,24,1.0,573,12536005
23891,0.07593571190363309,0.006074731142106853,0.005604629488431909,24,1.0,573,12541735
23901,0.07591956003418442,0.006073428488275008,0.005603412997742543,24,1.0,573,12547465
23911,0.07590267484756257,0.0060720790897647835,0.005602197001782272,24,1.0,573,12553195
23921,0.07588603258660337,0.0060707438357773084,0.005600981288632824,24,1.0,573,12558925
23931,0.07586922002272323,0.006069369871269327,0.005599766589758615,24,1.0,573,12564655
23941,0.07585246849232315,0.0060680747356982485,0.005598553485499568,24,1.0,573,12570385
23951,0.07583686605181036,0.006066796283252509,0.0055973412917228365,24,1.0,573,12576115
23961,0.07582071333134348,0.006065529209720888,0.005596130053210124,24,1.0,573,12581845
23971,0.07580406082606732,0.0060641509958556505,0.005594918079565984,24,1.0,573,12587575
23981,0.07578822593500764,0.006062954081598412,0.005593709066826712,24,1.0,573,12593305
23991,0.07577279595993705,0.006061680284463359,0.005592499518239373,24,1.0,573,12599035
24001,0.0757550421562115,0.006060275858598137,0.0055912891447873194,24,1.0,573,12604765
24011,0.07573830292825491,0.006058931553135198,0.00559008289596059,24,1.0,573,12610495
24021,0.07572139464604649,0.006057609175157323,0.005588875466071523,24,1.0,573,12616225
24031,0.07570561319954852,0.006056323111613432,0.0055876707287021215,24,1.0,573,12621955
24041,0.07568907167364756,0.006055014295746953,0.005586466183016139,24,1.0,573,12627685
24051,0.07567231206219202,0.0060536513317079365,0.00558526129365988,24,1.0,573,12633415
24061,0.07565561304438023,0.0060523155016525,0.005584057401620615,24,1.0,573,12639145
24071,0.07564007030493351,0.00605108001765452,0.00558285486886607,24,1.0,573,12644875
24081,0.07562380193588034,0.006049779939323173,0.0055816531489247465,24,1.0,573,12650605
24091,0.0756076424085652,0.006048479419644423,0.005580451439503659,24,1.0,573,12656335
24101,0.07559172210149362,0.0060472032696469395,0.005579251740114026,24,1.0,573,12662065
24111,0.0755748171338525,0.0060458483557099115,0.005578052516020975,24,1.0,573,12667795
24121,0.07555771197048748,0.006044489166352313,0.0055768531857818575,24,1.0,573,12673525
24131,0.07554053735474756,0.006043124408335281,0.005575654942391373,24,1.0,573,12679255
24141,0.07552500263587703,0.006041871288749882,0.0055744593205048,24,1.0,573,12684985
24151,0.07550881082576025,0.006040587741633899,0.005573261518109764,24,1.0,573,12690715
24161,0.07549297116776568,0.006039341453193127,0.005572065848226942,24,1.0,573,12696445
24171,0.07547673564031344,0.006038014083146509,0.005570871253580916,24,1.0,573,12702175
24181,0.07546002386753187,0.006036656447279535,0.005569674680158007,24,1.0,574,12707912
24191,0.07544410232554771,0.006035398393534078,0.005568479507642102,24,1.0,574,12713652
24201,0.0754272183692649,0.006034038688175634,0.005567284329863279,24,1.0,574,12719392
24211,0.07541079978112952,0.0060326890042281655,0.0055660892643709554,24,1.0,574,12725132
24221,0.0753940036711027,0.0060314011298258936,0.005564898145617637,24,1.0,574,12730872
24231,0.07537807670816186,0.006030132228281648,0.0055637045351109825,24,1.0,574,12736612
24241,0.07536128700055801,0.006028798184680204,0.005562512742352286,24,1.0,574,12742352
24251,0.07534510674257926,0.006027476688748061,0.005561321257353951,24,1.0,574,12748092
24261,0.07532856584536758,0.006026163840526236,0.005560130991303991,24,1.0,574,12753832
24271,0.07531258485237399,0.006024862205052386,0.00555894195332111,24,1.0,574,12759572
24281,0.07529611444523154,0.006023549830447826,0.0055577527242560605,24,1.0,574,12765312
24291,0.07527922008790906,0.006022221582743593,0.005556564212606227,24,1.0,574,12771052
24301,0.07526291721516265,0.0060208903776020955,0.005555375632622987,24,1.0,574,12776792
24311,0.07524660918590238,0.006019606429333364,0.005554188799000267,24,1.0,574,12782532
24321,0.07523052117668946,0.00601832204268443,0.005553002866681219,24,1.0,574,12788272
24331,0.07521399380990525,0.006016984506932873,0.005551817081439164,24,1.0,574,12794012
24341,0.07519773466453555,0.006015694144052962,0.005550632760615434,24,1.0,574,12799752
24351,0.07518094070563347,0.006014341726256404,0.005549448222359776,24,1.0,574,12805492
24361,0.07516475180589682,0.00601304413727937,0.0055482650277137125,24,1.0,574,12811232
24371,0.07514876604684952,0.006011758955205056,0.005547083806066809,24,1.0,574,12816972
24381,0.0751330471090153,0.006010519471557593,0.005545903660820302,24,1.0,574,12822712
24391,0.07511669805229271,0.006009214191840367,0.0055447224144428466,24,1.0,574,12828452
24401,0.07510031202600047,0.006007904671603597,0.005543543717958681,24,1.0,574,12834192
24411,0.07508480031878598,0.0060066280051721856,0.005542366181966483,24,1.0,574,12839932
24421,0.07506955415542378,0.006005469755191692,0.005541189554747301,24,1.0,574,12845672
24431,0.07505516380689113,0.006004286651731155,0.005540014143470919,24,1.0,574,12851412
24441,0.07503830874763362,0.006002934505864561,0.005538837127174537,24,1.0,574,12857152
24451,0.0750213378569073,0.0060015769258349875,0.005537661777571185,24,1.0,574,12862892
24461,0.07500506399817083,0.006000266182280006,0.005536485970719717,24,1.0,574,12868632
24471,0.07498829154165434,0.005998930850667961,0.005535312114957936,24,1.0,574,12874372
24481,0.07497178529183864,0.005997638444224228,0.005534140595948043,24,1.0,574,12880112
24491,0.07495759605650708,0.005996497005939513,0.005532970198095215,24,1.0,574,12885852
24501,0.0749418099775444,0.005995218936287084,0.005531799030298191,24,1.0,574,12891592
24511,0.07492497013929691,0.005993871836851775,0.005530626904001114,24,1.0,574,12897332
24521,0.07490947514394264,0.0059926335874061,0.005529457422963104,24,1.0,574,12903072
24531,0.07489419626596135,0.0059914088182175355,0.005528288379969791,24,1.0,574,12908812
24541,0.07487807110901333,0.005990131569770117,0.00552711931957951,24,1.0,574,12914552
24551,0.074862732866989,0.0059889020485451566,0.005525953751909643,24,1.0,574,12920292
24561,0.07484719856587342,0.005987653047767835,0.00552478800688027,24,1.0,574,12926032
24571,0.07483180080952227,0.005986430164205978,0.0055236232137479855,24,1.0,574,12931772
24581,0.07481587533475346,0.005985115731671139,0.005522456942686309,24,1.0,574,12937512
24591,0.07480098732433162,0.005983948799909092,0.0055212942622136045,24,1.0,574,12943252
24601,0.074784782161871,0.005982676472416942,0.00552013011866941,24,1.0,574,12948992
24611,0.07476947149274514,0.005981427703288853,0.005518965825811053,24,1.0,574,12954732
24621,0.07475295633697207,0.0059801255006887806,0.0055178027048708965,24,1.0,574,12960472
24631,0.07473846953843195,0.005978959059626284,0.005516641899022856,24,1.0,574,12966212
24641,0.07472252678128133,0.005977683717373654,0.005515480280071445,24,1.0,574,12971952
24651,0.07470650013019561,0.0059763802616801705,0.005514319245347025,24,1.0,574,12977692
24661,0.07469035830663615,0.005975087751239615,0.005513160430644309,24,1.0,574,12983432
24671,0.07467438445714655,0.0059738237667240415,0.005512002164347091,24,1.0,574,12989172
24681,0.07465849972354975,0.00597255307173041,0.005510845192001053,24,1.0,574,12994912
24691,0.07464273533175197,0.00597129702594913,0.005509686647495654,24,1.0,575,13000660
24701,0.0746272792904342,0.005970060620784914,0.005508526728868395,24,1.0,575,13006410
24711,0.07461064179224587,0.00596873346690257,0.0055073683432601455,24,1.0,575,13012160
24721,0.0745957076327606,0.005967533794496153,0.005506211797924377,24,1.0,575,13017910
24731,0.0745788257988624,0.005966163297087922,0.005505054138320221,24,1.0,575,13023660
24741,0.07456295702747252,0.005964912661614043,0.005503899497984102,24,1.0,575,13029410
24751,0.0745475677461036,0.005963682849014992,0.005502745908036848,24,1.0,575,13035160
24761,0.07453215705463766,0.00596246382093449,0.005501593854625868,24,1.0,575,13040910
24771,0.07451681868957352,0.005961201846798477,0.005500438737715938,24,1.0,575,13046660
24781,0.07450021056062404,0.0059599020046522694,0.005499285068486754,24,1.0,575,13052410
24791,0.07448539156337206,0.005958725287861924,0.005498134565761869,24,1.0,575,13058160
24801,0.07446975573123224,0.0059574545439449135,0.005496982608893929,24,1.0,575,13063910
24811,0.0744538808857382,0.005956200835124199,0.00549583317978308,24,1.0,575,13069660
24821,0.07443826553876756,0.005954954168640699,0.005494683984159493,24,1.0,575,13075410
24831,0.07442311139157719,0.005953699600983082,0.00549353663246692,24,1.0,575,13081160
24841,0.0744074849430457,0.005952475693706349,0.005492389164519278,24,1.0,575,13086910
24851,0.07439203952749411,0.0059512326839726406,0.0054912419372118194,24,1.0,575,13092660
24861,0.07437682137566498,0.005950020281809695,0.005490096170823372,24,1.0,575,13098410
24871,0.0743600615204172,0.005948662207646102,0.0054889475865568605,24,1.0,575,13104160
24881,0.07434384044188068,0.005947362137604682,0.005487801790211276,24,1.0,575,13109910
24891,0.07432826550484795,0.00594611871542228,0.005486656706241687,24,1.0,575,13115660
24901,0.07431237554757553,0.005944850090202781,0.00548551381126796,24,1.0,575,13121410
24911,0.07429649611268513,0.005943602106118454,0.005484370516340838,24,1.0,575,13127160
24921,0.07427980773401976,0.005942273301739334,0.005483227904829743,24,1.0,575,13132910
24931,0.07426572677186624,0.005941156778916912,0.005482089088783778,24,1.0,575,13138660
24941,0.07424967745752799,0.005939853137389377,0.005480947293892303,24,1.0,575,13144410
24951,0.07423448762754287,0.005938639262197918,0.005479808032506428,24,1.0,575,13150160
24961,0.07421933826776199,0.005937427389128441,0.005478669044224051,24,1.0,575,13155910
24971,0.07420418307218943,0.0059362076517107355,0.005477531250324342,24,1.0,575,13161660
24981,0.07418866780145468,0.005934959119657702,0.005476393715563816,24,1.0,575,13167410
24991,0.07417359357212572,0.005933765579220079,0.005475257506763191,24,1.0,575,13173160
25001,0.0741584365324327,0.005932543248765514,0.005474122458066233,24,1.0,575,13178910
25011,0.0741436426742918,0.005931378268491153,0.005472989525112707,24,1.0,575,13184660
25021,0.07412695290038872,0.0059300124420357475,0.005471853658250113,24,1.0,575,13190410
25031,0.07411127266722388,0.005928780223954956,0.005470720758274689,24,1.0,575,13196160
25041,0.07409535722747225,0.005927513206281683,0.0054695874804809586,24,1.0,575,13201910
25051,0.07407991234716724,0.00592627891689686,0.00546845346554217,24,1.0,575,13207660
25061,0.07406389518505557,0.005924989040387157,0.005467322709883999,24,1.0,575,13213410
25071,0.07404865436409694,0.005923790676669409,0.0054661930762816115,24,1.0,575,13219160
25081,0.07403454038600055,0.00592266161846341,0.005465065114298578,24,1.0,575,13224910
25091,0.07401994532394876,0.005921498969431409,0.00546393805338827,24,1.0,575,13230660
25101,0.07400421284236576,0.005920215981445174,0.005462808230178311,24,1.0,575,13236410
25111,0.0739896210214449,0.0059190316031847295,0.005461679416866618,24,1.0,575,13242160
25121,0.0739742748551974,0.005917841853230139,0.005460553640327712,24,1.0,575,13247910
25131,0.07395928941835575,0.005916615013001398,0.00545942616734429,24,1.0,575,13253660
25141,0.07394316998038697,0.005915346276449593,0.005458299606815399,24,1.0,575,13259410
25151,0.0739279602911799,0.005914125913441144,0.005457174062140982,24,1.0,575,13265160
25161,0.07391231875436517,0.005912867355480048,0.005456050304269475,24,1.0,575,13270910
25171,0.07389697656196269,0.005911630318752168,0.005454925554345571,24,1.0,575,13276660
25181,0.07388159861691605,0.005910411112968146,0.005453803124589201,24,1.0,575,13282410
25191,0.07386524286988269,0.0059091039488468715,0.0054526804491448234,24,1.0,575,13288160
25201,0.07385028020209575,0.005907886356629387,0.0054515597931160025,24,1.0,575,13293910
25211,0.07383575186120425,0.005906748453112158,0.005450438141462,24,1.0,576,13299669
25221,0.07382152055329047,0.005905591815404953,0.005449317311735334,24,1.0,576,13305429
25231,0.0738069339436998,0.005904455280600916,0.005448197627686335,24,1.0,576,13311189
25241,0.0737919169486797,0.00590323217096055,0.0054470761165967005,24,1.0,576,13316949
25251,0.07377725761878241,0.005902067976629066,0.0054459581923912495,24,1.0,576,13322709
25261,0.07376263756963335,0.005900874235465484,0.005444839477122398,24,1.0,576,13328469
25271,0.07374825330629567,0.00589973325369716,0.005443723948400664,24,1.0,576,13334229
25281,0.07373259327153503,0.005898501084024947,0.005442606484489797,24,1.0,576,13339989
25291,0.07371747207624861,0.005897295080102338,0.005441489534629202,24,1.0,576,13345749
25301,0.07370251140418413,0.0058960753527506045,0.005440373713141277,24,1.0,576,13351509
25311,0.07368751489009753,0.005894879330287412,0.005439258664623414,24,1.0,576,13357269
25321,0.07367242231869148,0.005893675619124871,0.0054381433414253215,24,1.0,576,13363029
25331,0.0736569024952528,0.0058924292905576945,0.005437027495208014,24,1.0,576,13368789
25341,0.0736414078518759,0.005891183778367616,0.005435912236705976,24,1.0,576,13374549
25351,0.07362587817510016,0.005889952318823508,0.005434799250753886,24,1.0,576,13380309
25361,0.0736100279100494,0.005888643488987074,0.005433686141191153,24,1.0,576,13386069
25371,0.07359463891359219,0.005887466552758563,0.005432575250516134,24,1.0,576,13391829
25381,0.07357933495130853,0.005886266324001936,0.0054314650400806045,24,1.0,576,13397589
25391,0.07356387580217591,0.005884997237467823,0.005430354155354154,24,1.0,576,13403349
25401,0.07354925141094837,0.005883814161104967,0.005429245350097066,24,1.0,576,13409109
25411,0.0735336320164456,0.005882591064253544,0.005428135240112442,24,1.0,576,13414869
25421,0.0735192209294584,0.005881426257739362,0.005427027742308817,24,1.0,576,13420629
25431,0.07350401040277846,0.005880193923157839,0.005425920305847112,24,1.0,576,13426389
25441,0.07348883953699231,0.0058789839243978395,0.005424814243445804,24,1.0,576,13432149
25451,0.07347426131270293,0.005877829699400579,0.005423709526878119,24,1.0,576,13437909
25461,0.0734597966143117,0.005876657056485465,0.005422604589800452,24,1.0,576,13443669
25471,0.07344425092976165,0.005875411096369068,0.005421499907924729,24,1.0,576,13449429
25481,0.07342847673673503,0.005874156407196025,0.005420395634996213,24,1.0,576,13455189
25491,0.07341384612312986,0.005872991996629571,0.005419293193341091,24,1.0,576,13460949
25501,0.07339859874024442,0.005871771088531881,0.005418191035522561,24,1.0,576,13466709
25511,0.07338312292434379,0.005870539055224829,0.005417088562919455,24,1.0,576,13472469
25521,0.07336834172044363,0.005869355437652606,0.005415987104279121,24,1.0,576,13478229
25531,0.0733534210245636,0.005868167800695549,0.00541488723540457,24,1.0,576,13483989
25541,0.07333861376204114,0.005866963074719905,0.00541378718235526,24,1.0,576,13489749
25551,0.07332439502394801,0.005865851791361232,0.005412689596818774,24,1.0,576,13495509
25561,0.07330979887798475,0.005864667536917419,0.00541159168184131,24,1.0,576,13501269
25571,0.07329546392570747,0.00586349826355599,0.005410494095198774,24,1.0,576,13507029
25581,0.07327986265304101,0.005862291761322669,0.0054093967552106695,24,1.0,576,13512789
25591,0.07326535321854549,0.005861106176577299,0.005408301619795739,24,1.0,576,13518549
25601,0.07325095633236697,0.005859974636471435,0.005407207165639208,24,1.0,576,13524309
25611,0.07323643502681146,0.005858809443265581,0.005406112045500496,24,1.0,576,13530069
25621,0.07322193742708212,0.005857629588182615,0.005405016925369206,24,1.0,576,13535829
25631,0.07320704966391912,0.005856462292090233,0.00540392385679836,24,1.0,576,13541589
25641,0.07319237806223139,0.005855261451137612,0.005402831435368539,24,1.0,576,13547349
25651,0.07317737606156231,0.005854055468856057,0.005401740364583342,24,1.0,576,13553109
25661,0.07316266386914708,0.005852915159685195,0.005400649080465843,24,1.0,576,13558869
25671,0.07314695835772295,0.0058516316601328645,0.0053995562284473225,24,1.0,576,13564629
25681,0.0731319115171295,0.005850425635484551,0.0053984659890945795,24,1.0,576,13570389
25691,0.0731161970030562,0.005849182692131216,0.005397375907001963,24,1.0,576,13576149
25701,0.07310234686579559,0.005848068862183432,0.005396289019116652,24,1.0,576,13581909
25711,0.07308791663943887,0.0058469098114152605,0.005395201737712584,24,1.0,576,13587669
25721,0.07307245182760376,0.00584570444806478,0.005394114155511671,24,1.0,576,13593429
25731,0.07305808393609572,0.005844533925016451,0.005393028192708388,24,1.0,576,13599189
25741,0.07304384221706628,0.0058433911331654785,0.005391940706394424,24,1.0,577,13604957
25751,0.07302842094741364,0.005842146947237411,0.005390852903458784,24,1.0,577,13610727
25761,0.07301381599690494,0.0058409891835602724,0.00538976621124283,24,1.0,577,13616497
25771,0.07300030421733976,0.005839909479737455,0.0053886812778175105,24,1.0,577,13622267
25781,0.07298516030710295,0.005838717951716128,0.005387595098304038,24,1.0,577,13628037
25791,0.07297059677626348,0.005837516642244562,0.005386510697030886,24,1.0,577,13633807
25801,0.07295532572345417,0.00583629738248896,0.005385426615494508,24,1.0,577,13639577
25811,0.07294117520099823,0.005835199320288396,0.005384344193676016,24,1.0,577,13645347
25821,0.0729267556841935,0.005834004925537967,0.005383261778578158,24,1.0,577,13651117
25831,0.07291222822904465,0.005832867332361658,0.005382179640891201,24,1.0,577,13656887
25841,0.07289765139015765,0.005831697753306251,0.005381098502577595,24,1.0,577,13662657
25851,0.07288277744459241,0.0058304974146791005,0.005380018785623504,24,1.0,577,13668427
25861,0.07286798574184954,0.0058293281418239995,0.005378939439584778,24,1.0,577,13674197
25871,0.07285346540774537,0.00582812465493468,0.005377860086591999,24,1.0,577,13679967
25881,0.07283843022223806,0.005826960347506296,0.005376781608502131,24,1.0,577,13685737
25891,0.0728237972558913,0.005825780475436035,0.00537570292822808,24,1.0,577,13691507
25901,0.07280928965239782,0.005824626918264648,0.005374626265296882,24,1.0,577,13697277
25911,0.07279403580544141,0.005823417141730818,0.005373549636490568,24,1.0,577,13703047
25921,0.07277983684041246,0.005822276644209289,0.005372474697474889,24,1.0,577,13708817
25931,0.07276522580674828,0.0058211043491377705,0.005371398729994706,24,1.0,577,13714587
25941,0.07275089928312967,0.005819957136992743,0.0053703245072928806,24,1.0,577,13720357
25951,0.07273671188234612,0.005818816419714795,0.005369251796008383,24,1.0,577,13726127
25961,0.07272260544458083,0.005817694926428388,0.005368179741160159,24,1.0,577,13731897
25971,0.07270872453108583,0.005816552109726372,0.00536710764743623,24,1.0,577,13737667
25981,0.07269295744073591,0.005815326699734624,0.005366035457351693,24,1.0,577,13743437
25991,0.07267857379257323,0.005814188791863546,0.005364964421412862,24,1.0,577,13749207
26001,0.07266406897658283,0.005813018068550343,0.005363894476056806,24,1.0,577,13754977
26011,0.07265022264962566,0.005811898879294785,0.005362825815337515,24,1.0,577,13760747
26021,0.07263608156137973,0.005810772279772904,0.005361758157263283,24,1.0,577,13766517
26031,0.0726218480827222,0.0058096405903824925,0.005360691114481456,24,1.0,577,13772287
26041,0.07260698930760398,0.005808436973543877,0.005359622720394311,24,1.0,577,13778057
26051,0.0725927446857915,0.005807291718966882,0.0053585573931376335,24,1.0,577,13783827
26061,0.07257853750007909,0.005806148314940033,0.005357492022375183,24,1.0,577,13789597
26071,0.07256344730781522,0.0058049434870564584,0.005356426397511587,24,1.0,577,13795367
26081,0.0725496171803754,0.005803869346680887,0.005355363018042516,24,1.0,577,13801137
26091,0.07253520631325623,0.005802714240855176,0.005354298239792686,24,1.0,577,13806907
26101,0.07251959856499283,0.00580140483350049,0.0053532316553171816,24,1.0,577,13812677
26111,0.07250410162839471,0.005800200757532475,0.005352167567809305,24,1.0,577,13818447
26121,0.07248915967658834,0.00579901236310419,0.005351105073184898,24,1.0,577,13824217
26131,0.07247441350073432,0.005797839621005335,0.005350042282046778,24,1.0,577,13829987
26141,0.07246092223261365,0.005796754658220163,0.00534898237452026,24,1.0,577,13835757
26151,0.07244725272015758,0.005795677192465545,0.005347923708580986,24,1.0,577,13841527
26161,0.07243290475332598,0.005794528274340561,0.005346863263245721,24,1.0,577,13847297
26171,0.07241890859596242,0.0057934177905306205,0.005345803993354687,24,1.0,577,13853067
26181,0.07240519220456294,0.005792291969139588,0.005344745691490385,24,1.0,577,13858837
26191,0.07239121263035861,0.005791190806172241,0.005343688233010447,24,1.0,577,13864607
26201,0.07237734128312284,0.005790043499878673,0.005342632802011708,24,1.0,577,13870377
26211,0.0723627510103949,0.00578889575706558,0.005341574904970892,24,1.0,577,13876147
26221,0.0723481983454862,0.005787746439262728,0.005340520697843877,24,1.0,577,13881917
26231,0.0723337971462679,0.005786594410806088,0.00533946340262317,24,1.0,577,13887687
26241,0.07232021602652614,0.005785503430924376,0.005338410464755001,24,1.0,577,13893457
26251,0.07230571829216509,0.005784365300641223,0.005337356864373695,24,1.0,577,13899227
26261,0.0722919402788395,0.0057832506057945545,0.005336305107087026,24,1.0,577,13904997
26271,0.07227755953860744,0.005782091119842918,0.005335252413028148,24,1.0,577,13910767
26281,0.07226369875983164,0.0057809698321490645,0.005334199480698362,24,1.0,578,13916543
26291,0.07224846992520827,0.0057797595525165574,0.005333145877317516,24,1.0,578,13922323
26301,0.07223466896100798,0.005778670291282843,0.005332093849830302,24,1.0,578,13928103
26311,0.07222033765762055,0.005777502311827952,0.005331042153355562,24,1.0,578,13933883
26321,0.07220556197156267,0.00577631240578762,0.005329988854319796,24,1.0,578,13939663
26331,0.07219167315515228,0.005775225155965118,0.005328939198038669,24,1.0,578,13945443
26341,0.07217633570716364,0.005774000494620775,0.005327887309150817,24,1.0,578,13951223
26351,0.0721628318348895,0.0057728942377636904,0.0053268386121003335,24,1.0,578,13957003
26361,0.07214821971171541,0.005771750213204388,0.005325790817836952,24,1.0,578,13962783
26371,0.07213408266333236,0.005770622702787805,0.005324743102514615,24,1.0,578,13968563
26381,0.07212111124956275,0.005769569244457517,0.005323696222426251,24,1.0,578,13974343
26391,0.0721066804040278,0.005768455462653897,0.005322648987229227,24,1.0,578,13980123
26401,0.07209279405319857,0.005767301759431132,0.005321603588541314,24,1.0,578,13985903
26411,0.07207759201382304,0.005766110462921001,0.005320557873194212,24,1.0,578,13991683
26421,0.07206366670643118,0.005764973976073889,0.0053195138625647285,24,1.0,578,13997463
26431,0.07204935584397415,0.005763798797304506,0.005318468822880768,24,1.0,578,14003243
26441,0.07203494131500054,0.005762690712184139,0.005317426049402174,24,1.0,578,14009023
26451,0.07202154733212889,0.005761612509955574,0.005316384297970497,24,1.0,578,14014803
26461,0.07200736065980756,0.005760493370154412,0.0053153416922875505,24,1.0,578,14020583
26471,0.07199364574841471,0.005759371535812077,0.005314299968488323,24,1.0,578,14026363
26481,0.07197953219622075,0.005758227939469637,0.005313258314117795,24,1.0,578,14032143
26491,0.07196464229746372,0.005757072712882642,0.005312217620844047,24,1.0,578,14037923
26501,0.07195123273609383,0.005755995522604009,0.005311179141524035,24,1.0,578,14043703
26511,0.07193752291728014,0.005754907757331549,0.005310140710156731,24,1.0,578,14049483
26521,0.07192334548351159,0.005753740043144839,0.005309101294632287,24,1.0,578,14055263
26531,0.07190844961602501,0.005752557403652799,0.005308063258140224,24,1.0,578,14061043
26541,0.07189420608337374,0.0057514157581545124,0.005307026499967627,24,1.0,578,14066823
26551,0.07188023662763027,0.005750317265970324,0.005305989228572123,24,1.0,578,14072603
26561,0.07186655471784086,0.005749237287694047,0.005304954000262888,24,1.0,578,14078383
26571,0.07185314590295265,0.005748142315706884,0.005303918593691185,24,1.0,578,14084163
26581,0.07183897810101698,0.005747008958351324,0.005302883537311375,24,1.0,578,14089943
26591,0.0718240666404984,0.00574581499733441,0.0053018489825239585,24,1.0,578,14095723
26601,0.07181054313581442,0.005744720929550519,0.0053008159097290945,24,1.0,578,14101503
26611,0.0717958864982077,0.005743564059323217,0.005299782662643123,24,1.0,578,14107283
26621,0.07178190661103871,0.0057424501825234725,0.005298751282658818,24,1.0,578,14113063
26631,0.07176868564612321,0.005741390340139345,0.0052977214218763195,24,1.0,578,14118843
26641,0.07175486105949674,0.005740279991060423,0.005296690261598177,24,1.0,578,14124623
26651,0.07174104472110435,0.005739164754788491,0.005295659109257215,24,1.0,578,14130403
26661,0.07172705626986965,0.005738018005971691,0.005294630622938175,24,1.0,578,14136183
26671,0.07171271578313348,0.005736915221660468,0.005293601125436091,24,1.0,578,14141963
26681,0.07169852273777065,0.005735779840595079,0.005292572613936833,24,1.0,578,14147743
26691,0.07168529390069654,0.005734716052942018,0.00529154497149589,24,1.0,578,14153523
26701,0.07167164357804434,0.005733621876241454,0.005290517866861526,24,1.0,578,14159303
26711,0.07165726822751717,0.005732453106733403,0.005289490192824188,24,1.0,578,14165083
26721,0.07164240418958363,0.005731281757922302,0.005288463715335837,24,1.0,578,14170863
26731,0.0716282127679738,0.0057301387766394655,0.00528743758707612,24,1.0,578,14176643
26741,0.07161485840491191,0.0057290914799510454,0.0052864148399957706,24,1.0,578,14182423
26751,0.07160188430635166,0.005728038153329225,0.005285393182971398,24,1.0,578,14188203
26761,0.07158691793511425,0.005726828782620555,0.0052843683240851565,24,1.0,578,14193983
26771,0.07157233332940681,0.005725676423875238,0.005283345603425734,24,1.0,578,14199763
26781,0.07155851540068321,0.005724569953779704,0.005282323116156666,24,1.0,578,14205543
26791,0.07154401753280526,0.0057234234067238855,0.005281300356235926,24,1.0,578,14211323
26801,0.07152999644400464,0.0057222984779783884,0.00528027869482909,24,1.0,578,14217103
26811,0.07151712490606742,0.005721277609516363,0.005279260221844918,24,1.0,578,14222883
26821,0.0715037246827246,0.005720207843537527,0.005278242587127346,24,1.0,578,14228663
26831,0.07149041462755203,0.0057191365001174315,0.005277222955846548,24,1.0,579,14234446
26841,0.07147757886679657,0.005718077854666787,0.00527620300986138,24,1.0,579,14240236
26851,0.07146320031642305,0.005716936428153564,0.005275182680292125,24,1.0,579,14246026
26861,0.07144896779673603,0.005715804479432649,0.005274163030283242,24,1.0,579,14251816
26871,0.07143557969827187,0.005714746647683845,0.005273145682098256,24,1.0,579,14257606
26881,0.07142170648679226,0.005713632469869299,0.0052721276289590556,24,1.0,579,14263396
26891,0.0714081700102738,0.005712540856224112,0.005271110881992109,24,1.0,579,14269186
26901,0.07139513378482018,0.005711503491735033,0.005270095213894031,24,1.0,579,14274976
26911,0.07138128489263373,0.0057103912715849225,0.005269080279040099,24,1.0,579,14280766
26921,0.07136730773276337,0.005709279722266135,0.00526806427498518,24,1.0,579,14286556
26931,0.071353461904448,0.005708174303011196,0.005267048547856955,24,1.0,579,14292346
26941,0.07133944704611427,0.005707035715774334,0.005266033066986629,24,1.0,579,14298136
26951,0.07132556341964781,0.005705927279335652,0.005265018711720998,24,1.0,579,14303926
26961,0.07131242396746063,0.005704865290115634,0.005264007368311202,24,1.0,579,14309716
26971,0.07129884260723807,0.0057037886616367415,0.005262995311668208,24,1.0,579,14315506
26981,0.07128443905259027,0.005702629919362026,0.005261981790971211,24,1.0,579,14321296
26991,0.07127035733921122,0.005701516515371952,0.00526096943821724,24,1.0,579,14327086
27001,0.07125682796947991,0.005700440756125804,0.005259958522724804,24,1.0,579,14332876
27011,0.07124329296920755,0.005699350410823064,0.005258948994055257,24,1.0,579,14338666
27021,0.07122886984306542,0.00569820314811017,0.005257939656575222,24,1.0,579,14344456
27031,0.07121556839042227,0.0056971510335283694,0.005256930686000767,24,1.0,579,14350246
27041,0.07120150165951909,0.005696014904885955,0.005255921062533467,24,1.0,579,14356036
27051,0.07118740287721802,0.005694902244690262,0.005254913547480891,24,1.0,579,14361826
27061,0.0711744233808047,0.005693867186377681,0.005253906854312988,24,1.0,579,14367616
27071,0.07116216868976133,0.005692870613188978,0.005252902394371915,24,1.0,579,14373406
27081,0.0711489057867787,0.005691804228795058,0.005251895909132637,24,1.0,579,14379196
27091,0.07113509615049851,0.005690681134862769,0.0052508904336138204,24,1.0,579,14384986
27101,0.07112029484588137,0.005689500354922904,0.005249884612230905,24,1.0,579,14390776
27111,0.07110613778172369,0.005688389471631867,0.005248880037981365,24,1.0,579,14396566
27121,0.0710927182499577,0.005687296534552444,0.005247875786346724,24,1.0,579,14402356
27131,0.07107915818718667,0.00568622043314639,0.005246872656204574,24,1.0,579,14408146
27141,0.07106568701927568,0.005685153589527584,0.005245871756657199,24,1.0,579,14413936
27151,0.07105227765023242,0.005684070121635352,0.005244870157750873,24,1.0,579,14419726
27161,0.07103903769783713,0.005682987293285526,0.005243869500959018,24,1.0,579,14425516
27171,0.0710254420436231,0.005681921251232252,0.005242870056221333,24,1.0,579,14431306
27181,0.07101256726061099,0.005680895636246794,0.005241871772749022,24,1.0,579,14437096
27191,0.07099928300963995,0.005679851239478694,0.005240872969641443,24,1.0,579,14442886
27201,0.07098638260835945,0.005678804213403519,0.005239874681963048,24,1.0,579,14448676
27211,0.07097277786960914,0.005677705157198091,0.005238875755898161,24,1.0,579,14454466
27221,0.07095859081378937,0.005676580998849411,0.005237878371567236,24,1.0,579,14460256
27231,0.07094502938850289,0.005675474693268654,0.005236880122187041,24,1.0,579,14466046
27241,0.07093136877528827,0.005674393713248096,0.005235883536217152,24,1.0,579,14471836
27251,0.07091803776512487,0.005673362658377462,0.005234887598502261,24,1.0,579,14477626
27261,0.07090483499210898,0.005672269003062633,0.005233893589634288,24,1.0,579,14483416
27271,0.07089137226048381,0.005671215598616553,0.0052329001915642735,24,1.0,579,14489206
27281,0.07087850576147586,0.005670166008920231,0.005231906630446388,24,1.0,579,14494996
27291,0.07086549949772786,0.005669156574241655,0.005230913037477281,24,1.0,579,14500786
27301,0.07085171264848474,0.005668042992815612,0.005229918395230348,24,1.0,579,14506576
27311,0.07083778728709178,0.005666927953427158,0.005228924855875828,24,1.0,579,14512366
27321,0.07082457738410207,0.005665852008329984,0.005227932596672682,24,1.0,579,14518156
27331,0.07081096182951005,0.005664748968080542,0.005226940667412819,24,1.0,579,14523946
27341,0.07079678147424288,0.005663651921968207,0.005225949683937157,24,1.0,579,14529736
27351,0.0707835952456919,0.0056625928151870005,0.005224959411945212,24,1.0,579,14535526
27361,0.07077044323982079,0.005661555613438953,0.005223969376159952,24,1.0,579,14541316
27371,0.07075711259993861,0.005660464737797199,0.005222980255414664,24,1.0,579,14547106
27381,0.07074284599698794,0.00565929901925667,0.005221991235496589,24,1.0,579,14552896
27391,0.07072905323191024,0.005658239244120425,0.005221003611831469,24,1.0,579,14558686
27401,0.0707164105426305,0.00565722787605328,0.005220016247985419,24,1.0,580,14564485
27411,0.0707032175570175,0.005656155503133322,0.0052190279052193415,24,1.0,580,14570285
27421,0.07068971393003146,0.0056550583002934005,0.0052180389270575145,24,1.0,580,14576085
27431,0.07067628455651848,0.005653993561992943,0.005217051883152076,24,1.0,580,14581885
27441,0.0706625054636221,0.00565289553870496,0.005216064365477815,24,1.0,580,14587685
27451,0.07064951569500813,0.00565186382958738,0.0052150799651311695,24,1.0,580,14593485
27461,0.07063670531357238,0.0056508443455813495,0.005214094764946334,24,1.0,580,14599285
27471,0.0706235715609545,0.005649771485818724,0.005213109739920054,24,1.0,580,14605085
27481,0.0706102207193937,0.005648705599627564,0.005212125960184526,24,1.0,580,14610885
27491,0.07059660034850046,0.005647598076740595,0.00521114162349406,24,1.0,580,14616685
27501,0.07058281652853554,0.005646525013408568,0.005210159181969691,24,1.0,580,14622485
27511,0.07056968740809104,0.005645485294057784,0.005209177112296636,24,1.0,580,14628285
27521,0.07055661858639724,0.005644431402630673,0.005208194519652342,24,1.0,580,14634085
27531,0.07054266129906367,0.005643296961921022,0.005207210505257057,24,1.0,580,14639885
27541,0.07052896274825476,0.00564219588085485,0.005206228870015613,24,1.0,580,14645685
27551,0.07051502240134033,0.005641093359748591,0.005205248705021689,24,1.0,580,14651485
27561,0.07050245839619228,0.005640108289745986,0.005204270340092196,24,1.0,580,14657285
27571,0.07048958584344256,0.005639050144009788,0.005203291365538565,24,1.0,580,14663085
27581,0.07047590605828229,0.005637983154892239,0.005202312828493614,24,1.0,580,14668885
27591,0.07046277279739888,0.0056369031372582,0.005201333541233154,24,1.0,580,14674685
27601,0.07044885981667452,0.0056358069658187,0.005200356024287628,24,1.0,580,14680485
27611,0.07043584707402309,0.005634767053723156,0.005199380547971896,24,1.0,580,14686285
27621,0.07042288109520502,0.005633714106043935,0.005198405607423404,24,1.0,580,14692085
27631,0.07040988321194765,0.0056326816768867295,0.005197430886150308,24,1.0,580,14697885
27641,0.07039640837963962,0.005631623652439102,0.005196455919438822,24,1.0,580,14703685
27651,0.07038338637538419,0.005630564150246594,0.005195482060302442,24,1.0,580,14709485
27661,0.07037030645088281,0.005629524093944567,0.005194507665118188,24,1.0,580,14715285
27671,0.07035697268373657,0.005628454315256494,0.0051935346342386465,24,1.0,580,14721085
27681,0.07034420836359384,0.005627454124564556,0.005192562454935284,24,1.0,580,14726885
27691,0.07033115098036215,0.005626388696633035,0.005191590553596884,24,1.0,580,14732685
27701,0.07031846639835931,0.0056253823370306455,0.00519061948431678,24,1.0,580,14738485
27711,0.07030417211749643,0.005624235725384354,0.005189648487883488,24,1.0,580,14744285
27721,0.07029198474897982,0.0056232743402353765,0.005188678957528868,24,1.0,580,14750085
27731,0.0702794783233529,0.005622266579674587,0.0051877093783882595,24,1.0,580,14755885
27741,0.07026670543925886,0.005621232305301103,0.0051867403818076545,24,1.0,580,14761685
27751,0.0702536145154228,0.005620175725505274,0.005185772430673528,24,1.0,580,14767485
27761,0.07024029711791707,0.005619109360264341,0.00518480413005666,24,1.0,580,14773285
27771,0.07022714346548366,0.005618043621674671,0.005183835486326254,24,1.0,580,14779085
27781,0.07021419223859078,0.005617052267479303,0.005182869277281833,24,1.0,580,14784885
27791,0.07020189737200332,0.005616054186984489,0.005181903783776816,24,1.0,580,14790685
27801,0.07018929783791576,0.005615026561907332,0.0051809382628466415,24,1.0,580,14796485
27811,0.07017529216493978,0.0056139072176221985,0.005179971824513455,24,1.0,580,14802285
27821,0.07016181340124522,0.00561285489714905,0.005179008428491189,24,1.0,580,14808085
27831,0.07014963757152412,0.005611878807427746,0.005178043963692306,24,1.0,580,14813885
27841,0.07013612229907683,0.005610795570075784,0.0051770798960432225,24,1.0,580,14819685
27851,0.07012302898554293,0.005609748159476493,0.005176116081858697,24,1.0,580,14825485
27861,0.07010983982798896,0.0056086879112973165,0.005175152861034983,24,1.0,580,14831285
27871,0.07009646456560362,0.005607623116354572,0.005174189869551613,24,1.0,580,14837085
27881,0.0700823096178337,0.005606478385433354,0.00517322686171313,24,1.0,580,14842885
27891,0.07006933772480056,0.005605466500966305,0.0051722653563915895,24,1.0,580,14848685
27901,0.07005712126359522,0.005604493354316832,0.005171305678448388,24,1.0,580,14854485
27911,0.07004400913662408,0.005603400091959156,0.005170346229224393,24,1.0,580,14860285
27921,0.0700311880104289,0.005602394049556488,0.005169387816094175,24,1.0,580,14866085
27931,0.07001850289912581,0.005601370028096409,0.0051684291629489594,24,1.0,580,14871885
27941,0.07000610798997386,0.005600378495796636,0.005167471510221227,24,1.0,580,14877685
27951,0.06999298683676665,0.005599337097496337,0.0051665140638510075,24,1.0,580,14883485
27961,0.06998028458970779,0.005598334341312136,0.005165557268806284,24,1.0,580,14889285
27971,0.06996715273305482,0.00559723452077816,0.005164599126427607,24,1.0,581,14895087
27981,0.06995320689287879,0.005596164123733768,0.0051636408334947755,24,1.0,581,14900897
27991,0.06994086058620819,0.0055951733905756345,0.005162683922013815,24,1.0,581,14906707
28001,0.06992790550996573,0.005594127807106876,0.005161728028958497,24,1.0,581,14912517
28011,0.0699145221337403,0.005593053098315738,0.00516077228219819,24,1.0,581,14918327
28021,0.06990086491778964,0.005591981078113295,0.005159815924632809,24,1.0,581,14924137
28031,0.06988789437573759,0.005590940413451935,0.005158861206036238,24,1.0,581,14929947
28041,0.0698755581561087,0.005589945378364378,0.005157907094363927,24,1.0,581,14935757
28051,0.06986244872277554,0.005588878270695607,0.005156952770331988,24,1.0,581,14941567
28061,0.06984997306419612,0.005587910950701276,0.005155999725395855,24,1.0,581,14947377
28071,0.06983745321833876,0.00558689204254336,0.0051550477080898075,24,1.0,581,14953187
28081,0.06982425103849613,0.005585824697259237,0.005154096515422373,24,1.0,581,14958997
28091,0.06981155411112042,0.005584841664540351,0.0051531450621133575,24,1.0,581,14964807
28101,0.06979886433452374,0.005583802050336951,0.005152192716079532,24,1.0,581,14970617
28111,0.06978530246751882,0.005582712068832752,0.005151241012539549,24,1.0,581,14976427
28121,0.06977204165947663,0.0055816594199607425,0.0051502895141911685,24,1.0,581,14982237
28131,0.06975932320800468,0.0055806318210642235,0.005149340090450853,24,1.0,581,14988047
28141,0.06974598864577586,0.0055795824218663964,0.005148390081512585,24,1.0,581,14993857
28151,0.06973371714184062,0.005578585499380167,0.005147442934474403,24,1.0,581,14999667
28161,0.0697203723246804,0.005577511882033437,0.005146495150912302,24,1.0,581,15005477
28171,0.06970657829147772,0.005576432809971241,0.005145546926151397,24,1.0,581,15011287
28181,0.0696942774913746,0.005575427477645859,0.005144599785320927,24,1.0,581,15017097
28191,0.06968129849297831,0.005574408501798153,0.005143653584848689,24,1.0,581,15022907
28201,0.06966809880964488,0.005573357653272189,0.005142706685388631,24,1.0,581,15028717
28211,0.06965561632615354,0.005572362145106869,0.005141761377030416,24,1.0,581,15034527
28221,0.06964279889731523,0.005571331736001138,0.005140817462704553,24,1.0,581,15040337
28231,0.06962972302776016,0.005570265474047289,0.005139873253183169,24,1.0,581,15046147
28241,0.0696167559389104,0.005569235253747208,0.005138929111254143,24,1.0,581,15051957
28251,0.06960378368920866,0.005568213712663744,0.005137986867521821,24,1.0,581,15057767
28261,0.06959165269133448,0.005567226100865923,0.005137044178324384,24,1.0,581,15063577
28271,0.06957801314563077,0.005566129951788191,0.0051361009357220756,24,1.0,581,15069387
28281,0.0695652525181663,0.005565122286874514,0.005135159311870311,24,1.0,581,15075197
28291,0.06955292791818832,0.005564130319538951,0.005134219312626412,24,1.0,581,15081007
28301,0.06954134114551679,0.0055632034313492056,0.005133279759235627,24,1.0,581,15086817
28311,0.0695285635477795,0.005562168181950511,0.005132339848511793,24,1.0,581,15092627
28321,0.0695155036433555,0.005561142593673478,0.005131400942536976,24,1.0,581,15098437
28331,0.06950334474304104,0.005560167921341728,0.005130463789651871,24,1.0,581,15104247
28341,0.0694905258780921,0.005559143475126412,0.0051295257572740345,24,1.0,581,15110057
28351,0.06947773947358987,0.005558116597080576,0.0051285868075197855,24,1.0,581,15115867
28361,0.06946450813097585,0.005557060159926481,0.005127648997111599,24,1.0,581,15121677
28371,0.0694518244320524,0.005556046525159742,0.005126712714704682,24,1.0,581,15127487
28381,0.06943889695789425,0.0055550304517963155,0.005125776506432005,24,1.0,581,15133297
28391,0.0694264534647912,0.005554020972966834,0.005124841500030495,24,1.0,581,15139107
28401,0.06941360327939422,0.005552974966059359,0.005123905596145106,24,1.0,581,15144917
28411,0.06940113624303743,0.005551972656027158,0.005122970547860865,24,1.0,581,15150727
28421,0.0693887262185294,0.005550994941746537,0.005122036005644529,24,1.0,581,15156537
28431,0.06937562238741987,0.005549950699194696,0.005121101768257845,24,1.0,581,15162347
28441,0.06936251371568034,0.005548890059728755,0.005120167931191042,24,1.0,581,15168157
28451,0.06934966266237563,0.005547888032435694,0.005119236550337234,24,1.0,581,15173967
28461,0.06933710626104893,0.005546856590150873,0.005118303889370638,24,1.0,581,15179777
28471,0.06932473166943422,0.005545869680550143,0.0051173719250725775,24,1.0,581,15185587
28481,0.069312052004336,0.005544846386538907,0.0051164411685477,24,1.0,581,15191397
28491,0.06929961644132622,0.005543875547006475,0.005115511521612292,24,1.0,581,15197207
28501,0.06928706316275599,0.005542888285553495,0.0051145811031921475,24,1.0,581,15203017
28511,0.06927490305153647,0.0055419055542508654,0.005113653025391598,24,1.0,581,15208827
28521,0.06926228894269605,0.005540895478591033,0.0051127239618570875,24,1.0,581,15214637
28531,0.06924988101549925,0.005539876020256624,0.0051117960847965604,24,1.0,581,15220447
28541,0.06923698258175304,0.005538861121691482,0.005110867437427865,24,1.0,581,15226257
28551,0.06922460112014273,0.005537866682106622,0.005109941119343714,24,1.0,581,15232067
28561,0.06921243767155873,0.005536886706074199,0.005109014481765506,24,1.0,582,15237880
28571,0.06919970979538739,0.0055358456976243075,0.005108085953199251,24,1.0,582,15243700
28581,0.06918612070667146,0.005534781476422554,0.005107158044657169,24,1.0,582,15249520
28591,0.06917418898476423,0.0055338319560570785,0.005106232068696493,24,1.0,582,15255340
28601,0.06916142092083487,0.00553281255263374,0.0051053057240239815,24,1.0,582,15261160
28611,0.0691488707110935,0.005531804629509052,0.005104379446583176,24,1.0,582,15266980
28621,0.06913582003327501,0.005530773509537786,0.005103453905519453,24,1.0,582,15272800
28631,0.06912344503813117,0.005529781581640777,0.005102529170642461,24,1.0,582,15278620
28641,0.06911118818584458,0.005528784269979529,0.005101605136786898,24,1.0,582,15284440
28651,0.06909801123542943,0.0055277400647611875,0.005100681531449627,24,1.0,582,15290260
28661,0.06908574364644071,0.005526748833144666,0.005099758435901777,24,1.0,582,15296080
28671,0.06907281624323333,0.00552572754152952,0.005098834820376616,24,1.0,582,15301900
28681,0.06906080924094313,0.0055247709815697075,0.005097912962273043,24,1.0,582,15307720
28691,0.06904813055087684,0.005523749835342987,0.005096990641059907,24,1.0,582,15313540
28701,0.06903561926709063,0.005522745045998444,0.005096069637830742,24,1.0,582,15319360
28711,0.06902334900980392,0.005521750674953432,0.005095149508116494,24,1.0,582,15325180
28721,0.06901173791279029,0.005520844496836565,0.005094230977516855,24,1.0,582,15331000
28731,0.06899909941076358,0.005519837406975601,0.005093311138530434,24,1.0,582,15336820
28741,0.06898753783434174,0.005518885969275049,0.0050923922383784665,24,1.0,582,15342640
28751,0.06897524487149474,0.005517923242098767,0.005091474441686958,24,1.0,582,15348460
28761,0.0689626516251274,0.005516895203312727,0.005090556895841981,24,1.0,582,15354280
28771,0.06895022508387721,0.00551591980330971,0.005089639277957117,24,1.0,582,15360100
28781,0.06893729018897676,0.005514884087346729,0.005088722224881796,24,1.0,582,15365920
28791,0.06892480422759321,0.005513888208707709,0.005087806563096085,24,1.0,582,15371740
28801,0.06891297478762821,0.005512943865347862,0.0050868915191980965,24,1.0,582,15377560
28811,0.06890091891120315,0.005511955930348414,0.0050859767099551275,24,1.0,582,15383380
28821,0.06888820851122382,0.005510945041121801,0.00508506154059266,24,1.0,582,15389200
28831,0.06887617828580267,0.00550999932206561,0.0050841479977454035,24,1.0,582,15395020
28841,0.06886405674037609,0.005509036497681037,0.0050832349973027185,24,1.0,582,15400840
28851,0.068851624041656,0.005508027266056889,0.005082321299152,24,1.0,582,15406660
28861,0.0688396380253425,0.005507062577320681,0.0050814098940284965,24,1.0,582,15412480
28871,0.06882736547445777,0.005506091575670399,0.00508049734994119,24,1.0,582,15418300
28881,0.0688141968157065,0.005505043996962386,0.005079584582588065,24,1.0,582,15424120
28891,0.06880226755345298,0.005504106288764971,0.005078674403071535,24,1.0,582,15429940
28901,0.06879046657411556,0.005503134950894302,0.00507776380402733,24,1.0,582,15435760
28911,0.06877819679475136,0.0055021592717176444,0.005076853799362177,24,1.0,582,15441580
28921,0.06876590944442648,0.005501186076079778,0.005075944438486221,24,1.0,582,15447400
28931,0.06875389658237166,0.005500202706514382,0.005075035623746495,24,1.0,582,15453220
28941,0.0687417442855737,0.005499241283628614,0.005074127784984576,24,1.0,582,15459040
28951,0.06873019421823498,0.005498303716809274,0.005073220768444093,24,1.0,582,15464860
28961,0.06871777548814118,0.005497331660245416,0.005072313395028191,24,1.0,582,15470680
28971,0.06870561867415753,0.005496340710849698,0.005071406070783851,24,1.0,582,15476500
28981,0.06869350492489519,0.005495387201864445,0.005070499848114545,24,1.0,582,15482320
28991,0.06868065798945544,0.005494349799406034,0.005069593200678629,24,1.0,582,15488140
29001,0.06866778213284228,0.005493312033854405,0.0050686857232868695,24,1.0,582,15493960
29011,0.06865538618744542,0.005492324296228921,0.005067779831219474,24,1.0,582,15499780
29021,0.06864351778320736,0.005491368101261444,0.005066876021183755,24,1.0,582,15505600
29031,0.06863145001888533,0.005490430814064178,0.0050659719709701375,24,1.0,582,15511420
29041,0.06861934044833419,0.005489446615256448,0.005065068988064438,24,1.0,582,15517240
29051,0.06860758803701716,0.005488517112380344,0.005064166675264321,24,1.0,582,15523060
29061,0.06859511699099659,0.005487511747938508,0.005063262904654551,24,1.0,582,15528880
29071,0.06858276163309543,0.005486526271417821,0.005062359057370636,24,1.0,582,15534700
29081,0.06857099241350696,0.005485574165115221,0.005061457356087437,24,1.0,582,15540520
29091,0.06855784243444886,0.005484536701236833,0.005060555951963175,24,1.0,582,15546340
29101,0.06854526678482849,0.005483524915295988,0.005059655283052511,24,1.0,582,15552160
29111,0.06853243324854419,0.005482509852625842,0.005058755139135976,24,1.0,582,15557980
29121,0.06852036567332392,0.005481553161416934,0.005057856136550025,24,1.0,582,15563800
29131,0.06850834077994492,0.0054805652199167495,0.005056957326444551,24,1.0,582,15569620
29141,0.06849561283350708,0.005479535497963759,0.0050560578630101756,24,1.0,582,15575440
29151,0.06848294028964978,0.0054785284902069305,0.005055158787220297,24,1.0,582,15581260
29161,0.0684700587746696,0.0054774932263554335,0.005054260173934687,24,1.0,583,15587082
29171,0.06845766500234488,0.005476520035290319,0.00505336088185354,24,1.0,583,15592912
29181,0.0684450381915737,0.005475495545381698,0.005052461822018122,24,1.0,583,15598742
29191,0.06843310217028649,0.005474561827853981,0.005051563853882068,24,1.0,583,15604572
29201,0.06842119656799481,0.005473617097074031,0.005050667257705019,24,1.0,583,15610402
29211,0.06840962083849773,0.005472676704597741,0.005049770904086364,24,1.0,583,15616232
29221,0.06839686580579683,0.005471669764884682,0.005048874670301978,24,1.0,583,15622062
29231,0.0683849797203047,0.0054706892451254615,0.005047978464497799,24,1.0,583,15627892
29241,0.06837215519527103,0.005469680567505274,0.0050470818447342835,24,1.0,583,15633722
29251,0.06836033021951718,0.005468739399724771,0.005046186177703166,24,1.0,583,15639552
29261,0.06834772309669239,0.005467720367266266,0.00504529166424417,24,1.0,583,15645382
29271,0.06833564852488261,0.005466772602646672,0.005044398885916432,24,1.0,583,15651212
29281,0.06832424883970215,0.005465844439689708,0.005043505581844171,24,1.0,583,15657042
29291,0.06831209169127711,0.005464870966309415,0.005042613050549412,24,1.0,583,15662872
29301,0.06829859425427663,0.0054638017192817,0.005041719665503216,24,1.0,583,15668702
29311,0.0682865942001811,0.005462841761660304,0.005040827607750891,24,1.0,583,15674532
29321,0.06827395771182437,0.00546183089175648,0.005039935843966738,24,1.0,583,15680362
29331,0.06826229236556533,0.005460889141672127,0.0050390446284435154,24,1.0,583,15686192
29341,0.06824946761402957,0.005459868924901602,0.0050381532572097805,24,1.0,583,15692022
29351,0.06823716144627623,0.005458879726467035,0.005037263954958908,24,1.0,583,15697852
29361,0.06822561060693315,0.005457960460121993,0.005036374449930299,24,1.0,583,15703682
29371,0.06821394708100822,0.005457023625311993,0.005035485953803526,24,1.0,583,15709512
29381,0.06820161327113371,0.0054560360227740865,0.005034597105218292,24,1.0,583,15715342
29391,0.06819010478346751,0.0054551201366736645,0.00503370927751858,24,1.0,583,15721172
29401,0.06817888683482998,0.0054542104169251395,0.005032821872958687,24,1.0,583,15727002
29411,0.06816709399674355,0.005453266095879271,0.005031935527489866,24,1.0,583,15732832
29421,0.06815508246802583,0.005452323228526738,0.005031048684166643,24,1.0,583,15738662
29431,0.06814349175776024,0.005451374238147396,0.00503016382323799,24,1.0,583,15744492
29441,0.0681310435802109,0.0054503954769877135,0.005029278112575368,24,1.0,583,15750322
29451,0.0681196310551586,0.005449474954077692,0.005028393401488034,24,1.0,583,15756152
29461,0.06810799992401756,0.005448551131355938,0.0050275096925041065,24,1.0,583,15761982
29471,0.06809592613444884,0.00544757488417703,0.005026625628627154,24,1.0,583,15767812
29481,0.06808439016695515,0.005446650170231419,0.005025743012856877,24,1.0,583,15773642
29491,0.06807241192288209,0.0054456966847072205,0.0050248605034857,24,1.0,583,15779472
29501,0.06806009825192581,0.005444707871932853,0.005023976693799691,24,1.0,583,15785302
29511,0.06804924105670734,0.0054438346317673,0.00502309569299523,24,1.0,583,15791132
29521,0.0680376588930745,0.005442913767614099,0.005022215092457393,24,1.0,583,15796962
29531,0.06802507036686539,0.005441905800465882,0.005021333073526692,24,1.0,583,15802792
29541,0.06801345387584273,0.005440992535430513,0.005020452690684228,24,1.0,583,15808622
29551,0.06800178472760837,0.005440053403509248,0.005019573092450978,24,1.0,583,15814452
29561,0.0679893930512541,0.005439035793565313,0.005018692104352123,24,1.0,583,15820282
29571,0.06797768969629442,0.00543809864711502,0.005017813158066808,24,1.0,583,15826112
29581,0.06796601606224452,0.005437181724337453,0.005016934504750065,24,1.0,583,15831942
29591,0.06795404353568811,0.005436216466853966,0.005016056271193739,24,1.0,583,15837772
29601,0.06794274605634142,0.005435334302918981,0.005015179115939889,24,1.0,583,15843602
29611,0.06793083311076553,0.00543437943819084,0.00501430212457001,24,1.0,583,15849432
29621,0.06791820026695719,0.005433368860920545,0.00501342369265463,24,1.0,583,15855262
29631,0.06790640602898532,0.005432421622042282,0.005012546914984908,24,1.0,583,15861092
29641,0.06789471175650823,0.005431484256351366,0.005011671612584996,24,1.0,583,15866922
29651,0.06788310559737341,0.005430554877012604,0.005010796260995958,24,1.0,583,15872752
29661,0.06787078078551693,0.005429565204062298,0.005009919958637441,24,1.0,583,15878582
29671,0.06785866152404155,0.005428607867265073,0.005009045568235183,24,1.0,583,15884412
29681,0.06784696934606597,0.005427672538420175,0.005008169873331161,24,1.0,583,15890242
29691,0.06783460649086162,0.005426689159699045,0.0050072954669565985,24,1.0,583,15896072
29701,0.06782374368113737,0.005425813642192816,0.005006423224940468,24,1.0,583,15901902
29711,0.06781169705101209,0.005424835969456772,0.005005551178775787,24,1.0,583,15907732
29721,0.06779933078888209,0.005423838335914818,0.005004678456908632,24,1.0,583,15913562
29731,0.06778701809228965,0.005422865491563777,0.00500380603112686,24,1.0,583,15919392
29741,0.0677755270582117,0.005421953707998319,0.005002934623363004,24,1.0,583,15925222
29751,0.06776361163185644,0.00542098749381675,0.0050020633329783916,24,1.0,583,15931052
29761,0.06775123763156854,0.0054200190226519965,0.005001193004707174,24,1.0,583,15936882
29771,0.06773957945030923,0.00541907525592402,0.0050003239629828255,24,1.0,583,15942712
29781,0.0677277068163367,0.00541814035975003,0.004999452857874014,24,1.0,584,15948550
29791,0.06771487721693387,0.0054170991801323135,0.004998580989393421,24,1.0,584,15954390
29801,0.0677022059478665,0.005416075323590224,0.004997710606300886,24,1.0,584,15960230
29811,0.06769012171153194,0.005415116987786779,0.0049968423468245505,24,1.0,584,15966070
29821,0.06767916817540073,0.005414241678386497,0.004995974595818847,24,1.0,584,15971910
29831,0.067667189325392,0.005413285273688502,0.0049951053539705635,24,1.0,584,15977750
29841,0.0676551475888188,0.005412321058315668,0.004994237315681202,24,1.0,584,15983590
29851,0.06764415372540515,0.005411427712205015,0.004993370732819928,24,1.0,584,15989430
29861,0.06763214780806236,0.005410471921327935,0.004992503560473662,24,1.0,584,15995270
29871,0.0676208303551728,0.005409570274981372,0.004991637529966632,24,1.0,584,16001110
29881,0.06760867554366577,0.0054085933235400825,0.004990770849578888,24,1.0,584,16006950
29891,0.06759674684210631,0.005407649241038857,0.004989905082605138,24,1.0,584,16012790
29901,0.06758530926682112,0.005406734282449485,0.004989039129949098,24,1.0,584,16018630
29911,0.06757380849073201,0.0054057976624080975,0.004988173747633909,24,1.0,584,16024470
29921,0.06756159915867559,0.0054048384940972366,0.00498730856761043,24,1.0,584,16030310
29931,0.0675493851387829,0.005403857736561075,0.004986443926953513,24,1.0,584,16036150
29941,0.06753775361385672,0.0054029410794735975,0.004985580367117859,24,1.0,584,16041990
29951,0.06752663461210344,0.0054020267450068625,0.004984717326444055,24,1.0,584,16047830
29961,0.06751511872885513,0.0054011239304385126,0.004983855293215101,24,1.0,584,16053670
29971,0.06750318360686201,0.005400156293762832,0.0049829917977474245,24,1.0,584,16059510
29981,0.06749201328950033,0.005399261799726399,0.004982130852222066,24,1.0,584,16065350
29991,0.06748001043450363,0.005398320916153625,0.004981268393486054,24,1.0,584,16071190
30001,0.06746840439446822,0.00539735667021712,0.004980405915525486,24,1.0,584,16077030
30011,0.06745713718597518,0.00539649205778269,0.00497954667884552,24,1.0,584,16082870
30021,0.06744574969184151,0.0053955691767355474,0.004978687098431317,24,1.0,584,16088710
30031,0.06743458586881468,0.005394671534132966,0.004977828980233892,24,1.0,584,16094550
30041,0.06742331323857827,0.005393780767349406,0.004976970538012208,24,1.0,584,16100390
30051,0.06741200065598467,0.005392862984567832,0.004976112132543642,24,1.0,584,16106230
30061,0.06739967572102325,0.005391893518253739,0.004975253912104921,24,1.0,584,16112070
30071,0.06738822676928553,0.0053909712414749915,0.004974395380279518,24,1.0,584,16117910
30081,0.06737712669775468,0.005390056767097443,0.0049735382035817725,24,1.0,584,16123750
30091,0.06736466159070832,0.005389085207571019,0.004972680668994874,24,1.0,584,16129590
30101,0.06735340229402559,0.005388161678131529,0.004971824390749629,24,1.0,584,16135430
30111,0.06734161254777166,0.005387256893995706,0.00497096853101188,24,1.0,584,16141270
30121,0.06733009148228208,0.005386301492935623,0.004970112596586825,24,1.0,584,16147110
30131,0.06731812060841827,0.005385357557755997,0.004969255848967254,24,1.0,584,16152950
30141,0.06730637276366883,0.005384406844696384,0.004968400940018633,24,1.0,584,16158790
30151,0.06729493867520965,0.005383493993383003,0.004967546785242608,24,1.0,584,16164630
30161,0.06728363577759996,0.005382598917356123,0.004966693190051894,24,1.0,584,16170470
30171,0.06727197480398082,0.0053816615396671125,0.004965839619096327,24,1.0,584,16176310
30181,0.06725938798197388,0.005380652831193145,0.00496498655888137,24,1.0,584,16182150
30191,0.06724726287085458,0.0053797010531148395,0.004964133474751571,24,1.0,584,16187990
30201,0.06723659791845961,0.005378818829025033,0.004963281991235021,24,1.0,584,16193830
30211,0.06722449687686606,0.005377891659543101,0.004962431925861647,24,1.0,584,16199670
30221,0.06721401325084773,0.005377005817235528,0.0049615812285005,24,1.0,584,16205510
30231,0.06720214019608435,0.005376082336127855,0.004960730612527054,24,1.0,584,16211350
30241,0.06719090816860766,0.005375197416618047,0.004959881485889206,24,1.0,584,16217190
30251,0.06717944412621545,0.005374269461385085,0.004959032339955861,24,1.0,584,16223030
30261,0.06716877849466185,0.005373396331893127,0.004958183508306041,24,1.0,584,16228870
30271,0.06715699805229125,0.005372463909263372,0.0049573353618988045,24,1.0,584,16234710
30281,0.06714607206859372,0.0053715790241608986,0.004956487417187873,24,1.0,584,16240550
30291,0.06713385189933573,0.005370608703202313,0.00495563900292047,24,1.0,584,16246390
30301,0.06712238409675444,0.005369712113968016,0.004954791563847885,24,1.0,584,16252230
30311,0.06711173521011127,0.005368842178919512,0.004953945809452538,24,1.0,584,16258070
30321,0.06710026782148884,0.005367908591265863,0.004953098666208225,24,1.0,584,16263910
30331,0.06708842305762112,0.005366981821485067,0.00495225319389227,24,1.0,584,16269750
30341,0.06707714835005306,0.005366075384316484,0.004951407561967009,24,1.0,584,16275590
30351,0.06706590204219387,0.0053651874457353674,0.004950564173918735,24,1.0,584,16281430
30361,0.06705450393326057,0.005364281046154954,0.004949721238330835,24,1.0,584,16287270
30371,0.06704313433148198,0.005363370619357945,0.004948877267988997,24,1.0,584,16293110
30381,0.06703228812162379,0.005362494864239931,0.004948033875896316,24,1.0,584,16298950
30391,0.06702054794043714,0.005361562892324917,0.00494719068987372,24,1.0,584,16304790
30401,0.06700958944112477,0.005360671871205986,0.004946347956876414,24,1.0,585,16310631
30411,0.06699809741188338,0.005359740880264135,0.004945504518753419,24,1.0,585,16316481
30421,0.06698728497896883,0.005358885816540773,0.0049446622375408445,24,1.0,585,16322331
30431,0.06697578235535415,0.005357947708790775,0.004943819195287163,24,1.0,585,16328181
30441,0.0669636915610832,0.005356992170073705,0.004942976800025448,24,1.0,585,16334031
30451,0.06695214544697689,0.005356085569477961,0.00494213486054779,24,1.0,585,16339881
30461,0.06694096392797334,0.0053551803400585735,0.004941293169047807,24,1.0,585,16345731
30471,0.06693032557001717,0.00535432484110787,0.004940453659214929,24,1.0,585,16351581
30481,0.06691879726590039,0.005353407106330538,0.004939613778316451,24,1.0,585,16357431
30491,0.06690755470217348,0.00535252564458122,0.004938774773725952,24,1.0,585,16363281
30501,0.066895837343219,0.005351577568545401,0.0049379347368777885,24,1.0,585,16369131
30511,0.0668839140797134,0.005350630906221987,0.00493709536271316,24,1.0,585,16374981
30521,0.06687280131511471,0.005349755325660631,0.004936256751501254,24,1.0,585,16380831
30531,0.06686139295083231,0.005348840014609364,0.004935417866678176,24,1.0,585,16386681
30541,0.06685050370093777,0.005347962664560975,0.004934580110903588,24,1.0,585,16392531
30551,0.06683885070489788,0.005347012630594275,0.004933742736034701,24,1.0,585,16398381
30561,0.0668273934168924,0.005346105011558357,0.0049329062481790606,24,1.0,585,16404231
30571,0.06681657699210211,0.005345237068253573,0.004932069221145166,24,1.0,585,16410081
30581,0.06680481986659077,0.0053443009987860154,0.004931232808922342,24,1.0,585,16415931
30591,0.06679383675476666,0.005343426842678193,0.004930397609907751,24,1.0,585,16421781
30601,0.06678235887321389,0.0053425086547849885,0.004929562313707384,24,1.0,585,16427631
30611,0.06677092043894854,0.005341574953439829,0.004928727637532726,24,1.0,585,16433481
30621,0.0667590437873177,0.005340619544628995,0.00492789314120174,24,1.0,585,16439331
30631,0.06674799515836584,0.005339749916472192,0.004927060400883987,24,1.0,585,16445181
30641,0.06673708533986118,0.005338873625969879,0.004926226475497169,24,1.0,585,16451031
30651,0.06672616995349318,0.0053380066523852155,0.004925394449389172,24,1.0,585,16456881
30661,0.06671462829171242,0.005337083366021629,0.004924561086901005,24,1.0,585,16462731
30671,0.06670259429964505,0.0053361144918881494,0.004923728074385455,24,1.0,585,16468581
30681,0.06669160779841611,0.0053352311905944545,0.00492289674931175,24,1.0,585,16474431
30691,0.06668009570938764,0.0053343164723842155,0.004922065071002087,24,1.0,585,16480281
30701,0.06666907643912517,0.005333419935755319,0.004921233581033079,24,1.0,585,16486131
30711,0.06665805175308849,0.005332570736429918,0.00492040445041821,24,1.0,585,16491981
30721,0.06664714320673645,0.005331685715145127,0.004919573566738567,24,1.0,585,16497831
30731,0.06663595305118424,0.005330774645259034,0.004918744348620473,24,1.0,585,16503681
30741,0.06662450380513807,0.0053298525788499,0.004917914815901823,24,1.0,585,16509531
30751,0.06661298342759946,0.005328946008835637,0.0049170855728942545,24,1.0,585,16515381
30761,0.06660182205324998,0.005328041680422875,0.004916256501667171,24,1.0,585,16521231
30771,0.06658989505311588,0.005327094630560442,0.0049154277760688515,24,1.0,585,16527081
30781,0.06657889985784644,0.00532622211337341,0.004914601301476007,24,1.0,585,16532931
30791,0.06656727178498317,0.005325303364393029,0.004913774630560642,24,1.0,585,16538781
30801,0.06655547396180615,0.00532434813961494,0.004912946977613508,24,1.0,585,16544631
30811,0.06654468330697919,0.005323484052606726,0.0049121216468077196,24,1.0,585,16550481
30821,0.06653351337562047,0.005322591384453824,0.004911296879794168,24,1.0,585,16556331
30831,0.06652200870405124,0.005321641180611594,0.00491047084037095,24,1.0,585,16562181
30841,0.0665102576681647,0.005320743321118804,0.004909646391576078,24,1.0,585,16568031
30851,0.06649932509753526,0.005319855587043124,0.0049088218093109575,24,1.0,585,16573881
30861,0.06648904521939475,0.0053190349949420795,0.004907998540208769,24,1.0,585,16579731
30871,0.06647838655473069,0.005318192869722983,0.004907175801097652,24,1.0,585,16585581
30881,0.06646691138166244,0.005317246848883276,0.004906351858203797,24,1.0,585,16591431
30891,0.0664557599315556,0.005316374937486872,0.004905528714295106,24,1.0,585,16597281
30901,0.0664446471124774,0.005315494712616162,0.004904707247081127,24,1.0,585,16603131
30911,0.06643331030748104,0.005314566805265637,0.004903885680220483,24,1.0,585,16608981
30921,0.06642191388739824,0.005313659517157145,0.004903063496801492,24,1.0,585,16614831
30931,0.06641021752983929,0.005312720362769958,0.0049022423598784086,24,1.0,585,16620681
30941,0.06639864769524752,0.005311801818253032,0.004901420296194439,24,1.0,585,16626531
30951,0.06638708410257116,0.005310884638800404,0.004900599266645981,24,1.0,585,16632381
30961,0.06637687969329353,0.005310072689419716,0.004899780173940957,24,1.0,585,16638231
30971,0.06636519697472042,0.005309120666745212,0.004898959660659634,24,1.0,585,16644081
30981,0.06635279038177995,0.005308139528680215,0.004898140863940641,24,1.0,585,16649931
30991,0.06634200314204299,0.005307260905905809,0.004897324122118569,24,1.0,585,16655781
31001,0.06633057895230356,0.005306364443027478,0.00489650513641859,24,1.0,585,16661631
31011,0.066319291437098,0.005305451038860432,0.00489568704494404,24,1.0,585,16667481
31021,0.06630829265251147,0.005304560742819267,0.004894870050982209,24,1.0,585,16673331
31031,0.06629688643275022,0.005303667431022284,0.004894053547540908,24,1.0,585,16679181
31041,0.06628654019424327,0.005302841510653383,0.004893237329489907,24,1.0,586,16685032
31051,0.06627567768126477,0.00530196907613175,0.004892419598712096,24,1.0,586,16690892
31061,0.06626526570939732,0.005301125740065982,0.0048916041825018235,24,1.0,586,16696752
31071,0.06625398003655193,0.005300216861673895,0.004890787663767978,24,1.0,586,16702612
31081,0.06624252682807147,0.0052993154049448135,0.004889971470303097,24,1.0,586,16708472
31091,0.06623158910206825,0.005298438697330103,0.004889155859004762,24,1.0,586,16714332
31101,0.06622023453070049,0.005297525179665606,0.004888339523332418,24,1.0,586,16720192
31111,0.06620916746229145,0.005296654585293442,0.004887525678232313,24,1.0,586,16726052
31121,0.06619837663395975,0.005295788761995823,0.0048867115212292145,24,1.0,586,16731912
31131,0.06618736413584157,0.005294906938912802,0.004885897598532699,24,1.0,586,16737772
31141,0.06617673564395513,0.00529406015935372,0.004885084770900639,24,1.0,586,16743632
31151,0.06616588554964717,0.005293174041775469,0.004884271402034962,24,1.0,586,16749492
31161,0.06615550531071648,0.005292329847978607,0.004883459269576893,24,1.0,586,16755352
31171,0.06614422346935392,0.00529144980756011,0.004882647387721446,24,1.0,586,16761212
31181,0.06613337908902088,0.005290564179568342,0.004881834828464848,24,1.0,586,16767072
31191,0.06612223831467423,0.005289691085833705,0.004881023962504554,24,1.0,586,16772932
31201,0.06611055376093095,0.005288754645589892,0.004880211848811812,24,1.0,586,16778792
31211,0.06609931718644436,0.005287852320455917,0.004879401161016472,24,1.0,586,16784652
31221,0.06608750523387494,0.005286915165805165,0.004878589989553448,24,1.0,586,16790512
31231,0.06607622699403028,0.005286022419006287,0.004877779953875894,24,1.0,586,16796372
31241,0.06606573970875733,0.005285174870983174,0.0048769708831609875,24,1.0,586,16802232
31251,0.06605425801309436,0.005284258960045029,0.004876161440182575,24,1.0,586,16808092
31261,0.06604322292206735,0.005283367601701918,0.004875352232184934,24,1.0,586,16813952
31271,0.06603182849724987,0.00528247842672641,0.004874543956780321,24,1.0,586,16819812
31281,0.06602159910946906,0.005281649806648871,0.004873736873097428,24,1.0,586,16825672
31291,0.06601005535260296,0.0052807186264211825,0.0048729285519473016,24,1.0,586,16831532
31301,0.06599834633169113,0.005279789669627598,0.004872122254326574,24,1.0,586,16837392
31311,0.06598759728423978,0.005278918642981225,0.004871315485358432,24,1.0,586,16843252
31321,0.06597669302687968,0.005278034354928367,0.004870508837974997,24,1.0,586,16849112
31331,0.06596559098901775,0.005277153094192387,0.004869702257888526,24,1.0,586,16854972
31341,0.06595454822406804,0.005276268010311252,0.0048688971677117955,24,1.0,586,16860832
31351,0.06594310489011818,0.005275377398932962,0.004868092146722395,24,1.0,586,16866692
31361,0.06593193485825499,0.005274481269043892,0.004867287635132769,24,1.0,586,16872552
31371,0.06592135812756227,0.005273628331641644,0.0048664828547254745,24,1.0,586,16878412
31381,0.06591097881287818,0.00527278436143357,0.004865680106803944,24,1.0,586,16884272
31391,0.0658996549057341,0.005271871670426059,0.004864877167359277,24,1.0,586,16890132
31401,0.06588890224104213,0.0052710098019120135,0.004864074751237883,24,1.0,586,16895992
31411,0.06587767534892865,0.0052701355794665125,0.00486327279359657,24,1.0,586,16901852
31421,0.0658669231344273,0.005269276294212446,0.0048624710308691034,24,1.0,586,16907712
31431,0.06585599533522118,0.005268391888410258,0.00486166915022518,24,1.0,586,16913572
31441,0.06584548821845843,0.005267549659652858,0.004860868307438537,24,1.0,586,16919432
31451,0.0658346458918187,0.005266692530559402,0.0048600673383196935,24,1.0,586,16925292
31461,0.06582407489609912,0.00526583753441974,0.004859268222931034,24,1.0,586,16931152
31471,0.06581355166416802,0.00526502037295752,0.004858468209066947,24,1.0,586,16937012
31481,0.06580312923686768,0.005264164517918043,0.004857667551291851,24,1.0,586,16942872
31491,0.06579142736614525,0.0052632275663037475,0.004856867591216409,24,1.0,586,16948732
31501,0.06578047465144338,0.005262367520791094,0.004856068631021734,24,1.0,586,16954592
31511,0.0657698669422793,0.005261510455569665,0.004855270106540701,24,1.0,586,16960452
31521,0.0657590525360361,0.00526062838466826,0.0048544727077598215,24,1.0,586,16966312
31531,0.06574793640484963,0.005259744229232123,0.004853674293669063,24,1.0,586,16972172
31541,0.0657368896240507,0.0052588571457904,0.004852877202247346,24,1.0,586,16978032
31551,0.06572590150626548,0.005257970525639581,0.004852080336972673,24,1.0,586,16983892
31561,0.06571479214479349,0.005257107214755683,0.0048512844855113845,24,1.0,586,16989752
31571,0.06570418548972004,0.005256246880031413,0.004850488536744847,24,1.0,586,16995612
31581,0.06569319316050468,0.005255375146995232,0.0048496935722562974,24,1.0,586,17001472
31591,0.06568210091296947,0.005254493723236854,0.004848898573424011,24,1.0,586,17007332
31601,0.06567137336408363,0.005253618668254867,0.0048481035733105365,24,1.0,586,17013192
31611,0.06566085170318042,0.005252788796830145,0.00484730972439502,24,1.0,586,17019052
31621,0.06565045126295836,0.0052519306490545325,0.004846516617932984,24,1.0,586,17024912
31631,0.06563963431420776,0.005251089798758109,0.004845724301943531,24,1.0,586,17030772
31641,0.06562874914124099,0.00525021144186767,0.004844930131377289,24,1.0,586,17036632
31651,0.0656180485572833,0.005249356282145378,0.004844137532017413,24,1.0,586,17042492
31661,0.06560711132322919,0.005248487241775864,0.004843345547252767,24,1.0,586,17048352
31671,0.06559682137532961,0.005247650622170378,0.004842554586803024,24,1.0,586,17054212
31681,0.06558618947407727,0.005246815256580045,0.0048417640454317115,24,1.0,586,17060072
31691,0.06557589917751293,0.005245987868495467,0.004840973231191412,24,1.0,586,17065932
31701,0.06556530928508979,0.005245128956168011,0.004840181423358036,24,1.0,587,17071800
31711,0.0655542312897891,0.005244245285980608,0.004839389785866783,24,1.0,587,17077670
31721,0.06554347385980554,0.0052433872569940965,0.004838598974536433,24,1.0,587,17083540
31731,0.06553262751298888,0.005242509528750063,0.004837808487472035,24,1.0,587,17089410
31741,0.0655216085372058,0.005241648186607385,0.004837018309463952,24,1.0,587,17095280
31751,0.06551108768075825,0.005240817453028088,0.004836229610265066,24,1.0,587,17101150
31761,0.06550116891824223,0.005240009744157412,0.004835441314128716,24,1.0,587,17107020
31771,0.06549070008831265,0.005239172279229017,0.004834652371469855,24,1.0,587,17112890
31781,0.06548026782289358,0.005238335228770908,0.00483386437399957,24,1.0,587,17118760
31791,0.06546990343906535,0.005237511975362055,0.004833076213912653,24,1.0,587,17124630
31801,0.06545945007811439,0.0052366565177891485,0.00483228780664094,24,1.0,587,17130500
31811,0.06544865718332507,0.005235814026787894,0.004831500143407952,24,1.0,587,17136370
31821,0.06543746263877391,0.005234906812722309,0.0048307116838620144,24,1.0,587,17142240
31831,0.06542699400769254,0.005234078549026737,0.004829925477051778,24,1.0,587,17148110
31841,0.06541648884453222,0.005233229833024636,0.004829139615270864,24,1.0,587,17153980
31851,0.06540540514854663,0.005232350689143565,0.004828352799847967,24,1.0,587,17159850
31861,0.06539527538190433,0.005231542847470175,0.004827567461485026,24,1.0,587,17165720
31871,0.06538535875603395,0.00523073539203105,0.004826782605915355,24,1.0,587,17171590
31881,0.06537471814929965,0.005229892517224038,0.004825998513429353,24,1.0,587,17177460
31891,0.06536424936432077,0.005229055888809069,0.004825213766406364,24,1.0,587,17183330
31901,0.06535359859648068,0.005228195551425365,0.004824428852217052,24,1.0,587,17189200
31911,0.06534369113782439,0.00522742627871211,0.0048236469219842286,24,1.0,587,17195070
31921,0.06533297802291886,0.00522653685452862,0.0048228627663233145,24,1.0,587,17200940
31931,0.06532202115442946,0.005225695242720295,0.00482207792635973,24,1.0,587,17206810
31941,0.06531131903918568,0.0052248000890869305,0.004821295902475701,24,1.0,587,17212680
31951,0.06530045639531681,0.005223945237454556,0.004820514023671055,24,1.0,587,17218550
31961,0.06528965118108052,0.005223103258812681,0.0048197323253582865,24,1.0,587,17224420
31971,0.06527954574992217,0.005222279107702227,0.00481895085305721,24,1.0,587,17230290
31981,0.06526888588655981,0.005221436303472343,0.004818170170925548,24,1.0,587,17236160
31991,0.06525813824942109,0.005220567421603795,0.004817390357338146,24,1.0,587,17242030
32001,0.06524682705592626,0.005219663398659686,0.004816609284313587,24,1.0,587,17247900
32011,0.06523613202753252,0.0052188136289387154,0.004815828802768428,24,1.0,587,17253770
32021,0.06522572148756327,0.0052179874382710205,0.004815048824206993,24,1.0,587,17259640
32031,0.06521573964732971,0.005217170743154331,0.0048142709921613095,24,1.0,587,17265510
32041,0.06520537015981058,0.0052163453577397986,0.004813493453817352,24,1.0,587,17271380
32051,0.0651947271249588,0.0052155079926599944,0.004812714993475711,24,1.0,587,17277250
32061,0.06518435766627635,0.0052146669178888706,0.004811936823972441,24,1.0,587,17283120
32071,0.06517391083300954,0.005213829562225063,0.004811159092900047,24,1.0,587,17288990
32081,0.06516330430347102,0.005212989325470256,0.00481038204840216,24,1.0,587,17294860
32091,0.0651521881343988,0.005212099247650144,0.004809605164036967,24,1.0,587,17300730
32101,0.06514174696616824,0.005211254109612938,0.004808829301114338,24,1.0,587,17306600
32111,0.06513133155811776,0.0052104069266255566,0.004808053049327936,24,1.0,587,17312470
32121,0.06512102414971939,0.005209612000099846,0.0048072789014303955,24,1.0,587,17318340
32131,0.06511046481223351,0.005208765643625202,0.004806504180560525,24,1.0,587,17324210
32141,0.06510052722502327,0.00520794765719312,0.004805729954442446,24,1.0,587,17330080
32151,0.06508970091279045,0.005207097208968732,0.004804955982285576,24,1.0,587,17335950
32161,0.06507933178380707,0.005206257043605687,0.00480418178426967,24,1.0,587,17341820
32171,0.06506906009997193,0.005205431249305502,0.004803408809203148,24,1.0,587,17347690
32181,0.06505857810556963,0.005204610782203235,0.004802634499618375,24,1.0,587,17353560
32191,0.06504820382695238,0.005203760380765238,0.004801862270935067,24,1.0,587,17359430
32201,0.06503752736307004,0.005202920242868042,0.00480108931256736,24,1.0,587,17365300
32211,0.06502740920180368,0.005202087896291797,0.0048003178205638574,24,1.0,587,17371170
32221,0.06501689680624295,0.00520126496699949,0.0047995466117203185,24,1.0,587,17377040
32231,0.06500660446932681,0.005200444895526464,0.00479877695191937,24,1.0,587,17382910
32241,0.06499615360344821,0.0051996039608548485,0.004798005926134735,24,1.0,587,17388780
32251,0.0649849722383275,0.005198718490010251,0.004797235051896177,24,1.0,587,17394650
32261,0.06497413384337453,0.005197847374517012,0.004796464430968496,24,1.0,587,17400520
32271,0.06496420951988766,0.005197058367564063,0.004795694868101066,24,1.0,587,17406390
32281,0.06495362670811314,0.0051962125983464925,0.0047949253973449514,24,1.0,587,17412260
32291,0.064943151209906,0.005195356650459604,0.0047941556026259,24,1.0,587,17418130
32301,0.06493236497942725,0.00519450276985629,0.004793387748153741,24,1.0,587,17424000
32311,0.06492158429623501,0.005193655843249322,0.004792619870581689,24,1.0,587,17429870
32321,0.06491177645125962,0.005192864732443451,0.0047918524666968046,24,1.0,587,17435740
32331,0.06490074174927532,0.00519198118290832,0.004791083917749423,24,1.0,587,17441610
32341,0.06489059780184768,0.005191190048138396,0.004790318031047365,24,1.0,587,17447480
32351,0.06488138398925321,0.005190421247223465,0.004789552375999478,24,1.0,587,17453350
32361,0.06487110713332685,0.005189611337089721,0.00478878667272368,24,1.0,587,17459220
32371,0.06486102831257338,0.005188804256017594,0.0047880197964827705,24,1.0,588,17465100
32381,0.06485104571594191,0.005187994314885784,0.004787253944662171,24,1.0,588,17470980
32391,0.06484129113358887,0.005187215613524903,0.0047864883779289045,24,1.0,588,17476860
32401,0.06483095278812734,0.005186390211989864,0.004785721955221614,24,1.0,588,17482740
32411,0.06482005182281354,0.005185535210257263,0.004784955873977654,24,1.0,588,17488620
32421,0.06480948077616533,0.005184674970959419,0.004784190243715934,24,1.0,588,17494500
32431,0.06479922902438279,0.005183862163320647,0.004783426134368383,24,1.0,588,17500380
32441,0.06478859763325309,0.005183000354012608,0.004782661991717517,24,1.0,588,17506260
32451,0.06477835610873489,0.005182202927896556,0.004781898673215259,24,1.0,588,17512140
32461,0.0647691410003843,0.005181447140752646,0.004781136079528888,24,1.0,588,17518020
32471,0.06475913137987774,0.0051806472200073075,0.004780373347893117,24,1.0,588,17523900
32481,0.06474891437769333,0.005179817777134367,0.0047796096655227755,24,1.0,588,17529780
32491,0.06473868217007162,0.005179004902006277,0.004778846649178654,24,1.0,588,17535660
32501,0.06472770806512176,0.005178126213279665,0.004778083574064697,24,1.0,588,17541540
32511,0.06471676998392092,0.005177265739877894,0.004777320966111888,24,1.0,588,17547420
32521,0.06470650308590878,0.005176428293503886,0.004776559286731381,24,1.0,588,17553300
32531,0.06469613037451762,0.00517561383984562,0.0047757982103962164,24,1.0,588,17559180
32541,0.06468609521954756,0.005174802200398335,0.004775038034251912,24,1.0,588,17565060
32551,0.06467629645446216,0.005174018339264281,0.004774278134725292,24,1.0,588,17570940
32561,0.06466587835256517,0.0051732042543414045,0.004773518121989216,24,1.0,588,17576820
32571,0.06465563643838033,0.005172360794671401,0.004772758830202975,24,1.0,588,17582700
32581,0.06464567099128213,0.0051715812953096576,0.004772000456874949,24,1.0,588,17588580
32591,0.06463610220549033,0.005170809394597134,0.004771243013626202,24,1.0,588,17594460
32601,0.06462547313312789,0.00516994705695398,0.004770483793007915,24,1.0,588,17600340
32611,0.06461502013187607,0.005169119696015122,0.004769726172308965,24,1.0,588,17606220
32621,0.06460468273773473,0.005168298363741933,0.004768968127180017,24,1.0,588,17612100
32631,0.06459465133230004,0.005167504713111121,0.004768211769664565,24,1.0,588,17617980
32641,0.06458426388301525,0.005166656109300532,0.004767454552794446,24,1.0,588,17623860
32651,0.06457380145423408,0.005165802326717016,0.004766698542886648,24,1.0,588,17629740
32661,0.06456316402341428,0.00516495779267168,0.0047659413647764435,24,1.0,588,17635620
32671,0.06455280225668084,0.005164161726289868,0.004765186392035155,24,1.0,588,17641500
32681,0.06454255568259093,0.005163326025404525,0.004764430420358707,24,1.0,588,17647380
32691,0.06453256412243924,0.005162520339042248,0.0047636754918793725,24,1.0,588,17653260
32701,0.06452220756339766,0.005161703049427187,0.004762921192565253,24,1.0,588,17659140
32711,0.06451230567110998,0.005160903740936962,0.004762167345371574,24,1.0,588,17665020
32721,0.06450192922433544,0.0051600744641193425,0.00476141327008712,24,1.0,588,17670900
32731,0.0644917774956541,0.005159272743077074,0.004760660089798763,24,1.0,588,17676780
32741,0.06448106216208943,0.005158395604150695,0.004759906118642695,24,1.0,588,17682660
32751,0.06447078102714561,0.0051575763475696975,0.004759153230809997,24,1.0,588,17688540
32761,0.06446044518056046,0.005156752711115751,0.0047583999197909795,24,1.0,588,17694420
32771,0.06444996507080289,0.0051559223113586666,0.004757647275715351,24,1.0,588,17700300
32781,0.06443961964674007,0.005155077195410558,0.004756894541736164,24,1.0,588,17706180
32791,0.06442932911323969,0.005154266733372694,0.004756143522837138,24,1.0,588,17712060
32801,0.06441885471831496,0.005153414502247107,0.004755390990536565,24,1.0,588,17717940
32811,0.06440872354818701,0.005152627908814327,0.004754641292728131,24,1.0,588,17723820
32821,0.06439858737680965,0.005151805922512444,0.004753890588704156,24,1.0,588,17729700
32831,0.06438846607499454,0.005150983547882433,0.004753140869346691,24,1.0,588,17735580
32841,0.06437819089414654,0.005150175077385519,0.004752392043980812,24,1.0,588,17741460
32851,0.06436715693747133,0.005149290022736684,0.004751642564169081,24,1.0,588,17747340
32861,0.06435705092646694,0.005148495859177936,0.004750894265787452,24,1.0,588,17753220
32871,0.06434735615683325,0.005147690975696201,0.004750146261224316,24,1.0,588,17759100
32881,0.06433670505766778,0.005146838937751729,0.004749397786242377,24,1.0,588,17764980
32891,0.06432665344908983,0.005146055448531228,0.004748650201549889,24,1.0,588,17770860
32901,0.06431724994527767,0.00514528895322293,0.004747903578467723,24,1.0,588,17776740
32911,0.0643068813336381,0.005144493534106663,0.004747156657983692,24,1.0,588,17782620
32921,0.06429742745795697,0.0051437182682104255,0.004746410950643153,24,1.0,588,17788500
32931,0.06428704897620781,0.005142893561189033,0.004745664168894946,24,1.0,588,17794380
32941,0.06427718928477026,0.005142095337701267,0.0047449185255084465,24,1.0,588,17800260
32951,0.06426731453098575,0.005141307764632854,0.004744172406848968,24,1.0,588,17806140
32961,0.06425691162527497,0.005140469256110288,0.0047434270842912985,24,1.0,588,17812020
32971,0.06424679008583684,0.005139657995830568,0.00474268203882547,24,1.0,588,17817900
32981,0.06423690021452132,0.005138875521312354,0.0047419386559239005,24,1.0,588,17823780
32991,0.06422707417685782,0.00513810602735022,0.0047411940466965345,24,1.0,588,17829660
33001,0.06421677021742629,0.005137264407937645,0.004740449442774473,24,1.0,588,17835540
33011,0.06420620560430325,0.005136422427955543,0.004739705573856346,24,1.0,588,17841420
33021,0.06419653184266604,0.005135644626238066,0.004738962466462778,24,1.0,588,17847300
33031,0.0641863413895838,0.005134821561544578,0.0047382197738806515,24,1.0,588,17853180
33041,0.06417567432538368,0.005133982393435888,0.004737476830475923,24,1.0,588,17859060
33051,0.06416575937322465,0.005133177443054559,0.004736733527191127,24,1.0,589,17864949
33061,0.06415551530528929,0.005132357173303733,0.0047359904817962485,24,1.0,589,17870839
33071,0.0641458848064337,0.005131572640020812,0.0047352488101493765,24,1.0,589,17876729
33081,0.064135729041174,0.005130770428673447,0.00473450665735428,24,1.0,589,17882619
33091,0.06412508800450986,0.005129918406552941,0.0047337652426124,24,1.0,589,17888509
33101,0.0641156382504644,0.005129189906593624,0.004733024754894914,24,1.0,589,17894399
33111,0.06410644750453086,0.0051284515394464224,0.004732284646800569,24,1.0,589,17900289
33121,0.06409580192423929,0.005127597576317968,0.004731543585465775,24,1.0,589,17906179
33131,0.06408621873171501,0.005126818425587809,0.004730803040769072,24,1.0,589,17912069
33141,0.06407610197512213,0.005125994256302516,0.004730063460762146,24,1.0,589,17917959
33151,0.06406574574202743,0.0051251775362028355,0.004729324095280322,24,1.0,589,17923849
33161,0.06405506244925274,0.005124325260298641,0.00472858404926673,24,1.0,589,17929739
33171,0.0640453320657807,0.005123547648467527,0.004727845802271907,24,1.0,589,17935629
33181,0.06403590890111456,0.005122782116598799,0.0047271080861816615,24,1.0,589,17941519
33191,0.06402581672028372,0.005121977128130663,0.0047263698879219905,24,1.0,589,17947409
33201,0.06401577823047445,0.005121174871991965,0.00472563193252936,24,1.0,589,17953299
33211,0.06400509147670257,0.005120318417244426,0.0047248946779904705,24,1.0,589,17959189
33221,0.06399512150764217,0.00511953177473467,0.004724157717587217,24,1.0,589,17965079
33231,0.06398528295172214,0.005118733041374332,0.004723420248507976,24,1.0,589,17970969
33241,0.06397576057584044,0.005117961948166579,0.004722684295554844,24,1.0,589,17976859
33251,0.0639648609953923,0.005117115717662761,0.004721947811121134,24,1.0,589,17982749
33261,0.06395510491219253,0.005116339933175083,0.004721212931272078,24,1.0,589,17988639
33271,0.06394597552680076,0.005115605724651693,0.004720478632565801,24,1.0,589,17994529
33281,0.06393556770329589,0.005114781684428131,0.004719743510417764,24,1.0,589,18000419
33291,0.0639256894992478,0.005113987574450054,0.004719008983500302,24,1.0,589,18006309
33301,0.06391652457940514,0.0051132388812658285,0.0047182749721747875,24,1.0,589,18012199
33311,0.06390608308585174,0.0051123989473188525,0.004717540746517186,24,1.0,589,18018089
33321,0.06389586020085242,0.005111592795462969,0.004716807708580941,24,1.0,589,18023979
33331,0.06388603006020754,0.005110811072435747,0.004716074425314556,24,1.0,589,18029869
33341,0.06387552648906565,0.0051099615238047544,0.004715340503658775,24,1.0,589,18035759
33351,0.06386582222431332,0.005109193740852492,0.00471460736045959,24,1.0,589,18041649
33361,0.0638566257900836,0.005108454187092924,0.004713876304076071,24,1.0,589,18047539
33371,0.06384712389124954,0.005107690974668517,0.0047131449483845044,24,1.0,589,18053429
33381,0.06383745232233783,0.005106930435857428,0.004712413673838252,24,1.0,589,18059319
33391,0.06382725373463916,0.0051061060769582505,0.004711681508532593,24,1.0,589,18065209
33401,0.0638178426454196,0.005105326949624341,0.004710951338488882,24,1.0,589,18071099
33411,0.06380780824246118,0.005104540466467946,0.004710221233056225,24,1.0,589,18076989
33421,0.06379798139056696,0.005103765938873368,0.004709491520463008,24,1.0,589,18082879
33431,0.06378752258595834,0.0051029238698945345,0.0047087612807145416,24,1.0,589,18088769
33441,0.06377766684090348,0.005102156271891336,0.004708032934052972,24,1.0,589,18094659
33451,0.06376792181469004,0.005101365133183503,0.004707303819215838,24,1.0,589,18100549
33461,0.06375861485075439,0.005100626000987058,0.004706576759482177,24,1.0,589,18106439
33471,0.06374907139413939,0.005099845609389089,0.004705847470528336,24,1.0,589,18112329
33481,0.0637388202389375,0.005099027866296319,0.004705119920671765,24,1.0,589,18118219
33491,0.06372889159459158,0.0050982243789982696,0.004704391524544933,24,1.0,589,18124109
33501,0.06371862164451149,0.0050974028263841755,0.004703664516359583,24,1.0,589,18129999
33511,0.06370921202545592,0.00509665932103416,0.004702938444322494,24,1.0,589,18135889
33521,0.06369949935562481,0.005095876965720733,0.004702211544494334,24,1.0,589,18141779
33531,0.06369038649123812,0.005095151045332833,0.004701486265822205,24,1.0,589,18147669
33541,0.06368106654800469,0.00509440395076717,0.004700761679431413,24,1.0,589,18153559
33551,0.06367099309178141,0.005093598881407776,0.0047000362740594595,24,1.0,589,18159449
33561,0.06366113547851313,0.005092821814633813,0.0046993115034891,24,1.0,589,18165339
33571,0.06365157964195427,0.005092051247352017,0.004698586504348974,24,1.0,589,18171229
33581,0.06364233474222361,0.005091308624330415,0.004697863663020772,24,1.0,589,18177119
33591,0.06363272062759577,0.005090548721940426,0.004697140015104549,24,1.0,589,18183009
33601,0.06362301531935247,0.005089771564346574,0.004696416450809521,24,1.0,589,18188899
33611,0.06361390760407264,0.005089023084171746,0.004695693384606232,24,1.0,589,18194789
33621,0.06360442150675724,0.005088291005580504,0.004694972049186644,24,1.0,589,18200679
33631,0.06359556093738628,0.005087560782009797,0.004694249731601433,24,1.0,589,18206569
33641,0.06358587317047804,0.00508680337475569,0.004693528097376775,24,1.0,589,18212459
33651,0.06357629499321452,0.005086013475408726,0.004692806243057107,24,1.0,589,18218349
33661,0.06356603420984734,0.005085203344864797,0.004692084629746231,24,1.0,589,18224239
33671,0.06355615053015173,0.0050844149777128575,0.004691363161440626,24,1.0,589,18230129
33681,0.06354632880905446,0.005083632327444096,0.004690642179933661,24,1.0,589,18236019
33691,0.06353630215496735,0.005082818797366536,0.0046899206722921145,24,1.0,589,18241909
33701,0.06352630897168554,0.00508201938428824,0.00468919941308316,24,1.0,589,18247799
33711,0.06351631113570952,0.005081228737201139,0.00468847917133051,24,1.0,589,18253689
33721,0.06350749803964352,0.005080519916285413,0.004687760716528803,24,1.0,589,18259579
33731,0.06349791833334925,0.00507975738129483,0.00468704196282576,24,1.0,589,18265469
33741,0.06348757309343203,0.005078937405029279,0.00468632193481925,24,1.0,590,18271363
33751,0.06347805970195745,0.005078168764461201,0.004685602789062494,24,1.0,590,18277263
33761,0.06346804737520607,0.005077364776540137,0.004684883571057888,24,1.0,590,18283163
33771,0.0634582772497799,0.0050765892791003395,0.004684164693302771,24,1.0,590,18289063
33781,0.06344856870928957,0.005075805040342905,0.004683446163972639,24,1.0,590,18294963
33791,0.06343878889987378,0.005075029521784096,0.004682727619481009,24,1.0,590,18300863
33801,0.06342884313744353,0.005074228588591192,0.00468200976263322,24,1.0,590,18306763
33811,0.06341893062592695,0.00507344851030815,0.004681291978686307,24,1.0,590,18312663
33821,0.06340930700429308,0.00507265213728708,0.004680574471116818,24,1.0,590,18318563
33831,0.06339903480271984,0.005071848579579297,0.004679857373095639,24,1.0,590,18324463
33841,0.06338970434923769,0.005071120341091854,0.004679140781888252,24,1.0,590,18330363
33851,0.06338052945167226,0.005070369731538999,0.004678424718456414,24,1.0,590,18336263
33861,0.06337074427576347,0.00506958997670258,0.004677709939030528,24,1.0,590,18342163
33871,0.06336120941398485,0.005068796233618394,0.0046769930048527674,24,1.0,590,18348063
33881,0.06335068748127007,0.005067966616720298,0.004676276737468416,24,1.0,590,18353963
33891,0.06334100151063116,0.005067210656570089,0.004675562645354046,24,1.0,590,18359863
33901,0.06333120692003469,0.005066409765293015,0.004674847953424374,24,1.0,590,18365763
33911,0.06332186962788117,0.005065677153620669,0.004674134566158651,24,1.0,590,18371663
33921,0.06331247062243806,0.005064920742621595,0.004673420813162274,24,1.0,590,18377563
33931,0.06330279331509117,0.005064136797442286,0.004672706514597497,24,1.0,590,18383463
33941,0.06329313942021272,0.005063372812629283,0.004671993499335693,24,1.0,590,18389363
33951,0.06328358420181264,0.005062603914338198,0.0046712797775585015,24,1.0,590,18395263
33961,0.06327403345001222,0.005061843655679668,0.004670567458936428,24,1.0,590,18401163
33971,0.06326479746309879,0.005061104812446687,0.004669855721685286,24,1.0,590,18407063
33981,0.06325458818772199,0.005060297131995542,0.0046691432524704445,24,1.0,590,18412963
33991,0.06324536098809105,0.005059553727087896,0.004668432311003364,24,1.0,590,18418863
34001,0.06323630697636469,0.005058839955868991,0.004667722106085569,24,1.0,590,18424763
34011,0.06322725697803355,0.005058108476240798,0.004667012034300148,24,1.0,590,18430663
34021,0.06321764809432472,0.005057339048984108,0.004666300285741577,24,1.0,590,18436563
34031,0.06320800622403175,0.005056574484923771,0.0046655908919601636,24,1.0,590,18442463
34041,0.06319794714409682,0.005055761543691382,0.004664879925499461,24,1.0,590,18448363
34051,0.0631884550963754,0.005054998467351443,0.004664170215802124,24,1.0,590,18454263
34061,0.06317882700801045,0.005054219268423742,0.004663460653423141,24,1.0,590,18460163
34071,0.06316959655304158,0.0050534928507760014,0.004662751694868841,24,1.0,590,18466063
34081,0.06315973413248714,0.005052710628545438,0.004662042553826192,24,1.0,590,18471963
34091,0.06315006348746363,0.005051923545222898,0.004661333906782337,24,1.0,590,18477863
34101,0.06314079930938855,0.005051195158249558,0.004660626781078621,24,1.0,590,18483763
34111,0.06313132447589395,0.005050420762662481,0.004659919382349292,24,1.0,590,18489663
34121,0.06312159259624106,0.005049650469451923,0.004659212066076632,24,1.0,590,18495563
34131,0.06311234134668109,0.005048917123970908,0.004658505210202352,24,1.0,590,18501463
34141,0.06310304765092745,0.005048175899155286,0.004657799412008945,24,1.0,590,18507363
34151,0.0630941125320865,0.005047458881569975,0.00465709352161217,24,1.0,590,18513263
34161,0.06308450093000452,0.005046685512888905,0.004656387684903058,24,1.0,590,18519163
34171,0.06307477275386322,0.005045899842001348,0.004655681680498221,24,1.0,590,18525063
34181,0.06306498404229309,0.005045126467948429,0.004654976310995749,24,1.0,590,18530963
34191,0.06305530241167824,0.0050443422929792444,0.004654270468023604,24,1.0,590,18536863
34201,0.06304579283105625,0.00504357486718581,0.004653565633350324,24,1.0,590,18542763
34211,0.06303574839354742,0.005042801852307837,0.004652859955179418,24,1.0,590,18548663
34221,0.06302589478227429,0.005041985340170702,0.0046521557233971745,24,1.0,590,18554563
34231,0.06301605522931841,0.005041208620921582,0.004651451387689525,24,1.0,590,18560463
34241,0.06300709320634623,0.0050404939207703255,0.004650748705610614,24,1.0,590,18566363
34251,0.06299790310780187,0.0050397550339416975,0.004650045178121024,24,1.0,590,18572263
34261,0.06298862439357886,0.005039017224584231,0.004649342392409844,24,1.0,590,18578163
34271,0.06297945190720276,0.00503827974967504,0.004648640632230259,24,1.0,590,18584063
34281,0.06297032989788019,0.005037547057499284,0.004647939080436209,24,1.0,590,18589963
34291,0.06296014663608077,0.005036736882608856,0.004647236988859676,24,1.0,590,18595863
34301,0.06295109809964264,0.0050359982185698374,0.004646535486889093,24,1.0,590,18601763
34311,0.06294179444110701,0.005035276178443018,0.004645834873214137,24,1.0,590,18607663
34321,0.06293274481907532,0.005034528556935573,0.004645133776128783,24,1.0,590,18613563
34331,0.06292341257040117,0.005033783498262562,0.004644433752125269,24,1.0,590,18619463
34341,0.06291364096483822,0.0050330151212925524,0.004643733697254566,24,1.0,590,18625363
34351,0.06290353225490172,0.005032199811472252,0.00464303388988013,24,1.0,590,18631263
34361,0.0628939456421585,0.00503145877414326,0.004642334578061986,24,1.0,590,18637163
34371,0.06288452967802788,0.00503069592538154,0.004641634526518807,24,1.0,590,18643063
34381,0.06287471218630224,0.00502989948897705,0.004640935049500941,24,1.0,590,18648963
34391,0.06286536967979442,0.005029151386507204,0.004640235452022084,24,1.0,590,18654863
34401,0.06285579185052353,0.005028383722543957,0.0046395379277100685,24,1.0,590,18660763
34411,0.06284629223392188,0.005027634844169907,0.004638839766346648,24,1.0,590,18666663
34421,0.06283664053552675,0.00502685832151094,0.004638142120682539,24,1.0,590,18672563
34431,0.06282772048206568,0.005026134441980717,0.004637445281011318,24,1.0,590,18678463
34441,0.06281807761350235,0.005025386600502354,0.00463674873280404,24,1.0,590,18684363
34451,0.06280837496495717,0.005024602326178735,0.004636051184441145,24,1.0,591,18690266
34461,0.06279947652210784,0.005023894891745601,0.004635354837319164,24,1.0,591,18696176
34471,0.06279049011744166,0.005023163514264143,0.004634657829786778,24,1.0,591,18702086
34481,0.06278117712904352,0.005022406022665812,0.004633961034661802,24,1.0,591,18707996
34491,0.06277201526736312,0.005021677518844191,0.004633264303025291,24,1.0,591,18713906
34501,0.06276224289678156,0.00502088622939919,0.004632568303455488,24,1.0,591,18719816
34511,0.0627521543137278,0.00502009459251849,0.004631872228474032,24,1.0,591,18725726
34521,0.06274305138695799,0.00501935099685381,0.004631177196518542,24,1.0,591,18731636
34531,0.06273299067493786,0.005018557178117039,0.004630481514097289,24,1.0,591,18737546
34541,0.06272346600920987,0.0050178011031169565,0.004629786609600565,24,1.0,591,18743456
34551,0.06271401903619248,0.005017051237762084,0.004629091460299557,24,1.0,591,18749366
34561,0.06270463135460055,0.005016301719379155,0.004628397413602073,24,1.0,591,18755276
34571,0.06269480914430561,0.005015503541707889,0.004627703293022549,24,1.0,591,18761186
34581,0.06268503739183293,0.0050147306135440994,0.00462700950484923,24,1.0,591,18767096
34591,0.06267569967672386,0.005013975591654132,0.004626316301199436,24,1.0,591,18773006
34601,0.06266650322472445,0.005013249407242453,0.004625624098612277,24,1.0,591,18778916
34611,0.06265711929944721,0.005012480474545853,0.004624930593769534,24,1.0,591,18784826
34621,0.06264758465186882,0.0050117337984778715,0.004624238331613505,24,1.0,591,18790736
34631,0.06263858332539102,0.005011015183620704,0.004623547310052275,24,1.0,591,18796646
34641,0.0626287748915246,0.005010237104969804,0.0046228551049408845,24,1.0,591,18802556
34651,0.06261979104122091,0.005009516239605441,0.0046221638072322865,24,1.0,591,18808466
34661,0.06261099328876207,0.0050088051645578715,0.004621473474509002,24,1.0,591,18814376
34671,0.06260193542279949,0.005008072559771987,0.004620783497911795,24,1.0,591,18820286
34681,0.06259213565205579,0.005007288617995416,0.0046200918938819,24,1.0,591,18826196
34691,0.06258251338979746,0.005006534151027259,0.004619402002839439,24,1.0,591,18832106
34701,0.06257335012636492,0.0050058098448967775,0.004618713355967488,24,1.0,591,18838016
34711,0.06256462707104543,0.005005110572105526,0.004618024825872661,24,1.0,591,18843926
34721,0.06255556271985298,0.00500436874336875,0.004617335851606591,24,1.0,591,18849836
34731,0.062546130305632,0.005003608377337978,0.004616646937982642,24,1.0,591,18855746
34741,0.06253644828064252,0.005002826597543518,0.0046159588128737794,24,1.0,591,18861656
34751,0.06252718800731116,0.005002091619645098,0.004615270937701874,24,1.0,591,18867566
34761,0.06251799542480893,0.005001364226599064,0.004614583590115288,24,1.0,591,18873476
34771,0.06250918752832446,0.005000662526732973,0.0046138966845303536,24,1.0,591,18879386
34781,0.06250025669476374,0.004999945918860009,0.004613209743324464,24,1.0,591,18885296
34791,0.06249097680145197,0.004999202113534981,0.004612522704321292,24,1.0,591,18891206
34801,0.06248154737061867,0.00499843404349115,0.004611836225630657,24,1.0,591,18897116
34811,0.06247234842191136,0.004997710466515426,0.0046111499154776,24,1.0,591,18903026
34821,0.06246313558858212,0.004996969859780658,0.004610464228124696,24,1.0,591,18908936
34831,0.062453601709489055,0.004996215137902946,0.004609779115094424,24,1.0,591,18914846
34841,0.06244462320076243,0.004995499779397192,0.0046090943146436265,24,1.0,591,18920756
34851,0.06243525151886073,0.004994742134460341,0.004608409683377787,24,1.0,591,18926666
34861,0.062426218019805635,0.00499402887240228,0.004607725630817821,24,1.0,591,18932576
34871,0.06241695409030951,0.004993277689510867,0.00460704121334606,24,1.0,591,18938486
34881,0.0624072887841091,0.0049925037816399,0.004606356694787089,24,1.0,591,18944396
34891,0.0623983579076768,0.004991803041241979,0.004605673497232889,24,1.0,591,18950306
34901,0.06238863847647419,0.004991006067107457,0.004604990343092758,24,1.0,591,18956216
34911,0.06237868970031695,0.004990213087226363,0.0046043071885240585,24,1.0,591,18962126
34921,0.0623693126394314,0.004989462240844767,0.004603624690037253,24,1.0,591,18968036
34931,0.06235982303671882,0.004988702392241869,0.004602941983004372,24,1.0,591,18973946
34941,0.06235030195042128,0.0049879500923897145,0.004602259750468295,24,1.0,591,18979856
34951,0.062340704506794686,0.00498718376961392,0.004601577712644997,24,1.0,591,18985766
34961,0.062331812085305846,0.004986474563126263,0.004600896636217446,24,1.0,591,18991676
34971,0.062323264693310135,0.004985787929328301,0.0046002165168591135,24,1.0,591,18997586
34981,0.06231376985353016,0.004985024787983821,0.004599534599715971,24,1.0,591,19003496
34991,0.0623044498848214,0.004984269899751017,0.00459885380392832,24,1.0,591,19009406
35001,0.06229511630426839,0.004983536877694568,0.004598173448735909,24,1.0,591,19015316
35011,0.06228589457008012,0.004982809923456383,0.004597493469816283,24,1.0,591,19021226
35021,0.062276820354016715,0.004982062521161402,0.004596813555015516,24,1.0,591,19027136
35031,0.06226725789340481,0.004981307589005998,0.004596133722598057,24,1.0,591,19033046
35041,0.062258684198406716,0.00498062601924255,0.004595455008024254,24,1.0,591,19038956
35051,0.06224925556693751,0.004979863175606478,0.004594775248922174,24,1.0,591,19044866
35061,0.06224017999147012,0.004979153612308775,0.004594097532199811,24,1.0,591,19050776
35071,0.06223084045261595,0.004978395040759779,0.0045934189652279645,24,1.0,591,19056686
35081,0.062221898226542005,0.004977669692217589,0.00459274117076713,24,1.0,591,19062596
35091,0.06221276357864163,0.004976957525566324,0.00459206433039563,24,1.0,591,19068506
35101,0.06220392755023332,0.004976247815902427,0.004591387491301865,24,1.0,591,19074416
35111,0.062194961617068466,0.004975538419591358,0.0045907109826765465,24,1.0,591,19080326
35121,0.06218589270128536,0.004974790823741799,0.004590034220054765,24,1.0,591,19086236
35131,0.06217624865481752,0.00497402860575702,0.00458935774863817,24,1.0,591,19092146
35141,0.062167508840825794,0.004973337289628646,0.004588683128606525,24,1.0,591,19098056
35151,0.06215885296023088,0.004972624904028247,0.0045880081506972,24,1.0,591,19103966
35161,0.062149533362164465,0.004971885070058404,0.004587332277620269,24,1.0,591,19109876
35171,0.062139808922636326,0.004971107152494492,0.004586656585561692,24,1.0,591,19115786
35181,0.062130524835932524,0.004970370862483055,0.004585981071442754,24,1.0,592,19121704
35191,0.06212129836384136,0.004969624246632156,0.004585305405052808,24,1.0,592,19127624
35201,0.06211171195184155,0.004968862345631693,0.004584630277617647,24,1.0,592,19133544
35211,0.06210260066855357,0.004968144840693619,0.004583955724271339,24,1.0,592,19139464
35221,0.06209359114152829,0.004967414168038306,0.004583281554713892,24,1.0,592,19145384
35231,0.062084842904729966,0.004966721437101371,0.004582608191965567,24,1.0,592,19151304
35241,0.06207595661827371,0.0049659992147156684,0.004581934005286928,24,1.0,592,19157224
35251,0.06206692360535938,0.00496528653417235,0.0045812610231458105,24,1.0,592,19163144
35261,0.062058116128359625,0.004964574878967654,0.004580588740637734,24,1.0,592,19169064
35271,0.06204882551284807,0.0049638401642545975,0.004579915240928535,24,1.0,592,19174984
35281,0.0620391763372294,0.004963065429943637,0.004579241482992754,24,1.0,592,19180904
35291,0.06203009796348414,0.004962337775815515,0.0045785696226019615,24,1.0,592,19186824
35301,0.062021174022680904,0.004961631672728924,0.004577897361901162,24,1.0,592,19192744
35311,0.06201273133800865,0.004960946385329202,0.004577226378284332,24,1.0,592,19198664
35321,0.062002967017747844,0.004960166688303834,0.0045765537997836045,24,1.0,592,19204584
35331,0.06199386972072594,0.004959444587818013,0.004575882091718928,24,1.0,592,19210504
35341,0.06198491777791451,0.004958722106736286,0.004575211930147118,24,1.0,592,19216424
35351,0.06197569634410993,0.004957993599701234,0.004574541607942401,24,1.0,592,19222344
35361,0.061966611431911324,0.004957266129481307,0.004573871792686419,24,1.0,592,19228264
35371,0.06195765404360531,0.004956529823264711,0.004573201800925646,24,1.0,592,19234184
35381,0.06194796941367546,0.004955764959622261,0.004572531120709226,24,1.0,592,19240104
35391,0.061938122160721754,0.004954980737263081,0.004571861238625219,24,1.0,592,19246024
35401,0.06192898387995164,0.0049542335119439704,0.004571192113696007,24,1.0,592,19251944
35411,0.061919497868408654,0.004953502118569691,0.004570522817037736,24,1.0,592,19257864
35421,0.06191038568104124,0.004952771059506478,0.004569854497933776,24,1.0,592,19263784
35431,0.061901743496444436,0.00495205720984554,0.004569186807846396,24,1.0,592,19269704
35441,0.06189263939747132,0.004951346490066355,0.004568519149490308,24,1.0,592,19275624
35451,0.06188336381017577,0.004950582695598406,0.0045678506677970096,24,1.0,592,19281544
35461,0.06187382042345751,0.004949831202680782,0.004567182807744233,24,1.0,592,19287464
35471,0.06186424650034733,0.00494907936112294,0.004566515752891493,24,1.0,592,19293384
35481,0.06185588733077436,0.004948384696013242,0.004565849830592538,24,1.0,592,19299304
35491,0.061846900521932306,0.004947669997415692,0.004565183711606501,24,1.0,592,19305224
35501,0.061837733760718244,0.004946940899542675,0.004564517093687591,24,1.0,592,19311144
35511,0.06182906163792695,0.0049462576724101795,0.0045638519534790265,24,1.0,592,19317064
35521,0.06182013066193591,0.004945531319656266,0.004563186203364904,24,1.0,592,19322984
35531,0.061811632434073574,0.004944856394975111,0.004562520837419267,24,1.0,592,19328904
35541,0.06180271799810661,0.004944143273234564,0.0045618557811396,24,1.0,592,19334824
35551,0.06179370263463141,0.004943414384796693,0.00456119135367825,24,1.0,592,19340744
35561,0.06178452531463201,0.004942690722278375,0.004560527629874943,24,1.0,592,19346664
35571,0.06177586754361415,0.004941998830266078,0.004559863774114586,24,1.0,592,19352584
35581,0.06176734449004345,0.004941307936556754,0.004559201012310475,24,1.0,592,19358504
35591,0.06175812692616443,0.004940585926604422,0.004558537664840701,24,1.0,592,19364424
35601,0.061749192749667,0.004939870523458378,0.004557875287952402,24,1.0,592,19370344
35611,0.061740846751080075,0.0049391896181790644,0.004557212752839595,24,1.0,592,19376264
35621,0.06173126667859527,0.004938437890444554,0.004556550062145482,24,1.0,592,19382184
35631,0.061722562307584106,0.004937742962199632,0.004555888050177849,24,1.0,592,19388104
35641,0.061713591809759716,0.004937021170969187,0.004555226286148388,24,1.0,592,19394024
35651,0.06170476460248468,0.004936314327453634,0.004554565473337219,24,1.0,592,19399944
35661,0.06169568031962082,0.00493557578460205,0.004553903922380131,24,1.0,592,19405864
35671,0.061686556700234034,0.004934860538769943,0.0045532429111738775,24,1.0,592,19411784
35681,0.061678080437519475,0.004934178293115143,0.004552583173073487,24,1.0,592,19417704
35691,0.06166922551020358,0.00493346714922031,0.004551922298235194,24,1.0,592,19423624
35701,0.061660096632008256,0.004932732703376007,0.004551261793534268,24,1.0,592,19429544
35711,0.06165139725872255,0.00493205206264326,0.004550602925125167,24,1.0,592,19435464
35721,0.06164257154115756,0.004931341173191942,0.004549943580189781,24,1.0,592,19441384
35731,0.061633827787354496,0.004930644476315677,0.004549284535327901,24,1.0,592,19447304
35741,0.061624593766964254,0.0049299030095427835,0.004548625415829239,24,1.0,592,19453224
35751,0.06161598787717383,0.004929209021086379,0.004547967450458828,24,1.0,592,19459144
35761,0.061606909362653416,0.004928492471484938,0.004547309309135244,24,1.0,592,19465064
35771,0.061598544858069995,0.004927812948383762,0.004546651218202041,24,1.0,592,19470984
35781,0.06158950025907332,0.004927081105947733,0.004545993489132525,24,1.0,592,19476904
35791,0.0615801484024302,0.0049263433729384775,0.004545336086048223,24,1.0,592,19482824
35801,0.06157130235953849,0.004925647477033904,0.004544678898085136,24,1.0,592,19488744
35811,0.0615619936214466,0.004924902804536457,0.004544021755585341,24,1.0,592,19494664
35821,0.0615539157528394,0.004924235868531126,0.004543365707541786,24,1.0,592,19500584
35831,0.06154490006406102,0.0049235326059750865,0.004542709496059918,24,1.0,592,19506504
35841,0.06153579353568778,0.004922795826641295,0.0045420528644299005,24,1.0,592,19512424
35851,0.061526665301643364,0.004922066289032957,0.00454139615038276,24,1.0,592,19518344
35861,0.06151802409100278,0.004921380539205011,0.0045407414328419065,24,1.0,592,19524264
35871,0.061509421111328726,0.004920679917513323,0.004540085963877688,24,1.0,592,19530184
35881,0.061500546190583885,0.0049199692676857535,0.0045394315909454775,24,1.0,592,19536104
35891,0.06149195077737587,0.004919283733330342,0.004538778442165399,24,1.0,592,19542024
35901,0.061482558644181305,0.004918515184355862,0.00453812350502957,24,1.0,592,19547944
35911,0.061473773145820004,0.004917839223834679,0.004537470377397503,24,1.0,592,19553864
35921,0.06146485394939827,0.004917109894748272,0.004536816283429485,24,1.0,593,19559792
35931,0.061456024711452804,0.004916420780246428,0.004536162142024079,24,1.0,593,19565722
35941,0.061447018982110524,0.004915690727808238,0.0045355077956422156,24,1.0,593,19571652
35951,0.06143828355005217,0.004914988489554828,0.004534853514782121,24,1.0,593,19577582
35961,0.06142926870145034,0.00491426252878228,0.004534199077729851,24,1.0,593,19583512
35971,0.06141992334193615,0.004913512191895599,0.004533545434720294,24,1.0,593,19589442
35981,0.06141138850089553,0.00491283286993745,0.004532893426927401,24,1.0,593,19595372
35991,0.06140258302352121,0.0049121291522049824,0.004532241092486961,24,1.0,593,19601302
36001,0.06139387570643447,0.004911433286296218,0.004531589638159406,24,1.0,593,19607232
36011,0.06138490671302134,0.004910729504045354,0.004530937719876598,24,1.0,593,19613162
36021,0.06137596745805141,0.004910011652799177,0.004530286306873674,24,1.0,593,19619092
36031,0.0613667926469864,0.004909268115367245,0.004529633968986931,24,1.0,593,19625022
36041,0.06135785300513086,0.004908568714377688,0.004528982268254844,24,1.0,593,19630952
36051,0.06134950727779204,0.004907875093037468,0.004528331720956374,24,1.0,593,19636882
36061,0.06134018235129614,0.00490715033006369,0.004527680169167083,24,1.0,593,19642812
36071,0.06133172448338947,0.00490647236148687,0.004527029846104291,24,1.0,593,19648742
36081,0.061323440983589605,0.004905812440955832,0.004526381237664387,24,1.0,593,19654672
36091,0.061314913453531204,0.004905128217476871,0.004525732071026841,24,1.0,593,19660602
36101,0.06130631282009821,0.004904444289461538,0.004525083442586384,24,1.0,593,19666532
36111,0.061297366325446585,0.004903711544747593,0.004524434189666646,24,1.0,593,19672462
36121,0.061288747742555875,0.004903020728366932,0.004523785693318689,24,1.0,593,19678392
36131,0.061279860297591096,0.004902329531794232,0.004523137435345977,24,1.0,593,19684322
36141,0.06127051702174405,0.004901577329446382,0.004522487707248025,24,1.0,593,19690252
36151,0.06126225058228554,0.004900901061394311,0.004521839774932585,24,1.0,593,19696182
36161,0.06125398759591336,0.004900250945197649,0.004521192379676309,24,1.0,593,19702112
36171,0.06124464802582892,0.00489950449201414,0.0045205442634547064,24,1.0,593,19708042
36181,0.06123620538071649,0.004898837269159561,0.004519896692849295,24,1.0,593,19713972
36191,0.06122809771374167,0.004898161491353839,0.004519250145175729,24,1.0,593,19719902
36201,0.06121879584036845,0.004897442519796634,0.004518603307437109,24,1.0,593,19725832
36211,0.06121023688759012,0.0048967408524211295,0.00451795657808426,24,1.0,593,19731762
36221,0.061201070692241184,0.004896008950580737,0.004517309636488438,24,1.0,593,19737692
36231,0.06119237522453748,0.004895314025399458,0.004516663205440643,24,1.0,593,19743622
36241,0.06118378531561425,0.004894628222105767,0.004516017515904549,24,1.0,593,19749552
36251,0.06117439411254859,0.004893873571961355,0.00451537156963675,24,1.0,593,19755482
36261,0.06116500737230142,0.004893137575919258,0.004514725527944952,24,1.0,593,19761412
36271,0.06115669180480135,0.004892466261631485,0.004514081782964602,24,1.0,593,19767342
36281,0.06114781274844243,0.004891765445684925,0.004513437324636199,24,1.0,593,19773272
36291,0.061139089938622375,0.0048910676472144355,0.004512793787220999,24,1.0,593,19779202
36301,0.06113027797731272,0.004890361364155001,0.0045121502913397045,24,1.0,593,19785132
36311,0.06112146994821416,0.00488965404473589,0.004511506811428764,24,1.0,593,19791062
36321,0.06111269119044197,0.0048889335269235,0.004510863106737196,24,1.0,593,19796992
36331,0.06110392478003346,0.004888233601318272,0.004510220130820233,24,1.0,593,19802922
36341,0.06109516226296955,0.004887536011420536,0.004509577654537705,24,1.0,593,19808852
36351,0.061086732647390334,0.004886883270955795,0.004508935405760217,24,1.0,593,19814782
36361,0.061078534315616946,0.004886207189663934,0.004508293780686426,24,1.0,593,19820712
36371,0.06107005279832955,0.004885553649963643,0.004507653186999337,24,1.0,593,19826642
36381,0.06106125476128244,0.004884818825539148,0.004507011134122403,24,1.0,593,19832572
36391,0.06105247749165653,0.004884126112011764,0.0045063701854328375,24,1.0,593,19838502
36401,0.061043813560798785,0.0048834397632526606,0.0045057298019276935,24,1.0,593,19844432
36411,0.06103528806435881,0.004882746982007269,0.004505089016513884,24,1.0,593,19850362
36421,0.06102687559287112,0.004882098238516164,0.004504450076573096,24,1.0,593,19856292
36431,0.06101829857023298,0.00488139999359372,0.0045038103024709975,24,1.0,593,19862222
36441,0.06100974208650471,0.0048807013856199824,0.0045031707716015525,24,1.0,593,19868152
36451,0.06100081133397506,0.004879982257252144,0.004502530325330558,24,1.0,593,19874082
36461,0.06099179227587079,0.004879288978803382,0.004501890098877292,24,1.0,593,19880012
36471,0.06098360815873004,0.004878613460181501,0.004501250504732183,24,1.0,593,19885942
36481,0.06097511706087172,0.004877922796855653,0.00450061222125518,24,1.0,593,19891872
36491,0.06096616006964777,0.004877231094738943,0.004499973724893411,24,1.0,593,19897802
36501,0.06095784411645057,0.004876565174074656,0.00449933650518854,24,1.0,593,19903732
36511,0.06094869392226425,0.004875826485921007,0.00449869842153364,24,1.0,593,19909662
36521,0.06094048583016366,0.004875175226381459,0.00449806184981119,24,1.0,593,19915592
36531,0.06093152784192598,0.004874455937984954,0.004497424136242586,24,1.0,593,19921522
36541,0.0609227663548834,0.004873749694326906,0.004496786704194746,24,1.0,593,19927452
36551,0.06091420110896876,0.00487307922354097,0.004496150787981958,24,1.0,593,19933382
36561,0.06090513805548384,0.004872352199415976,0.004495513826354415,24,1.0,593,19939312
36571,0.060896338182678915,0.00487163419996367,0.004494877053174861,24,1.0,593,19945242
36581,0.06088711633219688,0.004870913187736175,0.004494239847139801,24,1.0,593,19951172
36591,0.060879543282729036,0.00487029467701167,0.004493605218420258,24,1.0,593,19957102
36601,0.060871188760072754,0.004869622339295025,0.004492970135076228,24,1.0,593,19963032
36611,0.0608628794913805,0.004868959630273809,0.004492335779087264,24,1.0,593,19968962
36621,0.06085403181409194,0.004868268521509345,0.004491700978042973,24,1.0,593,19974892
36631,0.0608460214735142,0.004867611049497832,0.00449106658370445,24,1.0,593,19980822
36641,0.06083777281951942,0.0048669505204552745,0.004490432641157459,24,1.0,593,19986752
36651,0.06082908631600141,0.004866258962168058,0.00448979859749865,24,1.0,593,19992682
36661,0.06082040365239942,0.004865551063163153,0.00448916476036825,24,1.0,593,19998612
36671,0.06081174146424086,0.004864875427051023,0.004488530720183122,24,1.0,594,20004544
36681,0.06080314961992019,0.00486418278572876,0.004487896604338818,24,1.0,594,20010484
36691,0.060794420231857264,0.004863479811012565,0.004487262791542303,24,1.0,594,20016424
36701,0.060786292920607214,0.004862828992023555,0.0044866291695671145,24,1.0,594,20022364
36711,0.06077795304507293,0.004862173792118198,0.0044859965532068145,24,1.0,594,20028304
36721,0.06076979934284605,0.0048615142169282505,0.004485364205035903,24,1.0,594,20034244
36731,0.06076158264352534,0.0048608436340887365,0.004484731670156609,24,1.0,594,20040184
36741,0.06075310396213998,0.004860194570352926,0.004484100197425968,24,1.0,594,20046124
36751,0.06074439680297036,0.004859474145276516,0.004483467372557313,24,1.0,594,20052064
36761,0.060735610637390046,0.0048587785789824325,0.004482835588114933,24,1.0,594,20058004
36771,0.06072673729060451,0.004858068743029267,0.004482204183705649,24,1.0,594,20063944
36781,0.06071771064782598,0.004857346643935852,0.004481571757670644,24,1.0,594,20069884
36791,0.06070904401345553,0.0048566487100058005,0.004480940937194832,24,1.0,594,20075824
36801,0.0607004308416622,0.004855962997822272,0.00448031045130282,24,1.0,594,20081764
36811,0.0606918710642128,0.004855279569735331,0.004479679873499054,24,1.0,594,20087704
36821,0.0606831827859083,0.004854596439441077,0.004479049410510964,24,1.0,594,20093644
36831,0.06067474619534603,0.004853923519880053,0.0044784193574578185,24,1.0,594,20099584
36841,0.06066703993004962,0.004853303077037898,0.004477791102986285,24,1.0,594,20105524
36851,0.06065825534729534,0.0048525943944893145,0.0044771618933156,24,1.0,594,20111464
36861,0.060649284938953996,0.004851874151994847,0.004476532342236441,24,1.0,594,20117404
36871,0.06064124229870677,0.0048512320884507515,0.004475903845077113,24,1.0,594,20123344
36881,0.06063260941715006,0.00485054742269025,0.004475274491956977,24,1.0,594,20129284
36891,0.06062430993927189,0.004849875580347292,0.004474646110143436,24,1.0,594,20135224
36901,0.060615808066033124,0.004849207979460559,0.004474018283514053,24,1.0,594,20141164
36911,0.06060716992560081,0.0048485077328260205,0.004473390030258059,24,1.0,594,20147104
36921,0.06059887299617712,0.004847831498375367,0.004472761838108594,24,1.0,594,20153044
36931,0.06059026700354469,0.0048471581880501,0.004472135286562213,24,1.0,594,20158984
36941,0.06058177168240135,0.004846473985575446,0.004471509273159553,24,1.0,594,20164924
36951,0.06057339510940466,0.00484581046337154,0.004470881992620675,24,1.0,594,20170864
36961,0.06056464423095728,0.004845092019788572,0.004470255313921965,24,1.0,594,20176804
36971,0.06055572483046625,0.004844389670719026,0.004469628695723556,24,1.0,594,20182744
36981,0.06054795036692722,0.004843778903143279,0.004469003652728632,24,1.0,594,20188684
36991,0.06054013797032481,0.004843150652498206,0.004468378780157211,24,1.0,594,20194624
37001,0.06053187762380261,0.004842478041070973,0.004467753862909995,24,1.0,594,20200564
37011,0.06052312071165645,0.004841777520426774,0.004467128492156399,24,1.0,594,20206504
37021,0.06051459715067069,0.004841099599921445,0.0044665042940364415,24,1.0,594,20212444
37031,0.060505667791738896,0.004840395765389337,0.004465878803059496,24,1.0,594,20218384
37041,0.06049719277247383,0.004839712549602129,0.0044652550480574526,24,1.0,594,20224324
37051,0.06048882780901984,0.004839025704665093,0.0044646308044081675,24,1.0,594,20230264
37061,0.06048009016662905,0.004838349630829435,0.0044640067924677064,24,1.0,594,20236204
37071,0.060471495421361515,0.0048376470335458905,0.004463382521578076,24,1.0,594,20242144
37081,0.060463419318379195,0.004837002282870145,0.004462759944018373,24,1.0,594,20248084
37091,0.06045582853899906,0.004836393741190191,0.004462137943173727,24,1.0,594,20254024
37101,0.06044735061992903,0.004835706393942911,0.004461514685113635,24,1.0,594,20259964
37111,0.06043846011214164,0.004834995190506576,0.004460891838383691,24,1.0,594,20265904
37121,0.060429190214218734,0.004834262121524576,0.004460269456813371,24,1.0,594,20271844
37131,0.06042033243779519,0.004833543095374669,0.00445964684743647,24,1.0,594,20277784
37141,0.060411910677245696,0.004832881779416199,0.0044590253228620905,24,1.0,594,20283724
37151,0.06040328071859887,0.004832201190574959,0.004458403847542344,24,1.0,594,20289664
37161,0.06039511877612082,0.004831548260810748,0.004457783084067556,24,1.0,594,20295604
37171,0.06038679743802599,0.0048308838823153425,0.004457162795658685,24,1.0,594,20301544
37181,0.0603783820058075,0.004830208720796636,0.004456542430420038,24,1.0,594,20307484
37191,0.06037016540820872,0.004829539707269945,0.004455922429927061,24,1.0,594,20313424
37201,0.060361383173402686,0.0048288378119628736,0.004455302398183765,24,1.0,594,20319364
37211,0.06035308434597057,0.0048281849882132865,0.004454683588300575,24,1.0,594,20325304
37221,0.06034466720713131,0.0048275090445542455,0.0044540641176027285,24,1.0,594,20331244
37231,0.06033622122510669,0.004826837940542211,0.004453445482880149,24,1.0,594,20337184
37241,0.060328257744443094,0.004826190498388885,0.004452827284582572,24,1.0,594,20343124
37251,0.060320054137131617,0.004825526451563285,0.004452208857758618,24,1.0,594,20349064
37261,0.060311399872187775,0.004824849064918987,0.004451590202923721,24,1.0,594,20355004
37271,0.06030280618944562,0.00482416484011801,0.004450971675872499,24,1.0,594,20360944
37281,0.060294305418622116,0.004823475082587998,0.0044503539392725285,24,1.0,594,20366884
37291,0.060285678784053894,0.004822784334708288,0.004449736485602492,24,1.0,594,20372824
37301,0.06027757404127073,0.0048221405173925445,0.00444911973218417,24,1.0,594,20378764
37311,0.06026926229160796,0.004821469779717752,0.004448502625273636,24,1.0,594,20384704
37321,0.0602610107067272,0.004820804506990478,0.004447885465014792,24,1.0,594,20390644
37331,0.0602529809061709,0.004820170562184249,0.0044472690675317955,24,1.0,594,20396584
37341,0.060244453377767467,0.004819479339155625,0.004446652748664069,24,1.0,594,20402524
37351,0.06023567110262681,0.00481880328513739,0.0044460363435674275,24,1.0,594,20408464
37361,0.06022693316059814,0.004818085541643631,0.004445420189422429,24,1.0,594,20414404
37371,0.06021815879137201,0.00481738426887519,0.004444804972621931,24,1.0,594,20420344
37381,0.06020997725310546,0.0048167394544647805,0.004444189818060902,24,1.0,594,20426284
37391,0.0602015249996129,0.004816056849268823,0.004443575023848775,24,1.0,594,20432224
37401,0.06019298776115782,0.00481536616170277,0.004442959931210675,24,1.0,594,20438164
37411,0.060185332426937445,0.004814759564191063,0.004442346690298248,24,1.0,594,20444104
37421,0.06017699557261316,0.00481409586574084,0.004441732806294113,24,1.0,594,20450044
37431,0.06016858179620705,0.004813410556219394,0.004441118918354523,24,1.0,594,20455984
37441,0.0601601797080712,0.0048127551574692964,0.004440505515971527,24,1.0,594,20461924
37451,0.060152167308633236,0.004812109686079145,0.004439891703898567,24,1.0,595,20467874
37461,0.060144126054615166,0.004811459980729569,0.0044392778385461155,24,1.0,595,20473824
37471,0.060135766680832745,0.0048107861181141765,0.004438663817448697,24,1.0,595,20479774
37481,0.060127089599875595,0.0048101054793136325,0.0044380499054274235,24,1.0,595,20485724
37491,0.060119042663405106,0.0048094578960960815,0.0044374374272244865,24,1.0,595,20491674
37501,0.06011077433764897,0.004808800952196003,0.004436824444300133,24,1.0,595,20497624
37511,0.06010270207043372,0.00480814813671474,0.0044362113952135795,24,1.0,595,20503574
37521,0.060094288340259795,0.00480747570927838,0.004435599295513761,24,1.0,595,20509524
37531,0.0600859503962169,0.004806813191202052,0.004434987006044069,24,1.0,595,20515474
37541,0.06007766410636254,0.004806154160508463,0.004434375188007675,24,1.0,595,20521424
37551,0.060069998033178106,0.004805530006241644,0.004433763738244425,24,1.0,595,20527374
37561,0.06006149439990461,0.004804852948222882,0.004433151455677655,24,1.0,595,20533324
37571,0.06005300249539143,0.004804166583641213,0.004432539922278986,24,1.0,595,20539274
37581,0.06004407439953517,0.004803449170717484,0.0044319280441844425,24,1.0,595,20545224
37591,0.06003530231025332,0.004802753833704765,0.00443131683578919,24,1.0,595,20551174
37601,0.06002618258720576,0.004802040270039808,0.004430705782005716,24,1.0,595,20557124
37611,0.06001848092274918,0.0048014069057573956,0.00443009686169409,24,1.0,595,20563074
37621,0.06001023937796347,0.0048007591095007105,0.0044294869752335994,24,1.0,595,20569024
37631,0.06000254404573762,0.004800137760585587,0.00442887787462124,24,1.0,595,20574974
37641,0.05999469221015937,0.00479950708757072,0.004428268982903554,24,1.0,595,20580924
37651,0.059986628241020384,0.004798860722585842,0.004427659807128011,24,1.0,595,20586874
37661,0.05997830457799313,0.004798201873727758,0.004427051174690529,24,1.0,595,20592824
37671,0.05996986497524817,0.004797530557068055,0.004426442352677982,24,1.0,595,20598774
37681,0.059961636119358064,0.004796863353874199,0.00442583381971041,24,1.0,595,20604724
37691,0.05995292515017082,0.004796169054034124,0.004425225205166456,24,1.0,595,20610674
37701,0.05994460004449554,0.004795499890733622,0.004424617534166892,24,1.0,595,20616624
37711,0.05993633419488957,0.004794838015563751,0.0044240095418183745,24,1.0,595,20622574
37721,0.059928103675957425,0.004794185327385835,0.004423402216044466,24,1.0,595,20628524
37731,0.059920313752744224,0.004793572331037652,0.004422795591807247,24,1.0,595,20634474
37741,0.05991235219500037,0.0047929303441290785,0.004422188941158407,24,1.0,595,20640424
37751,0.059904115987527116,0.004792267660782328,0.004421582201650494,24,1.0,595,20646374
37761,0.05989603409411045,0.004791628119640139,0.004420975786467264,24,1.0,595,20652324
37771,0.05988859824253342,0.004791009788037368,0.0044203695015893945,24,1.0,595,20658274
37781,0.05987988836264021,0.004790321914773546,0.00441976373503164,24,1.0,595,20664224
37791,0.05987187207771263,0.0047896673232287685,0.004419159035720173,24,1.0,595,20670174
37801,0.059863542152357625,0.004789026320393384,0.004418553364470442,24,1.0,595,20676124
37811,0.05985519997376529,0.004788352000878483,0.004417947781021203,24,1.0,595,20682074
37821,0.05984724933944574,0.004787708376150658,0.004417343465364077,24,1.0,595,20688024
37831,0.059839491913435267,0.004787090343208203,0.004416739784030535,24,1.0,595,20693974
37841,0.05983106517915461,0.004786401046761762,0.004416135435538542,24,1.0,595,20699924
37851,0.05982198582781341,0.004785694346579201,0.00441553073435064,24,1.0,595,20705874
37861,0.059813645759974304,0.004785027169003217,0.004414926845828491,24,1.0,595,20711824
37871,0.059806075622570454,0.004784422847307448,0.004414324135877261,24,1.0,595,20717774
37881,0.0597982004560787,0.0047837789612231825,0.004413720912164813,24,1.0,595,20723724
37891,0.0597903206060038,0.00478317449601019,0.004413119379153926,24,1.0,595,20729674
37901,0.059782728041883185,0.00478255953597328,0.004412516693004114,24,1.0,595,20735624
37911,0.05977434180889473,0.0047818905557623454,0.004411913525358656,24,1.0,595,20741574
37921,0.05976642438390039,0.00478125592361788,0.004411311909091692,24,1.0,595,20747524
37931,0.05975791913730028,0.004780559768550438,0.004410708820189451,24,1.0,595,20753474
37941,0.05975007146634719,0.004779928203811642,0.00441010693622144,24,1.0,595,20759424
37951,0.05974203800175479,0.0047792943777184,0.004409506271181882,24,1.0,595,20765374
37961,0.059733693042488954,0.004778626181029593,0.004408904651845074,24,1.0,595,20771324
37971,0.05972552477764286,0.004777981560473403,0.00440830380576655,24,1.0,595,20777274
37981,0.05971739929202945,0.004777333434424626,0.004407703069740264,24,1.0,595,20783224
37991,0.05970912787144998,0.004776666086261386,0.004407102111209925,24,1.0,595,20789174
38001,0.0597012293042547,0.004776041141628187,0.004406502393255769,24,1.0,595,20795124
38011,0.059693059068275094,0.0047753743522572535,0.004405901511396473,24,1.0,595,20801074
38021,0.059685331955099445,0.004774768144709872,0.0044053021202617075,24,1.0,595,20807024
38031,0.05967711351862917,0.004774098766482969,0.004404702101648899,24,1.0,595,20812974
38041,0.05966900056424801,0.004773460427845055,0.004404103288147677,24,1.0,595,20818924
38051,0.05966123604170273,0.00477284430835406,0.004403504649063693,24,1.0,595,20824874
38061,0.059652753545054796,0.004772166359658747,0.004402905517159694,24,1.0,595,20830824
38071,0.05964465867493939,0.004771507511280061,0.004402306954133618,24,1.0,595,20836774
38081,0.05963608950001165,0.004770803212451673,0.004401707950415873,24,1.0,595,20842724
38091,0.0596279703181983,0.004770186275679747,0.00440111032108513,24,1.0,595,20848674
38101,0.05961999540079411,0.004769537036546681,0.004400512759793739,24,1.0,595,20854624
38111,0.05961188300152148,0.004768881188525926,0.004399914935348598,24,1.0,595,20860574
38121,0.05960378965562485,0.0047682343754627664,0.0043993166645387915,24,1.0,595,20866524
38131,0.05959537149571321,0.004767575956180548,0.004398719447584452,24,1.0,595,20872474
38141,0.05958733195681083,0.004766932190640522,0.004398123481627158,24,1.0,595,20878424
38151,0.059579334815929585,0.004766281823377514,0.004397526938182705,24,1.0,595,20884374
38161,0.05957070881605612,0.004765599264612205,0.004396930756203115,24,1.0,595,20890324
38171,0.05956272638229022,0.004764951956585569,0.004396335366725066,24,1.0,595,20896274
38181,0.05955455230822154,0.004764306168395635,0.004395740498506319,24,1.0,595,20902224
38191,0.05954653760199699,0.004763660651165031,0.0043951452770576655,24,1.0,595,20908174
38201,0.05953846390279921,0.004763016027998944,0.004394549972683517,24,1.0,595,20914124
38211,0.05952997303224172,0.004762327440042718,0.004393954262099971,24,1.0,595,20920074
38221,0.05952141584884131,0.004761650992342856,0.004393359747096031,24,1.0,595,20926024
38231,0.05951307256538428,0.0047609816892773115,0.0043927640420167,24,1.0,596,20931975
38241,0.05950545625602081,0.004760369298810763,0.004392169903825414,24,1.0,596,20937935
38251,0.05949702660033953,0.00475969868754374,0.0043915754074105254,24,1.0,596,20943895
38261,0.05948888818256829,0.00475904018073755,0.004390980999577789,24,1.0,596,20949855
38271,0.0594806211531573,0.004758385063080281,0.004390386547408102,24,1.0,596,20955815
38281,0.05947260615403942,0.004757750101748103,0.004389792309666795,24,1.0,596,20961775
38291,0.05946489720379849,0.004757120990909197,0.00438919845700226,24,1.0,596,20967735
38301,0.05945629912644646,0.004756441865286499,0.004388603994614274,24,1.0,596,20973695
38311,0.059448581208854906,0.00475582631798439,0.0043880112134371185,24,1.0,596,20979655
38321,0.059440331510535106,0.004755158926547514,0.004387417852877284,24,1.0,596,20985615
38331,0.05943231781217485,0.004754513519890401,0.004386824623245289,24,1.0,596,20991575
38341,0.05942440814826487,0.004753891929274579,0.004386232638728565,24,1.0,596,20997535
38351,0.0594162849631822,0.004753232190701027,0.004385640665306282,24,1.0,596,21003495
38361,0.05940808008887761,0.004752575211870463,0.004385048690712348,24,1.0,596,21009455
38371,0.059400551721180646,0.0047519822528942,0.004384458519334076,24,1.0,596,21015415
38381,0.05939220665605912,0.00475130106620402,0.004383866066061517,24,1.0,596,21021375
38391,0.05938416665488964,0.004750654806236564,0.004383274023708102,24,1.0,596,21027335
38401,0.059375705102775546,0.004749994603546491,0.004382682267125061,24,1.0,596,21033295
38411,0.05936771062873391,0.004749352600283912,0.004382090572943346,24,1.0,596,21039255
38421,0.05936015949223137,0.004748747917134495,0.004381499844835361,24,1.0,596,21045215
38431,0.05935200174021532,0.0047481021145421515,0.004380908909048635,24,1.0,596,21051175
38441,0.059343793468638814,0.00474743992460233,0.004380318777718019,24,1.0,596,21057135
38451,0.05933556558264902,0.004746772469923067,0.004379728161970386,24,1.0,596,21063095
38461,0.059327395172255264,0.004746134280047485,0.004379138657145023,24,1.0,596,21069055
38471,0.059319497851938206,0.004745506831641463,0.004378549819834204,24,1.0,596,21075015
38481,0.059311472887568537,0.004744846993671677,0.004377960695300381,24,1.0,596,21080975
38491,0.05930375145641899,0.004744240390630399,0.004377371918602172,24,1.0,596,21086935
38501,0.05929594081328986,0.0047436192563462855,0.0043767832173575135,24,1.0,596,21092895
38511,0.05928827178454652,0.0047429903759856045,0.004376194955247538,24,1.0,596,21098855
38521,0.05928012920831702,0.004742346379711177,0.004375606783410196,24,1.0,596,21104815
38531,0.0592719900941056,0.0047416995806440565,0.004375018984109844,24,1.0,596,21110775
38541,0.059263731547664324,0.004741041994820113,0.004374430897740517,24,1.0,596,21116735
38551,0.05925576062938808,0.004740397588951837,0.004373843123492579,24,1.0,596,21122695
38561,0.0592476932642334,0.004739752840323132,0.004373256556568619,24,1.0,596,21128655
38571,0.05923960628619013,0.004739103453915925,0.004372669086573115,24,1.0,596,21134615
38581,0.05923163774261497,0.004738474585159835,0.004372081870109358,24,1.0,596,21140575
38591,0.059223910122876804,0.004737847814208095,0.004371494714890282,24,1.0,596,21146535
38601,0.05921664532856394,0.00473727584918163,0.004370910002168298,24,1.0,596,21152495
38611,0.05920869400273859,0.004736647731025158,0.00437032407365245,24,1.0,596,21158455
38621,0.0592010292363732,0.004736008234743545,0.004369737998506758,24,1.0,596,21164415
38631,0.05919345171956312,0.00473541859154286,0.004369152882420439,24,1.0,596,21170375
38641,0.05918529585159835,0.004734752072581683,0.00436856651089178,24,1.0,596,21176335
38651,0.05917738813650767,0.004734128048260192,0.004367981467563968,24,1.0,596,21182295
38661,0.05916913211985831,0.004733471873945289,0.004367396308391106,24,1.0,596,21188255
38671,0.05916150611893587,0.004732855094579583,0.004366811819334352,24,1.0,596,21194215
38681,0.05915363878766329,0.004732223291393472,0.004366227833811934,24,1.0,596,21200175
38691,0.05914543882553156,0.004731575261864805,0.0043656427476087235,24,1.0,596,21206135
38701,0.05913769256119682,0.004730965351341436,0.004365059094704326,24,1.0,596,21212095
38711,0.059130437581287235,0.004730380700795857,0.004364476577696599,24,1.0,596,21218055
38721,0.05912224757310688,0.004729716374897963,0.0043638931108843535,24,1.0,596,21224015
38731,0.05911424397683091,0.0047290761137825255,0.004363309394713369,24,1.0,596,21229975
38741,0.05910643417776825,0.004728452574584227,0.004362726150802451,24,1.0,596,21235935
38751,0.05909873417820217,0.004727835381391732,0.004362143858989995,24,1.0,596,21241895
38761,0.059091136235320446,0.004727228180086594,0.00436156188530583,24,1.0,596,21247855
38771,0.05908315328059564,0.0047265950478259065,0.004360979445117509,24,1.0,596,21253815
38781,0.05907518126985705,0.004725949401682957,0.004360397493039578,24,1.0,596,21259775
38791,0.059066923710934055,0.00472529004141192,0.004359815348411597,24,1.0,596,21265735
38801,0.05905920924137409,0.004724670478116481,0.004359233849437851,24,1.0,596,21271695
38811,0.05905123203798939,0.004724033544823843,0.004358652448117049,24,1.0,596,21277655
38821,0.05904305317194582,0.004723377441303387,0.004358071424988004,24,1.0,596,21283615
38831,0.059035325582962726,0.004722770189575482,0.004357491118953054,24,1.0,596,21289575
38841,0.0590277073340991,0.00472215104180263,0.00435691057738993,24,1.0,596,21295535
38851,0.059019902545914785,0.004721537605067533,0.004356330790853819,24,1.0,596,21301495
38861,0.05901219191477749,0.004720909255201661,0.0043557508692996785,24,1.0,596,21307455
38871,0.05900443893941055,0.004720291468635942,0.004355171092189452,24,1.0,596,21313415
38881,0.058996022613232404,0.004719622431794606,0.004354591409635465,24,1.0,596,21319375
38891,0.05898860175617,0.004719029391997397,0.00435401282058752,24,1.0,596,21325335
38901,0.05898085837279189,0.004718403891248798,0.004353433889610733,24,1.0,596,21331295
38911,0.05897324673612676,0.00471778832953657,0.00435285494164834,24,1.0,596,21337255
38921,0.058965192005083364,0.004717151844892191,0.004352276343893979,24,1.0,596,21343215
38931,0.058957518600139466,0.004716534370172714,0.0043516988692720825,24,1.0,596,21349175
38941,0.058949629180175316,0.004715902035581218,0.004351121224047067,24,1.0,596,21355135
38951,0.05894199225341451,0.0047152935254715055,0.004350543493505767,24,1.0,596,21361095
38961,0.058934033772791446,0.00471465627064557,0.004349965684763712,24,1.0,596,21367055
38971,0.05892598806692541,0.004714021697053359,0.004349388088911158,24,1.0,596,21373015
38981,0.05891854919361646,0.004713429023282115,0.004348811114729592,24,1.0,596,21378975
38991,0.058911120767641365,0.004712832357904285,0.0043482339890800956,24,1.0,596,21384935
39001,0.05890314503827414,0.00471218467671587,0.004347656379580489,24,1.0,596,21390895
39011,0.05889478843393562,0.004711530641722033,0.004347078818176477,24,1.0,596,21396855
39021,0.05888690991440278,0.0047108829118521845,0.004346502668689781,24,1.0,596,21402815
39031,0.05887876367430664,0.00471023425334413,0.004345926406807665,24,1.0,596,21408775
39041,0.05887048549069852,0.004709569018293547,0.004345349793988281,24,1.0,597,21414741
39051,0.058862744888003436,0.00470896122981909,0.0043447739095565825,24,1.0,597,21420711
39061,0.058854526299213054,0.004708303166554626,0.004344196525282957,24,1.0,597,21426681
39071,0.05884656675477787,0.004707652601558345,0.0043436208980166145,24,1.0,597,21432651
39081,0.058838798328099545,0.004707054591936994,0.004343045469099082,24,1.0,597,21438621
39091,0.05883134092229073,0.0047064496095820816,0.004342469569573874,24,1.0,597,21444591
39101,0.05882324097568707,0.004705795634433465,0.004341893545623899,24,1.0,597,21450561
39111,0.058815264515490455,0.004705162345520429,0.004341318455875227,24,1.0,597,21456531
39121,0.05880760636435559,0.004704541918371809,0.00434074294711896,24,1.0,597,21462501
39131,0.05879981637077858,0.004703923543466111,0.004340168125265146,24,1.0,597,21468471
39141,0.05879211948767221,0.004703304221355318,0.004339593407230548,24,1.0,597,21474441
39151,0.0587843583139558,0.004702694139264502,0.004339020216207886,24,1.0,597,21480411
39161,0.0587766152858059,0.004702057949299885,0.004338446763292081,24,1.0,597,21486381
39171,0.05876835903695884,0.00470141843373864,0.004337873326551818,24,1.0,597,21492351
39181,0.05876021110400436,0.004700755849270971,0.004337298839439243,24,1.0,597,21498321
39191,0.058752119008769116,0.004700107311368672,0.004336725394947102,24,1.0,597,21504291
39201,0.05874471798837819,0.0046995134602382796,0.004336153615222341,24,1.0,597,21510261
39211,0.05873702100034989,0.004698897727150321,0.004335580681952296,24,1.0,597,21516231
39221,0.05872931966611891,0.004698291205367376,0.004335008439242389,24,1.0,597,21522201
39231,0.05872180808939489,0.004697690300759353,0.004334436113367179,24,1.0,597,21528171
39241,0.058714187552120795,0.004697081276576291,0.004333864432255064,24,1.0,597,21534141
39251,0.05870636867634722,0.004696451611656563,0.004333292384592753,24,1.0,597,21540111
39261,0.058698717059877226,0.004695831751553274,0.004332720797351351,24,1.0,597,21546081
39271,0.058690964186223236,0.004695209759812046,0.004332149604471853,24,1.0,597,21552051
39281,0.05868303568068112,0.004694584447231005,0.004331579001178099,24,1.0,597,21558021
39291,0.058674842403271435,0.004693922457347766,0.004331008294439055,24,1.0,597,21563991
39301,0.058666704772460075,0.004693270879301422,0.004330437646111667,24,1.0,597,21569961
39311,0.05865959000193815,0.004692705293703761,0.004329868215667881,24,1.0,597,21575931
39321,0.058651905182341216,0.0046920970782685254,0.004329298330237976,24,1.0,597,21581901
39331,0.05864420860984853,0.004691486727815275,0.00432872875872434,24,1.0,597,21587871
39341,0.058636366529153834,0.004690839168586845,0.004328159077325451,24,1.0,597,21593841
39351,0.05862868369686219,0.00469023645587597,0.004327590246107165,24,1.0,597,21599811
39361,0.05862141982382129,0.0046896417053994945,0.0043270204914436705,24,1.0,597,21605781
39371,0.05861433688973699,0.004689101225755948,0.004326457050406366,23,0.9583333333333334,572,21611701
39381,0.058607597941638036,0.004688545505019447,0.004325911920904987,23,0.9583333333333334,572,21617421
39391,0.05860004545316075,0.0046879306501344505,0.004325366950671342,23,0.9583333333333334,572,21623141
39401,0.05859234768804768,0.004687327907469606,0.00432482684656172,22,0.9166666666666666,547,21628811
39411,0.058585698094599646,0.0046868060407883215,0.004324328032017947,21,0.875,522,21634056
39421,0.05857958431035126,0.00468631280499154,0.004323831828338903,21,0.875,522,21639276
39431,0.05857293920076537,0.004685777067488225,0.0043233534381015674,20,0.8333333333333334,498,21644304
39441,0.05856699984138525,0.004685307860371232,0.004322880814092375,20,0.8333333333333334,498,21649284
39451,0.058559892835409987,0.004684738135240772,0.0043224067047279305,20,0.8333333333333334,498,21654264
39461,0.058553380425393924,0.004684222488028919,0.004321933284666265,20,0.8333333333333334,498,21659244
39471,0.05854726228375366,0.004683721809474257,0.004321460509808959,20,0.8333333333333334,498,21664224
39481,0.058540569366416856,0.0046831970442713,0.0043209879577747684,20,0.8333333333333334,498,21669204
39491,0.058533989691514104,0.004682656495795416,0.004320514810104845,20,0.8333333333333334,498,21674184
39501,0.058527271914920284,0.004682127371277771,0.004320042258088407,20,0.8333333333333334,498,21679164
39511,0.05852095539253808,0.004681630931179673,0.004319570340309628,20,0.8333333333333334,498,21684144
39521,0.058514463764427226,0.0046810891701188516,0.004319097199937417,20,0.8333333333333334,498,21689124
39531,0.058507930077077795,0.004680581260867188,0.0043186252216854725,20,0.8333333333333334,498,21694104
39541,0.058501125632080535,0.004680039285527186,0.00431815329459845,20,0.8333333333333334,498,21699084
39551,0.05849492111108692,0.004679541170256554,0.004317681687495139,20,0.8333333333333334,498,21704064
39561,0.05848857114951233,0.004679041449442522,0.004317210696642734,20,0.8333333333333334,498,21709044
39571,0.058481965325348016,0.0046785047434083505,0.004316738860196995,20,0.8333333333333334,498,21714024
39581,0.05847550918559568,0.004677987091206245,0.004316267294876975,20,0.8333333333333334,498,21719004
39591,0.05846912154866368,0.004677474330553572,0.004315795990336775,20,0.8333333333333334,498,21723984
39601,0.05846286125657158,0.004676981772757764,0.004315325588995671,20,0.8333333333333334,498,21728964
39611,0.05845610983305931,0.004676429309355092,0.004314854011708976,20,0.8333333333333334,498,21733944
39621,0.058449706678949546,0.0046759206092385035,0.004314383465580302,20,0.8333333333333334,498,21738924
39631,0.0584431144358992,0.00467538736464935,0.004313913098966151,20,0.8333333333333334,498,21743904
39641,0.058437164265286244,0.004674927842429717,0.004313443863283595,20,0.8333333333333334,498,21748884
39651,0.05843050288882069,0.004674394948300134,0.004312973609763769,20,0.8333333333333334,498,21753864
39661,0.05842453464618104,0.0046739051574950724,0.0043125043585994895,20,0.8333333333333334,498,21758844
39671,0.05841803934546112,0.004673394368591043,0.004312034719661952,20,0.8333333333333334,498,21763824
39681,0.05841182534797181,0.004672904314829071,0.004311565306350418,20,0.8333333333333334,498,21768804
39691,0.05840489394130086,0.004672338072002593,0.004311095264874297,20,0.8333333333333334,498,21773784
39701,0.05839858152891485,0.004671829574407164,0.004310625744393486,20,0.8333333333333334,498,21778764
39711,0.058391875070958166,0.004671296599255063,0.00431015631668743,20,0.8333333333333334,498,21783744
39721,0.058385677020333815,0.004670810746358278,0.004309688032379474,20,0.8333333333333334,498,21788724
39731,0.05837958364573331,0.004670316252497876,0.004309219175431182,20,0.8333333333333334,498,21793704
39741,0.05837314777875017,0.004669799641480807,0.004308750080931386,20,0.8333333333333334,498,21798684
39751,0.0583665016440802,0.0046692662108491784,0.004308281394305461,20,0.8333333333333334,498,21803664
39761,0.05836007024132488,0.004668748787608008,0.004307812688900007,20,0.8333333333333334,498,21808644
39771,0.05835360442598693,0.004668239155758198,0.004307345026861794,20,0.8333333333333334,498,21813624
39781,0.058347301842382834,0.004667737307479464,0.004306876979843092,20,0.8333333333333334,498,21818604
39791,0.05834111111255124,0.00466723094386956,0.004306408994143133,20,0.8333333333333334,498,21823584
39801,0.05833500287085776,0.004666749324575121,0.0043059414826781455,20,0.8333333333333334,498,21828564
39811,0.05832856027370134,0.004666225160643822,0.004305473596171951,20,0.8333333333333334,498,21833544
39821,0.05832218566108955,0.004665715211822564,0.004305006540884757,20,0.8333333333333334,498,21838524
39831,0.058315959338335284,0.004665227646959258,0.0043045401348844456,20,0.8333333333333334,498,21843504
39841,0.05830953055501482,0.004664716866952969,0.004304073356640606,20,0.8333333333333334,498,21848484
39851,0.058303213491506634,0.004664205675957314,0.004303605860239826,20,0.8333333333333334,498,21853464
39861,0.058296862050281534,0.004663704585079132,0.004303139051832948,20,0.8333333333333334,498,21858444
39871,0.058290790032096224,0.004663219421672621,0.004302672347276736,20,0.8333333333333334,498,21863424
39881,0.05828458867007677,0.004662725077766606,0.004302206175272054,20,0.8333333333333334,498,21868404
39891,0.058278695621886895,0.004662248396811004,0.004301740327919433,20,0.8333333333333334,498,21873384
39901,0.05827202440958721,0.004661708885048314,0.004301273703304738,20,0.8333333333333334,498,21878364
39911,0.05826539928387262,0.004661174230109102,0.004300806988961955,20,0.8333333333333334,498,21883344
39921,0.05825893675012293,0.004660663657428024,0.004300340335817,20,0.8333333333333334,498,21888324
39931,0.058252534692171905,0.004660155005534571,0.004299874791110645,20,0.8333333333333334,498,21893304
39941,0.05824683366928708,0.004659701850047828,0.004299410014790897,20,0.8333333333333334,498,21898284
39951,0.05824075593760629,0.00465920865978225,0.004298944526004953,20,0.8333333333333334,498,21903264
39961,0.05823454194106539,0.004658716795105808,0.004298479515776558,20,0.8333333333333334,498,21908244
39971,0.05822886091442664,0.004658259999769994,0.004298015117850113,20,0.8333333333333334,498,21913224
39981,0.05822265811707372,0.004657756812621218,0.004297550634213938,20,0.8333333333333334,498,21918204
39991,0.05821585411877153,0.004657215420020123,0.004297085315617258,20,0.8333333333333334,498,21923184
40001,0.05820946670778779,0.004656712582149072,0.0042966206912956354,20,0.8333333333333334,498,21928164
40011,0.05820353903955487,0.0046562354776288365,0.004296155968414134,20,0.8333333333333334,498,21933144
40021,0.05819719937537373,0.004655727158886761,0.004295691585130935,20,0.8333333333333334,498,21938124
40031,0.05819098523971481,0.004655238753871947,0.004295227281255297,20,0.8333333333333334,498,21943104
40041,0.05818477315822517,0.004654735996037086,0.004294763400100015,20,0.8333333333333334,498,21948084
40051,0.05817832376554652,0.004654213677563142,0.004294299124948719,20,0.8333333333333334,498,21953064
40061,0.05817213762112764,0.004653722283578525,0.00429383630966733,20,0.8333333333333334,498,21958044
40071,0.058165692563833006,0.0046531916193111745,0.004293372414921069,20,0.8333333333333334,498,21963024
40081,0.05815899610697325,0.004652668098237253,0.004292908397944029,20,0.8333333333333334,498,21968004
40091,0.058152591773964646,0.004652160404864386,0.0042924451474574375,20,0.8333333333333334,498,21972984
40101,0.05814609549122983,0.004651630871086583,0.004291981713840666,20,0.8333333333333334,498,21977964
40111,0.05814008643930177,0.004651172169962398,0.004291519754739456,20,0.8333333333333334,498,21982944
40121,0.05813384051193884,0.004650652246419836,0.00429105675447453,20,0.8333333333333334,498,21987924
40131,0.058127140934880125,0.004650114563860464,0.0042905943244515524,20,0.8333333333333334,498,21992904
40141,0.05812061729505432,0.004649604261843934,0.004290132356713318,20,0.8333333333333334,498,21997884
40151,0.05811447181526389,0.004649101072556179,0.004289670079801221,20,0.8333333333333334,498,22002864
40161,0.058108111555599265,0.004648598051854036,0.004289207846737953,20,0.8333333333333334,498,22007844
40171,0.058101572854380855,0.0046480784408030485,0.004288745978651217,20,0.8333333333333334,498,22012824
40181,0.05809596800299665,0.004647621978854816,0.004288284951053728,20,0.8333333333333334,498,22017804
40191,0.05808952016167479,0.004647095775398659,0.004287822373331488,20,0.8333333333333334,498,22022784
40201,0.058083204436920347,0.0046466095911022465,0.004287360872158464,20,0.8333333333333334,498,22027764
40211,0.058077085625810695,0.004646118370064525,0.004286899069102476,20,0.8333333333333334,498,22032744
40221,0.058070665906591844,0.004645605962991175,0.004286438271912129,20,0.8333333333333334,498,22037724
40231,0.058064666537877146,0.004645128335636195,0.004285977824468565,20,0.8333333333333334,498,22042704
40241,0.05805859701490086,0.004644641635225927,0.004285517053191578,20,0.8333333333333334,498,22047684
40251,0.05805225566955008,0.004644124544925612,0.004285055947100128,20,0.8333333333333334,498,22052664
40261,0.05804530427272308,0.004643568453906746,0.004284594374345878,20,0.8333333333333334,498,22057644
40271,0.058039118616872644,0.004643077075661576,0.004284134322946412,20,0.8333333333333334,498,22062624
40281,0.05803289181716629,0.00464257952486865,0.004283673986189518,20,0.8333333333333334,498,22067604
40291,0.05802691891322548,0.004642108616162019,0.004283214134175002,20,0.8333333333333334,498,22072584
40301,0.05802119247027877,0.00464163727991765,0.0042827546170828,20,0.8333333333333334,498,22077564
40311,0.05801485657500512,0.004641136755346652,0.004282294978753684,20,0.8333333333333334,498,22082544
40321,0.058008824722680874,0.004640662849366625,0.004281836243561698,20,0.8333333333333334,498,22087524
40331,0.05800218402332079,0.004640118962411768,0.004281376086426242,20,0.8333333333333334,498,22092504
40341,0.057996141882846956,0.004639645952778924,0.004280916637336401,20,0.8333333333333334,498,22097484
40351,0.057990353027486376,0.00463917596475537,0.004280457904309277,20,0.8333333333333334,498,22102464
40361,0.05798432188081244,0.0046387084212718135,0.004279999014828514,20,0.8333333333333334,499,22107447
40371,0.05797809891233221,0.004638200836574785,0.004279539112477086,20,0.8333333333333334,499,22112437
40381,0.057971856489381066,0.004637699162824771,0.004279079708871625,20,0.8333333333333334,499,22117427
40391,0.057965422514631215,0.004637175282566906,0.0042786192763113046,20,0.8333333333333334,499,22122417
40401,0.05795918431647245,0.0046366773932318755,0.004278159854663181,20,0.8333333333333334,499,22127407
40411,0.057952776195225285,0.004636180242710496,0.004277700467124875,20,0.8333333333333334,499,22132397
40421,0.05794648489553381,0.0046356654903104075,0.004277241702523956,20,0.8333333333333334,499,22137387
40431,0.05794058245557736,0.004635198468407372,0.004276783678673125,20,0.8333333333333334,499,22142377
40441,0.05793436684978498,0.004634693217403727,0.004276324698183625,20,0.8333333333333334,499,22147367
40451,0.05792816762274951,0.004634199588080523,0.004275866441155486,20,0.8333333333333334,499,22152357
40461,0.05792188459062918,0.004633707266264569,0.004275408038649626,20,0.8333333333333334,499,22157347
40471,0.057915982752905514,0.004633237993935309,0.0042749499533716595,20,0.8333333333333334,499,22162337
40481,0.057909875417630374,0.004632752280414013,0.004274492206589151,20,0.8333333333333334,499,22167327
40491,0.057904391957681725,0.004632306180782311,0.004274035686374414,20,0.8333333333333334,499,22172317
40501,0.0578984884907812,0.004631829916097681,0.004273578434966976,20,0.8333333333333334,499,22177307
40511,0.057892222563480714,0.004631329229850456,0.00427312100767728,20,0.8333333333333334,499,22182297
40521,0.05788640863262846,0.004630868700783325,0.0042726639836562115,20,0.8333333333333334,499,22187287
40531,0.05788007536299082,0.0046303546299027954,0.004272206498343583,20,0.8333333333333334,499,22192277
40541,0.057874036836170574,0.004629866426203323,0.004271749731082862,20,0.8333333333333334,499,22197267
40551,0.05786798599110776,0.0046293926498979674,0.004271292626447226,20,0.8333333333333334,499,22202257
40561,0.05786198702835984,0.004628909324472596,0.004270835921123007,20,0.8333333333333334,499,22207247
40571,0.05785560499118177,0.004628402200523513,0.004270378491907847,20,0.8333333333333334,499,22212237
40581,0.05784968840145864,0.004627936300147007,0.004269922345527826,20,0.8333333333333334,499,22217227
40591,0.05784424394320802,0.004627491634772667,0.004269467006354849,20,0.8333333333333334,499,22222217
40601,0.05783828821222213,0.004627006074507987,0.00426901074372899,20,0.8333333333333334,499,22227207
40611,0.05783216348420855,0.004626510418689619,0.004268554943053067,20,0.8333333333333334,499,22232197
40621,0.05782602652748212,0.004626027454887246,0.004268099123894469,20,0.8333333333333334,499,22237187
40631,0.05781965676256087,0.0046255178923374825,0.004267643074297938,20,0.8333333333333334,499,22242177
40641,0.05781342432517191,0.004625013625029339,0.004267186953482364,20,0.8333333333333334,499,22247167
40651,0.05780688108200917,0.004624498719562588,0.004266731377734404,20,0.8333333333333334,499,22252157
40661,0.05780055338712139,0.0046239999141849475,0.004266276300049326,20,0.8333333333333334,499,22257147
40671,0.05779444812862849,0.004623499569930543,0.004265820968582976,20,0.8333333333333334,499,22262137
40681,0.057787925740154844,0.00462297893507597,0.0042653656689727185,20,0.8333333333333334,499,22267127
40691,0.05778121389693912,0.004622453368988753,0.004264909695555614,20,0.8333333333333334,499,22272117
40701,0.05777487360041597,0.00462193309879385,0.004264455387502474,20,0.8333333333333334,499,22277107
40711,0.057768620614390774,0.004621445935898286,0.00426400084380995,20,0.8333333333333334,499,22282097
40721,0.05776262511041528,0.004620960066987095,0.004263546132970269,20,0.8333333333333334,499,22287087
40731,0.05775643296196604,0.004620468115629408,0.004263091676932452,20,0.8333333333333334,499,22292077
40741,0.0577507036866673,0.004620018295170358,0.004262638275201313,20,0.8333333333333334,499,22297067
40751,0.05774452966860017,0.004619514747917024,0.0042621845333599764,20,0.8333333333333334,499,22302057
40761,0.057738563157307535,0.004619023272800043,0.004261730253316398,20,0.8333333333333334,499,22307047
40771,0.05773263396817201,0.004618562555655177,0.0042612773841405075,20,0.8333333333333334,499,22312037
40781,0.05772649425076147,0.004618074792606037,0.004260823882201876,20,0.8333333333333334,499,22317027
40791,0.05772033532050698,0.0046175911526404965,0.004260370833314421,20,0.8333333333333334,499,22322017
40801,0.05771431993949129,0.004617097480651782,0.004259917193844926,20,0.8333333333333334,499,22327007
40811,0.05770845504318181,0.00461663000168328,0.004259464237671922,20,0.8333333333333334,499,22331997
40821,0.0577024010671008,0.004616137779131674,0.004259011193445541,20,0.8333333333333334,499,22336987
40831,0.0576959249245371,0.00461561574822041,0.004258558247511752,20,0.8333333333333334,499,22341977
40841,0.05768974782072309,0.004615130643956142,0.004258105306178016,20,0.8333333333333334,499,22346967
40851,0.05768331139396572,0.004614615181701882,0.004257652114194451,20,0.8333333333333334,499,22351957
40861,0.05767718084036481,0.0046141304029496425,0.0042571997840932,20,0.8333333333333334,499,22356947
40871,0.05767131350212248,0.004613654817637214,0.0042567481300384655,20,0.8333333333333334,499,22361937
40881,0.05766515160990269,0.004613172044842973,0.004256296693182394,20,0.8333333333333334,499,22366927
40891,0.057659041139442244,0.0046126775766687205,0.004255845186893236,20,0.8333333333333334,499,22371917
40901,0.05765348982921311,0.004612235742276899,0.004255394187298811,20,0.8333333333333334,499,22376907
40911,0.057647665201914715,0.0046117635814322605,0.004254942527567782,20,0.8333333333333334,499,22381897
40921,0.05764153932193557,0.004611270144351781,0.004254490851417456,20,0.8333333333333334,499,22386887
40931,0.057634950435817026,0.004610759397728293,0.004254039378475137,20,0.8333333333333334,499,22391877
40941,0.05762902595355113,0.0046102798161981404,0.004253588776635747,20,0.8333333333333334,499,22396867
40951,0.05762287803934929,0.004609782364293572,0.0042531374833798844,20,0.8333333333333334,499,22401857
40961,0.0576167673495437,0.00460929070939833,0.00425268630059084,20,0.8333333333333334,499,22406847
40971,0.057610510899933715,0.004608793024951238,0.004252235653002573,20,0.8333333333333334,499,22411837
40981,0.05760507252440132,0.00460835234157509,0.004251785919692548,20,0.8333333333333334,499,22416827
40991,0.05759906612810263,0.00460787916028484,0.00425133540070492,20,0.8333333333333334,499,22421817
41001,0.05759270315191237,0.004607371262686176,0.004250884785029536,20,0.8333333333333334,499,22426807
41011,0.05758631424254472,0.004606866911404026,0.004250434110218652,20,0.8333333333333334,499,22431797
41021,0.057580433325679366,0.004606392516206477,0.004249984151951853,20,0.8333333333333334,499,22436787
41031,0.05757444892555959,0.004605912092333131,0.004249534271946876,20,0.8333333333333334,499,22441777
41041,0.05756823477403539,0.004605418344583436,0.004249084446640368,20,0.8333333333333334,499,22446767
41051,0.057562310444038284,0.0046049455339542715,0.004248635316813134,20,0.8333333333333334,499,22451757
41061,0.057556486225609514,0.004604482415132764,0.0042481862455962345,20,0.8333333333333334,499,22456747
41071,0.057550530569144547,0.004603996435822046,0.004247736603519873,20,0.8333333333333334,499,22461737
41081,0.05754427532680965,0.004603488179387388,0.004247287529293753,20,0.8333333333333334,499,22466727
41091,0.05753814134369646,0.0046030081320079476,0.004246838622328059,20,0.8333333333333334,499,22471717
41101,0.057532142514359445,0.004602522634293207,0.004246390461615163,20,0.8333333333333334,499,22476707
41111,0.057526327741303875,0.004602052984883707,0.004245942267460639,20,0.8333333333333334,499,22481697
41121,0.05752038874371261,0.004601567799008858,0.004245494225768605,20,0.8333333333333334,499,22486687
41131,0.05751421363972291,0.004601079971556991,0.0042450448643833625,20,0.8333333333333334,499,22491677
41141,0.05750791462868057,0.0046005956630183215,0.004244596601013667,20,0.8333333333333334,499,22496667
41151,0.057502142411353964,0.004600117108510875,0.004244148409072588,20,0.8333333333333334,499,22501657
41161,0.0574962041475872,0.004599658288724989,0.004243700725807163,20,0.8333333333333334,499,22506647
41171,0.057490302737638985,0.0045991761211538855,0.004243252407534343,20,0.8333333333333334,499,22511637
41181,0.05748476662710217,0.00459873492395659,0.004242805296847957,20,0.8333333333333334,499,22516627
41191,0.057478624315453405,0.004598229581509935,0.004242358017669357,20,0.8333333333333334,499,22521617
41201,0.057472477051185154,0.004597751788595755,0.004241911088043605,20,0.8333333333333334,499,22526607
41211,0.05746677867930886,0.004597299284449678,0.004241464416824417,20,0.8333333333333334,499,22531597
41221,0.05746059345705768,0.004596791080041834,0.004241016916713215,20,0.8333333333333334,499,22536587
41231,0.05745425678967417,0.0045962875149909745,0.004240569895462394,20,0.8333333333333334,499,22541577
41241,0.057448187342584146,0.004595812020580952,0.004240123411208735,20,0.8333333333333334,499,22546567
41251,0.05744208501564578,0.00459531325003053,0.00423967644565886,20,0.8333333333333334,499,22551557
41261,0.05743591498901697,0.004594830818343795,0.004239230418239425,20,0.8333333333333334,499,22556547
41271,0.05742961461671933,0.004594324573176859,0.004238783699050123,20,0.8333333333333334,499,22561537
41281,0.05742353232769731,0.004593831874821254,0.004238337671790286,20,0.8333333333333334,499,22566527
41291,0.05741736150512344,0.004593347696160878,0.004237891750069255,20,0.8333333333333334,499,22571517
41301,0.05741120665806234,0.004592850310059389,0.004237445510256426,20,0.8333333333333334,499,22576507
41311,0.057405547951256644,0.00459239651418059,0.0042370000765051255,20,0.8333333333333334,499,22581497
41321,0.057399403980939435,0.004591890542393253,0.004236554421188412,20,0.8333333333333334,499,22586487
41331,0.05739312990922247,0.004591409222334471,0.004236109268868492,20,0.8333333333333334,499,22591477
41341,0.057387149955343095,0.004590931395474711,0.004235664033424808,20,0.8333333333333334,499,22596467
41351,0.05738105377947406,0.004590442046798497,0.004235218648394464,20,0.8333333333333334,499,22601457
41361,0.057374910974221816,0.004589945078373694,0.004234773987526172,20,0.8333333333333334,499,22606447
41371,0.05736825625069605,0.0045894077172614015,0.0042343289510587785,20,0.8333333333333334,499,22611437
41381,0.0573621246289868,0.004588922759147394,0.004233883276940764,20,0.8333333333333334,500,22616429
41391,0.057356446182699805,0.004588470718901509,0.004233438281170489,20,0.8333333333333334,500,22621429
41401,0.05735066539677301,0.0045880049396209675,0.004232993605929975,20,0.8333333333333334,500,22626429
41411,0.05734456733956311,0.004587518220722298,0.0042325484036596405,20,0.8333333333333334,500,22631429
41421,0.05733843661929175,0.004587026669299141,0.004232103102933984,20,0.8333333333333334,500,22636429
41431,0.057332446563792584,0.004586550253105865,0.004231658020020937,20,0.8333333333333334,500,22641429
41441,0.057326652474521116,0.004586085077129067,0.004231213627876365,20,0.8333333333333334,500,22646429
41451,0.05732063159265395,0.004585602867728206,0.0042307692431176585,20,0.8333333333333334,500,22651429
41461,0.05731468884506199,0.004585126355227904,0.004230324787988633,20,0.8333333333333334,500,22656429
41471,0.05730883800329165,0.004584653318922105,0.0042298801664085554,20,0.8333333333333334,500,22661429
41481,0.05730306513935693,0.00458418873833643,0.0042294361492518934,20,0.8333333333333334,500,22666429
41491,0.05729657454879117,0.004583682793761829,0.004228991611908493,20,0.8333333333333334,500,22671429
41501,0.05729050119674536,0.004583191960310819,0.004228547334741167,20,0.8333333333333334,500,22676429
41511,0.057284761705522824,0.004582732262842865,0.004228104414314145,20,0.8333333333333334,500,22681429
41521,0.057278602377307,0.0045822505911469425,0.004227660938232801,20,0.8333333333333334,500,22686429
41531,0.0572725901966753,0.004581759126886072,0.004227216890919331,20,0.8333333333333334,500,22691429
41541,0.05726671811381965,0.004581285507600843,0.004226773431366754,20,0.8333333333333334,500,22696429
41551,0.057260488835942716,0.004580787182863005,0.004226329735503429,20,0.8333333333333334,500,22701429
41561,0.057254724134674105,0.004580330992765305,0.004225886891243643,20,0.8333333333333334,500,22706429
41571,0.05724852649692191,0.004579836853530514,0.004225444235528501,20,0.8333333333333334,500,22711429
41581,0.05724273793026252,0.004579367160232665,0.004225001902400132,20,0.8333333333333334,500,22716429
41591,0.05723670291667318,0.004578887134396398,0.004224559582631221,20,0.8333333333333334,500,22721429
41601,0.05723069744789484,0.004578403955420582,0.0042241170689734835,20,0.8333333333333334,500,22726429
41611,0.05722423909280634,0.004577898882289715,0.004223674183757061,20,0.8333333333333334,500,22731429
41621,0.057218485682845585,0.00457742815069924,0.004223232910887069,20,0.8333333333333334,500,22736429
41631,0.057212389712082444,0.004576942693517741,0.004222790904129403,20,0.8333333333333334,500,22741429
41641,0.0572063508294606,0.004576466758638807,0.004222348966764996,20,0.8333333333333334,500,22746429
41651,0.05720041027485142,0.004575979965314781,0.004221906656829062,20,0.8333333333333334,500,22751429
41661,0.05719417577983802,0.004575489479493503,0.004221464757678108,20,0.8333333333333334,500,22756429
41671,0.05718863806518604,0.004575034920842067,0.0042210232946565136,20,0.8333333333333334,500,22761429
41681,0.05718291635781344,0.004574589302963955,0.004220582633804493,20,0.8333333333333334,500,22766429
41691,0.05717741638734206,0.004574144369349572,0.004220142218733858,20,0.8333333333333334,500,22771429
41701,0.05717165005262812,0.004573678680058118,0.004219701463548298,20,0.8333333333333334,500,22776429
41711,0.05716581682181412,0.0045732103897882445,0.0042192609638952066,20,0.8333333333333334,500,22781429
41721,0.05715997169854431,0.004572757630533284,0.004218820632296587,20,0.8333333333333334,500,22786429
41731,0.05715440990381637,0.004572299517925896,0.0042183800829554445,20,0.8333333333333334,500,22791429
41741,0.05714832131702045,0.004571823978214309,0.004217939975014816,20,0.8333333333333334,500,22796429
41751,0.057142289624989066,0.004571333772547149,0.004217499372588478,20,0.8333333333333334,500,22801429
41761,0.05713631477281782,0.004570862384463648,0.004217058549808317,20,0.8333333333333334,500,22806429
41771,0.05712990304824256,0.004570354397744559,0.004216618228650115,20,0.8333333333333334,500,22811429
41781,0.057123863664587174,0.004569864131453415,0.004216178119207918,20,0.8333333333333334,500,22816429
41791,0.057117949589806906,0.004569389923623934,0.00421573821209623,20,0.8333333333333334,500,22821429
41801,0.05711198261349798,0.004568917511985427,0.004215298673411182,20,0.8333333333333334,500,22826429
41811,0.057106133972990455,0.004568443060430406,0.004214859555221461,20,0.8333333333333334,500,22831429
41821,0.057100136591301205,0.004567969308995976,0.0042144200904300775,20,0.8333333333333334,500,22836429
41831,0.0570941206304741,0.004567487498282198,0.004213980543939078,20,0.8333333333333334,500,22841429
41841,0.05708860601317426,0.004567040868922637,0.004213541848943817,20,0.8333333333333334,500,22846429
41851,0.0570822587192661,0.004566532007661927,0.004213102345618599,20,0.8333333333333334,500,22851429
41861,0.05707644684328388,0.0045660670729313,0.0042126643864237754,20,0.8333333333333334,500,22856429
41871,0.05707067097051329,0.004565612125794674,0.004212225662162135,20,0.8333333333333334,500,22861429
41881,0.057064657783761526,0.004565125072384567,0.004211787353770193,20,0.8333333333333334,500,22866429
41891,0.057058878773806644,0.004564666591128031,0.004211349505451032,20,0.8333333333333334,500,22871429
41901,0.057053224475840755,0.004564224092495592,0.004210911184785987,20,0.8333333333333334,500,22876429
41911,0.05704729206003448,0.004563741865637878,0.004210473110929726,20,0.8333333333333334,500,22881429
41921,0.05704096579969988,0.004563230866448538,0.004210034463706859,20,0.8333333333333334,500,22886429
41931,0.057034982760804834,0.0045627527840713614,0.004209596362062429,20,0.8333333333333334,500,22891429
41941,0.05702902212115956,0.004562278675188265,0.004209158972973199,20,0.8333333333333334,500,22896429
41951,0.05702298161035451,0.004561778543843244,0.00420872087491063,20,0.8333333333333334,500,22901429
41961,0.05701651377926607,0.004561273131009091,0.0042082833771767214,20,0.8333333333333334,500,22906429
41971,0.057010872468819515,0.004560821840867956,0.0042078467548525185,20,0.8333333333333334,500,22911429
41981,0.057005083065835675,0.004560351621562735,0.004207409486918368,20,0.8333333333333334,500,22916429
41991,0.05699934994570681,0.004559898979800001,0.004206973020812728,20,0.8333333333333334,500,22921429
42001,0.05699349610738917,0.004559431232757905,0.004206536127503389,20,0.8333333333333334,500,22926429
42011,0.05698769175500888,0.004558969076914966,0.004206100008015796,20,0.8333333333333334,500,22931429
42021,0.0569816783898744,0.0045584869346382995,0.004205663586106611,20,0.8333333333333334,500,22936429
42031,0.05697592535726454,0.004558031602109261,0.004205227766007325,20,0.8333333333333334,500,22941429
42041,0.056969875053339045,0.004557537804411385,0.004204791317198215,20,0.8333333333333334,500,22946429
42051,0.056963758791005584,0.004557050151450069,0.00420435546356776,20,0.8333333333333334,500,22951429
42061,0.0569578687139092,0.004556582765163126,0.004203919247499707,20,0.8333333333333334,500,22956429
42071,0.05695213670130763,0.004556126934801699,0.004203483785588979,20,0.8333333333333334,500,22961429
42081,0.05694625713219534,0.004555659841605172,0.004203048222758331,20,0.8333333333333334,500,22966429
42091,0.05694071196334881,0.004555211897328769,0.004202613437464357,20,0.8333333333333334,500,22971429
42101,0.05693476142073431,0.0045547456372110415,0.004202178320893947,20,0.8333333333333334,500,22976429
42111,0.05692889418516811,0.004554256738492776,0.004201742718674489,20,0.8333333333333334,500,22981429
42121,0.05692266950147481,0.00455376203641453,0.0042013075122068946,20,0.8333333333333334,500,22986429
42131,0.05691669090763453,0.004553286476508163,0.004200872493167757,20,0.8333333333333334,500,22991429
42141,0.05691044325381005,0.0045527899327024125,0.0042004371197199766,20,0.8333333333333334,500,22996429
42151,0.056904942739849425,0.004552348821559829,0.004200002266484005,20,0.8333333333333334,500,23001429
42161,0.0568989157418688,0.004551873718423888,0.004199567839592175,20,0.8333333333333334,500,23006429
42171,0.056892856877085465,0.004551387397865534,0.0041991331338149486,20,0.8333333333333334,500,23011429
42181,0.056887307491609355,0.004550938587703789,0.004198699443949944,20,0.8333333333333334,500,23016429
42191,0.05688163125715552,0.004550480174067128,0.0041982654570546325,20,0.8333333333333334,500,23021429
42201,0.05687586886577296,0.0045500127069601,0.00419783137066017,20,0.8333333333333334,500,23026429
42211,0.056869479594680014,0.004549514563701964,0.004197396776299648,20,0.8333333333333334,500,23031429
42221,0.056863531795155554,0.004549040916346546,0.0041969632197701974,20,0.8333333333333334,500,23036429
42231,0.05685795748201608,0.004548596064813673,0.004196529787587749,20,0.8333333333333334,500,23041429
42241,0.056852033673122436,0.004548102723650279,0.004196095993424147,20,0.8333333333333334,500,23046429
42251,0.056846253553902173,0.004547646274001815,0.0041956626625685705,20,0.8333333333333334,500,23051429
42261,0.05684030652243677,0.00454717916769496,0.0041952292878975105,20,0.8333333333333334,500,23056429
42271,0.05683459756486774,0.004546723544699815,0.00419479616561303,20,0.8333333333333334,500,23061429
42281,0.056828782462175056,0.004546250796362489,0.004194363314052797,20,0.8333333333333334,500,23066429
42291,0.056823016401356334,0.004545796000711383,0.004193930835466062,20,0.8333333333333334,500,23071429
42301,0.05681678704550614,0.004545297128391946,0.004193497475489484,20,0.8333333333333334,500,23076429
42311,0.05681106518278967,0.004544835081178156,0.004193065114559858,20,0.8333333333333334,500,23081429
42321,0.056805277740195434,0.0045443796460626264,0.004192632386940498,20,0.8333333333333334,500,23086429
42331,0.05679922275540982,0.004543896877474835,0.004192200123914227,20,0.8333333333333334,500,23091429
42341,0.05679338519098575,0.004543422345748811,0.004191768099097112,20,0.8333333333333334,500,23096429
42351,0.056787448536348865,0.004542952812744938,0.004191336459620137,20,0.8333333333333334,500,23101429
42361,0.0567815407132867,0.0045424796625763725,0.004190904354811507,20,0.8333333333333334,500,23106429
42371,0.05677562134187821,0.004542015273333384,0.004190472497504232,20,0.8333333333333334,500,23111429
42381,0.05676967026423407,0.0045415332819511494,0.004190040851427095,20,0.8333333333333334,500,23116429
42391,0.05676375472313036,0.004541063277729472,0.004189609025623547,20,0.8333333333333334,500,23121429
42401,0.05675827782738827,0.004540618686980601,0.004189178747001514,20,0.8333333333333334,500,23126429
42411,0.05675290332440272,0.00454017691773089,0.004188748041058082,20,0.8333333333333334,500,23131429
42421,0.05674709391566977,0.00453972185186133,0.004188317051593329,20,0.8333333333333334,500,23136429
42431,0.056741467596664596,0.004539283037811693,0.0041878858569041975,20,0.8333333333333334,501,23141433
42441,0.05673558799231778,0.004538806238286611,0.004187453866842489,20,0.8333333333333334,501,23146443
42451,0.056729663313490886,0.004538325837078932,0.0041870222709966464,20,0.8333333333333334,501,23151453
42461,0.05672385456009898,0.004537862761288943,0.0041865911006488355,20,0.8333333333333334,501,23156463
42471,0.05671847002863475,0.004537433621212678,0.004186160764178066,20,0.8333333333333334,501,23161473
42481,0.05671249056103073,0.004536955814330546,0.004185729880391144,20,0.8333333333333334,501,23166483
42491,0.05670681455440306,0.004536506571315459,0.004185299095623079,20,0.8333333333333334,501,23171493
42501,0.05670104653186957,0.004536036568274221,0.00418486863951593,20,0.8333333333333334,501,23176503
42511,0.05669532719794625,0.004535585999987305,0.004184438009055206,20,0.8333333333333334,501,23181513
42521,0.05668950924051556,0.00453511468566338,0.00418400780126663,20,0.8333333333333334,501,23186523
42531,0.0566835191449294,0.004534627998577269,0.004183577033942775,20,0.8333333333333334,501,23191533
42541,0.05667781197238154,0.0045341789336287375,0.004183146788213531,20,0.8333333333333334,501,23196543
42551,0.05667204639054281,0.004533723051463168,0.004182717079767998,20,0.8333333333333334,501,23201553
42561,0.056666349478929505,0.0045332646370744925,0.004182287276351898,20,0.8333333333333334,501,23206563
42571,0.05666038700624563,0.004532776425806972,0.004181857228052094,20,0.8333333333333334,501,23211573
42581,0.05665432625911215,0.004532293721964615,0.004181427823832076,20,0.8333333333333334,501,23216583
42591,0.05664850128084607,0.004531839494968117,0.004180998017498882,20,0.8333333333333334,501,23221593
42601,0.056642938554843945,0.004531395023372489,0.00418056870678367,20,0.8333333333333334,501,23226603
42611,0.05663744426890688,0.00453094481298367,0.004180139746693357,20,0.8333333333333334,501,23231613
42621,0.056631584625937925,0.0045304792606232205,0.004179710855803442,20,0.8333333333333334,501,23236623
42631,0.05662594699229729,0.004530032000065087,0.0041792824217317575,20,0.8333333333333334,501,23241633
42641,0.05662036444543707,0.004529577407503498,0.004178853930194803,20,0.8333333333333334,501,23246643
42651,0.05661501027001875,0.004529147488659736,0.004178425840631386,20,0.8333333333333334,501,23251653
42661,0.0566091911327405,0.004528676643158266,0.004177996990166104,20,0.8333333333333334,501,23256663
42671,0.05660300741329195,0.004528193690773117,0.0041775682932548575,20,0.8333333333333334,501,23261673
42681,0.05659743852533974,0.004527756719002773,0.00417714059420194,20,0.8333333333333334,501,23266683
42691,0.05659196454998563,0.004527304430894267,0.0041767119503641125,20,0.8333333333333334,501,23271693
42701,0.05658639902492747,0.004526860269917075,0.0041762831825367,20,0.8333333333333334,501,23276703
42711,0.056580322821316954,0.004526385901648782,0.004175854801917694,20,0.8333333333333334,501,23281713
42721,0.0565747541879609,0.004525932440897503,0.00417542719084404,20,0.8333333333333334,501,23286723
42731,0.056569080850767506,0.0045254775248251165,0.004174999481419711,20,0.8333333333333334,501,23291733
42741,0.05656328961214357,0.004525018495766931,0.004174571933273267,20,0.8333333333333334,501,23296743
42751,0.056557453688320665,0.004524556952598835,0.004174144755503037,20,0.8333333333333334,501,23301753
42761,0.056551905307771363,0.004524108842219215,0.004173717196106779,20,0.8333333333333334,501,23306763
42771,0.056545740940746755,0.004523619958014216,0.004173289917598334,20,0.8333333333333334,501,23311773
42781,0.056539844226672006,0.004523142922236737,0.004172862642609801,20,0.8333333333333334,501,23316783
42791,0.05653420826988452,0.004522686218808192,0.004172436314601507,20,0.8333333333333334,501,23321793
42801,0.05652798352227665,0.004522183479123333,0.004172008774240972,20,0.8333333333333334,501,23326803
42811,0.05652233795892874,0.004521751484219826,0.004171582378479079,20,0.8333333333333334,501,23331813
42821,0.05651668087906711,0.004521295215608107,0.004171156349690771,20,0.8333333333333334,501,23336823
42831,0.05651080679953909,0.004520815226376234,0.004170730291968078,20,0.8333333333333334,501,23341833
42841,0.05650462315827896,0.0045203179012444535,0.004170303371969028,20,0.8333333333333334,501,23346843
42851,0.056498825826752995,0.0045198647300363414,0.004169877830511574,20,0.8333333333333334,501,23351853
42861,0.05649288464501318,0.004519383091727565,0.0041694515388215605,20,0.8333333333333334,501,23356863
42871,0.05648740219379681,0.004518955102164992,0.004169026510595586,20,0.8333333333333334,501,23361873
42881,0.05648207361193657,0.004518523002419768,0.004168605801399662,19,0.7916666666666666,476,23366833
42891,0.05647682598377016,0.004518096852875916,0.0041682016301678405,19,0.7916666666666666,476,23371593
42901,0.056471394657473376,0.004517673473482643,0.004167805937682113,18,0.75,451,23376253
42911,0.056466057523985994,0.004517243339998812,0.0041674230736756315,18,0.75,451,23380763
42921,0.05646105909804794,0.004516846121466732,0.004167040789063608,18,0.75,451,23385273
42931,0.056455691943986704,0.004516423633513658,0.004166666619992782,16,0.6666666666666666,426,23389683
42941,0.05645096724776887,0.004516044608920882,0.004166327023014799,16,0.6666666666666666,401,23393693
42951,0.056446739187254624,0.004515704257942562,0.004165987387680387,16,0.6666666666666666,401,23397703
42961,0.05644232059071776,0.004515335986190631,0.004165647474398098,16,0.6666666666666666,401,23401713
42971,0.05643744750658349,0.004514961469425859,0.0041653076860745175,16,0.6666666666666666,401,23405723
42981,0.0564329255519908,0.004514588104882666,0.004164968133749902,16,0.6666666666666666,401,23409733
42991,0.05642813416457692,0.00451421219645139,0.0041646287128815265,16,0.6666666666666666,401,23413743
43001,0.05642353535357155,0.004513846940096852,0.004164289107194241,16,0.6666666666666666,401,23417753
43011,0.05641868047972829,0.004513464891207974,0.004163949215012998,16,0.6666666666666666,401,23421763
43021,0.05641382689903571,0.004513063425627428,0.004163609465223109,16,0.6666666666666666,401,23425773
43031,0.05640938331360554,0.00451271480476234,0.004163270277506387,16,0.6666666666666666,401,23429783
43041,0.05640463765373509,0.004512335161312753,0.004162930912481551,16,0.6666666666666666,401,23433793
43051,0.05639960992136145,0.00451192610074304,0.004162590901896108,16,0.6666666666666666,401,23437803
43061,0.05639505123797426,0.004511569320787531,0.0041622519420647566,16,0.6666666666666666,401,23441813
43071,0.056390513450930234,0.00451120788690544,0.004161913160998402,16,0.6666666666666666,401,23445823
43081,0.056386075548294425,0.004510851809425744,0.0041615743939591625,16,0.6666666666666666,401,23449833
43091,0.05638181644225264,0.004510502137552444,0.004161235804247768,16,0.6666666666666666,401,23453843
43101,0.05637698583376707,0.004510126755007884,0.004160897099864231,16,0.6666666666666666,401,23457853
43111,0.056372544647576094,0.004509778835981111,0.004160558413465372,16,0.6666666666666666,401,23461863
43121,0.056368078235956645,0.004509412058259304,0.004160219908772411,16,0.6666666666666666,401,23465873
43131,0.05636361291982703,0.004509063257830974,0.004159881600546128,16,0.6666666666666666,401,23469883
43141,0.05635891861391633,0.004508679305700155,0.0041595430130392215,16,0.6666666666666666,401,23473893
43151,0.056354218946206465,0.004508303341108247,0.004159204820947543,16,0.6666666666666666,401,23477903
43161,0.05634984244495655,0.004507937460400738,0.004158866963296167,16,0.6666666666666666,401,23481913
43171,0.05634517796421429,0.004507579554025865,0.004158528478414116,16,0.6666666666666666,401,23485923
43181,0.056340902145679855,0.004507241699673327,0.004158191005916315,16,0.6666666666666666,401,23489933
43191,0.05633627278386194,0.004506870833239678,0.0041578530688680644,16,0.6666666666666666,401,23493943
43201,0.05633133609581485,0.0045064643545113916,0.004157514798504154,16,0.6666666666666666,401,23497953
43211,0.056326860097896225,0.004506112059754409,0.00415717752442758,16,0.6666666666666666,401,23501963
43221,0.056322673870787945,0.004505782943348873,0.0041568401179701625,16,0.6666666666666666,401,23505973
43231,0.05631791140460217,0.004505394083534586,0.004156502233940227,16,0.6666666666666666,401,23509983
43241,0.05631334034759325,0.004505043621488785,0.004156164939707671,16,0.6666666666666666,401,23513993
43251,0.05630885566362758,0.0045046727902626005,0.0041558269587984396,16,0.6666666666666666,401,23518003
43261,0.05630433276054597,0.0045043109668844745,0.004155489600081279,16,0.6666666666666666,401,23522013
43271,0.056300105846427015,0.004503975967212903,0.004155153590327609,16,0.6666666666666666,401,23526023
43281,0.05629573579166839,0.004503616413350031,0.004154816253175778,16,0.6666666666666666,401,23530033
43291,0.05629134713866649,0.004503266903175195,0.004154479074709285,16,0.6666666666666666,401,23534043
43301,0.05628661251165317,0.004502888143655877,0.004154142125599516,16,0.6666666666666666,401,23538053
43311,0.05628188566343859,0.004502519432470187,0.004153804986094924,16,0.6666666666666666,401,23542063
43321,0.05627729747546716,0.004502159714925949,0.004153468161958075,16,0.6666666666666666,401,23546073
43331,0.05627291327104172,0.00450180479706403,0.004153131282492013,16,0.6666666666666666,401,23550083
43341,0.056268530123934624,0.004501447872674013,0.004152794812631428,16,0.6666666666666666,401,23554093
43351,0.05626383413348615,0.004501078480176514,0.004152458053145742,16,0.6666666666666666,401,23558103
43361,0.05625908705359833,0.004500690875950099,0.004152121649750397,16,0.6666666666666666,401,23562113
43371,0.05625429546082217,0.004500307035168786,0.0041517852763127,16,0.6666666666666666,401,23566123
43381,0.0562501781846233,0.004499967729030326,0.0041514492990084185,16,0.6666666666666666,401,23570133
43391,0.056245258283090925,0.0044995731042839215,0.004151112158912291,16,0.6666666666666666,401,23574143
43401,0.05624040502458092,0.004499191125975798,0.004150775559510657,16,0.6666666666666666,401,23578153
43411,0.05623580117980135,0.004498817083113658,0.004150439358991168,16,0.6666666666666666,401,23582163
43421,0.05623095044719822,0.004498429559258948,0.004150103056921972,16,0.6666666666666666,401,23586173
43431,0.05622625110758762,0.004498065631650272,0.004149766814470616,16,0.6666666666666666,401,23590183
43441,0.056221585605410414,0.004497691878392997,0.0041494311502767705,16,0.6666666666666666,401,23594193
43451,0.05621736484821932,0.004497358922272822,0.004149096120861299,16,0.6666666666666666,401,23598203
43461,0.056212708149611657,0.004496985872464577,0.004148760348818242,16,0.6666666666666666,401,23602213
43471,0.056208359063169566,0.004496630129602288,0.004148424574713653,16,0.6666666666666666,401,23606223
43481,0.05620391976621713,0.004496271345307849,0.004148089085903538,16,0.6666666666666666,401,23610233
43491,0.05619936425980815,0.00449591734130183,0.004147753783733825,16,0.6666666666666666,401,23614243
43501,0.05619441250262578,0.004495524857491696,0.0041474182525789525,16,0.6666666666666666,401,23618253
43511,0.0561895597883956,0.00449512883264212,0.004147082942592097,16,0.6666666666666666,401,23622263
43521,0.05618538553831808,0.004494793338221732,0.004146747779227249,16,0.6666666666666666,401,23626273
43531,0.05618097138557256,0.004494444381267711,0.004146412811134449,16,0.6666666666666666,401,23630283
43541,0.05617632401360397,0.004494072079410583,0.0041460777241232585,16,0.6666666666666666,401,23634293
43551,0.05617173638962989,0.004493696229516182,0.004145742645147963,16,0.6666666666666666,401,23638303
43561,0.0561671174014569,0.004493324119491187,0.004145407949417604,16,0.6666666666666666,401,23642313
43571,0.056162271980827086,0.004492943260910557,0.0041450730476999,16,0.6666666666666666,401,23646323
43581,0.05615784394312621,0.004492596828862701,0.00414473909726876,16,0.6666666666666666,401,23650333
43591,0.05615365748326013,0.004492262959128303,0.004144404766729406,16,0.6666666666666666,401,23654343
43601,0.056149004106168215,0.004491884458341418,0.004144070459814175,16,0.6666666666666666,401,23658353
43611,0.05614431294307786,0.004491502937988958,0.004143736034065543,16,0.6666666666666666,401,23662363
43621,0.056139519074619774,0.004491122557104334,0.004143401605017525,16,0.6666666666666666,401,23666373
43631,0.056134966722579345,0.0044907640926572885,0.004143067590209747,16,0.6666666666666666,401,23670383
43641,0.05613035708865102,0.004490396888347922,0.004142733327539974,16,0.6666666666666666,401,23674393
43651,0.05612559286797858,0.004490007452137485,0.0041423991268565346,16,0.6666666666666666,401,23678403
43661,0.0561207585289769,0.00448962382992179,0.00414206478169381,16,0.6666666666666666,401,23682413
43671,0.056116178452331925,0.004489249130563385,0.0041417305947264935,16,0.6666666666666666,401,23686423
43681,0.05611171626141107,0.0044888963166444945,0.00414139696572932,16,0.6666666666666666,401,23690433
43691,0.05610709956920386,0.004488532696854651,0.0041410630328938425,16,0.6666666666666666,401,23694443
43701,0.056102639612920266,0.004488179020173476,0.004140729742545526,16,0.6666666666666666,401,23698453
43711,0.05609825851550481,0.004487821800982592,0.004140396079283875,16,0.6666666666666666,401,23702463
43721,0.056093917348608496,0.00448747866312989,0.004140063009763843,16,0.6666666666666666,401,23706473
43731,0.056089441204648226,0.0044871153987434504,0.004139729517346371,16,0.6666666666666666,401,23710483
43741,0.05608494026491424,0.004486752743403022,0.004139396591140417,16,0.6666666666666666,401,23714493
43751,0.05608043396951013,0.004486395357652522,0.004139063223610094,16,0.6666666666666666,401,23718503
43761,0.056075715215354816,0.004486015278817463,0.00413873003856684,16,0.6666666666666666,401,23722513
43771,0.0560713600354936,0.004485677744702934,0.004138396683827697,16,0.6666666666666666,401,23726523
43781,0.05606715468940326,0.004485337184154086,0.004138063313907968,16,0.6666666666666666,402,23730540
43791,0.05606255580586331,0.004484966695524603,0.004137729634257478,16,0.6666666666666666,402,23734560
43801,0.056057861104410384,0.004484596818872297,0.004137395308925994,16,0.6666666666666666,402,23738580
43811,0.0560534714312903,0.0044842353104627575,0.004137061829814663,16,0.6666666666666666,402,23742600
43821,0.05604892125902521,0.004483874409250889,0.004136728138280457,16,0.6666666666666666,402,23746620
43831,0.05604423009143776,0.004483507395681676,0.004136393987091028,16,0.6666666666666666,402,23750640
43841,0.05603964994523414,0.004483133240988436,0.0041360609027981604,16,0.6666666666666666,402,23754660
43851,0.0560351484486004,0.004482777263645127,0.004135727882605138,16,0.6666666666666666,402,23758680
43861,0.05603040274576121,0.004482391418998099,0.004135394738683988,16,0.6666666666666666,402,23762700
43871,0.05602587773122836,0.004482033042334825,0.004135061898488714,16,0.6666666666666666,402,23766720
43881,0.05602136030062793,0.004481661333201894,0.004134728555780604,16,0.6666666666666666,402,23770740
43891,0.05601670207491479,0.004481293848014514,0.004134395265147012,16,0.6666666666666666,402,23774760
43901,0.056011922511095956,0.004480921296772412,0.004134062484140272,16,0.6666666666666666,402,23778780
43911,0.05600731184802946,0.004480550904608004,0.004133729827580577,16,0.6666666666666666,402,23782800
43921,0.056003018217348106,0.004480212063343494,0.004133397408236755,16,0.6666666666666666,402,23786820
43931,0.055998345378330566,0.004479833603903566,0.004133065049079274,16,0.6666666666666666,402,23790840
43941,0.05599416340557816,0.004479494930550611,0.004132733136797412,16,0.6666666666666666,402,23794860
43951,0.055989479970917085,0.004479123357402128,0.004132400801446033,16,0.6666666666666666,402,23798880
43961,0.05598479774889492,0.004478747758395588,0.0041320680357764435,16,0.6666666666666666,402,23802900
43971,0.05598047726888702,0.004478394403106019,0.004131736940895099,16,0.6666666666666666,402,23806920
43981,0.055975823123000264,0.004478040619211092,0.004131404805874929,16,0.6666666666666666,402,23810940
43991,0.055971479047230405,0.004477684862713362,0.004131072933720147,16,0.6666666666666666,402,23814960
44001,0.055966659953540235,0.004477294712362542,0.004130740939677847,16,0.6666666666666666,402,23818980
44011,0.0559622601943252,0.004476947371541471,0.004130408795164669,16,0.6666666666666666,402,23823000
44021,0.05595757215596164,0.004476563078267813,0.004130076764547885,16,0.6666666666666666,402,23827020
44031,0.05595293675961286,0.004476206142286581,0.004129744921377173,16,0.6666666666666666,402,23831040
44041,0.055948656021051445,0.0044758570063261295,0.004129413287234457,16,0.6666666666666666,402,23835060
44051,0.055944132138387434,0.004475492020592912,0.004129081991250171,16,0.6666666666666666,402,23839080
44061,0.05593980209581611,0.0044751461403010305,0.004128750715806126,16,0.6666666666666666,402,23843100
44071,0.055935196943103366,0.004474776196539766,0.004128418886223815,16,0.6666666666666666,402,23847120
44081,0.055930650747231705,0.0044744135380556625,0.004128087615669674,16,0.6666666666666666,402,23851140
44091,0.05592635602845555,0.004474073050678426,0.0041277570547283106,16,0.6666666666666666,402,23855160
44101,0.05592208799984888,0.0044737285365214425,0.004127426076474423,16,0.6666666666666666,402,23859180
44111,0.05591755151736241,0.004473362548132826,0.004127095035530606,16,0.6666666666666666,402,23863200
44121,0.05591306748700966,0.004473000757337019,0.004126763789748073,16,0.6666666666666666,402,23867220
44131,0.05590836013248592,0.004472639057120084,0.004126433107035273,16,0.6666666666666666,402,23871240
44141,0.05590407712140142,0.004472293346108731,0.004126102419547649,16,0.6666666666666666,402,23875260
44151,0.055899679756971556,0.004471941564947444,0.004125771612803363,16,0.6666666666666666,402,23879280
44161,0.05589511045322228,0.004471580129824241,0.004125441260056377,16,0.6666666666666666,402,23883300
44171,0.05589040777748307,0.004471203923242122,0.0041251108711238245,16,0.6666666666666666,402,23887320
44181,0.05588582801077255,0.004470827814639278,0.00412478062175969,16,0.6666666666666666,402,23891340
44191,0.055881390268598154,0.004470483049085428,0.0041244504080551175,16,0.6666666666666666,402,23895360
44201,0.05587709444659619,0.004470128635999522,0.004124120329607554,16,0.6666666666666666,402,23899380
44211,0.05587266525086791,0.004469777381710033,0.004123790313056399,16,0.6666666666666666,402,23903400
44221,0.05586838430154488,0.004469430307633606,0.004123460408617246,16,0.6666666666666666,402,23907420
44231,0.055863784532891425,0.004469066941905447,0.004123130152801036,16,0.6666666666666666,402,23911440
44241,0.0558596527781473,0.004468738456133912,0.004122800768636956,16,0.6666666666666666,402,23915460
44251,0.05585518949960723,0.004468381913678587,0.004122470823710546,16,0.6666666666666666,402,23919480
44261,0.055850823205431735,0.004468036197656828,0.0041221411342451785,16,0.6666666666666666,402,23923500
44271,0.055846649683780905,0.0044676900532057955,0.004121811402702053,16,0.6666666666666666,402,23927520
44281,0.055842330179175635,0.004467347569526297,0.004121481995209912,16,0.6666666666666666,402,23931540
44291,0.055837411293325624,0.004466951003436516,0.004121152313222233,16,0.6666666666666666,402,23935560
44301,0.055832832186092134,0.004466590304733523,0.004120822393278726,16,0.6666666666666666,402,23939580
44311,0.0558280435689097,0.004466200585837289,0.004120492536402781,16,0.6666666666666666,402,23943600
44321,0.055823824254997934,0.004465877857754579,0.0041201635723250325,16,0.6666666666666666,402,23947620
44331,0.055819829264205804,0.004465556222812625,0.004119834880863266,16,0.6666666666666666,402,23951640
44341,0.05581510789258213,0.004465173927906973,0.004119505539357305,16,0.6666666666666666,402,23955660
44351,0.055810477045546855,0.004464807550730511,0.004119176157072757,16,0.6666666666666666,402,23959680
44361,0.05580616619668776,0.004464457589273114,0.004118847387738079,16,0.6666666666666666,402,23963700
44371,0.05580188187743782,0.004464117402045626,0.004118518950645776,16,0.6666666666666666,402,23967720
44381,0.05579755396401459,0.004463773216305252,0.004118190377997291,16,0.6666666666666666,402,23971740
44391,0.05579348195775624,0.004463443385006923,0.00411786221682514,16,0.6666666666666666,402,23975760
44401,0.055788799332280016,0.00446306929370225,0.004117532806422683,16,0.6666666666666666,402,23979780
44411,0.05578427713498466,0.004462703450882959,0.004117204025613058,16,0.6666666666666666,402,23983800
44421,0.05577985157610099,0.004462355018439557,0.00411687557545518,16,0.6666666666666666,402,23987820
44431,0.05577570718230748,0.004462016854636043,0.004116547941974005,16,0.6666666666666666,402,23991840
44441,0.05577118190577342,0.0044616614607426155,0.004116219973749539,16,0.6666666666666666,402,23995860
44451,0.05576697588194826,0.004461320914739105,0.0041158922641637355,16,0.6666666666666666,402,23999880
44461,0.055762484602090434,0.00446096213046483,0.0041155638491202325,16,0.6666666666666666,402,24003900
44471,0.05575768284347464,0.004460577999542526,0.00411523533666869,16,0.6666666666666666,402,24007920
44481,0.055753403679366494,0.00446023821808858,0.004114907505095616,16,0.6666666666666666,402,24011940
44491,0.05574917002446792,0.004459901059134251,0.004114580019632675,16,0.6666666666666666,402,24015960
44501,0.05574458151079003,0.004459532461293989,0.004114251689973176,16,0.6666666666666666,402,24019980
44511,0.0557401656940588,0.004459169039921884,0.004113923857194905,16,0.6666666666666666,402,24024000
44521,0.05573592244760044,0.004458841276921165,0.00411359630755367,16,0.6666666666666666,402,24028020
44531,0.0557312103131227,0.004458469394371977,0.004113268602393986,16,0.6666666666666666,402,24032040
44541,0.05572691839085827,0.004458106748976278,0.0041129411368792425,16,0.6666666666666666,402,24036060
44551,0.05572234823793591,0.0044577584109784,0.004112613417767187,16,0.6666666666666666,402,24040080
44561,0.055718007667312205,0.004457409142041515,0.004112286185126297,16,0.6666666666666666,402,24044100
44571,0.05571355395948632,0.004457041181413959,0.004111958381305106,16,0.6666666666666666,402,24048120
44581,0.055708854018995405,0.004456672300140571,0.004111631194709972,16,0.6666666666666666,402,24052140
44591,0.05570444695811165,0.004456319236879049,0.004111304339966403,16,0.6666666666666666,402,24056160
44601,0.05569983813710421,0.004455955104303857,0.004110977318375616,16,0.6666666666666666,402,24060180
44611,0.05569533822702468,0.004455598668194149,0.004110650052568661,16,0.6666666666666666,402,24064200
44621,0.05569094714654696,0.004455243334011208,0.004110323116983997,16,0.6666666666666666,402,24068220
44631,0.055686544469724805,0.004454877446712713,0.004109996091026042,16,0.6666666666666666,402,24072240
44641,0.055681927567931916,0.004454522290564102,0.0041096693257760605,16,0.6666666666666666,402,24076260
44651,0.05567749544405908,0.004454165196246908,0.004109342611554267,16,0.6666666666666666,402,24080280
44661,0.055673247961896453,0.004453826418476424,0.004109016191808428,16,0.6666666666666666,402,24084300
44671,0.05566915967938229,0.004453493795068345,0.004108689637736316,16,0.6666666666666666,402,24088320
44681,0.05566482559625242,0.004453151632680228,0.00410836330983379,16,0.6666666666666666,402,24092340
44691,0.055660713928473965,0.004452824731054941,0.004108037135007303,16,0.6666666666666666,402,24096360
44701,0.05565612262330612,0.004452457434911027,0.004107710513698986,16,0.6666666666666666,402,24100380
44711,0.05565190547406822,0.0044521145074998695,0.004107384317481515,16,0.6666666666666666,402,24104400
44721,0.0556477335564188,0.004451781774120966,0.004107058559425373,16,0.6666666666666666,402,24108420
44731,0.05564351837474914,0.0044514501287180085,0.004106732774944704,16,0.6666666666666666,402,24112440
44741,0.05563917783411316,0.00445108975330317,0.004106406751113518,16,0.6666666666666666,402,24116460
44751,0.05563487623656894,0.004450757256965568,0.00410608168715594,16,0.6666666666666666,402,24120480
44761,0.05563043675396033,0.004450404126992755,0.00410575597400551,16,0.6666666666666666,402,24124500
44771,0.05562623825270265,0.0044500546188045165,0.0041054304096134475,16,0.6666666666666666,402,24128520
44781,0.05562159894512942,0.004449697622322328,0.004105104771778412,16,0.6666666666666666,402,24132540
44791,0.055616834644962185,0.004449309924620695,0.004104778849380494,16,0.6666666666666666,402,24136560
44801,0.05561231761478055,0.004448950589950928,0.0041044531450547565,16,0.6666666666666666,402,24140580
44811,0.05560808550698541,0.004448609507024915,0.0041041281952319845,16,0.6666666666666666,402,24144600
44821,0.05560393636053065,0.004448279601470172,0.004103803181265892,16,0.6666666666666666,402,24148620
44831,0.055599523426990045,0.004447930105292443,0.004103477798772241,16,0.6666666666666666,402,24152640
44841,0.055595199803964504,0.004447586743804456,0.004103152980940202,16,0.6666666666666666,402,24156660
44851,0.05559110403691544,0.004447249512634882,0.004102827803259088,16,0.6666666666666666,402,24160680
44861,0.05558656197874813,0.004446880614954943,0.004102502859231875,16,0.6666666666666666,402,24164700
44871,0.05558223517798342,0.004446542541961055,0.004102178096926101,16,0.6666666666666666,402,24168720
44881,0.055577726841568156,0.00444618540970164,0.004101853474193915,16,0.6666666666666666,402,24172740
44891,0.055573295167536264,0.004445834912071594,0.004101529308836575,16,0.6666666666666666,402,24176760
44901,0.0555690533682172,0.004445481982953323,0.004101204668708308,16,0.6666666666666666,402,24180780
44911,0.05556485660988496,0.004445158834369985,0.004100880544738704,16,0.6666666666666666,402,24184800
44921,0.05556056648617703,0.004444816637910929,0.004100556314935412,16,0.6666666666666666,402,24188820
44931,0.055556340270437876,0.004444466474217279,0.004100232010000184,16,0.6666666666666666,402,24192840
44941,0.05555182585979531,0.00444411287544886,0.004099908019344742,16,0.6666666666666666,402,24196860
44951,0.05554741314670876,0.004443762380565886,0.0040995836449069425,16,0.6666666666666666,402,24200880
44961,0.05554325914803604,0.004443431073141809,0.00409926000911349,16,0.6666666666666666,402,24204900
44971,0.0555388045663275,0.004443063155138928,0.004098935431774257,16,0.6666666666666666,402,24208920
44981,0.05553460231502485,0.004442738038368105,0.004098611678911284,16,0.6666666666666666,402,24212940
44991,0.055529999184615694,0.00444235623328346,0.004098287410235823,16,0.6666666666666666,402,24216960
45001,0.055525560449303346,0.004442007673679338,0.004097963406802537,16,0.6666666666666666,402,24220980
45011,0.05552108515672242,0.004441654680163854,0.00409763989819783,16,0.6666666666666666,402,24225000
45021,0.0555166549012791,0.004441307294824893,0.004097316479797182,16,0.6666666666666666,402,24229020
45031,0.05551262720540374,0.004440974044608864,0.004096993371519707,16,0.6666666666666666,402,24233040
45041,0.05550848125490689,0.00444064789572762,0.004096670051808199,16,0.6666666666666666,402,24237060
45051,0.05550404784226158,0.004440292728696893,0.0040963464468357315,16,0.6666666666666666,402,24241080
45061,0.05549983492155506,0.00443995169060652,0.004096023451576639,16,0.6666666666666666,402,24245100
45071,0.05549552271872246,0.004439611234947738,0.004095700622969221,16,0.6666666666666666,402,24249120
45081,0.05549123034948573,0.004439264845367538,0.004095377219416172,16,0.6666666666666666,402,24253140
45091,0.05548698911989725,0.004438922047193142,0.0040950541428727135,16,0.6666666666666666,402,24257160
45101,0.055482617381375256,0.00443856881026697,0.004094730733804215,16,0.6666666666666666,402,24261180
45111,0.05547833436253071,0.004438233691434592,0.004094408463307835,16,0.6666666666666666,402,24265200
45121,0.05547417755719263,0.004437904659931777,0.004094085869003685,16,0.6666666666666666,402,24269220
45131,0.055469871522908144,0.004437554677356243,0.004093762948154418,16,0.6666666666666666,402,24273240
45141,0.05546567914092109,0.004437210285807029,0.0040934405784544435,16,0.6666666666666666,402,24277260
45151,0.055461156223043595,0.0044368604727291275,0.004093117261204749,16,0.6666666666666666,402,24281280
45161,0.05545674700834074,0.004436502240545037,0.0040927941210703025,16,0.6666666666666666,402,24285300
45171,0.05545248267293999,0.004436164603647514,0.004092471362896634,16,0.6666666666666666,403,24289328
45181,0.05544805059099265,0.004435810045506924,0.004092148337618835,16,0.6666666666666666,403,24293358
45191,0.055443632103311234,0.0044354560749836945,0.0040918248751126,16,0.6666666666666666,403,24297388
45201,0.05543932715760956,0.00443510868896326,0.00409150163106137,16,0.6666666666666666,403,24301418
45211,0.055435041984197055,0.004434767882684259,0.004091178777275102,16,0.6666666666666666,403,24305448
45221,0.05543070163688511,0.004434420663498226,0.004090855773102615,16,0.6666666666666666,403,24309478
45231,0.05542613135817653,0.0044340600443421455,0.004090532359907364,16,0.6666666666666666,403,24313508
45241,0.055421724516820266,0.004433702012388777,0.00409020946988927,16,0.6666666666666666,403,24317538
45251,0.05541747475277638,0.004433355550652099,0.004089886938520419,16,0.6666666666666666,403,24321568
45261,0.05541301389810874,0.004433008673679257,0.004089564689409812,16,0.6666666666666666,403,24325598
45271,0.055408915882935006,0.0044326873259817375,0.00408924257195922,16,0.6666666666666666,403,24329628
45281,0.05540481257059472,0.004432351085897092,0.004088920464398195,16,0.6666666666666666,403,24333658
45291,0.05540011175520275,0.004431978520359828,0.004088597549797234,16,0.6666666666666666,403,24337688
45301,0.05539553058370839,0.004431609541647392,0.004088274832796481,16,0.6666666666666666,403,24341718
45311,0.05539151133807515,0.004431287012500796,0.0040879526773365355,16,0.6666666666666666,403,24345748
45321,0.055387119241706965,0.0044309331615088494,0.004087630377438563,16,0.6666666666666666,403,24349778
45331,0.05538304583535109,0.004430607297282762,0.004087308934855322,16,0.6666666666666666,403,24353808
45341,0.05537869940022376,0.004430256104713888,0.004086987049186694,16,0.6666666666666666,403,24357838
45351,0.05537435402100112,0.004429913961663132,0.004086665244496329,16,0.6666666666666666,403,24361868
45361,0.05536999725084978,0.004429568913332275,0.004086343108851602,16,0.6666666666666666,403,24365898
45371,0.05536584685853971,0.004429233405006607,0.00408602102833882,16,0.6666666666666666,403,24369928
45381,0.05536126201274856,0.00442886115254848,0.004085699231507243,16,0.6666666666666666,403,24373958
45391,0.055356746746584674,0.004428508398378208,0.004085377503886051,16,0.6666666666666666,403,24377988
45401,0.055352245054432384,0.00442813434513508,0.0040850557960568174,16,0.6666666666666666,403,24382018
45411,0.055347769357350966,0.004427788234068263,0.004084734541265197,16,0.6666666666666666,403,24386048
45421,0.05534320157208694,0.004427425305254826,0.004084412740594523,16,0.6666666666666666,403,24390078
45431,0.05533897663310268,0.0044270828445872,0.0040840918813040954,16,0.6666666666666666,403,24394108
45441,0.05533463468500282,0.004426735994170056,0.004083770529942399,16,0.6666666666666666,403,24398138
45451,0.05533041177034044,0.004426395188760995,0.0040834491662710285,16,0.6666666666666666,403,24402168
45461,0.05532580496341141,0.004426027647165136,0.004083127383316292,16,0.6666666666666666,403,24406198
45471,0.05532116831265004,0.004425659207066598,0.004082805622475671,16,0.6666666666666666,403,24410228
45481,0.055316979602528245,0.00442532808924951,0.004082484823474538,16,0.6666666666666666,403,24414258
45491,0.055312853907424124,0.0044249955593524135,0.004082164108466173,16,0.6666666666666666,403,24418288
45501,0.055308394265136854,0.004424633338706405,0.00408184322928174,16,0.6666666666666666,403,24422318
45511,0.05530435115681842,0.0044243094026688735,0.0040815229811656485,16,0.6666666666666666,403,24426348
45521,0.055299875039960616,0.0044239587614295925,0.004081202538003111,16,0.6666666666666666,403,24430378
45531,0.05529570371375226,0.004423615147065837,0.004080882400784867,16,0.6666666666666666,403,24434408
45541,0.055291130630208345,0.004423261702208391,0.004080561974890126,16,0.6666666666666666,403,24438438
45551,0.055286750738961804,0.004422895956542096,0.004080241096695907,16,0.6666666666666666,403,24442468
45561,0.05528214898379183,0.00442254120333395,0.004079920559060301,16,0.6666666666666666,403,24446498
45571,0.05527777129475213,0.004422187528767848,0.0040796005468705845,16,0.6666666666666666,403,24450528
45581,0.05527325231751959,0.0044218210676880264,0.0040792802412570025,16,0.6666666666666666,403,24454558
45591,0.05526896344243415,0.004421491333090905,0.004078960258532839,16,0.6666666666666666,403,24458588
45601,0.0552644343208295,0.004421122576022125,0.00407863958006509,16,0.6666666666666666,403,24462618
45611,0.05526022796947427,0.004420785580698423,0.004078319675014253,16,0.6666666666666666,403,24466648
45621,0.05525577526589863,0.0044204308565746935,0.004078000040811787,16,0.6666666666666666,403,24470678
45631,0.05525129894497141,0.004420069296882506,0.004077679897588386,16,0.6666666666666666,403,24474708
45641,0.055246582711100806,0.0044196969514933475,0.004077360040609338,16,0.6666666666666666,403,24478738
45651,0.055242504143096366,0.004419361775368524,0.0040770406333294155,16,0.6666666666666666,403,24482768
45661,0.055237889070111255,0.004418989120286013,0.004076720816078481,16,0.6666666666666666,403,24486798
45671,0.05523327519059444,0.004418625455294013,0.004076401210110913,16,0.6666666666666666,403,24490828
45681,0.05522892799446602,0.004418275218880203,0.00407608158661487,16,0.6666666666666666,403,24494858
45691,0.05522446457582965,0.00441793247549017,0.004075762277209131,16,0.6666666666666666,403,24498888
45701,0.05522022443669912,0.004417587345962225,0.0040754431946818746,16,0.6666666666666666,403,24502918
45711,0.05521568915914367,0.004417207750520466,0.004075123483468868,16,0.6666666666666666,403,24506948
45721,0.055210710937459925,0.004416826775771175,0.004074803916512073,16,0.6666666666666666,403,24510978
45731,0.05520631990543866,0.004416470074294923,0.0040744849459522624,16,0.6666666666666666,403,24515008
45741,0.05520202242823067,0.004416126284677584,0.0040741654482138005,16,0.6666666666666666,403,24519038
45751,0.05519735618345844,0.004415758911041415,0.004073846440502079,16,0.6666666666666666,403,24523068
45761,0.05519325188396797,0.004415418250395802,0.004073528118443792,16,0.6666666666666666,403,24527098
45771,0.05518852633111989,0.004415045145352769,0.004073209252713082,16,0.6666666666666666,403,24531128
45781,0.055184023742976436,0.004414680513484552,0.004072890355882887,16,0.6666666666666666,403,24535158
45791,0.055179429934811335,0.004414324840885043,0.0040725716823563655,16,0.6666666666666666,403,24539188
45801,0.05517498504395995,0.00441396285531936,0.004072253338626577,16,0.6666666666666666,403,24543218
45811,0.05517073203820913,0.004413626069663032,0.004071935097247474,16,0.6666666666666666,403,24547248
45821,0.0551664308260983,0.004413291332361694,0.004071616571829308,16,0.6666666666666666,403,24551278
45831,0.055162204465978484,0.0044129394506913465,0.004071298351835946,16,0.6666666666666666,403,24555308
45841,0.0551577085225667,0.0044125763408334896,0.004070980098463504,16,0.6666666666666666,403,24559338
45851,0.05515302927218609,0.0044122054541899484,0.004070661651328823,16,0.6666666666666666,403,24563368
45861,0.055148836822481916,0.004411875475740315,0.004070344221659237,16,0.6666666666666666,403,24567398
45871,0.05514459005330913,0.0044115416408849455,0.004070026797410162,16,0.6666666666666666,403,24571428
45881,0.05514062690583197,0.00441121279907091,0.004069708897333577,16,0.6666666666666666,403,24575458
45891,0.05513625924859998,0.004410865361113479,0.004069391276653652,16,0.6666666666666666,403,24579488
45901,0.055131788270368104,0.004410507691736056,0.004069073085471427,16,0.6666666666666666,403,24583518
45911,0.05512739208424905,0.004410153549973942,0.004068755083325223,16,0.6666666666666666,403,24587548
45921,0.055123310006236596,0.004409836321579245,0.004068438227145239,16,0.6666666666666666,403,24591578
45931,0.055119020229133085,0.004409488237353808,0.004068120271402552,16,0.6666666666666666,403,24595608
45941,0.05511492780019008,0.004409162323046119,0.004067803312636229,16,0.6666666666666666,403,24599638
45951,0.055110701376200714,0.004408832067315832,0.004067486609305675,16,0.6666666666666666,403,24603668
45961,0.055106580199052575,0.004408493548814653,0.004067169483924849,16,0.6666666666666666,403,24607698
45971,0.055101975667058364,0.004408122252231833,0.004066852182107102,16,0.6666666666666666,403,24611728
45981,0.055097819735679655,0.004407783902423128,0.004066535884333181,16,0.6666666666666666,403,24615758
45991,0.055093315507904,0.004407425045288067,0.00406621879103775,16,0.6666666666666666,403,24619788
46001,0.055088696028688745,0.004407060397922421,0.004065901905914104,16,0.6666666666666666,403,24623818
46011,0.0550843594659612,0.004406720340612605,0.004065584943143543,16,0.6666666666666666,403,24627848
46021,0.055080189277663526,0.004406378405245801,0.004065268116693184,16,0.6666666666666666,403,24631878
46031,0.05507603230958167,0.004406050753445502,0.004064951965093503,16,0.6666666666666666,403,24635908
46041,0.05507157031296863,0.0044056982079655775,0.004064635541919288,16,0.6666666666666666,403,24639938
46051,0.055067605033159724,0.004405370712718014,0.0040643193856667315,16,0.6666666666666666,403,24643968
46061,0.05506342041883455,0.004405046718356072,0.0040640030903284115,16,0.6666666666666666,403,24647998
46071,0.0550594875342642,0.004404723287005145,0.004063687187716624,16,0.6666666666666666,403,24652028
46081,0.055055103056961895,0.004404380363725526,0.004063370788807931,16,0.6666666666666666,403,24656058
46091,0.05505095194720944,0.004404047303416599,0.0040630554872582,16,0.6666666666666666,403,24660088
46101,0.0550465940191299,0.004403696231751655,0.004062739452818256,16,0.6666666666666666,403,24664118
46111,0.05504218217032107,0.004403343780386535,0.004062422833364481,16,0.6666666666666666,403,24668148
46121,0.05503841280124739,0.004403038328012896,0.004062107625131267,16,0.6666666666666666,403,24672178
46131,0.055034180086618444,0.004402701673324093,0.004061792053231758,16,0.6666666666666666,403,24676208
46141,0.05502990564024134,0.004402359725484393,0.00406147648708857,16,0.6666666666666666,403,24680238
46151,0.055025711575663654,0.00440202469636242,0.0040611607492653514,16,0.6666666666666666,403,24684268
46161,0.05502122557157462,0.004401657036598842,0.004060844844252125,16,0.6666666666666666,403,24688298
46171,0.05501679560952178,0.004401301673705925,0.004060528979562916,16,0.6666666666666666,403,24692328
46181,0.055012683933313725,0.004400983484523294,0.004060214118912539,16,0.6666666666666666,403,24696358
46191,0.05500871956794274,0.004400664878691133,0.004059899245099894,16,0.6666666666666666,403,24700388
46201,0.0550043414968962,0.004400318542954574,0.00405958368272653,16,0.6666666666666666,403,24704418
46211,0.05500030584670159,0.004399996185101815,0.004059268795577247,16,0.6666666666666666,403,24708448
46221,0.05499579578183253,0.004399628562066304,0.0040589534326901195,16,0.6666666666666666,403,24712478
46231,0.05499145744870038,0.004399272243767108,0.004058638195617927,16,0.6666666666666666,403,24716508
46241,0.05498699226579249,0.0043989204001081295,0.00405832298303537,16,0.6666666666666666,403,24720538
46251,0.054982363793265064,0.004398557439444095,0.0040580075898561776,16,0.6666666666666666,403,24724568
46261,0.05497782175492629,0.004398189214395587,0.004057692531515919,16,0.6666666666666666,403,24728598
46271,0.05497323218859727,0.004397823032291324,0.004057377444314374,16,0.6666666666666666,403,24732628
46281,0.054968832431812,0.004397472520838096,0.004057062352481637,16,0.6666666666666666,403,24736658
46291,0.0549647257589331,0.004397148861384855,0.004056747819672927,16,0.6666666666666666,403,24740688
46301,0.054960395008760266,0.004396803381557071,0.004056433067503214,16,0.6666666666666666,403,24744718
46311,0.0549563693319032,0.00439646965973185,0.004056118582214063,16,0.6666666666666666,403,24748748
46321,0.054952526939190435,0.004396164708512776,0.004055804261758807,16,0.6666666666666666,403,24752778
46331,0.0549480958449891,0.0043958126612860015,0.0040554898314283236,16,0.6666666666666666,403,24756808
46341,0.05494360509646632,0.004395447577435245,0.004055175060326946,16,0.6666666666666666,403,24760838
46351,0.05493929771950895,0.004395113688124365,0.004054861110579732,16,0.6666666666666666,403,24764868
46361,0.05493491851109911,0.004394762873052715,0.004054546816519503,16,0.6666666666666666,403,24768898
46371,0.05493008502277438,0.004394374745220977,0.004054232130080678,16,0.6666666666666666,403,24772928
46381,0.054925993374721274,0.004394044021652682,0.004053918282862158,16,0.6666666666666666,403,24776958
46391,0.05492146573664979,0.004393684732436792,0.004053603781099723,16,0.6666666666666666,403,24780988
46401,0.05491732753952591,0.004393351257499453,0.0040532898860013425,16,0.6666666666666666,403,24785018
46411,0.054913172110742973,0.004393016405200807,0.004052976691095377,16,0.6666666666666666,403,24789048
46421,0.0549088357305496,0.004392671444389797,0.004052662802443392,16,0.6666666666666666,403,24793078
46431,0.054904694416009654,0.0043923445125442434,0.004052349446475182,16,0.6666666666666666,403,24797108
46441,0.05490031161818599,0.004391993411502681,0.004052035723999438,16,0.6666666666666666,403,24801138
46451,0.05489626319075525,0.004391663727209139,0.004051722385467093,16,0.6666666666666666,403,24805168
46461,0.05489200364312525,0.004391324910994592,0.004051409010986153,16,0.6666666666666666,403,24809198
46471,0.05488791471307906,0.004390993928387153,0.004051095905594805,16,0.6666666666666666,403,24813228
46481,0.05488333017533653,0.0043906354106691085,0.004050782540427697,16,0.6666666666666666,403,24817258
46491,0.054879067679544744,0.004390291512628492,0.004050469043169723,16,0.6666666666666666,403,24821288
46501,0.054874739631130175,0.00438994382447344,0.004050155906416406,16,0.6666666666666666,403,24825318
46511,0.054870527608627886,0.00438960783921419,0.004049843189385051,16,0.6666666666666666,403,24829348
46521,0.05486617744664299,0.004389264190269371,0.0040495302060249505,16,0.6666666666666666,403,24833378
46531,0.05486212471002414,0.00438893078520854,0.004049217768410785,16,0.6666666666666666,403,24837408
46541,0.05485798824525712,0.004388611970406662,0.0040489053815761155,16,0.6666666666666666,403,24841438
46551,0.054853592797920396,0.0043882550216239186,0.004048592092657304,16,0.6666666666666666,403,24845468
46561,0.054849512718953025,0.004387932974257851,0.004048279765361618,16,0.6666666666666666,403,24849498
46571,0.05484537315476447,0.004387600365515268,0.00404796721558453,16,0.6666666666666666,403,24853528
46581,0.0548414701598541,0.004387284266185885,0.0040476546704911924,16,0.6666666666666666,403,24857558
46591,0.05483724791865756,0.0043869474611646225,0.004047342322348106,16,0.6666666666666666,403,24861588
46601,0.05483309310449722,0.004386611702277069,0.004047029654404194,16,0.6666666666666666,404,24865622
46611,0.05482886078589631,0.00438626926186618,0.00404671668011767,16,0.6666666666666666,404,24869662
46621,0.0548240923377505,0.004385887313873895,0.004046403058078102,16,0.6666666666666666,404,24873702
46631,0.05481997077738983,0.004385560011822165,0.004046090661162203,16,0.6666666666666666,404,24877742
46641,0.054815783820000186,0.004385227477017454,0.004045777734660556,16,0.6666666666666666,404,24881782
46651,0.05481148929589208,0.004384892125481315,0.0040454650077594275,16,0.6666666666666666,404,24885822
46661,0.05480770832316195,0.004384585312198715,0.004045152698524805,16,0.6666666666666666,404,24889862
46671,0.05480327711031316,0.004384229376305335,0.00404483942052651,16,0.6666666666666666,404,24893902
46681,0.05479879879372266,0.004383874011968594,0.004044526932621414,16,0.6666666666666666,404,24897942
46691,0.054794996429186116,0.004383574167348226,0.004044215116275957,16,0.6666666666666666,404,24901982
46701,0.05479070694464947,0.004383223786332818,0.004043902556093369,16,0.6666666666666666,404,24906022
46711,0.05478631611958199,0.004382868192484384,0.0040435897915749655,16,0.6666666666666666,404,24910062
46721,0.05478232978449936,0.004382550739030851,0.004043278394653191,16,0.6666666666666666,404,24914102
46731,0.054778115603180653,0.004382216502323871,0.004042965986917987,16,0.6666666666666666,404,24918142
46741,0.054773878352920406,0.004381860679952387,0.004042652928384207,16,0.6666666666666666,404,24922182
46751,0.05476966016721996,0.004381531900640186,0.004042341237568852,16,0.6666666666666666,404,24926222
46761,0.05476514824315473,0.004381181062313595,0.00404202850449873,16,0.6666666666666666,404,24930262
46771,0.05476088402885742,0.004380838489341651,0.00404171671554739,16,0.6666666666666666,404,24934302
46781,0.05475692746883763,0.004380519566871683,0.004041405304857903,16,0.6666666666666666,404,24938342
46791,0.05475283354143296,0.004380189175514425,0.004041093693702094,16,0.6666666666666666,404,24942382
46801,0.054748566285286376,0.004379847323325244,0.004040782081993659,16,0.6666666666666666,404,24946422
46811,0.05474432409080048,0.004379512282565307,0.0040404706199691845,16,0.6666666666666666,404,24950462
46821,0.05473981862482883,0.004379159542046369,0.004040158950220768,16,0.6666666666666666,404,24954502
46831,0.05473562656900545,0.004378816497367519,0.004039847232053781,16,0.6666666666666666,404,24958542
46841,0.05473169366684206,0.00437850475441508,0.004039536037785215,16,0.6666666666666666,404,24962582
46851,0.054727695612842096,0.004378183956682518,0.004039224811078125,16,0.6666666666666666,404,24966622
46861,0.054723590444334724,0.004377856510701788,0.004038913943485369,16,0.6666666666666666,404,24970662
46871,0.0547197922121891,0.004377549778930686,0.0040386032613739,16,0.6666666666666666,404,24974702
46881,0.05471579085054164,0.004377235915768467,0.004038292036635271,16,0.6666666666666666,404,24978742
46891,0.054711592494517416,0.004376891418384613,0.004037981132543169,16,0.6666666666666666,404,24982782
46901,0.054707533033036444,0.004376566190097997,0.004037670233073594,16,0.6666666666666666,404,24986822
46911,0.05470344453300944,0.0043762419956616715,0.004037359604890367,16,0.6666666666666666,404,24990862
46921,0.0546992251379453,0.004375903972663457,0.004037048971611844,16,0.6666666666666666,404,24994902
46931,0.0546946952047797,0.004375542545306826,0.004036738214146909,16,0.6666666666666666,404,24998942
46941,0.054690591704620525,0.00437521187710684,0.004036427975118615,16,0.6666666666666666,404,25002982
46951,0.054686513111158554,0.004374889909385955,0.004036117742322758,16,0.6666666666666666,404,25007022
46961,0.054682327692639435,0.00437455077273372,0.004035807470331192,16,0.6666666666666666,404,25011062
46971,0.054678256992358856,0.00437422225184958,0.00403549722448667,16,0.6666666666666666,404,25015102
46981,0.05467414534036492,0.004373898594606369,0.004035186952408829,16,0.6666666666666666,404,25019142
46991,0.05467015430279433,0.004373572139785109,0.004034876614706544,16,0.6666666666666666,404,25023182
47001,0.05466592490718117,0.004373235711777043,0.004034566642869983,16,0.6666666666666666,404,25027222
47011,0.054661612804241824,0.004372896971929577,0.00403425687457066,16,0.6666666666666666,404,25031262
47021,0.05465752296136432,0.004372561661221699,0.0040339466557563946,16,0.6666666666666666,404,25035302
47031,0.05465339222518015,0.0043722422095248525,0.004033636899348772,16,0.6666666666666666,404,25039342
47041,0.05464891586157054,0.0043718764591197815,0.004033326939568256,16,0.6666666666666666,404,25043382
47051,0.054644978317301425,0.004371570544612612,0.004033017375521391,16,0.6666666666666666,404,25047422
47061,0.054640802731628205,0.004371232203883262,0.0040327074037248365,16,0.6666666666666666,404,25051462
47071,0.054636401216660524,0.004370880568375209,0.004032397487194789,16,0.6666666666666666,404,25055502
47081,0.05463200676915956,0.004370514692881872,0.004032087751872332,16,0.6666666666666666,404,25059542
47091,0.05462776262852976,0.004370178992402694,0.00403177829466553,16,0.6666666666666666,404,25063582
47101,0.054623334529278075,0.004369838120841058,0.004031469116276961,16,0.6666666666666666,404,25067622
47111,0.054619301271305536,0.004369505444653184,0.004031159437789607,16,0.6666666666666666,404,25071662
47121,0.054614893187477094,0.004369158055954087,0.00403084958914792,16,0.6666666666666666,404,25075702
47131,0.054610867821510256,0.004368826017024136,0.004030540560374017,16,0.6666666666666666,404,25079742
47141,0.05460643203766639,0.004368484518252895,0.004030231300880187,16,0.6666666666666666,404,25083782
47151,0.05460195565034242,0.0043681183097418735,0.004029921386899217,16,0.6666666666666666,404,25087822
47161,0.054597617440321905,0.004367773645597717,0.004029612204100065,16,0.6666666666666666,404,25091862
47171,0.05459338752140661,0.004367444314973131,0.004029303223622574,16,0.6666666666666666,404,25095902
47181,0.05458917648336358,0.004367105056150856,0.004028994227577785,16,0.6666666666666666,404,25099942
47191,0.05458510934910337,0.0043667715946973315,0.004028685011624361,16,0.6666666666666666,404,25103982
47201,0.05458085861856807,0.004366438688264657,0.004028376078223079,16,0.6666666666666666,404,25108022
47211,0.054577085019233404,0.004366131569617107,0.004028068386472001,16,0.6666666666666666,404,25112062
47221,0.05457276482322143,0.004365791198407974,0.00402775965308055,16,0.6666666666666666,404,25116102
47231,0.05456862414155232,0.004365454240436568,0.0040274510157273175,16,0.6666666666666666,404,25120142
47241,0.054564198971025955,0.004365103566029165,0.00402714198832464,16,0.6666666666666666,404,25124182
47251,0.054559929496796764,0.004364762491566108,0.004026833705216765,16,0.6666666666666666,404,25128222
47261,0.05455547678794953,0.004364401052211162,0.004026524825914422,16,0.6666666666666666,404,25132262
47271,0.05455132828011648,0.004364070606531933,0.004026216965338297,16,0.6666666666666666,404,25136302
47281,0.05454700845124561,0.004363726454830977,0.004025908544369871,16,0.6666666666666666,404,25140342
47291,0.05454267780162983,0.004363384287834115,0.004025600693663621,16,0.6666666666666666,404,25144382
47301,0.05453861544382023,0.0043630631066343085,0.004025292914120606,16,0.6666666666666666,404,25148422
47311,0.054534494652016714,0.004362726800049043,0.004024985094478658,16,0.6666666666666666,404,25152462
47321,0.054530190819565214,0.004362381076950215,0.004024677488520911,16,0.6666666666666666,404,25156502
47331,0.054526131340127584,0.004362054427568585,0.0040243698714300885,16,0.6666666666666666,404,25160542
47341,0.054522072796141956,0.004361732600065942,0.004024062174632643,16,0.6666666666666666,404,25164582
47351,0.05451811602292278,0.004361418912741164,0.004023754779609585,16,0.6666666666666666,404,25168622
47361,0.05451394665283006,0.004361090114327619,0.004023447502305822,16,0.6666666666666666,404,25172662
47371,0.05450992055957433,0.004360760444060358,0.0040231404021723715,16,0.6666666666666666,404,25176702
47381,0.054505978370685534,0.004360447447304256,0.004022833246788316,16,0.6666666666666666,404,25180742
47391,0.05450164594518215,0.004360096120174507,0.004022525519971288,16,0.6666666666666666,404,25184782
47401,0.05449720794451203,0.004359736823566356,0.004022218409578031,16,0.6666666666666666,404,25188822
47411,0.05449319752321895,0.0043594259495581085,0.004021912091172694,16,0.6666666666666666,404,25192862
47421,0.054488779416763444,0.004359073455978459,0.004021604558622352,16,0.6666666666666666,404,25196902
47431,0.05448465842984062,0.004358737626854259,0.004021297196273342,16,0.6666666666666666,404,25200942
47441,0.05448046146239802,0.004358403771803327,0.004020990095820643,16,0.6666666666666666,404,25204982
47451,0.0544761826516771,0.00435806904913644,0.004020682889812408,16,0.6666666666666666,404,25209022
47461,0.05447252015340793,0.00435777463473781,0.004020376735962811,16,0.6666666666666666,404,25213062
47471,0.05446827876163308,0.0043574253933324585,0.0040200697126870424,16,0.6666666666666666,404,25217102
47481,0.0544641625724935,0.004357096579892837,0.0040197626810714385,16,0.6666666666666666,404,25221142
47491,0.05446015376235224,0.004356777302231385,0.004019455891626508,16,0.6666666666666666,404,25225182
47501,0.054455773496737164,0.004356429726694268,0.004019148966601908,16,0.6666666666666666,404,25229222
47511,0.054451760688558476,0.0043561087093745236,0.0040188424048004595,16,0.6666666666666666,404,25233262
47521,0.054447660178051506,0.004355778785567184,0.004018536339666449,16,0.6666666666666666,404,25237302
47531,0.05444346612041124,0.004355446576588761,0.00401823055722336,16,0.6666666666666666,404,25241342
47541,0.05443960965162245,0.004355139010619836,0.004017924963392613,16,0.6666666666666666,404,25245382
47551,0.054435423417077876,0.004354802702079059,0.004017618934248743,16,0.6666666666666666,404,25249422
47561,0.05443141524924695,0.004354484888836544,0.004017313024800587,16,0.6666666666666666,404,25253462
47571,0.05442744340115399,0.004354168563610349,0.004017007131479454,16,0.6666666666666666,404,25257502
47581,0.05442327186130585,0.004353822575845425,0.004016700666412152,16,0.6666666666666666,404,25261542
47591,0.054418936161186184,0.004353482335294429,0.004016394442080265,16,0.6666666666666666,404,25265582
47601,0.0544146133236942,0.004353135101118383,0.0040160940211328424,15,0.625,379,25269547
47611,0.05441081623723603,0.004352837001055032,0.004015811189367159,14,0.5833333333333334,354,25273287
47621,0.05440721448019013,0.004352550752414058,0.004015543591005047,14,0.5833333333333334,354,25276827
47631,0.05440362524725326,0.004352252304776944,0.004015275669727404,14,0.5833333333333334,354,25280367
47641,0.05440000139622339,0.004351978901258539,0.004015030882091591,12,0.5,303,25283603
47651,0.054396837766633246,0.004351727228474575,0.004014801720771468,12,0.5,303,25286633
47661,0.05439376305245684,0.0043514770142558815,0.004014572952083688,12,0.5,303,25289663
47671,0.05439074187474209,0.004351238621806184,0.004014344051703116,12,0.5,303,25292693
47681,0.05438771532875141,0.004350994146648362,0.0040141153156603325,12,0.5,303,25295723
47691,0.05438462455049039,0.00435075065586534,0.004013886691114966,12,0.5,303,25298753
47701,0.0543815990581328,0.004350494494470882,0.0040136579709823955,12,0.5,303,25301783
47711,0.05437836812519048,0.0043502454411235994,0.0040134287838787044,12,0.5,303,25304813
47721,0.05437516720397345,0.004349990313147061,0.004013199862788013,12,0.5,303,25307843
47731,0.054371878629650754,0.004349724408012201,0.004012971066050184,12,0.5,303,25310873
47741,0.05436854950188445,0.004349457141707364,0.00401274218443103,12,0.5,303,25313903
47751,0.054365509136233336,0.004349212505859421,0.004012513569762098,12,0.5,303,25316933
47761,0.054362322316055416,0.004348960857661457,0.004012285051971252,12,0.5,303,25319963
47771,0.05435897736502187,0.004348698438962684,0.004012056693936531,12,0.5,303,25322993
47781,0.054356009181142535,0.0043484572263078735,0.004011828299002408,12,0.5,303,25326023
47791,0.05435308850783764,0.004348223106272318,0.004011600163778905,12,0.5,303,25329053
47801,0.05434983344052987,0.004347955185444828,0.004011371363862881,12,0.5,303,25332083
47811,0.05434666708595278,0.004347707991561408,0.004011142441768056,12,0.5,303,25335113
47821,0.05434344257339792,0.004347452384333132,0.0040109141057587715,12,0.5,303,25338143
47831,0.05434030673044928,0.004347197293360094,0.004010685937634189,12,0.5,303,25341173
47841,0.054337124481360695,0.004346942248719253,0.004010457405735976,12,0.5,303,25344203
47851,0.05433404259452264,0.004346699459205335,0.004010229596521631,12,0.5,303,25347233
47861,0.05433112557355344,0.004346464223534897,0.0040100013322841715,12,0.5,303,25350263
47871,0.05432774548771678,0.004346192882836295,0.004009772299668319,12,0.5,303,25353293
47881,0.05432460071475726,0.004345935673988138,0.004009543839281306,12,0.5,303,25356323
47891,0.05432143890868401,0.004345694935413002,0.0040093158990672645,12,0.5,303,25359353
47901,0.054318371504092355,0.0043454429784361304,0.004009087940692531,12,0.5,303,25362383
47911,0.05431556849428205,0.004345222963618741,0.004008860508163237,12,0.5,303,25365413
47921,0.05431257832899248,0.004344980940247328,0.004008632533396144,12,0.5,303,25368443
47931,0.054309354212007534,0.004344719264260223,0.004008404277732831,12,0.5,303,25371473
47941,0.0543063240822355,0.004344487642000837,0.0040081765775304016,12,0.5,303,25374503
47951,0.0543034058060358,0.004344249026658855,0.0040079490379716235,12,0.5,303,25377533
47961,0.05430045286412727,0.004344010920558259,0.00400772138654543,12,0.5,303,25380563
47971,0.05429741255651704,0.004343773323448939,0.004007493583248436,12,0.5,303,25383593
47981,0.05429438448882588,0.004343518900151997,0.0040072658356076546,12,0.5,303,25386623
47991,0.05429118713574435,0.004343277638910886,0.004007038097113731,12,0.5,303,25389653
48001,0.05428834748491505,0.004343039229240556,0.004006810450297674,12,0.5,303,25392683
48011,0.054285098551653144,0.0043427854072888615,0.004006582551344763,12,0.5,303,25395713
48021,0.054282283296342576,0.00434256112685011,0.004006355135674326,12,0.5,303,25398743
48031,0.05427900622959859,0.004342283050176249,0.004006126937362315,12,0.5,303,25401773
48041,0.05427575902660478,0.004342040597328791,0.00400589923574608,12,0.5,303,25404803
48051,0.05427271129856523,0.004341791635320629,0.0040056714555392866,12,0.5,303,25407833
48061,0.05426969918976018,0.004341559560169385,0.004005444354748771,12,0.5,303,25410863
48071,0.054266734376474314,0.0043413223778758425,0.004005217339224125,12,0.5,303,25413893
48081,0.05426385775890772,0.004341081494124761,0.0040049900406109095,12,0.5,304,25416928
48091,0.05426069519381359,0.004340834572766047,0.004004761601378048,12,0.5,304,25419968
48101,0.05425760917396574,0.004340586292291978,0.004004533429306714,12,0.5,304,25423008
48111,0.05425461134550445,0.004340344132604675,0.004004305357401416,12,0.5,304,25426048
48121,0.054251245973699964,0.004340078646499498,0.00400407724762361,12,0.5,304,25429088
48131,0.05424822002799923,0.004339827696179792,0.004003849172012459,12,0.5,304,25432128
48141,0.05424496100305084,0.004339571651656482,0.004003620778996009,12,0.5,304,25435168
48151,0.0542416441950829,0.004339309581522197,0.004003392476884985,12,0.5,304,25438208
48161,0.05423856152816263,0.004339052697577101,0.004003164434458055,12,0.5,304,25441248
48171,0.05423511168625348,0.004338779518133879,0.004002936308062687,12,0.5,304,25444288
48181,0.0542320593469669,0.004338535336115988,0.004002708648860111,12,0.5,304,25447328
48191,0.054229030878202626,0.004338294930763841,0.0040024811596924455,12,0.5,304,25450368
48201,0.054225769587012855,0.00433803543263506,0.004002253115205372,12,0.5,304,25453408
48211,0.05422282969466247,0.0043377923134264905,0.004002025364746393,12,0.5,304,25456448
48221,0.0542198086527673,0.0043375585667883515,0.004001797793660268,12,0.5,304,25459488
48231,0.054216514094969435,0.004337301070727168,0.004001570124380916,12,0.5,304,25462528
48241,0.05421345916513019,0.004337051083599942,0.004001342216978516,12,0.5,304,25465568
48251,0.05421052133839109,0.004336815129215807,0.004001114982929879,12,0.5,304,25468608
48261,0.054207234354663035,0.004336554506439255,0.004000887224135201,12,0.5,304,25471648
48271,0.05420405286238072,0.004336294398244648,0.004000659888825788,12,0.5,304,25474688
48281,0.05420077291792029,0.004336038066459483,0.004000432257595916,12,0.5,304,25477728
48291,0.054197854691766995,0.004335806476079663,0.004000205137530523,12,0.5,304,25480768
48301,0.05419465161031849,0.004335539518995655,0.003999977878964103,12,0.5,304,25483808
48311,0.054191711115193886,0.004335308942581105,0.0039997508108152785,12,0.5,304,25486848
48321,0.05418857901223255,0.004335065364700622,0.003999524031760785,12,0.5,304,25489888
48331,0.05418543582924981,0.0043348059985119335,0.003999296491995443,12,0.5,304,25492928
48341,0.05418232230635916,0.004334556921815576,0.003999069584076594,12,0.5,304,25495968
48351,0.05417927915479574,0.0043343158019185386,0.003998842758175203,12,0.5,304,25499008
48361,0.05417613182431222,0.0043340691392052535,0.003998615463195792,12,0.5,304,25502048
48371,0.054172769867346295,0.004333800186760244,0.003998388015216766,12,0.5,304,25505088
48381,0.05416952485373911,0.004333540124455783,0.003998161001438078,12,0.5,304,25508128
48391,0.054166449043393954,0.004333289412451411,0.003997933951567909,12,0.5,304,25511168
48401,0.05416336214796196,0.004333044325571713,0.003997706990158951,12,0.5,304,25514208
48411,0.05416051408349623,0.004332821133874873,0.0039974808410723475,12,0.5,304,25517248
48421,0.0541578524342344,0.004332607275225986,0.0039972548671572015,12,0.5,304,25520288
48431,0.054154778675136725,0.004332357659835249,0.003997028231856372,12,0.5,304,25523328
48441,0.05415170545605045,0.0043321122713460055,0.003996801913794058,12,0.5,304,25526368
48451,0.05414887671271998,0.0043318808648112285,0.0039965755504619335,12,0.5,304,25529408
48461,0.05414582195139889,0.004331638347227553,0.003996349083691202,12,0.5,304,25532448
48471,0.054142889650155936,0.004331404696673269,0.003996122609952333,12,0.5,304,25535488
48481,0.05413996945063385,0.004331170620734286,0.003995896271458589,12,0.5,304,25538528
48491,0.05413661443568183,0.0043309073321074676,0.003995669691597588,12,0.5,304,25541568
48501,0.05413353280056219,0.004330656162867759,0.003995443134249993,12,0.5,304,25544608
48511,0.054130602559064565,0.004330429174385659,0.003995216826724698,12,0.5,304,25547648
48521,0.05412755098797205,0.004330175306573503,0.003994990583766106,12,0.5,304,25550688
48531,0.05412463914868425,0.004329944684173682,0.003994764045779776,12,0.5,304,25553728
48541,0.05412151323157124,0.004329693223810468,0.00399453744009659,12,0.5,304,25556768
48551,0.05411825452163929,0.004329435315131798,0.00399431111188094,12,0.5,304,25559808
48561,0.05411503699667593,0.004329181163902974,0.0039940845648388885,12,0.5,304,25562848
48571,0.05411200552857693,0.004328938186577764,0.003993858606464949,12,0.5,304,25565888
48581,0.05410907309800005,0.004328693860737547,0.0039936325178741815,12,0.5,304,25568928
48591,0.05410577615001766,0.004328435672804848,0.003993406189308776,12,0.5,304,25571968
48601,0.054102896899322225,0.004328208117587798,0.003993180354094775,12,0.5,304,25575008
48611,0.05409974011730555,0.004327953725971913,0.003992954259633672,12,0.5,304,25578048
48621,0.054096948722811004,0.004327730881739327,0.003992728695825496,12,0.5,304,25581088
48631,0.05409418093371795,0.004327515483970229,0.003992503276951466,12,0.5,304,25584128
48641,0.05409127464804963,0.004327279742520991,0.003992277460994955,12,0.5,304,25587168
48651,0.05408813154058122,0.004327028297922085,0.0039920514765384735,12,0.5,304,25590208
48661,0.054084826967410696,0.004326759769851044,0.003991825422778001,12,0.5,304,25593248
48671,0.054081638733615746,0.00432651073303193,0.003991599090828077,12,0.5,304,25596288
48681,0.054078670900980966,0.004326266368290345,0.003991373352743852,12,0.5,304,25599328
48691,0.05407567465363885,0.004326027135878195,0.003991147741776952,12,0.5,304,25602368
48701,0.05407249965511336,0.004325779617404112,0.003990922117719319,12,0.5,304,25605408
48711,0.05406960275566008,0.004325542318430773,0.003990696685491222,12,0.5,304,25608448
48721,0.054066561817314965,0.00432529766051953,0.003990470996307435,12,0.5,304,25611488
48731,0.054063527188114156,0.004325055357294746,0.003990245757279627,12,0.5,304,25614528
48741,0.054060458413745474,0.004324815407541239,0.003990020124193832,12,0.5,304,25617568
48751,0.05405739595628831,0.004324565330371324,0.003989794766161435,12,0.5,304,25620608
48761,0.054054189618892,0.0043243055933555085,0.003989569087931781,12,0.5,304,25623648
48771,0.054051053177441334,0.0043240611519203935,0.003989343839737544,12,0.5,304,25626688
48781,0.0540479634960194,0.004323811209737866,0.003989118359605608,12,0.5,304,25629728
48791,0.05404486858772041,0.004323562697905756,0.003988893085113691,12,0.5,304,25632768
48801,0.05404173382021251,0.004323317462852749,0.003988667807592214,12,0.5,304,25635808
48811,0.054038472643043844,0.004323056572647516,0.00398844246111357,12,0.5,304,25638848
48821,0.05403554676016789,0.0043228151194838775,0.00398821745828776,12,0.5,304,25641888
48831,0.05403249443866517,0.0043225690925740795,0.003987992096076274,12,0.5,304,25644928
48841,0.05402927536602121,0.004322323570474446,0.003987767004294903,12,0.5,304,25647968
48851,0.054026178001826165,0.004322065634176272,0.003987541404549234,12,0.5,304,25651008
48861,0.05402310425275723,0.004321828965331827,0.003987316637976233,12,0.5,304,25654048
48871,0.0540200829333296,0.004321583573346309,0.003987091410597472,12,0.5,304,25657088
48881,0.054017217775886785,0.00432135205880484,0.0039868667558270844,12,0.5,304,25660128
48891,0.05401423205608441,0.004321111822359511,0.003986641623501901,12,0.5,304,25663168
48901,0.05401102787507135,0.004320861485569066,0.003986416771706605,12,0.5,304,25666208
48911,0.054007835805080735,0.004320602897470723,0.003986191360266304,12,0.5,304,25669248
48921,0.054004897773128994,0.004320366015667712,0.003985966560099402,12,0.5,304,25672288
48931,0.05400175289904266,0.004320125488133207,0.003985741762970647,12,0.5,304,25675328
48941,0.05399890226686551,0.004319889148009998,0.00398551694964983,12,0.5,304,25678368
48951,0.05399590240765227,0.004319649623817894,0.003985292064381774,12,0.5,304,25681408
48961,0.05399298941055139,0.004319420732387995,0.003985067491652012,12,0.5,304,25684448
48971,0.05399033589794688,0.0043192052311176446,0.003984843147915709,12,0.5,304,25687488
48981,0.05398748137640794,0.004318977793660485,0.003984618538842625,12,0.5,304,25690528
48991,0.05398436265518021,0.004318728299666877,0.003984393751488898,12,0.5,304,25693568
49001,0.053981319274999925,0.004318485753266513,0.003984169275864175,12,0.5,304,25696608
49011,0.05397832819016512,0.004318243709151318,0.003983944485627524,12,0.5,304,25699648
49021,0.05397540662576565,0.004317997106635162,0.0039837200527920984,12,0.5,304,25702688
49031,0.05397228431370364,0.004317763886537644,0.003983495565977852,12,0.5,304,25705728
49041,0.053969237292293866,0.004317514609555334,0.003983271475041933,12,0.5,304,25708768
49051,0.05396615057027653,0.004317269515302975,0.0039830472266499705,12,0.5,304,25711808
49061,0.05396300692923314,0.004317015729505137,0.0039828227842632095,12,0.5,304,25714848
49071,0.05395995003781016,0.004316770263275983,0.003982598566126544,12,0.5,304,25717888
49081,0.05395685921529317,0.004316521163829356,0.0039823741840502025,12,0.5,304,25720928
49091,0.05395368278857697,0.004316271189937556,0.003982150279945862,12,0.5,304,25723968
49101,0.05395063901685969,0.004316025395347334,0.003981926019787643,12,0.5,304,25727008
49111,0.053947670415823115,0.004315786074406022,0.00398170202178096,12,0.5,304,25730048
49121,0.053944415297373906,0.004315524292406262,0.003981477712618465,12,0.5,304,25733088
49131,0.053941246877221134,0.004315274956320887,0.003981253502845107,12,0.5,304,25736128
49141,0.05393817084657711,0.004315031632611055,0.003981029899525997,12,0.5,304,25739168
49151,0.053935296167095095,0.004314793859155681,0.003980806287433453,12,0.5,304,25742208
49161,0.053932261341626306,0.004314552913928033,0.003980582814908119,12,0.5,304,25745248
49171,0.05392919263230688,0.004314309716228988,0.003980359322885773,12,0.5,304,25748288
49181,0.05392617033865057,0.004314071607150439,0.0039801354318575845,12,0.5,304,25751328
49191,0.05392322310377578,0.0043138335387500224,0.003979911231133358,12,0.5,304,25754368
49201,0.053920155986149666,0.004313589549379006,0.003979687587919754,12,0.5,304,25757408
49211,0.05391684869071961,0.004313330013600963,0.0039794638169009895,12,0.5,304,25760448
49221,0.05391395460602375,0.004313092071862886,0.003979240285347987,12,0.5,304,25763488
49231,0.05391070578099226,0.004312830337044739,0.0039790165072892585,12,0.5,304,25766528
49241,0.053907532029324294,0.004312576899925555,0.003978792493358315,12,0.5,304,25769568
49251,0.05390446194640779,0.004312328090612619,0.00397856926202607,12,0.5,304,25772608
49261,0.05390151838270822,0.00431210497898879,0.0039783460270608655,12,0.5,304,25775648
49271,0.05389862684457284,0.0043118635822292795,0.00397812252089672,12,0.5,304,25778688
49281,0.0538954152235887,0.004311607573319302,0.003977899082444273,12,0.5,304,25781728
49291,0.05389231865995885,0.004311363057764989,0.003977675938723473,12,0.5,304,25784768
49301,0.05388925698058038,0.004311118127360203,0.003977452624485207,12,0.5,304,25787808
49311,0.05388609857853291,0.004310859051613365,0.003977229061529045,12,0.5,304,25790848
49321,0.053883243921971004,0.004310635717573182,0.003977006200086438,12,0.5,304,25793888
49331,0.05388035541747235,0.0043104050987012865,0.003976783423882577,12,0.5,304,25796928
49341,0.05387747882905829,0.004310174518021107,0.003976560086116868,12,0.5,304,25799968
49351,0.05387451123713273,0.004309942145972345,0.003976337095669785,12,0.5,304,25803008
49361,0.053871498419701805,0.004309694264222047,0.003976114238366048,12,0.5,304,25806048
49371,0.05386838324624461,0.0043094418543665304,0.003975891167804254,12,0.5,304,25809088
49381,0.053865205772319645,0.004309189947410562,0.003975668016220853,12,0.5,304,25812128
49391,0.053862394534624075,0.004308966423877798,0.003975445045697808,12,0.5,304,25815168
49401,0.053859463788724214,0.004308735167371341,0.003975222215627866,12,0.5,304,25818208
49411,0.0538562536746174,0.004308478819196414,0.003974998966130183,12,0.5,304,25821248
49421,0.05385334109432276,0.004308243532219591,0.003974775937523162,12,0.5,304,25824288
49431,0.053850263426662354,0.004307997323009284,0.003974553166212321,12,0.5,304,25827328
49441,0.053846889466908486,0.004307731064119462,0.003974330255222994,12,0.5,304,25830368
49451,0.05384383006247854,0.004307482662657647,0.003974107379917102,12,0.5,304,25833408
49461,0.05384085108502915,0.004307241609522366,0.003973884505278038,12,0.5,304,25836448
49471,0.053837684340985695,0.0043069910133265304,0.003973661652624436,12,0.5,304,25839488
49481,0.05383462655527254,0.004306749589012127,0.003973438777675364,12,0.5,304,25842528
49491,0.053831369692094996,0.004306487675043507,0.003973215885163664,12,0.5,304,25845568
49501,0.05382851259643248,0.004306252724508542,0.003972993523183956,12,0.5,304,25848608
49511,0.053825245475611475,0.004306002762463502,0.0039727705151024134,12,0.5,304,25851648
49521,0.05382245778987533,0.004305775190107526,0.003972548093514718,12,0.5,304,25854688
49531,0.05381916900950136,0.00430550844427039,0.003972325379948125,12,0.5,304,25857728
49541,0.05381608028846134,0.0043052618068933285,0.003972102692544547,12,0.5,304,25860768
49551,0.05381307757476566,0.004305021594049374,0.003971880235463733,12,0.5,304,25863808
49561,0.053810069683398354,0.004304780511304971,0.003971657790719833,12,0.5,304,25866848
49571,0.053807159132574875,0.004304548127052883,0.00397143545536903,12,0.5,304,25869888
49581,0.053804192125516584,0.004304309859609095,0.00397121329529026,12,0.5,304,25872928
49591,0.05380133949272086,0.004304079831315531,0.00397099162983205,12,0.5,304,25875968
49601,0.053798401941151916,0.004303850751851405,0.003970769718240406,12,0.5,304,25879008
49611,0.05379515185713156,0.004303585740800854,0.003970547152580377,12,0.5,304,25882048
49621,0.05379199342622211,0.004303333981566516,0.003970325100259882,12,0.5,304,25885088
49631,0.05378917693158315,0.004303106845545181,0.003970103394738658,12,0.5,304,25888128
49641,0.05378613904314446,0.004302867004707693,0.003969881779272343,12,0.5,304,25891168
49651,0.05378311874811351,0.0043026290252031855,0.0039696598951121,12,0.5,304,25894208
49661,0.05378042879558576,0.004302409282995031,0.003969438236156127,12,0.5,304,25897248
49671,0.053777551632996135,0.004302179568973053,0.00396921660412355,12,0.5,304,25900288
49681,0.05377455556899809,0.004301939888089122,0.003968994822487766,12,0.5,304,25903328
49691,0.05377162254205191,0.004301707068826666,0.003968773154884188,12,0.5,304,25906368
49701,0.053768553625519876,0.004301464287163558,0.003968551595751204,12,0.5,304,25909408
49711,0.053765513659540694,0.004301215639060421,0.0039683298389947335,12,0.5,304,25912448
49721,0.05376262760482666,0.0043009870311682685,0.003968108274594122,12,0.5,304,25915488
49731,0.05375945804226292,0.004300727109248147,0.003967886270428253,12,0.5,304,25918528
49741,0.05375623227154659,0.004300470415923445,0.003967664177372356,12,0.5,304,25921568
49751,0.05375314904033648,0.004300222854024021,0.0039674425487581785,12,0.5,304,25924608
49761,0.05374990741160012,0.0042999726115164815,0.003967221008594766,12,0.5,304,25927648
49771,0.05374705232752947,0.004299742391897351,0.00396699974513673,12,0.5,304,25930688
49781,0.053744140965872746,0.004299505854877426,0.003966778751063227,12,0.5,304,25933728
49791,0.05374129817740086,0.0042992793437482265,0.00396655702668055,12,0.5,304,25936768
49801,0.05373858065720063,0.004299065122726906,0.003966336068150471,12,0.5,304,25939808
49811,0.053735631012415616,0.004298834599730759,0.003966114607811602,12,0.5,304,25942848
49821,0.053732772604191896,0.004298603207652344,0.003965893117336993,12,0.5,304,25945888
49831,0.05372981260612838,0.004298357339112919,0.003965671725038174,12,0.5,304,25948928
49841,0.05372678508439916,0.0042981142351756875,0.003965450459814771,12,0.5,304,25951968
49851,0.05372389979212573,0.004297888857798535,0.003965229230954694,12,0.5,304,25955008
49861,0.05372078262840853,0.004297632688510966,0.003965008040468178,12,0.5,304,25958048
49871,0.05371781900838511,0.00429740194992149,0.003964787262457034,12,0.5,304,25961088
49881,0.05371501451869631,0.004297183939461733,0.0039645662716003725,12,0.5,304,25964128
49891,0.05371206887624265,0.00429693968151385,0.00396434543005772,12,0.5,304,25967168
49901,0.053709146386834106,0.004296703168398867,0.0039641243184810005,12,0.5,304,25970208
49911,0.05370591296546726,0.004296449935626035,0.0039639031400032455,12,0.5,304,25973248
49921,0.053702589568450906,0.004296177275073094,0.003963681871950346,12,0.5,304,25976288
49931,0.053699572452748486,0.004295938627825432,0.003963460995576834,12,0.5,304,25979328
49941,0.05369634647432683,0.004295687798109914,0.003963240082108826,12,0.5,304,25982368
49951,0.05369350584627687,0.004295456929963407,0.003963019336615076,12,0.5,304,25985408
49961,0.053690467681402954,0.004295220669398379,0.003962798295461918,12,0.5,304,25988448
49971,0.05368746398574639,0.004294976304245892,0.003962577556247353,12,0.5,304,25991488
49981,0.05368456825952572,0.004294739673093174,0.003962356858702116,12,0.5,304,25994528
49991,0.05368145250050348,0.0042944935833163205,0.0039621362483701905,12,0.5,304,25997568
50001,0.053678405139894976,0.004294245728186202,0.003961915480963966,12,0.5,304,26000608
50011,0.053675590058153685,0.00429403047389866,0.003961694751241833,12,0.5,304,26003648
50021,0.05367252677365617,0.004293782701497706,0.003961474144770589,12,0.5,304,26006688
50031,0.05366962223995026,0.0042935489859886105,0.003961253691196742,12,0.5,304,26009728
50041,0.053666808583801205,0.004293316665697932,0.003961033427890361,12,0.5,304,26012768
50051,0.05366385981989404,0.0042930870955496655,0.003960813230446275,12,0.5,304,26015808
50061,0.053660866377310275,0.004292848075682643,0.003960592681458722,12,0.5,304,26018848
50071,0.05365768711669723,0.004292592835305136,0.003960372386969262,12,0.5,304,26021888
50081,0.0536545423118417,0.0042923371902741205,0.0039601516875185545,12,0.5,304,26024928
50091,0.053651494033125184,0.004292096493427405,0.003959931352809491,12,0.5,304,26027968
50101,0.05364841807313541,0.0042918531295349305,0.003959711202691513,12,0.5,304,26031008
50111,0.05364559657162238,0.004291620190390191,0.003959490971088613,12,0.5,304,26034048
50121,0.05364266269729827,0.004291387290379456,0.00395927072831843,12,0.5,304,26037088
50131,0.05363951497689422,0.004291139538556397,0.003959049645894013,12,0.5,305,26040137
50141,0.05363659341125751,0.004290905365795461,0.003958828869600784,12,0.5,305,26043187
50151,0.053633666699521125,0.004290672134762168,0.003958608333525637,12,0.5,305,26046237
50161,0.053630977267451065,0.004290449767252191,0.003958387739377996,12,0.5,305,26049287
50171,0.05362801204645371,0.004290219769435752,0.003958167000602489,12,0.5,305,26052337
50181,0.05362534039987732,0.004289998827090484,0.003957946737088444,12,0.5,305,26055387
50191,0.05362213384081835,0.004289740053708547,0.003957725755851884,12,0.5,305,26058437
50201,0.05361902928511149,0.004289498004585699,0.003957504997495112,12,0.5,305,26061487
50211,0.05361591402000437,0.0042892456333982,0.00395728429466789,12,0.5,305,26064537
50221,0.05361267541442238,0.00428899646195269,0.003957063712603613,12,0.5,305,26067587
50231,0.05360974710992316,0.004288760849170544,0.003956843142649175,12,0.5,305,26070637
50241,0.053606920639485356,0.004288527078003818,0.0039566226861168265,12,0.5,305,26073687
50251,0.053603830067417924,0.004288288843165269,0.003956402432686692,12,0.5,305,26076737
50261,0.0536008920022084,0.00428805109952519,0.0039561822874152695,12,0.5,305,26079787
50271,0.05359785877596689,0.004287809345284359,0.003955961966631115,12,0.5,305,26082837
50281,0.053594972358393354,0.004287575734629244,0.0039557419441851776,12,0.5,305,26085887
50291,0.05359209767225396,0.004287348463427579,0.003955521953951651,12,0.5,305,26088937
50301,0.05358904911382251,0.004287101432683259,0.003955301452045427,12,0.5,305,26091987
50311,0.05358591112183042,0.004286845898976544,0.003955081065145543,12,0.5,305,26095037
50321,0.05358277369860803,0.004286597158813656,0.0039548606735916045,12,0.5,305,26098087
50331,0.05358000221894116,0.004286379491607648,0.003954641174431346,12,0.5,305,26101137
50341,0.053576910828144246,0.004286128137554604,0.003954420758175233,12,0.5,305,26104187
50351,0.053573718844050114,0.00428587188433643,0.003954200415001808,12,0.5,305,26107237
50361,0.05357098814187433,0.004285654331114585,0.003953980745367261,12,0.5,305,26110287
50371,0.05356808373203911,0.0042854233306153,0.003953760877849167,12,0.5,305,26113337
50381,0.05356518542601927,0.004285193716572066,0.003953540610269678,12,0.5,305,26116387
50391,0.05356225391265945,0.004284959648310077,0.003953320883831792,12,0.5,305,26119437
50401,0.053559468873497426,0.0042847319077849635,0.003953101254550184,12,0.5,305,26122487
50411,0.053556465351898806,0.004284490732346794,0.003952881684078435,12,0.5,305,26125537
50421,0.05355329958709855,0.004284247353935583,0.00395266200128109,12,0.5,305,26128587
50431,0.053550689950708906,0.004284031851590051,0.003952442683938251,12,0.5,305,26131637
50441,0.053547530853238365,0.004283773293065984,0.003952222743069709,12,0.5,305,26134687
50451,0.05354440599055041,0.004283528694491492,0.003952002877423434,12,0.5,305,26137737
50461,0.053541556518177325,0.004283292664203007,0.003951783468864168,12,0.5,305,26140787
50471,0.05353831497282343,0.004283035589568986,0.003951563861106213,12,0.5,305,26143837
50481,0.05353528148161913,0.004282798746322112,0.003951344134381204,12,0.5,305,26146887
50491,0.05353242790633109,0.004282563288970401,0.00395112480286519,12,0.5,305,26149937
50501,0.053529070372635365,0.004282298279206723,0.0039509048194372965,12,0.5,305,26152987
50511,0.053526049709991884,0.004282066941630835,0.003950685344365931,12,0.5,305,26156037
50521,0.0535231472326939,0.004281822644530109,0.003950465503693552,12,0.5,305,26159087
50531,0.053520295659089376,0.004281601693674101,0.0039502465447078085,12,0.5,305,26162137
50541,0.05351736614304497,0.004281367336111244,0.003950027381604745,12,0.5,305,26165187
50551,0.05351445392319087,0.004281135706188803,0.003949808483847976,12,0.5,305,26168237
50561,0.05351148060488828,0.004280891573510055,0.003949589341287074,12,0.5,305,26171287
50571,0.05350849660189283,0.004280656440578245,0.003949370110129475,12,0.5,305,26174337
50581,0.05350557468167854,0.004280423586414773,0.003949151043190542,12,0.5,305,26177387
50591,0.05350267563987883,0.004280192562193387,0.003948931892042131,12,0.5,305,26180437
50601,0.05349981065550576,0.004279956652875628,0.0039487127970795075,12,0.5,305,26183487
50611,0.05349695174029107,0.004279728839390513,0.00394849428660067,12,0.5,305,26186537
50621,0.05349397024453081,0.004279489429526487,0.003948275374617134,12,0.5,305,26189587
50631,0.05349105077910403,0.004279261693016522,0.003948056414433265,12,0.5,305,26192637
50641,0.05348779073309075,0.004279004471945931,0.0039478373647518885,12,0.5,305,26195687
50651,0.05348520773718946,0.004278796046153332,0.003947618866123646,12,0.5,305,26198737
50661,0.05348216678244708,0.004278548301869778,0.003947399817679551,12,0.5,305,26201787
50671,0.05347898106210444,0.00427829568420795,0.003947180791664228,12,0.5,305,26204837
50681,0.05347614235372727,0.004278073955253677,0.003946962078919883,12,0.5,305,26207887
50691,0.05347328176525031,0.004277840194903615,0.003946743308235312,12,0.5,305,26210937
50701,0.05347056129347434,0.0042776185390156355,0.003946524906852786,12,0.5,305,26213987
50711,0.053467511746229074,0.004277379047619129,0.0039463060928715855,12,0.5,305,26217037
50721,0.05346475309594191,0.004277154338778364,0.003946087385243345,12,0.5,305,26220087
50731,0.05346169899110442,0.00427691135483922,0.003945868792547995,12,0.5,305,26223137
50741,0.05345898034304513,0.004276691634102704,0.003945650602609305,12,0.5,305,26226187
50751,0.053455787734103116,0.0042764353374031725,0.003945431582721626,12,0.5,305,26229237
50761,0.05345274637427484,0.0042761996221409105,0.003945213376449473,12,0.5,305,26232287
50771,0.05344967765506464,0.004275949218739619,0.003944994650162839,12,0.5,305,26235337
50781,0.053446771243999186,0.004275722511145397,0.003944776390228816,12,0.5,305,26238387
50791,0.05344368685534158,0.004275466840340357,0.003944557818422285,12,0.5,305,26241437
50801,0.0534407591480885,0.004275236643251602,0.003944339763267233,12,0.5,305,26244487
50811,0.053437759460258284,0.004274995334400204,0.003944121532917551,12,0.5,305,26247537
50821,0.05343499998479318,0.004274782161291189,0.003943903491568743,12,0.5,305,26250587
50831,0.05343209047030538,0.004274544052837843,0.003943685122401309,12,0.5,305,26253637
50841,0.05342908114375568,0.004274304202315807,0.003943466834183809,12,0.5,305,26256687
50851,0.05342608348456733,0.004274061273536593,0.003943248295542168,12,0.5,305,26259737
50861,0.05342295822710724,0.004273816159379352,0.003943030458321671,12,0.5,305,26262787
50871,0.053420195547460816,0.004273595148289068,0.003942812534024707,12,0.5,305,26265837
50881,0.0534170156714934,0.004273338534644431,0.003942594151935848,12,0.5,305,26268887
50891,0.05341413145723662,0.004273105128940093,0.003942376204814531,12,0.5,305,26271937
50901,0.05341096383150091,0.0042728508329193445,0.003942157805376727,12,0.5,305,26274987
50911,0.053408197505862696,0.00427262908584107,0.003941940005612681,12,0.5,305,26278037
50921,0.05340512556743003,0.004272383780683189,0.003941722002795643,12,0.5,305,26281087
50931,0.05340223777634478,0.004272148756025824,0.003941504029343251,12,0.5,305,26284137
50941,0.05339919471236866,0.004271913326378554,0.003941286197611368,12,0.5,305,26287187
50951,0.053396497015006095,0.004271692619748419,0.003941068521716946,12,0.5,305,26290237
50961,0.053393477206951694,0.004271455933319485,0.003940850820807525,12,0.5,305,26293287
50971,0.05339066364433597,0.004271233075883185,0.003940633076561086,12,0.5,305,26296337
50981,0.053387789391304806,0.004270997357690973,0.003940415494266743,12,0.5,305,26299387
50991,0.05338469329489593,0.004270754120950599,0.003940197590671648,12,0.5,305,26302437
51001,0.053381825593774426,0.004270526931216492,0.003939980223317519,12,0.5,305,26305487
51011,0.05337894725713304,0.004270284221882076,0.003939762714074391,12,0.5,305,26308537
51021,0.0533757694203502,0.004270032222764886,0.003939545064592763,12,0.5,305,26311587
51031,0.05337281988971417,0.0042698011529289,0.00393932791537134,12,0.5,305,26314637
51041,0.05336982088443967,0.004269566567774692,0.003939110523780893,12,0.5,305,26317687
51051,0.05336669469915351,0.004269312034705396,0.003938892738172556,12,0.5,305,26320737
51061,0.053363607939238944,0.0042690602131372725,0.003938675217947322,12,0.5,305,26323787
51071,0.05336047177991216,0.0042688190937813664,0.003938458047895659,12,0.5,305,26326837
51081,0.05335763585102696,0.004268585563476907,0.003938241037001041,12,0.5,305,26329887
51091,0.05335471161460204,0.004268352960439564,0.00393802410360241,12,0.5,305,26332937
51101,0.0533518932756137,0.0042681288286070505,0.003937806922360647,12,0.5,305,26335987
51111,0.05334895337374933,0.004267892752891571,0.003937590181145819,12,0.5,305,26339037
51121,0.05334595851776188,0.0042676576048688,0.003937373204821393,12,0.5,305,26342087
51131,0.053343097252700665,0.0042674198355792965,0.003937155696357083,12,0.5,305,26345137
51141,0.05334005352132669,0.004267183881233742,0.003936938647310063,12,0.5,305,26348187
51151,0.05333718215111054,0.004266954618427293,0.003936722147233199,12,0.5,305,26351237
51161,0.05333419488192437,0.004266711650345967,0.003936505218927242,12,0.5,305,26354287
51171,0.05333149625473911,0.004266492217814222,0.003936288384472043,12,0.5,305,26357337
51181,0.0533284379522097,0.004266248888043166,0.003936071530419402,12,0.5,305,26360387
51191,0.053325396809323494,0.004266010475405627,0.00393585474335979,12,0.5,305,26363437
51201,0.05332245034875034,0.0042657725470392005,0.003935637744634235,12,0.5,305,26366487
51211,0.053319476706937194,0.004265533773838126,0.003935420267817306,12,0.5,305,26369537
51221,0.053316475898075394,0.0042652959277622755,0.0039352036345505804,12,0.5,305,26372587
51231,0.05331380218602477,0.004265078491765328,0.003934987284557185,12,0.5,305,26375637
51241,0.05331087984519326,0.004264848250725917,0.003934770486382306,12,0.5,305,26378687
51251,0.05330827340276557,0.004264641952019894,0.003934554412525887,12,0.5,305,26381737
51261,0.053305457117578066,0.004264417537653929,0.003934337823939855,12,0.5,305,26384787
51271,0.05330274639402362,0.004264194487413085,0.003934121201926979,12,0.5,305,26387837
51281,0.05329975402954282,0.004263960412015492,0.003933904945173119,12,0.5,305,26390887
51291,0.053296767714769974,0.004263720625542622,0.0039336888186122425,12,0.5,305,26393937
51301,0.05329393672427013,0.004263488842140848,0.003933472147626769,12,0.5,305,26396987
51311,0.05329079111097311,0.004263234986763179,0.0039332553750046385,12,0.5,305,26400037
51321,0.053287867145935024,0.004262998863664357,0.003933038767778139,12,0.5,305,26403087
51331,0.053284965781244295,0.004262773390631815,0.003932822398422359,12,0.5,305,26406137
51341,0.05328202623048221,0.004262542208583839,0.003932606149905202,12,0.5,305,26409187
51351,0.05327930262121042,0.004262321671449996,0.003932390263872751,12,0.5,305,26412237
51361,0.05327619834275719,0.004262071565867395,0.003932173664297632,12,0.5,305,26415287
51371,0.05327324924456299,0.004261840059851133,0.003931957451781984,12,0.5,305,26418337
51381,0.0532707589204004,0.004261636861461768,0.003931741515362994,12,0.5,305,26421387
51391,0.053267761070286364,0.004261403662014914,0.0039315254169694615,12,0.5,305,26424437
51401,0.05326501211986887,0.004261181540946379,0.003931309741490166,12,0.5,305,26427487
51411,0.05326213667989397,0.004260950184546142,0.003931093951412159,12,0.5,305,26430537
51421,0.05325924516731649,0.004260714894355662,0.003930877868559407,12,0.5,305,26433587
51431,0.05325654722841412,0.004260503476507311,0.003930662144272631,12,0.5,305,26436637
51441,0.05325383868063111,0.0042602876784210925,0.003930446405265344,12,0.5,305,26439687
51451,0.053251014742779296,0.004260057354608595,0.003930230974301111,12,0.5,305,26442737
51461,0.05324793210554602,0.004259813394605962,0.003930014935056907,12,0.5,305,26445787
51471,0.053245031953094504,0.004259573006171907,0.0039297987398652584,12,0.5,305,26448837
51481,0.05324199999719038,0.004259334864549607,0.00392958301282268,12,0.5,305,26451887
51491,0.053239089822290066,0.004259101613920204,0.003929367412052988,12,0.5,305,26454937
51501,0.053235959729319174,0.004258848125470865,0.003929151713055269,12,0.5,305,26457987
51511,0.05323302302984848,0.00425861936469007,0.003928935848261586,12,0.5,305,26461037
51521,0.0532302190325801,0.00425839240459389,0.0039287207015625365,12,0.5,305,26464087
51531,0.05322696939171685,0.004258134640971172,0.003928504530021289,12,0.5,305,26467137
51541,0.05322381397234912,0.004257880890128223,0.00392828846664556,12,0.5,305,26470187
51551,0.05322094541124125,0.004257653170984851,0.003928072890462458,12,0.5,305,26473237
51561,0.053217994761414006,0.0042574175632041035,0.003927857163664812,12,0.5,305,26476287
51571,0.053215237242457636,0.004257194763820722,0.003927641986446827,12,0.5,305,26479337
51581,0.053212166514399944,0.0042569539521174855,0.003927426082710181,12,0.5,305,26482387
51591,0.05320945944573267,0.004256735629143763,0.003927211243200415,12,0.5,305,26485437
51601,0.053206510766657125,0.004256494017714661,0.003926995714524616,12,0.5,305,26488487
51611,0.05320363409158848,0.004256270927921612,0.003926780438353845,12,0.5,305,26491537
51621,0.053200939364378516,0.004256047874320527,0.003926565101427082,12,0.5,305,26494587
51631,0.053198091112124424,0.004255825296742518,0.0039263498118256935,12,0.5,305,26497637
51641,0.05319508391410573,0.0042555834054576695,0.003926134359913814,12,0.5,305,26500687
51651,0.05319198380750568,0.004255327486839422,0.003925919192771975,12,0.5,305,26503737
51661,0.05318919748685482,0.004255115576555412,0.003925704499850895,12,0.5,305,26506787
51671,0.053186450078574886,0.004254894028952679,0.003925489564586187,12,0.5,305,26509837
51681,0.05318323067515701,0.004254630767818633,0.003925273605682739,12,0.5,305,26512887
51691,0.053180017367238284,0.0042543759052487955,0.0039250586973366116,12,0.5,305,26515937
51701,0.053177178072256644,0.004254155355450781,0.003924843844356121,12,0.5,305,26518987
51711,0.053174525924685925,0.004253933523334066,0.003924628767206922,12,0.5,305,26522037
51721,0.053171330713125596,0.004253682742426237,0.0039244135243889705,12,0.5,305,26525087
51731,0.05316828977516983,0.004253442984217855,0.003924198511663333,12,0.5,305,26528137
51741,0.05316544144261243,0.004253205023850805,0.00392398360603092,12,0.5,305,26531187
51751,0.05316225340713388,0.004252951742323292,0.003923768394540048,12,0.5,305,26534237
51761,0.053159159219245466,0.004252709478561389,0.003923553255184242,12,0.5,305,26537287
51771,0.053156114950852346,0.004252468135050432,0.003923338379556982,12,0.5,305,26540337
51781,0.05315315896166113,0.0042522294660807,0.003923123562909396,12,0.5,305,26543387
51791,0.053150389897288916,0.00425201233089606,0.003922909195023919,12,0.5,305,26546437
51801,0.05314761579746786,0.004251787336101192,0.003922694594691174,12,0.5,305,26549487
51811,0.053144765410835515,0.004251559308810905,0.003922480142324579,12,0.5,305,26552537
51821,0.05314186617612247,0.004251326496929257,0.003922265448688385,12,0.5,305,26555587
51831,0.05313921399704971,0.0042511077511075265,0.0039220513406246,12,0.5,305,26558637
51841,0.0531360417838561,0.0042508583620106495,0.003921836439942721,12,0.5,305,26561687
51851,0.05313321522771138,0.004250634870725194,0.003921622114347831,12,0.5,305,26564737
51861,0.05313024127293851,0.004250399148750116,0.003921407554687573,12,0.5,305,26567787
51871,0.05312748685372465,0.0042501752941554154,0.003921192980643242,12,0.5,305,26570837
51881,0.053124771199204626,0.004249955855705304,0.003920978741105057,12,0.5,305,26573887
51891,0.053121716601452325,0.0042497128061487095,0.003920764388198041,12,0.5,305,26576937
51901,0.05311885409389417,0.004249483809634337,0.003920550008271425,12,0.5,305,26579987
51911,0.05311603036695868,0.004249253975830011,0.0039203357226367894,12,0.5,305,26583037
51921,0.053113256343610755,0.004249036872954352,0.00392012139854524,12,0.5,305,26586087
51931,0.05311023661507034,0.004248794423639284,0.0039199070363660545,12,0.5,305,26589137
51941,0.05310745805909492,0.0042485752058055845,0.003919692879286579,12,0.5,305,26592187
51951,0.053104565119784786,0.004248333712920611,0.003919478731989214,12,0.5,305,26595237
51961,0.05310153051874889,0.00424810057261012,0.003919264581474966,12,0.5,305,26598287
51971,0.05309863311247999,0.004247876655232711,0.003919050926093562,12,0.5,305,26601337
51981,0.053095878297046546,0.004247647090388991,0.003918836701671999,12,0.5,305,26604387
51991,0.05309299823895963,0.004247418438259595,0.003918623104865632,12,0.5,305,26607437
52001,0.05308996568347652,0.00424717758592795,0.003918409381585015,12,0.5,305,26610487
52011,0.05308723411059006,0.004246951634069652,0.003918195747826863,12,0.5,305,26613537
52021,0.05308444835440954,0.004246733584294386,0.003917982174288409,12,0.5,305,26616587
52031,0.05308148284075703,0.004246496347055625,0.003917768456506763,12,0.5,305,26619637
52041,0.05307870347866866,0.004246275312077552,0.003917554897328807,12,0.5,305,26622687
52051,0.0530756625318059,0.004246028109614038,0.00391734125862473,12,0.5,305,26625737
52061,0.0530728076991582,0.004245796234020049,0.003917127693062178,12,0.5,305,26628787
52071,0.05306977871204448,0.004245561341658681,0.00391691382084233,12,0.5,305,26631837
52081,0.053067017615327144,0.004245345258751819,0.003916700280580116,12,0.5,305,26634887
52091,0.05306426241865485,0.004245116117109685,0.003916487066115186,12,0.5,305,26637937
52101,0.053061376756778904,0.004244881341199602,0.003916273935692719,12,0.5,305,26640987
52111,0.053058366149200085,0.004244649223128259,0.0039160605702287035,12,0.5,305,26644037
52121,0.05305544331156622,0.004244418016747221,0.0039158471829373,12,0.5,305,26647087
52131,0.05305258639235788,0.00424418379645398,0.0039156339244851915,12,0.5,305,26650137
52141,0.05304956642691712,0.004243938714893548,0.0039154202694383295,12,0.5,305,26653187
52151,0.05304653609405985,0.004243705012438112,0.003915206719804321,12,0.5,305,26656237
52161,0.053043713352400115,0.004243476580633727,0.003914993558375644,12,0.5,305,26659287
52171,0.05304073853341117,0.004243225088114267,0.003914779949309859,12,0.5,305,26662337
52181,0.0530378023596375,0.004243006758545942,0.003914566834426749,12,0.5,305,26665387
52191,0.053035013732853166,0.0042427788787470855,0.003914353903945477,12,0.5,305,26668437
52201,0.05303199141759267,0.004242530127806587,0.0039141409434303226,12,0.5,305,26671487
52211,0.05302911118450356,0.004242304940413358,0.003913927862764644,12,0.5,305,26674537
52221,0.05302636207535496,0.004242085450985427,0.003913715071095745,12,0.5,305,26677587
52231,0.05302357531009073,0.004241870786009126,0.003913502146254112,12,0.5,305,26680637
52241,0.053020963129368444,0.004241655719332925,0.003913289654657291,12,0.5,305,26683687
52251,0.05301803578356983,0.0042414163123355095,0.003913076480015867,12,0.5,305,26686737
52261,0.05301522317355324,0.004241197400370943,0.00391286303502665,12,0.5,306,26689794
52271,0.05301228049199942,0.004240953722426612,0.0039126494783901814,12,0.5,306,26692854
52281,0.05300939269546157,0.004240726183767257,0.003912435713760427,12,0.5,306,26695914
52291,0.05300644014153067,0.004240493028478998,0.003912221880144071,12,0.5,306,26698974
52301,0.053003721849581936,0.004240280352389413,0.003912008157933934,12,0.5,306,26702034
52311,0.053001107259929216,0.0042400677093156975,0.003911794718176623,12,0.5,306,26705094
52321,0.05299831373217651,0.004239846404243494,0.003911581337374226,12,0.5,306,26708154
52331,0.05299555326149214,0.004239623396210461,0.0039113679637695934,12,0.5,306,26711214
52341,0.052992798668537136,0.004239397382236275,0.0039111548504952845,12,0.5,306,26714274
52351,0.05298972947661194,0.004239151851635122,0.003910940985036321,12,0.5,306,26717334
52361,0.05298689978900972,0.004238930260039943,0.003910727843618121,12,0.5,306,26720394
52371,0.052983929391899665,0.004238695238339829,0.0039105144567802425,12,0.5,306,26723454
52381,0.052981030086423415,0.004238456348196285,0.003910301312865588,12,0.5,306,26726514
52391,0.05297800099974956,0.004238223578988676,0.003910088238803342,12,0.5,306,26729574
52401,0.05297514611495333,0.004237982600330015,0.003909875258737772,12,0.5,306,26732634
52411,0.05297193900829596,0.004237729509862625,0.003909662016603596,12,0.5,306,26735694
52421,0.052968954931145694,0.004237495996185839,0.003909448656684508,12,0.5,306,26738754
52431,0.052966096130813815,0.00423725948483558,0.003909235686078411,12,0.5,306,26741814
52441,0.052962993760880414,0.004237021712785194,0.0039090226853868435,12,0.5,306,26744874
52451,0.05296009800009043,0.004236788319815628,0.003908809691950041,12,0.5,306,26747934
52461,0.05295715935824337,0.004236548461080111,0.003908596351448118,12,0.5,306,26750994
52471,0.052954221221104436,0.004236320785983479,0.003908383661864343,12,0.5,306,26754054
52481,0.05295155998632864,0.00423610181995918,0.003908171127069662,12,0.5,306,26757114
52491,0.05294868241627358,0.004235869450779567,0.003907958444640142,12,0.5,306,26760174
52501,0.05294571322814136,0.004235631486680766,0.003907745273873561,12,0.5,306,26763234
52511,0.05294269038730086,0.004235393997297612,0.003907532454205216,12,0.5,306,26766294
52521,0.05293993345894519,0.004235173446451826,0.003907319646986295,12,0.5,306,26769354
52531,0.05293706867424635,0.004234947732794512,0.003907107084579225,12,0.5,306,26772414
52541,0.05293398780629962,0.00423469130488501,0.003906893971797793,12,0.5,306,26775474
52551,0.05293104282056338,0.004234463505543269,0.0039066816009606905,12,0.5,306,26778534
52561,0.052928271532553375,0.004234243970594331,0.003906469124627683,12,0.5,306,26781594
52571,0.05292534917634835,0.004234001960074793,0.0039062561895299875,12,0.5,306,26784654
52581,0.052922578810982536,0.0042337902900951895,0.0039060439059460487,12,0.5,306,26787714
52591,0.052920160519160056,0.004233589904740493,0.0039058318000227865,12,0.5,306,26790774
52601,0.052917358541716614,0.0042333644522195,0.0039056197194178646,12,0.5,306,26793834
52611,0.0529143136700147,0.004233120434181576,0.0039054073977720038,12,0.5,306,26796894
52621,0.05291154509233867,0.004232893761401969,0.0039051951111316505,12,0.5,306,26799954
52631,0.05290870668433641,0.0042326731808426,0.003904982960888108,12,0.5,306,26803014
52641,0.05290606873916525,0.004232458689563389,0.0039047711469154065,12,0.5,306,26806074
52651,0.05290311234600046,0.00423222131808099,0.0039045592319746753,12,0.5,306,26809134
52661,0.05290022670772517,0.004231994794298713,0.003904347096100349,12,0.5,306,26812194
52671,0.052897206495958624,0.004231756638967645,0.0039041345151340206,12,0.5,306,26815254
52681,0.05289461353788444,0.004231535377548794,0.0039039225689101193,12,0.5,306,26818314
52691,0.05289135669185161,0.004231287797367928,0.003903710058903026,12,0.5,306,26821374
52701,0.052888348846573785,0.004231039830063209,0.003903497623064981,12,0.5,306,26824434
52711,0.05288538472003809,0.0042308048642363495,0.003903285255965785,12,0.5,306,26827494
52721,0.05288246428961307,0.004230578143233716,0.003903073260084964,12,0.5,306,26830554
52731,0.05287952816789834,0.004230338507635671,0.0039028611527831066,12,0.5,306,26833614
52741,0.05287666269749534,0.004230117475657092,0.003902649404829039,12,0.5,306,26836674
52751,0.05287381389274261,0.00422987748922882,0.0039024376679304544,12,0.5,306,26839734
52761,0.05287071204158203,0.0042296349558453425,0.0039022255520307805,12,0.5,306,26842794
52771,0.05286806377624926,0.0042294149005271935,0.0039020135768940765,12,0.5,306,26845854
52781,0.052864795811193,0.0042291582141105,0.0039018015029385258,12,0.5,306,26848914
52791,0.052862245507267806,0.004228961094427311,0.00390159018768255,12,0.5,306,26851974
52801,0.05285929129728731,0.004228717429974439,0.0039013780747390613,12,0.5,306,26855034
52811,0.052856413051420734,0.004228485018900899,0.0039011665848376962,12,0.5,306,26858094
52821,0.05285333591320877,0.004228241008270895,0.003900954616218875,12,0.5,306,26861154
52831,0.05285045328335684,0.004228009109241211,0.0039007427456546687,12,0.5,306,26864214
52841,0.05284763578100429,0.0042277901775197545,0.0039005314792129766,12,0.5,306,26867274
52851,0.052844786428435916,0.004227566972251137,0.0039003197009263805,12,0.5,306,26870334
52861,0.05284201294086671,0.004227335187632583,0.003900108043221309,12,0.5,306,26873394
52871,0.05283907838159835,0.004227102580915131,0.0038998963378237134,12,0.5,306,26876454
52881,0.0528363542698919,0.0042268872396480865,0.0038996852578056726,12,0.5,306,26879514
52891,0.052833447594599785,0.004226653417492972,0.0038994736640850327,12,0.5,306,26882574
52901,0.05283051988883295,0.004226416621868702,0.003899262121068207,12,0.5,306,26885634
52911,0.05282775947929075,0.004226200527887876,0.0038990508504243115,12,0.5,306,26888694
52921,0.05282470901971538,0.004225947026958488,0.00389883958059945,12,0.5,306,26891754
52931,0.05282180970560444,0.004225723692481616,0.0038986283965927685,12,0.5,306,26894814
52941,0.05281906146004565,0.004225504266444957,0.003898417374747142,12,0.5,306,26897874
52951,0.05281620611996191,0.004225271971434177,0.003898206124721228,12,0.5,306,26900934
52961,0.05281318460436059,0.0042250371355559025,0.003897994789714146,12,0.5,306,26903994
52971,0.05281021737321136,0.004224795890221014,0.003897783835462612,12,0.5,306,26907054
52981,0.05280753548332533,0.004224584781788023,0.0038975729436508213,12,0.5,306,26910114
52991,0.05280464983227794,0.004224356941712531,0.003897362032666276,12,0.5,306,26913174
53001,0.052801796903065225,0.0042241235525513725,0.003897150784107022,12,0.5,306,26916234
53011,0.05279879405239703,0.004223879460742299,0.003896939542205992,12,0.5,306,26919294
53021,0.05279593136147641,0.00422364959025035,0.0038967290499921366,12,0.5,306,26922354
53031,0.052793031564161,0.004223414603818259,0.0038965180601193005,12,0.5,306,26925414
53041,0.052790325531444526,0.004223201561524412,0.0038963072974845365,12,0.5,306,26928474
53051,0.052787373009435895,0.004222960211057264,0.0038960963145340363,12,0.5,306,26931534
53061,0.052784496134304366,0.004222733930099869,0.003895885439314866,12,0.5,306,26934594
53071,0.05278165730613183,0.004222516272075281,0.0038956747776015253,12,0.5,306,26937654
53081,0.05277897990323622,0.004222294356752749,0.003895464265559012,12,0.5,306,26940714
53091,0.05277605080173874,0.00422206174927481,0.0038952534379391892,12,0.5,306,26943774
53101,0.052773401095847425,0.004221850205333315,0.0038950433723017644,12,0.5,306,26946834
53111,0.05277076252678287,0.004221634833246126,0.003894832963181031,12,0.5,306,26949894
53121,0.05276778658227618,0.0042214019092949775,0.0038946224759779605,12,0.5,306,26952954
53131,0.05276504166708986,0.004221174171303286,0.0038944120610173868,12,0.5,306,26956014
53141,0.052762238235420325,0.0042209507591234935,0.003894201486489779,12,0.5,306,26959074
53151,0.05275929057326106,0.004220719666806527,0.003893990478355523,12,0.5,306,26962134
53161,0.052756321988841726,0.00422047746921903,0.003893779955346024,12,0.5,306,26965194
53171,0.05275346106287641,0.004220249028448869,0.0038935693109143775,12,0.5,306,26968254
53181,0.05275047742518536,0.0042200141986662955,0.003893358986414304,12,0.5,306,26971314
53191,0.052747660322254086,0.00421978583550533,0.0038931486188806316,12,0.5,306,26974374
53201,0.052744774078172754,0.004219559223959577,0.0038929383587605285,12,0.5,306,26977434
53211,0.05274193650405752,0.004219326226040176,0.0038927277742336268,12,0.5,306,26980494
53221,0.05273895488350253,0.00421909626531289,0.003892517601308814,12,0.5,306,26983554
53231,0.052736305586745864,0.004218878330901059,0.003892307534266887,12,0.5,306,26986614
53241,0.052733415914631536,0.004218652298231907,0.0038920973441446943,12,0.5,306,26989674
53251,0.05273060698104943,0.004218418599325243,0.0038918868766929693,12,0.5,306,26992734
53261,0.05272790549145,0.004218216178270105,0.0038916768745352616,12,0.5,306,26995794
53271,0.05272538627041723,0.004218007797306798,0.0038914668056140023,12,0.5,306,26998854
53281,0.05272270699834767,0.004217797737051855,0.0038912569789036483,12,0.5,306,27001914
53291,0.052719792899496624,0.004217556058088428,0.003891046636928717,12,0.5,306,27004974
53301,0.05271687395358895,0.0042173336657702265,0.0038908368003864272,12,0.5,306,27008034
53311,0.05271414257275831,0.00421711173732194,0.003890626987601535,12,0.5,306,27011094
53321,0.05271147575666913,0.004216891127531917,0.0038904171511632175,12,0.5,306,27014154
53331,0.05270855289295516,0.004216662859663562,0.0038902074123874156,12,0.5,306,27017214
53341,0.05270564121503157,0.004216426510216223,0.0038899973234751647,12,0.5,306,27020274
53351,0.05270253241324886,0.004216183792531144,0.003889787150636537,12,0.5,306,27023334
53361,0.05269978731113973,0.004215962478543037,0.003889577570671288,12,0.5,306,27026394
53371,0.052697085366642964,0.0042157484619622185,0.0038893680871556085,12,0.5,306,27029454
53381,0.052694346481187954,0.004215527218699817,0.003889158407647654,12,0.5,306,27032514
53391,0.052691677426190166,0.004215310708455106,0.003888949041852101,12,0.5,306,27035574
53401,0.05268881132716412,0.004215079289808634,0.003888739794656137,12,0.5,306,27038634
53411,0.05268599906970185,0.004214854740308779,0.003888530120313424,12,0.5,306,27041694
53421,0.05268328864270744,0.004214640897742154,0.003888320923303646,12,0.5,306,27044754
53431,0.052680653326434804,0.004214430929340745,0.0038881112286281196,12,0.5,306,27047814
53441,0.052677789083125474,0.004214193260287204,0.003887902104962572,12,0.5,306,27050874
53451,0.05267483467058839,0.004213961178311553,0.0038876927498490595,12,0.5,306,27053934
53461,0.052671966074907095,0.004213727856359984,0.003887483067747048,12,0.5,306,27056994
53471,0.052669135277097684,0.004213511205605963,0.003887273822881607,12,0.5,306,27060054
53481,0.05266627297178272,0.00421327497617271,0.0038870643948890862,12,0.5,306,27063114
53491,0.05266364561818792,0.0042130647920330475,0.0038868551110297525,12,0.5,306,27066174
53501,0.05266084817247375,0.00421284398443306,0.003886646117044791,12,0.5,306,27069234
53511,0.05265825361975734,0.00421264366876385,0.0038864374427543653,12,0.5,306,27072294
53521,0.05265565946270896,0.004212427616617221,0.003886228765585527,12,0.5,306,27075354
53531,0.052652831376754784,0.004212197113590213,0.00388601915982149,12,0.5,306,27078414
53541,0.05264972155766966,0.0042119564265966705,0.003885810028694408,12,0.5,306,27081474
53551,0.05264687316414515,0.004211720040994507,0.0038856008473949787,12,0.5,306,27084534
53561,0.052643849597326695,0.0042114883803622575,0.003885391902533148,12,0.5,306,27087594
53571,0.05264092768174994,0.004211249947378593,0.00388518258004672,12,0.5,306,27090654
53581,0.05263807011881056,0.0042110256030710915,0.003884973501357561,12,0.5,306,27093714
53591,0.052635165156019556,0.004210791081502278,0.0038847648098010493,12,0.5,306,27096774
53601,0.052632510688112574,0.004210580855155405,0.0038845563683791444,12,0.5,306,27099834
53611,0.0526298140879765,0.004210366406694012,0.003884347573190464,12,0.5,306,27102894
53621,0.052627070058284424,0.004210148163512793,0.0038841386613359947,12,0.5,306,27105954
53631,0.05262429988844336,0.004209912517218162,0.003883929967063423,12,0.5,306,27109014
53641,0.052621243123188166,0.004209679888456908,0.003883721028010869,12,0.5,306,27112074
53651,0.0526185961427829,0.004209466857535346,0.0038835126013247127,12,0.5,306,27115134
53661,0.05261595488848697,0.004209253859981601,0.003883303825997478,12,0.5,306,27118194
53671,0.0526132609130767,0.00420903537021383,0.0038830955188100306,12,0.5,306,27121254
53681,0.05261047174350676,0.004208814790676302,0.0038828868372085567,12,0.5,306,27124314
53691,0.052607741457058786,0.004208591272584427,0.003882678044724213,12,0.5,306,27127374
53701,0.052605107199553046,0.00420838690892388,0.003882469642258369,12,0.5,306,27130434
53711,0.05260246804056014,0.004208177903443676,0.00388226143984795,12,0.5,306,27133494
53721,0.052599489522482015,0.004207940050122984,0.003882052919661309,12,0.5,306,27136554
53731,0.052596856543790364,0.0042077204974808316,0.003881843918155327,12,0.5,306,27139614
53741,0.052593932080041324,0.0042074878188826745,0.0038816356001340566,12,0.5,306,27142674
53751,0.05259097097631706,0.0042072534821623745,0.0038814268396629506,12,0.5,306,27145734
53761,0.0525879838623702,0.004207007726728412,0.003881218262720377,12,0.5,306,27148794
53771,0.05258488588343068,0.004206766683396697,0.003881009886019511,12,0.5,306,27151854
53781,0.05258195817606112,0.004206533743759969,0.0038808019508420805,12,0.5,306,27154914
53791,0.05257876055057973,0.004206278786397897,0.0038805934856183614,12,0.5,306,27157974
53801,0.05257589751620661,0.0042060429616130246,0.003880385434721648,12,0.5,306,27161034
53811,0.052573114473183837,0.004205825835414761,0.0038801773791685354,12,0.5,306,27164094
53821,0.05257029478805569,0.004205596872717997,0.0038799690447911326,12,0.5,306,27167154
53831,0.05256739078977969,0.004205368796397413,0.0038797610212617773,12,0.5,306,27170214
53841,0.0525646038423998,0.004205150930245871,0.0038795531568782994,12,0.5,306,27173274
53851,0.05256199745385304,0.004204934794079343,0.00387934520584769,12,0.5,306,27176334
53861,0.05255926435415978,0.00420471996338375,0.003879137456775189,12,0.5,306,27179394
53871,0.05255658464868478,0.004204501354007547,0.003878929601201382,12,0.5,306,27182454
53881,0.05255417009850657,0.004204311582150104,0.003878722258081956,12,0.5,306,27185514
53891,0.05255130591301651,0.004204082874523451,0.00387851437361878,12,0.5,306,27188574
53901,0.05254845808939385,0.004203846160340842,0.0038783065966465405,12,0.5,306,27191634
53911,0.05254563191153872,0.004203630231690147,0.0038780992508161195,12,0.5,306,27194694
53921,0.05254277974843537,0.004203396982648967,0.0038778912328983534,12,0.5,306,27197754
53931,0.052539848710957536,0.0042031667361431815,0.0038776832426059005,12,0.5,306,27200814
53941,0.05253684412935883,0.004202924257680346,0.0038774752043864245,12,0.5,306,27203874
53951,0.05253415209521281,0.004202711860123937,0.003877267318961705,12,0.5,306,27206934
53961,0.052531386461640066,0.0042024910357480166,0.0038770594277161723,12,0.5,306,27209994
53971,0.052528478537713884,0.004202260519883725,0.003876851630008721,12,0.5,306,27213054
53981,0.052525713828563955,0.004202033003159271,0.0038766442087299225,12,0.5,306,27216114
53991,0.05252288615041634,0.004201812289174335,0.0038764368237009413,12,0.5,306,27219174
54001,0.05252021746593866,0.004201592879234763,0.003876229236044551,12,0.5,306,27222234
54011,0.052517274472968486,0.0042013599799383,0.0038760216062248276,12,0.5,306,27225294
54021,0.05251436368410985,0.0042011250077218995,0.0038758139777324992,12,0.5,306,27228354
54031,0.05251158542959106,0.0042008997937652255,0.003875606521449028,12,0.5,306,27231414
54041,0.05250880234945619,0.004200688980046827,0.003875399105997984,12,0.5,306,27234474
54051,0.0525061358793903,0.004200472285850905,0.0038751917578969644,12,0.5,306,27237534
54061,0.052503411760702355,0.004200249291698437,0.00387498452756184,12,0.5,306,27240594
54071,0.05250060363122455,0.004200021689629057,0.0038747768995509076,12,0.5,306,27243654
54081,0.0524977695809974,0.004199800880327049,0.003874569738395947,12,0.5,306,27246714
54091,0.052494788270257615,0.004199561112837829,0.0038743621370876495,12,0.5,306,27249774
54101,0.052491997394152945,0.004199333626176953,0.0038741548092700528,12,0.5,306,27252834
54111,0.05248871645997915,0.004199070312633166,0.003873946977448913,12,0.5,306,27255894
54121,0.05248582638797078,0.0041988454394491625,0.0038737399944368013,12,0.5,306,27258954
54131,0.052483131892337755,0.004198631992079535,0.0038735331787440445,12,0.5,306,27262014
54141,0.05248008989432561,0.004198387792120773,0.003873325806800574,12,0.5,306,27265074
54151,0.05247734360241443,0.004198171886813289,0.003873118876275358,12,0.5,306,27268134
54161,0.05247461883498966,0.004197946740937402,0.003872911882711091,12,0.5,306,27271194
54171,0.05247197354173932,0.0041977376501563584,0.0038727049087343268,12,0.5,306,27274254
54181,0.05246928651508892,0.0041975222697768445,0.0038724979839399563,12,0.5,306,27277314
54191,0.05246654197273518,0.004197299338645886,0.003872290936650138,12,0.5,306,27280374
54201,0.052463576680802364,0.004197067596554395,0.0038720841113640252,12,0.5,306,27283434
54211,0.052460785672174645,0.0041968451614047995,0.003871877524564251,12,0.5,306,27286494
54221,0.05245804250596192,0.004196620656869317,0.0038716703861102525,12,0.5,306,27289554
54231,0.05245515239471083,0.004196387346336587,0.003871463542679228,12,0.5,306,27292614
54241,0.0524522101466475,0.004196152812862976,0.0038712561746200515,12,0.5,306,27295674
54251,0.05244962623207318,0.004195942735641765,0.003871049799371876,12,0.5,306,27298734
54261,0.05244684278130442,0.004195730586482513,0.003870843604036713,12,0.5,306,27301794
54271,0.05244426494556973,0.0041955214163511044,0.003870637298685429,12,0.5,306,27304854
54281,0.052441208877091264,0.004195273568388036,0.0038704303507544583,12,0.5,306,27307914
54291,0.05243838999808764,0.004195053110159847,0.0038702240968654187,12,0.5,306,27310974
54301,0.05243588180053861,0.004194844885799809,0.003870017773052639,12,0.5,306,27314034
54311,0.05243317946243846,0.004194634170082024,0.0038698113897011606,12,0.5,306,27317094
54321,0.05243052486134662,0.004194419702701577,0.0038696198728673937,11,0.4583333333333333,281,27319929
54331,0.05242792848574306,0.004194213677776588,0.0038694371790209572,10,0.4166666666666667,255,27322635
54341,0.052425726608640345,0.004194037950658978,0.0038692654533766715,10,0.4166666666666667,255,27325185
54351,0.05242363009913489,0.004193872334000422,0.0038691069052750725,9,0.375,230,27327535
54361,0.052421434034177684,0.00419369833221511,0.003868951939147474,9,0.375,230,27329835
54371,0.05241939058359405,0.004193533177281291,0.0038687969123141794,9,0.375,230,27332135
54381,0.052417373640265504,0.0041933705634699765,0.003868648966664384,8,0.3333333333333333,204,27334331
54391,0.052415630018301726,0.004193234856808459,0.003868511484192026,8,0.3333333333333333,204,27336371
54401,0.05241375529981717,0.0041930903420614495,0.003868374112804073,8,0.3333333333333333,204,27338411
54411,0.05241210130880498,0.004192954243432446,0.0038682366180089714,8,0.3333333333333333,204,27340451
54421,0.0524103004801043,0.004192813538548544,0.003868099133535653,8,0.3333333333333333,204,27342491
54431,0.052408662574855575,0.004192677047777604,0.0038679619746648055,8,0.3333333333333333,204,27344531
54441,0.052406841116332335,0.004192535111965183,0.0038678246832967865,8,0.3333333333333333,204,27346571
54451,0.052405046095340364,0.00419239067185332,0.003867687191658822,8,0.3333333333333333,204,27348611
54461,0.05240331423794837,0.004192253384050118,0.003867549933104023,8,0.3333333333333333,204,27350651
54471,0.0524014776130869,0.004192104776243289,0.0038674125124471327,8,0.3333333333333333,204,27352691
54481,0.05239970939400016,0.00419196080174662,0.0038672748394837073,8,0.3333333333333333,205,27354735
54491,0.052398062020762595,0.00419183488907837,0.0038671373036809884,8,0.3333333333333333,205,27356785
54501,0.052396178755419034,0.004191679193268561,0.0038669993329166707,8,0.3333333333333333,205,27358835
54511,0.052394185555173695,0.0041915222565804605,0.003866861103144159,8,0.3333333333333333,205,27360885
54521,0.052392376142426235,0.004191377085358698,0.0038667233279854186,8,0.3333333333333333,205,27362935
54531,0.05239058265460336,0.004191230251690689,0.0038665854216786873,8,0.3333333333333333,205,27364985
54541,0.05238869497798291,0.004191080078296468,0.003866447379015679,8,0.3333333333333333,205,27367035
54551,0.052386718386747445,0.004190922372216719,0.003866309562375733,8,0.3333333333333333,205,27369085
54561,0.052385103730222184,0.004190796556072338,0.0038661719572136307,8,0.3333333333333333,205,27371135
54571,0.052383368670423605,0.00419066026844265,0.0038660343149621874,8,0.3333333333333333,205,27373185
54581,0.052381691440332216,0.004190522317399922,0.0038658963660174774,8,0.3333333333333333,205,27375235
54591,0.052379736628805455,0.004190363418575855,0.0038657582708971194,8,0.3333333333333333,205,27377285
54601,0.05237768772561952,0.004190200346564881,0.0038656202921693414,8,0.3333333333333333,205,27379335
54611,0.05237578052976467,0.004190052383051317,0.003865482522339234,8,0.3333333333333333,205,27381385
54621,0.05237400451595165,0.004189907369352944,0.0038653445576454118,8,0.3333333333333333,205,27383435
54631,0.052372432977786015,0.004189777037927285,0.0038652071758631256,8,0.3333333333333333,205,27385485
54641,0.052370510661259695,0.004189622835600577,0.0038650692256449234,8,0.3333333333333333,205,27387535
54651,0.05236848382291176,0.004189465299192969,0.003864931266452111,8,0.3333333333333333,205,27389585
54661,0.05236670333841891,0.004189319091647713,0.003864793434590209,8,0.3333333333333333,205,27391635
54671,0.05236492304129889,0.004189175831953623,0.0038646557331906157,8,0.3333333333333333,205,27393685
54681,0.05236301204848664,0.004189030493317385,0.003864518320345621,8,0.3333333333333333,205,27395735
54691,0.052361190261834716,0.004188883076410923,0.003864380680246969,8,0.3333333333333333,205,27397785
54701,0.05235913313520133,0.004188711389462872,0.0038642426861561687,8,0.3333333333333333,205,27399835
54711,0.05235715476086688,0.00418855437778881,0.0038641048388201025,8,0.3333333333333333,205,27401885
54721,0.052355166152160314,0.004188400314709591,0.0038639669445838278,8,0.3333333333333333,205,27403935
54731,0.052353397533503994,0.004188259245156211,0.003863829586952371,8,0.3333333333333333,205,27405985
54741,0.052351587245598886,0.004188110656636578,0.003863692097926762,8,0.3333333333333333,205,27408035
54751,0.05234959929137765,0.004187953296166663,0.003863554698918903,8,0.3333333333333333,205,27410085
54761,0.05234791494463357,0.004187820642116879,0.003863417716885826,8,0.3333333333333333,205,27412135
54771,0.052345906501978914,0.004187655365838124,0.0038632798078838374,8,0.3333333333333333,205,27414185
54781,0.05234405518019943,0.0041875101904240725,0.0038631424732094434,8,0.3333333333333333,205,27416235
54791,0.05234215177252791,0.0041873583377148565,0.0038630049366022803,8,0.3333333333333333,205,27418285
54801,0.05234006559101303,0.004187191863148686,0.00386286698572647,8,0.3333333333333333,205,27420335
54811,0.05233816785998298,0.004187040046168398,0.0038627296330939653,8,0.3333333333333333,205,27422385
54821,0.0523363121582147,0.004186889082542627,0.0038625920927828922,8,0.3333333333333333,205,27424435
54831,0.05233430509319637,0.0041867335365424925,0.0038624544468432924,8,0.3333333333333333,205,27426485
54841,0.052332758143181626,0.004186606436963214,0.0038623173266004486,8,0.3333333333333333,205,27428535
54851,0.052330929161934665,0.004186458029873549,0.003862180022507652,8,0.3333333333333333,205,27430585
54861,0.05232892796059799,0.004186298353672206,0.0038620423638616604,8,0.3333333333333333,205,27432635
54871,0.052326989685945374,0.004186150398314516,0.0038619048761797986,8,0.3333333333333333,205,27434685
54881,0.052325297142689596,0.004186008309536804,0.003861767335784043,8,0.3333333333333333,205,27436735
54891,0.05232339062255283,0.004185857878866732,0.003861630029096069,8,0.3333333333333333,205,27438785
54901,0.05232152609715639,0.00418570245141975,0.0038614924342853505,8,0.3333333333333333,205,27440835
54911,0.05231965133362542,0.004185558320962979,0.0038613553212358625,8,0.3333333333333333,205,27442885
54921,0.05231782899123967,0.004185410028847929,0.003861218001679835,8,0.3333333333333333,205,27444935
54931,0.05231568838153408,0.004185244629225728,0.0038610803382173667,8,0.3333333333333333,205,27446985
54941,0.052314153574642336,0.004185118504727976,0.003860943708218412,8,0.3333333333333333,205,27449035
54951,0.05231223265221765,0.00418497276623666,0.0038608064117335514,8,0.3333333333333333,205,27451085
54961,0.05231055202418947,0.004184822450727636,0.003860669037068401,8,0.3333333333333333,205,27453135
54971,0.052308553233929043,0.004184673821824823,0.0038605317183913724,8,0.3333333333333333,205,27455185
54981,0.05230669034465029,0.0041845181130023895,0.0038603941022225742,8,0.3333333333333333,205,27457235
54991,0.05230486418196411,0.004184374526123991,0.003860256989125776,8,0.3333333333333333,205,27459285
55001,0.05230299126582755,0.004184224694452233,0.0038601196680433003,8,0.3333333333333333,205,27461335
55011,0.05230128025929565,0.004184090319169254,0.0038599824328521774,8,0.3333333333333333,205,27463385
55021,0.052299444249893565,0.004183945943225123,0.003859845197291036,8,0.3333333333333333,205,27465435
55031,0.05229767102113228,0.004183798662271558,0.0038597082519061577,8,0.3333333333333333,205,27467485
55041,0.05229589797846443,0.004183656820434296,0.003859571147702849,8,0.3333333333333333,205,27469535
55051,0.05229419811816268,0.004183517496181186,0.003859434167210462,8,0.3333333333333333,205,27471585
55061,0.05229237330514466,0.00418337318141088,0.0038592970306211226,8,0.3333333333333333,205,27473635
55071,0.05229050177312785,0.004183226796911745,0.003859159854676738,8,0.3333333333333333,205,27475685
55081,0.05228845844292136,0.004183059579323139,0.003859022557589981,8,0.3333333333333333,205,27477735
55091,0.05228649353450957,0.004182907391774051,0.0038588851300218325,8,0.3333333333333333,205,27479785
55101,0.052284638287034835,0.004182758139538453,0.003858748332329805,8,0.3333333333333333,205,27481835
55111,0.05228265298104815,0.004182598482911387,0.0038586110994963062,8,0.3333333333333333,205,27483885
55121,0.052280772105880925,0.004182438011579024,0.003858474067574989,8,0.3333333333333333,205,27485935
55131,0.05227885497502042,0.004182296729222128,0.0038583372340305427,8,0.3333333333333333,205,27487985
55141,0.052277115158753266,0.004182153794851424,0.003858200563507084,8,0.3333333333333333,205,27490035
55151,0.052275193234780346,0.0041819979594456165,0.003858063366200334,8,0.3333333333333333,205,27492085
55161,0.052273297567416485,0.004181849640836161,0.003857926267748508,8,0.3333333333333333,205,27494135
55171,0.052271370870854914,0.004181700088839022,0.0038577893748387385,8,0.3333333333333333,205,27496185
55181,0.052269673477119506,0.004181563048760432,0.0038576523342431905,8,0.3333333333333333,205,27498235
55191,0.05226791378277683,0.0041814185261107644,0.003857515475453688,8,0.3333333333333333,205,27500285
55201,0.052266039753774064,0.004181268188985049,0.003857378651057711,8,0.3333333333333333,205,27502335
55211,0.052264254414062246,0.004181125779772381,0.0038572419836378356,8,0.3333333333333333,205,27504385
55221,0.052262391199596414,0.004180973809893247,0.0038571051390880757,8,0.3333333333333333,205,27506435
55231,0.052260616652980145,0.004180833513157404,0.003856968339789954,8,0.3333333333333333,205,27508485
55241,0.05225867059049298,0.004180675332536994,0.0038568313470573484,8,0.3333333333333333,205,27510535
55251,0.05225669873994775,0.0041805167542491,0.0038566940442253807,8,0.3333333333333333,205,27512585
55261,0.05225499761860878,0.004180381498770571,0.0038565575470028736,8,0.3333333333333333,205,27514635
55271,0.052252958579782134,0.004180220458375668,0.0038564202914437885,8,0.3333333333333333,205,27516685
55281,0.0522513306465275,0.004180093137704197,0.003856283739416827,8,0.3333333333333333,205,27518735
55291,0.05224952606056352,0.004179947940217582,0.0038561472491126392,8,0.3333333333333333,205,27520785
55301,0.0522476748702559,0.0041798002625149005,0.003856010516692174,8,0.3333333333333333,205,27522835
55311,0.05224587067507924,0.004179652600961568,0.003855873986087799,8,0.3333333333333333,205,27524885
55321,0.05224402508418436,0.004179501212641461,0.0038557371457352218,8,0.3333333333333333,205,27526935
55331,0.05224212771521695,0.004179356910456811,0.0038556006226620966,8,0.3333333333333333,205,27528985
55341,0.05224029292838654,0.004179209297379208,0.0038554635064332633,8,0.3333333333333333,205,27531035
55351,0.05223854668767422,0.0041790720940616645,0.0038553268358554496,8,0.3333333333333333,205,27533085
55361,0.05223682660934986,0.004178934488982187,0.0038551902745598376,8,0.3333333333333333,205,27535135
55371,0.052235028769261616,0.0041787902473553705,0.0038550535449240774,8,0.3333333333333333,205,27537185
55381,0.05223306487385658,0.004178627318579541,0.003854916621250192,8,0.3333333333333333,205,27539235
55391,0.05223126223985518,0.004178484356464567,0.0038547800386170613,8,0.3333333333333333,205,27541285
55401,0.05222923645452466,0.004178328943900465,0.003854643440323185,8,0.3333333333333333,205,27543335
55411,0.0522275121314655,0.00417819016812463,0.003854506854625919,8,0.3333333333333333,205,27545385
55421,0.05222562181109262,0.004178031881440196,0.003854370008193939,8,0.3333333333333333,205,27547435
55431,0.05222379401038791,0.004177888566990893,0.0038542333516480196,8,0.3333333333333333,205,27549485
55441,0.05222188853128632,0.004177733223008133,0.0038540968278343427,8,0.3333333333333333,205,27551535
55451,0.05222010785572015,0.004177589940267089,0.0038539602933576485,8,0.3333333333333333,205,27553585
55461,0.052218197602288026,0.004177443350771322,0.003853823530918149,8,0.3333333333333333,205,27555635
55471,0.0522164328864583,0.004177301759606446,0.00385368703729046,8,0.3333333333333333,205,27557685
55481,0.052214632028580385,0.004177154371096349,0.003853550557939189,8,0.3333333333333333,205,27559735
55491,0.05221281060711224,0.00417701073468577,0.003853413901690356,8,0.3333333333333333,205,27561785
55501,0.052210901179831196,0.004176859642362165,0.0038532775159386724,8,0.3333333333333333,205,27563835
55511,0.05220887265016286,0.00417669196629359,0.0038531406102208436,8,0.3333333333333333,205,27565885
55521,0.05220698960441467,0.004176540494691003,0.0038530042336722245,8,0.3333333333333333,205,27567935
55531,0.05220513788842537,0.004176394848995343,0.0038528677791145687,8,0.3333333333333333,205,27569985
55541,0.05220334342210141,0.00417625461244292,0.00385273155683993,8,0.3333333333333333,205,27572035
55551,0.052201756567621695,0.004176123931735856,0.0038525954453152247,8,0.3333333333333333,205,27574085
55561,0.052199780986899334,0.0041759692055515895,0.003852458898873571,8,0.3333333333333333,205,27576135
55571,0.05219795079974488,0.004175811179162,0.0038523225027258315,8,0.3333333333333333,205,27578185
55581,0.052196094892116685,0.004175671832666085,0.003852186361872904,8,0.3333333333333333,205,27580235
55591,0.0521943480372052,0.004175530012620569,0.0038520502599952134,8,0.3333333333333333,205,27582285
55601,0.05219232668024969,0.00417537162306154,0.0038519137640779313,8,0.3333333333333333,205,27584335
55611,0.0521905594872054,0.004175229420010018,0.0038517775399645672,8,0.3333333333333333,205,27586385
55621,0.052188854658318296,0.004175088475511454,0.0038516414601488923,8,0.3333333333333333,205,27588435
55631,0.05218691685549652,0.004174938012787004,0.003851505405653224,8,0.3333333333333333,205,27590485
55641,0.0521850155382055,0.004174787981274761,0.003851369144112427,8,0.3333333333333333,205,27592535
55651,0.05218322321199369,0.004174641695898746,0.0038512326599363465,8,0.3333333333333333,205,27594585
55661,0.052181260160037775,0.004174485482295228,0.003851096366220719,8,0.3333333333333333,205,27596635
55671,0.05217942680345228,0.004174337572564298,0.0038509598634109726,8,0.3333333333333333,205,27598685
55681,0.052177557399381756,0.004174187607832133,0.0038508236301709998,8,0.3333333333333333,205,27600735
55691,0.052175853884811954,0.00417405339939612,0.0038506872880536475,8,0.3333333333333333,205,27602785
55701,0.052173922752806835,0.004173893940687155,0.0038505509123934727,8,0.3333333333333333,205,27604835
55711,0.05217200219485231,0.004173747338149651,0.003850414521376406,8,0.3333333333333333,205,27606885
55721,0.05217009220736729,0.004173597439042847,0.0038502782327696863,8,0.3333333333333333,205,27608935
55731,0.05216817726107446,0.004173440518330824,0.0038501421356980123,8,0.3333333333333333,205,27610985
55741,0.05216636602563297,0.004173301002587539,0.0038500061064516877,8,0.3333333333333333,205,27613035
55751,0.05216454981071096,0.004173151567019672,0.0038498696901161557,8,0.3333333333333333,205,27615085
55761,0.05216280622157745,0.004173003803535664,0.003849733684465799,8,0.3333333333333333,205,27617135
55771,0.05216072656779981,0.004172841572089177,0.003849597361071684,8,0.3333333333333333,205,27619185
55781,0.05215886440909827,0.004172695083935159,0.0038494612649441137,8,0.3333333333333333,205,27621235
55791,0.05215733345498432,0.004172573022632582,0.0038493254756958376,8,0.3333333333333333,205,27623285
55801,0.052155425129255244,0.004172418703315437,0.0038491890942269837,8,0.3333333333333333,205,27625335
55811,0.052153382581040963,0.004172255301313834,0.0038490527860935713,8,0.3333333333333333,205,27627385
55821,0.05215126789962196,0.00417208281993357,0.003848916302191271,8,0.3333333333333333,205,27629435
55831,0.05214924653300166,0.004171924834776992,0.0038487802244328673,8,0.3333333333333333,205,27631485
55841,0.052147638918384746,0.004171792918952244,0.003848644424405169,8,0.3333333333333333,205,27633535
55851,0.05214573685871611,0.004171640342770681,0.0038485085322751515,8,0.3333333333333333,205,27635585
55861,0.05214400555089741,0.004171508454788587,0.0038483727014826745,8,0.3333333333333333,205,27637635
55871,0.052142398436329285,0.004171374926188706,0.0038482370506485136,8,0.3333333333333333,205,27639685
55881,0.052140610636944404,0.004171230664026587,0.003848101420057861,8,0.3333333333333333,205,27641735
55891,0.052138544053303926,0.004171069472430868,0.003847965288041958,8,0.3333333333333333,205,27643785
55901,0.052136834147040366,0.004170932268111182,0.0038478296170867954,8,0.3333333333333333,205,27645835
55911,0.05213511924925681,0.004170793424950456,0.0038476939344726058,8,0.3333333333333333,205,27647885
55921,0.05213316179321473,0.004170637243494365,0.0038475579455926594,8,0.3333333333333333,205,27649935
55931,0.0521312613675545,0.0041704835587825,0.003847422106226498,8,0.3333333333333333,205,27651985
55941,0.05212936115632137,0.004170329891599369,0.0038472860796312093,8,0.3333333333333333,205,27654035
55951,0.05212738371849794,0.004170176654954844,0.0038471501597808783,8,0.3333333333333333,205,27656085
55961,0.05212565429613304,0.004170042432322807,0.003847014732905141,8,0.3333333333333333,205,27658135
55971,0.052123806333609836,0.004169890467146686,0.003846878761031732,8,0.3333333333333333,205,27660185
55981,0.05212218566190189,0.004169753382837066,0.003846743192526213,8,0.3333333333333333,205,27662235
55991,0.052120369043377066,0.004169617963843653,0.003846607484958351,8,0.3333333333333333,205,27664285
56001,0.05211873838231877,0.0041694883376828095,0.003846471881147806,8,0.3333333333333333,205,27666335
56011,0.05211675703205165,0.0041693298309244025,0.003846336112738927,8,0.3333333333333333,205,27668385
56021,0.05211480170922364,0.004169169279292794,0.00384620015137039,8,0.3333333333333333,205,27670435
56031,0.052112965253962126,0.0041690248404518265,0.0038460643232533973,8,0.3333333333333333,205,27672485
56041,0.05211102068685109,0.0041688622621166745,0.0038459282114600593,8,0.3333333333333333,205,27674535
56051,0.052109117601255917,0.004168717031064477,0.0038457924553977393,8,0.3333333333333333,205,27676585
56061,0.052107230200403996,0.004168565215344774,0.0038456570102658517,8,0.3333333333333333,205,27678635
56071,0.05210567299619121,0.0041684414651917195,0.0038455216855539393,8,0.3333333333333333,205,27680685
56081,0.05210366225022187,0.004168276070244757,0.0038453856470110227,8,0.3333333333333333,205,27682735
56091,0.05210177030604983,0.004168124304227085,0.003845249726387428,8,0.3333333333333333,205,27684785
56101,0.05209995588907548,0.004167979152736143,0.0038451142599770977,8,0.3333333333333333,205,27686835
56111,0.05209822928182963,0.004167840613635394,0.0038449788583623315,8,0.3333333333333333,205,27688885
56121,0.052096384327166456,0.004167697141735474,0.0038448435730632576,8,0.3333333333333333,205,27690935
56131,0.05209433862229369,0.00416752854056628,0.00384470758104956,8,0.3333333333333333,205,27692985
56141,0.052092277710156856,0.004167365730625897,0.0038445719512635057,8,0.3333333333333333,205,27695035
56151,0.0520905827990695,0.0041672268425182275,0.0038444366663764836,8,0.3333333333333333,205,27697085
56161,0.052088625363436745,0.004167076018844503,0.0038443011243704753,8,0.3333333333333333,205,27699135
56171,0.05208665785498157,0.004166920267868255,0.003844165125356588,8,0.3333333333333333,205,27701185
56181,0.05208490171322051,0.0041667781299272,0.003844029498105479,8,0.3333333333333333,205,27703235
56191,0.05208314060555825,0.004166635595064558,0.0038438941833778694,8,0.3333333333333333,205,27705285
56201,0.05208105532169127,0.004166466303031709,0.003843758028863411,8,0.3333333333333333,205,27707335
56211,0.052079289468572466,0.0041663291550267595,0.0038436226568588886,8,0.3333333333333333,205,27709385
56221,0.052077528948223886,0.004166184608742983,0.0038434875010005965,8,0.3333333333333333,205,27711435
56231,0.05207579434666575,0.004166045842443925,0.003843352267005509,8,0.3333333333333333,205,27713485
56241,0.05207397758190514,0.004165905855334312,0.003843217034565335,8,0.3333333333333333,205,27715535
56251,0.052071986056734854,0.0041657432415336745,0.0038430814164753333,8,0.3333333333333333,205,27717585
56261,0.05207026746226579,0.004165603697507881,0.0038429463432291325,8,0.3333333333333333,205,27719635
56271,0.05206837926898613,0.0041654559365702105,0.003842811040615309,8,0.3333333333333333,205,27721685
56281,0.052066372974336195,0.0041652929656064985,0.0038426754611330977,8,0.3333333333333333,205,27723735
56291,0.05206451607895107,0.004165150176465437,0.0038425403838715697,8,0.3333333333333333,205,27725785
56301,0.052062849677026554,0.0041650139853808155,0.0038424051857201395,8,0.3333333333333333,205,27727835
56311,0.05206106002180422,0.004164865466407311,0.0038422696644333184,8,0.3333333333333333,205,27729885
56321,0.052059131727169874,0.00416471326175503,0.003842134315676527,8,0.3333333333333333,205,27731935
56331,0.05205721907731371,0.004164566009857882,0.003841999060874941,8,0.3333333333333333,205,27733985
56341,0.052055630509336044,0.004164432345414903,0.003841864124342877,8,0.3333333333333333,205,27736035
56351,0.05205373881830784,0.004164288413941793,0.003841729005074022,8,0.3333333333333333,205,27738085
56361,0.05205191415495587,0.004164138741543282,0.0038415937581219115,8,0.3333333333333333,205,27740135
56371,0.052050069133347754,0.004163995252599057,0.003841458743223156,8,0.3333333333333333,205,27742185
56381,0.05204817292933766,0.004163840679916576,0.003841323336374972,8,0.3333333333333333,205,27744235
56391,0.05204635400774632,0.0041636877691020105,0.0038411880117535796,8,0.3333333333333333,205,27746285
56401,0.05204459693137272,0.004163555013863364,0.0038410529150931932,8,0.3333333333333333,205,27748335
56411,0.052042834901759386,0.004163407888689899,0.0038409178440736106,8,0.3333333333333333,205,27750385
56421,0.05204097546727942,0.0041632620122988954,0.0038407825600176916,8,0.3333333333333333,205,27752435
56431,0.052039100831316826,0.0041631103998044415,0.003840647591248057,8,0.3333333333333333,205,27754485
56441,0.05203735991828007,0.004162974004251845,0.0038405125407787303,8,0.3333333333333333,205,27756535
56451,0.052035485685424654,0.004162824478035585,0.003840377246738608,8,0.3333333333333333,205,27758585
56461,0.05203367326993318,0.0041626803077848724,0.0038402421824122457,8,0.3333333333333333,205,27760635
56471,0.052031840515881264,0.0041625320462407795,0.0038401072506921174,8,0.3333333333333333,205,27762685
56481,0.05202973591879585,0.004162363269753676,0.003839971824703653,8,0.3333333333333333,205,27764735
56491,0.05202793951999748,0.004162215043158888,0.0038398368226423792,8,0.3333333333333333,205,27766785
56501,0.05202602528344729,0.004162068475031641,0.00383970172790144,8,0.3333333333333333,205,27768835
56511,0.05202422415001671,0.004161922333367467,0.0038395666912974086,8,0.3333333333333333,205,27770885
56521,0.05202247451576166,0.004161779901581607,0.0038394319126951195,8,0.3333333333333333,205,27772935
56531,0.05202055064144344,0.004161625583305974,0.0038392970800866723,8,0.3333333333333333,205,27774985
56541,0.052018637246246835,0.004161479079419564,0.0038391619962413743,8,0.3333333333333333,205,27777035
56551,0.05201680100210714,0.0041613305399583154,0.0038390270461128857,8,0.3333333333333333,205,27779085
56561,0.05201498034360168,0.004161179555337929,0.003838891822185652,8,0.3333333333333333,205,27781135
56571,0.05201313937122418,0.004161036381784585,0.003838756868094971,8,0.3333333333333333,205,27783185
56581,0.05201140114511916,0.004160898555749758,0.0038386221105466255,8,0.3333333333333333,205,27785235
56591,0.052009616958442306,0.00416075828304682,0.00383848724804098,8,0.3333333333333333,205,27787285
56601,0.052007750942899146,0.004160608182859084,0.0038383523973481493,8,0.3333333333333333,205,27789335
56611,0.0520059876461394,0.004160460969722423,0.0038382175395258004,8,0.3333333333333333,205,27791385
56621,0.052004270659988944,0.00416032279267421,0.0038380828360298365,8,0.3333333333333333,205,27793435
56631,0.05200240011361374,0.004160177250612159,0.00383794789920197,8,0.3333333333333333,205,27795485
56641,0.05200042217332934,0.00416001860721983,0.00383781293092245,8,0.3333333333333333,205,27797535
56651,0.05199856742537917,0.0041598722783688135,0.0038376780210187048,8,0.3333333333333333,205,27799585
56661,0.05199671800495782,0.004159724735996373,0.003837543241024821,8,0.3333333333333333,205,27801635
56671,0.051994797077453,0.004159570243707867,0.003837408256584031,8,0.3333333333333333,205,27803685
56681,0.051992978801807484,0.004159426012298392,0.0038372734731502776,8,0.3333333333333333,205,27805735
56691,0.051991380930498085,0.004159294086895601,0.0038371389408588456,8,0.3333333333333333,205,27807785
56701,0.0519896807984635,0.004159160535861633,0.003837004665748322,8,0.3333333333333333,205,27809835
56711,0.051987944997829966,0.0041590216732503345,0.0038368699653274947,8,0.3333333333333333,205,27811885
56721,0.051986127463781374,0.0041588762720335,0.0038367353168355382,8,0.3333333333333333,205,27813935
56731,0.05198418215231601,0.0041587190106849746,0.0038366003467011074,8,0.3333333333333333,205,27815985
56741,0.05198221659276649,0.00415856217720519,0.0038364654004660052,8,0.3333333333333333,205,27818035
56751,0.051980578802195976,0.004158430336591179,0.0038363308973806986,8,0.3333333333333333,205,27820085
56761,0.051978654602363665,0.004158282543086686,0.0038361961720701954,8,0.3333333333333333,205,27822135
56771,0.051976991575363625,0.004158145408533647,0.0038360615914281152,8,0.3333333333333333,205,27824185
56781,0.051975200807388225,0.004157999283536577,0.0038359272200678674,8,0.3333333333333333,205,27826235
56791,0.051973456271396296,0.00415786545189794,0.0038357925800165046,8,0.3333333333333333,205,27828285
56801,0.05197157892342428,0.0041577132192725675,0.0038356579613161856,8,0.3333333333333333,205,27830335
56811,0.05196971712894659,0.004157563049690124,0.0038355233024978852,8,0.3333333333333333,205,27832385
56821,0.051967809515244275,0.0041574088057737485,0.0038353887664150893,8,0.3333333333333333,205,27834435
56831,0.05196586121132677,0.00415725171612018,0.003835253928849545,8,0.3333333333333333,205,27836485
56841,0.05196407674288134,0.004157112232636578,0.0038351193803419456,8,0.3333333333333333,205,27838535
56851,0.051962318025496015,0.0041569719456810775,0.0038349848703324086,8,0.3333333333333333,205,27840585
56861,0.05196053904537219,0.004156828810831304,0.0038348503505391245,8,0.3333333333333333,205,27842635
56871,0.05195881136583328,0.004156690189048472,0.0038347161367255516,8,0.3333333333333333,205,27844685
56881,0.05195709919617271,0.0041565479019245455,0.003834581561596481,8,0.3333333333333333,205,27846735
56891,0.05195519812583435,0.004156397862583348,0.00383444697584007,8,0.3333333333333333,205,27848785
56901,0.05195344544799259,0.004156260102802567,0.003834312674180083,8,0.3333333333333333,205,27850835
56911,0.05195137108624121,0.004156092112227455,0.0038341781587961804,8,0.3333333333333333,205,27852885
56921,0.051949516639968475,0.004155947845128325,0.003834043684948578,8,0.3333333333333333,205,27854935
56931,0.05194780031031348,0.004155808497012031,0.0038339091564089916,8,0.3333333333333333,205,27856985
56941,0.05194614033701101,0.004155676517851689,0.003833775091018144,8,0.3333333333333333,205,27859035
56951,0.05194432732301746,0.004155536789351607,0.0038336408399023097,8,0.3333333333333333,205,27861085
56961,0.051942672799505304,0.004155395849896614,0.0038335066533869825,8,0.3333333333333333,205,27863135
56971,0.051940803996926285,0.004155253291414707,0.0038333723529079683,8,0.3333333333333333,205,27865185
56981,0.05193900176973353,0.00415510829760104,0.0038332382026456083,8,0.3333333333333333,205,27867235
56991,0.05193712827132702,0.004154957602319917,0.00383310391640896,8,0.3333333333333333,205,27869285
57001,0.05193532643887885,0.004154815090370555,0.0038329695851642954,8,0.3333333333333333,205,27871335
57011,0.051933647284817336,0.004154673818387273,0.0038328355108300867,8,0.3333333333333333,205,27873385
57021,0.051931835620132566,0.004154536643638857,0.003832701263350458,8,0.3333333333333333,205,27875435
57031,0.051930228250473394,0.004154403973068043,0.0038325671587348953,8,0.3333333333333333,205,27877485
57041,0.05192858532064826,0.00415427662165724,0.0038324331626599234,8,0.3333333333333333,205,27879535
57051,0.05192688643511132,0.004154136630684793,0.003832299355773054,8,0.3333333333333333,205,27881585
57061,0.051924983683509326,0.004153986860595207,0.0038321651053980763,8,0.3333333333333333,205,27883635
57071,0.051923315765126064,0.004153849756040306,0.003832031022679517,8,0.3333333333333333,205,27885685
57081,0.05192117372791095,0.004153682882790059,0.0038318965452992164,8,0.3333333333333333,205,27887735
57091,0.0519194042035004,0.004153541321999244,0.003831762649702641,8,0.3333333333333333,205,27889785
57101,0.05191777762959917,0.004153409565575848,0.0038316287032786026,8,0.3333333333333333,205,27891835
57111,0.05191603395440551,0.0041532700728748664,0.003831494783276591,8,0.3333333333333333,205,27893885
57121,0.05191416811682688,0.004153120399468318,0.003831360452898776,8,0.3333333333333333,205,27895935
57131,0.05191217506063023,0.004152960956523333,0.0038312261751934835,8,0.3333333333333333,205,27897985
57141,0.05191028417001211,0.004152810094457349,0.0038310921176086354,8,0.3333333333333333,205,27900035
57151,0.05190863300056738,0.0041526743331009525,0.0038309584068656165,8,0.3333333333333333,205,27902085
57161,0.0519069463255772,0.004152543069418027,0.003830824654578955,8,0.3333333333333333,205,27904135
57171,0.05190513244755162,0.0041523983681300315,0.0038306907081734633,8,0.3333333333333333,205,27906185
57181,0.05190332895439252,0.004152252867362604,0.0038305566366529094,8,0.3333333333333333,205,27908235
57191,0.0519015816869923,0.00415211634738078,0.003830422774666836,8,0.3333333333333333,205,27910285
57201,0.05189984478821,0.004151975766696923,0.003830288876935636,8,0.3333333333333333,205,27912335
57211,0.05189792982391522,0.004151817274552692,0.0038301548186450846,8,0.3333333333333333,205,27914385
57221,0.05189605072317843,0.004151669392604222,0.003830020695277769,8,0.3333333333333333,205,27916435
57231,0.05189422274868726,0.004151525600174571,0.0038298868019564784,8,0.3333333333333333,205,27918485
57241,0.051892542613669816,0.004151385081391593,0.0038297530795070762,8,0.3333333333333333,205,27920535
57251,0.05189053685479678,0.004151236025384138,0.003829619249817036,8,0.3333333333333333,205,27922585
57261,0.05188879600991461,0.004151089429077726,0.003829485601333029,8,0.3333333333333333,205,27924635
57271,0.051887009541290385,0.004150947734546049,0.0038293517961820555,8,0.3333333333333333,205,27926685
57281,0.05188518764119204,0.0041508023910567,0.0038292178818606065,8,0.3333333333333333,205,27928735
57291,0.0518833608508232,0.004150654213913133,0.0038290838694474104,8,0.3333333333333333,205,27930785
57301,0.05188154952270055,0.004150508088206665,0.0038289499312732255,8,0.3333333333333333,205,27932835
57311,0.051879768913387865,0.004150369710853898,0.003828816186500121,8,0.3333333333333333,205,27934885
57321,0.05187805970640266,0.004150228906207683,0.003828682438465194,8,0.3333333333333333,205,27936935
57331,0.05187615231513235,0.0041500726547776525,0.0038285484402026653,8,0.3333333333333333,205,27938985
57341,0.05187429091056179,0.004149926999272016,0.0038284147630835066,8,0.3333333333333333,205,27941035
57351,0.05187243479767781,0.004149782986760858,0.0038282808674049563,8,0.3333333333333333,205,27943085
57361,0.0518707212540495,0.004149636955972388,0.003828147166001598,8,0.3333333333333333,205,27945135
57371,0.05186862659600841,0.004149475486405955,0.0038280130780983137,8,0.3333333333333333,205,27947185
57381,0.0518668270261329,0.004149330302420262,0.0038278795060712515,8,0.3333333333333333,205,27949235
57391,0.051865073393976904,0.004149192859803321,0.0038277460586471396,8,0.3333333333333333,205,27951285
57401,0.05186346224737052,0.00414906356275097,0.003827612734323582,8,0.3333333333333333,205,27953335
57411,0.051861622578558204,0.004148916390719095,0.003827479055505134,8,0.3333333333333333,205,27955385
57421,0.05185984408528854,0.004148773706194501,0.0038273454889493092,8,0.3333333333333333,205,27957435
57431,0.05185787779963644,0.004148617217843099,0.0038272115151068106,8,0.3333333333333333,205,27959485
57441,0.05185613018388712,0.004148473345974746,0.0038270778708970783,8,0.3333333333333333,205,27961535
57451,0.0518544284658424,0.004148338022974407,0.003826944553515867,8,0.3333333333333333,205,27963585
57461,0.051852447578995035,0.004148179960255436,0.00382681056047556,8,0.3333333333333333,205,27965635
57471,0.051850680216164305,0.004148038572900756,0.003826676901406595,8,0.3333333333333333,205,27967685
57481,0.051848918117612414,0.004147896388019833,0.0038265433512191358,8,0.3333333333333333,205,27969735
57491,0.051846953113937284,0.004147744469990711,0.003826409730565059,8,0.3333333333333333,205,27971785
57501,0.05184535386250671,0.0041476128757806765,0.0038262763969422442,8,0.3333333333333333,205,27973835
57511,0.05184344003849922,0.00414746626905716,0.003826142934200654,8,0.3333333333333333,205,27975885
57521,0.051841617793958336,0.004147315617917822,0.0038260091401578302,8,0.3333333333333333,205,27977935
57531,0.05183979574766382,0.004147171885721484,0.003825875977296812,8,0.3333333333333333,205,27979985
57541,0.051837948527050086,0.004147020455766629,0.0038257421137334897,8,0.3333333333333333,205,27982035
57551,0.051836137027802806,0.004146880408443249,0.0038256085241486644,8,0.3333333333333333,205,27984085
57561,0.05183441197258769,0.004146735911189037,0.0038254751291818077,8,0.3333333333333333,205,27986135
57571,0.0518325907100886,0.004146588588743483,0.0038253417299825595,8,0.3333333333333333,205,27988185
57581,0.05183082544134713,0.004146455890658283,0.0038252085605003216,8,0.3333333333333333,205,27990235
57591,0.05182904514326709,0.004146305758827898,0.003825075193551533,8,0.3333333333333333,205,27992285
57601,0.05182727010572404,0.004146167408985528,0.003824941677243204,8,0.3333333333333333,205,27994335
57611,0.051825449619838294,0.004146022582964653,0.0038248080769804106,8,0.3333333333333333,205,27996385
57621,0.05182380678857149,0.004145891969003822,0.003824674951970782,8,0.3333333333333333,205,27998435
57631,0.05182195626123535,0.0041457455504829216,0.00382454120832958,8,0.3333333333333333,205,28000485
57641,0.05182031884186999,0.0041456141524750904,0.00382440825280581,8,0.3333333333333333,205,28002535
57651,0.05181864610201717,0.004145472630152638,0.0038242750486986443,8,0.3333333333333333,205,28004585
57661,0.05181688737097912,0.004145336393563852,0.0038241416762955223,8,0.3333333333333333,205,28006635
57671,0.051815073081294204,0.004145191657372469,0.003824008281796999,8,0.3333333333333333,205,28008685
57681,0.05181331472559122,0.004145049774330152,0.003823875006094947,8,0.3333333333333333,205,28010735
57691,0.05181158695366083,0.004144911959482493,0.0038237419084435,8,0.3333333333333333,205,28012785
57701,0.05180977830432683,0.0041447684849761435,0.00382360868752621,8,0.3333333333333333,205,28014835
57711,0.051808040766492244,0.004144629888611253,0.003823475549905298,8,0.3333333333333333,205,28016885
57721,0.05180630340901887,0.0041444965740663805,0.003823342571750153,8,0.3333333333333333,205,28018935
57731,0.051804647262368324,0.0041443584109925055,0.0038232095573737285,8,0.3333333333333333,205,28020985
57741,0.051802788724135546,0.004144200817151202,0.0038230761705845624,8,0.3333333333333333,205,28023035
57751,0.05180095064546426,0.0041440626845930875,0.0038229431740139635,8,0.3333333333333333,205,28025085
57761,0.05179907732949034,0.004143907555632274,0.003822809566888539,8,0.3333333333333333,205,28027135
57771,0.05179704729678828,0.004143746775132507,0.0038226765163790074,8,0.3333333333333333,205,28029185
57781,0.05179524527958801,0.004143605450036208,0.0038225434546405837,8,0.3333333333333333,205,28031235
57791,0.051793392846222114,0.004143458471566687,0.003822410061581172,8,0.3333333333333333,205,28033285
57801,0.051791596282990744,0.004143307865744581,0.0038222767072338313,8,0.3333333333333333,205,28035335
57811,0.05178986569181725,0.004143176301945221,0.0038221436910874378,8,0.3333333333333333,205,28037385
57821,0.05178817069562766,0.004143041513064101,0.003822010863442534,8,0.3333333333333333,205,28039435
57831,0.051786491047912456,0.004142908356597627,0.0038218780049324302,8,0.3333333333333333,205,28041485
57841,0.05178480145197775,0.004142767119991651,0.003821744928482095,8,0.3333333333333333,205,28043535
57851,0.051783020984637045,0.0041426258982887,0.003821611996585011,8,0.3333333333333333,205,28045585
57861,0.05178111933108789,0.004142474981537184,0.0038214790873962175,8,0.3333333333333333,205,28047635
57871,0.05177939488006996,0.004142341072343576,0.0038213460110697807,8,0.3333333333333333,205,28049685
57881,0.051777716113199694,0.004142202322571617,0.0038212131174842584,8,0.3333333333333333,205,28051735
57891,0.051775901009680284,0.004142057520367517,0.0038210802216873258,8,0.3333333333333333,205,28053785
57901,0.05177387378706913,0.004141894535514396,0.0038209469811391443,8,0.3333333333333333,205,28055835
57911,0.051771983282161094,0.004141744914293918,0.003820814110160395,8,0.3333333333333333,205,28057885
57921,0.051770249664689905,0.004141603800420444,0.0038206811330803495,8,0.3333333333333333,205,28059935
57931,0.05176859202945851,0.004141473616865104,0.0038205483981394004,8,0.3333333333333333,205,28061985
57941,0.05176679307469392,0.004141329701962408,0.0038204152093748813,8,0.3333333333333333,205,28064035
57951,0.051765004418279276,0.0041411833774000735,0.0038202822402251878,8,0.3333333333333333,205,28066085
57961,0.05176321595315226,0.0041410390895673796,0.0038201494951933287,8,0.3333333333333333,205,28068135
57971,0.05176121552388184,0.004140883906579529,0.003820016422564885,8,0.3333333333333333,205,28070185
57981,0.05175966990151665,0.004140756621473617,0.0038198835656622515,8,0.3333333333333333,205,28072235
57991,0.05175791735880402,0.004140618843946171,0.0038197509596444527,8,0.3333333333333333,205,28074285
58001,0.05175616499975811,0.004140479060723317,0.0038196176761659084,8,0.3333333333333333,206,28076345
58011,0.051754528957092635,0.004140347774756455,0.003819484359284944,8,0.3333333333333333,206,28078405
58021,0.051752655783834825,0.004140196710850233,0.0038193508701516395,8,0.3333333333333333,206,28080465
58031,0.05175066671368968,0.004140032741001321,0.0038192170295645957,8,0.3333333333333333,206,28082525
58041,0.05174867788016262,0.0041398740405630295,0.003819083193030075,8,0.3333333333333333,206,28084585
58051,0.05174677003380498,0.0041397242413964705,0.003818949658146722,8,0.3333333333333333,206,28086645
58061,0.05174466559871147,0.004139556696170434,0.003818815903968801,8,0.3333333333333333,206,28088705
58071,0.05174289444499869,0.00413942065681424,0.003818682689246174,8,0.3333333333333333,206,28090765
58081,0.051741093207635015,0.004139270504809361,0.003818549259523428,8,0.3333333333333333,206,28092825
58091,0.0517394535944847,0.004139148619612268,0.003818416086949255,8,0.3333333333333333,206,28094885
58101,0.051737622462840416,0.00413899648050194,0.003818282455903064,8,0.3333333333333333,206,28096945
58111,0.05173578144456303,0.004138849200506444,0.003818149153030895,8,0.3333333333333333,206,28099005
58121,0.05173405157657239,0.00413870839179029,0.003818015906927553,8,0.3333333333333333,206,28101065
58131,0.051732226079167304,0.004138559126535781,0.003817882668179657,8,0.3333333333333333,206,28103125
58141,0.05173027473200143,0.004138409474591563,0.0038177492027680567,8,0.3333333333333333,206,28105185
58151,0.05172847485407098,0.004138261855932177,0.00381761604549141,8,0.3333333333333333,206,28107245
58161,0.051726569312237076,0.004138110624209701,0.0038174826876425593,8,0.3333333333333333,206,28109305
58171,0.05172478495419753,0.004137966667504057,0.003817349571060571,8,0.3333333333333333,206,28111365
58181,0.05172311166159097,0.004137833612066755,0.003817216405234194,8,0.3333333333333333,206,28113425
58191,0.05172135286897121,0.004137696135359963,0.0038170833040830736,8,0.3333333333333333,206,28115485
58201,0.05171959930018636,0.004137551417094643,0.0038169499027434542,8,0.3333333333333333,206,28117545
58211,0.05171803232977074,0.004137426867122157,0.0038168169329355008,8,0.3333333333333333,206,28119605
58221,0.05171619346832029,0.004137284193066725,0.003816683970712512,8,0.3333333333333333,206,28121665
58231,0.05171453614743911,0.004137147175824645,0.003816550893719978,8,0.3333333333333333,206,28123725
58241,0.051712531462259785,0.004136987608741993,0.0038164176441081465,8,0.3333333333333333,206,28125785
58251,0.05171071335031001,0.004136845384446487,0.0038162845515780797,8,0.3333333333333333,206,28127845
58261,0.05170894579127385,0.004136703578122168,0.003816151530196205,8,0.3333333333333333,206,28129905
58271,0.05170700723074431,0.004136544063991181,0.003816018230524868,8,0.3333333333333333,206,28131965
58281,0.05170523502939536,0.004136403095128856,0.0038158852353141286,8,0.3333333333333333,206,28134025
58291,0.05170339757597181,0.004136256503285403,0.0038157522330735526,8,0.3333333333333333,206,28136085
58301,0.051701706290656846,0.004136119188701221,0.0038156192417715834,8,0.3333333333333333,206,28138145
58311,0.051699788701087886,0.004135966588753976,0.003815485970533101,8,0.3333333333333333,206,28140205
58321,0.0516979719754931,0.0041358248756511685,0.0038153527815984393,8,0.3333333333333333,206,28142265
58331,0.051696326524803646,0.004135692435799318,0.003815219954505305,8,0.3333333333333333,206,28144325
58341,0.0516944347084615,0.004135540689555047,0.003815086746316485,8,0.3333333333333333,206,28146385
58351,0.051692598442777744,0.0041353925825212785,0.0038149538031910708,8,0.3333333333333333,206,28148445
58361,0.05169092334088484,0.0041352621975275,0.003814820907578931,8,0.3333333333333333,206,28150505
58371,0.05168912266799574,0.004135115730798068,0.0038146880980279457,8,0.3333333333333333,206,28152565
58381,0.051687468030867274,0.00413498134962866,0.0038145552665549104,8,0.3333333333333333,206,28154625
58391,0.05168569287304312,0.004134838131886518,0.0038144222814939037,8,0.3333333333333333,206,28156685
58401,0.051683953099773,0.004134700158528353,0.0038142892644332815,8,0.3333333333333333,206,28158745
58411,0.051682198425386,0.004134557775311421,0.0038141566655177424,8,0.3333333333333333,206,28160805
58421,0.05168056458208626,0.004134433504060901,0.003814024233547818,8,0.3333333333333333,206,28162865
58431,0.051679051534427194,0.004134308038023373,0.0038138917071291155,8,0.3333333333333333,206,28164925
58441,0.05167717675197071,0.004134159665516723,0.0038137588042133908,8,0.3333333333333333,206,28166985
58451,0.051675377560890697,0.0041340133196252375,0.003813626191026174,8,0.3333333333333333,206,28169045
58461,0.0516734227937258,0.004133861763998436,0.0038134934700360355,8,0.3333333333333333,206,28171105
58471,0.051671478303883876,0.004133700981075027,0.0038133605754073776,8,0.3333333333333333,206,28173165
58481,0.051669599348015356,0.004133547853338688,0.003813227636578547,8,0.3333333333333333,206,28175225
58491,0.05166791650559662,0.004133414031664189,0.003813095059499909,8,0.3333333333333333,206,28177285
58501,0.05166601786024045,0.004133268972864919,0.003812962062656735,8,0.3333333333333333,206,28179345
58511,0.051664355467177556,0.0041331347773716845,0.0038128294016281203,8,0.3333333333333333,206,28181405
58521,0.05166260285138036,0.004132993766101381,0.003812696538726456,8,0.3333333333333333,206,28183465
58531,0.051660770083302235,0.0041328499579794155,0.003812563693847609,8,0.3333333333333333,206,28185525
58541,0.0516591082128236,0.004132713394772555,0.003812431491985577,8,0.3333333333333333,206,28187585
58551,0.051657456547831,0.0041325764439378,0.003812298960063724,8,0.3333333333333333,206,28189645
58561,0.05165534325746569,0.004132410194061458,0.0038121659192695456,8,0.3333333333333333,206,28191705
58571,0.05165335068484927,0.004132251191810577,0.003812033015456596,8,0.3333333333333333,206,28193765
58581,0.05165140853196413,0.004132101040405072,0.003811900338718222,8,0.3333333333333333,206,28195825
58591,0.05164962716929229,0.004131958131225266,0.0038117676576096267,8,0.3333333333333333,206,28197885
58601,0.05164795637376976,0.00413182246194773,0.003811635138742529,8,0.3333333333333333,206,28199945
58611,0.051646135246699545,0.004131678378613038,0.0038115023279261875,8,0.3333333333333333,206,28202005
58621,0.05164432936655968,0.004131528692902415,0.0038113696383340902,8,0.3333333333333333,206,28204065
58631,0.05164253371290497,0.0041313862462202325,0.0038112373391166678,8,0.3333333333333333,206,28206125
58641,0.051640813477403014,0.004131253443430658,0.003811104947167925,8,0.3333333333333333,206,28208185
58651,0.05163904828892557,0.004131111026120547,0.003810972414316129,8,0.3333333333333333,206,28210245
58661,0.05163746379016998,0.004130984668555376,0.0038108401520350124,8,0.3333333333333333,206,28212305
58671,0.051635749090828534,0.0041308458895874456,0.0038107078653411073,8,0.3333333333333333,206,28214365
58681,0.05163407467151339,0.004130713140554275,0.0038105753374957675,8,0.3333333333333333,206,28216425
58691,0.05163224503420117,0.004130563563056288,0.003810442902296099,8,0.3333333333333333,206,28218485
58701,0.05163059101428934,0.004130428436407935,0.0038103104433044837,8,0.3333333333333333,206,28220545
58711,0.05162881688434405,0.0041302949270762635,0.003810178312393112,8,0.3333333333333333,206,28222605
58721,0.05162702289963091,0.004130148603363019,0.003810045588569349,8,0.3333333333333333,206,28224665
58731,0.051625209066583,0.004130003498157751,0.003809912767874468,8,0.3333333333333333,206,28226725
58741,0.0516235156657201,0.004129864821190581,0.0038097806107844543,8,0.3333333333333333,206,28228785
58751,0.051621612047561265,0.004129715739488518,0.0038096481414698663,8,0.3333333333333333,206,28230845
58761,0.05161975372470368,0.0041295646709942685,0.0038095157865318634,8,0.3333333333333333,206,28232905
58771,0.05161803082867425,0.00412943164871225,0.003809383454380542,8,0.3333333333333333,206,28234965
58781,0.051616303102988106,0.004129287422670999,0.0038092509165369814,8,0.3333333333333333,206,28237025
58791,0.05161451046382879,0.00412914561560062,0.003809118140197295,8,0.3333333333333333,206,28239085
58801,0.051612773089669724,0.004129009430910175,0.0038089859248125516,8,0.3333333333333333,206,28241145
58811,0.051611206103410884,0.00412887886687982,0.0038088537383175187,8,0.3333333333333333,206,28243205
58821,0.05160911868594629,0.004128716680898371,0.003808721008148833,8,0.3333333333333333,206,28245265
58831,0.051607351843736465,0.004128569329006414,0.0038085885855370168,8,0.3333333333333333,206,28247325
58841,0.05160556517106469,0.004128434404187827,0.0038084565615398177,8,0.3333333333333333,206,28249385
58851,0.05160376367820816,0.00412828788408821,0.00380832433392002,8,0.3333333333333333,206,28251445
58861,0.05160183729707252,0.00412813737746769,0.00380819192468016,8,0.3333333333333333,206,28253505
58871,0.05160008623464127,0.004127994892170712,0.003808059957626539,8,0.3333333333333333,206,28255565
58881,0.05159835036287444,0.0041278472198246485,0.0038079279296313793,8,0.3333333333333333,206,28257625
58891,0.05159652964264207,0.004127708766841815,0.0038077957830773383,8,0.3333333333333333,206,28259685
58901,0.051594639105179224,0.0041275531244382106,0.003807663443660235,8,0.3333333333333333,206,28261745
58911,0.05159281378966902,0.004127412301723039,0.0038075314563724536,8,0.3333333333333333,206,28263805
58921,0.05159113867599677,0.004127274293889713,0.0038073992813123007,8,0.3333333333333333,206,28265865
58931,0.051589413734881094,0.004127140299951179,0.0038072673461528803,8,0.3333333333333333,206,28267925
58941,0.051587593990531186,0.004126996321474088,0.003807135047895852,8,0.3333333333333333,206,28269985
58951,0.05158572945860425,0.004126839562590538,0.003807002599243107,8,0.3333333333333333,206,28272045
58961,0.05158392511024144,0.004126698015557354,0.003806870424886366,8,0.3333333333333333,206,28274105
58971,0.051582070983460404,0.004126554484618844,0.0038067382217647663,8,0.3333333333333333,206,28276165
58981,0.05158035697428587,0.004126408570675464,0.0038066062452014574,8,0.3333333333333333,206,28278225
58991,0.05157843329641744,0.004126259874814052,0.003806473969820144,8,0.3333333333333333,206,28280285
59001,0.051576604759187655,0.004126110795884061,0.0038063418991239294,8,0.3333333333333333,206,28282345
59011,0.0515748313696808,0.004125976918829632,0.0038062099985415395,8,0.3333333333333333,206,28284405
59021,0.0515731380837489,0.004125828670676763,0.003806078160042074,8,0.3333333333333333,206,28286465
59031,0.05157121523907931,0.004125682836156928,0.003805946216877711,8,0.3333333333333333,206,28288525
59041,0.05156924268100395,0.004125526231646653,0.003805814135796531,8,0.3333333333333333,206,28290585
59051,0.05156740017316665,0.004125379231911259,0.00380568196646082,8,0.3333333333333333,206,28292645
59061,0.05156553789942352,0.004125233047167379,0.00380555005540653,8,0.3333333333333333,206,28294705
59071,0.05156382559012818,0.00412508727780286,0.0038054178869919436,8,0.3333333333333333,206,28296765
59081,0.05156177404604659,0.0041249311425537285,0.003805285796888051,8,0.3333333333333333,206,28298825
59091,0.051560117022151956,0.004124794988381414,0.0038051538172244157,8,0.3333333333333333,206,28300885
59101,0.0515584851145523,0.004124659646555115,0.0038050220405945567,8,0.3333333333333333,206,28302945
59111,0.05155649410438787,0.004124503162228373,0.0038048898123850977,8,0.3333333333333333,206,28305005
59121,0.05155465799519211,0.004124352683156188,0.003804757741925124,8,0.3333333333333333,206,28307065
59131,0.051553061543016025,0.00412423334976797,0.003804625903125063,8,0.3333333333333333,206,28309125
59141,0.05155124077655238,0.00412408609352976,0.0038044939242445203,8,0.3333333333333333,206,28311185
59151,0.05154950998586716,0.00412395122269214,0.0038043623352876075,8,0.3333333333333333,206,28313245
59161,0.05154791901420009,0.004123815966540779,0.003804230474863928,8,0.3333333333333333,206,28315305
59171,0.05154595918595321,0.004123658783428395,0.003804098386006738,8,0.3333333333333333,206,28317365
59181,0.05154398463045448,0.0041235020177307225,0.0038039663685320705,8,0.3333333333333333,206,28319425
59191,0.05154232438999219,0.00412336800366948,0.003803834711425914,8,0.3333333333333333,206,28321485
59201,0.05154043002350334,0.004123219646683432,0.003803702848689122,8,0.3333333333333333,206,28323545
59211,0.05153861562189192,0.004123072502446564,0.0038035709819265705,8,0.3333333333333333,206,28325605
59221,0.05153692601357128,0.0041229421199175005,0.003803439389490759,8,0.3333333333333333,206,28327665
59231,0.05153516182680966,0.004122800587582397,0.0038033076900656497,8,0.3333333333333333,206,28329725
59241,0.05153350744862764,0.004122661063382013,0.0038031760208743913,8,0.3333333333333333,206,28331785
59251,0.05153156924476952,0.004122513980836835,0.00380304429124796,8,0.3333333333333333,206,28333845
59261,0.05152977075357767,0.00412236930572513,0.0038029124214628927,8,0.3333333333333333,206,28335905
59271,0.051528002343666626,0.004122229029715259,0.003802780784721467,8,0.3333333333333333,206,28337965
59281,0.05152599007189071,0.0041220600805009664,0.0038026486611804065,8,0.3333333333333333,206,28340025
59291,0.051524271864026014,0.004121925016240315,0.0038025172205265498,8,0.3333333333333333,206,28342085
59301,0.05152245922247799,0.0041217835919479156,0.0038023857140504266,8,0.3333333333333333,206,28344145
59311,0.051520641799333335,0.004121640987730041,0.003802254014359737,8,0.3333333333333333,206,28346205
59321,0.05151883453146721,0.00412149122990929,0.003802122407468378,8,0.3333333333333333,206,28348265
59331,0.051517141951650976,0.004121357418021165,0.003801990824828728,8,0.3333333333333333,206,28350325
59341,0.051515180765618764,0.004121202117512805,0.0038018590341695486,8,0.3333333333333333,206,28352385
59351,0.05151338902101963,0.004121054797876261,0.003801727195905295,8,0.3333333333333333,206,28354445
59361,0.051511602445569196,0.0041209146602703564,0.003801595573525027,8,0.3333333333333333,206,28356505
59371,0.05150997031030479,0.004120780906314818,0.003801463982045987,8,0.3333333333333333,206,28358565
59381,0.05150829853282824,0.004120649155883994,0.0038013325762144786,8,0.3333333333333333,206,28360625
59391,0.051506582150341824,0.004120506673115552,0.0038012010274715937,8,0.3333333333333333,206,28362685
59401,0.05150467195017877,0.004120361818002063,0.0038010693535717927,8,0.3333333333333333,206,28364745
59411,0.051502906204976905,0.004120214193432237,0.003800938000034981,8,0.3333333333333333,206,28366805
59421,0.051501031238452295,0.004120068972297155,0.0038008066830038495,8,0.3333333333333333,206,28368865
59431,0.05149923604411196,0.004119923767004316,0.0038006751570509594,8,0.3333333333333333,206,28370925
59441,0.05149733663109068,0.004119769429156784,0.0038005436080925654,8,0.3333333333333333,206,28372985
59451,0.05149556172121105,0.004119632210791571,0.0038004123037692294,8,0.3333333333333333,206,28375045
59461,0.05149362793132636,0.004119471146412699,0.0038002807701308238,8,0.3333333333333333,206,28377105
59471,0.05149168442557572,0.004119319246761102,0.003800149372271655,8,0.3333333333333333,206,28379165
59481,0.051489855451088716,0.004119171737777589,0.0038000181192452717,8,0.3333333333333333,206,28381225
59491,0.05148797698555118,0.004119025437740193,0.0037998862952474035,8,0.3333333333333333,206,28383285
59501,0.05148619810529762,0.004118880346252588,0.003799755003704863,8,0.3333333333333333,206,28385345
59511,0.05148428527596763,0.004118727321688846,0.0037996235535825624,8,0.3333333333333333,206,28387405
59521,0.05148242234197741,0.0041185786861047445,0.0037994920857851613,8,0.3333333333333333,206,28389465
59531,0.05148058445159211,0.004118432053897865,0.0037993607014332516,8,0.3333333333333333,206,28391525
59541,0.0514788560264981,0.0041182925894765335,0.003799229518918134,8,0.3333333333333333,206,28393585
59551,0.051476978802744905,0.004118144002446487,0.003799098058982275,8,0.3333333333333333,206,28395645
59561,0.05147506703338467,0.004117983515313278,0.0037989664840183545,8,0.3333333333333333,206,28397705
59571,0.05147322499082134,0.004117847672523213,0.003798835180080791,8,0.3333333333333333,206,28399765
59581,0.05147158172344372,0.004117711446462587,0.003798703845307264,8,0.3333333333333333,206,28401825
59591,0.05146966064694297,0.004117559747558977,0.0037985725421086566,8,0.3333333333333333,206,28403885
59601,0.05146787379827188,0.004117414815813701,0.0037984412819627527,8,0.3333333333333333,206,28405945
59611,0.0514661119549619,0.004117279428093217,0.00379831000979898,8,0.3333333333333333,206,28408005
59621,0.05146432548758979,0.0041171333359823255,0.003798179138580637,8,0.3333333333333333,206,28410065
59631,0.05146252928893228,0.0041169900383868216,0.0037980481538355693,8,0.3333333333333333,206,28412125
59641,0.05146078785617714,0.004116844374937664,0.0037979169504490234,8,0.3333333333333333,206,28414185
59651,0.051459071408667116,0.004116714601052077,0.003797786197813031,8,0.3333333333333333,206,28416245
59661,0.05145729065766538,0.004116570554962386,0.0037976549577813414,8,0.3333333333333333,206,28418305
59671,0.051455505137882836,0.0041164293017727826,0.003797523920621656,8,0.3333333333333333,206,28420365
59681,0.051453734686801804,0.004116282112866848,0.0037973927447768284,8,0.3333333333333333,206,28422425
59691,0.05145198425809469,0.004116138906953595,0.0037972617987711292,8,0.3333333333333333,206,28424485
59701,0.05145009519200212,0.004115993733321069,0.0037971305425608137,8,0.3333333333333333,206,28426545
59711,0.05144830548754497,0.004115852937970759,0.0037969995844893255,8,0.3333333333333333,206,28428605
59721,0.051446629983243564,0.0041157153298799235,0.003796868192281224,8,0.3333333333333333,206,28430665
59731,0.05144480100126084,0.004115566633975877,0.003796736905696921,8,0.3333333333333333,206,28432725
59741,0.05144298708785333,0.004115423108636077,0.003796605761018293,8,0.3333333333333333,206,28434785
59751,0.05144121796958759,0.004115289112773742,0.003796474834719319,8,0.3333333333333333,206,28436845
59761,0.05143948867745232,0.004115137689917618,0.003796343856384638,8,0.3333333333333333,206,28438905
59771,0.05143763571024589,0.004114995399863057,0.003796213290680622,8,0.3333333333333333,206,28440965
59781,0.051435961281240505,0.004114863032260907,0.0037960827129131006,8,0.3333333333333333,206,28443025
59791,0.0514342275828476,0.0041147223565924295,0.003795951752427236,8,0.3333333333333333,206,28445085
59801,0.0514326277873782,0.004114597544167578,0.003795821102298315,8,0.3333333333333333,206,28447145
59811,0.05143095881509851,0.004114461650631627,0.003795690311977101,8,0.3333333333333333,206,28449205
59821,0.05142902757273779,0.00411430794524227,0.0037955594465460193,8,0.3333333333333333,206,28451265
59831,0.05142725003778497,0.0041141613870698404,0.003795428465851613,8,0.3333333333333333,206,28453325
59841,0.05142542318749543,0.004114020389594661,0.003795297531173426,8,0.3333333333333333,206,28455385
59851,0.05142362128806812,0.004113877823087245,0.0037951666925696292,8,0.3333333333333333,206,28457445
59861,0.05142198786681696,0.004113745962681967,0.0037950360631710256,8,0.3333333333333333,206,28459505
59871,0.05142020613587324,0.004113602237863097,0.003794905181180927,8,0.3333333333333333,206,28461565
59881,0.051418474080646155,0.004113467633671381,0.0037947745476347807,8,0.3333333333333333,206,28463625
59891,0.051416712518291934,0.00411332116812888,0.0037946435297725387,8,0.3333333333333333,206,28465685
59901,0.05141500556445676,0.004113190154525209,0.0037945127911903367,8,0.3333333333333333,206,28467745
59911,0.051413288892159494,0.004113047281301375,0.003794382209286334,8,0.3333333333333333,206,28469805
59921,0.051411320131986946,0.0041128866167474045,0.003794251470666319,8,0.3333333333333333,206,28471865
59931,0.05140944062896526,0.004112742984837597,0.0037941206065324885,8,0.3333333333333333,206,28473925
59941,0.051407655298078295,0.004112590664928304,0.003793989571694465,8,0.3333333333333333,206,28475985
59951,0.05140593938527951,0.0041124632835036635,0.0037938589493990674,8,0.3333333333333333,206,28478045
59961,0.05140425825937987,0.004112324048215625,0.0037937283419886858,8,0.3333333333333333,206,28480105
59971,0.05140240921742683,0.00411217929063298,0.0037935976058763397,8,0.3333333333333333,206,28482165
59981,0.05140073339202265,0.004112041271452796,0.0037934668511526,8,0.3333333333333333,206,28484225
59991,0.051398963824885194,0.004111902475793033,0.0037933360750014183,8,0.3333333333333333,206,28486285
60001,0.05139733282665892,0.004111770415893864,0.003793205495060109,8,0.3333333333333333,206,28488345
60011,0.051395647630111174,0.00411163481115708,0.0037930749098623,8,0.3333333333333333,206,28490405
60021,0.05139389836945318,0.004111499615550853,0.0037929441587766055,8,0.3333333333333333,206,28492465
60031,0.051392001074722915,0.004111345461913708,0.003792813445397111,8,0.3333333333333333,206,28494525
60041,0.0513903361795726,0.004111211481361969,0.003792682925135586,8,0.3333333333333333,206,28496585
60051,0.051388562780544975,0.0041110672401238136,0.00379255244810861,8,0.3333333333333333,206,28498645
60061,0.05138673030256917,0.004110924595018321,0.0037924221336993434,8,0.3333333333333333,206,28500705
60071,0.05138493259620987,0.004110779989857678,0.0037922915203849675,8,0.3333333333333333,206,28502765
60081,0.051383194340028616,0.004110640140827587,0.0037921610621238088,8,0.3333333333333333,206,28504825
60091,0.051381456265845456,0.004110500701514402,0.0037920303481362183,8,0.3333333333333333,206,28506885
60101,0.051379752932211864,0.004110367991008224,0.0037918999135837395,8,0.3333333333333333,206,28508945
60111,0.05137790661723258,0.004110214758470048,0.003791769326869585,8,0.3333333333333333,206,28511005
60121,0.05137619871190793,0.004110082471403491,0.0037916390553485186,8,0.3333333333333333,206,28513065
60131,0.05137433798620631,0.004109932430384409,0.00379150861568657,8,0.3333333333333333,206,28515125
60141,0.051372413317043,0.004109779248098931,0.003791378145541983,8,0.3333333333333333,206,28517185
60151,0.051370646765908,0.004109635951805669,0.0037912476269672275,8,0.3333333333333333,206,28519245
60161,0.05136882613203963,0.004109493855052246,0.0037911168628226334,8,0.3333333333333333,206,28521305
60171,0.0513672128916998,0.004109362823747299,0.00379098687857762,8,0.3333333333333333,206,28523365
60181,0.05136553074999052,0.004109227464624614,0.0037908561967647104,8,0.3333333333333333,206,28525425
60191,0.0513637895922798,0.004109092908447391,0.003790725981517655,8,0.3333333333333333,206,28527485
60201,0.05136203875388314,0.004108946529972754,0.0037905956881840036,8,0.3333333333333333,206,28529545
60211,0.05136021413298925,0.004108801745581808,0.0037904653732320354,8,0.3333333333333333,206,28531605
60221,0.051358310823391255,0.0041086538214380195,0.003790335103284975,8,0.3333333333333333,206,28533665
60231,0.0513565802831908,0.00410851932339238,0.003790205163566351,8,0.3333333333333333,206,28535725
60241,0.05135476612145507,0.004108366698423882,0.0037900743566069406,8,0.3333333333333333,206,28537785
60251,0.05135323311224248,0.004108244847676593,0.003789944038508363,8,0.3333333333333333,206,28539845
60261,0.051351498173016055,0.0041081056597020785,0.003789813920272276,8,0.3333333333333333,206,28541905
60271,0.051349723990999685,0.004107965697846992,0.003789683656057915,8,0.3333333333333333,206,28543965
60281,0.051347900723849045,0.004107819049429053,0.0037895534976425927,8,0.3333333333333333,206,28546025
60291,0.05134618112306445,0.004107682665175826,0.0037894233203604705,8,0.3333333333333333,206,28548085
60301,0.05134450111222205,0.004107547083164564,0.003789293288123346,8,0.3333333333333333,206,28550145
60311,0.051342781863803255,0.004107411515004332,0.003789163235884003,8,0.3333333333333333,206,28552205
60321,0.05134091503079861,0.004107260987519254,0.0037890330899335595,8,0.3333333333333333,206,28554265
60331,0.0513391370554072,0.004107118356810882,0.0037889029145809438,8,0.3333333333333333,206,28556325
60341,0.05133752669925777,0.004106988347699329,0.003788772989821436,8,0.3333333333333333,206,28558385
60351,0.051335827869136264,0.004106857563507351,0.0037886428217562807,8,0.3333333333333333,206,28560445
60361,0.05133393227862794,0.004106703947939319,0.003788512635751397,8,0.3333333333333333,206,28562505
60371,0.05133221412534386,0.004106560589454414,0.003788382510978343,8,0.3333333333333333,206,28564565
60381,0.051330230347420375,0.004106405433166244,0.0037882521769270414,8,0.3333333333333333,206,28566625
60391,0.05132851257761582,0.004106263681862356,0.003788122325149322,8,0.3333333333333333,206,28568685
60401,0.05132671132534349,0.0041061160403586625,0.003787992229438493,8,0.3333333333333333,206,28570745
60411,0.05132489058611513,0.004105980224686451,0.0037878621955652948,8,0.3333333333333333,206,28572805
60421,0.05132315368881242,0.004105837337990292,0.003787732058061225,8,0.3333333333333333,206,28574865
60431,0.051321495687477084,0.004105704305812389,0.0037876021689027353,8,0.3333333333333333,206,28576925
60441,0.051319783741388264,0.004105559874737983,0.0037874719070905578,8,0.3333333333333333,206,28578985
60451,0.05131794408832983,0.004105422542064077,0.0037873419484717977,8,0.3333333333333333,206,28581045
60461,0.05131635054319571,0.004105287977707164,0.0037872120568839974,8,0.3333333333333333,206,28583105
60471,0.051314476848099366,0.0041051455589617755,0.0037870821500799678,8,0.3333333333333333,206,28585165
60481,0.051312814797151794,0.0041050122027867,0.0037869521645728095,8,0.3333333333333333,206,28587225
60491,0.051311064414779305,0.00410487138692823,0.003786822149529801,8,0.3333333333333333,206,28589285
60501,0.051309151989154714,0.0041047164280971545,0.0037866918328127892,8,0.3333333333333333,206,28591345
60511,0.051307460979094256,0.004104581148897024,0.0037865620200361496,8,0.3333333333333333,206,28593405
60521,0.05130560303322597,0.004104429369479439,0.0037864320003440084,8,0.3333333333333333,206,28595465
60531,0.05130371089500885,0.004104283111452318,0.0037863021906999832,8,0.3333333333333333,206,28597525
60541,0.051301887766159224,0.00410414040747608,0.003786172197440123,8,0.3333333333333333,206,28599585
60551,0.05130047755876045,0.004104026805648858,0.0037860427467157104,8,0.3333333333333333,206,28601645
60561,0.05129871374001208,0.004103880592017811,0.0037859128340723045,8,0.3333333333333333,206,28603705
60571,0.05129702870690656,0.004103748934937489,0.0037857831605068782,8,0.3333333333333333,206,28605765
60581,0.05129545190690789,0.00410362711465828,0.003785653697422224,8,0.3333333333333333,206,28607825
60591,0.05129371809131673,0.004103481338004768,0.0037855240683620415,8,0.3333333333333333,206,28609885
60601,0.051292087586082426,0.004103353256385444,0.0037853945302975026,8,0.3333333333333333,206,28611945
60611,0.05129022645240129,0.004103207117015215,0.0037852645300090805,8,0.3333333333333333,206,28614005
60621,0.051288566831403065,0.00410307002778948,0.0037851351266476175,8,0.3333333333333333,206,28616065
60631,0.051286681546503364,0.004102920777704522,0.00378500526429832,8,0.3333333333333333,206,28618125
60641,0.0512849388306936,0.004102786074293416,0.0037848756137723355,8,0.3333333333333333,206,28620185
60651,0.05128326010598399,0.004102648243282292,0.0037847458343596672,8,0.3333333333333333,206,28622245
60661,0.051281561920138365,0.004102513960184552,0.003784616340913968,8,0.3333333333333333,206,28624305
60671,0.05127981974272557,0.004102374194568105,0.003784486563085542,8,0.3333333333333333,206,28626365
60681,0.05127800905389058,0.004102227378024811,0.0037843567669484956,8,0.3333333333333333,206,28628425
60691,0.05127621328158109,0.0041020829327003214,0.0037842271440916516,8,0.3333333333333333,206,28630485
60701,0.05127432449618201,0.00410192986923917,0.0037840972424976094,8,0.3333333333333333,206,28632545
60711,0.05127262232086083,0.00410179958299124,0.0037839678103005737,8,0.3333333333333333,206,28634605
60721,0.05127104293709949,0.004101668524810409,0.0037838382277747564,8,0.3333333333333333,206,28636665
60731,0.051269247919771194,0.004101524532712073,0.0037837085577948066,8,0.3333333333333333,206,28638725
60741,0.0512674629041968,0.0041013864405487176,0.003783579211054844,8,0.3333333333333333,206,28640785
60751,0.05126583007765816,0.004101255423221644,0.003783449938146513,8,0.3333333333333333,206,28642845
60761,0.051264123872370754,0.0041011173591003775,0.0037833200776573165,8,0.3333333333333333,206,28644905
60771,0.051262515885752744,0.004100984407536301,0.003783190521224268,8,0.3333333333333333,206,28646965
60781,0.051260824726818664,0.004100847155906029,0.003783060874432051,8,0.3333333333333333,206,28649025
60791,0.05125891318986903,0.004100701684700407,0.0037829313336134175,8,0.3333333333333333,206,28651085
60801,0.05125713418833353,0.004100561326010609,0.00378280171584802,8,0.3333333333333333,206,28653145
60811,0.051255566081000875,0.004100427254222286,0.00378267218342633,8,0.3333333333333333,206,28655205
60821,0.05125394912582773,0.004100301427255801,0.0037825426665818577,8,0.3333333333333333,206,28657265
60831,0.05125208247394633,0.004100151704818656,0.0037824131152424303,8,0.3333333333333333,206,28659325
60841,0.05125027971336387,0.004100004742445179,0.0037822836739913514,8,0.3333333333333333,206,28661385
60851,0.051248614293778395,0.00409987660456244,0.003782154148438461,8,0.3333333333333333,206,28663445
60861,0.051246660088535484,0.004099717135276466,0.0037820242067082553,8,0.3333333333333333,206,28665505
60871,0.05124511256082763,0.004099592942768475,0.003781894574130272,8,0.3333333333333333,206,28667565
60881,0.05124335462731772,0.004099451134650117,0.00378176534425576,8,0.3333333333333333,206,28669625
60891,0.05124152833700532,0.00409930660001112,0.0037816356173141033,8,0.3333333333333333,206,28671685
60901,0.05123987848386404,0.004099172263528929,0.0037815062007821015,8,0.3333333333333333,206,28673745
60911,0.05123809663134409,0.004099032458395958,0.0037813767114856186,8,0.3333333333333333,206,28675805
60921,0.051236226871478496,0.004098890710277159,0.003781247252543172,8,0.3333333333333333,206,28677865
60931,0.05123458733440494,0.004098754458432414,0.0037811176926472617,8,0.3333333333333333,206,28679925
60941,0.05123293327947962,0.004098622526759361,0.0037809886112576655,8,0.3333333333333333,206,28681985
60951,0.05123118153171576,0.00409848043108544,0.0037808593507072164,8,0.3333333333333333,206,28684045
60961,0.051229552279121446,0.004098346178384688,0.003780730500540431,8,0.3333333333333333,206,28686105
60971,0.05122783024052167,0.004098212721990869,0.003780601227050848,8,0.3333333333333333,206,28688165
60981,0.05122611327247237,0.004098077713814359,0.0037804720685389545,8,0.3333333333333333,206,28690225
60991,0.05122422530241818,0.0040979282425592945,0.003780342843952969,8,0.3333333333333333,206,28692285
61001,0.05122269454181632,0.004097800305438996,0.003780213790588361,8,0.3333333333333333,206,28694345
61011,0.051220777622801035,0.004097645388962848,0.003780084352704884,8,0.3333333333333333,206,28696405
61021,0.05121901738255461,0.004097506527227402,0.0037799555253292066,8,0.3333333333333333,206,28698465
61031,0.05121734043893843,0.00409737159104523,0.0037798262304018153,8,0.3333333333333333,206,28700525
61041,0.05121545346946125,0.004097222981602099,0.00377969693049696,8,0.3333333333333333,206,28702585
61051,0.05121362047978523,0.004097077125925532,0.0037795673923156823,8,0.3333333333333333,206,28704645
61061,0.051212080925370496,0.004096952789808923,0.0037794384312616644,8,0.3333333333333333,206,28706705
61071,0.05121036559061524,0.004096816346317764,0.0037793092760751144,8,0.3333333333333333,206,28708765
61081,0.05120857225413203,0.004096671708118839,0.0037791803452415455,8,0.3333333333333333,206,28710825
61091,0.05120680354044461,0.004096528258275162,0.0037790511175408996,8,0.3333333333333333,206,28712885
61101,0.051205083867567544,0.004096391076920465,0.0037789219881998078,8,0.3333333333333333,206,28714945
61111,0.05120341810492211,0.004096256254401923,0.003778792960501598,8,0.3333333333333333,206,28717005
61121,0.05120170366810173,0.004096122617808419,0.003778664186493199,8,0.3333333333333333,206,28719065
61131,0.051199994292628434,0.004095982352976842,0.0037785350842795867,8,0.3333333333333333,206,28721125
61141,0.05119816301491001,0.004095840931068623,0.003778406013324992,8,0.3333333333333333,206,28723185
61151,0.05119645888790957,0.004095697571246469,0.0037782766804407043,8,0.3333333333333333,206,28725245
61161,0.05119463776574112,0.0040955561797698225,0.003778147499963636,8,0.3333333333333333,206,28727305
61171,0.05119254347903502,0.004095389029226447,0.003778018247358833,8,0.3333333333333333,206,28729365
61181,0.05119078624026681,0.004095248451660132,0.003777889145849617,8,0.3333333333333333,206,28731425
61191,0.051188960862157885,0.004095102423005971,0.0037777599660213153,8,0.3333333333333333,206,28733485
61201,0.05118723328343754,0.004094961095112109,0.003777630854518871,8,0.3333333333333333,206,28735545
61211,0.05118539365932412,0.004094813536792989,0.0037775018491016236,8,0.3333333333333333,206,28737605
61221,0.051183563997492146,0.004094674971875426,0.0037773728261088365,8,0.3333333333333333,206,28739665
61231,0.05118173941637426,0.0040945251039093715,0.0037772436156371905,8,0.3333333333333333,206,28741725
61241,0.051179944303102326,0.004094381496372785,0.0037771147204702436,8,0.3333333333333333,206,28743785
61251,0.05117832984322633,0.004094253121311699,0.0037769861334260844,8,0.3333333333333333,206,28745845
61261,0.05117668628015375,0.004094118516467933,0.0037768573311139767,8,0.3333333333333333,206,28747905
61271,0.0511748429527542,0.0040939761233555454,0.0037767286398693567,8,0.3333333333333333,206,28749965
61281,0.05117336063748108,0.004093859489460098,0.003776600149416753,8,0.3333333333333333,206,28752025
61291,0.051171727318967734,0.004093723754599169,0.0037764715969644484,8,0.3333333333333333,206,28754085
61301,0.05116992354275237,0.004093578674116347,0.00377634246274973,8,0.3333333333333333,206,28756145
61311,0.05116826131785107,0.004093444917772292,0.00377621362086269,8,0.3333333333333333,206,28758205
61321,0.051166409182001556,0.004093300257771188,0.0037760847107153866,8,0.3333333333333333,206,28760265
61331,0.05116455238042731,0.004093151325192696,0.003775955617041063,8,0.3333333333333333,206,28762325
61341,0.051163007641476646,0.004093021510213982,0.0037758270215460833,8,0.3333333333333333,206,28764385
61351,0.05116124379435572,0.004092882353354145,0.0037756983436204473,8,0.3333333333333333,206,28766445
61361,0.05115954833974639,0.00409274905715441,0.0037755697558607905,8,0.3333333333333333,206,28768505
61371,0.0511576923086862,0.004092600576332609,0.0037754409140474156,8,0.3333333333333333,206,28770565
61381,0.05115590954597578,0.004092459515512061,0.003775312050509247,8,0.3333333333333333,206,28772625
61391,0.05115404905336005,0.004092306391933665,0.0037751830423064362,8,0.3333333333333333,206,28774685
61401,0.051152325118892755,0.004092170426827629,0.003775054483890861,8,0.3333333333333333,206,28776745
61411,0.05115053319685045,0.004092023569055431,0.0037749257771133873,8,0.3333333333333333,206,28778805
61421,0.05114870738919858,0.004091880232904251,0.003774797181198548,8,0.3333333333333333,206,28780865
61431,0.05114685257520078,0.004091736522855704,0.003774668637264939,8,0.3333333333333333,206,28782925
61441,0.051145032041625675,0.004091589323881529,0.003774539936399633,8,0.3333333333333333,206,28784985
61451,0.05114345992403194,0.004091465113160748,0.003774411388836775,8,0.3333333333333333,206,28787045
61461,0.05114178575892816,0.0040913304025010444,0.003774282811731675,8,0.3333333333333333,206,28789105
61471,0.05114004850531258,0.004091190644969099,0.0037741540126885746,8,0.3333333333333333,206,28791165
61481,0.051138262779526204,0.0040910489560394446,0.0037740254151504694,8,0.3333333333333333,206,28793225
61491,0.05113652589629284,0.004090908449876089,0.0037738968454859197,8,0.3333333333333333,206,28795285
61501,0.05113466272037581,0.004090758619040785,0.003773768345484809,8,0.3333333333333333,206,28797345
61511,0.051132867848834494,0.004090615809095334,0.0037736399533153282,8,0.3333333333333333,206,28799405
61521,0.05113096131543313,0.00409046601143163,0.0037735113206232933,8,0.3333333333333333,206,28801465
61531,0.05112936135900506,0.004090336459872951,0.0037733828666439762,8,0.3333333333333333,206,28803525
61541,0.051127649723100826,0.004090198363337992,0.003773254333517554,8,0.3333333333333333,206,28805585
61551,0.051125913955328894,0.004090053280271511,0.003773125565088037,8,0.3333333333333333,206,28807645
61561,0.0511240665597724,0.00408991171322482,0.003772997196422073,8,0.3333333333333333,206,28809705
61571,0.05112230686458581,0.004089769772485942,0.0037728686509381037,8,0.3333333333333333,206,28811765
61581,0.05112065914321378,0.004089640289166705,0.0037727399919261864,8,0.3333333333333333,206,28813825
61591,0.05111892896968841,0.004089499932694431,0.0037726114171643607,8,0.3333333333333333,206,28815885
61601,0.05111718925885589,0.0040893623122939485,0.0037724831112656084,8,0.3333333333333333,206,28817945
61611,0.0511155906359041,0.004089234812399934,0.0037723548653553853,8,0.3333333333333333,206,28820005
61621,0.05111387556816073,0.004089100717556395,0.003772226703653389,8,0.3333333333333333,206,28822065
61631,0.05111202466090558,0.00408894370785104,0.0037720980308634344,8,0.3333333333333333,206,28824125
61641,0.05111020796158064,0.004088799928203486,0.0037719696293519143,8,0.3333333333333333,206,28826185
61651,0.05110826518882486,0.004088649559206605,0.003771841108715803,8,0.3333333333333333,206,28828245
61661,0.05110668685425811,0.00408852212808253,0.003771712736966961,8,0.3333333333333333,206,28830305
61671,0.051104880453393495,0.004088378782761265,0.00377158395513106,8,0.3333333333333333,206,28832365
61681,0.051103117946275936,0.004088230403720362,0.0037714555549786363,8,0.3333333333333333,206,28834425
61691,0.05110130708122216,0.004088092527145011,0.003771327088824369,8,0.3333333333333333,206,28836485
61701,0.051099399333710264,0.0040879371905009915,0.0037711986900609094,8,0.3333333333333333,206,28838545
61711,0.05109739959080457,0.0040877779893995995,0.003771069995143067,8,0.3333333333333333,206,28840605
61721,0.051095414648706455,0.004087618807487143,0.003770941335950293,8,0.3333333333333333,206,28842665
61731,0.05109367256123854,0.004087484100224182,0.003770813413725023,8,0.3333333333333333,206,28844725
61741,0.05109205195413139,0.004087355617051245,0.0037706845303600626,8,0.3333333333333333,207,28846795
61751,0.0510903005187689,0.004087213562596606,0.00377055575422393,8,0.3333333333333333,207,28848865
61761,0.05108869479535433,0.004087083941538436,0.0037704270466925004,8,0.3333333333333333,207,28850935
61771,0.05108700677119717,0.00408694346841191,0.003770298360677648,8,0.3333333333333333,207,28853005
61781,0.051085207372338653,0.004086806502101621,0.0037701696231074006,8,0.3333333333333333,207,28855075
61791,0.051083539102302435,0.004086673041518358,0.003770040727920793,8,0.3333333333333333,207,28857145
61801,0.051081686744208724,0.004086519811264935,0.0037699118458325,8,0.3333333333333333,207,28859215
61811,0.05107983459400517,0.004086373192381934,0.0037697828283341814,8,0.3333333333333333,207,28861285
61821,0.051078098997933336,0.0040862335704874445,0.0037696540314787128,8,0.3333333333333333,207,28863355
61831,0.05107637327892418,0.0040860912489212855,0.0037695251850945965,8,0.3333333333333333,207,28865425
61841,0.051074512031509985,0.004085947391760206,0.003769396647123294,8,0.3333333333333333,207,28867495
61851,0.05107279638001112,0.004085810916438893,0.003769268083272829,8,0.3333333333333333,207,28869565
61861,0.051071056678312854,0.004085668252778932,0.0037691393058824053,8,0.3333333333333333,207,28871635
61871,0.05106924448219488,0.0040855271549779925,0.00376901046707918,8,0.3333333333333333,207,28873705
61881,0.05106762142737402,0.004085391110667409,0.003768881529443504,8,0.3333333333333333,207,28875775
61891,0.051065669128199015,0.004085239966766632,0.0037687525773854136,8,0.3333333333333333,207,28877845
61901,0.051063901116142174,0.004085098527255561,0.0037686236628233834,8,0.3333333333333333,207,28879915
61911,0.05106223015562721,0.004084961752227585,0.0037684950534908495,8,0.3333333333333333,207,28881985
61921,0.05106045766947022,0.004084816081101023,0.0037683665084223693,8,0.3333333333333333,207,28884055
61931,0.05105870958414912,0.004084678173256341,0.003768237614166096,8,0.3333333333333333,207,28886125
61941,0.05105689874374023,0.004084535244660209,0.0037681089133344923,8,0.3333333333333333,207,28888195
61951,0.051055126830325745,0.004084398140717695,0.003767980335052401,8,0.3333333333333333,207,28890265
61961,0.0510531130833375,0.004084237042424289,0.0037678515224740705,8,0.3333333333333333,207,28892335
61971,0.05105143837526861,0.004084097646312893,0.003767722960742587,8,0.3333333333333333,207,28894405
61981,0.051049589617602045,0.004083955942028171,0.003767594505252839,8,0.3333333333333333,207,28896475
61991,0.051047895911591076,0.004083814252960673,0.0037674659880388844,8,0.3333333333333333,207,28898545
62001,0.05104625560214803,0.004083691932561994,0.0037673376462324134,8,0.3333333333333333,207,28900615
62011,0.05104459610405273,0.004083553368089338,0.0037672092467195286,8,0.3333333333333333,207,28902685
62021,0.05104281583696122,0.004083405530426046,0.003767080543669378,8,0.3333333333333333,207,28904755
62031,0.051041069620367856,0.004083273961098965,0.003766952164289785,8,0.3333333333333333,207,28906825
62041,0.0510393090794863,0.004083127315460488,0.0037668235497797797,8,0.3333333333333333,207,28908895
62051,0.051037539054803106,0.004082986875949507,0.0037666950451748344,8,0.3333333333333333,207,28910965
62061,0.051035909445979244,0.004082862311265321,0.0037665668948293324,8,0.3333333333333333,207,28913035
62071,0.05103423648399755,0.0040827292489453585,0.0037664385941172233,8,0.3333333333333333,207,28915105
62081,0.05103241865995256,0.00408258189035466,0.003766309996416457,8,0.3333333333333333,207,28917175
62091,0.05103085239785396,0.004082455430360619,0.0037661817530016185,8,0.3333333333333333,207,28919245
62101,0.05102896244633404,0.004082303462372205,0.003766053051998047,8,0.3333333333333333,207,28921315
62111,0.05102711137393225,0.004082156924585647,0.003765924381319072,8,0.3333333333333333,207,28923385
62121,0.05102544413676223,0.004082022387076646,0.0037657962725309246,8,0.3333333333333333,207,28925455
62131,0.051023888200853164,0.004081895207626404,0.003765668085164488,8,0.3333333333333333,207,28927525
62141,0.05102202320412806,0.004081744463677019,0.0037655397198680125,8,0.3333333333333333,207,28929595
62151,0.05102033715813613,0.004081615765172284,0.0037654114688504205,8,0.3333333333333333,207,28931665
62161,0.05101861264194359,0.004081477032204192,0.0037652831242853562,8,0.3333333333333333,207,28933735
62171,0.05101692694476142,0.004081337154685733,0.003765154826969003,8,0.3333333333333333,207,28935805
62181,0.05101512068698013,0.004081199996390519,0.003765026532863204,8,0.3333333333333333,207,28937875
62191,0.051013208394475984,0.004081038129321734,0.0037648979150316526,8,0.3333333333333333,207,28939945
62201,0.05101166326968038,0.0040809164523660955,0.003764769973767311,8,0.3333333333333333,207,28942015
62211,0.05100960654705882,0.004080752302839126,0.003764641221860743,8,0.3333333333333333,207,28944085
62221,0.05100779626419584,0.004080612888350948,0.0037645127273447545,8,0.3333333333333333,207,28946155
62231,0.05100603444650037,0.004080461518676075,0.003764384305360538,8,0.3333333333333333,207,28948225
62241,0.05100414733840671,0.004080323679271203,0.0037642563296186853,8,0.3333333333333333,207,28950295
62251,0.05100248242248305,0.00408018237988416,0.003764128151541019,8,0.3333333333333333,207,28952365
62261,0.051000605371208936,0.004080033761627002,0.0037639997629743027,8,0.3333333333333333,207,28954435
62271,0.050998868444842235,0.004079899826540369,0.003763871413229638,8,0.3333333333333333,207,28956505
62281,0.05099722818249563,0.004079768606513184,0.003763743291617154,8,0.3333333333333333,207,28958575
62291,0.05099553020056223,0.0040796285242545955,0.0037636151221276406,8,0.3333333333333333,207,28960645
62301,0.05099376969385979,0.004079489228562876,0.0037634869697953737,8,0.3333333333333333,207,28962715
62311,0.050992004552733144,0.00407934724699796,0.0037633588949892737,8,0.3333333333333333,207,28964785
62321,0.05099039872797528,0.004079219939579642,0.00376323105147542,8,0.3333333333333333,207,28966855
62331,0.05098864841262238,0.00407907952990157,0.00376310303523666,8,0.3333333333333333,207,28968925
62341,0.050986960956825,0.00407894260629945,0.0037629749708903994,8,0.3333333333333333,207,28970995
62351,0.05098536526479653,0.004078810324612891,0.003762846908664295,8,0.3333333333333333,207,28973065
62361,0.050983499802743026,0.004078667644968574,0.0037627187273424124,8,0.3333333333333333,207,28975135
62371,0.050981793596092756,0.004078529993035643,0.003762590770022967,8,0.3333333333333333,207,28977205
62381,0.05098009720425852,0.0040783904278863725,0.003762462811344737,8,0.3333333333333333,207,28979275
62391,0.05097856000006336,0.004078265911239996,0.0037623349259794624,8,0.3333333333333333,207,28981345
62401,0.050976820578381474,0.004078130613921165,0.003762207021571689,8,0.3333333333333333,207,28983415
62411,0.05097513433384842,0.004077995715897573,0.0037620790291389354,8,0.3333333333333333,207,28985485
62421,0.05097335673727463,0.004077848885462942,0.003761951019644384,8,0.3333333333333333,207,28987555
62431,0.05097160823191063,0.00407771825481682,0.003761822944029103,8,0.3333333333333333,207,28989625
62441,0.05096991288883809,0.004077580316749856,0.003761694981155888,8,0.3333333333333333,207,28991695
62451,0.05096817438019836,0.004077442778365906,0.0037615671065571524,8,0.3333333333333333,207,28993765
62461,0.05096639271968659,0.004077302172734062,0.0037614391051121097,8,0.3333333333333333,207,28995835
62471,0.050964818277477106,0.004077173907262147,0.0037613113224213585,8,0.3333333333333333,207,28997905
62481,0.05096299846764136,0.00407702216184229,0.0037611833154834024,8,0.3333333333333333,207,28999975
62491,0.05096124143471729,0.004076885451878211,0.0037610556022230845,8,0.3333333333333333,207,29002045
62501,0.05095937389022854,0.004076737975067057,0.0037609276826508103,8,0.3333333333333333,207,29004115
62511,0.05095757393185787,0.0040765862798588575,0.0037607997642993773,8,0.3333333333333333,207,29006185
62521,0.05095576935832622,0.004076447305423364,0.0037606721046765375,8,0.3333333333333333,207,29008255
62531,0.050953969793989584,0.004076304111650248,0.0037605440554713114,8,0.3333333333333333,207,29010325
62541,0.05095238691739785,0.004076180946666849,0.0037604165212718837,8,0.3333333333333333,207,29012395
62551,0.05095077533013288,0.004076048172321925,0.0037602888212956674,8,0.3333333333333333,207,29014465
62561,0.050949086940782255,0.004075911178624712,0.0037601609775658944,8,0.3333333333333333,207,29016535
62571,0.050947432391033075,0.004075781124762939,0.0037600331413860225,8,0.3333333333333333,207,29018605
62581,0.05094560488404168,0.004075629539727433,0.003759905292090354,8,0.3333333333333333,207,29020675
62591,0.05094387374878147,0.0040754960516215495,0.0037597777965171233,8,0.3333333333333333,207,29022745
62601,0.05094220529905814,0.0040753614231475895,0.003759650016695338,8,0.3333333333333333,207,29024815
62611,0.05094036875746696,0.004075212193954956,0.0037595222026038156,8,0.3333333333333333,207,29026885
62621,0.050938455510641995,0.004075067980781342,0.003759394292864737,8,0.3333333333333333,207,29028955
62631,0.05093675396542364,0.004074926859448679,0.0037592664827943607,8,0.3333333333333333,207,29031025
62641,0.05093514390808563,0.004074796518304897,0.0037591388698372686,8,0.3333333333333333,207,29033095
62651,0.050933452316050704,0.004074663883486319,0.0037590114446372836,8,0.3333333333333333,207,29035165
62661,0.050931611946098666,0.004074514348949606,0.003758883606462109,8,0.3333333333333333,207,29037235
62671,0.05092977658629568,0.004074367521794525,0.0037587558564614373,8,0.3333333333333333,207,29039305
62681,0.05092796545022475,0.004074224169719449,0.0037586280446777094,8,0.3333333333333333,207,29041375
62691,0.05092619774308177,0.004074080064736555,0.003758500630928445,8,0.3333333333333333,207,29043445
62701,0.0509245262816799,0.0040739528811791015,0.0037583732671281947,8,0.3333333333333333,207,29045515
62711,0.050922830978495995,0.004073815336964933,0.0037582458357598744,8,0.3333333333333333,207,29047585
62721,0.05092121267922876,0.0040736870265514905,0.0037581184007971238,8,0.3333333333333333,207,29049655
62731,0.05091953212148843,0.004073553351162625,0.0037579908685140815,8,0.3333333333333333,207,29051725
62741,0.05091796695640186,0.0040734231459500095,0.003757863548671235,8,0.3333333333333333,207,29053795
62751,0.05091621952470713,0.004073282200845246,0.003757736032299419,8,0.3333333333333333,207,29055865
62761,0.05091432348326877,0.004073131287264437,0.00375760855686358,8,0.3333333333333333,207,29057935
62771,0.05091261003381946,0.0040729938288864035,0.003757481003848508,8,0.3333333333333333,207,29060005
62781,0.0509109303546737,0.004072859456083753,0.0037573533968511884,8,0.3333333333333333,207,29062075
62791,0.05090927483879725,0.004072726632456551,0.003757226015378184,8,0.3333333333333333,207,29064145
62801,0.05090738439547305,0.004072574631115937,0.003757098345194424,8,0.3333333333333333,207,29066215
62811,0.050905652479504696,0.004072438765992962,0.0037569708810001896,8,0.3333333333333333,207,29068285
62821,0.05090406465033183,0.0040723117409559185,0.003756843503197547,8,0.3333333333333333,207,29070355
62831,0.05090245778896816,0.004072182809653698,0.0037567162507055295,8,0.3333333333333333,207,29072425
62841,0.05090075037104009,0.0040720500543139125,0.0037565889969522807,8,0.3333333333333333,207,29074495
62851,0.050899067107241264,0.004071911557963366,0.003756461533300241,8,0.3333333333333333,207,29076565
62861,0.05089752786296897,0.00407179033766715,0.0037563344442264417,8,0.3333333333333333,207,29078635
62871,0.05089579219024849,0.004071648033155797,0.003756206949200649,8,0.3333333333333333,207,29080705
62881,0.05089401355552151,0.004071506127545024,0.003756079759548662,8,0.3333333333333333,207,29082775
62891,0.05089244123005757,0.0040713765082304905,0.0037559526022725967,8,0.3333333333333333,207,29084845
62901,0.050890691715349004,0.004071244217663451,0.003755825365561712,8,0.3333333333333333,207,29086915
62911,0.05088896634892981,0.004071102738998657,0.003755697943216757,8,0.3333333333333333,207,29088985
62921,0.05088725553935239,0.004070963192297616,0.0037555704274760565,8,0.3333333333333333,207,29091055
62931,0.05088554969922047,0.0040708286434280394,0.0037554432198412618,8,0.3333333333333333,207,29093125
62941,0.05088366198135594,0.0040706818436975455,0.003755315839062763,8,0.3333333333333333,207,29095195
62951,0.050882047531706595,0.004070548473292923,0.003755188659356056,8,0.3333333333333333,207,29097265
62961,0.05088050508994486,0.0040704231634271565,0.0037550616826619782,8,0.3333333333333333,207,29099335
62971,0.05087874726601679,0.004070282539356785,0.0037549345556344683,8,0.3333333333333333,207,29101405
62981,0.05087706625330978,0.004070156105483918,0.0037548075777357336,8,0.3333333333333333,207,29103475
62991,0.05087533273935454,0.004070012828455673,0.0037546801347836632,8,0.3333333333333333,207,29105545
63001,0.05087375262348494,0.0040698871865839535,0.0037545529464201575,8,0.3333333333333333,207,29107615
63011,0.05087214872182721,0.0040697596417199906,0.0037544257799484934,8,0.3333333333333333,207,29109685
63021,0.050870693376371005,0.004069637470704442,0.0037542989274714574,8,0.3333333333333333,207,29111755
63031,0.050869041906870804,0.004069511098840063,0.0037541717310399865,8,0.3333333333333333,207,29113825
63041,0.05086744325100288,0.0040693835904519965,0.0037540447073601854,8,0.3333333333333333,207,29115895
63051,0.050865816036477406,0.004069251117357612,0.003753917739710481,8,0.3333333333333333,207,29117965
63061,0.05086400236075891,0.004069107556099023,0.0037537905248870487,8,0.3333333333333333,207,29120035
63071,0.05086235634816069,0.004068970900345773,0.003753663572876483,8,0.3333333333333333,207,29122105
63081,0.05086064352173924,0.0040688396170213284,0.003753536388221845,8,0.3333333333333333,207,29124175
63091,0.05085902654778588,0.004068713321823677,0.003753409506170521,8,0.3333333333333333,207,29126245
63101,0.05085744321565675,0.004068582829532437,0.0037532824288555792,8,0.3333333333333333,207,29128315
63111,0.050855630463799026,0.00406843704554888,0.0037531550882780075,8,0.3333333333333333,207,29130385
63121,0.05085396616063282,0.004068298546610776,0.0037530281316537077,8,0.3333333333333333,207,29132455
63131,0.05085214901063119,0.0040681615923991036,0.0037529011287207,8,0.3333333333333333,207,29134525
63141,0.050850384654661684,0.00406801776758483,0.0037527740346536133,8,0.3333333333333333,207,29136595
63151,0.050848759128527925,0.004067886579419241,0.0037526473598668095,8,0.3333333333333333,207,29138665
63161,0.050846918653391394,0.004067735518890637,0.003752520203527456,8,0.3333333333333333,207,29140735
63171,0.05084521221522238,0.004067603976523693,0.003752393304728669,8,0.3333333333333333,207,29142805
63181,0.05084347249997496,0.0040674605950467456,0.0037522661540545428,8,0.3333333333333333,207,29144875
63191,0.05084164217432314,0.00406731417091159,0.0037521389187889693,8,0.3333333333333333,207,29146945
63201,0.05083991717156647,0.004067179612725134,0.00375201197663067,8,0.3333333333333333,207,29149015
63211,0.0508381541288102,0.004067032837689506,0.0037518848901843885,8,0.3333333333333333,207,29151085
63221,0.050836243185089114,0.004066883021749896,0.0037517576420904616,8,0.3333333333333333,207,29153155
63231,0.050834418441367345,0.004066738572555805,0.0037516308790688704,8,0.3333333333333333,207,29155225
63241,0.05083266076477894,0.004066600252498547,0.0037515039827565144,8,0.3333333333333333,207,29157295
63251,0.05083097490936918,0.004066468823726985,0.003751377165763342,8,0.3333333333333333,207,29159365
63261,0.050829360853046686,0.004066338172108304,0.003751250320097156,8,0.3333333333333333,207,29161435
63271,0.05082773263152346,0.004066204095798399,0.003751123416493729,8,0.3333333333333333,207,29163505
63281,0.05082593270353389,0.004066056665852715,0.0037509965535338745,8,0.3333333333333333,207,29165575
63291,0.050824085237287875,0.004065911925603792,0.0037508696508796765,8,0.3333333333333333,207,29167645
63301,0.05082239071588021,0.004065776747268079,0.0037507429191975393,8,0.3333333333333333,207,29169715
63311,0.050820787048238614,0.004065649600682653,0.0037506162172982927,8,0.3333333333333333,207,29171785
63321,0.050819035602122004,0.004065506814084838,0.003750489512587345,8,0.3333333333333333,207,29173855
63331,0.05081718414017255,0.004065361370969468,0.003750362704933619,8,0.3333333333333333,207,29175925
63341,0.05081558098097319,0.004065231974492394,0.0037502360240913306,8,0.3333333333333333,207,29177995
63351,0.050813782384528924,0.004065089233285979,0.0037501089977124828,8,0.3333333333333333,207,29180065
63361,0.050811964905008604,0.004064944981197545,0.003749982100821865,8,0.3333333333333333,207,29182135
63371,0.05081024301686752,0.004064802271178492,0.003749855535850994,8,0.3333333333333333,207,29184205
63381,0.05080850700225828,0.004064666062443766,0.003749728947053418,8,0.3333333333333333,207,29186275
63391,0.05080693807007869,0.0040645436011051425,0.003749602531582025,8,0.3333333333333333,207,29188345
63401,0.0508051451883364,0.004064389491537928,0.0037494755207190624,8,0.3333333333333333,207,29190415
63411,0.05080329529224916,0.004064249130245458,0.0037493486891959017,8,0.3333333333333333,207,29192485
63421,0.0508016362844405,0.0040641129788714985,0.0037492219460780727,8,0.3333333333333333,207,29194555
63431,0.05079992024591223,0.004063979129518455,0.003749095243471992,8,0.3333333333333333,207,29196625
63441,0.05079817102464023,0.004063840337192818,0.003748968536905589,8,0.3333333333333333,207,29198695
63451,0.05079646011389843,0.00406370308448695,0.0037488417892653793,8,0.3333333333333333,207,29200765
63461,0.05079466361131533,0.004063562034156353,0.0037487154068257616,8,0.3333333333333333,207,29202835
63471,0.050793057885541615,0.0040634290032720306,0.0037485885794380485,8,0.3333333333333333,207,29204905
63481,0.05079154759846138,0.004063310849607034,0.003748462448158617,8,0.3333333333333333,207,29206975
63491,0.05078974210642312,0.004063160695455525,0.0037483357818386305,8,0.3333333333333333,207,29209045
63501,0.050788113046636225,0.004063036850261087,0.0037482093716462647,8,0.3333333333333333,207,29211115
63511,0.05078637460859402,0.004062898538517326,0.0037480830068660712,8,0.3333333333333333,207,29213185
63521,0.050784817315029,0.004062777003863301,0.0037479567618191913,8,0.3333333333333333,207,29215255
63531,0.05078314588915061,0.004062637576710265,0.0037478301313919275,8,0.3333333333333333,207,29217325
63541,0.05078137941041323,0.0040624985452542665,0.003747703695646434,8,0.3333333333333333,207,29219395
63551,0.050779551233787176,0.004062345056395593,0.0037475769128158566,8,0.3333333333333333,207,29221465
63561,0.050777775621834394,0.004062205675118124,0.0037474504752526444,8,0.3333333333333333,207,29223535
63571,0.05077595736586942,0.004062058693413642,0.0037473240446299883,8,0.3333333333333333,207,29225605
63581,0.05077427256510619,0.004061924672633064,0.003747197574602293,8,0.3333333333333333,207,29227675
63591,0.05077244993880314,0.004061779625790748,0.0037470710580674196,8,0.3333333333333333,207,29229745
63601,0.05077064654709312,0.004061637640080399,0.00374694472512647,8,0.3333333333333333,207,29231815
63611,0.050768791021161254,0.004061487677219464,0.003746818138507411,8,0.3333333333333333,207,29233885
63621,0.05076700705954175,0.004061344961987013,0.0037466917572507173,8,0.3333333333333333,207,29235955
63631,0.050765170971014635,0.004061193130022171,0.003746565178763478,8,0.3333333333333333,207,29238025
63641,0.05076329704079646,0.00406104968588601,0.0037464384076352115,8,0.3333333333333333,207,29240095
63651,0.05076156123048649,0.004060908539988899,0.003746312013876736,8,0.3333333333333333,207,29242165
63661,0.050759992025864814,0.0040607902326199345,0.0037461860320912935,8,0.3333333333333333,207,29244235
63671,0.050758389690031436,0.004060661666290061,0.0037460596099070254,8,0.3333333333333333,207,29246305
63681,0.05075671620076625,0.004060522463701684,0.003745933160489122,8,0.3333333333333333,207,29248375
63691,0.050755109431445435,0.004060396965832811,0.0037458068272397467,8,0.3333333333333333,207,29250445
63701,0.050753502819549795,0.0040602661565913595,0.00374568041777682,8,0.3333333333333333,207,29252515
63711,0.05075181081863609,0.00406013345938125,0.0037455544281747694,8,0.3333333333333333,207,29254585
63721,0.05075001919901007,0.004059987469936892,0.003745427565463616,8,0.3333333333333333,207,29256655
63731,0.050748275290479816,0.004059846818393189,0.0037453012144900676,8,0.3333333333333333,207,29258725
63741,0.050746588579952935,0.004059716444080987,0.0037451749607846554,8,0.3333333333333333,207,29260795
63751,0.05074498755331158,0.004059584182511202,0.0037450489189005693,8,0.3333333333333333,207,29262865
63761,0.05074335818227757,0.004059457634357488,0.0037449229539952347,8,0.3333333333333333,207,29264935
63771,0.05074180496765852,0.0040593310984130765,0.0037447967364077996,8,0.3333333333333333,207,29267005
63781,0.05074006193261101,0.004059190517236434,0.0037446703714270942,8,0.3333333333333333,207,29269075
63791,0.05073840930760556,0.004059057928800996,0.003744544267342506,8,0.3333333333333333,207,29271145
63801,0.05073671411540947,0.004058929152294452,0.003744418230682622,8,0.3333333333333333,207,29273215
63811,0.050735071323298964,0.004058792412326045,0.0037442920496221685,8,0.3333333333333333,207,29275285
63821,0.050733400212398284,0.004058661383234963,0.0037441660804183436,8,0.3333333333333333,207,29277355
63831,0.050731653324059496,0.004058521253566156,0.0037440399308588837,8,0.3333333333333333,207,29279425
63841,0.05073005850164021,0.004058392909448397,0.003743913938431888,8,0.3333333333333333,207,29281495
63851,0.05072838790172453,0.004058254327096622,0.00374378780275115,8,0.3333333333333333,207,29283565
63861,0.050726674764462173,0.004058118037097776,0.003743661776617011,8,0.3333333333333333,207,29285635
63871,0.050724928592770197,0.004057982140843665,0.003743535737023362,8,0.3333333333333333,207,29287705
63881,0.05072308772191785,0.0040578344930037175,0.003743409379339212,8,0.3333333333333333,207,29289775
63891,0.05072123757040867,0.0040576853438178215,0.0037432830345353455,8,0.3333333333333333,207,29291845
63901,0.05071938762776382,0.004057536591048594,0.0037431568950117493,8,0.3333333333333333,207,29293915
63911,0.050717713372546346,0.004057404928572688,0.0037430310788740366,8,0.3333333333333333,207,29295985
63921,0.050716172070681305,0.004057277452435843,0.0037429052334455493,8,0.3333333333333333,207,29298055
63931,0.050714336924934135,0.004057133297932049,0.0037427792539924103,8,0.3333333333333333,207,29300125
63941,0.050712743786777786,0.004057006986096449,0.0037426535573957917,8,0.3333333333333333,207,29302195
63951,0.0507111318403623,0.00405687651457857,0.003742527890791435,8,0.3333333333333333,207,29304265
63961,0.05070937784356366,0.004056735817118772,0.003742402033524357,8,0.3333333333333333,207,29306335
63971,0.05070762403452848,0.004056598168183616,0.0037422760410874677,8,0.3333333333333333,207,29308405
63981,0.05070593202376286,0.0040564650833728915,0.003742150143802393,8,0.3333333333333333,207,29310475
63991,0.05070442500165868,0.004056338456812463,0.0037420244077730866,8,0.3333333333333333,207,29312545
64001,0.05070245849892041,0.004056184549982178,0.00374189829946193,8,0.3333333333333333,207,29314615
64011,0.050700800186121525,0.004056053023247368,0.003741772700421059,8,0.3333333333333333,207,29316685
64021,0.050699241525151095,0.0040559271944625944,0.003741647017741804,8,0.3333333333333333,207,29318755
64031,0.05069767827558867,0.004055802514603025,0.003741521508112992,8,0.3333333333333333,207,29320825
64041,0.050696010973819344,0.004055664205842501,0.0037413957554854713,8,0.3333333333333333,207,29322895
64051,0.050694315426203514,0.004055527806021496,0.0037412700211541024,8,0.3333333333333333,207,29324965
64061,0.05069260584781104,0.004055396724018391,0.0037411441436208098,8,0.3333333333333333,207,29327035
64071,0.050690995881743195,0.004055260730830024,0.003741018749848852,8,0.3333333333333333,207,29329105
64081,0.05068910674103478,0.004055115661736126,0.003740892909849016,8,0.3333333333333333,207,29331175
64091,0.05068745924734079,0.004054983484824681,0.0037407672802288205,8,0.3333333333333333,207,29333245
64101,0.05068576458481164,0.004054844126478315,0.0037406415418516858,8,0.3333333333333333,207,29335315
64111,0.05068402750105933,0.00405470478295485,0.003740515794988009,8,0.3333333333333333,207,29337385
64121,0.05068218648809567,0.004054561668352386,0.00374039001794813,8,0.3333333333333333,207,29339455
64131,0.050680260508422656,0.004054412512629337,0.003740264024262112,8,0.3333333333333333,207,29341525
64141,0.05067863756139447,0.004054282299183814,0.003740138480192057,8,0.3333333333333333,207,29343595
64151,0.050676929618869965,0.004054137716861635,0.003740012658028326,8,0.3333333333333333,207,29345665
64161,0.050675065751952963,0.0040539916367976865,0.0037398869392848426,8,0.3333333333333333,207,29347735
64171,0.05067332507295647,0.00405385465423486,0.003739761198242039,8,0.3333333333333333,207,29349805
64181,0.05067176429536534,0.0040537244962342905,0.003739635769768932,8,0.3333333333333333,207,29351875
64191,0.05067001450954142,0.004053590568074301,0.003739510225766775,8,0.3333333333333333,207,29353945
64201,0.050668274367513484,0.004053446062088575,0.003739384413467068,8,0.3333333333333333,207,29356015
64211,0.05066665733612198,0.004053319726987539,0.0037392590076740055,8,0.3333333333333333,207,29358085
64221,0.05066502155461541,0.004053185840213401,0.003739133407677713,8,0.3333333333333333,207,29360155
64231,0.05066332448588725,0.004053053101586864,0.003739007723429598,8,0.3333333333333333,207,29362225
64241,0.05066166540494271,0.0040529199982992726,0.0037388824000016527,8,0.3333333333333333,207,29364295
64251,0.050659963958134185,0.004052780103177501,0.0037387566639090135,8,0.3333333333333333,207,29366365
64261,0.05065824851167249,0.004052648917819276,0.0037386309911799677,8,0.3333333333333333,207,29368435
64271,0.05065664192046736,0.004052517367604543,0.0037385054318937205,8,0.3333333333333333,207,29370505
64281,0.05065496461852248,0.00405238167304261,0.0037383799262515464,8,0.3333333333333333,207,29372575
64291,0.0506530938028245,0.004052236922481741,0.003738254218539648,8,0.3333333333333333,207,29374645
64301,0.05065140269389245,0.004052095210935786,0.0037381286459302627,8,0.3333333333333333,207,29376715
64311,0.05064965508336894,0.004051961071471827,0.003738003231614178,8,0.3333333333333333,207,29378785
64321,0.050648021000219534,0.0040518273235507695,0.0037378778535421156,8,0.3333333333333333,207,29380855
64331,0.050646141534109165,0.004051672812598166,0.0037377521317088335,8,0.3333333333333333,207,29382925
64341,0.050644389763854755,0.004051536072395701,0.0037376264956849297,8,0.3333333333333333,207,29384995
64351,0.050642671228122174,0.004051400479505101,0.0037375011831856293,8,0.3333333333333333,207,29387065
64361,0.05064098591646608,0.004051264523021786,0.0037373756852607,8,0.3333333333333333,207,29389135
64371,0.05063919693802355,0.004051120651123645,0.0037372501081044153,8,0.3333333333333333,207,29391205
64381,0.05063728072956194,0.004050966223561484,0.0037371243242497712,8,0.3333333333333333,207,29393275
64391,0.05063553934560559,0.004050830312176751,0.0037369989267820192,8,0.3333333333333333,207,29395345
64401,0.05063380758388254,0.0040506906401818815,0.003736873546288136,8,0.3333333333333333,207,29397415
64411,0.050632165646715535,0.0040505581543092235,0.0037367483848610196,8,0.3333333333333333,207,29399485
64421,0.05063055217936225,0.004050429078410001,0.003736623342619543,8,0.3333333333333333,207,29401555
64431,0.05062891528594115,0.004050297373730021,0.003736498177152411,8,0.3333333333333333,207,29403625
64441,0.05062733515517635,0.004050170964799821,0.00373637298591217,8,0.3333333333333333,207,29405695
64451,0.050625627842168064,0.004050038908810871,0.0037362473887683732,8,0.3333333333333333,207,29407765
64461,0.05062388298263131,0.004049899321255328,0.0037361219654531677,8,0.3333333333333333,207,29409835
64471,0.05062227976229307,0.00404977295077176,0.0037359968407690964,8,0.3333333333333333,207,29411905
64481,0.05062050225757994,0.004049625093940074,0.0037358714944201754,8,0.3333333333333333,207,29413975
64491,0.050618602379943575,0.004049472728361053,0.003735746218718132,8,0.3333333333333333,207,29416045
64501,0.05061678285294858,0.0040493282991579775,0.0037356207279530002,8,0.3333333333333333,207,29418115
64511,0.05061526045094919,0.004049208770596865,0.0037354957049777495,8,0.3333333333333333,207,29420185
64521,0.05061361094932108,0.004049073041624517,0.0037353705948691067,8,0.3333333333333333,207,29422255
64531,0.05061189093198571,0.00404893694976686,0.003735245643357543,8,0.3333333333333333,207,29424325
64541,0.050610171095556364,0.004048799741285645,0.0037351205436255627,8,0.3333333333333333,207,29426395
64551,0.05060843259546267,0.0040486576476720885,0.0037349953448211934,8,0.3333333333333333,207,29428465
64561,0.05060669899082794,0.004048519337945199,0.0037348700907947163,8,0.3333333333333333,207,29430535
64571,0.05060489962825791,0.004048380666035807,0.0037347449718755934,8,0.3333333333333333,207,29432605
64581,0.05060310046369578,0.004048233720002992,0.003734619861574025,8,0.3333333333333333,207,29434675
64591,0.05060159817168137,0.00404811579833282,0.0037344950276102192,8,0.3333333333333333,207,29436745
64601,0.05059993121297208,0.004047980559410825,0.003734369967051583,8,0.3333333333333333,207,29438815
64611,0.05059821734226053,0.004047841567960758,0.0037342448520655733,8,0.3333333333333333,207,29440885
64621,0.050596400082236044,0.00404769694213493,0.0037341196714764757,8,0.3333333333333333,207,29442955
64631,0.05059461126709152,0.004047557227685652,0.0037339944576574146,8,0.3333333333333333,207,29445025
64641,0.05059290266068246,0.004047420163863797,0.003733869220593189,8,0.3333333333333333,207,29447095
64651,0.05059137306817074,0.004047297421096395,0.003733744199284002,8,0.3333333333333333,207,29449165
64661,0.05058971656327488,0.004047166031331505,0.003733619054646532,8,0.3333333333333333,207,29451235
64671,0.05058814962651568,0.004047037666117162,0.0037334942340452744,8,0.3333333333333333,207,29453305
64681,0.05058645110499943,0.004046898398466828,0.0037333689124889272,8,0.3333333333333333,207,29455375
64691,0.05058464456115749,0.004046759145649083,0.003733243860020811,8,0.3333333333333333,207,29457445
64701,0.050582918181124786,0.004046621036558306,0.003733118914432654,8,0.3333333333333333,207,29459515
64711,0.0505812390163858,0.004046482942055371,0.003732993972931958,8,0.3333333333333333,207,29461585
64721,0.0505793389932222,0.004046336209113479,0.003732868845595897,8,0.3333333333333333,207,29463655
64731,0.050577726028126685,0.0040462049159042494,0.003732744056158281,8,0.3333333333333333,207,29465725
64741,0.05057586402735069,0.004046059718713331,0.0037326192454362798,8,0.3333333333333333,207,29467795
64751,0.05057413387337942,0.004045920931293502,0.003732494321726735,8,0.3333333333333333,207,29469865
64761,0.0505726906513873,0.004045803218012848,0.0037323698967071622,8,0.3333333333333333,207,29471935
64771,0.05057112534624148,0.004045678370781877,0.0037322451710601018,8,0.3333333333333333,207,29474005
64781,0.050569395693948596,0.004045536239956706,0.0037321203121580882,8,0.3333333333333333,207,29476075
64791,0.0505675581390007,0.0040453888613499,0.0037319954099655213,8,0.3333333333333333,207,29478145
64801,0.05056585705752705,0.004045256535536349,0.0037318705498117187,8,0.3333333333333333,207,29480215
64811,0.05056423132751203,0.004045127230070698,0.0037317455055476782,8,0.3333333333333333,207,29482285
64821,0.0505625963633877,0.004044991924095753,0.0037316207454737714,8,0.3333333333333333,207,29484355
64831,0.05056094747048365,0.0040448588868795075,0.003731495925473192,8,0.3333333333333333,207,29486425
64841,0.050559115562441755,0.004044716845141199,0.00373137130455632,8,0.3333333333333333,207,29488495
64851,0.05055755155738734,0.00404459059877834,0.0037312466511651,8,0.3333333333333333,207,29490565
64861,0.05055596422190111,0.00404446474028998,0.0037311218719688053,8,0.3333333333333333,207,29492635
64871,0.0505542925205389,0.004044329127248932,0.0037309970605711004,8,0.3333333333333333,207,29494705
64881,0.050552728977212746,0.004044208928009619,0.0037308723047210003,8,0.3333333333333333,207,29496775
64891,0.05055099188238135,0.004044062825698658,0.0037307470896989128,8,0.3333333333333333,207,29498845
64901,0.05054942865498466,0.004043940773311216,0.0037306224362871625,8,0.3333333333333333,207,29500915
64911,0.05054784210870497,0.004043813099938745,0.0037304979274592636,8,0.3333333333333333,207,29502985
64921,0.05054619001131255,0.004043683186314223,0.003730373391537662,8,0.3333333333333333,207,29505055
64931,0.05054455215928322,0.00404355591352802,0.003730248832175037,8,0.3333333333333333,207,29507125
64941,0.050542698628062335,0.004043402001354129,0.00373012364224177,8,0.3333333333333333,207,29509195
64951,0.050540887532429746,0.004043255238586197,0.003729998738673145,8,0.3333333333333333,207,29511265
64961,0.05053911885829752,0.004043120126319,0.003729873993926592,8,0.3333333333333333,207,29513335
64971,0.050537598983720296,0.004042995535169464,0.003729749641465063,8,0.3333333333333333,207,29515405
64981,0.05053585880724186,0.004042860074542907,0.003729625149503105,8,0.3333333333333333,207,29517475
64991,0.050534250129820886,0.004042726128679285,0.0037295006823463823,8,0.3333333333333333,207,29519545
65001,0.05053262285358316,0.00404259632310571,0.0037293761587266256,8,0.3333333333333333,207,29521615
65011,0.050530808186366384,0.004042449650829144,0.00372925130216351,8,0.3333333333333333,207,29523685
65021,0.05052902653883352,0.004042308245841095,0.0037291266767250507,8,0.3333333333333333,207,29525755
65031,0.05052723102238955,0.004042163480998314,0.0037290022158952985,8,0.3333333333333333,207,29527825
65041,0.050525506012448915,0.004042022106990115,0.0037288774965443384,8,0.3333333333333333,207,29529895
65051,0.05052390304161761,0.00404190136995439,0.00372876548820127,7,0.2916666666666667,181,29531757
65061,0.05052245487875925,0.004041782518620637,0.0037286566366980674,7,0.2916666666666667,181,29533567
65071,0.05052103027432368,0.004041667801725501,0.00372854788389286,7,0.2916666666666667,181,29535377
65081,0.05051947928389932,0.004041547097442639,0.0037284493567417616,6,0.25,156,29537012
65091,0.050518158012546506,0.004041441396644691,0.0037283556491230336,6,0.25,156,29538572
65101,0.05051694928350478,0.004041344699154049,0.003728261908805761,6,0.25,156,29540132
65111,0.050515824964757,0.004041254379672009,0.0037281682677507834,6,0.25,156,29541692
65121,0.05051454146220109,0.00404115244983575,0.003728074492375659,6,0.25,156,29543252
65131,0.050513403257886884,0.004041066640077,0.0037279871932768046,5,0.20833333333333334,130,29544708
65141,0.05051244778962844,0.004040986830822047,0.0037279090297417656,5,0.20833333333333334,130,29546008
65151,0.050511431495083164,0.004040907026445475,0.0037278309294719587,5,0.20833333333333334,130,29547308
65161,0.05051030755638532,0.004040814114819683,0.0037277526769488316,5,0.20833333333333334,130,29548608
65171,0.05050910877375614,0.004040720835202137,0.003727674391420906,5,0.20833333333333334,130,29549908
65181,0.050508064593462326,0.004040638425021224,0.0037275963554543445,5,0.20833333333333334,130,29551208
65191,0.050507062617794626,0.0040405571437115515,0.003727518359780305,5,0.20833333333333334,130,29552508
65201,0.050505990478327115,0.00404046837681855,0.003727440323525694,5,0.20833333333333334,130,29553808
65211,0.050504960541686336,0.00404038598257282,0.003727362301279504,5,0.20833333333333334,130,29555108
65221,0.050503949394408595,0.004040309210797099,0.003727284164816059,5,0.20833333333333334,130,29556408
65231,0.05050292426738552,0.004040223830905733,0.0037272167801754657,4,0.16666666666666666,104,29557526
65241,0.050502067703785555,0.00404015867632457,0.0037271543204289667,4,0.16666666666666666,104,29558566
65251,0.05050126266860675,0.004040093899419059,0.0037270918180889404,4,0.16666666666666666,104,29559606
65261,0.05050028451070857,0.004040016396016386,0.0037270291616090176,4,0.16666666666666666,104,29560646
65271,0.05049945616447162,0.004039950877405676,0.0037269666804761454,4,0.16666666666666666,104,29561686
65281,0.05049862786028774,0.004039883490265565,0.003726904144709947,4,0.16666666666666666,104,29562726
65291,0.05049784171216251,0.004039822844813958,0.0037268417917634693,4,0.16666666666666666,104,29563766
65301,0.05049706496014874,0.004039762202180062,0.0037267793446525417,4,0.16666666666666666,104,29564806
65311,0.050496423933629415,0.004039707177043119,0.0037267169665286073,4,0.16666666666666666,104,29565846
65321,0.050495506888385194,0.00403963194234499,0.003726654529747006,4,0.16666666666666666,104,29566886
65331,0.050494655392526656,0.004039564197397326,0.003726592168920334,4,0.16666666666666666,104,29567926
65341,0.05049376183752132,0.004039496081713623,0.0037265298008830015,4,0.16666666666666666,104,29568966
65351,0.050492947856189824,0.004039431337683466,0.0037264674174891394,4,0.16666666666666666,104,29570006
65361,0.05049212456006638,0.004039363228933476,0.0037264049352727815,4,0.16666666666666666,104,29571046
65371,0.050491254530910024,0.004039293252766076,0.0037263424091371626,4,0.16666666666666666,104,29572086
65381,0.050490468738004876,0.004039234131441966,0.0037262802176428293,4,0.16666666666666666,104,29573126
65391,0.05048962685903714,0.004039164162196304,0.003726217703748634,4,0.16666666666666666,104,29574166
65401,0.050488668105352,0.0040390852174448585,0.003726155167562013,4,0.16666666666666666,104,29575206
65411,0.05048783099577658,0.0040390178749860435,0.0037260927859141964,4,0.16666666666666666,104,29576246
65421,0.050487003281620924,0.0040389535287722236,0.0037260305912506036,4,0.16666666666666666,104,29577286
65431,0.050486035330210434,0.0040388783375077284,0.0037259680482605137,4,0.16666666666666666,104,29578326
65441,0.05048507678759486,0.0040387994100454004,0.0037259054869201932,4,0.16666666666666666,104,29579366
65451,0.050484225835987204,0.004038732456367452,0.0037258431952677997,4,0.16666666666666666,104,29580406
65461,0.05048326272454045,0.004038656903828699,0.003725780651636989,4,0.16666666666666666,104,29581446
65471,0.05048247731652847,0.0040385933233988,0.003725718359272877,4,0.16666666666666666,104,29582486
65481,0.0504815470309686,0.004038515535086883,0.0037256557911410325,4,0.16666666666666666,104,29583526
65491,0.05048065886813866,0.004038446352263631,0.0037255934275845543,4,0.16666666666666666,104,29584566
65501,0.05047976140535623,0.004038370816289044,0.0037255309834156153,4,0.16666666666666666,104,29585606
65511,0.05047887801366101,0.004038305006331406,0.0037254688009222933,4,0.16666666666666666,104,29586646
65521,0.0504780227117394,0.004038236582452202,0.0037254064438267016,4,0.16666666666666666,104,29587686
65531,0.05047725624976662,0.004038173022500687,0.0037253441026742647,4,0.16666666666666666,104,29588726
65541,0.05047633093513646,0.004038097502348389,0.003725281601458196,4,0.16666666666666666,104,29589766
65551,0.05047528417783649,0.004038016752962307,0.0037252190994356703,4,0.16666666666666666,104,29590806
65561,0.050474475790724546,0.004037950587052093,0.0037251568510097074,4,0.16666666666666666,104,29591846
65571,0.05047359268528759,0.004037882181757796,0.00372509454161591,4,0.16666666666666666,104,29592886
65581,0.050472784382019305,0.004037817891526864,0.003725032297126961,4,0.16666666666666666,104,29593926
65591,0.0504720134942645,0.00403775435196985,0.003724969955843031,4,0.16666666666666666,104,29594966
65601,0.050471270673269356,0.004037694552860773,0.003724907863993104,4,0.16666666666666666,104,29596006
65611,0.05047045314210687,0.00403763064559315,0.003724845621642945,4,0.16666666666666666,104,29597046
65621,0.05046962630942201,0.004037563378167262,0.0037247832585346843,4,0.16666666666666666,104,29598086
65631,0.05046882287375718,0.004037498729965685,0.0037247209849431396,4,0.16666666666666666,104,29599126
65641,0.05046788402526213,0.004037424369811587,0.0037246586470791264,4,0.16666666666666666,104,29600166
65651,0.050466954571793676,0.004037349640259082,0.003724596171491946,4,0.16666666666666666,104,29601206
65661,0.050466254013744834,0.004037294343146361,0.003724533986304388,4,0.16666666666666666,104,29602246
65671,0.050465333993229895,0.00403722298344523,0.0037244715608262743,4,0.16666666666666666,104,29603286
65681,0.05046457746703272,0.004037160593606906,0.003724409358535253,4,0.16666666666666666,104,29604326
65691,0.05046379295842215,0.0040370970860580295,0.0037243470852072313,4,0.16666666666666666,104,29605366
65701,0.05046291510068362,0.00403702611069187,0.003724284676326276,4,0.16666666666666666,104,29606406
65711,0.05046204195928913,0.0040369592479589465,0.003724222282880326,4,0.16666666666666666,104,29607446
65721,0.05046124356610863,0.004036893135665905,0.003724159907510389,4,0.16666666666666666,104,29608486
65731,0.050460393857252074,0.004036827773698859,0.0037240978567253803,4,0.16666666666666666,104,29609526
65741,0.05045971225468627,0.004036770257877314,0.0037240357967112275,4,0.16666666666666666,104,29610566
65751,0.05045881127584841,0.004036698553392337,0.00372397354653604,4,0.16666666666666666,104,29611606
65761,0.05045801304086253,0.004036630960586584,0.0037239113322025887,4,0.16666666666666666,104,29612646
65771,0.05045707948227933,0.004036558143527913,0.003723848956417243,4,0.16666666666666666,104,29613686
65781,0.050456267329798035,0.004036492798346937,0.003723786746963337,4,0.16666666666666666,104,29614726
65791,0.050455361874159166,0.004036422229228866,0.003723724441046694,4,0.16666666666666666,104,29615766
65801,0.050454554474178966,0.004036354650742877,0.003723662186708198,4,0.16666666666666666,104,29616806
65811,0.05045371444728383,0.0040362893157572625,0.003723600049195999,4,0.16666666666666666,104,29617846
65821,0.05045289779596874,0.004036227343881626,0.003723537813592266,4,0.16666666666666666,104,29618886
65831,0.0504519318669443,0.0040361474567728204,0.003723475368643546,4,0.16666666666666666,104,29619926
65841,0.050451087309242366,0.004036076906339788,0.003723413107249326,4,0.16666666666666666,104,29620966
65851,0.0504501448158492,0.004036004120210927,0.0037233508907948015,4,0.16666666666666666,104,29622006
65861,0.05044937966327501,0.004035941788653112,0.0037232885954120772,4,0.16666666666666666,104,29623046
65871,0.05044853523779932,0.004035875354704074,0.003723226177032241,4,0.16666666666666666,104,29624086
65881,0.0504476675312278,0.004035808924139592,0.0037231638126230247,4,0.16666666666666666,104,29625126
65891,0.05044694914246227,0.004035748840982107,0.0037231016510027685,4,0.16666666666666666,104,29626166
65901,0.05044615148813903,0.004035683536342288,0.0037230394523568144,4,0.16666666666666666,104,29627206
65911,0.05044532122276487,0.004035617861831809,0.003722977218623391,4,0.16666666666666666,104,29628246
65921,0.0504443977188347,0.004035544728201784,0.0037229147001970673,4,0.16666666666666666,104,29629286
65931,0.05044356754279507,0.004035476448974576,0.003722852379547972,4,0.16666666666666666,104,29630326
65941,0.050442592839508346,0.0040354014578781626,0.003722790017137778,4,0.16666666666666666,104,29631366
65951,0.05044174876558059,0.004035330947796673,0.0037227279205472464,4,0.16666666666666666,104,29632406
65961,0.050440956028774006,0.004035269021452435,0.0037226658282437683,4,0.16666666666666666,104,29633446
65971,0.050440046760507694,0.004035197772490623,0.0037226035762928287,4,0.16666666666666666,104,29634486
65981,0.05043923545626882,0.004035132122443948,0.0037225413688434204,4,0.16666666666666666,104,29635526
65991,0.050438419530099324,0.004035067221670159,0.003722479204221727,4,0.16666666666666666,104,29636566
66001,0.050437501079230854,0.004034990762260275,0.003722416714836365,4,0.16666666666666666,104,29637606
66011,0.05043668057807248,0.004034929225016696,0.0037223545699894404,4,0.16666666666666666,104,29638646
66021,0.05043581816400277,0.0040348576216988905,0.003722292374272702,4,0.16666666666666666,104,29639686
66031,0.05043503037698622,0.004034795344927736,0.0037222302633952435,4,0.16666666666666666,104,29640726
66041,0.05043424262805392,0.004034734935573322,0.003722168361733403,4,0.16666666666666666,104,29641766
66051,0.05043343161272798,0.0040346719189215405,0.0037221062353445136,4,0.16666666666666666,104,29642806
66061,0.05043256470994658,0.004034596228390613,0.003722043926284372,4,0.16666666666666666,104,29643846
66071,0.05043171183447814,0.004034531727121022,0.003721981607187746,4,0.16666666666666666,104,29644886
66081,0.0504308217224462,0.004034458281584818,0.003721919300000318,4,0.16666666666666666,104,29645926
66091,0.05043000621745783,0.004034392295977508,0.0037218572124258103,4,0.16666666666666666,104,29646966
66101,0.05042910687928469,0.004034322213227818,0.003721795018581265,4,0.16666666666666666,104,29648006
66111,0.05042823554715935,0.004034249152245361,0.003721732616345251,4,0.16666666666666666,104,29649046
66121,0.05042721982842451,0.004034172368075585,0.003721670314832348,4,0.16666666666666666,104,29650086
66131,0.05042639518593637,0.0040341071423585515,0.003721608213295454,4,0.16666666666666666,104,29651126
66141,0.0504256590996514,0.0040340482556578214,0.003721546176908976,4,0.16666666666666666,104,29652166
66151,0.05042477397664048,0.004033974464687565,0.0037214837820783112,4,0.16666666666666666,104,29653206
66161,0.05042384232015693,0.004033900677894934,0.003721421550068152,4,0.16666666666666666,104,29654246
66171,0.05042313429686068,0.004033843663688977,0.0037213596961188423,4,0.16666666666666666,104,29655286
66181,0.050422305203431286,0.004033777709189749,0.003721297645892381,4,0.16666666666666666,104,29656326
66191,0.050421452864848275,0.004033710640240594,0.003721235641461274,4,0.16666666666666666,104,29657366
66201,0.05042066577210201,0.004033648418246505,0.0037211735462212158,4,0.16666666666666666,104,29658406
66211,0.05041981351929007,0.004033577257811111,0.0037211114056503267,4,0.16666666666666666,104,29659446
66221,0.05041897528133084,0.004033511689331334,0.003721049250304423,4,0.16666666666666666,104,29660486
66231,0.05041814639954246,0.00403344649667055,0.0037209871270340246,4,0.16666666666666666,104,29661526
66241,0.050417257028351536,0.0040333753472600155,0.0037209248165111595,4,0.16666666666666666,104,29662566
66251,0.050416423577960695,0.004033308671495575,0.0037208626301784976,4,0.16666666666666666,104,29663606
66261,0.05041545980861154,0.004033230080422083,0.0037208003185155813,4,0.16666666666666666,104,29664646
66271,0.05041462645017213,0.004033164901847802,0.003720738171741751,4,0.16666666666666666,104,29665686
66281,0.05041388158486075,0.004033104568016244,0.0037206760538312836,4,0.16666666666666666,104,29666726
66291,0.05041300641164411,0.004033034554479076,0.00372061384530484,4,0.16666666666666666,104,29667766
66301,0.05041226627525296,0.004032974971453087,0.003720551773348787,4,0.16666666666666666,104,29668806
66311,0.0504113911888239,0.004032905337244324,0.0037204896511781184,4,0.16666666666666666,104,29669846
66321,0.0504105766559408,0.004032840547258556,0.0037204274546148853,4,0.16666666666666666,104,29670886
66331,0.05040976681791659,0.0040327746435094005,0.003720365370115859,4,0.16666666666666666,104,29671926
66341,0.05040896167405362,0.00403271023233167,0.003720303338473988,4,0.16666666666666666,104,29672966
66351,0.05040803092150346,0.004032635027933915,0.003720241285873877,4,0.16666666666666666,104,29674006
66361,0.05040717932952,0.0040325709959276685,0.0037201793280145674,4,0.16666666666666666,104,29675046
66371,0.050406360354098546,0.00403249877755738,0.003720117084847416,4,0.16666666666666666,104,29676086
66381,0.050405485584934004,0.004032433263323679,0.0037200548879605198,4,0.16666666666666666,104,29677126
66391,0.05040461086275521,0.004032360308167775,0.0037199928481329338,4,0.16666666666666666,104,29678166
66401,0.050403815278595915,0.004032300755967044,0.0037199310604215524,4,0.16666666666666666,104,29679206
66411,0.05040301042890905,0.004032233762994964,0.003719868747751893,4,0.16666666666666666,104,29680246
66421,0.050402205618999184,0.004032169378551643,0.003719806842902346,4,0.16666666666666666,104,29681286
66431,0.050401358983296826,0.004032099787385065,0.003719744871938199,4,0.16666666666666666,104,29682326
66441,0.05040051239161026,0.004032031688398522,0.003719682811133293,4,0.16666666666666666,104,29683366
66451,0.050399623982829954,0.004031965825552198,0.003719620712363344,4,0.16666666666666666,104,29684406
66461,0.05039867515996474,0.004031885827138631,0.0037195586061639567,4,0.16666666666666666,104,29685446
66471,0.05039782405708282,0.004031820343721931,0.0037194965423102528,4,0.16666666666666666,104,29686486
66481,0.05039693114450209,0.004031748166951491,0.0037194342239245067,4,0.16666666666666666,104,29687526
66491,0.05039604293108909,0.004031678598282729,0.0037193721366744585,4,0.16666666666666666,104,29688566
66501,0.050395247765422056,0.0040316138692754275,0.0037193101810866955,4,0.16666666666666666,104,29689606
66511,0.05039437824274054,0.004031540959992933,0.0037192482527905,4,0.16666666666666666,104,29690646
66521,0.05039341112767531,0.004031462475479662,0.0037191860311322385,4,0.16666666666666666,104,29691686
66531,0.050392551001484744,0.004031397757211313,0.003719124086711063,4,0.16666666666666666,104,29692726
66541,0.05039182574119825,0.004031336761327343,0.0037190622546277607,4,0.16666666666666666,104,29693766
66551,0.050390988942549994,0.004031272049305063,0.0037190004240265384,4,0.16666666666666666,104,29694806
66561,0.050390203320742635,0.004031208828020506,0.003718938528053004,4,0.16666666666666666,104,29695846
66571,0.05038932012255773,0.004031140403735359,0.0037188764619209007,4,0.16666666666666666,104,29696886
66581,0.05038849274877841,0.004031073470412901,0.003718814614994475,4,0.16666666666666666,104,29697926
66591,0.05038760499558893,0.004031002078660259,0.0037187525316761364,4,0.16666666666666666,104,29698966
66601,0.05038673123344031,0.004030930319019461,0.0037186904085355185,4,0.16666666666666666,104,29700006
66611,0.050385866812783044,0.0040308645118401305,0.0037186283271647296,4,0.16666666666666666,104,29701046
66621,0.05038507214396471,0.0040307983362221685,0.0037185663129263107,4,0.16666666666666666,104,29702086
66631,0.05038419851775011,0.004030727703036755,0.003718504175441508,4,0.16666666666666666,104,29703126
66641,0.05038341322356168,0.004030665251621854,0.003718442047492974,4,0.16666666666666666,104,29704166
66651,0.05038255827178048,0.004030597599301909,0.0037183798481450255,4,0.16666666666666666,104,29705206
66661,0.05038171730323978,0.004030531437245545,0.0037183180161015524,4,0.16666666666666666,104,29706246
66671,0.050380834565323204,0.004030460075200235,0.003718256056680396,4,0.16666666666666666,104,29707286
66681,0.05037997510334785,0.004030390575300628,0.0037181941207166925,4,0.16666666666666666,104,29708326
66691,0.0503792039490676,0.004030329626569947,0.0037181321772158066,4,0.16666666666666666,104,29709366
66701,0.05037831205715132,0.004030258647192774,0.0037180700171472766,4,0.16666666666666666,104,29710406
66711,0.0503773969896779,0.004030184698972754,0.003718007896638703,4,0.16666666666666666,104,29711446
66721,0.050376454105946045,0.004030112612790654,0.003717945976372714,4,0.16666666666666666,104,29712486
66731,0.050375645963362574,0.004030044617627044,0.003717883805693251,4,0.16666666666666666,104,29713526
66741,0.05037481464016194,0.004029979969780852,0.003717821906280156,4,0.16666666666666666,104,29714566
66751,0.050373876549890804,0.0040299045513503004,0.0037177598834592794,4,0.16666666666666666,104,29715606
66761,0.0503730917535309,0.004029838053008631,0.00371769792136344,4,0.16666666666666666,104,29716646
66771,0.05037218626629183,0.004029769329241116,0.003717635937305983,4,0.16666666666666666,104,29717686
66781,0.0503713736924303,0.00402970209490346,0.003717574066879875,4,0.16666666666666666,104,29718726
66791,0.05037047758658626,0.004029630406865442,0.0037175119641711216,4,0.16666666666666666,104,29719766
66801,0.05036962331400372,0.004029564665347092,0.0037174499302177447,4,0.16666666666666666,104,29720806
66811,0.05036882479540081,0.004029498927148289,0.003717387943173635,4,0.16666666666666666,104,29721846
66821,0.05036797525176648,0.004029431706773101,0.0037173259448080153,4,0.16666666666666666,104,29722886
66831,0.050367153604212574,0.004029365603932651,0.003717264096774059,4,0.16666666666666666,104,29723926
66841,0.050366341281595395,0.004029302103803021,0.003717202235061584,4,0.16666666666666666,104,29724966
66851,0.050365468660190864,0.004029230066470429,0.003717140204100975,4,0.16666666666666666,104,29726006
66861,0.05036470747547705,0.004029170657236806,0.003717078266007954,4,0.16666666666666666,104,29727046
66871,0.05036388135187431,0.004029102711249575,0.003717016426463098,4,0.16666666666666666,104,29728086
66881,0.05036306919258874,0.004029039966465748,0.003716954440454346,4,0.16666666666666666,104,29729126
66891,0.050362178184462106,0.004028967572396132,0.0037168923405358693,4,0.16666666666666666,104,29730166
66901,0.05036133362805152,0.0040288996370081275,0.003716830420814426,4,0.16666666666666666,104,29731206
66911,0.05036051695585076,0.004028832447570846,0.0037167684312970233,4,0.16666666666666666,104,29732246
66921,0.05035989055892951,0.004028786048050309,0.0037167066615032556,4,0.16666666666666666,104,29733286
66931,0.05035919459063263,0.004028731484330329,0.0037166447538149795,4,0.16666666666666666,104,29734326
66941,0.05035835018907103,0.004028660963182869,0.0037165826824799558,4,0.16666666666666666,104,29735366
66951,0.05035758005882565,0.004028603064465437,0.003716520791280653,4,0.16666666666666666,104,29736406
66961,0.05035685635519292,0.004028544797202585,0.0037164589781233707,4,0.16666666666666666,104,29737446
66971,0.05035602599132444,0.0040284757705724,0.003716397155199756,4,0.16666666666666666,104,29738486
66981,0.050355293079658435,0.004028417880092239,0.003716335267857965,4,0.16666666666666666,104,29739526
66991,0.05035446743391241,0.004028351828715036,0.0037162734049318515,4,0.16666666666666666,104,29740566
67001,0.050353576896708864,0.004028276504550134,0.0037162114050430938,4,0.16666666666666666,104,29741606
67011,0.050352616840892074,0.004028206379073817,0.0037161497402470613,4,0.16666666666666666,104,29742646
67021,0.05035197219752435,0.004028148871582455,0.003716088115805311,4,0.16666666666666666,104,29743686
67031,0.050350984412284645,0.004028074301135733,0.003716026038484936,4,0.16666666666666666,104,29744726
67041,0.050350265639131433,0.004028013089783185,0.00371596428807584,4,0.16666666666666666,104,29745766
67051,0.050349398516369596,0.004027943720397259,0.0037159024939755377,4,0.16666666666666666,104,29746806
67061,0.05034855462309041,0.004027881031459201,0.003715840588647173,4,0.16666666666666666,104,29747846
67071,0.05034769686434758,0.00402780795999979,0.003715778665420001,4,0.16666666666666666,104,29748886
67081,0.050346904057300704,0.004027745277601118,0.0037157168598942816,4,0.16666666666666666,104,29749926
67091,0.050346069565309466,0.0040276803729736915,0.00371565497949109,4,0.16666666666666666,104,29750966
67101,0.0503452768375697,0.004027618067576811,0.0037155931858385235,4,0.16666666666666666,104,29752006
67111,0.05034436362601594,0.004027542044198844,0.0037155311571259865,4,0.16666666666666666,104,29753046
67121,0.05034346437133995,0.0040274712166580035,0.0037154692611457967,4,0.16666666666666666,104,29754086
67131,0.050342616150896705,0.004027400022177691,0.0037154073263099513,4,0.16666666666666666,104,29755126
67141,0.05034165210705235,0.004027326977723062,0.003715345439067822,4,0.16666666666666666,104,29756166
67151,0.05034077617445213,0.004027257644902119,0.0037152835938037815,4,0.16666666666666666,104,29757206
67161,0.050339900289023076,0.004027186091372609,0.003715221727418948,4,0.16666666666666666,104,29758246
67171,0.05033907542418198,0.004027120473200886,0.0037151597503722066,4,0.16666666666666666,104,29759286
67181,0.05033829230470376,0.004027053375554745,0.0037150980349571964,4,0.16666666666666666,104,29760326
67191,0.0503372960829422,0.004026977755835868,0.003715036257284858,4,0.16666666666666666,104,29761366
67201,0.0503365315820446,0.0040269169666996,0.0037149746148344037,4,0.16666666666666666,104,29762406
67211,0.05033576248407166,0.004026853956568425,0.0037149128277435186,4,0.16666666666666666,104,29763446
67221,0.05033496099295939,0.004026790208247141,0.0037148510521022786,4,0.16666666666666666,104,29764486
67231,0.05033409468571747,0.004026720904023152,0.0037147892614305188,4,0.16666666666666666,104,29765526
67241,0.05033326548297524,0.004026653826980005,0.0037147273788108513,4,0.16666666666666666,104,29766566
67251,0.05033238536989566,0.004026581936088441,0.0037146654632626147,4,0.16666666666666666,104,29767606
67261,0.05033144045940264,0.004026508567006669,0.003714603523288181,4,0.16666666666666666,104,29768646
67271,0.050330634549720886,0.004026439277784213,0.003714541571175341,4,0.16666666666666666,104,29769686
67281,0.05032975457901828,0.004026374067769475,0.0037144797929111965,4,0.16666666666666666,104,29770726
67291,0.050328916335426056,0.004026307379089892,0.0037144179938914056,4,0.16666666666666666,104,29771766
67301,0.05032807350422193,0.00402623847104579,0.0037143562057731145,4,0.16666666666666666,104,29772806
67311,0.050327133474799314,0.0040261640100047735,0.0037142943788067025,4,0.16666666666666666,104,29773846
67321,0.05032628610568777,0.004026096591246419,0.003714232618593695,4,0.16666666666666666,104,29774886
67331,0.05032554527270094,0.0040260388065202725,0.0037141708620450184,4,0.16666666666666666,104,29775926
67341,0.050324735025269185,0.00402597361657751,0.0037141091866675934,4,0.16666666666666666,104,29776966
67351,0.050323878521885516,0.00402590472621141,0.003714047263367826,4,0.16666666666666666,104,29778006
67361,0.05032305446932654,0.0040258417650895,0.0037139854688322082,4,0.16666666666666666,104,29779046
67371,0.0503223739630261,0.004025781769679684,0.003713923752026015,4,0.16666666666666666,104,29780086
67381,0.050321610163349816,0.004025722147353556,0.0037138620733807404,4,0.16666666666666666,104,29781126
67391,0.05032079085449603,0.004025654751493179,0.0037138003430491427,4,0.16666666666666666,104,29782166
67401,0.05032000398655658,0.00402559180247022,0.00371373861484933,4,0.16666666666666666,104,29783206
67411,0.050319235669905406,0.004025531448326799,0.003713676902389784,4,0.16666666666666666,104,29784246
67421,0.05031837945617601,0.004025465173076706,0.0037136152590297716,4,0.16666666666666666,104,29785286
67431,0.050317546426638,0.004025392977625278,0.0037135534257336307,4,0.16666666666666666,104,29786326
67441,0.05031656535769952,0.004025314862958622,0.003713491608102483,4,0.16666666666666666,104,29787366
67451,0.050315700029995004,0.004025251560201372,0.0037134298738380096,4,0.16666666666666666,104,29788406
67461,0.050314894900129165,0.004025187150032109,0.00371336822463585,4,0.16666666666666666,104,29789446
67471,0.05031404354180934,0.004025117190876296,0.0037133063158236493,4,0.16666666666666666,104,29790486
67481,0.05031319685465929,0.004025052047109813,0.0037132445955622407,4,0.16666666666666666,104,29791526
67491,0.05031228544291632,0.004024976913749698,0.003713182688225729,4,0.16666666666666666,104,29792566
67501,0.05031132782167292,0.004024898453987487,0.0037131208919020885,4,0.16666666666666666,104,29793606
67511,0.05031055991496132,0.004024838502076823,0.003713059270934615,4,0.16666666666666666,104,29794646
67521,0.05030974116282613,0.00402476967180998,0.0037129976332459813,4,0.16666666666666666,104,29795686
67531,0.05030890395046531,0.004024706025558031,0.003712936001987559,4,0.16666666666666666,104,29796726
67541,0.05030801590492598,0.004024634982258555,0.0037128742024827824,4,0.16666666666666666,104,29797766
67551,0.05030715103221013,0.0040245657927759785,0.003712812464508357,4,0.16666666666666666,104,29798806
67561,0.05030632320250386,0.004024501046594847,0.0037127509026140086,4,0.16666666666666666,104,29799846
67571,0.05030549541495898,0.004024432234187912,0.0037126893347201547,4,0.16666666666666666,104,29800886
67581,0.0503047139112192,0.004024371193971732,0.003712627774928983,4,0.16666666666666666,104,29801926
67591,0.050303826094576905,0.004024300168963664,0.003712565985009491,4,0.16666666666666666,104,29802966
67601,0.05030293832642989,0.004024227298378462,0.0037125042535052564,4,0.16666666666666666,104,29804006
67611,0.050302133828431655,0.004024163308795929,0.00371244271177055,4,0.16666666666666666,104,29805046
67621,0.05030124152953234,0.004024095253967523,0.003712380946981937,4,0.16666666666666666,104,29806086
67631,0.05030051570594037,0.004024037927936074,0.003712319414333785,4,0.16666666666666666,104,29807126
67641,0.05029961887315477,0.004023964332414211,0.0037122577131287267,4,0.16666666666666666,104,29808166
67651,0.050298842274438905,0.0040239029443617695,0.003712196037381307,4,0.16666666666666666,104,29809206
67661,0.050297991756520305,0.004023834533381117,0.003712134343368825,4,0.16666666666666666,104,29810246
67671,0.05029712741706759,0.0040237624284064355,0.00371207262078728,4,0.16666666666666666,104,29811286
67681,0.05029628623243872,0.00402369883144039,0.003712010938577095,4,0.16666666666666666,104,29812326
67691,0.05029545895596122,0.004023629691757117,0.0037119491481996925,4,0.16666666666666666,104,29813366
67701,0.050294613236394795,0.004023562034557393,0.0037118876002993537,4,0.16666666666666666,104,29814406
67711,0.05029379990827752,0.004023493271831351,0.003711825816906444,4,0.16666666666666666,104,29815446
67721,0.05029295427505092,0.004023432645348245,0.003711764297070736,4,0.16666666666666666,104,29816486
67731,0.05029213178877617,0.004023365368048834,0.0037117026087344547,4,0.16666666666666666,104,29817526
67741,0.05029145257587979,0.004023310661603018,0.00371164107240488,4,0.16666666666666666,104,29818566
67751,0.05029063016561329,0.004023243021005329,0.0037115795134706818,4,0.16666666666666666,104,29819606
67761,0.05028975235788585,0.004023173905560464,0.003711517834791929,4,0.16666666666666666,104,29820646
67771,0.05028906400500196,0.00402311809844449,0.0037114561090224193,4,0.16666666666666666,104,29821686
67781,0.05028826019357869,0.004023053424320731,0.0037113945925303805,4,0.16666666666666666,104,29822726
67791,0.05028729936773416,0.00402297877590438,0.0037113329523685147,4,0.16666666666666666,104,29823766
67801,0.05028648178664211,0.004022911522091615,0.003711271250352995,4,0.16666666666666666,104,29824806
67811,0.05028558110933851,0.004022841685276819,0.0037112095324619283,4,0.16666666666666666,104,29825846
67821,0.05028474052223515,0.00402277406907921,0.00371114790140376,4,0.16666666666666666,104,29826886
67831,0.050283950779473036,0.004022710889909681,0.003711086290564152,4,0.16666666666666666,104,29827926
67841,0.050283198019477074,0.004022649561021948,0.003711024772743902,4,0.16666666666666666,104,29828966
67851,0.05028234832003906,0.004022582693665134,0.0037109630143657506,4,0.16666666666666666,104,29830006
67861,0.05028158178150341,0.004022519523797742,0.0037109015524941923,4,0.16666666666666666,104,29831046
67871,0.05028074140129956,0.004022451185585951,0.003710839758743942,4,0.16666666666666666,104,29832086
67881,0.050279914915919224,0.004022386544638738,0.003710778108440763,4,0.16666666666666666,104,29833126
67891,0.05027902383633212,0.004022316366679116,0.003710716450367861,4,0.16666666666666666,104,29834166
67901,0.05027821590486471,0.004022252840425756,0.003710654924578583,4,0.16666666666666666,104,29835206
67911,0.05027744032845866,0.004022189686589275,0.003710593220977571,4,0.16666666666666666,104,29836246
67921,0.05027659093011868,0.004022120257842993,0.0037105313943653537,4,0.16666666666666666,104,29837286
67931,0.0502757969674855,0.004022055264080417,0.0037104697959951852,4,0.16666666666666666,104,29838326
67941,0.05027495688648966,0.004021988427294459,0.0037104082228015685,4,0.16666666666666666,104,29839366
67951,0.05027421377413186,0.004021928978677473,0.003710346579616086,4,0.16666666666666666,104,29840406
67961,0.05027325839390964,0.004021852548737477,0.0037102849483991473,4,0.16666666666666666,104,29841446
67971,0.050272575354577645,0.004021799013534098,0.003710223480813571,4,0.16666666666666666,104,29842486
67981,0.0502717769733896,0.004021733297472432,0.0037101620509849315,4,0.16666666666666666,104,29843526
67991,0.0502709509439877,0.004021667215570882,0.0037101004899372683,4,0.16666666666666666,104,29844566
68001,0.0502701987861594,0.00402160962738054,0.0037100391513571382,4,0.16666666666666666,104,29845606
68011,0.05026931285351742,0.004021534692723569,0.0037099774706324446,4,0.16666666666666666,104,29846646
68021,0.05026850540492248,0.0040214748957528605,0.003709915901479047,4,0.16666666666666666,104,29847686
68031,0.05026764263278805,0.004021406981543697,0.0037098540545780403,4,0.16666666666666666,104,29848726
68041,0.05026690446841406,0.004021345345089858,0.003709792409126895,4,0.16666666666666666,104,29849766
68051,0.050266092526351766,0.004021279282915849,0.003709730933633243,4,0.16666666666666666,104,29850806
68061,0.05026531291564123,0.004021221342880216,0.0037096694867791605,4,0.16666666666666666,104,29851846
68071,0.050264501053143326,0.004021155287010928,0.0037096078532687722,4,0.16666666666666666,104,29852886
68081,0.05026361543124994,0.0040210833305284405,0.003709546267181772,4,0.16666666666666666,104,29853926
68091,0.05026263761317812,0.004021001046717685,0.0037094844174505055,4,0.16666666666666666,104,29854966
68101,0.050261715197268415,0.00402092909877736,0.0037094227713261566,4,0.16666666666666666,104,29856006
68111,0.050260778998697145,0.004020855679089678,0.003709361177625197,4,0.16666666666666666,104,29857046
68121,0.05025993969413881,0.004020785583762302,0.003709299615446664,4,0.16666666666666666,104,29858086
68131,0.05025899898674348,0.0040207125410769195,0.0037092380939640936,4,0.16666666666666666,104,29859126
68141,0.05025816438512006,0.004020646142199415,0.0037091765776783216,4,0.16666666666666666,104,29860166
68151,0.050257311383589166,0.004020576427030553,0.0037091150351405977,4,0.16666666666666666,104,29861206
68161,0.05025641232237369,0.0040205048714360946,0.003709053543668806,4,0.16666666666666666,104,29862246
68171,0.05025555941287622,0.004020439589615773,0.0037089920747144394,4,0.16666666666666666,104,29863286
68181,0.05025471115813749,0.004020371360711159,0.0037089305795571198,4,0.16666666666666666,104,29864326
68191,0.05025381224088326,0.00402029834131319,0.003708868963409819,4,0.16666666666666666,104,29865366
68201,0.050252950249029954,0.004020230488582481,0.0037088073782738946,4,0.16666666666666666,104,29866406
68211,0.05025211134902945,0.00402016042698233,0.0037087460319534305,4,0.16666666666666666,104,29867446
68221,0.05025133701826852,0.004020101430671141,0.003708684525571651,4,0.16666666666666666,104,29868486
68231,0.050250590377151315,0.004020044280549976,0.003708623154100055,4,0.16666666666666666,104,29869526
68241,0.050249816118925573,0.004019980127925875,0.003708561638598874,4,0.16666666666666666,104,29870566
68251,0.0502489681641858,0.0040199111858221035,0.0037085001563055627,4,0.16666666666666666,104,29871606
68261,0.050248069564836566,0.00401983782364524,0.0037084385680152196,4,0.16666666666666666,104,29872646
68271,0.05024734150542899,0.004019782528260846,0.003708377195850747,4,0.16666666666666666,104,29873686
68281,0.05024653514862336,0.004019715071079849,0.003708315627887591,4,0.16666666666666666,104,29874726
68291,0.05024568275783418,0.004019646143044257,0.0037082540967566333,4,0.16666666666666666,104,29875766
68301,0.05024492255515885,0.004019585327227212,0.0037081926521640596,4,0.16666666666666666,104,29876806
68311,0.050244005752015666,0.004019513457660396,0.00370813102325573,4,0.16666666666666666,104,29877846
68321,0.05024319495418964,0.004019450805385593,0.0037080695598586794,4,0.16666666666666666,104,29878886
68331,0.05024233352586998,0.004019381154345769,0.0037080080711328375,4,0.16666666666666666,104,29879926
68341,0.05024149517428722,0.004019315560485884,0.0037079464649144626,4,0.16666666666666666,104,29880966
68351,0.05024057395874177,0.004019241126523267,0.003707884698354096,4,0.16666666666666666,104,29882006
68361,0.0502398278124726,0.004019178118928962,0.0037078232981438666,4,0.16666666666666666,104,29883046
68371,0.05023898498479274,0.00401911327219978,0.0037077617805319086,4,0.16666666666666666,104,29884086
68381,0.050238146806131874,0.004019046218192287,0.003707700222116087,4,0.16666666666666666,104,29885126
68391,0.050237193545645945,0.004018969589280549,0.003707638756778025,4,0.16666666666666666,104,29886166
68401,0.05023642453088559,0.004018910278660298,0.003707577538465077,4,0.16666666666666666,104,29887206
68411,0.050235669366219704,0.004018846918754616,0.0037075161005563112,4,0.16666666666666666,104,29888246
68421,0.05023492804971739,0.004018788350428943,0.003707454759750052,4,0.16666666666666666,104,29889286
68431,0.05023405324771029,0.004018714315005368,0.00370739333872958,4,0.16666666666666666,104,29890326
68441,0.05023317849285233,0.004018649123127693,0.0037073320161757,4,0.16666666666666666,104,29891366
68451,0.050232441893749286,0.004018585775964212,0.0037072707045971167,4,0.16666666666666666,104,29892406
68461,0.05023143372792,0.004018508069420825,0.0037072092191064426,4,0.16666666666666666,104,29893446
68471,0.05023057752666972,0.004018441783154438,0.003707147790402501,4,0.16666666666666666,104,29894486
68481,0.05022969375340186,0.004018369240397042,0.0037070863088527715,4,0.16666666666666666,104,29895526
68491,0.050228911285990746,0.00401830443405201,0.0037070248543845615,4,0.16666666666666666,104,29896566
68501,0.05022787112302135,0.004018222326112962,0.0037069632414998134,4,0.16666666666666666,104,29897606
68511,0.05022696908876197,0.004018151268276767,0.0037069016016285984,4,0.16666666666666666,104,29898646
68521,0.05022612232671677,0.004018081686910877,0.0037068401759447916,4,0.16666666666666666,104,29899686
68531,0.05022527560885362,0.004018015422410453,0.0037067787187914634,4,0.16666666666666666,104,29900726
68541,0.05022433230674147,0.00401794069483751,0.0037067172678169947,4,0.16666666666666666,104,29901766
68551,0.05022356390115924,0.004017877014143119,0.0037066558660395154,4,0.16666666666666666,104,29902806
68561,0.050222740321205786,0.004017812968503093,0.003706594510321982,4,0.16666666666666666,104,29903846
68571,0.05022187537720845,0.004017745613566599,0.003706533262951176,4,0.16666666666666666,104,29904886
68581,0.05022107028460031,0.004017680470313385,0.0037064719120382845,4,0.16666666666666666,104,29905926
68591,0.05022023303066116,0.004017610546165421,0.0037064104524599157,4,0.16666666666666666,104,29906966
68601,0.050219294621550885,0.004017538049841842,0.003706348889268868,4,0.16666666666666666,104,29908006
68611,0.050218448259884294,0.004017467397422412,0.003706287514971469,4,0.16666666666666666,104,29909046
68621,0.050217537550447604,0.00401739638089723,0.0037062260250614394,4,0.16666666666666666,104,29910086
68631,0.05021659469807101,0.004017320585162205,0.0037061645599175317,4,0.16666666666666666,104,29911126
68641,0.050215799065278524,0.004017259142353548,0.003706103243670165,4,0.16666666666666666,104,29912166
68651,0.05021502646499399,0.004017192184041814,0.0037060419126460943,4,0.16666666666666666,104,29913206
68661,0.0502141987198005,0.004017126332807716,0.0037059804897452,4,0.16666666666666666,104,29914246
68671,0.050213302043496,0.0040170564385049136,0.0037059189110230074,4,0.16666666666666666,104,29915286
68681,0.05021247438627734,0.00401699096199388,0.0037058576687378805,4,0.16666666666666666,104,29916326
68691,0.050211614587106254,0.004016922546247432,0.0037057963198296375,4,0.16666666666666666,104,29917366
68701,0.050210722651095975,0.004016853030715296,0.0037057347972403957,4,0.16666666666666666,104,29918406
68711,0.05020991351445838,0.004016787196686673,0.003705673627659871,4,0.16666666666666666,104,29919446
68721,0.050209154985512115,0.004016722837037877,0.0037056122949654124,4,0.16666666666666666,104,29920486
68731,0.0502082769750819,0.00401665590638878,0.003705550947814811,4,0.16666666666666666,104,29921526
68741,0.050207592068002974,0.0040166000109094525,0.003705489657350958,4,0.16666666666666666,104,29922566
68751,0.05020667737143385,0.004016524997076105,0.0037054280782045927,4,0.16666666666666666,104,29923606
68761,0.0502056202486969,0.004016441163216975,0.00370536655367002,4,0.16666666666666666,104,29924646
68771,0.05020477000431144,0.004016376820726764,0.0037053052070369244,4,0.16666666666666666,104,29925686
68781,0.05020405767170494,0.004016317260807906,0.003705243891480366,4,0.16666666666666666,104,29926726
68791,0.05020323048599845,0.004016253292088034,0.0037051826654805916,4,0.16666666666666666,104,29927766
68801,0.05020250903068493,0.004016195943502833,0.0037051214632467986,4,0.16666666666666666,104,29928806
68811,0.050201773822615155,0.004016137494668266,0.0037050604177416104,4,0.16666666666666666,104,29929846
68821,0.050201038647869324,0.004016077945733158,0.0037049991949943168,4,0.16666666666666666,104,29930886
68831,0.050200161076647175,0.004016003329628949,0.0037049377273770767,4,0.16666666666666666,104,29931926
68841,0.05019938003225,0.00401594341931115,0.0037048763996494712,4,0.16666666666666666,104,29932966
68851,0.05019864496599777,0.004015883879282027,0.0037048152092940684,4,0.16666666666666666,104,29934006
68861,0.05019774455523815,0.004015815154373816,0.003704753902200353,4,0.16666666666666666,104,29935046
68871,0.05019697740795893,0.004015750475432429,0.0037046925930921057,4,0.16666666666666666,104,29936086
68881,0.05019617355004397,0.004015687269582032,0.0037046315275552407,4,0.16666666666666666,104,29937126
68891,0.050195342173200604,0.004015621862118358,0.003704570152169471,4,0.16666666666666666,104,29938166
68901,0.05019452002475515,0.004015555355662797,0.0037045089232026433,4,0.16666666666666666,104,29939206
68911,0.05019358310192234,0.004015476360711623,0.003704447405227227,4,0.16666666666666666,104,29940246
68921,0.05019267378740536,0.004015406555223144,0.0037043860091535486,4,0.16666666666666666,104,29941286
68931,0.05019185636635941,0.004015340059803581,0.0037043249727562962,4,0.16666666666666666,104,29942326
68941,0.05019103898651476,0.004015273200442414,0.0037042636816375803,4,0.16666666666666666,104,29943366
68951,0.050190281339745436,0.004015214425828057,0.0037042025612273343,4,0.16666666666666666,104,29944406
68961,0.05018950077100544,0.004015153082664329,0.0037041414742492013,4,0.16666666666666666,104,29945446
68971,0.0501885733205249,0.004015077417847304,0.0037040799345687604,4,0.16666666666666666,104,29946486
68981,0.05018773774224988,0.0040150127756742714,0.0037040184960467066,4,0.16666666666666666,104,29947526
68991,0.05018674612280599,0.004014933079247166,0.00370395704911622,4,0.16666666666666666,104,29948566
69001,0.05018592441004791,0.0040148662408577345,0.003703895777314986,4,0.16666666666666666,104,29949606
69011,0.0501851073291556,0.004014803445289029,0.003703834566990272,4,0.16666666666666666,104,29950646
69021,0.050184345369471056,0.004014737715172395,0.0037037733467671966,4,0.16666666666666666,104,29951686
69031,0.050183367726659996,0.004014659871521256,0.0037037120387718794,4,0.16666666666666666,104,29952726
69041,0.05018249570065466,0.004014593414364887,0.003703650731166588,4,0.16666666666666666,104,29953766
69051,0.050181619132307995,0.004014524757784848,0.0037035894960082416,4,0.16666666666666666,104,29954806
69061,0.0501807839123212,0.004014454269248389,0.003703528235534213,4,0.16666666666666666,104,29955846
69071,0.050179944146593373,0.004014388923922822,0.0037034667477371867,4,0.16666666666666666,104,29956886
69081,0.05017920537227419,0.004014328353948833,0.0037034056580798635,4,0.16666666666666666,104,29957926
69091,0.050178351923355395,0.004014263382030361,0.0037033444154661575,4,0.16666666666666666,104,29958966
69101,0.050177617809692286,0.0040142028179188305,0.0037032832647536217,4,0.16666666666666666,104,29960006
69111,0.05017676903220651,0.00401413528309335,0.003703221861062903,4,0.16666666666666666,104,29961046
69121,0.05017607169152586,0.004014078762083987,0.0037031608966312094,4,0.16666666666666666,104,29962086
69131,0.05017525051957918,0.004014012334695768,0.0037030997685694772,4,0.16666666666666666,104,29963126
69141,0.05017437893005853,0.0040139426079484645,0.0037030385543847127,4,0.16666666666666666,104,29964166
69151,0.05017346151802841,0.00401387178409045,0.003702977353415675,4,0.16666666666666666,104,29965206
69161,0.05017259002468741,0.0040138027987660545,0.003702916097834828,4,0.16666666666666666,104,29966246
69171,0.050171911209703435,0.004013743356908633,0.003702855048680126,4,0.16666666666666666,104,29967286
69181,0.050170989351085625,0.0040136696087617225,0.003702793702053927,4,0.16666666666666666,104,29968326
69191,0.05017010423269332,0.004013601734820431,0.00370273231587894,4,0.16666666666666666,104,29969366
69201,0.05016927419148409,0.004013534598146491,0.00370267120194551,4,0.16666666666666666,104,29970406
69211,0.05016843960726707,0.004013471133339272,0.00370261005601533,4,0.16666666666666666,104,29971446
69221,0.05016766925997477,0.0040134080384597514,0.0037025489238530778,4,0.16666666666666666,104,29972486
69231,0.05016674764256755,0.004013332475376754,0.0037024876021153658,4,0.16666666666666666,104,29973526
69241,0.050165926942818774,0.004013267186550172,0.0037024264059586,4,0.16666666666666666,104,29974566
69251,0.05016512920747304,0.004013202634537958,0.0037023653049791123,4,0.16666666666666666,104,29975606
69261,0.050164317758352436,0.00401313881923029,0.0037023040979275793,4,0.16666666666666666,104,29976646
69271,0.05016353843868566,0.004013073173426717,0.003702242846868254,4,0.16666666666666666,104,29977686
69281,0.050162676646451146,0.004013010097908515,0.003702181651841306,4,0.16666666666666666,104,29978726
69291,0.05016189282203217,0.00401294409193101,0.0037021204623889146,4,0.16666666666666666,104,29979766
69301,0.05016110903551992,0.004012882856056758,0.003702059516002607,4,0.16666666666666666,104,29980806
69311,0.05016026112203716,0.0040128117234029224,0.0037019983489289137,4,0.16666666666666666,104,29981846
69321,0.05015933075990849,0.004012738761487894,0.0037019370399514876,4,0.16666666666666666,104,29982886
69331,0.050158492104847296,0.0040126746023927415,0.003701875907568678,4,0.16666666666666666,104,29983926
69341,0.050157690152896534,0.004012609346684427,0.0037018148651149986,4,0.16666666666666666,104,29984966
69351,0.0501569203163582,0.004012548859775848,0.0037017535839688523,4,0.16666666666666666,104,29986006
69361,0.05015616426249672,0.004012484343517154,0.0037016924237047223,4,0.16666666666666666,104,29987046
69371,0.0501552249719855,0.004012408101168785,0.003701631096811774,4,0.16666666666666666,104,29988086
69381,0.050154372784774984,0.0040123432253938605,0.0037015700651723514,4,0.16666666666666666,104,29989126
69391,0.050153433598096875,0.004012264425853277,0.0037015086434117866,4,0.16666666666666666,104,29990166
69401,0.050152567762018714,0.004012197724869265,0.0037014475131143952,4,0.16666666666666666,104,29991206
69411,0.05015182565363015,0.004012137990087981,0.003701386466914232,4,0.16666666666666666,104,29992246
69421,0.050150950742334575,0.00401206982983504,0.00370132539934891,4,0.16666666666666666,104,29993286
69431,0.05014993846936744,0.004011983718510741,0.0037012640287463843,4,0.16666666666666666,104,29994326
69441,0.05014901327970884,0.0040119141007709845,0.0037012028314493592,4,0.16666666666666666,104,29995366
69451,0.050148097302387944,0.004011840090221859,0.0037011413751909805,4,0.16666666666666666,104,29996406
69461,0.050147208853860134,0.004011771945631293,0.0037010802221391446,4,0.16666666666666666,104,29997446
69471,0.050146311295540584,0.004011701972925063,0.0037010189408736814,4,0.16666666666666666,104,29998486
69481,0.0501455648946025,0.004011636766159441,0.0037009579000317956,4,0.16666666666666666,104,29999526
69491,0.05014469490009888,0.004011565335546569,0.003700896879178524,4,0.16666666666666666,104,30000566
69501,0.05014389363070067,0.004011501967067412,0.0037008357198396007,4,0.16666666666666666,104,30001606
69511,0.050143046617567896,0.004011438967951307,0.0037007747277834793,4,0.16666666666666666,104,30002646
69521,0.050142144711725525,0.00401136388579518,0.003700713375985872,4,0.16666666666666666,104,30003686
69531,0.05014135730199398,0.004011299794712902,0.0037006522843716846,4,0.16666666666666666,104,30004726
69541,0.050140510421454086,0.004011234974384936,0.003700591274353187,4,0.16666666666666666,104,30005766
69551,0.05013972766854258,0.004011170523487965,0.0037005302236169674,4,0.16666666666666666,104,30006806
69561,0.050138944953450885,0.004011106808138202,0.003700469184905348,4,0.16666666666666666,104,30007846
69571,0.05013807073744426,0.004011036871331918,0.0037004080733141456,4,0.16666666666666666,104,30008886
69581,0.05013724233544483,0.0040109724302860635,0.0037003471305956815,4,0.16666666666666666,104,30009926
69591,0.05013642770517958,0.004010907626329516,0.003700286198719616,4,0.16666666666666666,104,30010966
69601,0.05013562684457366,0.004010842093420501,0.0037002250301575754,4,0.16666666666666666,104,30012006
69611,0.050134816871549456,0.00401078059068815,0.0037001638760366935,4,0.16666666666666666,104,30013046
69621,0.0501339840601634,0.004010708475130813,0.003700102734931121,4,0.16666666666666666,104,30014086
69631,0.05013313756499814,0.00401064368437256,0.0037000416966266134,4,0.16666666666666666,104,30015126
69641,0.050132227060123075,0.004010571576433783,0.0036999806001771877,4,0.16666666666666666,104,30016166
69651,0.05013143098222173,0.004010509720536636,0.003699919575262238,4,0.16666666666666666,104,30017206
69661,0.05013075846413928,0.004010454455339248,0.0036998587066145706,4,0.16666666666666666,104,30018246
69671,0.05012985724219371,0.004010381260030703,0.003699797403197525,4,0.16666666666666666,104,30019286
69681,0.05012891490130406,0.004010310630477989,0.0036997362309474546,4,0.16666666666666666,104,30020326
69691,0.05012816015324147,0.004010246957393693,0.0036996753376653973,4,0.16666666666666666,104,30021366
69701,0.05012734140572224,0.004010182189707888,0.003699614304656644,4,0.16666666666666666,104,30022406
69711,0.050126531846917115,0.0040101152299112375,0.0036995533321984753,4,0.16666666666666666,104,30023446
69721,0.05012567202086313,0.004010046444215417,0.003699492452492726,4,0.16666666666666666,104,30024486
69731,0.05012495400961446,0.004009992296342971,0.0036994316312194387,4,0.16666666666666666,104,30025526
69741,0.050124222311155674,0.004009930468093818,0.0036993707363794583,4,0.16666666666666666,104,30026566
69751,0.05012319798884938,0.004009850717668512,0.0036993095915845626,4,0.16666666666666666,104,30027606
69761,0.05012235662970635,0.0040097826776085985,0.003699248498671658,4,0.16666666666666666,104,30028646
69771,0.05012152903102233,0.004009716104234553,0.003699187470719654,4,0.16666666666666666,104,30029686
69781,0.05012066489852889,0.004009648437003125,0.003699126411961491,4,0.16666666666666666,104,30030726
69791,0.05011988767588761,0.004009584796454012,0.0036990653762959715,4,0.16666666666666666,104,30031766
69801,0.05011898248712902,0.004009514210306438,0.003699004332822397,4,0.16666666666666666,104,30032806
69811,0.05011809106280448,0.004009443993706245,0.0036989432849745736,4,0.16666666666666666,104,30033846
69821,0.05011727282418524,0.004009372318185755,0.003698882180133318,4,0.16666666666666666,104,30034886
69831,0.050116390635571315,0.004009305400233705,0.0036988214047963285,4,0.16666666666666666,104,30035926
69841,0.05011559533573799,0.004009237754451526,0.003698760324041699,4,0.16666666666666666,104,30036966
69851,0.05011468124625012,0.004009169380953479,0.0036986992275697904,4,0.16666666666666666,104,30038006
69861,0.05011395458192565,0.0040091116136449145,0.003698638413556679,4,0.16666666666666666,104,30039046
69871,0.050113218810398145,0.004009051289775074,0.0036985774764957003,4,0.16666666666666666,104,30040086
69881,0.05011248764200314,0.004008991699862028,0.0036985164672843182,4,0.16666666666666666,104,30041126
69891,0.05011175650662544,0.004008934671592283,0.0036984555139027426,4,0.16666666666666666,104,30042166
69901,0.0501110482507117,0.004008877280291656,0.003698394694192652,4,0.16666666666666666,104,30043206
69911,0.05011018467735656,0.004008807829252154,0.0036983336037584615,4,0.16666666666666666,104,30044246
69921,0.05010922977420619,0.004008728878909251,0.003698272499029053,4,0.16666666666666666,104,30045286
69931,0.05010833888664589,0.00400866309063287,0.0036982114436244842,4,0.16666666666666666,104,30046326
69941,0.05010774042047978,0.004008613386151323,0.0036981507072966074,4,0.16666666666666666,104,30047366
69951,0.050106835910551574,0.00400853919845156,0.003698089691224064,4,0.16666666666666666,104,30048406
69961,0.05010597712971252,0.0040084701309647825,0.003698028090737781,4,0.16666666666666666,105,30049456
69971,0.05010519147650794,0.004008407279098564,0.0036979666788369975,4,0.16666666666666666,105,30050506
69981,0.05010429624375261,0.004008334564756891,0.0036979051070681122,4,0.16666666666666666,105,30051556
69991,0.050103442164770876,0.004008268431137139,0.0036978435395107665,4,0.16666666666666666,105,30052606
70001,0.050102647500732754,0.004008203396948289,0.0036977821707672802,4,0.16666666666666666,105,30053656
70011,0.0501017889420512,0.004008136904693655,0.0036977203902124438,4,0.16666666666666666,105,30054706
70021,0.05010103545732304,0.004008074068997289,0.0036976588698532024,4,0.16666666666666666,105,30055756
70031,0.0501001587192432,0.004008003930425764,0.003697597077399645,4,0.16666666666666666,105,30056806
70041,0.050099259198797666,0.004007936717859296,0.003697535572603146,4,0.16666666666666666,105,30057856
70051,0.05009840995125844,0.00400786841300997,0.003697473904487082,4,0.16666666666666666,105,30058906
70061,0.05009772510666488,0.004007810703699332,0.00369741253358229,4,0.16666666666666666,105,30059956
70071,0.05009688963549815,0.0040077442316048964,0.0036973508612252837,4,0.16666666666666666,105,30061006
70081,0.050096035947213,0.0040076766673135785,0.003697289346160492,4,0.16666666666666666,105,30062056
70091,0.050095332943608836,0.004007619331734374,0.0036972280152773903,4,0.16666666666666666,105,30063106
70101,0.050094703005279746,0.004007571127989001,0.003697166789594504,4,0.16666666666666666,105,30064156
70111,0.05009384030343624,0.004007502477267696,0.003697105463614226,4,0.16666666666666666,105,30065206
70121,0.050093055239077096,0.004007438942077384,0.0036970439703734054,4,0.16666666666666666,105,30066256
70131,0.050092188061084626,0.004007367012320217,0.0036969822105118078,4,0.16666666666666666,105,30067306
70141,0.05009135743941827,0.00400730238848439,0.0036969207464379234,4,0.16666666666666666,105,30068356
70151,0.05009055424142685,0.0040072370377160025,0.0036968593658639735,4,0.16666666666666666,105,30069406
70161,0.050089705450507574,0.004007171325185637,0.003696797825087459,4,0.16666666666666666,105,30070456
70171,0.050088884082324384,0.004007102330618144,0.003696736265403317,4,0.16666666666666666,105,30071506
70181,0.050087944123222206,0.004007027864417204,0.0036966747725410767,4,0.16666666666666666,105,30072556
70191,0.05008705896893399,0.00400695851249397,0.0036966131982198807,4,0.16666666666666666,105,30073606
70201,0.05008608261778282,0.00400688076975461,0.003696551633279364,4,0.16666666666666666,105,30074656
70211,0.05008523406135859,0.004006811060751715,0.0036964900491755436,4,0.16666666666666666,105,30075706
70221,0.05008438098765644,0.004006743180199152,0.003696428672005781,4,0.16666666666666666,105,30076756
70231,0.05008358725893228,0.0040066818717915086,0.0036963673101824,4,0.16666666666666666,105,30077806
70241,0.050082816375774136,0.004006620931192389,0.003696305855617162,4,0.16666666666666666,105,30078856
70251,0.050081931501919204,0.004006550141523446,0.0036962443461341457,4,0.16666666666666666,105,30079906
70261,0.050081178941100174,0.004006485923316994,0.003696183174779714,4,0.16666666666666666,105,30080956
70271,0.050080367126854756,0.0040064209785983865,0.0036961214707539537,4,0.16666666666666666,105,30082006
70281,0.05007955079292726,0.004006355672307543,0.0036960598636444006,4,0.16666666666666666,105,30083056
70291,0.05007872537982673,0.0040062936526235665,0.003695998650011823,4,0.16666666666666666,105,30084106
70301,0.05007792736852147,0.004006229082345386,0.0036959371353058844,4,0.16666666666666666,105,30085156
70311,0.0500770564411015,0.004006156125454979,0.0036958757858484292,4,0.16666666666666666,105,30086206
70321,0.05007624027418781,0.004006090832525095,0.0036958143234112942,4,0.16666666666666666,105,30087256
70331,0.05007535575988758,0.004006020801311579,0.003695752603191167,4,0.16666666666666666,105,30088306
70341,0.05007450776580816,0.004005955515207632,0.0036956912145949014,4,0.16666666666666666,105,30089356
70351,0.05007367805118164,0.0040058884089017,0.003695629765628072,4,0.16666666666666666,105,30090406
70361,0.050072871171725424,0.004005826411602526,0.0036955684624867292,4,0.16666666666666666,105,30091456
70371,0.05007196405022107,0.004005750924782988,0.003695506961009678,4,0.16666666666666666,105,30092506
70381,0.05007108888572209,0.004005679453398179,0.0036954454166970106,4,0.16666666666666666,105,30093556
70391,0.050070295808786976,0.004005618195352475,0.0036953841610683717,4,0.16666666666666666,105,30094606
70401,0.05006937515904124,0.004005541626872596,0.003695322504145979,4,0.16666666666666666,105,30095656
70411,0.050068568494162725,0.004005478917015963,0.003695261012243951,4,0.16666666666666666,105,30096706
70421,0.050067711741618434,0.004005409283468292,0.003695199482066206,4,0.16666666666666666,105,30097756
70431,0.05006680946618802,0.004005338560035316,0.003695137879932845,4,0.16666666666666666,105,30098806
70441,0.05006596647654009,0.004005269663087972,0.003695076586833729,4,0.16666666666666666,105,30099856
70451,0.050065014178919676,0.0040051942087350936,0.003695015080896174,4,0.16666666666666666,105,30100906
70461,0.05006394803662061,0.004005108188849566,0.0036949535192717406,4,0.16666666666666666,105,30101956
70471,0.050063137086542274,0.004005044771070463,0.0036948922327592645,4,0.16666666666666666,105,30103006
70481,0.050062285177160964,0.004004977711972343,0.0036948307485602867,4,0.16666666666666666,105,30104056
70491,0.05006133309624126,0.0040049011813784105,0.00369476919951945,4,0.16666666666666666,105,30105106
70501,0.05006046761676153,0.004004829392507171,0.0036947078473315562,4,0.16666666666666666,105,30106156
70511,0.05005962040275943,0.004004761980188291,0.003694646369625861,4,0.16666666666666666,105,30107206
70521,0.05005874590581953,0.004004693842656705,0.0036945849683132407,4,0.16666666666666666,105,30108256
70531,0.05005793066219721,0.004004626801742713,0.0036945235923910597,4,0.16666666666666666,105,30109306
70541,0.05005705170254164,0.004004557214033386,0.003694462229416249,4,0.16666666666666666,105,30110356
70551,0.0500562684212363,0.004004492001723908,0.0036944008835081174,4,0.16666666666666666,105,30111406
70561,0.050055348569533815,0.004004424242694394,0.003694339521864555,4,0.16666666666666666,105,30112456
70571,0.05005455626396862,0.004004358672818654,0.003694278080103876,4,0.16666666666666666,105,30113506
70581,0.05005367748768154,0.004004289099528713,0.003694216637615515,4,0.16666666666666666,105,30114556
70591,0.050052953557597646,0.004004231913814405,0.0036941553842537497,4,0.16666666666666666,105,30115606
70601,0.05005213405321408,0.004004159797855006,0.0036940939331451005,4,0.16666666666666666,105,30116656
70611,0.05005127817074972,0.004004098975903134,0.003694032581724824,4,0.16666666666666666,105,30117706
70621,0.05005049516902392,0.0040040312374542844,0.0036939711703674253,4,0.16666666666666666,105,30118756
70631,0.050049693997199524,0.004003970421546148,0.0036939099012328895,4,0.16666666666666666,105,30119806
70641,0.050048719898566026,0.004003891037416913,0.003693848337045422,4,0.16666666666666666,105,30120856
70651,0.050047868748265736,0.004003823309854979,0.0036937870088359736,4,0.16666666666666666,105,30121906
70661,0.050046935720534994,0.004003749032089866,0.003693725669502955,4,0.16666666666666666,105,30122956
70671,0.0500461893371112,0.004003687137210108,0.0036936643358407733,4,0.16666666666666666,105,30124006
70681,0.05004547484379332,0.004003630706224268,0.003693603122085757,4,0.16666666666666666,105,30125056
70691,0.05004467847125142,0.004003569545097069,0.0036935419054855705,4,0.16666666666666666,105,30126106
70701,0.050043891238661695,0.004003503290472472,0.0036934805097093184,4,0.16666666666666666,105,30127156
70711,0.05004306309314502,0.004003441043340262,0.0036934194083905057,4,0.16666666666666666,105,30128206
70721,0.05004221224055654,0.004003367151510551,0.0036933579486636814,4,0.16666666666666666,105,30129256
70731,0.05004136143274146,0.004003304910929373,0.003693296698207941,4,0.16666666666666666,105,30130306
70741,0.05004064260327799,0.004003240489622491,0.0036932354295408126,4,0.16666666666666666,105,30131356
70751,0.05003974638598933,0.0040031709764441585,0.0036931740241987164,4,0.16666666666666666,105,30132406
70761,0.05003895029554576,0.004003106197892281,0.003693112876140237,4,0.16666666666666666,105,30133456
70771,0.05003805417206012,0.004003038511411048,0.00369305143514562,4,0.16666666666666666,105,30134506
70781,0.050037330941103075,0.004002978469916711,0.0036929901870950007,4,0.16666666666666666,105,30135556
70791,0.050036557711087386,0.004002917339622527,0.0036929290085166012,4,0.16666666666666666,105,30136606
70801,0.050035752681485225,0.004002855484527802,0.003692867896539165,4,0.16666666666666666,105,30137656
70811,0.05003497952695133,0.004002790721775397,0.003692806486464945,4,0.16666666666666666,105,30138706
70821,0.05003393810076455,0.004002708499582525,0.003692744908517834,4,0.16666666666666666,105,30139756
70831,0.05003317867506025,0.004002647745833808,0.0036926837358697852,4,0.16666666666666666,105,30140806
70841,0.050032396549352424,0.004002585176093993,0.0036926223707323467,4,0.16666666666666666,105,30141856
70851,0.05003155080483503,0.004002517880624947,0.003692561014664523,4,0.16666666666666666,105,30142906
70861,0.05003078239791335,0.004002455317168006,0.003692499811292032,4,0.16666666666666666,105,30143956
70871,0.050029918552090005,0.0040023898470239305,0.003692438584577779,4,0.16666666666666666,105,30145006
70881,0.05002913658410191,0.004002324743889791,0.003692377429347629,4,0.16666666666666666,105,30146056
70891,0.050028409205980624,0.0040022672812767895,0.003692316368376643,4,0.16666666666666666,105,30147106
70901,0.05002767731478421,0.004002205093604428,0.0036922551760106806,4,0.16666666666666666,105,30148156
70911,0.050026822726010806,0.004002140363414613,0.0036921937989090607,4,0.16666666666666666,105,30149206
70921,0.050026040907774065,0.00400207963635109,0.003692132762407723,4,0.16666666666666666,105,30150256
70931,0.050025259127352346,0.00400201563965811,0.0036920714780930134,4,0.16666666666666666,105,30151306
70941,0.05002435467276645,0.0040019425563998364,0.003692010096405036,4,0.16666666666666666,105,30152356
70951,0.05002350934891245,0.00400187493079577,0.0036919487231833275,4,0.16666666666666666,105,30153406
70961,0.05002266861366437,0.004001808762929265,0.003691887407840679,4,0.16666666666666666,105,30154456
70971,0.05002190971724026,0.004001744779641391,0.0036918261387489312,4,0.16666666666666666,105,30155506
70981,0.05002104180153937,0.0040016782549212055,0.0036917648337674806,4,0.16666666666666666,105,30156556
70991,0.05002004216582028,0.004001596466923603,0.0036917033173943345,4,0.16666666666666666,105,30157606
71001,0.0500191334597279,0.004001524861235822,0.0036916421195075373,4,0.16666666666666666,105,30158656
71011,0.0500182793225872,0.004001453622964204,0.00369158074692166,4,0.16666666666666666,105,30159706
71021,0.050017520632241866,0.004001393655013271,0.0036915196080072273,4,0.16666666666666666,105,30160756
71031,0.05001658481177854,0.004001319153251907,0.003691458264451422,4,0.16666666666666666,105,30161806
71041,0.05001563541824093,0.00400124719952888,0.0036913969630792682,4,0.16666666666666666,105,30162856
71051,0.050014926816354444,0.004001185787650211,0.003691335925212315,4,0.16666666666666666,105,30163906
71061,0.05001397297826473,0.004001112024575574,0.0036912744611909813,4,0.16666666666666666,105,30164956
71071,0.05001315090584737,0.004001046622414039,0.0036912133334158523,4,0.16666666666666666,105,30166006
71081,0.05001227891893728,0.00400097795370542,0.003691152141999112,4,0.16666666666666666,105,30167056
71091,0.0500114024378502,0.004000905655673907,0.0036910908581171084,4,0.16666666666666666,105,30168106
71101,0.05001063952928491,0.004000844623297429,0.0036910296590884936,4,0.16666666666666666,105,30169156
71111,0.05000982670800681,0.0040007777816198666,0.0036909684059216294,4,0.16666666666666666,105,30170206
71121,0.050008927657236676,0.004000709853673518,0.0036909071554818156,4,0.16666666666666666,105,30171256
71131,0.05000816940582883,0.004000648830541034,0.0036908459398388334,4,0.16666666666666666,105,30172306
71141,0.050007352168707206,0.004000579093345649,0.0036907846091912447,4,0.16666666666666666,105,30173356
71151,0.0500065031939186,0.004000513718141907,0.003690723582537352,4,0.16666666666666666,105,30174406
71161,0.050005708739201404,0.004000451614760927,0.003690662401490144,4,0.16666666666666666,105,30175456
71171,0.05000480991753701,0.004000378619864868,0.0036906010686284687,4,0.16666666666666666,105,30176506
71181,0.05000387937203315,0.0040003056290910085,0.0036905398241489132,4,0.16666666666666666,105,30177556
71191,0.05000304419634302,0.0040002362735182505,0.0036904787609668022,4,0.16666666666666666,105,30178606
71201,0.05000215913879234,0.00400016583240063,0.003690417650221843,4,0.16666666666666666,105,30179656
71211,0.050001491973613275,0.004000113185618708,0.003690356729527788,4,0.16666666666666666,105,30180706
71221,0.05000070684172083,0.004000050012311111,0.0036902955714175514,4,0.16666666666666666,105,30181756
