episode,deltaT,maxRadius,avgRadius,numUnknownSlots,propUnknown,numSamples,totalNumSamples
1,9.0,2.0,1.5640195085172393,16,1.0,71,71
11,3.8223695536070004,0.8054843347553212,0.47267287559632853,16,1.0,138,1255
21,2.501533338131092,0.5440860968012494,0.3319201979323609,16,1.0,158,2752
31,2.0460982416880693,0.446377705737594,0.26962543346321827,16,1.0,170,4401
41,1.7058681140758358,0.3743894078669144,0.23206689377130457,16,1.0,179,6151
51,1.516575701115782,0.33538492963919375,0.20747397405276916,16,1.0,186,7978
61,1.3826335029997374,0.3033511403829116,0.188318335949657,16,1.0,191,9866
71,1.2781550490736655,0.28168110680540825,0.1736169551774837,16,1.0,196,11806
81,1.1978695940314223,0.26542075911403246,0.16201009959547344,16,1.0,200,13791
91,1.1244815284333,0.24831362132863694,0.1520624605905229,16,1.0,204,15815
101,1.0450798403218677,0.2312406710443942,0.14333692518066724,16,1.0,207,17873
111,0.9977693436430402,0.22043566258542682,0.13618562534318412,16,1.0,210,19963
121,0.9540940292200318,0.2115515422529145,0.12989506942037568,16,1.0,213,22082
131,0.9148424645151809,0.20239771213690821,0.12451040165871448,16,1.0,216,24227
141,0.8747645605177198,0.19382247293938765,0.11975134635035253,16,1.0,218,26397
151,0.8428992544168588,0.18623947184676795,0.11544493189001774,16,1.0,220,28589
161,0.8159875999801058,0.1805893131785776,0.11163570836563831,16,1.0,222,30802
171,0.7895185711358199,0.1751906650691612,0.10812770539087871,16,1.0,224,33035
181,0.7664354695718034,0.1697571406431023,0.10481821687028618,16,1.0,226,35287
191,0.7449739534164059,0.16482348182878306,0.101877831660376,16,1.0,228,37556
201,0.7196830027197455,0.15954534016141228,0.09914170996128158,16,1.0,229,39842
211,0.7019975197786367,0.15532672380291657,0.09658470430575315,16,1.0,231,42144
221,0.6844294098648368,0.1517021889135359,0.09429347608517259,16,1.0,232,44460
231,0.6694189130960977,0.14836264763367862,0.09212939207482565,16,1.0,234,46791
241,0.6547574681063649,0.14527340577084583,0.0900863269784402,16,1.0,235,49136
251,0.6414266110262825,0.14219215454026862,0.0881823048131754,16,1.0,236,51493
261,0.6292576154273704,0.13940820703086523,0.08640277608597324,16,1.0,238,53865
271,0.6169342565138692,0.13678948420281006,0.08471093115580768,16,1.0,239,56248
281,0.6050412503963176,0.13423132062780277,0.08312140859350811,16,1.0,240,58643
291,0.5953623180703294,0.13211254442276152,0.08167015469878325,16,1.0,241,61049
301,0.5852508832154799,0.12989554047073698,0.08028281271443413,16,1.0,242,63466
311,0.5754911889235329,0.12752700592304947,0.07887515672668903,16,1.0,243,65894
321,0.5645272246815939,0.12527182748347174,0.07754941859491965,16,1.0,244,68332
331,0.5551111880194082,0.12312102700054145,0.0762978615083986,16,1.0,245,70780
341,0.5462462422976515,0.1211306781004508,0.07512059880214175,16,1.0,246,73238
351,0.5386450091974145,0.11949867634279614,0.07399277472704234,16,1.0,247,75705
361,0.5292509618072732,0.11737832585793369,0.0728309833842119,16,1.0,248,78181
371,0.5210419471844943,0.11545488407245477,0.07177387714586937,16,1.0,249,80666
381,0.5120327735943355,0.11360127755106567,0.07074262944775311,16,1.0,250,83159
391,0.5050777170958802,0.11212622534223543,0.06980745357208007,16,1.0,251,85660
401,0.49776070668808364,0.11036159097537211,0.06882477333742028,16,1.0,251,88170
411,0.49071603375986345,0.1088643464612734,0.06793737165472381,16,1.0,252,90689
421,0.4837287023275595,0.10736351516607487,0.06708178918185105,16,1.0,253,93215
431,0.4775677640907331,0.10596806751174127,0.06623991527119653,16,1.0,254,95748
441,0.4717390200591211,0.10465855568123644,0.06542803411718559,16,1.0,254,98288
451,0.465732891276962,0.10335010034480963,0.06465272854832128,16,1.0,255,100837
461,0.46114870882669007,0.10233587043023454,0.06392912421723822,16,1.0,256,103392
471,0.45526547559567193,0.10107936631685147,0.06321530565904415,16,1.0,257,105953
481,0.4505194821850997,0.10000135424822337,0.06250294463412095,16,1.0,257,108523
491,0.44508573572355264,0.09878969790632902,0.061811468708127766,16,1.0,258,111099
501,0.4405888943830237,0.09779411787826207,0.06117826934202193,16,1.0,258,113679
511,0.4359464830059567,0.09679783293398872,0.060528846629336386,16,1.0,259,116269
521,0.43114437272586453,0.09568763050684163,0.05989889383297207,16,1.0,260,118863
531,0.4267049193223098,0.09471976424382214,0.05929829825852348,16,1.0,260,121463
541,0.4226325744522884,0.0937749187598371,0.058718584573651485,16,1.0,261,124071
551,0.4183664674929528,0.09285913106332079,0.05814550348419605,16,1.0,262,126682
561,0.41417236120675877,0.09189699205615179,0.05757440341286665,16,1.0,262,129302
571,0.4099020329725042,0.09098506790393279,0.05703236880768872,16,1.0,263,131925
581,0.4060236902863024,0.0901515518472546,0.05650415067501834,16,1.0,263,134555
591,0.40223088579222627,0.08926799653848123,0.05599065613664017,16,1.0,264,137190
601,0.3986550388146407,0.08851235881516263,0.05548718516069429,16,1.0,264,139830
611,0.3949419507809456,0.08771845498710515,0.05500126068717987,16,1.0,265,142477
621,0.39131019520370275,0.08689583680270804,0.05451997590181077,16,1.0,265,145127
631,0.38827594934330767,0.08620658604264848,0.05406514847008434,16,1.0,266,147785
641,0.38548392505482393,0.08562007942421485,0.053642558911692076,16,1.0,266,150445
651,0.3820458033265336,0.08477380182583936,0.0531798883559768,16,1.0,267,153113
661,0.37829087367527375,0.08393815246626433,0.052740400931184435,16,1.0,267,155783
671,0.3752043963721125,0.08334418058517823,0.052332389515383965,16,1.0,268,158460
681,0.37239111075818715,0.08269572308364645,0.05192856753446535,16,1.0,268,161140
691,0.3694099515690644,0.08200183531382504,0.051535085943360835,16,1.0,269,163826
701,0.36668867633284313,0.08144043324828895,0.051150151409348574,16,1.0,269,166516
711,0.36419137717093825,0.08090892590725621,0.0507753058813826,16,1.0,270,169210
721,0.36206446966006955,0.08041021848497974,0.05041288353895816,16,1.0,270,171910
731,0.35943081388196974,0.07982175384496593,0.05003579415879777,16,1.0,271,174612
741,0.356552966300396,0.07917092217039759,0.049678210672189894,16,1.0,271,177322
751,0.3540980314248457,0.07862262667688817,0.04932961244107894,16,1.0,271,180032
761,0.3518589061571213,0.07809816494590462,0.04897937414428255,16,1.0,272,182751
771,0.34909501823493005,0.07752551444785226,0.04864359322925216,16,1.0,272,185471
781,0.3465887299011423,0.0769850838730101,0.048321109155147667,16,1.0,273,188196
791,0.3446818115577943,0.07653547809284288,0.04799642739063723,16,1.0,273,190926
801,0.3422897405252616,0.07597937372436311,0.047675557765005906,16,1.0,273,193656
811,0.3399001931594693,0.07547549314649887,0.047369662690762294,16,1.0,274,196396
821,0.3375942250084135,0.07496781768283804,0.04706835591751268,16,1.0,274,199136
831,0.3353523592946552,0.0744776551670626,0.046765742322074526,16,1.0,275,201881
841,0.3329884295978681,0.07395671793265374,0.04646748535226051,16,1.0,275,204631
851,0.33088559544897267,0.07349687042254818,0.04616785181031775,16,1.0,275,207381
861,0.3287945782381627,0.07301331427465033,0.04588467997916478,16,1.0,276,210140
871,0.32678774341342154,0.0725939071947154,0.04560487330043439,16,1.0,276,212900
881,0.3250594385789892,0.07219140402070237,0.04533038757833467,16,1.0,277,215661
891,0.3229423839888139,0.07172492001213011,0.045060036087713175,16,1.0,277,218431
901,0.3209905318776211,0.07130401525593758,0.04479294551146497,16,1.0,277,221201
911,0.31940987002155535,0.07092344057619981,0.04453975939896878,16,1.0,278,223974
921,0.31749760500129837,0.07051997077612075,0.04428605606161548,16,1.0,278,226754
931,0.31549182400537035,0.07006921068869688,0.04402508024081503,16,1.0,278,229534
941,0.3136518581570165,0.06966948607966598,0.04377831956751375,16,1.0,279,232319
951,0.3120941675935291,0.06933211202567521,0.04353919664698262,16,1.0,279,235109
961,0.31054825749548787,0.06895897310782499,0.04329420477541744,16,1.0,279,237899
971,0.30853198737383136,0.06852529217885958,0.04304750137972307,16,1.0,280,240694
981,0.30676859848108406,0.0681340945955742,0.042811333308921756,16,1.0,280,243494
991,0.30522226711930495,0.06779877969884672,0.04258142569392871,16,1.0,280,246294
1001,0.3036429753238597,0.06744828472805738,0.0423533041790068,16,1.0,281,249098
1011,0.30210032663678615,0.06710341987950316,0.0421352216072522,16,1.0,281,251908
1021,0.30059311106355546,0.0667714086704655,0.041915810582134685,16,1.0,281,254718
1031,0.29904385271812,0.06641063886454161,0.04170106927860311,16,1.0,282,257531
1041,0.29738007742801964,0.0660464177531165,0.04149055771137619,16,1.0,282,260351
1051,0.29575556325649305,0.06567439087247863,0.04128169622544974,16,1.0,282,263171
1061,0.2940965265765002,0.06532492688050257,0.04107473293688308,16,1.0,282,265991
1071,0.2927411928456324,0.06500156373869402,0.04087245717838133,16,1.0,283,268821
1081,0.2913550584505926,0.06471657678472456,0.04067627123031663,16,1.0,283,271651
1091,0.2899893312750363,0.0644025295071806,0.04047994744590508,16,1.0,283,274481
1101,0.2886630166486583,0.06411484917046516,0.04029037813243209,16,1.0,284,277317
1111,0.2871826432708275,0.0637800098833026,0.0400933964165954,16,1.0,284,280157
1121,0.2857541950778235,0.06346736455708826,0.03990504383223258,16,1.0,284,282997
1131,0.28423625144274006,0.0631306002185393,0.03970944749751513,16,1.0,285,285838
1141,0.28286223800582044,0.06283998006678879,0.03952944064438657,16,1.0,285,288688
1151,0.2814547949102176,0.0625035100768748,0.039338886757406856,16,1.0,285,291538
1161,0.2801046008127109,0.062221815733881976,0.03916304526622635,16,1.0,285,294388
1171,0.27877453796042595,0.06192271618187708,0.03898816022667572,16,1.0,286,297243
1181,0.27741243463568277,0.06162044117428156,0.03880785682443173,16,1.0,286,300103
1191,0.27613038660392686,0.06133969432186673,0.03863124531033634,16,1.0,286,302963
1201,0.2750090583492219,0.061092656810086514,0.03846354579621911,16,1.0,286,305823
1211,0.27383575264279997,0.06082669107968623,0.03829850910988144,16,1.0,287,308691
1221,0.2727759531696476,0.0605951156503332,0.03813203215278577,16,1.0,287,311561
1231,0.27168053210991927,0.06032692078355517,0.03797033748327704,16,1.0,287,314431
1241,0.27040790757544525,0.060062417413945,0.03780733998494262,16,1.0,287,317301
1251,0.26916164166479706,0.05979282745094825,0.037644801809381304,16,1.0,288,320181
1261,0.2680336384305269,0.05952871406255007,0.03748967000882339,16,1.0,288,323061
1271,0.2669737545890471,0.059310547018515666,0.03733471215659024,16,1.0,288,325941
1281,0.26582896342498646,0.05904968945700507,0.037179884019600117,16,1.0,289,328822
1291,0.2648258534514395,0.05883035581460678,0.03702561833924977,16,1.0,289,331712
1301,0.263856595950091,0.05859886870233656,0.036871100305930694,16,1.0,289,334602
1311,0.26263696877968,0.058352496055630004,0.03672038028853152,16,1.0,289,337492
1321,0.26168537055033375,0.058110934853232384,0.03657203802474958,16,1.0,289,340382
1331,0.26063826482993646,0.05789760550977315,0.03643285287688952,16,1.0,290,343282
1341,0.2595692509488231,0.05766498243116327,0.036288725962411714,16,1.0,290,346182
1351,0.25845870424543393,0.05740618107288914,0.03614280141170865,16,1.0,290,349082
1361,0.257485480508664,0.05719781119973814,0.03600302740804648,16,1.0,290,351982
1371,0.2563420573379782,0.05693208407671204,0.03586128704394171,16,1.0,291,354890
1381,0.25532051073647005,0.05672167943591653,0.03572198803356331,16,1.0,291,357800
1391,0.25431818443597887,0.05648023293467036,0.035579684593008254,16,1.0,291,360710
1401,0.2533216291526412,0.05627213017428186,0.03544717614470395,16,1.0,291,363620
1411,0.2525164807354638,0.05609057769393886,0.035316681082299684,16,1.0,292,366535
1421,0.2515164978903019,0.055867253845173485,0.035186597436936355,16,1.0,292,369455
1431,0.25061641414067437,0.05564669638733024,0.035057766266119325,16,1.0,292,372375
1441,0.24959648632584114,0.0554384430422433,0.03493134640894872,16,1.0,292,375295
1451,0.24858946956134811,0.055225841083105943,0.03480504571659767,16,1.0,292,378215
1461,0.2478002173682037,0.05504122717401997,0.03468101370575828,16,1.0,293,381145
1471,0.24687535106386202,0.054829375350603435,0.03455580974405068,16,1.0,293,384075
1481,0.2459671304749596,0.054626604959482836,0.03442890073148847,16,1.0,293,387005
1491,0.24513351689021817,0.05445984676370707,0.03430941805458735,16,1.0,293,389935
1501,0.24438963595135654,0.05428953892317358,0.034190351862147784,16,1.0,294,392869
1511,0.24364706190345709,0.054123433823628414,0.034072200548647374,16,1.0,294,395809
1521,0.24282644359243719,0.05393751415874814,0.033954328150119804,16,1.0,294,398749
1531,0.24192473517132584,0.05373616856108752,0.033834388682197444,16,1.0,294,401689
1541,0.24114984232269998,0.05356298839423362,0.033719653658794264,16,1.0,294,404629
1551,0.24022907069326688,0.05335503297389576,0.033604504576481474,16,1.0,295,407576
1561,0.23923804445643723,0.05314958928707167,0.033489916514670176,16,1.0,295,410526
1571,0.23830781370310225,0.05294067335995595,0.03337627821764476,16,1.0,295,413476
1581,0.23755269006379182,0.052769508895793335,0.03326764469383843,16,1.0,295,416426
1591,0.23673694059768635,0.05258496028182472,0.03315830863818515,16,1.0,295,419376
1601,0.23596099271654747,0.0524150651199938,0.03304945968876256,16,1.0,296,422334
1611,0.23519809474822145,0.05224232692535526,0.03294007541131102,16,1.0,296,425294
1621,0.23448350796230058,0.052096161379436935,0.03283613802479167,16,1.0,296,428254
1631,0.2337706546771591,0.05194009168004167,0.03273135627104484,16,1.0,296,431214
1641,0.23304462048808644,0.05176888034533116,0.0326256632606101,16,1.0,296,434174
1651,0.23233054633626554,0.051614759656461826,0.0325219399211511,16,1.0,297,437141
1661,0.23149142883989104,0.051419785154320975,0.032415250640689446,16,1.0,297,440111
1671,0.23082113172159105,0.05127425546801968,0.03231433013501589,16,1.0,297,443081
1681,0.2299654659273289,0.051077967675955564,0.032210520871093246,16,1.0,297,446051
1691,0.22920475615542407,0.050922832618666605,0.03211070220416408,16,1.0,297,449021
1701,0.22852213479792294,0.05076396436056832,0.03201178665279265,16,1.0,298,451996
1711,0.22778552171093822,0.050607670065944514,0.03191390830325743,16,1.0,298,454976
1721,0.227083861443375,0.0504457348716764,0.031817100536361984,16,1.0,298,457956
1731,0.22641168771958248,0.05029349261882977,0.03172057381826035,16,1.0,298,460936
1741,0.2257006320559941,0.05013867959085801,0.03162617054559711,16,1.0,298,463916
1751,0.22501884928660634,0.04998634194027979,0.031532315150107924,16,1.0,299,466897
1761,0.2243655976761051,0.04984722958522809,0.031440067513381985,16,1.0,299,469887
1771,0.22377965513492992,0.04971224566740894,0.031346750228551525,16,1.0,299,472877
1781,0.22312888689564245,0.049561991198978764,0.03125388873789663,16,1.0,299,475867
1791,0.22246678408178142,0.04942271179095879,0.031164446827376246,16,1.0,299,478857
1801,0.22179800051977072,0.04928370428158628,0.031072724502287284,16,1.0,299,481847
1811,0.22125817157370828,0.04915437419031746,0.030982954886781253,16,1.0,300,484842
1821,0.22060067755799254,0.04901398485228262,0.030892240318405536,16,1.0,300,487842
1831,0.22003244726750437,0.04888685477755897,0.03080388062899429,16,1.0,300,490842
1841,0.21949355284076727,0.04876442014774836,0.030718776051809928,16,1.0,300,493842
1851,0.2188604922157074,0.04861930469125405,0.03063251758672388,16,1.0,300,496842
1861,0.2182736879738008,0.04848994166078861,0.030546625391218944,16,1.0,300,499842
1871,0.21766764747737533,0.04835986484203884,0.030461285518429727,16,1.0,301,502850
1881,0.2170309681603603,0.04821405342595194,0.03037742647923584,16,1.0,301,505860
1891,0.21652264072801664,0.048101201966789485,0.03029476720117109,16,1.0,301,508870
1901,0.21601802696290218,0.047993535152966414,0.030215176464295185,16,1.0,301,511880
1911,0.21545861492964527,0.04786757578390904,0.030133198823233825,16,1.0,301,514890
1921,0.21485735782986137,0.04773492633806172,0.03004837272917482,16,1.0,301,517900
1931,0.2142115747440564,0.0475949223726328,0.029967218200745795,16,1.0,302,520919
1941,0.21376540975890723,0.04748907209195885,0.029888728719832048,16,1.0,302,523939
1951,0.21318256535399846,0.047358000135868515,0.029807445290239543,16,1.0,302,526959
1961,0.21262335895677403,0.047238841535062054,0.029728960095581656,16,1.0,302,529979
1971,0.21206501766256436,0.04711567747043491,0.029649678114306466,16,1.0,302,532999
1981,0.21151492311247747,0.04699596421753331,0.02957168193251421,16,1.0,302,536019
1991,0.21103130853197694,0.04688692523743901,0.029494167330159464,16,1.0,303,539047
2001,0.2104678273619001,0.046756958383814134,0.029418644870621697,16,1.0,303,542077
2011,0.20996290866796585,0.046648845855795096,0.029343673915070312,16,1.0,303,545107
2021,0.20936911000525785,0.04651223066399695,0.029265245555495093,16,1.0,303,548137
2031,0.20877348337890234,0.04638391428203004,0.029188365318552956,16,1.0,303,551167
2041,0.20821462855943623,0.0462528158567503,0.029112103628477885,16,1.0,303,554197
2051,0.20764308291251637,0.046133656728236036,0.029037885970278496,16,1.0,304,557232
2061,0.2071142814297302,0.04601392555436049,0.028962833082371933,16,1.0,304,560272
2071,0.20656577554894046,0.04589137221589789,0.028888526250435025,16,1.0,304,563312
2081,0.20606243920286277,0.04577509923503261,0.028814800338903237,16,1.0,304,566352
2091,0.20558646667399422,0.04567019366521818,0.028745020986005808,16,1.0,304,569392
2101,0.20506718882409214,0.04555714479382381,0.02867435282358577,16,1.0,304,572432
2111,0.20456193210764723,0.04545011525789219,0.028603719953312585,16,1.0,304,575472
2121,0.20411643981665947,0.045350441658241675,0.02853636558146575,16,1.0,305,578522
2131,0.203647847681003,0.04524129789597681,0.028466604088583515,16,1.0,305,581572
2141,0.20309514117587438,0.04512218519165211,0.02839619730758769,16,1.0,305,584622
2151,0.20259206525203916,0.04501118184154257,0.028328420642060703,16,1.0,305,587672
2161,0.2020323374896272,0.04488546354819577,0.028259451836954063,16,1.0,305,590722
2171,0.20150269022707684,0.04476785105902739,0.028190211794739104,16,1.0,305,593772
2181,0.2010557373230582,0.04466790464641881,0.028123052186870726,16,1.0,306,596825
2191,0.20055271883284997,0.04455690095330197,0.02805523430987673,16,1.0,306,599885
2201,0.20013086688228932,0.0444680307904574,0.027988948901264243,16,1.0,306,602945
2211,0.1997209976433256,0.04437289029611378,0.02792366272781324,16,1.0,306,606005
2221,0.19931985184059384,0.044288552789449376,0.027859158891386893,16,1.0,306,609065
2231,0.19891818631297853,0.04418854627170134,0.02779420833912553,16,1.0,306,612125
2241,0.19839558037094934,0.04407988657376634,0.027727679178125676,16,1.0,306,615185
2251,0.19789217331236708,0.0439654307142383,0.027663087641873318,16,1.0,307,618248
2261,0.1974460678713106,0.043864396821853884,0.027600074025602883,16,1.0,307,621318
2271,0.19695603146571786,0.04375755557729266,0.027536886311604745,16,1.0,307,624388
2281,0.1964435299256136,0.04364504667757621,0.027473154375333285,16,1.0,307,627458
2291,0.19591493507327373,0.04352829968427164,0.02740829202738808,16,1.0,307,630528
2301,0.19548835794685482,0.043436113600145036,0.02734660639810137,16,1.0,307,633598
2311,0.19502189689303473,0.043328699112945075,0.02728474069327162,16,1.0,307,636668
2321,0.19458437927792024,0.043228396467069476,0.027224313783416536,16,1.0,308,639740
2331,0.19412181534442047,0.0431256978745811,0.02716157458883687,16,1.0,308,642820
2341,0.19367941650360013,0.04303491121790829,0.027100032174733564,16,1.0,308,645900
2351,0.19330390902565586,0.04294841540049514,0.02704158894185638,16,1.0,308,648980
2361,0.1929499703300184,0.04286674673974146,0.02698365968858324,16,1.0,308,652060
2371,0.19254598739756124,0.042775220346189004,0.02692478142860384,16,1.0,308,655140
2381,0.1920413187034647,0.042669209271248204,0.026866376602987487,16,1.0,308,658220
2391,0.19163245663488784,0.04257719642818658,0.026808387572725044,16,1.0,308,661300
2401,0.19124239587430852,0.04248818384461001,0.02675046712833789,16,1.0,309,664388
2411,0.190870800554224,0.04240744420469447,0.02669563358219375,16,1.0,309,667478
2421,0.1904432053397687,0.04231130558058709,0.026638216806818986,16,1.0,309,670568
2431,0.19006592098888836,0.04222635474406498,0.02658176150729381,16,1.0,309,673658
2441,0.18961782143852082,0.04212859380591926,0.026523545740791736,16,1.0,309,676748
2451,0.18917042274860088,0.042025207889205114,0.02646591218236948,16,1.0,309,679838
2461,0.18873660498460984,0.04193003717650622,0.02641004649339336,16,1.0,309,682928
2471,0.18832632866779236,0.04184348231753482,0.026353925933307164,16,1.0,310,686020
2481,0.18791629469478285,0.04174902798943298,0.026297600301109184,16,1.0,310,689120
2491,0.18750652307103263,0.04165747701532475,0.026242324520073034,16,1.0,310,692220
2501,0.18705448703431288,0.041559326940972044,0.026186633889158633,16,1.0,310,695320
2511,0.18671271544143478,0.041485082735614805,0.026133278509852108,16,1.0,310,698420
2521,0.18632344462130324,0.041398072406368974,0.02607881243828647,16,1.0,310,701520
2531,0.1859588062757608,0.04131599428581466,0.026025250048384928,16,1.0,310,704620
2541,0.18560371781500642,0.04123876138461826,0.02597283616725821,16,1.0,310,707720
2551,0.18521434961674457,0.041145814385112556,0.02591954994180138,16,1.0,311,710824
2561,0.18478657693297149,0.041050312462071026,0.025866160958354027,16,1.0,311,713934
2571,0.18444561976268087,0.04097940565050061,0.02581484437142201,16,1.0,311,717044
2581,0.184070929609356,0.04089778023499847,0.025761721775330093,16,1.0,311,720154
2591,0.18369624900145384,0.04081508660739596,0.02571004422057016,16,1.0,311,723264
2601,0.18331220330486409,0.04073030590756595,0.025658972713115832,16,1.0,311,726374
2611,0.18293299402031757,0.04064503777945012,0.025606810420857332,16,1.0,311,729484
2621,0.18257941719420795,0.04056444562927246,0.025556144454410533,16,1.0,311,732594
2631,0.1821680678994759,0.04047514202753442,0.02550452899435164,16,1.0,312,735707
2641,0.1818740533977985,0.0404103479238436,0.025455135356353995,16,1.0,312,738827
2651,0.18157012256596572,0.04034283964202154,0.025406426773068223,16,1.0,312,741947
2661,0.18124284100964674,0.04026813117907536,0.025357525437305864,16,1.0,312,745067
2671,0.18087009220080913,0.040188350764242896,0.02530869503109059,16,1.0,312,748187
2681,0.18053778192463815,0.04011204631626006,0.02525964788960715,16,1.0,312,751307
2691,0.18017621933764932,0.04003471087684779,0.025212195939331727,16,1.0,312,754427
2701,0.1798589390770386,0.0399617712458034,0.025162521649415164,16,1.0,312,757547
2711,0.17952800033128893,0.03988436062054511,0.025113817151955042,16,1.0,312,760667
2721,0.17919021225804865,0.03981227364311009,0.025066665379470287,16,1.0,313,763797
2731,0.17887180226493654,0.03974204203708853,0.02502020271266733,16,1.0,313,766927
2741,0.17850759552641082,0.03965923365743862,0.024970750857547287,16,1.0,313,770057
2751,0.17819940865127148,0.0395922288290232,0.024922816963225774,16,1.0,313,773187
2761,0.17782237876874227,0.03950517602436711,0.02487438855724155,16,1.0,313,776317
2771,0.17748815012606747,0.039435209271038905,0.024828213372128965,16,1.0,313,779447
2781,0.17718965332866438,0.03936750453886625,0.024782147697858616,16,1.0,313,782577
2791,0.17685912676802595,0.0392936344929867,0.024735756484310846,16,1.0,313,785707
2801,0.17652426252395123,0.03922066014933762,0.024689561556209313,16,1.0,314,788841
2811,0.17619344984416624,0.03914764768190996,0.02464459188889947,16,1.0,314,791981
2821,0.1758996419257544,0.039085141105309223,0.024600343929824985,16,1.0,314,795121
2831,0.1755663184006285,0.03900790111980164,0.02455427485472115,16,1.0,314,798261
2841,0.17525536173598216,0.038937931286269496,0.024509784187774334,16,1.0,314,801401
2851,0.17493395110720006,0.03886790235597574,0.02446534224221837,16,1.0,314,804541
2861,0.17459824641857838,0.038792443510567994,0.024421226645154274,16,1.0,314,807681
2871,0.17431066627858838,0.03873035579179314,0.024377720328030844,16,1.0,314,810821
2881,0.17400261683588125,0.038658828604578345,0.02433263799545439,16,1.0,314,813961
2891,0.17367841384380045,0.03858771334396205,0.024288701569518907,16,1.0,315,817106
2901,0.1733817322139306,0.03852532927287254,0.02424522784849604,16,1.0,315,820256
2911,0.17313570569843545,0.03846980169897157,0.024202273028129353,16,1.0,315,823406
2921,0.172820427912288,0.03840106861507131,0.024158515782806828,16,1.0,315,826556
2931,0.17251470742627906,0.03832840536207664,0.02411541407795612,16,1.0,315,829706
2941,0.1721971570066394,0.03826002971808228,0.024072227164762823,16,1.0,315,832856
2951,0.17187375120300255,0.038188196991663904,0.024028556995703037,16,1.0,315,836006
2961,0.17157896000981004,0.03812187178472618,0.023985437776723663,16,1.0,315,839156
2971,0.17125916770378624,0.03805253260563903,0.02394296702271698,16,1.0,315,842306
2981,0.17096576992966853,0.0379856829367371,0.02390226774407082,16,1.0,316,845459
2991,0.170638274338078,0.03790961254711134,0.023860454408965212,16,1.0,316,848619
3001,0.1703612548865593,0.037854323217721614,0.023819785571187625,16,1.0,316,851779
3011,0.17011722605749707,0.037794744738139985,0.0237784416752155,16,1.0,316,854939
3021,0.16983544472874737,0.037732173665859306,0.023737654223263634,16,1.0,316,858099
3031,0.16955879835869278,0.037674011097244595,0.023697418783054078,16,1.0,316,861259
3041,0.16925976927746864,0.037605966392979626,0.0236564022982801,16,1.0,316,864419
3051,0.16897694214900558,0.037542749932462566,0.02361579649833311,16,1.0,316,867579
3061,0.1687100746315977,0.03748388612255003,0.023575353132619624,16,1.0,316,870739
3071,0.16841029417433906,0.0374197084136266,0.023536345204369452,16,1.0,316,873899
3081,0.1681247127096064,0.03735388403387599,0.0234961611650708,16,1.0,317,877068
3091,0.16781035801550895,0.03728683819474585,0.023455712023143817,16,1.0,317,880238
3101,0.1675297146535169,0.03722292168441445,0.023415733964522546,16,1.0,317,883408
3111,0.16727168754049815,0.03716482756993817,0.02337723622685782,16,1.0,317,886578
3121,0.1669570300181499,0.037095721358909886,0.02333804851912015,16,1.0,317,889748
3131,0.1667087268491039,0.03704250760929264,0.023299101604742068,16,1.0,317,892918
3141,0.16643379967050362,0.036979890536677225,0.02325964910040836,16,1.0,317,896088
3151,0.16613784492693306,0.036913386098497744,0.023220590513350712,16,1.0,317,899258
3161,0.16586756566461058,0.036852211104225506,0.023182784544490343,16,1.0,317,902428
3171,0.1655849920168575,0.03678945552749749,0.023144974331420473,16,1.0,318,905599
3181,0.16530222065387545,0.036727410527131694,0.023107503337657542,16,1.0,318,908779
3191,0.16505814521032647,0.03667207443714882,0.023070016107850803,16,1.0,318,911959
3201,0.1647563123982542,0.03660579021903591,0.023032707462772726,16,1.0,318,915139
3211,0.1645013590503956,0.03654990969343141,0.022994788275465295,16,1.0,318,918319
3221,0.16419105004528065,0.036480617721382134,0.022956775081344312,16,1.0,318,921499
3231,0.16393716440341463,0.03642533207576675,0.022919676104936296,16,1.0,318,924679
3241,0.16368450333592116,0.03636738046938049,0.022882509979100282,16,1.0,318,927859
3251,0.16341666458810974,0.036310080493874596,0.02284566459963705,16,1.0,318,931039
3261,0.1631730264449001,0.036254149008895356,0.022809917073560976,16,1.0,318,934219
3271,0.1628899430959524,0.03619127694363998,0.022772855888038138,16,1.0,318,937399
3281,0.16262775952031994,0.03613304654619899,0.022736930374240398,16,1.0,319,940589
3291,0.16238456386846437,0.03608117463120386,0.022701557205515338,16,1.0,319,943779
3301,0.16215049990447497,0.0360284690769237,0.022666294993378383,16,1.0,319,946969
3311,0.16193341478361756,0.03597989493709384,0.022631159702642907,16,1.0,319,950159
3321,0.16168235134781123,0.035922368430975786,0.022596130830073537,16,1.0,319,953349
3331,0.16142776970796818,0.03586793142377694,0.02256215488993339,16,1.0,319,956539
3341,0.16121369388607423,0.03582037934773062,0.022527870651673786,16,1.0,319,959729
3351,0.16097860797109426,0.03576677104168305,0.022493425519920653,16,1.0,319,962919
3361,0.1607228042031002,0.035710302367672406,0.022458561881739555,16,1.0,319,966109
3371,0.16051938438790414,0.0356647769954236,0.02242545613695397,16,1.0,319,969299
3381,0.16026893765692238,0.03560880984796598,0.022391430473532307,16,1.0,320,972495
3391,0.16003966465810304,0.03555891238030159,0.022357628494551092,16,1.0,320,975695
3401,0.1598083580321492,0.0355078750282875,0.02232338237515153,16,1.0,320,978895
3411,0.15958113736315188,0.03545774215231771,0.02228938305511626,16,1.0,320,982095
3421,0.15935492456074038,0.03540715711266925,0.022255670785080946,16,1.0,320,985295
3431,0.15907996743274816,0.03534809092009488,0.02222094243601387,16,1.0,320,988495
3441,0.15888597672205163,0.0352996593721484,0.022187486682164588,16,1.0,320,991695
3451,0.15864938112333146,0.03524844839878625,0.02215326973484881,16,1.0,320,994895
3461,0.15841091046030567,0.03519614811247111,0.02211994347655237,16,1.0,320,998095
3471,0.15816911806572154,0.035144418598375624,0.022087241614254776,16,1.0,320,1001295
3481,0.1579432070106131,0.03509292623384784,0.022054809353141493,16,1.0,320,1004495
3491,0.15769484089133198,0.03503841234589913,0.022022197356152923,16,1.0,321,1007704
3501,0.1574856366301406,0.034992915665244255,0.021989923562610095,16,1.0,321,1010914
3511,0.15726712205156454,0.034942113594071095,0.021957382523430772,16,1.0,321,1014124
3521,0.15702495490153187,0.03488864947729524,0.021924519182386693,16,1.0,321,1017334
3531,0.1567983495037377,0.034839598289322024,0.021891910629032275,16,1.0,321,1020544
3541,0.15654839858231634,0.034783757645972996,0.02185846593945475,16,1.0,321,1023754
3551,0.1563139502074311,0.03473168034388781,0.02182608124806656,16,1.0,321,1026964
3561,0.1560919546919463,0.03468236909167872,0.02179443540849555,16,1.0,321,1030174
3571,0.1558780111502206,0.03463673077778627,0.021762465485491624,16,1.0,321,1033384
3581,0.15565372148265338,0.03458471273857488,0.021729765418404386,16,1.0,321,1036594
3591,0.1554430503496612,0.034539474715065854,0.021699054846051488,16,1.0,321,1039804
3601,0.15525420705065143,0.03449442130803214,0.02166858802313215,16,1.0,322,1043023
3611,0.15501881175628585,0.034443067957767526,0.02163797424730929,16,1.0,322,1046243
3621,0.15479559479651192,0.03439348917971785,0.021606628044774343,16,1.0,322,1049463
3631,0.15458164372917801,0.03434627430722904,0.02157536880029929,16,1.0,322,1052683
3641,0.15436038728135382,0.03429712946306217,0.021543869989776292,16,1.0,322,1055903
3651,0.1541291991923932,0.03424638485292423,0.02151341633455738,16,1.0,322,1059123
3661,0.15391811232275576,0.034199496116125085,0.021483061506178323,16,1.0,322,1062343
3671,0.15369304498053793,0.034149501833649926,0.021452800610777634,16,1.0,322,1065563
3681,0.15348785961300074,0.03410392388450794,0.021421459629670077,16,1.0,322,1068783
3691,0.15328621182319324,0.0340597277067292,0.021392352427755522,16,1.0,322,1072003
3701,0.15312281466485753,0.03402283609825101,0.021363236318387255,16,1.0,322,1075223
3711,0.15290535321988674,0.033974531097484655,0.021332450759387205,16,1.0,323,1078448
3721,0.1527166936077656,0.03393350753097476,0.02130280463367029,16,1.0,323,1081678
3731,0.15253008122833195,0.033892051609208024,0.021273652051778877,16,1.0,323,1084908
3741,0.15232312996138808,0.03384490859320667,0.02124391640497993,16,1.0,323,1088138
3751,0.1521131252939407,0.033798842877043864,0.02121427083363803,16,1.0,323,1091368
3761,0.1519392465333951,0.03376050760031427,0.02118509690444214,16,1.0,323,1094598
3771,0.15174388672166964,0.03371537714928577,0.02115638071896106,16,1.0,323,1097828
3781,0.15155448911205674,0.03367647389297414,0.02112778434157311,16,1.0,323,1101058
3791,0.1513580915848435,0.03362940200632815,0.021098560558346434,16,1.0,323,1104288
3801,0.15114194413185925,0.03358053946540849,0.02106946717389432,16,1.0,323,1107518
3811,0.15092675931835006,0.03353246595407746,0.02104074967555946,16,1.0,323,1110748
3821,0.15070362436033924,0.03348630254584221,0.021012007898391517,16,1.0,323,1113978
3831,0.15050558295054267,0.03344371456661222,0.020983804595298024,16,1.0,324,1117215
3841,0.15032223407704143,0.03339905288429601,0.020955533641579212,16,1.0,324,1120455
3851,0.15012072663691214,0.033358206659243855,0.020927470034442196,16,1.0,324,1123695
3861,0.14991630728234467,0.0333111203027792,0.020899475058770864,16,1.0,324,1126935
3871,0.14969905065208494,0.03326258066865261,0.020870289359455223,16,1.0,324,1130175
3881,0.1495299248406073,0.0332230806790175,0.020842320807414074,16,1.0,324,1133415
3891,0.14932800781592467,0.03318015666503655,0.020814841515841915,16,1.0,324,1136655
3901,0.1491355585702076,0.033139593813383196,0.02078768308081494,16,1.0,324,1139895
3911,0.14891813931423692,0.033089924462672754,0.020759944794125886,16,1.0,324,1143135
3921,0.1487419853396186,0.03305051894293277,0.020732732513625046,16,1.0,324,1146375
3931,0.14857256451848236,0.033010989585715494,0.020705114464708088,16,1.0,324,1149615
3941,0.14837950471473935,0.03296837739879581,0.02067815866808218,16,1.0,324,1152855
3951,0.1481679218858529,0.03292164852776168,0.020650419482088567,16,1.0,325,1156101
3961,0.14798851603599164,0.03287992931854686,0.020622475181095005,16,1.0,325,1159351
3971,0.14778824224009138,0.03283810917888058,0.020595338171548332,16,1.0,325,1162601
3981,0.14758881373118904,0.03279380741906015,0.020567882768208114,16,1.0,325,1165851
3991,0.14740684063697304,0.0327512738298856,0.020540936978214644,16,1.0,325,1169101
4001,0.14720665103396335,0.03270681185551146,0.020513883107244352,16,1.0,325,1172351
4011,0.14703910014625354,0.03267038368399567,0.020487761301508683,16,1.0,325,1175601
4021,0.1468170147038676,0.032620013327352614,0.020460236479816558,16,1.0,325,1178851
4031,0.14659714180331807,0.03257325401815388,0.020433306535290695,16,1.0,325,1182101
4041,0.14641431151244305,0.03253186569186241,0.020406643304102415,16,1.0,325,1185351
4051,0.14623566582902736,0.03249321313219158,0.02038056172786854,16,1.0,325,1188601
4061,0.14605539331510017,0.032452397822651746,0.02035430337932003,16,1.0,325,1191851
4071,0.14581840252509093,0.03240179465736894,0.020327079594095125,16,1.0,325,1195101
4081,0.14565230794345432,0.032365655068046444,0.020301291086630837,16,1.0,326,1198361
4091,0.14546857708634586,0.0323238198057764,0.020275250709326523,16,1.0,326,1201621
4101,0.14530712887510605,0.032287194752983285,0.020250013916292456,16,1.0,326,1204881
4111,0.14510440932573246,0.03223939916432929,0.020223308361276882,16,1.0,326,1208141
4121,0.14492733119935614,0.03220157164479943,0.0201978883996003,16,1.0,326,1211401
4131,0.14475429163659603,0.03216388258753722,0.020173088116303868,16,1.0,326,1214661
4141,0.14457519286990034,0.032124097303705336,0.020147090996922225,16,1.0,326,1217921
4151,0.14439567240117446,0.03208322949150768,0.02012157498303504,16,1.0,326,1221181
4161,0.14420687121120354,0.032042031424257,0.02009598615365116,16,1.0,326,1224441
4171,0.14401552858218108,0.03199903681549251,0.020070880304942886,16,1.0,326,1227701
4181,0.14385466493361249,0.03196525942801029,0.020046321075669525,16,1.0,326,1230961
4191,0.14368011538176564,0.03192453261358299,0.02002142017784482,16,1.0,326,1234221
4201,0.14348767348191657,0.03188251320752981,0.019996441526781077,16,1.0,327,1237482
4211,0.143315597967271,0.03184501228717319,0.019972140793087494,16,1.0,327,1240752
4221,0.14313008952590045,0.03180211639897979,0.019947284447649132,16,1.0,327,1244022
4231,0.1429852439271375,0.03177138136025196,0.01992359986004854,16,1.0,327,1247292
4241,0.14283009876670552,0.03173691522196544,0.01989923980578306,16,1.0,327,1250562
4251,0.14265833111496587,0.031698280221034054,0.019873954571401845,16,1.0,327,1253832
4261,0.14246052770133058,0.031654102365625734,0.019848705397217024,16,1.0,327,1257102
4271,0.14228057916584388,0.03161460089905606,0.019824128019838034,16,1.0,327,1260372
4281,0.14209498895401174,0.03157266677844124,0.019799722019478983,16,1.0,327,1263642
4291,0.1419312396499689,0.031536526683216,0.01977651567741412,16,1.0,327,1266912
4301,0.14175967370339315,0.03149888182243007,0.01975245132187298,16,1.0,327,1270182
4311,0.14157305821107005,0.031457192723957,0.019729084878791426,16,1.0,327,1273452
4321,0.14141639295581399,0.03142239027300591,0.01970526766777133,16,1.0,327,1276722
4331,0.14125507367393347,0.031385861575525,0.01968191427588932,16,1.0,327,1279992
4341,0.1410953636690694,0.031349695277933264,0.01965889255692364,16,1.0,328,1283270
4351,0.14092280817713332,0.03131205527774038,0.019635184055698186,16,1.0,328,1286550
4361,0.14075399304626485,0.03127409979218647,0.01961203450502068,16,1.0,328,1289830
4371,0.1405755738270835,0.031236060450912265,0.019588528925127517,16,1.0,328,1293110
4381,0.14039785989547943,0.031196353686377284,0.019565143517209414,16,1.0,328,1296390
4391,0.1402167855043916,0.03115612770077992,0.019541406634672145,16,1.0,328,1299670
4401,0.14004655193152052,0.031116962010142482,0.01951844864877907,16,1.0,328,1302950
4411,0.13988099330901507,0.031081978505934454,0.019495328022722587,16,1.0,328,1306230
4421,0.13972006101820472,0.03104444114669194,0.019472430810152704,16,1.0,328,1309510
4431,0.1395517036030572,0.03100593435414497,0.019449182787342714,16,1.0,328,1312790
4441,0.1393770040171377,0.030968904359107586,0.019426108468465583,16,1.0,328,1316070
4451,0.13921886840511047,0.030933776444347,0.01940319957771212,16,1.0,328,1319350
4461,0.13906623916635372,0.030898772815572056,0.019380105369386183,16,1.0,328,1322630
4471,0.138902301227468,0.03086498771867637,0.01935791150343434,16,1.0,328,1325910
4481,0.1387546830405287,0.03083109959653771,0.019335698381757808,16,1.0,329,1329200
4491,0.13857133743260208,0.030792326049048913,0.019313106919463457,16,1.0,329,1332490
4501,0.13841701404224865,0.030757169957928095,0.01929072899132958,16,1.0,329,1335780
4511,0.13825934032451204,0.03071911755134334,0.019268953366618463,16,1.0,329,1339070
4521,0.13810706765489672,0.03068615722008485,0.019247341816217307,16,1.0,329,1342360
4531,0.13793988244081237,0.030650092534425147,0.01922500755347887,16,1.0,329,1345650
4541,0.1377627594801341,0.03060861081971569,0.019202921902105687,16,1.0,329,1348940
4551,0.13761314569619643,0.03057835892656765,0.019180993145009227,16,1.0,329,1352230
4561,0.13743828302321398,0.030538662400390642,0.019158803001954265,16,1.0,329,1355520
4571,0.13728026381829042,0.03050398062001775,0.019136673620004555,16,1.0,329,1358810
4581,0.1371341744409433,0.030472577479197512,0.01911539379054936,16,1.0,329,1362100
4591,0.13700650806734388,0.030443163082785107,0.019094221006832966,16,1.0,329,1365390
4601,0.13684438865277052,0.030405265706862646,0.019072370068870987,16,1.0,329,1368680
4611,0.13669505467181847,0.03037251257200137,0.019051039352889928,16,1.0,329,1371970
4621,0.13653968856573245,0.030339039253492656,0.019029412023252146,16,1.0,330,1375268
4631,0.13639418390754593,0.030305474164246896,0.019008112676676167,16,1.0,330,1378568
4641,0.1362185471328566,0.030266461233586756,0.01898600540802322,16,1.0,330,1381868
4651,0.13605654933554634,0.03023068302807695,0.018964937247110767,16,1.0,330,1385168
4661,0.1359006760319614,0.03019646822630798,0.018943879221484168,16,1.0,330,1388468
4671,0.13574994685371072,0.030164208532918197,0.0189223635776172,16,1.0,330,1391768
4681,0.1356116268432724,0.030132462660189725,0.018900948230390534,16,1.0,330,1395068
4691,0.1354746581681377,0.03010102350514389,0.01887997857773434,16,1.0,330,1398368
4701,0.13532630808125193,0.030070292224115093,0.018859395443552054,16,1.0,330,1401668
4711,0.135187520283944,0.030037244541642645,0.018838996322655743,16,1.0,330,1404968
4721,0.13503834471383686,0.030004911583901072,0.01881826545153358,16,1.0,330,1408268
4731,0.13486360687000615,0.029966894277902088,0.018797105631260972,16,1.0,330,1411568
4741,0.13471733620513932,0.02993400112504563,0.018776186488576863,16,1.0,330,1414868
4751,0.13457423888117565,0.02990201393321003,0.01875563914380095,16,1.0,330,1418168
4761,0.13440759455220416,0.029865587654647918,0.018734889645728465,16,1.0,331,1421470
4771,0.13425045446797473,0.029829890282707865,0.018714523573557393,16,1.0,331,1424780
4781,0.1340974192203097,0.029796679711671284,0.018693999430675366,16,1.0,331,1428090
4791,0.13395020763783214,0.029764757465787255,0.018673307423477767,16,1.0,331,1431400
4801,0.13379999228129058,0.02973157795323476,0.018653288428623925,16,1.0,331,1434710
4811,0.13368701973719868,0.029704534566753274,0.018633983664114333,16,1.0,331,1438020
4821,0.13353946714110174,0.029672145052456314,0.018613904514156135,16,1.0,331,1441330
4831,0.1334150117652917,0.02964333962112115,0.018593908483761527,16,1.0,331,1444640
4841,0.1332554054980176,0.029609811451052615,0.018573183416494752,16,1.0,331,1447950
4851,0.13312573236850456,0.029581578113699512,0.018553110679958944,16,1.0,331,1451260
4861,0.13297666470622949,0.029547121017196226,0.01853348796554593,16,1.0,331,1454570
4871,0.13283240357678128,0.02951602620452143,0.018513427953045357,16,1.0,331,1457880
4881,0.13269546584802477,0.029484274175080177,0.01849380707877099,16,1.0,331,1461190
4891,0.13253087040439845,0.029448089538425266,0.018473679897505396,16,1.0,331,1464500
4901,0.13238302438157717,0.02941599980017575,0.0184541397746315,16,1.0,331,1467810
4911,0.13224752801075043,0.029384770354521646,0.01843397739430576,16,1.0,332,1471121
4921,0.13210487966529055,0.02935364431222517,0.018414657918590868,16,1.0,332,1474441
4931,0.1319643908552816,0.029322994262691394,0.01839513246915883,16,1.0,332,1477761
4941,0.13181850891956176,0.029290770370542122,0.018375127294060968,16,1.0,332,1481081
4951,0.13168480851972256,0.029259954163404572,0.018356078359197017,16,1.0,332,1484401
4961,0.13154072081289198,0.02922813077370096,0.018336802441454268,16,1.0,332,1487721
4971,0.13143442918572606,0.029203965635012798,0.01831786374622508,16,1.0,332,1491041
4981,0.13129532796803994,0.029173617304937078,0.018299042498340908,16,1.0,332,1494361
4991,0.13116327750441198,0.0291442825612682,0.018280478762684522,16,1.0,332,1497681
5001,0.13102999844092095,0.02911485734060169,0.018261882194123284,16,1.0,332,1501001
5011,0.1308971417755684,0.029085342880781666,0.0182426094496701,16,1.0,332,1504321
5021,0.1307508318704522,0.02905211469380507,0.018223472691617403,16,1.0,332,1507641
5031,0.13060096658494905,0.029020269200252878,0.01820469443616792,16,1.0,332,1510961
5041,0.1304670321091594,0.028990873035424157,0.01818588934717543,16,1.0,332,1514281
5051,0.13032948703801506,0.028957980618839443,0.018167048032111034,16,1.0,332,1517601
5061,0.13019400442715867,0.028928065607509525,0.01814896995917979,16,1.0,332,1520921
5071,0.13005173893559646,0.028897890449366793,0.018130494878983987,16,1.0,333,1524246
5081,0.12994835947188502,0.02887456780195203,0.018112644708906743,16,1.0,333,1527576
5091,0.12981411000814375,0.028843680400319784,0.01809419521291909,16,1.0,333,1530906
5101,0.1296922234999889,0.028816959342880595,0.018075917550365875,16,1.0,333,1534236
5111,0.12955483405185353,0.028786616165356785,0.018057665340382983,16,1.0,333,1537566
5121,0.1294013070125378,0.02875198502310896,0.018039048399322147,16,1.0,333,1540896
5131,0.12925070823890733,0.028720630793162533,0.018020514958726842,16,1.0,333,1544226
5141,0.12911948075034277,0.028690603160085825,0.01800211781518169,16,1.0,333,1547556
5151,0.12897615763173767,0.02865876263795734,0.017983370735179017,16,1.0,333,1550886
5161,0.1288232031763254,0.028625128505395576,0.017964541883101225,16,1.0,333,1554216
5171,0.12869876179083645,0.028596964067742595,0.017946390159267755,16,1.0,333,1557546
5181,0.12857779244280265,0.028569402052930407,0.017928682121995068,16,1.0,333,1560876
5191,0.12844328341896663,0.02854072256465973,0.017910755925833924,16,1.0,333,1564206
5201,0.12830844394706528,0.02851127826449329,0.017892462785993383,16,1.0,333,1567536
5211,0.1281748126360721,0.028480736233163422,0.01787444492441907,16,1.0,333,1570866
5221,0.12802480508093445,0.02844690141507436,0.017856819756592597,16,1.0,333,1574196
5231,0.12788524114114166,0.028415559345926468,0.017838824443005604,16,1.0,334,1577530
5241,0.12775829357274363,0.028388539542359953,0.017821168677870067,16,1.0,334,1580870
5251,0.12762644288209687,0.028358742226519244,0.01780302779255037,16,1.0,334,1584210
5261,0.12749350833813083,0.028329377486777538,0.017785508241966792,16,1.0,334,1587550
5271,0.12737754488413125,0.02830411613514822,0.017767597927748884,16,1.0,334,1590890
5281,0.12725441303861756,0.028276426446151054,0.017750326471263844,16,1.0,334,1594230
5291,0.12713464217674322,0.028249651491404407,0.017732986745114594,16,1.0,334,1597570
5301,0.12702640357452072,0.02822510825387573,0.017715733693195235,16,1.0,334,1600910
5311,0.12689169517712104,0.028195843185411608,0.01769869713099828,16,1.0,334,1604250
5321,0.12678113701339153,0.02817045791608496,0.017681703058494008,16,1.0,334,1607590
5331,0.12666127373861116,0.0281443232437129,0.017664317610622152,16,1.0,334,1610930
5341,0.12653366180810047,0.028116464154399612,0.017647137906150093,16,1.0,334,1614270
5351,0.1264174648485385,0.02808820172090107,0.01762987879454513,16,1.0,334,1617610
5361,0.1262781749316726,0.028059377505478034,0.017612884208960386,16,1.0,334,1620950
5371,0.12616270888668518,0.028034049599866342,0.017596010965914906,16,1.0,334,1624290
5381,0.12605121068360034,0.028009278037198528,0.017579500833907358,16,1.0,334,1627630
5391,0.12592042972576772,0.02797877209975169,0.017562311372140534,16,1.0,334,1630970
5401,0.12579151797035543,0.027949975756246817,0.017545558058233723,16,1.0,335,1634318
5411,0.12567310964162395,0.02792575575181161,0.017528968042512316,16,1.0,335,1637668
5421,0.1255730235984361,0.027902719517779825,0.017512665264439044,16,1.0,335,1641018
5431,0.12546027577365443,0.027877033906639884,0.0174960541199395,16,1.0,335,1644368
5441,0.12532425149465826,0.027847134077911905,0.01747884312757531,16,1.0,335,1647718
5451,0.12521219954660193,0.027822241179737483,0.017462160410583426,16,1.0,335,1651068
5461,0.12509903865468333,0.027798049272904985,0.01744610148553422,16,1.0,335,1654418
5471,0.12499186671868989,0.027773293103138984,0.017429612081470855,16,1.0,335,1657768
5481,0.12485954066136881,0.027744053103330113,0.01741269815319124,16,1.0,335,1661118
5491,0.12475441717504943,0.02772132508510272,0.01739633375876257,16,1.0,335,1664468
5501,0.12464254288641204,0.02769584498858272,0.01738035006602319,16,1.0,335,1667818
5511,0.12452257443094847,0.027668259127764872,0.017363882864085457,16,1.0,335,1671168
5521,0.12439668082779619,0.027641069204582987,0.01734756098215417,16,1.0,335,1674518
5531,0.12428580500310862,0.02761659217336303,0.017331084458881468,16,1.0,335,1677868
5541,0.12416690514780049,0.0275887893091111,0.017315069174482476,16,1.0,335,1681218
5551,0.12403313425040544,0.027561227457853117,0.017298415630330986,16,1.0,335,1684568
5561,0.1239246469656897,0.027536357239365136,0.017282213199437565,16,1.0,335,1687918
5571,0.123816455640293,0.02751278007740913,0.017266366534498912,16,1.0,336,1691275
5581,0.12370169646480361,0.02748743624216965,0.01725061459899609,16,1.0,336,1694635
5591,0.1235859006123099,0.027461253162507346,0.017234421059386894,16,1.0,336,1697995
5601,0.12346634989196328,0.02743454168021332,0.01721804947481267,16,1.0,336,1701355
5611,0.12337096905222839,0.027413805319442253,0.017202757019823805,16,1.0,336,1704715
5621,0.12327310284474932,0.02739055419825253,0.017186843141191756,16,1.0,336,1708075
5631,0.12315517085959692,0.02736450777978554,0.01717103088817699,16,1.0,336,1711435
5641,0.12303151849544432,0.027337039842248376,0.0171549843364678,16,1.0,336,1714795
5651,0.1229250699977226,0.027313991378832794,0.017139622874990147,16,1.0,336,1718155
5661,0.1228075034025195,0.02728817155052118,0.017123864467464923,16,1.0,336,1721515
5671,0.12268493734049733,0.027261833500021645,0.01710797052727546,16,1.0,336,1724875
5681,0.12258742602298828,0.027238834220766932,0.017091998075359473,16,1.0,336,1728235
5691,0.12245557070527469,0.027209837875452798,0.017075768408686347,16,1.0,336,1731595
5701,0.12234536616190693,0.02718476593172219,0.01706042084165344,16,1.0,336,1734955
5711,0.12223811537126916,0.027162115900743966,0.017044848358981204,16,1.0,336,1738315
5721,0.12212983916268022,0.027137473898365048,0.017028903199172805,16,1.0,336,1741675
5731,0.12201265831655635,0.027110857058771372,0.01701334666314005,16,1.0,336,1745035
5741,0.12191156006370889,0.027088835657945322,0.01699832534704752,16,1.0,336,1748395
5751,0.12180091522483479,0.02706440058448152,0.01698323131953991,16,1.0,337,1751765
5761,0.1216931913350749,0.02704003424699467,0.01696827471276208,16,1.0,337,1755135
5771,0.12158771513756447,0.02701775854306932,0.016953058461909233,16,1.0,337,1758505
5781,0.12146890898062115,0.02699006637192453,0.01693725562327323,16,1.0,337,1761875
5791,0.12136727093090213,0.026967057179068367,0.0169221763444591,16,1.0,337,1765245
5801,0.12125300338036396,0.026943822698297704,0.016907264053773387,16,1.0,337,1768615
5811,0.12114935649059955,0.026919650790855818,0.01689167847890487,16,1.0,337,1771985
5821,0.1210261138799308,0.026892840773331227,0.016876446732930206,16,1.0,337,1775355
5831,0.12091859729874438,0.02686881134399351,0.016861154976894163,16,1.0,337,1778725
5841,0.12080755483116241,0.026842159037772272,0.016846368034356896,16,1.0,337,1782095
5851,0.12068984116999078,0.026816576989689363,0.016831004776850247,16,1.0,337,1785465
5861,0.12057755260959412,0.026792478157608064,0.016816010640802907,16,1.0,337,1788835
5871,0.12047001155003316,0.026767745201899274,0.01680091473442829,16,1.0,337,1792205
5881,0.12036150969309464,0.026745602407335117,0.01678615860351309,16,1.0,337,1795575
5891,0.12023258853794792,0.026716539464327515,0.016770833750486422,16,1.0,337,1798945
5901,0.1201316401673532,0.026693554771529706,0.016756260979068023,16,1.0,337,1802315
5911,0.12004032549418904,0.02667312945109229,0.01674176075323711,16,1.0,337,1805685
5921,0.11992991234839454,0.02664901552867836,0.01672673385176385,16,1.0,337,1809055
5931,0.11983037640778536,0.026626487723937234,0.016712127746985352,16,1.0,338,1812433
5941,0.11972985875141884,0.026604156972447383,0.016697267120020003,16,1.0,338,1815813
5951,0.1196123026465309,0.02657858997219654,0.016682418620290185,16,1.0,338,1819193
5961,0.11951050645747328,0.026555973701404847,0.016668052684761014,16,1.0,338,1822573
5971,0.11940590809795686,0.026531642828888348,0.016653409103845062,16,1.0,338,1825953
5981,0.1192979187832956,0.026507925903673756,0.01663876780171724,16,1.0,338,1829333
5991,0.11920123327945799,0.026487397564045473,0.016624440127960737,16,1.0,338,1832713
6001,0.11909382065649615,0.026463126857689465,0.016609630781717052,16,1.0,338,1836093
6011,0.11899035639044221,0.02644027570361226,0.016595275895147893,16,1.0,338,1839473
6021,0.11888838472469132,0.02641789009670531,0.01658057961659847,16,1.0,338,1842853
6031,0.11878970840581976,0.026396235217784926,0.016566762950699098,16,1.0,338,1846233
6041,0.11869068447685417,0.026371688495295375,0.016552461048463404,16,1.0,338,1849613
6051,0.1185834985769456,0.026350686020709644,0.01653872482902093,16,1.0,338,1852993
6061,0.11849460757936879,0.026330268832026247,0.016525139086661606,16,1.0,338,1856373
6071,0.11838976808275072,0.026307375077147834,0.01651070672581985,16,1.0,338,1859753
6081,0.11828342804416127,0.02628308533300889,0.016496674873467943,16,1.0,338,1863133
6091,0.11818214540215605,0.0262596585006237,0.016482606878709775,16,1.0,338,1866513
6101,0.11807697965112943,0.026237746743814114,0.016468806139655703,16,1.0,338,1869893
6111,0.11797920660500963,0.02621497166770997,0.016454697105314917,16,1.0,338,1873273
6121,0.1178757837850842,0.026192782708734735,0.016440372377149896,16,1.0,339,1876663
6131,0.11777028946974033,0.026169344655144717,0.01642638945269572,16,1.0,339,1880053
6141,0.11767859041171547,0.02614858023050284,0.016412850895732387,16,1.0,339,1883443
6151,0.11758008658409043,0.02612708656744108,0.016399275066093975,16,1.0,339,1886833
6161,0.11749469092615654,0.0261073351049549,0.016385666125001686,16,1.0,339,1890223
6171,0.11740191157301805,0.02608659439953617,0.016371668544656062,16,1.0,339,1893613
6181,0.11730238497648866,0.026064742828378708,0.01635782951782018,16,1.0,339,1897003
6191,0.11721065861032393,0.026043978743907206,0.016344009424617115,16,1.0,339,1900393
6201,0.11709429191398874,0.026018898753962513,0.01632965529278118,16,1.0,339,1903783
6211,0.1169984596866101,0.025997351768278665,0.016316239289039938,16,1.0,339,1907173
6221,0.11690689791791659,0.025976882564395946,0.016302973562692884,16,1.0,339,1910563
6231,0.11680752792339255,0.02595506166061685,0.01628936866466905,15,0.9375,318,1913932
6241,0.116728450579157,0.02593787501770537,0.016277614950864012,14,0.875,297,1916923
6251,0.11665182513741379,0.025921104626768818,0.01626661893391157,12,0.75,276,1919788
6261,0.1165930331626483,0.02590778870305809,0.01625683220360587,12,0.75,255,1922338
6271,0.11651554652604774,0.025889940886340827,0.016246532193126734,12,0.75,255,1924888
6281,0.11645242283989796,0.025877053614515363,0.01623652261642462,12,0.75,255,1927438
6291,0.11638316673040246,0.025861539699622925,0.016226373603410473,12,0.75,255,1929988
6301,0.11630837860638844,0.025844294128141897,0.016216133400143835,12,0.75,255,1932538
6311,0.11623148097261839,0.025827962889069436,0.016206007346007478,12,0.75,255,1935088
6321,0.1161598153594107,0.0258112880905035,0.016196237409115043,12,0.75,255,1937638
6331,0.11608772492930285,0.025795646902237464,0.01618650647713342,12,0.75,255,1940188
6341,0.11601408939278118,0.025778662873192817,0.016176313817008736,12,0.75,255,1942738
6351,0.11593835788341623,0.025761464733217204,0.016166293098685586,12,0.75,255,1945288
6361,0.11585774756559102,0.025744302382626275,0.016156103177820062,12,0.75,255,1947838
6371,0.11578847323014786,0.025729407593813394,0.016146232574917686,12,0.75,255,1950388
6381,0.1157204423361074,0.025714663478822515,0.01613647021958528,12,0.75,255,1952938
6391,0.11564919970408252,0.02569821595232389,0.01612640572411642,12,0.75,255,1955488
6401,0.11557920387470191,0.025682664358041667,0.01611667470699187,12,0.75,255,1958038
6411,0.11551377207372213,0.02566800370099039,0.01610686568912262,12,0.75,255,1960588
6421,0.11545177422103302,0.025653860647794773,0.016097120023283337,12,0.75,255,1963138
6431,0.11537552674798777,0.025637166322956147,0.01608739253243518,12,0.75,255,1965688
6441,0.11529227648574618,0.025618792759876864,0.016077105255880332,12,0.75,255,1968238
6451,0.11523174858923015,0.025606077873609762,0.01606754130751827,12,0.75,255,1970788
6461,0.11516363600654979,0.02558972425440522,0.01605750444522118,12,0.75,255,1973338
6471,0.11509181478629482,0.02557535028655132,0.016047908058563015,12,0.75,255,1975888
6481,0.11502997439100728,0.025561001508234434,0.016038522761135664,12,0.75,255,1978438
6491,0.11495131912486,0.02554340392014148,0.01602864526657776,12,0.75,255,1980988
6501,0.11487827672280362,0.02552596509194256,0.01601891746170942,12,0.75,255,1983538
6511,0.11481081422984032,0.025511944158562942,0.01600951012055467,12,0.75,256,1986093
6521,0.11474401789120124,0.0254975855819352,0.015999917112647817,12,0.75,256,1988653
6531,0.11467896757054488,0.025482289532141066,0.015990306558156007,12,0.75,256,1991213
6541,0.11461024795375667,0.025467862875262127,0.01598088588906529,12,0.75,256,1993773
6551,0.11454111721726626,0.02545202298002561,0.01597132860447801,12,0.75,256,1996333
6561,0.11447804120385105,0.025438487487865077,0.01596159755959039,12,0.75,256,1998893
6571,0.11441830003645953,0.02542389915821027,0.015951959716133935,12,0.75,256,2001453
6581,0.11435060359947961,0.02540933692781144,0.01594218618439255,12,0.75,256,2004013
6591,0.11428785450929735,0.025395991233701985,0.01593267989203999,12,0.75,256,2006573
6601,0.11421665479514535,0.025380646950768176,0.0159229009147226,12,0.75,256,2009133
6611,0.11415360097263835,0.025365331588226996,0.015913281120718548,12,0.75,256,2011693
6621,0.1140789321816867,0.025349216375547955,0.01590386136199196,12,0.75,256,2014253
6631,0.11401983879774036,0.025335850825329152,0.015894732890792334,12,0.75,256,2016813
6641,0.11394491190595392,0.025318614607585836,0.015884864364865803,12,0.75,256,2019373
6651,0.11387172791426603,0.025302944957314773,0.015875270818815013,12,0.75,256,2021933
6661,0.11381244001449425,0.025289655418504777,0.015866124229561584,12,0.75,256,2024493
6671,0.11374691216741346,0.025274862670575583,0.015856870615610957,12,0.75,256,2027053
6681,0.11368202904601499,0.025260096914912076,0.01584728893846734,12,0.75,256,2029613
6691,0.11360779285061236,0.025245124335372217,0.015837776989305854,12,0.75,256,2032173
6701,0.11354105706791888,0.02522912966661946,0.01582812229491893,12,0.75,256,2034733
6711,0.11346553606743792,0.0252132830111347,0.015818714527846518,12,0.75,256,2037293
6721,0.1133886033095558,0.025195724930037418,0.015809036524200334,12,0.75,256,2039853
6731,0.11332696550005576,0.025181798688473166,0.01579969253075982,12,0.75,256,2042413
6741,0.11326022233053695,0.025166970496792923,0.01579033179909982,12,0.75,256,2044973
6751,0.11318840220059187,0.02515089885337921,0.01578106689014682,12,0.75,256,2047533
6761,0.11310946035012781,0.0251327844830422,0.015771621821970172,12,0.75,256,2050093
6771,0.11304363404854793,0.025118851495688665,0.01576255170843616,12,0.75,256,2052653
6781,0.11297999493504492,0.025105746595596935,0.01575320858642494,12,0.75,256,2055213
6791,0.11292627346585307,0.02509312173791741,0.015743968358400164,12,0.75,257,2057782
6801,0.11285356679087606,0.02507685347539114,0.015734542605235678,12,0.75,257,2060352
6811,0.1127866616424311,0.025061531904407797,0.015725201123728796,12,0.75,257,2062922
6821,0.11271320886828645,0.025046467563056903,0.015715802703283648,12,0.75,257,2065492
6831,0.11265066082608566,0.025032455759695236,0.015706726069578146,12,0.75,257,2068062
6841,0.11259486933531263,0.025019491046188343,0.015697602363163348,12,0.75,257,2070632
6851,0.11253303661886106,0.025006206937807723,0.015688646113307975,12,0.75,257,2073202
6861,0.11246315552408556,0.024990227115618324,0.015679319628571452,12,0.75,257,2075772
6871,0.11239493561420667,0.024975748193539947,0.015670311088774043,12,0.75,257,2078342
6881,0.11233649161396508,0.02496140825007412,0.01566137736277943,12,0.75,257,2080912
6891,0.11227459378826221,0.02494833279332979,0.015652279658633604,12,0.75,257,2083482
6901,0.11220571832765915,0.02493359223258358,0.01564296392416516,12,0.75,257,2086052
6911,0.1121571797268414,0.024922470446987713,0.015634339822671886,12,0.75,257,2088622
6921,0.11208802452569075,0.024907441365223774,0.015625250826742414,12,0.75,257,2091192
6931,0.11202957375471108,0.024893447185879197,0.015616259715414409,12,0.75,257,2093762
6941,0.11196116633992204,0.024879589193236466,0.01560716312703432,12,0.75,257,2096332
6951,0.11189339077486633,0.024863080505264718,0.015597851570929014,12,0.75,257,2098902
6961,0.11182824636896567,0.024849386446422504,0.015589204979467771,12,0.75,257,2101472
6971,0.11176821808288757,0.024835382781489286,0.015580303018638192,12,0.75,257,2104042
6981,0.11170579550324153,0.024822068845246313,0.015571075378430138,12,0.75,257,2106612
6991,0.11163152983760523,0.024805236481288923,0.015561843884882253,12,0.75,257,2109182
7001,0.11156238728280925,0.024790868626659517,0.015552743544182178,12,0.75,257,2111752
7011,0.11150478784810944,0.024776636954376433,0.015543947493517259,12,0.75,257,2114322
7021,0.11144678584203106,0.02476430144439782,0.01553543508380221,12,0.75,257,2116892
7031,0.11138096623266468,0.02475044689512865,0.015526686794806824,12,0.75,257,2119462
7041,0.11131526787158412,0.024735300604011513,0.015517499641124038,12,0.75,257,2122032
7051,0.11125116824539177,0.0247213871729273,0.015508852949397096,12,0.75,257,2124602
7061,0.11118620027281456,0.024707061100395878,0.015499939142936615,12,0.75,257,2127172
7071,0.11112969585995794,0.02469330625703713,0.015491196095638352,12,0.75,257,2129742
7081,0.11105906879459197,0.024678922039487357,0.015482316282551277,12,0.75,258,2132322
7091,0.11099640671788377,0.024664781309291714,0.01547344144321838,12,0.75,258,2134902
7101,0.1109450865856107,0.024652401777933985,0.015464781922776253,12,0.75,258,2137482
7111,0.11086995092006129,0.024637117060391844,0.015455871985251942,12,0.75,258,2140062
7121,0.11080810780474287,0.024622942853794724,0.015446958038737229,12,0.75,258,2142642
7131,0.11074782937210782,0.024608686174578412,0.015437968739925012,12,0.75,258,2145222
7141,0.11067165580114299,0.024591870560280782,0.015429020994294051,12,0.75,258,2147802
7151,0.11061306029379173,0.02457992742997166,0.015420512526381876,12,0.75,258,2150382
7161,0.11055359545231061,0.024565962982813286,0.015411848981930447,12,0.75,258,2152962
7171,0.11049278364361843,0.024552666108744476,0.01540308662529907,12,0.75,258,2155542
7181,0.11042966929762583,0.024538749942655997,0.015394278515452109,12,0.75,258,2158122
7191,0.11036138227133993,0.024523043604893886,0.015385523421944684,12,0.75,258,2160702
7201,0.11029466548488318,0.024508433952897868,0.01537685417525786,12,0.75,258,2163282
7211,0.11023860570895207,0.024496191337361674,0.01536821446196166,12,0.75,258,2165862
7221,0.11017498757598526,0.02448205627361454,0.015359614076277586,12,0.75,258,2168442
7231,0.11011530049070443,0.02446868862868187,0.015350989087598077,12,0.75,258,2171022
7241,0.11004809449823019,0.02445354499114695,0.015342433138488067,12,0.75,258,2173602
7251,0.10997341279889133,0.02443695241879907,0.01533352816111399,12,0.75,258,2176182
7261,0.10990837383554163,0.024423029148534458,0.015324824257893624,12,0.75,258,2178762
7271,0.10985055692144781,0.02440986704458375,0.015316472474622289,12,0.75,258,2181342
7281,0.10979898108098032,0.024398512805864893,0.015308338697499854,12,0.75,258,2183922
7291,0.10974134358129015,0.02438560165538376,0.015299776176992548,12,0.75,258,2186502
7301,0.10967249158845277,0.02437030388219361,0.015291126488970725,12,0.75,258,2189082
7311,0.10962399899376776,0.024359634161063303,0.015282772965049337,12,0.75,258,2191662
7321,0.10956335988551852,0.024346369678420954,0.015274108593937387,12,0.75,258,2194242
7331,0.1094939182905541,0.024331148578899238,0.015265584007313432,12,0.75,258,2196822
7341,0.10943677911937348,0.024317828470937733,0.015257306486527589,12,0.75,258,2199402
7351,0.10937225838118118,0.024303493207474814,0.015248689536369006,12,0.75,258,2201982
7361,0.10931158650426487,0.024290013083680544,0.015240311491552234,12,0.75,258,2204562
7371,0.10925148510308134,0.024276659705691855,0.015231999907977054,12,0.75,258,2207142
7381,0.109197063671543,0.024264774838089132,0.015223833848051548,12,0.75,259,2209731
7391,0.10914319086414177,0.024252598796633325,0.01521565174095824,12,0.75,259,2212321
7401,0.10908430449631669,0.024238794874631008,0.01520730532856799,12,0.75,259,2214911
7411,0.1090097956831154,0.024223063638944074,0.015198669475312194,12,0.75,259,2217501
7421,0.10895574912324855,0.024211260472195323,0.015190474230573013,12,0.75,259,2220091
7431,0.10888980570881959,0.024196710876050923,0.015182149062212618,12,0.75,259,2222681
7441,0.10883732461913018,0.024184845530522952,0.015173939311675436,12,0.75,259,2225271
7451,0.10877711482084303,0.024171569726325805,0.01516534875826112,12,0.75,259,2227861
7461,0.10871380006393057,0.02415811293572125,0.015157195542478191,12,0.75,259,2230451
7471,0.10866204097743093,0.024146103162792133,0.015149177807349541,12,0.75,259,2233041
7481,0.10861310102251535,0.02413563528078589,0.015141144959487075,12,0.75,259,2235631
7491,0.10855419005594806,0.024121632537120734,0.015132665310693481,12,0.75,259,2238221
7501,0.10849628979545947,0.02410947683616915,0.01512485209672428,12,0.75,259,2240811
7511,0.10844121459110448,0.024097138127910596,0.015116596450496862,12,0.75,259,2243401
7521,0.10838577250927493,0.02408411288439761,0.01510852563579289,12,0.75,259,2245991
7531,0.10832633887138107,0.024071210316827955,0.015100361024229705,12,0.75,259,2248581
7541,0.10827243765215196,0.02405983768881426,0.01509228567764552,12,0.75,259,2251171
7551,0.10821907199347794,0.02404727687188223,0.015084287898246706,12,0.75,259,2253761
7561,0.10815405893507099,0.0240327319450596,0.0150761527182722,12,0.75,259,2256351
7571,0.10809772275802525,0.024019714993368694,0.015067900345666975,12,0.75,259,2258941
7581,0.10803428539078017,0.024006620155563103,0.01506005764925785,12,0.75,259,2261531
7591,0.10797679740767002,0.023993348174571594,0.015051857440651835,12,0.75,259,2264121
7601,0.10791761285482639,0.02398059675107808,0.015043721039838177,12,0.75,259,2266711
7611,0.10785718785003519,0.023966475369342443,0.015035521459977417,12,0.75,259,2269301
7621,0.10779642194613248,0.02395386765405004,0.015027231750921077,12,0.75,259,2271891
7631,0.10772551481694716,0.023937815387584844,0.015018872327647276,12,0.75,259,2274481
7641,0.1076591992685014,0.023923278471962284,0.01501068146392564,12,0.75,259,2277071
7651,0.10760100017348362,0.023909656626283315,0.015002681671058424,12,0.75,259,2279661
7661,0.10754733093970263,0.023897732739724908,0.014994536639060864,12,0.75,259,2282251
7671,0.10748533848506521,0.023883861359748387,0.014986664244278402,12,0.75,259,2284841
7681,0.10742345747134117,0.02387080002307323,0.014978795729186527,12,0.75,259,2287431
7691,0.10737315073115916,0.023859622324996253,0.014970904026020073,12,0.75,260,2290026
7701,0.10732291747908985,0.02384836311909129,0.014963133786370772,12,0.75,260,2292626
7711,0.10726440465862293,0.02383545993579016,0.01495532665521547,12,0.75,260,2295226
7721,0.10721828062104363,0.02382482145041321,0.014947586844703408,12,0.75,260,2297826
7731,0.10715863095923789,0.023811763239433698,0.014939546854655601,12,0.75,260,2300426
7741,0.10710739753519705,0.02380028270268694,0.014931763556577507,12,0.75,260,2303026
7751,0.10705405601955767,0.023788819431408547,0.014923840512939646,12,0.75,260,2305626
7761,0.10699556327453538,0.023775047475612147,0.014915919766182156,12,0.75,260,2308226
7771,0.1069376056049856,0.02376255788851186,0.014907927005292377,12,0.75,260,2310826
7781,0.10688104987903636,0.023749605876583604,0.014899930221351937,12,0.75,260,2313426
7791,0.106822417667188,0.02373754362597954,0.014892264212459037,12,0.75,260,2316026
7801,0.10676995108817648,0.023725307948173197,0.014884346335660732,12,0.75,260,2318626
7811,0.10670372409748059,0.023710785610316615,0.014876394058724257,12,0.75,260,2321226
7821,0.10665273458592898,0.023699552267107817,0.014868534728988372,12,0.75,260,2323826
7831,0.10659492339000029,0.02368670711982702,0.014860693172751727,12,0.75,260,2326426
7841,0.10654323512622238,0.023674648655290977,0.014853006977074371,12,0.75,260,2329026
7851,0.10648260129697885,0.023661463732195135,0.014845050131946008,12,0.75,260,2331626
7861,0.10642507739282557,0.02364887349569672,0.014837287915881753,12,0.75,260,2334226
7871,0.10636679401825228,0.023635352779500775,0.014829128554974716,12,0.75,260,2336826
7881,0.10631502264674636,0.02362442057398925,0.014821534690862078,12,0.75,260,2339426
7891,0.10625778076885804,0.023611891743215076,0.014813611787271159,12,0.75,260,2342026
7901,0.1061959482009283,0.0235981528946135,0.014805698830879106,12,0.75,260,2344626
7911,0.10614188358717286,0.023585667483496286,0.014798036848525794,12,0.75,260,2347226
7921,0.10608705544526224,0.02357358009375598,0.01479038756246675,12,0.75,260,2349826
7931,0.1060310436645643,0.023561229410212117,0.014782773942953362,12,0.75,260,2352426
7941,0.10597639399146543,0.02354908700812551,0.014775112085260157,12,0.75,260,2355026
7951,0.10592183216674257,0.0235375275457203,0.01476757918734895,12,0.75,260,2357626
7961,0.10586482639718542,0.02352448571154722,0.014759990995098369,12,0.75,260,2360226
7971,0.10580328339649607,0.023510904935289487,0.014752102900509193,12,0.75,260,2362826
7981,0.10574563561098406,0.0234975354258422,0.014744521405468341,12,0.75,260,2365426
7991,0.10568724636083213,0.02348512212793415,0.014736866593909595,12,0.75,260,2368026
8001,0.10563314773631381,0.023472915488964213,0.014729062399651214,12,0.75,260,2370626
8011,0.10558164576316045,0.023461937136403384,0.014721483455664748,12,0.75,260,2373226
8021,0.10553439997214228,0.023451438980532476,0.014714174196947427,12,0.75,261,2375834
8031,0.10548513404354956,0.023439843043798526,0.01470659081362078,12,0.75,261,2378444
8041,0.10542844194462354,0.023427432059209764,0.014699021807098145,12,0.75,261,2381054
8051,0.10537517147986845,0.023416242734981375,0.01469151675612455,12,0.75,261,2383664
8061,0.1053207394078075,0.023402579277798395,0.014683564776671678,12,0.75,261,2386274
8071,0.10526349359057859,0.023390598104420235,0.014675969666953488,12,0.75,261,2388884
8081,0.10520468976528136,0.023377716694747173,0.014668282308942533,11,0.6875,261,2391494
8091,0.1051488797142667,0.023365499847237292,0.014661375920489592,11,0.6875,239,2393884
8101,0.10510636082250055,0.02335651070322684,0.014655047456832226,10,0.625,217,2396142
8111,0.10506801605708704,0.023347898600165867,0.014649655079067635,8,0.5,174,2398013
8121,0.10502930332945806,0.023338656210244495,0.014644700221129342,8,0.5,174,2399753
8131,0.10499556899516294,0.023331343606772626,0.014639674104304992,8,0.5,174,2401493
8141,0.10495899315590722,0.0233233992644094,0.014634436512076137,8,0.5,174,2403233
8151,0.10492656026563148,0.023315919219442247,0.014629611592121172,8,0.5,174,2404973
8161,0.10489456859609125,0.023309357546580527,0.014624742130963262,8,0.5,174,2406713
8171,0.10486260736000867,0.023301709543301862,0.014619684387284657,8,0.5,174,2408453
8181,0.1048224939994271,0.023293433040809598,0.014614696190979274,8,0.5,174,2410193
8191,0.10478528874253776,0.023285438112784985,0.014609790610525742,8,0.5,174,2411933
8201,0.10475628907983821,0.023278358856751648,0.014604911498791293,8,0.5,174,2413673
8211,0.10472078842111954,0.023270651928585708,0.01459978351879196,8,0.5,174,2415413
8221,0.10468695496233288,0.023263224553910493,0.01459501629508798,8,0.5,174,2417153
8231,0.1046458301209795,0.023253815106247938,0.014589939383909142,8,0.5,174,2418893
8241,0.10461369829637149,0.023246043185603124,0.014584955992501482,8,0.5,174,2420633
8251,0.10456697912768831,0.02323647498997916,0.014579861246759689,8,0.5,174,2422373
8261,0.10453208385302752,0.023228721142162685,0.01457480842696137,8,0.5,174,2424113
8271,0.1045073545808658,0.02322286603274881,0.014569988611043506,8,0.5,174,2425853
8281,0.10447454556143043,0.02321575602210431,0.01456516195143471,8,0.5,174,2427593
8291,0.10444095977782632,0.023208203460602275,0.014560400527843872,8,0.5,174,2429333
8301,0.10440619558298314,0.0232001199364293,0.014555501957407287,8,0.5,174,2431073
8311,0.10436016844781948,0.02319007270453205,0.014550221312798605,8,0.5,174,2432813
8321,0.10432387594861928,0.023182635745292005,0.014545398847331479,8,0.5,174,2434553
8331,0.1042948703020468,0.023175743051324072,0.014540585012760354,8,0.5,174,2436293
8341,0.10426106218126949,0.023167605382992,0.01453561557305154,8,0.5,174,2438033
8351,0.10422929764843189,0.023161530308120366,0.01453087366703515,8,0.5,174,2439773
8361,0.10420198020689826,0.023155370974678985,0.014526186323527474,8,0.5,175,2441520
8371,0.10416585911472569,0.02314707734946149,0.014521245307178195,8,0.5,175,2443270
8381,0.10412977708459659,0.02313932718658758,0.01451635893269026,8,0.5,175,2445020
8391,0.10409893785573743,0.023132652509814257,0.01451168192261406,8,0.5,175,2446770
8401,0.10405493123565764,0.023122785009909098,0.014506471570166149,8,0.5,175,2448520
8411,0.10401737156346261,0.02311426154436366,0.014501371131629926,8,0.5,175,2450270
8421,0.10398025308354117,0.023106368337150632,0.014496504311780267,8,0.5,175,2452020
8431,0.10394955185102588,0.023099103387147567,0.014491485096660114,8,0.5,175,2453770
8441,0.10391529559466564,0.02309175709739551,0.014486735658430415,8,0.5,175,2455520
8451,0.10387510937431937,0.023082474039938156,0.014481793361584238,8,0.5,175,2457270
8461,0.10384132685836067,0.023075409048786823,0.014476790499446508,8,0.5,175,2459020
8471,0.1038059913097719,0.023067557173355343,0.014472038886374317,8,0.5,175,2460770
8481,0.10377188248367801,0.023059713632908933,0.014467254438986577,8,0.5,175,2462520
8491,0.10373899665735595,0.023052582362110906,0.014462449938042831,8,0.5,175,2464270
8501,0.10370139615512566,0.023043524138814858,0.01445748221754744,8,0.5,175,2466020
8511,0.10366739447110046,0.023036145070344363,0.01445234210561183,8,0.5,175,2467770
8521,0.10363698061559631,0.023030001478426536,0.014447723542670647,8,0.5,175,2469520
8531,0.10360580572207659,0.023022635915579685,0.014442856177105279,8,0.5,175,2471270
8541,0.10357347791621263,0.023015015044353423,0.014438038512547659,8,0.5,175,2473020
8551,0.10354078791662594,0.023008364172207137,0.014433107724705194,8,0.5,175,2474770
8561,0.10351088313753767,0.023001719296521318,0.014428338414077198,8,0.5,175,2476520
8571,0.10347393291989694,0.022993683509597868,0.014423504888787913,8,0.5,175,2478270
8581,0.10343545416154953,0.022984697312243424,0.014418594393659855,8,0.5,175,2480020
8591,0.10339780396309001,0.022976680068748975,0.014413717189825972,8,0.5,175,2481770
8601,0.10336176263975184,0.022968584547726364,0.014408942379514546,8,0.5,175,2483520
8611,0.10332888957319075,0.02296101937406565,0.01440402847684195,8,0.5,175,2485270
8621,0.10329722143539737,0.022954156582983637,0.014399287304821316,8,0.5,175,2487020
8631,0.10325972803363945,0.022945825601102365,0.014394415351312945,8,0.5,175,2488770
8641,0.1032328058772532,0.022939843534862836,0.014389656760992185,8,0.5,175,2490520
8651,0.10319772292963056,0.022932134721414196,0.014384828014179115,8,0.5,175,2492270
8661,0.10316073127860736,0.022922704598311115,0.014379826804489147,8,0.5,175,2494020
8671,0.10312222609552817,0.02291527285527228,0.014375092384857227,8,0.5,175,2495770
8681,0.10309036686261008,0.02290776234480974,0.014370287217191793,8,0.5,175,2497520
8691,0.1030589263048403,0.022901207723778384,0.014365586509730735,8,0.5,175,2499270
8701,0.10302402743498117,0.02289336712437117,0.014360617548503197,8,0.5,175,2501020
8711,0.10299187559991248,0.022885965023788927,0.014355939898278464,8,0.5,175,2502770
8721,0.10295666076530706,0.022878398510013106,0.014351162322031107,8,0.5,175,2504520
8731,0.10292496089084688,0.02287169835198903,0.014346525891736172,8,0.5,175,2506270
8741,0.10289251942080109,0.022864318093675402,0.014341825504612011,8,0.5,175,2508020
8751,0.10286049549161946,0.02285720233146732,0.014337136399070229,8,0.5,175,2509770
8761,0.10283312620591659,0.02285094960069605,0.01433256177257297,8,0.5,175,2511520
8771,0.10279423157604209,0.022842050815947184,0.014327724373717574,8,0.5,175,2513270
8781,0.10275922719990202,0.02283470037138801,0.014322937865746416,8,0.5,175,2515020
8791,0.10272848483804209,0.022827186624505072,0.014318156343696603,8,0.5,175,2516770
8801,0.10269546879946208,0.022820959483337695,0.014313592111295636,8,0.5,175,2518520
8811,0.10265903607184508,0.022812097091715174,0.014308907482101032,8,0.5,175,2520270
8821,0.10262800422430046,0.0228060529724977,0.01430433893900858,8,0.5,175,2522020
8831,0.10259661907561884,0.022798143584973354,0.014299742469567634,8,0.5,175,2523770
8841,0.10255914926826834,0.02279015784552077,0.014295109744524545,8,0.5,175,2525520
8851,0.10251523402598078,0.02278031512951411,0.014290346984118898,8,0.5,175,2527270
8861,0.10247595103549673,0.02277184067170478,0.01428531782566363,8,0.5,175,2529020
8871,0.10243938003941523,0.022763883648023106,0.014280619225989005,8,0.5,175,2530770
8881,0.10241388065780631,0.02275813291058618,0.01427615576917598,8,0.5,175,2532520
8891,0.102378138783389,0.022750190824219748,0.014271478189924516,8,0.5,175,2534270
8901,0.10234509321135143,0.022742594800889186,0.014266907149374447,8,0.5,176,2536029
8911,0.10231321871562808,0.02273576514479046,0.014262264496427604,8,0.5,176,2537789
8921,0.10227607094130603,0.02272751065674329,0.01425759069176105,8,0.5,176,2539549
8931,0.1022382084167315,0.02271876101563102,0.01425273239499643,8,0.5,176,2541309
8941,0.10219812187360179,0.02270993790189345,0.014248052031746951,8,0.5,176,2543069
8951,0.10216299198222395,0.022701964294735883,0.014243324713627867,8,0.5,176,2544829
8961,0.10212940832808941,0.02269441840688805,0.014238641303343885,8,0.5,176,2546589
8971,0.1020951055927307,0.02268729891946137,0.014233889352836671,8,0.5,176,2548349
8981,0.1020555701690026,0.022677844975388196,0.014229067592571653,8,0.5,176,2550109
8991,0.10202059296060335,0.02267007351429768,0.014224226818779445,8,0.5,176,2551869
9001,0.10198227385573691,0.02266206007455285,0.014219648514032925,8,0.5,176,2553629
9011,0.10195337642980569,0.022655555661497257,0.014214953104728643,8,0.5,176,2555389
9021,0.1019233801874072,0.022649057072610262,0.014210408768169678,8,0.5,176,2557149
9031,0.10188667230744723,0.022640401332102926,0.014205737543355886,8,0.5,176,2558909
9041,0.1018619739167871,0.022634747389377208,0.014201140465340765,8,0.5,176,2560669
9051,0.10182346677326343,0.02262668982883082,0.014196589453035985,8,0.5,176,2562429
9061,0.10178985692808669,0.022619470556191585,0.014192125494309822,8,0.5,176,2564189
9071,0.10175740030722898,0.02261192705129641,0.01418753763993245,8,0.5,176,2565949
9081,0.10172050617846837,0.022603894812857763,0.014183119171918194,8,0.5,176,2567709
9091,0.10168402581237747,0.022595871474315236,0.014178511844551026,8,0.5,176,2569469
9101,0.10164461339679542,0.02258727899957654,0.014173745055346652,8,0.5,176,2571229
9111,0.10161824116595922,0.022581418838121554,0.014169388259444088,8,0.5,176,2572989
9121,0.10158706778275123,0.022574162121699524,0.014164762369035638,8,0.5,176,2574749
9131,0.1015574065823547,0.02256699501904107,0.014160227883940116,8,0.5,176,2576509
9141,0.10152703189055978,0.022560657643033544,0.014155671442984312,8,0.5,176,2578269
9151,0.10149483606784054,0.022553668285372894,0.014150987501728798,8,0.5,176,2580029
9161,0.10146156355908739,0.022546193047786704,0.0141465229432987,8,0.5,176,2581789
9171,0.10142906333892591,0.02253888957686858,0.014141960714319128,8,0.5,176,2583549
9181,0.1013918019718274,0.0225305283817906,0.01413726625879945,8,0.5,176,2585309
9191,0.1013490594115509,0.022521440426272327,0.014132589260566101,8,0.5,176,2587069
9201,0.10131483226171277,0.022513508061101223,0.014127991329036445,8,0.5,176,2588829
9211,0.10127623203697947,0.022505094573759588,0.014123411172647416,8,0.5,176,2590589
9221,0.10124244859313192,0.022497832565947576,0.01411892492263261,8,0.5,176,2592349
9231,0.10121236689361215,0.022491066719105626,0.014114433164253818,8,0.5,176,2594109
9241,0.10117938248824852,0.02248390022332883,0.014109872058135757,8,0.5,176,2595869
9251,0.10114716349181102,0.0224764155937814,0.014105385030807755,8,0.5,176,2597629
9261,0.10111241754286954,0.022468451384605487,0.014100830624435446,8,0.5,176,2599389
9271,0.10107734366752287,0.022460982790784238,0.014096383271428776,8,0.5,176,2601149
9281,0.10104230774169591,0.022453197731565747,0.01409184078427246,8,0.5,176,2602909
9291,0.10100913157727488,0.022445744947902743,0.014087344149972203,8,0.5,176,2604669
9301,0.1009712575640696,0.02243692500527413,0.014082670295392731,8,0.5,176,2606429
9311,0.10093524556835794,0.02242908515594083,0.014078091529952182,8,0.5,176,2608189
9321,0.10089745793124304,0.022420769720824442,0.014073573311056476,8,0.5,176,2609949
9331,0.10086007712628552,0.02241310866950208,0.014069046697676004,8,0.5,176,2611709
9341,0.10083071091629828,0.022406099922506903,0.014064641557472444,8,0.5,176,2613469
9351,0.10079847509256257,0.022399258898996244,0.014060134622485324,8,0.5,176,2615229
9361,0.10077314366221612,0.02239338886815207,0.014055695010126842,8,0.5,176,2616989
9371,0.10074060385945471,0.02238647964602524,0.014051370456607142,8,0.5,176,2618749
9381,0.10071892886939096,0.022381181730243793,0.014047173249268857,8,0.5,176,2620509
9391,0.10068427914295469,0.022373081885239336,0.014042563982218715,8,0.5,176,2622269
9401,0.10065290994635874,0.022366592577319298,0.014038201406984818,8,0.5,176,2624029
9411,0.10061977108664921,0.022359389121256176,0.014033793088321983,8,0.5,176,2625789
9421,0.10058954359086114,0.022352033067967438,0.014029324929608697,8,0.5,176,2627549
9431,0.10055718842105865,0.022345323264544914,0.01402493405739845,8,0.5,176,2629309
9441,0.10052917353489524,0.022339337678353857,0.014020714955383276,8,0.5,176,2631069
9451,0.10050010692306921,0.02233287886313788,0.014016117676850202,8,0.5,176,2632829
9461,0.10046999146088116,0.022326107357850025,0.01401163647583948,8,0.5,176,2634589
9471,0.10043453437385537,0.022318467241132865,0.01400726953559453,8,0.5,177,2636354
9481,0.10040376494893148,0.022310994195478297,0.014002852818279819,8,0.5,177,2638124
9491,0.10037195313296102,0.022303925845740733,0.013998415650839242,8,0.5,177,2639894
9501,0.10034445591963513,0.022298212741943053,0.013993983588793816,8,0.5,177,2641664
9511,0.10030913688487546,0.022289968539109604,0.013989423377881274,8,0.5,177,2643434
9521,0.10027492515441812,0.022282525228141843,0.013984811897048473,8,0.5,177,2645204
9531,0.100244308053481,0.022276275675935216,0.013980613988214513,8,0.5,177,2646974
9541,0.10021620874033316,0.022269004607439618,0.013976342707174811,8,0.5,177,2648744
9551,0.10017818934706545,0.022261346389175013,0.01397188423396283,8,0.5,177,2650514
9561,0.10014589049795336,0.02225377520957443,0.013967685641970333,8,0.5,177,2652284
9571,0.10012106733561217,0.02224833838602417,0.013963394689074333,8,0.5,177,2654054
9581,0.10009484657828344,0.022242590895330427,0.013959133915012176,8,0.5,177,2655824
9591,0.10006581616457379,0.022236218963538064,0.013954739698856005,8,0.5,177,2657594
9601,0.10003610492482493,0.022229381379090116,0.013950460756069335,8,0.5,177,2659364
9611,0.10000430198949181,0.022222079489335838,0.013946008603617546,8,0.5,177,2661134
9621,0.09996759120504574,0.02221439312011311,0.013941361078545022,8,0.5,177,2662904
9631,0.09994255318157826,0.02220875127672745,0.013937017379534582,8,0.5,177,2664674
9641,0.09991119511908166,0.022202096520257387,0.013932809244103886,8,0.5,177,2666444
9651,0.09987705330455136,0.022193728198423697,0.01392834750896333,8,0.5,177,2668214
9661,0.09984575932319141,0.02218716556838649,0.013923902550397677,8,0.5,177,2669984
9671,0.09981590036725654,0.022180452956338918,0.013919460823355163,8,0.5,177,2671754
9681,0.09978010638290084,0.022172811422628367,0.0139149388792577,8,0.5,177,2673524
9691,0.0997517102707014,0.02216650165991569,0.013910666308642274,8,0.5,177,2675294
9701,0.09972228907633819,0.022159730746009382,0.013906316248420354,8,0.5,177,2677064
9711,0.0996883482754622,0.022152189171918645,0.01390191887612358,8,0.5,177,2678834
9721,0.09965269681188635,0.022143957017565174,0.013897466528113125,8,0.5,177,2680604
9731,0.09962197064271876,0.022136742325351684,0.013893093704056171,8,0.5,177,2682374
9741,0.09958778764042069,0.022130387066534297,0.013888859646987023,8,0.5,177,2684144
9751,0.09956652894215853,0.02212519858040566,0.013884961828354175,8,0.5,177,2685914
9761,0.09953449341680992,0.02211815760869302,0.01388070345937311,8,0.5,177,2687684
9771,0.09950492395223336,0.022112050784498745,0.013876425115892127,8,0.5,177,2689454
9781,0.09947746631297633,0.022105717618521755,0.013872120536526877,8,0.5,177,2691224
9791,0.09945142080471048,0.022099698638500316,0.013867938767205441,8,0.5,177,2692994
9801,0.0994177668246823,0.022092066525106528,0.013863647355209686,8,0.5,177,2694764
9811,0.09939038416079736,0.022086213107551694,0.013859421579760488,8,0.5,177,2696534
9821,0.09936094807470569,0.02207967225310457,0.013855130635009276,8,0.5,177,2698304
9831,0.09932669797017812,0.0220718312027451,0.013850800725320703,8,0.5,177,2700074
9841,0.09929524803199999,0.022064536075133014,0.01384649241988061,8,0.5,177,2701844
9851,0.09927176725893022,0.02205993250177101,0.0138424408876443,8,0.5,177,2703614
9861,0.0992355441995553,0.022051730230761315,0.01383777754930021,8,0.5,177,2705384
9871,0.09920073996376688,0.02204376704525857,0.013833404475578426,8,0.5,177,2707154
9881,0.09916734995378168,0.02203642437309171,0.013828982002250249,8,0.5,177,2708924
9891,0.09913811948562157,0.022030234927652593,0.013824920111224553,8,0.5,177,2710694
9901,0.09910410846405625,0.022022143349963073,0.013820609086826781,8,0.5,177,2712464
9911,0.09907081983063952,0.02201482312766659,0.01381639611628983,8,0.5,177,2714234
9921,0.09903996466145015,0.022008576448143916,0.01381219739787334,8,0.5,177,2716004
9931,0.09900777015229328,0.022001194221204157,0.0138077668143176,8,0.5,177,2717774
9941,0.09897492434392897,0.02199435163978882,0.013803495455772872,8,0.5,177,2719544
9951,0.09895372949226618,0.02198880642198251,0.013799276308618146,8,0.5,177,2721314
9961,0.09892776802148563,0.021983493185997044,0.01379513254068394,8,0.5,177,2723084
9971,0.09889943963432826,0.021976895174296077,0.013790823988353098,8,0.5,177,2724854
9981,0.09887249997474953,0.02197106070775147,0.013786549305077422,8,0.5,177,2726624
9991,0.09884149658300814,0.021964322993208933,0.013782312425792226,8,0.5,177,2728394
10001,0.09881324520674688,0.021957667319897817,0.013778015302083396,8,0.5,177,2730164
10011,0.0987833194490324,0.02195147110467513,0.01377400017562409,8,0.5,177,2731934
10021,0.09875308237831576,0.021944525745368138,0.013769750944291231,8,0.5,177,2733704
10031,0.09871880336630591,0.021936456611145856,0.013765400142433977,8,0.5,177,2735474
10041,0.0986899834534804,0.02193058027090325,0.013761462183638462,8,0.5,177,2737244
10051,0.09865780401754215,0.02192335459223592,0.013757420193001106,8,0.5,177,2739014
10061,0.09862701019411685,0.02191576059136804,0.01375315363725707,8,0.5,177,2740784
10071,0.0985925296718721,0.021908775350853844,0.01374899343559928,8,0.5,177,2742554
10081,0.09856281198243184,0.02190202205258771,0.01374469947311573,8,0.5,178,2744329
10091,0.09853008735374108,0.02189490061485569,0.01374035565296344,8,0.5,178,2746109
10101,0.09850143899303905,0.021888460068128092,0.013736227590220015,8,0.5,178,2747889
10111,0.09847483616593795,0.021882623752611165,0.013732241189357858,8,0.5,178,2749669
10121,0.09844186633181624,0.021875297825968792,0.013728013600158892,8,0.5,178,2751449
10131,0.09841531367368979,0.021869248497947857,0.013723924861838049,8,0.5,178,2753229
10141,0.09839079753365494,0.02186395029233443,0.013719920938466995,8,0.5,178,2755009
10151,0.09835825076407909,0.021856569336495664,0.013715728085850698,8,0.5,178,2756789
10161,0.09832540256005433,0.02184919615187762,0.013711477395229918,8,0.5,178,2758569
10171,0.09829325790199596,0.021841682008072624,0.013707281677534218,8,0.5,178,2760349
10181,0.09825813720914137,0.021834621604872484,0.013703181790845865,8,0.5,178,2762129
10191,0.09822806490984683,0.021828013580241615,0.01369904152004763,8,0.5,178,2763909
10201,0.09820002333127428,0.021821634223908013,0.013694908062508448,8,0.5,178,2765689
10211,0.09817267349424817,0.02181540883875665,0.013690771734227803,8,0.5,178,2767469
10221,0.0981396852248499,0.021808374899449146,0.01368663203116971,8,0.5,178,2769249
10231,0.09810573346905284,0.021800608774572263,0.01368250250584655,8,0.5,178,2771029
10241,0.09807215066876541,0.021793146640598712,0.013678196794165544,8,0.5,178,2772809
10251,0.09804391570177856,0.021787315474885948,0.013674282238129304,8,0.5,178,2774589
10261,0.09801205728484745,0.021779941230866264,0.013669879465841188,8,0.5,178,2776369
10271,0.09798288210036082,0.02177345833569961,0.013665647900913748,8,0.5,178,2778149
10281,0.09795704492429386,0.021767422873442955,0.013661531173842677,8,0.5,178,2779929
10291,0.09792759000069307,0.02176102510036415,0.013657330284372597,8,0.5,178,2781709
10301,0.09789717125111887,0.02175433945241975,0.013653235619350383,8,0.5,178,2783489
10311,0.0978694233492154,0.021747733574417446,0.013649042559704472,8,0.5,178,2785269
10321,0.09783906093577689,0.02174098736559812,0.013645012469201004,8,0.5,178,2787049
10331,0.09780411457689434,0.02173380836574917,0.01364070151422926,8,0.5,178,2788829
10341,0.09777381533224441,0.02172678304466012,0.013636554925099397,8,0.5,178,2790609
10351,0.09774584748544905,0.021720349389109897,0.013632598484161101,8,0.5,178,2792389
10361,0.0977142902740319,0.021713775660214926,0.013628493535666138,8,0.5,178,2794169
10371,0.09768342129419796,0.0217071351990232,0.013624364151315377,8,0.5,178,2795949
10381,0.09766045351669636,0.021701812814622655,0.013620351247103526,8,0.5,178,2797729
10391,0.0976371748363738,0.021696785810072346,0.013616385571571498,8,0.5,178,2799509
10401,0.09760310772742717,0.02168863376592785,0.013612304868426841,8,0.5,178,2801289
10411,0.09757398358191653,0.021682380644593022,0.013608265118787896,8,0.5,178,2803069
10421,0.09754390621433116,0.021676060534154135,0.013604273354865009,8,0.5,178,2804849
10431,0.0975154900890531,0.021669673624100647,0.013600216479019968,8,0.5,178,2806629
10441,0.09748970930913167,0.021663944920941335,0.01359628697934803,8,0.5,178,2808409
10451,0.09746557950876578,0.021658583078951913,0.013592242212003662,8,0.5,178,2810189
10461,0.09744570273640625,0.021654166294965364,0.01358833214611099,8,0.5,178,2811969
10471,0.09741477228457689,0.021647510229437842,0.01358425368627816,8,0.5,178,2813749
10481,0.0973861482382928,0.021640860544979434,0.01358016087953989,8,0.5,178,2815529
10491,0.09735755042506099,0.021633856363983277,0.013576075456348115,8,0.5,178,2817309
10501,0.09732832975356784,0.021628085040411596,0.01357211436003774,8,0.5,178,2819089
10511,0.0973020545378202,0.021621886223484533,0.013568035340145194,8,0.5,178,2820869
10521,0.0972709421891959,0.02161497315884084,0.013564069336878858,8,0.5,178,2822649
10531,0.09723856648422834,0.021607923182237802,0.013560111621313048,8,0.5,178,2824429
10541,0.09720687089910272,0.0216008085485151,0.01355600123071391,8,0.5,178,2826209
10551,0.09717359291995135,0.021593557713396164,0.013552019031353718,8,0.5,178,2827989
10561,0.09714647990246578,0.02158738971881191,0.013548125342913851,8,0.5,178,2829769
10571,0.09712067991832853,0.021581585353895552,0.01354419768731181,8,0.5,178,2831549
10581,0.09708620584296404,0.02157413997247356,0.013540078061843921,8,0.5,178,2833329
10591,0.09706206452440685,0.021568847175648352,0.013536147973876428,8,0.5,178,2835109
10601,0.09703665591749125,0.021563201227322918,0.013532198947339386,8,0.5,178,2836889
10611,0.09701705080936907,0.021558487893704726,0.013528512289326838,8,0.5,178,2838669
10621,0.09698911080116547,0.021552493753003655,0.013524514825480505,8,0.5,178,2840449
10631,0.09696215805526041,0.021546718611880223,0.013520567572239772,8,0.5,178,2842229
10641,0.09693234476380064,0.02154016504642987,0.01351662995550313,8,0.5,178,2844009
10651,0.09690352041290447,0.021533262041523678,0.01351262765044834,8,0.5,178,2845789
10661,0.09687024556555973,0.02152565538900485,0.013508646031231947,8,0.5,178,2847569
10671,0.09683540920824277,0.02151848296595264,0.013504489043168914,8,0.5,178,2849349
10681,0.09680539822067613,0.02151103438809168,0.01350042407500834,8,0.5,178,2851129
10691,0.09677445984603829,0.021504797964288107,0.013496492090589167,8,0.5,178,2852909
10701,0.09674673722818708,0.02149821332687841,0.013492523601212095,8,0.5,178,2854689
10711,0.09671553911466578,0.021491847084268337,0.013488375344013273,8,0.5,178,2856469
10721,0.09668659753283776,0.021485204174934137,0.013484449935002,8,0.5,178,2858249
10731,0.09665990620168871,0.021479061656635927,0.013480466989116298,8,0.5,179,2860034
10741,0.09663450725319722,0.02147341819800256,0.013476621326728512,8,0.5,179,2861824
10751,0.09660278783748724,0.02146658170726267,0.013472643503190374,8,0.5,179,2863614
10761,0.09657901958711901,0.021461722768815594,0.013468799781070212,8,0.5,179,2865404
10771,0.09655400342222022,0.02145595283892731,0.013464998745909037,8,0.5,179,2867194
10781,0.09652552862028724,0.02144962555816155,0.013460885028737726,8,0.5,179,2868984
10791,0.09649834383593685,0.021443865769051232,0.013456833675067524,8,0.5,179,2870774
10801,0.09646960454174883,0.021436918304529654,0.013452943681881773,8,0.5,179,2872564
10811,0.09643553100554472,0.021429557451937947,0.013448903416139552,8,0.5,179,2874354
10821,0.09641094568499207,0.0214237444517643,0.01344497391735532,8,0.5,179,2876144
10831,0.09638480585140065,0.021418356066291337,0.013441066973415756,8,0.5,179,2877934
10841,0.09635742999482011,0.02141185365178512,0.01343714991025826,8,0.5,179,2879724
10851,0.09632662186505087,0.021405078122910554,0.013433126552957253,8,0.5,179,2881514
10861,0.09629553055740926,0.021398518526090825,0.013429117967515853,8,0.5,179,2883304
10871,0.09626635208103664,0.021391547113597066,0.013425061885454496,8,0.5,179,2885094
10881,0.09623626128540907,0.021385139670062045,0.01342100030590918,8,0.5,179,2886884
10891,0.09620307010579163,0.021377834140407306,0.013416850702173924,8,0.5,179,2888674
10901,0.0961721030376053,0.021371092138724897,0.013412857113716137,8,0.5,179,2890464
10911,0.09614179171780336,0.021364079162993002,0.01340890164624155,8,0.5,179,2892254
10921,0.09611775136954809,0.021359084196311908,0.013405013665794623,8,0.5,179,2894044
10931,0.09608749345913499,0.021352222064008573,0.013400979993579238,8,0.5,179,2895834
10941,0.0960585111915946,0.021345851296530546,0.013397108695317567,8,0.5,179,2897624
10951,0.09603173464811303,0.021339209859377622,0.01339316206813524,8,0.5,179,2899414
10961,0.09600156113218253,0.021333334799561912,0.0133893058669856,8,0.5,179,2901204
10971,0.09597452344085453,0.021326981596155186,0.013385472991531288,8,0.5,179,2902994
10981,0.09594937176764874,0.02132139289979573,0.013381817520011906,8,0.5,179,2904784
10991,0.09592020917651925,0.021315188594116234,0.013377981201331528,8,0.5,179,2906574
11001,0.09588704710000198,0.02130775085889756,0.013374031431379031,8,0.5,179,2908364
11011,0.09585608682679439,0.021301077569921893,0.013370205235738751,8,0.5,179,2910154
11021,0.09582608514802848,0.021294273408064748,0.013366271610069447,8,0.5,179,2911944
11031,0.09579703929619476,0.021287887794120476,0.013362330535799695,8,0.5,179,2913734
11041,0.09576493545206108,0.021280616849368647,0.013358339262917294,8,0.5,179,2915524
11051,0.09573872165226452,0.021274654974279727,0.013354493098240312,8,0.5,179,2917314
11061,0.09571407028465849,0.021269108945831512,0.013350761852783933,8,0.5,179,2919104
11071,0.09568697664494867,0.021263293888117082,0.013347018515243758,8,0.5,179,2920894
11081,0.09565990692421565,0.02125741546428798,0.013343250100628565,8,0.5,179,2922684
11091,0.09563501158687722,0.02125161037470145,0.013339389532914504,8,0.5,179,2924474
11101,0.09560675990975476,0.021245059983258933,0.01333555470101578,8,0.5,179,2926264
11111,0.09557638772137496,0.021238720296104983,0.013331818123966173,8,0.5,179,2928054
11121,0.09554910911611715,0.02123245458274509,0.013327964725247273,8,0.5,179,2929844
11131,0.09552797724607273,0.021227486977726015,0.013324172408611256,8,0.5,179,2931634
11141,0.09550257706304516,0.021222319076109327,0.013320370795055634,8,0.5,179,2933424
11151,0.09547414163909251,0.02121600053497172,0.013316727083622078,8,0.5,179,2935214
11161,0.09544664862742712,0.021209416479283993,0.013312754775506598,8,0.5,179,2937004
11171,0.09542162093609563,0.02120392333595358,0.01330896572552144,8,0.5,179,2938794
11181,0.09539752825089409,0.021198705573018603,0.013305194674521697,8,0.5,179,2940584
11191,0.09537375915046632,0.021193627186403812,0.013301494607648495,8,0.5,179,2942374
11201,0.09534483455133821,0.021187267632835568,0.013297595943277368,8,0.5,179,2944164
11211,0.09531563327272172,0.02118077891208016,0.013293609360359088,8,0.5,179,2945954
11221,0.0952794745639614,0.0211724742940319,0.01328974393603382,8,0.5,179,2947744
11231,0.09524972892267924,0.02116599969616406,0.013285904123412044,8,0.5,179,2949534
11241,0.09522061841484354,0.021159261889081616,0.013282132638796365,8,0.5,179,2951324
11251,0.09519002168434554,0.021152665327549575,0.013278195139026108,8,0.5,179,2953114
11261,0.09516459825335923,0.021147083460195528,0.013274379466276014,8,0.5,179,2954904
11271,0.09514161435004388,0.021142177904227812,0.013270659199293721,8,0.5,179,2956694
11281,0.0951159291778583,0.021136201958948837,0.013266848804578547,8,0.5,179,2958484
11291,0.09508875668419185,0.021130365396258528,0.01326312167982893,8,0.5,179,2960274
11301,0.09506100537881101,0.021123863890283288,0.013259251234581347,8,0.5,179,2962064
11311,0.09503267687150715,0.021118171823099392,0.013255413154924128,8,0.5,179,2963854
11321,0.09500708333582891,0.021111882636248233,0.01325151988166414,8,0.5,179,2965644
11331,0.09497940632116966,0.02110579973257407,0.013247791446412303,8,0.5,179,2967434
11341,0.09495145402518494,0.021099588786013083,0.01324398608475303,8,0.5,179,2969224
11351,0.09492472800205444,0.021093316847255822,0.013240150615002213,8,0.5,179,2971014
11361,0.0948923279276965,0.02108665095439128,0.013236338995651652,8,0.5,179,2972804
11371,0.09486505463715263,0.02108045756971227,0.013232521585414757,8,0.5,179,2974594
11381,0.09483541145741346,0.021073671347831887,0.013228581984203227,8,0.5,179,2976384
11391,0.09480609615326234,0.021067157669418603,0.013224825076475582,8,0.5,179,2978174
11401,0.09478039376023084,0.021061579514010144,0.013221160409376247,8,0.5,179,2979964
11411,0.09475053458029303,0.02105474591934647,0.01321730652888933,8,0.5,179,2981754
11421,0.09471831961239421,0.021047985483976153,0.013213607120711119,8,0.5,180,2983547
11431,0.09469328714210083,0.021042356959101442,0.013209669800107326,8,0.5,180,2985347
11441,0.09467035883678253,0.021037526796601334,0.013205923846368412,8,0.5,180,2987147
11451,0.09464447366243553,0.021031246146472782,0.013202330869468289,8,0.5,180,2988947
11461,0.0946135594266066,0.02102490532422365,0.013198640782155251,8,0.5,180,2990747
11471,0.09458623846724656,0.02101857046365488,0.013194916589710146,8,0.5,180,2992547
11481,0.09455953524881398,0.021012505141146158,0.013191181133338446,8,0.5,180,2994347
11491,0.09453315185285288,0.021006708635911274,0.013187366736133762,8,0.5,180,2996147
11501,0.09450501513095265,0.021000588203462466,0.013183567657205122,8,0.5,180,2997947
11511,0.09447808760337935,0.020994341890456368,0.01317974781324727,8,0.5,180,2999747
11521,0.09445147951712418,0.020988364013179713,0.013175961261569233,8,0.5,180,3001547
11531,0.09442666638865177,0.020982916292494085,0.013172330127003746,8,0.5,180,3003347
11541,0.09440010345272626,0.02097740742650365,0.013168564835124548,8,0.5,180,3005147
11551,0.0943735638199068,0.020971379081784727,0.01316478504265075,8,0.5,180,3006947
11561,0.09434763645583039,0.020965356139561485,0.013160972505510264,8,0.5,180,3008747
11571,0.0943234968610158,0.020960188570412056,0.013157162876837327,8,0.5,180,3010547
11581,0.09429790639896002,0.02095469829732777,0.013153559804639201,8,0.5,180,3012347
11591,0.09427233758898176,0.020948755562515253,0.013149929051209677,8,0.5,180,3014147
11601,0.0942462033625975,0.020943274626278784,0.013146213080467697,8,0.5,180,3015947
11611,0.09422185135532303,0.020937667824709343,0.013142671042500748,8,0.5,180,3017747
11621,0.09419634682185742,0.020931609923537587,0.013139062617586156,8,0.5,180,3019547
11631,0.09416939993159196,0.020925687590695557,0.013135375087462186,8,0.5,180,3021347
11641,0.09414189206843035,0.020919445518917713,0.013131743188538837,8,0.5,180,3023147
11651,0.09411090262159326,0.020913209253614264,0.01312798667237831,8,0.5,180,3024947
11661,0.0940907473413709,0.02090782215585887,0.013124435031878446,8,0.5,180,3026747
11671,0.09405689343685475,0.02090133742421397,0.013120577837532857,8,0.5,180,3028547
11681,0.09402948796164029,0.02089505322707602,0.013116935700858236,8,0.5,180,3030347
11691,0.09400239853955362,0.020888710227696266,0.01311322994114644,8,0.5,180,3032147
11701,0.09398086090448066,0.02088379530128161,0.01310952277658195,8,0.5,180,3033947
11711,0.09395614072009717,0.02087875478498889,0.0131058654497504,8,0.5,180,3035747
11721,0.09393027896438781,0.020872878977794808,0.013102083876927824,8,0.5,180,3037547
11731,0.09390676115765442,0.02086745973293871,0.013098487678484943,8,0.5,180,3039347
11741,0.09387746220722093,0.020861271682879642,0.013094672986956409,8,0.5,180,3041147
11751,0.09385485480478142,0.020856312487031313,0.013091146273360053,8,0.5,180,3042947
11761,0.09383023786557533,0.02085039203458771,0.013087475428641538,8,0.5,180,3044747
11771,0.09379956730377059,0.02084338436800513,0.01308384065299767,8,0.5,180,3046547
11781,0.09377268397293091,0.02083792477092809,0.013080166676144006,8,0.5,180,3048347
11791,0.09374524731346773,0.020831956438341542,0.013076459542454153,8,0.5,180,3050147
11801,0.09372158527488292,0.020826634363957885,0.01307278731572649,8,0.5,180,3051947
11811,0.09369938300112954,0.020821508666946376,0.013069161556216433,8,0.5,180,3053747
11821,0.09367719713087787,0.020816834901473787,0.013065603003067071,8,0.5,180,3055547
11831,0.09365272525910551,0.020811269070533333,0.013062093830371466,8,0.5,180,3057347
11841,0.0936274106787068,0.020805068960268812,0.01305852238436585,8,0.5,180,3059147
11851,0.09359665919436742,0.02079861929642532,0.013054951500835547,8,0.5,180,3060947
11861,0.09356393058098895,0.020791155697450697,0.013051149504460314,8,0.5,180,3062747
11871,0.09352951795797698,0.02078395519185521,0.013047543735665648,8,0.5,180,3064547
11881,0.09350144359276497,0.020777462297740048,0.013043811626354497,8,0.5,180,3066347
11891,0.09347082097664385,0.020770848604078376,0.013040168587847232,8,0.5,180,3068147
11901,0.09344994686025322,0.020765765614906055,0.013036646481588459,8,0.5,180,3069947
11911,0.09342508847579148,0.02076024226731562,0.013032974356073758,8,0.5,180,3071747
11921,0.09339825316733406,0.020754786909286307,0.013029431862572258,8,0.5,180,3073547
11931,0.09337201209830326,0.020748765838293267,0.013025822439071867,8,0.5,180,3075347
11941,0.09335149164839789,0.020744079515253214,0.013022327414464787,8,0.5,180,3077147
11951,0.09332472222689264,0.02073863739511578,0.013018799082276425,8,0.5,180,3078947
11961,0.09330252747697595,0.020733642161908632,0.013015213776616253,8,0.5,180,3080747
11971,0.0932803491887786,0.020728587521748318,0.01301174880694488,8,0.5,180,3082547
11981,0.09325250746275397,0.0207224639248096,0.013008217032284785,8,0.5,180,3084347
11991,0.09322724508358035,0.020716472055452784,0.013004751406026714,8,0.5,180,3086147
12001,0.09319633483644862,0.020709603828841867,0.013001077445813719,8,0.5,180,3087947
12011,0.09316942077721202,0.02070337186787444,0.01299750567357876,8,0.5,180,3089747
12021,0.09314224803311247,0.02069777438972764,0.012993997316931133,8,0.5,180,3091547
12031,0.09311820946084845,0.02069243288967651,0.01299049634177823,8,0.5,180,3093347
12041,0.09309532011887714,0.02068722122033008,0.012987045292594873,8,0.5,180,3095147
12051,0.09306369955819857,0.02068006969516091,0.012983341431191849,8,0.5,180,3096947
12061,0.09303013940354095,0.020673051142116042,0.012979521286844799,8,0.5,180,3098747
12071,0.09300168518090386,0.020666352854595643,0.012975758682456115,8,0.5,180,3100547
12081,0.09297410207409311,0.020660661505583027,0.012972165299870296,8,0.5,180,3102347
12091,0.09294963640693164,0.02065497504417289,0.012968546723464473,8,0.5,180,3104147
12101,0.0929263143117382,0.0206499175743815,0.012965058706566576,8,0.5,180,3105947
12111,0.09290104591455757,0.0206441779715967,0.012961626368536663,8,0.5,180,3107747
12121,0.09287495774664974,0.020638256428485737,0.012958058722050785,8,0.5,180,3109547
12131,0.09285365534777262,0.02063383431301968,0.012954692703393356,8,0.5,180,3111347
12141,0.09282984834710761,0.020628668543987542,0.01295124519767804,8,0.5,180,3113147
12151,0.09280606038148495,0.020623009504244654,0.012947641981012737,8,0.5,180,3114947
12161,0.09278229142533327,0.02061791429650657,0.012944065299333146,8,0.5,181,3116753
12171,0.09276077593604018,0.020612760949922586,0.012940554502141325,8,0.5,181,3118563
12181,0.0927325779074413,0.02060661943962371,0.012936926378133332,8,0.5,181,3120373
12191,0.0927094252795145,0.020601412936068375,0.01293345801460623,8,0.5,181,3122183
12201,0.09268350459253936,0.020596086718093588,0.01292987641574143,8,0.5,181,3123993
12211,0.09266289567647662,0.020591135952072126,0.012926340093298657,8,0.5,181,3125803
12221,0.09263451221473538,0.02058489090973392,0.012922810651411354,8,0.5,181,3127613
12231,0.09260949049809887,0.0205796397580433,0.012919281186298242,8,0.5,181,3129423
12241,0.09258837746292217,0.02057445448854382,0.01291581902306574,8,0.5,181,3131233
12251,0.09256589193668664,0.020569704904075895,0.012912318993223816,8,0.5,181,3133043
12261,0.09254092799046675,0.020564219384562536,0.012908859314400679,8,0.5,181,3134853
12271,0.09251432292075375,0.020558245979712144,0.012905343221599674,8,0.5,181,3136663
12281,0.09248635791612425,0.020552031998526687,0.012901787520946568,8,0.5,181,3138473
12291,0.0924625669085702,0.02054656116664405,0.01289826297089067,8,0.5,181,3140283
12301,0.09243879498558132,0.02054146324738264,0.012894850659419421,8,0.5,181,3142093
12311,0.09241890756907001,0.020536982795675528,0.012891439010267545,8,0.5,181,3143903
12321,0.09239406706116805,0.020531463145770205,0.012887971356661015,8,0.5,181,3145713
12331,0.0923709013720444,0.020526254390859262,0.012884413008529863,8,0.5,181,3147523
12341,0.09234444847625645,0.02052031531652476,0.012880730740587478,8,0.5,181,3149333
12351,0.09231581782810522,0.020514014742333716,0.012877215041772479,8,0.5,181,3151143
12361,0.09229601282656602,0.020509919549213,0.012873825544276908,8,0.5,181,3152953
12371,0.09227154995568855,0.020504361503930674,0.012870215560832194,8,0.5,181,3154763
12381,0.09224600923173763,0.02049886915570708,0.01286675948423278,8,0.5,181,3156573
12391,0.0922215876770998,0.020493320445752135,0.012863254831508743,8,0.5,181,3158383
12401,0.09220157156598205,0.020488811761106982,0.01285981789248478,8,0.5,181,3160193
12411,0.09217882998057059,0.0204833932512217,0.012856356115920009,8,0.5,181,3162003
12421,0.09215118007643483,0.020477918403296394,0.012852869679611344,8,0.5,181,3163813
12431,0.09213175849705697,0.02047317722636593,0.012849442005383615,8,0.5,181,3165623
12441,0.0921085240986307,0.020467893028876787,0.012846022356466001,8,0.5,181,3167433
12451,0.09207902909928616,0.020461096644843583,0.012842311123133691,8,0.5,181,3169243
12461,0.09205038163884108,0.02045509498576772,0.01283888916644547,8,0.5,181,3171053
12471,0.09202612126805486,0.020450006973934672,0.01283545548102607,8,0.5,181,3172863
12481,0.09200487576513984,0.020445043912080397,0.012831990821701372,8,0.5,181,3174673
12491,0.09198119690212052,0.020439480069731394,0.012828530231853957,8,0.5,181,3176483
12501,0.09195590602800133,0.020434162551609895,0.012825092430910514,8,0.5,181,3178293
12511,0.09193118003317914,0.020428185499863978,0.012821779687970063,8,0.5,181,3180103
12521,0.09190593203006082,0.020422877141708047,0.012818319329330351,8,0.5,181,3181913
12531,0.09188097678550458,0.02041769358396876,0.01281493906534545,8,0.5,181,3183723
12541,0.09186010657483039,0.020412935559173277,0.012811559955426259,8,0.5,181,3185533
12551,0.09183112965463383,0.020406195929955573,0.012807921140670487,8,0.5,181,3187343
12561,0.09180488548815918,0.02040078518448713,0.01280444405013061,8,0.5,181,3189153
12571,0.09178082636288648,0.020395198780602877,0.012800995258968429,8,0.5,181,3190963
12581,0.09175516696743134,0.020389317193893617,0.012797597660436675,8,0.5,181,3192773
12591,0.09172952994055,0.02038404027607835,0.012794118762662428,8,0.5,181,3194583
12601,0.09170661048189994,0.020378528051700963,0.012790641309875752,8,0.5,181,3196393
12611,0.09168317023449518,0.020373499210680143,0.012787335852498399,8,0.5,181,3198203
12621,0.0916570577320169,0.020367995872419276,0.012783962127427636,8,0.5,181,3200013
12631,0.09163258151909252,0.020362138719397387,0.012780713378278337,8,0.5,181,3201823
12641,0.091612961488946,0.02035783885203599,0.012777425446607664,8,0.5,181,3203633
12651,0.09158852198626827,0.020352527651366952,0.012774023809721953,8,0.5,181,3205443
12661,0.09156785828711675,0.02034781683485543,0.01277072840264897,8,0.5,181,3207253
12671,0.09154533265029764,0.020342752032125922,0.012767358242178846,8,0.5,181,3209063
12681,0.09151773551106648,0.020336917491256403,0.012763912560794264,8,0.5,181,3210873
12691,0.09149578352079832,0.020331623296816936,0.01276060954745148,8,0.5,181,3212683
12701,0.09147331314147059,0.020326927556263523,0.012757308895122789,8,0.5,181,3214493
12711,0.09144551651149146,0.02032063225493333,0.012753880369986748,8,0.5,181,3216303
12721,0.09142468632461792,0.02031582579240874,0.012750556880221982,8,0.5,181,3218113
12731,0.0914001364035104,0.02031072651480309,0.012747121636780125,8,0.5,181,3219923
12741,0.09137853881617145,0.020306164269172994,0.012743801364343733,8,0.5,181,3221733
12751,0.09136041979726875,0.02030190116453479,0.012740426399831537,8,0.5,181,3223543
12761,0.09133432679999644,0.020295807408145364,0.01273707630070719,8,0.5,181,3225353
12771,0.09131171393734416,0.02029078287556228,0.012733633345142645,8,0.5,181,3227163
12781,0.09129071293020868,0.020286411735150885,0.012730338221707029,8,0.5,181,3228973
12791,0.0912652129899317,0.020280450457703762,0.012726990197011716,8,0.5,181,3230783
12801,0.09123602161037049,0.020274258880629628,0.012723585339841798,8,0.5,181,3232593
12811,0.0912174604378013,0.02027013443742982,0.012720336996728766,8,0.5,181,3234403
12821,0.0911975865346657,0.020265600571998617,0.012717064686584522,8,0.5,181,3236213
12831,0.0911703150435558,0.02025948192906336,0.012713731096871737,8,0.5,181,3238023
12841,0.09114624197110172,0.020254074085008213,0.012710294223725391,8,0.5,181,3239833
12851,0.09111505584828425,0.02024714452519354,0.01270686005921898,8,0.5,181,3241643
12861,0.09108548623382426,0.02024098460662437,0.012703488287848798,8,0.5,181,3243453
12871,0.09106174661941763,0.02023506486520546,0.012700093607294183,8,0.5,181,3245263
12881,0.09103828975111669,0.020230145627960962,0.012696741801619527,8,0.5,181,3247073
12891,0.09101564146315773,0.020225405609529252,0.012693345793542447,8,0.5,181,3248883
12901,0.09098827630384371,0.020219207853334857,0.012689954674901067,8,0.5,181,3250693
12911,0.09096514120741354,0.02021359990122135,0.0126866800054093,8,0.5,181,3252503
12921,0.090937823376143,0.020207996798926486,0.012683349998807575,8,0.5,181,3254313
12931,0.09091813889367101,0.020203739348321495,0.012680018635347016,8,0.5,181,3256123
12941,0.09089532153943213,0.020198377777698187,0.012676776625372428,8,0.5,182,3257935
12951,0.09087121226728938,0.020192729621994587,0.012673437219428327,8,0.5,182,3259755
12961,0.0908507874175815,0.020188365867572076,0.012670137683668184,8,0.5,182,3261575
12971,0.09082619187554573,0.02018348195373697,0.012666965599577897,8,0.5,182,3263395
12981,0.09080266240822658,0.020177962919004158,0.012663626298811827,8,0.5,182,3265215
12991,0.0907828078830901,0.020173435019141532,0.01266054418785958,8,0.5,182,3267035
13001,0.09076061820104604,0.020168562362556403,0.01265733311550744,8,0.5,182,3268855
13011,0.09073844543140108,0.02016334573147894,0.012654064889393194,8,0.5,182,3270675
13021,0.09071655011179142,0.02015882805461443,0.012650852722012825,8,0.5,182,3272495
13031,0.09069389018408981,0.020153792830886193,0.01264761604568001,8,0.5,182,3274315
13041,0.0906709877522559,0.02014847249261188,0.012644388483047936,8,0.5,182,3276135
13051,0.0906447242316315,0.020142983260847368,0.012641051671300184,8,0.5,182,3277955
13061,0.09062160078990361,0.02013772952728376,0.01263781431431755,8,0.5,182,3279775
13071,0.09059693875877876,0.02013207643852675,0.012634549644524385,8,0.5,182,3281595
13081,0.09056918658107385,0.02012550662171746,0.012631128463337162,8,0.5,182,3283415
13091,0.09054482803487246,0.02012032464627789,0.012627768956534,8,0.5,182,3285235
13101,0.09052204280274465,0.020115606913124504,0.012624485384168403,8,0.5,182,3287055
13111,0.0905003099415558,0.020110662752458125,0.012621214437021536,8,0.5,182,3288875
13121,0.09047936866285688,0.020106354077830242,0.012618007743850275,8,0.5,182,3290695
13131,0.09045456893460772,0.02010055627726413,0.012614641355489634,8,0.5,182,3292515
13141,0.0904321124885864,0.02009550897789635,0.012611404987126297,8,0.5,182,3294335
13151,0.09040838435296007,0.020090179195106438,0.012608161257878663,8,0.5,182,3296155
13161,0.09038261491852724,0.020084281461085766,0.012604978883713093,8,0.5,182,3297975
13171,0.09035661103567466,0.02007861785307777,0.012601718446395547,8,0.5,182,3299795
13181,0.09033088759829815,0.020073073491140684,0.012598433963941273,8,0.5,182,3301615
13191,0.09031109611265577,0.020068904078473525,0.01259519003341734,8,0.5,182,3303435
13201,0.09028900732084069,0.020063710372709563,0.012591864894472784,8,0.5,182,3305255
13211,0.09026334386057064,0.020057893837563307,0.01258861999068223,8,0.5,182,3307075
13221,0.09024385484331476,0.02005384817683024,0.012585433049893568,8,0.5,182,3308895
13231,0.09022028042981116,0.020048382033564894,0.01258213340620523,8,0.5,182,3310715
13241,0.09019851678817897,0.020043546096977144,0.012578983290512269,8,0.5,182,3312535
13251,0.09017600226487345,0.020038259180154293,0.012575734574803364,8,0.5,182,3314355
13261,0.09015248308988025,0.020033374072997333,0.01257251680706047,8,0.5,182,3316175
13271,0.0901251533231281,0.020027131092042967,0.01256921639297201,8,0.5,182,3317995
13281,0.09010218567113862,0.020022311125211946,0.0125659373482267,8,0.5,182,3319815
13291,0.09008153038900886,0.020017324852725414,0.012562732395300542,8,0.5,182,3321635
13301,0.0900606351428123,0.020012965040641522,0.012559483553066162,8,0.5,182,3323455
13311,0.09003950046741116,0.020008268818967313,0.012556240437161637,8,0.5,182,3325275
13321,0.09001685516617478,0.0200034629967371,0.012552975125509586,8,0.5,182,3327095
13331,0.08999397348216795,0.019998096042834965,0.01254972267344229,8,0.5,182,3328915
13341,0.08996704719973575,0.019992225788296812,0.012546309310790715,8,0.5,182,3330735
13351,0.08994648838789626,0.019987544728721263,0.012543100397842916,8,0.5,182,3332555
13361,0.08992670485916937,0.01998309243697605,0.012539958151272337,8,0.5,182,3334375
13371,0.08990161453366002,0.01997751734835478,0.012536758288094802,8,0.5,182,3336195
13381,0.08987654603437795,0.019972172075463816,0.012533461510501864,8,0.5,182,3338015
13391,0.08984922343585736,0.019966156949641496,0.012530128079862236,8,0.5,182,3339835
13401,0.08982773775164395,0.0199611580172718,0.012526801162089084,8,0.5,182,3341655
13411,0.08980879309978994,0.019957341238433693,0.01252368546790598,8,0.5,182,3343475
13421,0.08978809453729618,0.019952405255574526,0.012520558835193664,8,0.5,182,3345295
13431,0.08976135989902691,0.019946520710703627,0.012517307999538303,8,0.5,182,3347115
13441,0.08973817636966352,0.019941257232494403,0.01251403429873413,8,0.5,182,3348935
13451,0.08971626999052135,0.01993644550342543,0.012510802747623177,8,0.5,182,3350755
13461,0.08969136232336528,0.019930519748090784,0.012507612697675013,8,0.5,182,3352575
13471,0.08966245624059274,0.0199244320092028,0.01250432457945334,8,0.5,182,3354395
13481,0.08964085850094776,0.019919521367326602,0.012501127442945943,8,0.5,182,3356215
13491,0.08961651772507112,0.019914224341991884,0.012497935483047926,8,0.5,182,3358035
13501,0.0895899420895009,0.019908263477411748,0.012494711898508875,8,0.5,182,3359855
13511,0.08956739715925,0.019903031420288462,0.012491526345536729,8,0.5,182,3361675
13521,0.08954061675709783,0.019897247756681922,0.012488219051457888,8,0.5,182,3363495
13531,0.08951986036892062,0.019892635708244604,0.012485063715199687,8,0.5,182,3365315
13541,0.08949387353914294,0.019887194448196616,0.012481811884764792,8,0.5,182,3367135
13551,0.08946691210886848,0.019881036992582195,0.012478511491057134,8,0.5,182,3368955
13561,0.08944421426680155,0.019875827218935327,0.01247520994809142,8,0.5,182,3370775
13571,0.08942078699609687,0.019870787769670613,0.012472009326429681,8,0.5,182,3372595
13581,0.0893981256299384,0.019865696991625898,0.012468753116591586,8,0.5,182,3374415
13591,0.08937697459431913,0.01986110771384342,0.012465730277673996,8,0.5,182,3376235
13601,0.0893548449375023,0.019856024666240302,0.012462510405874282,8,0.5,182,3378055
13611,0.08933372582201868,0.01985138716528705,0.01245950832421874,8,0.5,182,3379875
13621,0.08930914788265767,0.019846091299323496,0.012456243761988915,8,0.5,182,3381695
13631,0.0892878144621183,0.01984146103020286,0.012453061533327321,8,0.5,182,3383515
13641,0.08926253262990368,0.019835622878221153,0.012449825479582797,8,0.5,182,3385335
13651,0.08923826326510295,0.019830395123169083,0.012446665460786802,8,0.5,182,3387155
13661,0.08921698260859386,0.019825611368618823,0.012443473906436922,8,0.5,182,3388975
13671,0.08919571777530508,0.019820886136124895,0.012440339458178067,8,0.5,182,3390795
13681,0.08916977632180971,0.019815176591963232,0.012437153973517938,8,0.5,182,3392615
13691,0.08914657250008301,0.019810075284843246,0.0124340284306371,8,0.5,182,3394435
13701,0.08912437371665358,0.019804704144625023,0.012430973023400632,8,0.5,182,3396255
13711,0.08910416316431036,0.019800651394661826,0.012427897440039637,8,0.5,182,3398075
13721,0.08908002783308187,0.019795014709042304,0.01242475246936325,8,0.5,182,3399895
13731,0.08905394521575817,0.01978932837401373,0.012421449500457867,8,0.5,182,3401715
13741,0.08903157252994146,0.019784247791587908,0.012418329390038325,8,0.5,182,3403535
13751,0.08900700736990382,0.019778734776207868,0.012415057138147848,8,0.5,182,3405355
13761,0.08898712508218648,0.019774425954273273,0.012411934945542035,8,0.5,182,3407175
13771,0.08896504989238538,0.019769302814588125,0.01240883521826596,8,0.5,182,3408995
13781,0.08894323677333268,0.01976467375134857,0.012405870394808498,8,0.5,183,3410823
13791,0.08892168514110942,0.019759830471696018,0.012402765670457649,8,0.5,183,3412653
13801,0.08890112831768664,0.019755588842461508,0.012399635252162505,8,0.5,183,3414483
13811,0.08887985294268251,0.0197508611436435,0.012396455605293493,8,0.5,183,3416313
13821,0.08885834917283965,0.019745811297409127,0.012393459535326659,8,0.5,183,3418143
13831,0.08883466494782022,0.019740548542357933,0.012390291543467344,8,0.5,183,3419973
13841,0.08881319525610722,0.01973594044507986,0.012387233041136833,8,0.5,183,3421803
13851,0.08879149804564554,0.019731064938844873,0.012384191941272148,8,0.5,183,3423633
13861,0.08877127846207895,0.019726626080458196,0.01238110746893702,8,0.5,183,3425463
13871,0.08875155993927637,0.019722190335721864,0.0123780492118313,8,0.5,183,3427293
13881,0.0887313687062403,0.019717703663624183,0.012374930262568841,8,0.5,183,3429123
13891,0.08871119179588227,0.019713274173044956,0.01237191050259572,8,0.5,183,3430953
13901,0.08869127202900802,0.019708524024751404,0.01236887144662533,8,0.5,183,3432783
13911,0.08866869697573537,0.019703669609845393,0.012365710918939649,8,0.5,183,3434613
13921,0.08864638229246652,0.01969892667551019,0.012362732077934792,8,0.5,183,3436443
13931,0.08861948244626344,0.019692787711600396,0.012359417119867905,8,0.5,183,3438273
13941,0.08859430207819508,0.019687300010116274,0.012356252365199097,8,0.5,183,3440103
13951,0.08857059483669258,0.019681817076211718,0.012353191663697496,8,0.5,183,3441933
13961,0.08854859867987239,0.01967703683701743,0.012350102984400516,8,0.5,183,3443763
13971,0.08852661955463795,0.01967188468192124,0.012346953859892052,8,0.5,183,3445593
13981,0.08850248628491833,0.019666468725467352,0.012343796323982343,8,0.5,183,3447423
13991,0.08847813250205622,0.019661271638585706,0.012340643778029552,8,0.5,183,3449253
14001,0.08845596704241335,0.01965666749325943,0.012337592815586475,8,0.5,183,3451083
14011,0.0884350221545859,0.019651638900423287,0.012334404313063162,8,0.5,183,3452913
14021,0.0884128903585008,0.019646774615425595,0.012331332930160963,8,0.5,183,3454743
14031,0.088393899663022,0.019642448025218667,0.012328292770048398,8,0.5,183,3456573
14041,0.08837420125410506,0.019638177765731173,0.012325286059260343,8,0.5,183,3458403
14051,0.08834923759203336,0.019632897326688867,0.012322248300127554,8,0.5,183,3460233
14061,0.08833388626746506,0.019629219638788636,0.012319355301064108,8,0.5,183,3462063
14071,0.08831327102165648,0.019625011590232628,0.012316359480316,8,0.5,183,3463893
14081,0.08829099467193408,0.01961995500337416,0.012313152918280229,8,0.5,183,3465723
14091,0.08827088915638295,0.019615274631327465,0.012310095218523328,8,0.5,183,3467553
14101,0.08824864612892384,0.01961054461387676,0.012306904991600002,8,0.5,183,3469383
14111,0.08822307630595447,0.019604756515357372,0.012303773288681104,8,0.5,183,3471213
14121,0.08820468988528916,0.019600830016249456,0.012300870561575465,8,0.5,183,3473043
14131,0.08818011374111212,0.019594891870118394,0.012297744599078978,8,0.5,183,3474873
14141,0.0881529378480523,0.01958906522118406,0.0122946482767828,8,0.5,183,3476703
14151,0.08813412074886097,0.01958461941774071,0.01229166657947985,8,0.5,183,3478533
14161,0.08811507822124504,0.019580758357920985,0.012288694538019547,8,0.5,183,3480363
14171,0.08809652410836637,0.019576529785182206,0.012285634744395342,8,0.5,183,3482193
14181,0.08808083398957188,0.019573096166502716,0.012282638607649533,8,0.5,183,3484023
14191,0.08805802755127602,0.019567764576736965,0.012279519401429309,8,0.5,183,3485853
14201,0.08803595137082379,0.01956317564919479,0.012276523336685875,8,0.5,183,3487683
14211,0.08801223279379694,0.019558115898760855,0.012273294319982806,8,0.5,183,3489513
14221,0.08799516775575517,0.01955406050610437,0.012270341810949763,8,0.5,183,3491343
14231,0.08797527158369235,0.019549428981950275,0.012267277185480168,8,0.5,183,3493173
14241,0.08795538943776669,0.019545431781886318,0.01226422954728089,8,0.5,183,3495003
14251,0.08793292055813672,0.019540176190170913,0.012261187717167148,8,0.5,183,3496833
14261,0.08790999711329615,0.019534977494232594,0.01225811155375459,8,0.5,183,3498663
14271,0.08788591214325013,0.019529520881962106,0.012254971240532826,8,0.5,183,3500493
14281,0.08785972540206191,0.019523964224339385,0.012251823429632328,8,0.5,183,3502323
14291,0.08784016022152512,0.019519197818371924,0.012248711641148142,8,0.5,183,3504153
14301,0.0878147222498604,0.019514068822864942,0.012245594606853214,8,0.5,183,3505983
14311,0.08779636466572129,0.019509989564365872,0.012242625341143403,8,0.5,183,3507813
14321,0.08777895955722569,0.019506121956419188,0.012239714742035914,8,0.5,183,3509643
14331,0.08775780568029659,0.0195015257504513,0.012236761468091514,8,0.5,183,3511473
14341,0.08773338099367577,0.019495837403475248,0.012233746710571366,8,0.5,183,3513303
14351,0.08771108850329082,0.019490362694467796,0.012230754467837624,8,0.5,183,3515133
14361,0.08769045437356535,0.019486403038309695,0.01222793321780352,8,0.5,183,3516963
14371,0.08766889851029826,0.01948150903821792,0.012224952683373766,8,0.5,183,3518793
14381,0.08764852935938268,0.019476930894106265,0.012221979814378324,8,0.5,183,3520623
14391,0.08763004601668281,0.01947277185575339,0.01221908132001049,8,0.5,183,3522453
14401,0.08760877013890196,0.01946835591145894,0.012216070626176984,8,0.5,183,3524283
14411,0.08758914516178294,0.019463527925612883,0.012213163653108537,8,0.5,183,3526113
14421,0.08756766686517903,0.019459170372732586,0.01221025352834548,8,0.5,183,3527943
14431,0.08754923664986852,0.019454919505051863,0.012207227422321304,8,0.5,183,3529773
14441,0.08752802189677836,0.01945005012076524,0.012204130494277378,8,0.5,183,3531603
14451,0.08750542601533824,0.019445081054295807,0.012201090344544722,8,0.5,183,3533433
14461,0.08748517507699816,0.019440581256535288,0.012198087844364085,8,0.5,183,3535263
14471,0.08746493875021712,0.019435981374438586,0.012195073688834695,8,0.5,183,3537093
14481,0.08744378763306004,0.019431384885624743,0.012192032753267726,8,0.5,183,3538923
14491,0.08742706398401479,0.019427875245725285,0.012189115327500943,8,0.5,183,3540753
14501,0.08740547736240617,0.01942328473256631,0.01218616081656958,8,0.5,183,3542583
14511,0.08738251631453274,0.019418027853442953,0.012183174977591195,8,0.5,183,3544413
14521,0.08735934242686183,0.019412981304454763,0.01218020868941335,8,0.5,183,3546243
14531,0.0873419745858776,0.019408761824020834,0.012177323148008786,8,0.5,183,3548073
14541,0.08732045341348536,0.01940403117638002,0.01217428865936261,8,0.5,183,3549903
14551,0.08729802421309829,0.01939894460345898,0.012171214766937685,8,0.5,183,3551733
14561,0.08727861550029467,0.019394991254257633,0.012168471549053615,8,0.5,183,3553563
14571,0.08725806618511327,0.01939032235265182,0.012165683514394905,8,0.5,183,3555393
14581,0.08723914645979355,0.019386066959542626,0.01216284580432601,8,0.5,183,3557223
14591,0.0872167823214958,0.019381097478808878,0.012159774646514961,8,0.5,183,3559053
14601,0.08719673896953714,0.019376592519837085,0.012156901800062448,8,0.5,183,3560883
14611,0.08717601957936369,0.019372141962809192,0.012153929913905091,8,0.5,183,3562713
14621,0.08715600542586674,0.01936749019260493,0.012151002843416152,8,0.5,183,3564543
14631,0.08713485661751456,0.01936289296602171,0.012148085377355676,8,0.5,183,3566373
14641,0.08711441266951962,0.01935789096607528,0.012145113253807628,8,0.5,183,3568203
14651,0.08709168921702888,0.019353351824006576,0.012142165435400552,8,0.5,183,3570033
14661,0.08706967200116697,0.019348051862055734,0.01213923333221411,8,0.5,183,3571863
14671,0.08704629772187389,0.019343214505047925,0.012136304976102926,8,0.5,184,3573702
14681,0.08702523181833566,0.019338533500456886,0.012133341581932643,8,0.5,184,3575542
14691,0.08700875654673167,0.01933487256921812,0.01213039843462227,8,0.5,184,3577382
14701,0.08698337621944835,0.019329334437252894,0.012127378645923994,8,0.5,184,3579222
14711,0.08696509840414114,0.019325019142507407,0.012124431851036555,8,0.5,184,3581062
14721,0.08694067054256545,0.019319743337819727,0.012121488369464408,8,0.5,184,3582902
14731,0.08692059636985666,0.01931548538909774,0.012118617152681314,8,0.5,184,3584742
14741,0.08689939732410917,0.01931036958619786,0.012115618530876872,8,0.5,184,3586582
14751,0.08687912515909291,0.01930601688578549,0.01211268785862451,8,0.5,184,3588422
14761,0.08685886773784415,0.019301465009705154,0.012109836405081927,8,0.5,184,3590262
14771,0.08683771560378012,0.01929681543902652,0.012106897602497306,8,0.5,184,3592102
14781,0.08681589798660624,0.019292068397204497,0.012103952887561366,8,0.5,184,3593942
14791,0.0867950054727511,0.019287476324928603,0.012101031424281455,8,0.5,184,3595782
14801,0.08677548968914559,0.019283139696347165,0.012098063838937913,8,0.5,184,3597622
14811,0.08675349411719907,0.019277899461856658,0.012095046795504955,8,0.5,184,3599462
14821,0.08672947759308697,0.01927276431316708,0.012092132077529604,8,0.5,184,3601302
14831,0.086711818295038,0.01926884031229846,0.012089276864381816,8,0.5,184,3603142
14841,0.08668919456713517,0.01926396393974854,0.012086365684349036,8,0.5,184,3604982
14851,0.08667201284196613,0.019259945084293278,0.012083546590785605,8,0.5,184,3606822
14861,0.08665122811610122,0.01925492519054421,0.012080600284504866,8,0.5,184,3608662
14871,0.08662775104944331,0.019249909375555836,0.012077605763825114,8,0.5,184,3610502
14881,0.0866024902292177,0.01924454696423221,0.012074698760059125,8,0.5,184,3612342
14891,0.08657995532965804,0.01923943946825469,0.01207182712297222,8,0.5,184,3614182
14901,0.08655743871000048,0.019234386209526104,0.012068963296976029,8,0.5,184,3616022
14911,0.08653718936103436,0.019229986743407375,0.012066144453610678,8,0.5,184,3617862
14921,0.08652055096068022,0.019225790179617248,0.012063269221959074,8,0.5,184,3619702
14931,0.08649785788748834,0.019221047506176772,0.0120604412991044,8,0.5,184,3621542
14941,0.0864776519715206,0.01921665754702254,0.012057526358619924,8,0.5,184,3623382
14951,0.08645880639337611,0.01921271922370858,0.01205472467286638,8,0.5,184,3625222
14961,0.08643840479883093,0.01920843479572366,0.012051915185793292,8,0.5,184,3627062
14971,0.08641555491579142,0.019202859540602066,0.01204901144235938,8,0.5,184,3628902
14981,0.08639630396013596,0.01919897975385905,0.012046191551148706,8,0.5,184,3630742
14991,0.0863752775109328,0.01919410861395619,0.012043366047423143,8,0.5,184,3632582
15001,0.08635605452142696,0.019190035723025207,0.012040598656164322,8,0.5,184,3634422
15011,0.0863341655123511,0.01918472514848248,0.012037769260396609,8,0.5,184,3636262
15021,0.08631073219559392,0.019179964420008723,0.012035010591418954,8,0.5,184,3638102
15031,0.08629088519653133,0.019175306442009724,0.012032154793481686,8,0.5,184,3639942
15041,0.0862703841525979,0.019170800482442126,0.012029271929643317,8,0.5,184,3641782
15051,0.08625323734349868,0.019166693529720846,0.012026425004991178,8,0.5,184,3643622
15061,0.08623142949782032,0.01916194674023435,0.012023617672194144,8,0.5,184,3645462
15071,0.08621075019324087,0.01915745056288978,0.012020758662312085,8,0.5,184,3647302
15081,0.08618986424071143,0.019152809613229536,0.012017954546840527,8,0.5,184,3649142
15091,0.08617387715936331,0.01914935586397121,0.012015108982824955,8,0.5,184,3650982
15101,0.08615235362478035,0.01914457316361996,0.012012246347950239,8,0.5,184,3652822
15111,0.08612973870613017,0.01913974493862794,0.012009362109465774,8,0.5,184,3654662
15121,0.08611577991455152,0.019136446194318982,0.01200656785553162,8,0.5,184,3656502
15131,0.0860940802567965,0.019131476810079928,0.012003723109507229,8,0.5,184,3658342
15141,0.08607217648125584,0.019127002889286135,0.012000892383074885,8,0.5,184,3660182
15151,0.08605161603235333,0.01912189383053462,0.01199801001690072,8,0.5,184,3662022
15161,0.08603151256436734,0.019117770388985857,0.011995219352297432,8,0.5,184,3663862
15171,0.08601142373793325,0.019113208383529402,0.011992345019351461,8,0.5,184,3665702
15181,0.0859898059708889,0.019108306787671926,0.011989451262423392,8,0.5,184,3667542
15191,0.08596886614024961,0.019103849740980058,0.011986679730223732,8,0.5,184,3669382
15201,0.08594706154647358,0.019098857782510175,0.011983804220844807,8,0.5,184,3671222
15211,0.0859261541559462,0.019094163183284676,0.011980919926914756,8,0.5,184,3673062
15221,0.08590284462359217,0.01908913026975575,0.011978054958092463,8,0.5,184,3674902
15231,0.08588197075468942,0.019084443122341147,0.01197519212260314,8,0.5,184,3676742
15241,0.08586067375073031,0.019079515725474182,0.011972323185925088,8,0.5,184,3678582
15251,0.08584180564046583,0.019075566916621947,0.011969548223912026,8,0.5,184,3680422
15261,0.08582470388222214,0.019071377142787557,0.011966698840074744,8,0.5,184,3682262
15271,0.08580323211323043,0.019066703574484242,0.011963894024075834,8,0.5,184,3684102
15281,0.085780682894615,0.019062179459909418,0.011961014875327181,8,0.5,184,3685942
15291,0.08576099481734183,0.019057561507706475,0.011958222589164978,8,0.5,184,3687782
15301,0.08574219492773888,0.01905357829027621,0.011955461749456834,8,0.5,184,3689622
15311,0.08572471819324438,0.019049452085011766,0.01195269674318285,8,0.5,184,3691462
15321,0.0857015786244728,0.019044213395112232,0.01194980485713835,8,0.5,184,3693302
15331,0.08568216515637062,0.019040190417042663,0.011947127517400298,8,0.5,184,3695142
15341,0.08566211171191121,0.019035782726701922,0.011944354366620582,8,0.5,184,3696982
15351,0.08564250836965329,0.019031281450534582,0.011941501523330896,8,0.5,184,3698822
15361,0.08562422453502902,0.01902702523385924,0.011938742681614344,8,0.5,184,3700662
15371,0.08560682267306069,0.019023400118867367,0.01193603576609269,8,0.5,184,3702502
15381,0.08558725875723475,0.019018763113491932,0.01193315489995936,8,0.5,184,3704342
15391,0.08556988031141127,0.019015239415911017,0.011930428967827731,8,0.5,184,3706182
15401,0.0855512107514245,0.0190111872686578,0.011927692338814704,8,0.5,184,3708022
15411,0.08553168643779442,0.01900646316574558,0.011924863772604568,8,0.5,184,3709862
15421,0.08551629372601198,0.019003187367587444,0.011922294936972137,8,0.5,184,3711702
15431,0.08549527820470745,0.01899818072762869,0.011919502226846266,8,0.5,184,3713542
15441,0.0854768757775441,0.018994620814782537,0.011916749050894106,8,0.5,184,3715382
15451,0.08545762058745097,0.018990245935133113,0.011914047919817781,8,0.5,184,3717222
15461,0.08543470508149231,0.018984961812164466,0.01191111112772562,8,0.5,184,3719062
15471,0.08541634327930926,0.01898102572074464,0.011908410034518473,8,0.5,184,3720902
15481,0.08539518846967155,0.01897637289712446,0.011905550593684911,8,0.5,184,3722742
15491,0.08537469684665833,0.018971819454261935,0.011902810056152712,8,0.5,184,3724582
15501,0.08535788360600458,0.018968083384524565,0.01190021421600169,8,0.5,184,3726422
15511,0.08533677390908606,0.018963105525824874,0.011897405128061181,8,0.5,184,3728262
15521,0.08531697145295772,0.018958801050466222,0.011894665839967386,8,0.5,184,3730102
15531,0.0852956782889356,0.01895435629250075,0.011891936312419936,8,0.5,184,3731942
15541,0.0852739720311709,0.01894962834539542,0.0118891657409153,8,0.5,184,3733782
15551,0.0852550736861932,0.018945428812146673,0.011886422247995881,8,0.5,184,3735622
15561,0.08523704653689952,0.018941232180231454,0.011883650708050164,8,0.5,184,3737462
15571,0.08521645863084437,0.018936657341325734,0.011880722539948462,8,0.5,184,3739302
15581,0.08519888540387574,0.018932942821163937,0.011878030808453293,8,0.5,184,3741142
15591,0.08518089527586609,0.018928469366202724,0.011875257500946975,8,0.5,184,3742982
15601,0.08516227512745826,0.018924617223629602,0.01187264408910379,8,0.5,184,3744822
15611,0.08514110211668917,0.018919532337056122,0.011869835264389877,8,0.5,185,3746666
15621,0.08512058638334831,0.018915211158744474,0.01186712847403275,8,0.5,185,3748516
15631,0.08510328822072678,0.018911319985107238,0.011864477787492809,8,0.5,185,3750366
15641,0.08508301421540443,0.018906815038210935,0.011861589963183082,8,0.5,185,3752216
15651,0.08506168942229901,0.01890179241443866,0.011858742951281434,8,0.5,185,3754066
15661,0.08504208532783493,0.01889762584892447,0.011855942738205793,8,0.5,185,3755916
15671,0.08502206960441924,0.018893462146569995,0.011853139991241499,8,0.5,185,3757766
15681,0.08500100509243191,0.01888863961531431,0.011850378787052028,8,0.5,185,3759616
15691,0.08498208219577527,0.018884434855235197,0.011847631462543744,8,0.5,185,3761466
15701,0.08496041142925032,0.01887980826998823,0.01184487908444374,8,0.5,185,3763316
15711,0.08494300232425463,0.01887589259922396,0.011842106731635778,8,0.5,185,3765166
15721,0.0849226350632085,0.018871272536283068,0.011839360977845912,8,0.5,185,3767016
15731,0.08490334265195351,0.018867126912250575,0.011836619052621452,8,0.5,185,3768866
15741,0.08488533460915484,0.018863125311835798,0.011833931685551668,8,0.5,185,3770716
15751,0.08486585696895804,0.018858656065785854,0.011831221114671732,8,0.5,185,3772566
15761,0.08484977725358556,0.01885517704555933,0.011828575881656238,8,0.5,185,3774416
15771,0.08483053640448104,0.01885085456709207,0.011825775085165751,8,0.5,185,3776266
15781,0.08480877470956232,0.01884611279435651,0.011823108624860173,8,0.5,185,3778116
15791,0.08479272869495526,0.01884235957379055,0.011820431761027336,8,0.5,185,3779966
15801,0.08477226266083358,0.018837624460511963,0.011817622667213182,8,0.5,185,3781816
15811,0.0847499153233784,0.018832893056453342,0.011814876224468956,8,0.5,185,3783666
15821,0.08473116617554646,0.018828726869876727,0.01181218812197879,8,0.5,185,3785516
15831,0.08471221951208874,0.018824610319213318,0.011809518974429709,8,0.5,185,3787366
15841,0.0846924448749433,0.018820122736379463,0.011806725900354411,8,0.5,185,3789216
15851,0.084672894766935,0.018815825265460683,0.011803917166873438,8,0.5,185,3791066
15861,0.08465209881974864,0.01881139086982878,0.011801199122796415,8,0.5,185,3792916
15871,0.08463425641742413,0.01880728612572926,0.011798548082493164,8,0.5,185,3794766
15881,0.08461244165939677,0.018802485255697648,0.011795771994729342,8,0.5,185,3796616
15891,0.08459232051652539,0.01879764165107177,0.011793094893812668,8,0.5,185,3798466
15901,0.0845730517510278,0.018793778872813305,0.011790385394313497,8,0.5,185,3800316
15911,0.08455400588846096,0.018789639606805714,0.011787569065085383,8,0.5,185,3802166
15921,0.08453330084904709,0.01878471340224117,0.01178482487250308,8,0.5,185,3804016
15931,0.08451407397033789,0.018780394670472822,0.011782161849940177,8,0.5,185,3805866
15941,0.08449611334633,0.018776403759063844,0.011779451770142,8,0.5,185,3807716
15951,0.08447586971146218,0.018771859198996488,0.011776680567867485,8,0.5,185,3809566
15961,0.08445439044244095,0.018766993832189827,0.011773962621458993,8,0.5,185,3811416
15971,0.08443480286072177,0.0187628266464744,0.011771271134606437,8,0.5,185,3813266
15981,0.08441627022346164,0.01875875485394798,0.01176850599125184,8,0.5,185,3815116
15991,0.08439733423329195,0.018754685815986164,0.01176578246785546,8,0.5,185,3816966
16001,0.08437633286801263,0.018749741942088505,0.011763119934265074,8,0.5,185,3818816
16011,0.08435617857511135,0.01874540207782674,0.011760371170714408,8,0.5,185,3820666
16021,0.08433417145497686,0.018740511944550578,0.011757649271995293,8,0.5,185,3822516
16031,0.0843181963735323,0.018736363066153772,0.011755081572354758,8,0.5,185,3824366
16041,0.08429373338254952,0.018731434235987228,0.011752400574771726,8,0.5,185,3826216
16051,0.0842761254450056,0.01872761372147867,0.011749784758004016,8,0.5,185,3828066
16061,0.08425749424352535,0.01872361169335739,0.011747083060200903,8,0.5,185,3829916
16071,0.08423949628694895,0.018719704240659035,0.011744536547866058,8,0.5,185,3831766
16081,0.08422047700211249,0.01871520233230719,0.011741778278858271,8,0.5,185,3833616
16091,0.084203123258842,0.01871125445842021,0.01173925145551644,8,0.5,185,3835466
16101,0.0841876382649718,0.018708134721731565,0.011736692037957717,8,0.5,185,3837316
16111,0.0841717495737794,0.018704145658311497,0.011734080217672303,8,0.5,185,3839166
16121,0.0841546332717099,0.0187004340862715,0.011731413455956043,8,0.5,185,3841016
16131,0.08413340764523794,0.018696129707958604,0.011728769866668183,8,0.5,185,3842866
16141,0.08411796259254195,0.018692606082287344,0.011726207416432396,8,0.5,185,3844716
16151,0.08410252637906107,0.018689130248110343,0.011723629902646976,8,0.5,185,3846566
16161,0.08408792156725563,0.018685610734085454,0.01172108606498773,8,0.5,185,3848416
16171,0.08406859778157046,0.018681362647113692,0.011718405675010429,8,0.5,185,3850266
16181,0.08405010925620696,0.018677254461657265,0.01171579877223794,8,0.5,185,3852116
16191,0.08402917091569526,0.018672601922409396,0.011713186664731279,8,0.5,185,3853966
16201,0.08400742869114637,0.0186679074358153,0.011710439535773432,8,0.5,185,3855816
16211,0.08398877718601486,0.018663808469058154,0.011707788407537115,8,0.5,185,3857666
16221,0.08396788644595078,0.01865862047163059,0.011705031679611195,8,0.5,185,3859516
16231,0.08394414803209556,0.01865357331945268,0.01170236239832569,8,0.5,185,3861366
16241,0.08392554029803553,0.018649665839213396,0.011699763363794071,8,0.5,185,3863216
16251,0.08390714969106866,0.018645760910537226,0.011697119149035685,8,0.5,185,3865066
16261,0.08388734276885577,0.01864140493080533,0.01169445459760897,8,0.5,185,3866916
16271,0.08387061014132101,0.01863736940824052,0.01169189138842541,8,0.5,185,3868766
16281,0.0838491994053827,0.018632702483681242,0.011689227773444355,8,0.5,185,3870616
16291,0.08382984246788262,0.018628220232131096,0.011686613477528042,8,0.5,185,3872466
16301,0.08381131362138992,0.018624012693838038,0.011683976083413422,8,0.5,185,3874316
16311,0.08379056019765799,0.018619582149310213,0.011681295700701743,8,0.5,185,3876166
16321,0.08376900988663064,0.018615019413608238,0.01167853396793983,8,0.5,185,3878016
16331,0.08374910138397439,0.01861041503934976,0.011675850402168498,8,0.5,185,3879866
16341,0.08372981640333144,0.01860635530432516,0.01167326436435564,8,0.5,185,3881716
16351,0.08371216756437336,0.018602523644986352,0.011670789178450408,8,0.5,185,3883566
16361,0.0836908826837023,0.01859747862569221,0.011668094096250753,8,0.5,185,3885416
16371,0.08366900726189257,0.018592887765047895,0.011665515703478405,8,0.5,185,3887266
16381,0.08365180302892149,0.01858866009968727,0.011662844972832319,8,0.5,185,3889116
16391,0.08363440761604225,0.01858501951507807,0.011660242698255571,8,0.5,185,3890966
16401,0.0836139925165136,0.018580572929873217,0.01165755603670475,8,0.5,185,3892816
16411,0.08359884283997576,0.018577251385693758,0.011654856541530383,8,0.5,185,3894666
16421,0.08357805122776499,0.018572451885190158,0.011652212223949361,8,0.5,185,3896516
16431,0.08355909042571993,0.018568328302174395,0.01164961616956154,8,0.5,185,3898366
16441,0.08354195656407631,0.01856425234823456,0.011647156084122425,8,0.5,185,3900216
16451,0.0835193969023273,0.01855932909385828,0.011644523594127567,8,0.5,185,3902066
16461,0.08349927039299382,0.01855499105532436,0.011641928879524838,8,0.5,185,3903916
16471,0.0834783548598416,0.018550343473291542,0.01163932157435096,8,0.5,185,3905766
16481,0.0834586609362737,0.018546056618181993,0.011636665089208676,8,0.5,185,3907616
16491,0.08343657276155997,0.018541014588789415,0.011633986114728167,8,0.5,185,3909466
16501,0.08342172369724069,0.018537581317511508,0.011631370173313966,8,0.5,185,3911316
16511,0.0834016704811465,0.01853348182553612,0.011628800970784892,8,0.5,185,3913166
16521,0.08338343511270647,0.018529251620071997,0.011626256078970769,8,0.5,185,3915016
16531,0.08336621311046032,0.018525602704986602,0.011623675188004449,8,0.5,185,3916866
16541,0.08334600142724459,0.018521155839799814,0.011621120376309482,8,0.5,185,3918716
16551,0.08332960317682925,0.018517378620500357,0.011618512172844165,8,0.5,185,3920566
16561,0.08331161667369684,0.01851342622309414,0.011615936591765214,8,0.5,185,3922416
16571,0.0832932429785122,0.018509077186909376,0.011613263253423201,8,0.5,185,3924266
16581,0.0832742833964231,0.018504687006152005,0.01161071408657765,8,0.5,185,3926116
16591,0.08325414112000121,0.018500167184330896,0.011608071213430767,8,0.5,185,3927966
16601,0.08323381482700175,0.018496049169414917,0.011605453877249854,8,0.5,185,3929816
16611,0.0832158927086963,0.018492022479708128,0.011602852881070398,8,0.5,185,3931666
16621,0.08319499877308227,0.018487423894403738,0.011600299510248142,8,0.5,186,3933523
16631,0.08317591005584192,0.01848318221019216,0.011597759786779951,8,0.5,186,3935383
16641,0.08315643773839324,0.01847898769642922,0.011595201981610698,8,0.5,186,3937243
16651,0.08313916299615366,0.018474972576114336,0.01159270959389791,8,0.5,186,3939103
16661,0.08312229617798042,0.01847122464539369,0.011590145816285525,8,0.5,186,3940963
16671,0.0831040523476603,0.018467302881408243,0.011587658705869083,8,0.5,186,3942823
16681,0.08308998140362692,0.018464176144487823,0.011585144120095515,8,0.5,186,3944683
16691,0.08307294767073528,0.018460083055886607,0.011582512483615833,8,0.5,186,3946543
16701,0.08305592482285262,0.018456344534772132,0.01157993046584566,8,0.5,186,3948403
16711,0.08303713315339431,0.018452168980418283,0.011577418322246319,8,0.5,186,3950263
16721,0.0830187499350632,0.018448128092256388,0.011574859982922256,8,0.5,186,3952123
16731,0.08299939209837623,0.018443826701891694,0.011572248343278213,8,0.5,186,3953983
16741,0.08298438958546525,0.01844058078490068,0.01156970637457427,8,0.5,186,3955843
16751,0.08296860659893276,0.018437161340655372,0.01156720836089238,8,0.5,186,3957703
16761,0.08295204453370572,0.01843339347514389,0.011564699913308125,8,0.5,186,3959563
16771,0.08293214426616759,0.018428621373285797,0.011562124309139204,8,0.5,186,3961423
16781,0.08291284931978306,0.01842459654094295,0.011559571746318654,8,0.5,186,3963283
16791,0.08289632193177578,0.018420967793297553,0.011557082308212927,8,0.5,186,3965143
16801,0.0828760702212686,0.01841603103083992,0.011554445495475985,8,0.5,186,3967003
16811,0.08285445920878445,0.01841157837928082,0.0115518130109544,8,0.5,186,3968863
16821,0.0828352205563938,0.018407565140494818,0.011549196620395347,8,0.5,186,3970723
16831,0.08281913360870782,0.01840399042165615,0.011546725220436243,8,0.5,186,3972583
16841,0.08280090044105093,0.018399633936836624,0.011544184506348906,8,0.5,186,3974443
16851,0.08278365907261748,0.018395889930812797,0.011541687473693623,8,0.5,186,3976303
16861,0.0827676033244608,0.01839223528725651,0.011539159408591845,8,0.5,186,3978163
16871,0.08274568920350847,0.01838758324476054,0.011536565260597834,8,0.5,186,3980023
16881,0.08272398858645139,0.018382717745485524,0.011533964550666298,8,0.5,186,3981883
16891,0.08270464894768809,0.01837850711825147,0.011531376115105548,8,0.5,186,3983743
16901,0.08268532340140339,0.018374082690885196,0.011528774393309007,8,0.5,186,3985603
16911,0.08267069220752267,0.018371004902391186,0.011526281328627987,8,0.5,186,3987463
16921,0.08265295052838009,0.018367105789983146,0.011523790930203705,8,0.5,186,3989323
16931,0.08263307835657839,0.018362300436947622,0.01152122583148555,8,0.5,186,3991183
16941,0.08261380490182225,0.018358407081523722,0.011518648607608935,8,0.5,186,3993043
16951,0.08259221193192211,0.018353565610151033,0.01151609289842655,8,0.5,186,3994903
16961,0.08257335680257571,0.018349289408772066,0.01151353172906965,8,0.5,186,3996763
16971,0.08255548598446509,0.018345534098541363,0.01151107741507838,8,0.5,186,3998623
16981,0.08253820938275203,0.018341349967821302,0.011508594305948824,8,0.5,186,4000483
16991,0.0825197805009201,0.01833699645651741,0.011506012474675418,8,0.5,186,4002343
17001,0.0825009768757499,0.018333292045260522,0.011503569437920719,8,0.5,186,4004203
17011,0.08248567245146754,0.018329934247754108,0.01150101895833761,8,0.5,186,4006063
17021,0.08247115112393263,0.018326449333223832,0.011498532506274002,8,0.5,186,4007923
17031,0.08245102806825426,0.01832193492496792,0.011495928971478605,8,0.5,186,4009783
17041,0.08243150013326048,0.01831763871095035,0.01149328446817795,8,0.5,186,4011643
17051,0.08241430429767564,0.01831398939792927,0.011490902009944317,8,0.5,186,4013503
17061,0.08239596152934933,0.018309741878254262,0.01148833542376414,8,0.5,186,4015363
17071,0.08237724572685555,0.01830528314430604,0.011485758578476321,8,0.5,186,4017223
17081,0.08235642310267605,0.01830112756765775,0.011483179814599433,8,0.5,186,4019083
17091,0.08233388377101258,0.018296290242742264,0.011480458354346279,8,0.5,186,4020943
17101,0.08231559674779823,0.018291841713089098,0.01147791466038047,8,0.5,186,4022803
17111,0.08229501494369346,0.018287482006605335,0.01147541381308796,8,0.5,186,4024663
17121,0.08228021366422089,0.01828423570363787,0.011473042208836715,8,0.5,186,4026523
17131,0.08226369217452194,0.01828030837171698,0.011470600991248745,8,0.5,186,4028383
17141,0.08224487796560145,0.018276042514814534,0.011468053602174514,8,0.5,186,4030243
17151,0.08222339243392059,0.01827152409394464,0.011465583855696756,8,0.5,186,4032103
17161,0.08220633158430365,0.018267562686548652,0.011463078282006238,8,0.5,186,4033963
17171,0.08218928176885877,0.01826411460976216,0.011460558293386077,8,0.5,186,4035823
17181,0.08217166882613763,0.018259945574434167,0.01145797532493198,8,0.5,186,4037683
17191,0.08215368514421634,0.018255906993966092,0.011455534608940556,8,0.5,186,4039543
17201,0.08213437592340575,0.018251871197553487,0.011453004285242608,8,0.5,186,4041403
17211,0.08211756357982651,0.01824771086884406,0.01145051016008552,8,0.5,186,4043263
17221,0.08209694490842773,0.018243383869873835,0.011448003110520152,8,0.5,186,4045123
17231,0.08207958429495033,0.018239441452155704,0.011445546962216207,8,0.5,186,4046983
17241,0.08206204453750383,0.01823588284125545,0.011443068131173349,8,0.5,186,4048843
17251,0.08204737350432681,0.018232326394523646,0.011440552306844499,8,0.5,186,4050703
17261,0.0820319491634226,0.018228814409955992,0.011438083027872688,8,0.5,186,4052563
17271,0.08201482160717509,0.018225262259232038,0.011435595475869805,8,0.5,186,4054423
17281,0.08200055715878324,0.01822205026776815,0.011433218849932042,8,0.5,186,4056283
17291,0.08198211994015507,0.018217995537361316,0.011430761982426284,8,0.5,186,4058143
17301,0.08196654391654501,0.018214449955223005,0.011428380137132479,8,0.5,186,4060003
17311,0.08194869982233242,0.018210569166406856,0.011425948460759696,8,0.5,186,4061863
17321,0.08193447119804388,0.01820740738686063,0.011423451705507353,8,0.5,186,4063723
17331,0.08191361647720224,0.018202352098210656,0.011420872683066897,8,0.5,186,4065583
17341,0.08189183150261922,0.01819776400237564,0.011418396539170537,8,0.5,186,4067443
17351,0.0818759304122203,0.018193852238215083,0.011415975475148835,8,0.5,186,4069303
17361,0.08185890420897195,0.018190405330145456,0.011413420410588147,8,0.5,186,4071163
17371,0.08184359006200521,0.0181872124524679,0.011411085214758013,8,0.5,186,4073023
17381,0.08182866264440702,0.018183769464703372,0.011408663946660505,8,0.5,186,4074883
17391,0.08181034564954022,0.01817957344847408,0.011406109538691884,8,0.5,186,4076743
17401,0.08179223007222199,0.018175548112101498,0.011403695672319266,8,0.5,186,4078603
17411,0.08177638919875438,0.018172237679500068,0.011401272067630242,8,0.5,186,4080463
17421,0.08175603641144079,0.01816763134638459,0.011398816927278389,8,0.5,186,4082323
17431,0.08173852305135175,0.018163907067600855,0.011396396297376064,8,0.5,186,4084183
17441,0.08172233830761735,0.0181599761435416,0.011393977088659675,8,0.5,186,4086043
17451,0.0817029673989875,0.01815588076922974,0.01139151958299316,8,0.5,186,4087903
17461,0.08168699247615696,0.0181521639949817,0.011389053165445348,8,0.5,186,4089763
17471,0.08166652123278359,0.018147907237471173,0.011386528482321015,8,0.5,186,4091623
17481,0.08164700394305514,0.018143320103282224,0.011384010993114318,8,0.5,186,4093483
17491,0.0816297507669358,0.018139319739297374,0.011381479438362707,8,0.5,186,4095343
17501,0.08161232160573412,0.018135696784105294,0.011379139530991062,8,0.5,186,4097203
17511,0.08159546571939613,0.0181316184552213,0.011376633548081647,8,0.5,186,4099063
17521,0.08157712387223852,0.01812791714358395,0.011374237234340886,8,0.5,186,4100923
17531,0.08155842094818867,0.018123844266198286,0.011371748876562188,8,0.5,186,4102783
17541,0.08154178658637348,0.01811998182622087,0.011369317373613014,8,0.5,186,4104643
17551,0.08152497607506182,0.018116204932898373,0.011366891367644065,8,0.5,186,4106503
17561,0.08150780316135729,0.01811222317757999,0.011364375359272642,8,0.5,186,4108363
17571,0.08148542065104278,0.0181072498188054,0.011361918727320765,8,0.5,186,4110223
17581,0.08146752843540309,0.018103563993410017,0.01135957920096154,8,0.5,186,4112083
17591,0.08144983465121819,0.018099632265624364,0.011357201024647013,8,0.5,186,4113943
17601,0.08143587433540034,0.018096323401322945,0.011354749490090405,8,0.5,186,4115803
17611,0.08141783005366784,0.018092396573751453,0.011352301720595192,8,0.5,186,4117663
17621,0.08140109908178031,0.0180888853477334,0.011349890696576407,8,0.5,186,4119523
17631,0.08138437882602843,0.0180852524337974,0.011347517791949566,8,0.5,186,4121383
17641,0.08136785487779277,0.018081580549792226,0.011345134687247925,8,0.5,186,4123243
17651,0.0813557934336948,0.01807865296037572,0.01134275504786144,8,0.5,186,4125103
17661,0.08133632133377446,0.018074490906942506,0.011340343231386663,8,0.5,186,4126963
17671,0.08132112465295574,0.018071196350645757,0.011338059984393968,8,0.5,186,4128823
17681,0.08130556649772958,0.01806736878161045,0.011335635024054921,8,0.5,186,4130683
17691,0.08128983257033036,0.018064160510859364,0.011333175611427954,8,0.5,187,4132548
17701,0.08127355332631166,0.01806041977256928,0.011330751133766083,8,0.5,187,4134418
17711,0.08125728424359147,0.01805696892638826,0.011328334165607058,8,0.5,187,4136288
17721,0.08124213355283144,0.01805364327112188,0.011325911429257794,8,0.5,187,4138158
17731,0.08122588406972939,0.018049909318289006,0.011323462470994531,8,0.5,187,4140028
17741,0.08121204307476086,0.01804650572403814,0.011321102915193894,8,0.5,187,4141898
17751,0.08119747184347302,0.018043349961543997,0.011318793131751747,8,0.5,187,4143768
17761,0.08117830188710137,0.018039417913354082,0.011316460381954547,8,0.5,187,4145638
17771,0.08116135560719999,0.018035324869673654,0.011313987099135184,8,0.5,187,4147508
17781,0.08114221221929928,0.018031152946915603,0.011311603187408013,8,0.5,187,4149378
17791,0.08112492165006277,0.018027392616135014,0.011309295012895583,8,0.5,187,4151248
17801,0.08111021531786766,0.018024124750143682,0.011306933073439392,8,0.5,187,4153118
17811,0.08109257868732789,0.018020287366826298,0.011304559228397489,8,0.5,187,4154988
17821,0.0810786248320909,0.01801722745128468,0.011302202072081498,8,0.5,187,4156858
17831,0.08106284396904262,0.018013516928297165,0.011299727496178667,8,0.5,187,4158728
17841,0.08104377292261318,0.01800936071138737,0.011297321596241932,8,0.5,187,4160598
17851,0.08102325051012067,0.018004963268622366,0.011294922161259926,8,0.5,187,4162468
17861,0.08100841850142096,0.018001463994731483,0.011292563401914391,8,0.5,187,4164338
17871,0.08099158253366626,0.017997641631584276,0.011290194355327535,8,0.5,187,4166208
17881,0.08097585442596683,0.017994349922278642,0.01128780949883916,8,0.5,187,4168078
17891,0.08095702980141478,0.017990004491327632,0.01128540335853803,8,0.5,187,4169948
17901,0.08094114001644467,0.017986514272763873,0.011282963146403105,8,0.5,187,4171818
17911,0.08092179318432967,0.0179822152790471,0.01128050693113053,8,0.5,187,4173688
17921,0.08090154921318952,0.017977433373199257,0.011277978922623827,8,0.5,187,4175558
17931,0.0808820496948027,0.017973545932831264,0.0112756145741209,8,0.5,187,4177428
17941,0.08086620574358044,0.017969984747448292,0.011273252813797666,8,0.5,187,4179298
17951,0.08084837011915741,0.01796610232603482,0.011270854732830961,8,0.5,187,4181168
17961,0.08083145581365969,0.017962384125359755,0.011268498700429156,8,0.5,187,4183038
17971,0.08081455253712302,0.017958304949314732,0.011266078202996542,8,0.5,187,4184908
17981,0.08079893135473294,0.01795495491644076,0.011263814970510655,8,0.5,187,4186778
17991,0.08078259368364295,0.017951243903002654,0.011261439535939869,8,0.5,187,4188648
18001,0.08076372741957688,0.01794721290406676,0.011259082701519109,8,0.5,187,4190518
18011,0.08074723070346025,0.01794338606813672,0.011256770455652276,8,0.5,187,4192388
18021,0.08072875236138809,0.017939320326407493,0.011254317169987968,8,0.5,187,4194258
18031,0.08070829664355066,0.01793485534747997,0.011251861380031989,8,0.5,187,4196128
18041,0.08069310109119247,0.017931117085793112,0.011249556354395259,8,0.5,187,4197998
18051,0.08067574566413661,0.017927541883649444,0.011247153567880183,8,0.5,187,4199868
18061,0.08065840187090179,0.017923728108061688,0.01124478181731436,8,0.5,187,4201738
18071,0.08064106969838623,0.017919876756118554,0.011242429344900657,8,0.5,187,4203608
18081,0.08062356877199826,0.017915867673776873,0.011240057274768928,8,0.5,187,4205478
18091,0.08060589944457211,0.017912141735940624,0.011237752014651544,8,0.5,187,4207348
18101,0.08059310573711664,0.017909018618106513,0.011235502942404486,8,0.5,187,4209218
18111,0.08057887792428646,0.01790621726517984,0.011233178615314976,8,0.5,187,4211088
18121,0.08056213875926228,0.01790229766546232,0.011230880127441034,8,0.5,187,4212958
18131,0.0805443315569285,0.01789846065029517,0.011228584457998408,8,0.5,187,4214828
18141,0.0805263569373447,0.01789458626948653,0.011226331809457054,8,0.5,187,4216698
18151,0.08050785614869105,0.01789023570252377,0.011223981029724776,8,0.5,187,4218568
18161,0.0804920601438586,0.017886606102727916,0.011221648828708356,8,0.5,187,4220438
18171,0.08047537713695134,0.017883098342919065,0.011219303695580007,8,0.5,187,4222308
18181,0.08045924255253273,0.017879473255284016,0.011216925045251947,8,0.5,187,4224178
18191,0.0804413270606724,0.017875452487891227,0.011214518869012183,8,0.5,187,4226048
18201,0.0804243188591868,0.01787171291939483,0.011212160614288416,8,0.5,187,4227918
18211,0.08040535451605803,0.017867379663948017,0.011209791785142949,8,0.5,187,4229788
18221,0.0803872976835018,0.017863168812811723,0.011207381960245351,8,0.5,187,4231658
18231,0.08036943208220886,0.017859437249284522,0.01120503879567903,8,0.5,187,4233528
18241,0.08035015113122633,0.01785531154168771,0.011202633407762903,8,0.5,187,4235398
18251,0.08033248959002327,0.017851149177050416,0.011200247336889681,8,0.5,187,4237268
18261,0.0803178700002165,0.01784770265159814,0.011197986036901189,8,0.5,187,4239138
18271,0.08029934000868333,0.01784409988433258,0.011195658341990225,8,0.5,187,4241008
18281,0.08028189124763915,0.017839985211355734,0.011193226216641379,8,0.5,187,4242878
18291,0.0802648100411964,0.017836268724221577,0.011190922171920512,8,0.5,187,4244748
18301,0.08024560722213833,0.01783204119130339,0.011188569971110382,8,0.5,187,4246618
18311,0.0802287276900349,0.017828290391352104,0.011186302369613769,8,0.5,187,4248488
18321,0.08021185922367663,0.017824660381323784,0.011183986485139342,8,0.5,187,4250358
18331,0.08019517919980412,0.01782048083431068,0.011181602718097552,8,0.5,187,4252228
18341,0.08017939637449346,0.017817446663604134,0.011179357469478481,8,0.5,187,4254098
18351,0.08016291455183006,0.017813784162565374,0.011177004157270002,8,0.5,187,4255968
18361,0.08015140126814596,0.017811107689981474,0.011174722004922396,8,0.5,187,4257838
18371,0.08013369858716775,0.017807331274105907,0.011172390702702078,8,0.5,187,4259708
18381,0.0801156544057624,0.017802928609339283,0.011170045163859449,8,0.5,187,4261578
18391,0.08009974358539032,0.017799432482226218,0.011167769348839418,8,0.5,187,4263448
18401,0.08008560890188272,0.017796409469601673,0.011165431118521509,8,0.5,187,4265318
18411,0.08006548040829874,0.017791936778531508,0.011163103051267938,8,0.5,187,4267188
18421,0.08005171736608281,0.017788917732750726,0.011160872248065348,8,0.5,187,4269058
18431,0.08003496464550404,0.017785351828031898,0.011158558778849853,8,0.5,187,4270928
18441,0.08001980844783148,0.017781749002189397,0.011156368712728945,8,0.5,187,4272798
18451,0.08000202014838098,0.017777952833946706,0.011153998014615252,8,0.5,187,4274668
18461,0.0799861795722954,0.017774471973681292,0.011151763530489698,8,0.5,187,4276538
18471,0.07996788708033468,0.01777032900128333,0.011149496324091058,8,0.5,187,4278408
18481,0.07995083756469527,0.017766267122968818,0.011147148195263332,8,0.5,187,4280278
18491,0.07993292142748361,0.017762364199442722,0.011144811315372663,8,0.5,187,4282148
18501,0.07991607061060435,0.017758931837182777,0.011142570990582438,8,0.5,187,4284018
18511,0.07990221209697905,0.01775538463661733,0.011140285941282937,8,0.5,187,4285888
18521,0.07988397939773516,0.017751644928396537,0.01113799666723775,8,0.5,187,4287758
18531,0.07986540941175958,0.017747479604662202,0.011135684815654096,8,0.5,187,4289628
18541,0.07984685287865423,0.01774355064499195,0.011133358096777755,8,0.5,187,4291498
18551,0.07983163255701142,0.01774001301271599,0.011131053438011875,8,0.5,187,4293368
18561,0.07981677086077361,0.017736671776219955,0.011128809063336189,8,0.5,187,4295238
18571,0.07980191778745988,0.0177335654101376,0.011126521755470924,8,0.5,187,4297108
18581,0.07978462918467752,0.01772960725239519,0.011124211889471419,8,0.5,187,4298978
18591,0.07976996922146873,0.017726039511028583,0.011122003993937422,8,0.5,187,4300848
18601,0.07975287654131871,0.017722512750630463,0.011119748563122818,8,0.5,187,4302718
18611,0.07973684073939595,0.017718910738472624,0.011117517629629729,8,0.5,187,4304588
18621,0.07971942191701535,0.017714962767890165,0.011115196880381562,8,0.5,187,4306458
18631,0.07970044890787437,0.017710978873517268,0.011112940834273966,8,0.5,187,4308328
18641,0.07968670662419618,0.017707731939457263,0.01111074174926941,8,0.5,187,4310198
18651,0.07967019087279653,0.017703868960562415,0.011108445795708615,8,0.5,187,4312068
18661,0.07965264372090168,0.017700355932216395,0.011106218727097094,8,0.5,187,4313938
18671,0.07963632352946065,0.017696497966912503,0.01110392767107504,8,0.5,187,4315808
18681,0.07962088103803364,0.017693220756934344,0.0111017015841213,8,0.5,187,4317678
18691,0.07960562123371175,0.017689868394916472,0.01109946109746759,8,0.5,187,4319548
18701,0.07959106355986112,0.017686402517363205,0.011097175156673045,8,0.5,187,4321418
18711,0.07957495581318381,0.0176829387561225,0.011094894529801785,8,0.5,187,4323288
18721,0.07955626279184917,0.01767897726794595,0.011092651022195867,8,0.5,187,4325158
18731,0.07954138739594355,0.017675594886561227,0.011090394294598351,8,0.5,187,4327028
18741,0.07952427412631288,0.01767175371935293,0.011088089369020476,8,0.5,187,4328898
18751,0.07950751770845588,0.01766776166499142,0.011085740765110902,8,0.5,187,4330768
18761,0.07948870146050097,0.01766381076573153,0.011083329288218839,8,0.5,187,4332638
18771,0.07947369294656063,0.0176603607777799,0.011081060166281001,8,0.5,187,4334508
18781,0.07945869326446736,0.017656951188198402,0.011078792482298688,8,0.5,187,4336378
18791,0.07943870741168156,0.01765293127645981,0.011076438380868137,8,0.5,187,4338248
18801,0.07942458893309443,0.01764948790798131,0.011074208964765516,8,0.5,187,4340118
18811,0.07940979015013597,0.01764639066615507,0.011071930883646944,8,0.5,187,4341988
18821,0.07939568768620232,0.017643142295621448,0.011069741935402225,8,0.5,187,4343858
18831,0.07938073384979803,0.017639704875719205,0.011067515067894752,8,0.5,188,4345733
18841,0.07936372809223516,0.017636078752349616,0.011065226616976311,8,0.5,188,4347613
18851,0.07934724850348775,0.017632378686438924,0.011063037465186765,7,0.4375,164,4349469
18861,0.0793302650968439,0.01762860482504891,0.01106094218412464,7,0.4375,164,4351109
18871,0.07931432130724801,0.01762517622637784,0.011059007349071453,7,0.4375,164,4352749
18881,0.07930044291790429,0.017622130327843127,0.011057096754937119,6,0.375,141,4354320
18891,0.07928794171812856,0.017619428467028075,0.011055479226036878,5,0.3125,117,4355706
18901,0.07928109435090208,0.01761779275662857,0.01105431680971019,4,0.25,94,4356669
18911,0.07927356437600523,0.017616119496444583,0.01105318089948343,4,0.25,94,4357609
18921,0.0792636419060468,0.017613952600441914,0.011052027417575635,4,0.25,94,4358549
18931,0.07925714307662254,0.017612242479959257,0.011050965377070957,4,0.25,94,4359489
18941,0.07924791075508822,0.01761038093736562,0.011049797287693437,4,0.25,94,4360429
18951,0.07924073237821395,0.01760882379139696,0.011048656756336274,4,0.25,94,4361369
18961,0.07923218933415195,0.017606925413738837,0.011047503887112049,4,0.25,94,4362309
18971,0.07922484461251023,0.017605369220111432,0.011046422366492541,4,0.25,94,4363249
18981,0.079217331280317,0.01760362375714016,0.011045239184332813,4,0.25,94,4364189
18991,0.07920777206969325,0.01760149957374435,0.0110440633696855,4,0.25,94,4365129
19001,0.07920077564191735,0.017600020703722664,0.011042962302405021,4,0.25,94,4366069
19011,0.07919207545675416,0.01759808738117777,0.011041803102936917,4,0.25,94,4367009
19021,0.07918474232131857,0.017596230498753335,0.011040724200766032,4,0.25,94,4367949
19031,0.0791740022473598,0.017593957596920114,0.011039581539535222,4,0.25,94,4368889
19041,0.0791658223815755,0.01759202634988657,0.011038481741193325,4,0.25,94,4369829
19051,0.07915730448923869,0.017590285007592153,0.011037354713379813,4,0.25,94,4370769
19061,0.07914810837418607,0.017588279344562037,0.0110361870782113,4,0.25,94,4371709
19071,0.07913857517964655,0.017586160927920615,0.011035060408536551,4,0.25,94,4372649
19081,0.07913159778894213,0.0175846104486316,0.011033941445174132,4,0.25,94,4373589
19091,0.0791241119906572,0.017583022594603537,0.01103290623643509,4,0.25,94,4374529
19101,0.07911441776114121,0.017580792792618382,0.011031731485625688,4,0.25,94,4375469
19111,0.07910727701373846,0.017579281563831414,0.01103062196269476,4,0.25,94,4376409
19121,0.07909911861959054,0.017577317571763555,0.01102947516282492,4,0.25,94,4377349
19131,0.07909266175096093,0.01757599603914852,0.011028407609709207,4,0.25,94,4378289
19141,0.07908501758399449,0.017574297380878633,0.011027305931430175,4,0.25,94,4379229
19151,0.07907788510593557,0.01757278789203245,0.011026242658460689,4,0.25,94,4380169
19161,0.07906922693534066,0.017570562133640708,0.011025098817583123,4,0.25,94,4381109
19171,0.07906209889600206,0.01756924218377644,0.011024001425976458,4,0.25,94,4382049
19181,0.07905395501800286,0.01756735707728394,0.011022878643845234,4,0.25,94,4382989
19191,0.07904462670567633,0.017565246506489454,0.011021756441571088,4,0.25,94,4383929
19201,0.07903682747931219,0.01756358875535452,0.011020704035018838,4,0.25,94,4384869
19211,0.07902886118207009,0.017561856173333962,0.011019566547223913,4,0.25,94,4385809
19221,0.07902123622157561,0.01756008647673787,0.011018456873926809,4,0.25,94,4386749
19231,0.07901191993953792,0.01755812916225961,0.011017289177415415,4,0.25,94,4387689
19241,0.07900446937896302,0.01755636063620966,0.011016144612977735,4,0.25,94,4388629
19251,0.07899465153136825,0.01755421657303011,0.011014934800253099,4,0.25,94,4389569
19261,0.07898940562072296,0.017552975646361633,0.011013857156314855,4,0.25,94,4390509
19271,0.07898145421457285,0.017551359091603887,0.011012811569072384,4,0.25,94,4391449
19281,0.07897536546331141,0.017549930894605575,0.011011667263464787,4,0.25,94,4392389
19291,0.07896674223692571,0.01754797710679385,0.011010576514988796,4,0.25,94,4393329
19301,0.07895947395399455,0.01754613665795677,0.011009461790516093,4,0.25,94,4394269
19311,0.07895136298499812,0.0175444845227499,0.011008375859200111,4,0.25,94,4395209
19321,0.07894342351103487,0.01754283287245705,0.01100723649121673,4,0.25,94,4396149
19331,0.0789356553718969,0.017541031624898975,0.011006145104363409,4,0.25,94,4397089
19341,0.07892502026473673,0.01753874337125634,0.011004931503887636,4,0.25,94,4398029
19351,0.07891894506603145,0.01753743085895133,0.011003856238437661,4,0.25,94,4398969
19361,0.07890932898243613,0.017535144069272982,0.011002683585378191,4,0.25,94,4399909
19371,0.0788990421314308,0.017532970606640996,0.011001534420152443,4,0.25,94,4400849
19381,0.0788897706852561,0.017530985245724537,0.011000400290400957,4,0.25,94,4401789
19391,0.07888117656054293,0.01752888826724348,0.010999303168840709,4,0.25,94,4402729
19401,0.07887359593283884,0.017527390904170347,0.010998184855993179,4,0.25,94,4403669
19411,0.07886601757598377,0.01752566942953483,0.010997109581597733,4,0.25,94,4404609
19421,0.07885961984225413,0.01752413551592811,0.010996017842598606,4,0.25,94,4405549
19431,0.07885187738169563,0.01752256462371876,0.010994915124299223,4,0.25,94,4406489
19441,0.07884649271974724,0.017521218494056585,0.010993836312670932,4,0.25,94,4407429
19451,0.07883824967742566,0.01751916252949158,0.010992669818042046,4,0.25,94,4408369
19461,0.07882681480356349,0.01751695787620494,0.010991566033240656,4,0.25,94,4409309
19471,0.07881891430923713,0.0175150902029283,0.010990436131173509,4,0.25,94,4410249
19481,0.07881084826681006,0.01751337249172618,0.01098933532010681,4,0.25,94,4411189
19491,0.07880379259037194,0.017511729954967054,0.010988260412239026,4,0.25,94,4412129
19501,0.07879808229449711,0.01751046105091869,0.010987158191858326,4,0.25,94,4413069
19511,0.07879069441446386,0.017508968589565407,0.010986019470427846,4,0.25,94,4414009
19521,0.07878364436130547,0.017507439228192687,0.010984926862505871,4,0.25,94,4414949
19531,0.07877558956544033,0.017505574716876342,0.010983823130288839,4,0.25,94,4415889
19541,0.07876904693397511,0.017504158102239622,0.010982746934242485,4,0.25,94,4416829
19551,0.07876149984855468,0.017502443731040214,0.010981686085690104,4,0.25,94,4417769
19561,0.07875345210847419,0.01750069263146769,0.010980617345355622,4,0.25,94,4418709
19571,0.07874775317680155,0.01749935173306178,0.010979609003460076,4,0.25,94,4419649
19581,0.07874105019712063,0.01749760159767478,0.010978497641848417,4,0.25,94,4420589
19591,0.07873016164800893,0.0174954798250916,0.010977376537370754,4,0.25,94,4421529
19601,0.07872128676608627,0.017493507668343445,0.010976249900979479,4,0.25,94,4422469
19611,0.07871241500245066,0.017491461823225796,0.010975167377982445,4,0.25,94,4423409
19621,0.07870337905223851,0.017489416723863782,0.010974065914657381,4,0.25,94,4424349
19631,0.07869434633523793,0.017487409533224925,0.010972949664629392,4,0.25,94,4425289
19641,0.0786848153061136,0.017485403060597548,0.010971914815834984,4,0.25,94,4426229
19651,0.07867712622196857,0.017483582993476295,0.010970730809949295,4,0.25,94,4427169
19661,0.07867010779931867,0.017482134790689587,0.010969647121248236,4,0.25,94,4428109
19671,0.07866208913447935,0.01748035290056222,0.010968598430913643,4,0.25,94,4429049
19681,0.0786552418757344,0.01747890553169709,0.010967540197246542,4,0.25,94,4429989
19691,0.07864822953709441,0.017477124667438098,0.010966469138415355,4,0.25,94,4430929
19701,0.07863938341458626,0.017475270201907856,0.010965370925739775,4,0.25,94,4431869
19711,0.0786318749903926,0.01747367585211647,0.010964288040398524,4,0.25,94,4432809
19721,0.07862536949702187,0.01747215608040133,0.010963216907074058,4,0.25,94,4433749
19731,0.07861703157506124,0.017470266207660814,0.010962092629704486,4,0.25,94,4434689
19741,0.0786076963743855,0.017468154750949833,0.010960948596655175,4,0.25,94,4435629
19751,0.07859953090808797,0.017466118134472814,0.010959740393876285,4,0.25,94,4436569
19761,0.07859170121031511,0.017464785477204182,0.010958646191687613,4,0.25,94,4437509
19771,0.07858553911602434,0.017463342122838336,0.010957609710673092,4,0.25,94,4438449
19781,0.07857804670666743,0.017461566197113428,0.010956503502629297,4,0.25,94,4439389
19791,0.07856922516890251,0.017459679892836994,0.010955371630741492,4,0.25,94,4440329
19801,0.07856190397327963,0.017458126942709706,0.010954325559938851,4,0.25,94,4441269
19811,0.07855342070274303,0.017456315711720672,0.010953224812898258,4,0.25,94,4442209
19821,0.07854577157453824,0.017454505066446177,0.010952088605412191,4,0.25,94,4443149
19831,0.07853878961556715,0.017452842744622412,0.010951041886687288,4,0.25,94,4444089
19841,0.07853164342366466,0.01745136553950734,0.010949981318364594,4,0.25,94,4445029
19851,0.07852549599717638,0.01745003638813135,0.01094890750502705,4,0.25,94,4445969
19861,0.07851885181808348,0.017448523016734083,0.010947822462223058,4,0.25,94,4446909
19871,0.0785123754306733,0.01744712074514069,0.01094674797857047,4,0.25,94,4447849
19881,0.078504074805622,0.017445239301137522,0.010945625297687332,4,0.25,94,4448789
19891,0.07849677251832646,0.017443542854875368,0.010944575993566024,4,0.25,94,4449729
19901,0.07848847703452094,0.01744173633641814,0.010943494403304648,4,0.25,94,4450669
19911,0.07847935515834303,0.017439598762081066,0.010942345756246197,4,0.25,94,4451609
19921,0.07847189426297248,0.01743805137317456,0.010941315460777302,4,0.25,94,4452549
19931,0.07846675582125794,0.017436909527317336,0.010940284612885825,4,0.25,94,4453489
19941,0.07845813885478688,0.017434773796455534,0.010939146585049738,4,0.25,94,4454429
19951,0.07844919358836935,0.017432970107507995,0.010938073449357216,4,0.25,94,4455369
19961,0.0784420727794444,0.01743142455134532,0.010936967613394698,4,0.25,94,4456309
19971,0.078434622927552,0.017429842638715245,0.010935899202796659,4,0.25,94,4457249
19981,0.07842651337473039,0.01742793022584694,0.010934803777770669,4,0.25,94,4458189
19991,0.07842006070061669,0.017426496345422805,0.010933788521774363,4,0.25,94,4459129
20001,0.07841360968139173,0.017425136337259752,0.010932737595600662,4,0.25,94,4460069
20011,0.07840716031634229,0.01742366643033458,0.010931672680551872,4,0.25,94,4461009
20021,0.07839955549815533,0.017421939783563822,0.010930606332412654,4,0.25,94,4461949
20031,0.07839294448166007,0.01742047071706562,0.01092955644142815,4,0.25,94,4462889
20041,0.07838501355555025,0.017418781767938103,0.01092845937195904,4,0.25,95,4463830
20051,0.07837675483359532,0.017416983231364657,0.010927396939003308,4,0.25,95,4464780
20061,0.07836915920485168,0.01741518527362329,0.01092632087831509,4,0.25,95,4465730
20071,0.07836255617538297,0.017413644627453633,0.010925253201480549,4,0.25,95,4466680
20081,0.07835298486275856,0.0174116644208874,0.010924143988564632,4,0.25,95,4467630
20091,0.07834473665580151,0.017409758218662814,0.010923000167938967,4,0.25,95,4468580
20101,0.07833599651124683,0.017407999224721516,0.010921906586498541,4,0.25,95,4469530
20111,0.07833039122634569,0.01740664371164783,0.010920802530334449,4,0.25,95,4470480
20121,0.0783264353074188,0.017405764635854762,0.010919805269790257,4,0.25,95,4471430
20131,0.07832017304274987,0.01740426320151072,0.010918782606159078,4,0.25,95,4472380
20141,0.07831127671957308,0.017402322921176692,0.01091770263143557,4,0.25,95,4473330
20151,0.07830370085459824,0.017400712634624532,0.010916637977901883,4,0.25,95,4474280
20161,0.07829546880974322,0.017398627272115455,0.010915475855854014,4,0.25,95,4475230
20171,0.07828822684169046,0.017397237463223848,0.010914398871229317,4,0.25,95,4476180
20181,0.07827983535489852,0.017395299623445475,0.010913239747032994,4,0.25,95,4477130
20191,0.07827407811370471,0.017394129932735616,0.010912168944683574,4,0.25,95,4478080
20201,0.07826585577289469,0.017392375856342984,0.010911061839200603,4,0.25,95,4479030
20211,0.07825845796800163,0.017390585805386907,0.010910032104694063,4,0.25,95,4479980
20221,0.07825106234267538,0.017388832842875426,0.010908909488241157,4,0.25,95,4480930
20231,0.07824498312721598,0.017387591494342054,0.010907855693041318,4,0.25,95,4481880
20241,0.07823857689918519,0.017386204431690984,0.010906740971074459,4,0.25,95,4482830
20251,0.07823102293672428,0.017384525817305607,0.010905675924326622,4,0.25,95,4483780
20261,0.0782224864122047,0.01738259238790524,0.01090454573787086,4,0.25,95,4484730
20271,0.0782141168718052,0.01738073255086519,0.01090345527648929,4,0.25,95,4485680
20281,0.07820542207168066,0.01737869109127924,0.010902378412535031,4,0.25,95,4486630
20291,0.07819705822154553,0.01737690542722307,0.01090126003456117,4,0.25,95,4487580
20301,0.07818738587317034,0.017374756100766647,0.010900163226916334,4,0.25,95,4488530
20311,0.07817951959498023,0.01737304451841909,0.010899107213207132,4,0.25,95,4489480
20321,0.07817296624755886,0.017371770277235302,0.01089806283620995,4,0.25,95,4490430
20331,0.07816477697110438,0.0173698412665699,0.010896931271856354,4,0.25,95,4491380
20341,0.07815642666385283,0.017368022057220073,0.010895811471192823,4,0.25,95,4492330
20351,0.07814889739914974,0.01736609434369366,0.01089466950841807,4,0.25,95,4493280
20361,0.07813989798498101,0.01736431271128042,0.010893557794229925,4,0.25,95,4494230
20371,0.07813204659049724,0.017362422622432188,0.010892443134329716,4,0.25,95,4495180
20381,0.07812354368795008,0.01736064216400183,0.010891392012215869,4,0.25,95,4496130
20391,0.07811504366960255,0.017358680685283515,0.010890256302590266,4,0.25,95,4497080
20401,0.0781049127995682,0.017356574681223064,0.01088915113766399,4,0.25,95,4498030
20411,0.07809886890906637,0.017355267906868838,0.010888079362000497,4,0.25,95,4498980
20421,0.07809005071214375,0.01735330832032738,0.010886960277625252,4,0.25,95,4499930
20431,0.07807976673789083,0.017350769141888208,0.010885826199915224,4,0.25,95,4500880
20441,0.07807111840986403,0.01734906491474071,0.010884775731029871,4,0.25,95,4501830
20451,0.0780629623468275,0.01734707126888166,0.010883646247333368,4,0.25,95,4502780
20461,0.07805546111445942,0.017345549329267976,0.01088260265082515,4,0.25,95,4503730
20471,0.07804877712715513,0.01734388292056688,0.010881536950031344,4,0.25,95,4504680
20481,0.07804079128731264,0.01734225322099461,0.01088043724248681,4,0.25,95,4505630
20491,0.07803280799429473,0.017340479202067022,0.010879336766157696,4,0.25,95,4506580
20501,0.07802564149215346,0.017338922875938755,0.0108782438767254,4,0.25,95,4507530
20511,0.07802043077919471,0.01733772878141138,0.010877193693267773,4,0.25,95,4508480
20521,0.07801261674346636,0.017335956204825562,0.010876068679422524,4,0.25,95,4509430
20531,0.0780052933003875,0.017334473462566818,0.010875078625258482,4,0.25,95,4510380
20541,0.07799797200018219,0.017332774219926017,0.010873998379123787,4,0.25,95,4511330
20551,0.0779885388168624,0.01733067799784974,0.010872910556768025,4,0.25,95,4512280
20561,0.07798187267745425,0.017328979914735598,0.010871846662106064,4,0.25,95,4513230
20571,0.07797309559399818,0.017327282350216886,0.010870802264171742,4,0.25,95,4514180
20581,0.0779652963269919,0.017325440898489714,0.01086964492874045,4,0.25,95,4515130
20591,0.07795879879532382,0.01732414141748018,0.010868627483505214,4,0.25,95,4516080
20601,0.0779524653270397,0.017322445330049726,0.01086753395521233,4,0.25,95,4517030
20611,0.07794580879481106,0.01732093011536938,0.010866486168045014,4,0.25,95,4517980
20621,0.07793671980838776,0.01731919894729683,0.010865407329520108,4,0.25,95,4518930
20631,0.07792795855707646,0.017316891562062845,0.010864283350695142,4,0.25,95,4519880
20641,0.07791741667766955,0.01731465719626854,0.010863160086766023,4,0.25,95,4520830
20651,0.07791044526187223,0.017313252168516424,0.01086208855907236,4,0.25,95,4521780
20661,0.07790282756613714,0.017311631424238378,0.010861044274381806,4,0.25,95,4522730
20671,0.0778960222278189,0.017310119156253596,0.010860019977074118,4,0.25,95,4523680
20681,0.07788792305058201,0.017308319374095226,0.010858971218393436,4,0.25,95,4524630
20691,0.07788079794583906,0.01730655615345578,0.010857896539640475,4,0.25,95,4525580
20701,0.07787221813067563,0.01730490139459848,0.010856812610428784,4,0.25,95,4526530
20711,0.07786461208003806,0.01730295948083735,0.010855698337329757,4,0.25,95,4527480
20721,0.07785587607184598,0.01730116201815007,0.01085465901285314,4,0.25,95,4528430
20731,0.0778468197344758,0.017298933972653176,0.010853526892176406,4,0.25,95,4529380
20741,0.07783841321834502,0.017297389240512894,0.010852444583054269,4,0.25,95,4530330
20751,0.07783324138411356,0.017296024486260518,0.010851395983277496,4,0.25,95,4531280
20761,0.07782758591688714,0.017294731870784737,0.010850377165947696,4,0.25,95,4532230
20771,0.07782015496504999,0.017293080633639112,0.01084932911090798,4,0.25,95,4533180
20781,0.07781046574247288,0.01729110697334742,0.010848239634224833,4,0.25,95,4534130
20791,0.07780287847780591,0.017289241612931404,0.010847156159503534,4,0.25,95,4535080
20801,0.07779626168335411,0.01728802229334198,0.0108460927060197,4,0.25,95,4536030
20811,0.07779061458808405,0.01728662399211188,0.010845080486393077,4,0.25,95,4536980
20821,0.07778513006188117,0.01728551277338503,0.010844087319943144,4,0.25,95,4537930
20831,0.0777773892531961,0.01728364929354619,0.010842971461081168,4,0.25,95,4538880
20841,0.07777029562116108,0.017282180452861316,0.010841952441736137,4,0.25,95,4539830
20851,0.07776175369631175,0.01728035390134022,0.010840851846918239,4,0.25,95,4540780
20861,0.07775579219914187,0.01727895753265551,0.010839824812877957,4,0.25,95,4541730
20871,0.07774693314669072,0.01727698889247613,0.010838738572599793,4,0.25,95,4542680
20881,0.07773904318623343,0.017275235601892928,0.010837706962932212,4,0.25,95,4543630
20891,0.0777329261596185,0.017273733222796843,0.010836673218877635,4,0.25,95,4544580
20901,0.07772455792273607,0.017271909452812127,0.010835592580915628,4,0.25,95,4545530
20911,0.07771812272819095,0.01727062244712529,0.010834579331367528,4,0.25,95,4546480
20921,0.07771361908018551,0.017269407216231887,0.010833579208945525,4,0.25,95,4547430
20931,0.07770573965353524,0.017267727777095197,0.010832557760915922,4,0.25,95,4548380
20941,0.07769963079214165,0.017266334586413704,0.010831519642678374,4,0.25,95,4549330
20951,0.07769271993851007,0.0172648346190424,0.010830450125036205,4,0.25,95,4550280
20961,0.07768645361185743,0.01726351355572731,0.010829417399726421,4,0.25,95,4551230
20971,0.07767842216417054,0.017261800213355945,0.010828345635370499,4,0.25,95,4552180
20981,0.07767360453786402,0.017260551235351675,0.010827309138283064,4,0.25,95,4553130
20991,0.0776658982728749,0.017258874479407597,0.010826257150297378,4,0.25,95,4554080
21001,0.07765835486416894,0.017257198231159725,0.010825233053358045,4,0.25,95,4555030
21011,0.07765145544808541,0.017255843337618797,0.010824173822716663,4,0.25,95,4555980
21021,0.07764503910190615,0.01725423928722893,0.010823141722608213,4,0.25,95,4556930
21031,0.07763814337286612,0.017252564441902353,0.010822051287656871,4,0.25,95,4557880
21041,0.07762932603644461,0.017250961341432135,0.010821001082953119,4,0.25,95,4558830
21051,0.07762275514352932,0.01724939431434706,0.01081993668752636,4,0.25,95,4559780
21061,0.07761618598422726,0.017247970129280994,0.010818927575445298,4,0.25,95,4560730
21071,0.07760753656474097,0.01724594129878967,0.01081781511344507,4,0.25,95,4561680
21081,0.07760033101010265,0.01724423338687669,0.010816688095487078,4,0.25,95,4562630
21091,0.07759360770712648,0.01724284609663789,0.010815623819296004,4,0.25,95,4563580
21101,0.07758400613795507,0.017240748036673675,0.010814520744506022,4,0.25,95,4564530
21111,0.07757648749531705,0.017238970642625074,0.010813411433797585,4,0.25,95,4565480
21121,0.07756865132847046,0.01723722935055371,0.010812369821937588,4,0.25,95,4566430
21131,0.0775611373233109,0.017235666208507104,0.010811331399274534,4,0.25,95,4567380
21141,0.07755122870149969,0.01723342884245355,0.01081022567349661,4,0.25,95,4568330
21151,0.07754324075130435,0.01723168929468685,0.010809175895122956,4,0.25,95,4569280
21161,0.07753573441640109,0.017229879326213955,0.010808094753308736,4,0.25,95,4570230
21171,0.07752870926184077,0.0172284246831943,0.010807086378937304,4,0.25,95,4571180
21181,0.07752088812915559,0.017226615783392244,0.010806029995899014,4,0.25,95,4572130
21191,0.07751338853704878,0.01722494928222908,0.010805037635523273,4,0.25,95,4573080
21201,0.07750445580511475,0.017223070639028334,0.010803944273544171,4,0.25,95,4574030
21211,0.07749839613580221,0.01722165321798197,0.010802889680073844,4,0.25,95,4574980
21221,0.07748962817711842,0.017219704857690116,0.0108018342729104,4,0.25,95,4575930
21231,0.07748134131414158,0.01721775718440856,0.01080069681977712,4,0.25,95,4576880
21241,0.07747385364145702,0.017216128748583286,0.010799639503549159,4,0.25,95,4577830
21251,0.07746493510350669,0.017214182335842612,0.0107986091437555,4,0.25,95,4578780
21261,0.07745745237187264,0.017212519581168526,0.010797585879337514,4,0.25,95,4579730
21271,0.07745172244156091,0.017211352414267245,0.010796613566409808,4,0.25,95,4580680
21281,0.07744360730180949,0.01720958444959818,0.010795593444177812,4,0.25,95,4581630
21291,0.07743756245011339,0.017208205830110426,0.010794522659284916,4,0.25,95,4582580
21301,0.07743088300924673,0.017206792218985103,0.010793464977907402,4,0.25,95,4583530
21311,0.0774216619715426,0.0172047431257289,0.010792373681533437,4,0.25,95,4584480
21321,0.07741451007603142,0.017203118523605343,0.010791341325500437,4,0.25,95,4585430
21331,0.07740624822795827,0.017201211992075353,0.010790252119727941,4,0.25,95,4586380
21341,0.07739989483031098,0.017199870753560064,0.010789236866694325,4,0.25,95,4587330
21351,0.07739179660556422,0.01719810646265437,0.010788187863050929,4,0.25,95,4588280
21361,0.07738417715940976,0.017196236930123614,0.01078708098674202,4,0.25,95,4589230
21371,0.07737497344801784,0.017194262263196328,0.010786035874857434,4,0.25,95,4590180
21381,0.07736767637876535,0.017192640744072275,0.010784995409519948,4,0.25,95,4591130
21391,0.07735816168564207,0.017190526435376736,0.010783891072954186,4,0.25,95,4592080
21401,0.0773521375997075,0.017189046901488734,0.010782847979483928,4,0.25,95,4593030
21411,0.07734310421223019,0.01718718043704575,0.010781812582692056,4,0.25,95,4593980
21421,0.07733708378065873,0.017185983415106024,0.010780810098388079,4,0.25,95,4594930
21431,0.07733090643553926,0.017184540293079042,0.010779746403733576,4,0.25,95,4595880
21441,0.07732441396175375,0.0171830975487581,0.01077872502763779,4,0.25,95,4596830
21451,0.07731665689234155,0.017181408961953488,0.010777664309934893,4,0.25,95,4597780
21461,0.07731016814705378,0.01717972089234351,0.01077658330914386,4,0.25,95,4598730
21471,0.07730257372391974,0.017178244255486745,0.010775567350788743,4,0.25,95,4599680
21481,0.07729513977098967,0.01717648687025068,0.010774477154170882,4,0.25,95,4600630
21491,0.07728865665305265,0.017175151632249582,0.01077343596602651,4,0.25,95,4601580
21501,0.07728059465211322,0.017173289866881245,0.010772368641850584,4,0.25,95,4602530
21511,0.07727174527794368,0.01717128829290326,0.010771302763206769,4,0.25,95,4603480
21521,0.07726511032002523,0.017169989414773934,0.01077031586774901,4,0.25,95,4604430
21531,0.07725847713782628,0.017168375020338186,0.010769262088754245,4,0.25,95,4605380
21541,0.07724900424200301,0.017166199845926326,0.010768157619637298,4,0.25,95,4606330
21551,0.07724190194586221,0.01716472682870223,0.010767089282449122,4,0.25,95,4607280
21561,0.07723353962936388,0.017162833528279353,0.010766046282894681,4,0.25,95,4608230
21571,0.07722644176428284,0.017161326365683727,0.01076502123720985,4,0.25,95,4609180
21581,0.07721871529005614,0.017159469267718983,0.010763985590606134,4,0.25,95,4610130
21591,0.07720909998459329,0.017157367648544537,0.010762911715439314,4,0.25,95,4611080
21601,0.07720153646610455,0.017155756950478645,0.010761839153498804,4,0.25,95,4612030
21611,0.07719366025665789,0.017153866732354046,0.010760745488465564,4,0.25,95,4612980
21621,0.07718688871963458,0.017152501978522344,0.010759726655552374,4,0.25,95,4613930
21631,0.07718027644757103,0.017150997642209474,0.01075869492409807,4,0.25,95,4614880
21641,0.0771733511990345,0.01714935383801021,0.010757651675193403,4,0.25,95,4615830
21651,0.07716595591378479,0.017147815402514893,0.010756661764008628,4,0.25,95,4616780
21661,0.07715824828727856,0.01714613759982851,0.010755605015745358,4,0.25,95,4617730
21671,0.07715211536075418,0.017144809702248347,0.010754592060962565,4,0.25,95,4618680
21681,0.07714535517725596,0.01714313281609259,0.010753567350536463,4,0.25,95,4619630
21691,0.07713796825126717,0.017141665960047632,0.010752501810117809,4,0.25,95,4620580
21701,0.07712885550903517,0.01713957112998329,0.010751348994878139,4,0.25,95,4621530
21711,0.07712084535280002,0.01713789584041501,0.010750345289026292,4,0.25,95,4622480
21721,0.0771136227299774,0.017136290833495608,0.010749325657587112,4,0.25,95,4623430
21731,0.07710687305430136,0.017134686295070072,0.010748303146111911,4,0.25,95,4624380
21741,0.07710169431953193,0.017133674978911415,0.010747347803684092,4,0.25,95,4625330
21751,0.07709698731962623,0.017132524397182228,0.010746345172906277,4,0.25,95,4626280
21761,0.07709071271301043,0.017131025515670164,0.010745311329729028,4,0.25,95,4627230
21771,0.0770828716929514,0.017129248302321334,0.010744262145213969,4,0.25,95,4628180
21781,0.07707456292550803,0.017127680650112897,0.010743289182072558,4,0.25,95,4629130
21791,0.07706751050282115,0.01712583487763998,0.010742212951268496,4,0.25,95,4630080
21801,0.07705999013548298,0.017124268198986832,0.010741209019762178,4,0.25,95,4631030
21811,0.0770515324561208,0.017122458371086505,0.010740205874462035,4,0.25,95,4631980
21821,0.0770444866000693,0.01712068392663703,0.010739197646581445,4,0.25,95,4632930
21831,0.0770354082364861,0.017118910055320343,0.01073816722975697,4,0.25,95,4633880
21841,0.07702805407705482,0.01711710199199059,0.01073714124304307,4,0.25,95,4634830
21851,0.07702101491106537,0.017115503047490103,0.010736125971883458,4,0.25,95,4635780
21861,0.07701022541691664,0.017113174982820265,0.010735030756487718,4,0.25,95,4636730
21871,0.07700319132823732,0.017111750833013074,0.010733992783800272,4,0.25,95,4637680
21881,0.07699365942715787,0.01710935492695914,0.010732904730940834,4,0.25,95,4638630
21891,0.07698538059705766,0.017107619416470387,0.01073188832778044,4,0.25,95,4639580
21901,0.07697819744638454,0.01710609262111672,0.010730861850637069,4,0.25,95,4640530
21911,0.07697023596028968,0.017104427510544813,0.010729850752091988,4,0.25,95,4641480
21921,0.07696368136937087,0.01710293627797454,0.010728797452609337,4,0.25,95,4642430
21931,0.07695463265136034,0.017100925489872118,0.010727694465227899,4,0.25,95,4643380
21941,0.07694823814425668,0.01709957382252465,0.010726693457096717,4,0.25,95,4644330
21951,0.07694028631247254,0.0170977028328273,0.010725649349933017,4,0.25,95,4645280
21961,0.07693358381691932,0.017096144162151248,0.010724677693930455,4,0.25,95,4646230
21971,0.07692501350984518,0.017094274341909528,0.010723646953024751,4,0.25,95,4647180
21981,0.0769189381861314,0.01709288970082157,0.010722614500156543,4,0.25,95,4648130
21991,0.07691068437399387,0.017091124790404737,0.010721528674647594,4,0.25,95,4649080
22001,0.07690414557773625,0.017089602578988138,0.010720554401119234,4,0.25,95,4650030
22011,0.07689589671231034,0.017087838726302595,0.010719480389465335,4,0.25,95,4650980
22021,0.07688889512334407,0.017086282856901,0.010718464787746703,4,0.25,95,4651930
22031,0.07688282868685571,0.017084761989300774,0.010717415412937834,4,0.25,95,4652880
22041,0.07687629726976478,0.017083414300305248,0.010716481612369095,4,0.25,95,4653830
22051,0.07687054483518412,0.01708227420688868,0.010715501548858863,4,0.25,95,4654780
22061,0.07686308421647159,0.017080512710776152,0.010714475383123877,4,0.25,95,4655730
22071,0.07685469371791005,0.01707878630338511,0.010713396662811804,4,0.25,95,4656680
22081,0.0768480144366431,0.01707719848892098,0.010712383168558423,4,0.25,95,4657630
22091,0.07683947380684071,0.017075231617947283,0.010711342015764994,4,0.25,95,4658580
22101,0.07683186737391622,0.017073713814451295,0.010710302381359522,4,0.25,95,4659530
22111,0.0768234874925212,0.017071782672686983,0.01070926625962649,4,0.25,95,4660480
22121,0.07681650643405148,0.01707023135565875,0.010708284052591725,4,0.25,95,4661430
22131,0.07680921721726885,0.017068370355167065,0.010707258567387575,4,0.25,95,4662380
22141,0.07680053500745321,0.017066647770371236,0.010706226147505955,4,0.25,95,4663330
22151,0.07679247569425367,0.017064753552896654,0.010705176079112902,4,0.25,95,4664280
22161,0.07678643293920934,0.017063582909842365,0.010704171372087946,4,0.25,95,4665230
22171,0.07678008189728663,0.017062240421619253,0.010703160789304925,4,0.25,95,4666180
22181,0.07677419702769642,0.01706072621473074,0.010702163001281031,4,0.25,95,4667130
22191,0.07676692031787014,0.017059109229096685,0.010701086940155346,4,0.25,95,4668080
22201,0.07676041954486243,0.01705766466735242,0.010700087051806237,4,0.25,95,4669030
22211,0.07675345633489962,0.017056186106265036,0.010699095761119552,4,0.25,95,4669980
22221,0.0767468044403581,0.017054639202643208,0.01069803771104365,4,0.25,95,4670930
22231,0.07673829882194355,0.017052955293765232,0.010696960741329307,4,0.25,95,4671880
22241,0.0767304144191457,0.017050962765175637,0.010695878978475187,4,0.25,95,4672830
22251,0.07672253254107567,0.0170492456504945,0.010694828975037532,4,0.25,95,4673780
22261,0.07671326297385525,0.017047254472629492,0.010693767909114507,4,0.25,95,4674730
22271,0.07670677635368614,0.017045881668812945,0.010692780001634199,4,0.25,95,4675680
22281,0.07670060020954349,0.01704423475904638,0.010691754048411524,4,0.25,95,4676630
22291,0.07669272787354622,0.017042725527420886,0.010690706462230934,4,0.25,95,4677580
22301,0.07668547520541752,0.017041079567952568,0.010689678616185094,4,0.25,95,4678530
22311,0.07667776194767537,0.017039399828692268,0.010688634889733121,4,0.25,95,4679480
22321,0.07666989691577025,0.017037515021744845,0.010687628885231858,4,0.25,95,4680430
22331,0.07666049302278012,0.01703549386029088,0.010686619640855141,4,0.25,95,4681380
22341,0.07665309576543532,0.017033781596585924,0.010685600582282325,4,0.25,95,4682330
22351,0.07664585477324344,0.017032343709602826,0.01068454393656868,4,0.25,95,4683280
22361,0.07664046392996972,0.017031008867573826,0.010683558755256353,4,0.25,95,4684230
22371,0.07663445838240582,0.01702981121003343,0.010682533335380775,4,0.25,95,4685180
22381,0.07662676110800953,0.017027963910451027,0.01068149823508472,4,0.25,95,4686130
22391,0.07661968174372115,0.017026424971210836,0.010680472849376258,4,0.25,95,4687080
22401,0.07661414279363696,0.017025091574520902,0.010679451695052144,4,0.25,95,4688030
22411,0.07660691326483006,0.017023485093004043,0.010678441887251526,4,0.25,95,4688980
22421,0.07659860962241254,0.017021674095496923,0.010677399756443941,4,0.25,95,4689930
22431,0.07658969401981139,0.017019692937236004,0.010676364962559904,4,0.25,95,4690880
22441,0.07658262532437483,0.017018258754030402,0.010675386521538089,4,0.25,95,4691830
22451,0.07657632667923012,0.01701665428132139,0.01067441732879577,4,0.25,95,4692780
22461,0.0765675727087678,0.017014743184657646,0.010673405679452833,4,0.25,95,4693730
22471,0.07655958935094384,0.017013003303624128,0.010672357698218445,4,0.25,95,4694680
22481,0.0765517620391229,0.017011366275068666,0.01067133785739779,4,0.25,95,4695630
22491,0.07654439743576297,0.017009627470139264,0.010670282269211967,4,0.25,95,4696580
22501,0.07653596154237581,0.01700765067887346,0.010669225124304627,4,0.25,95,4697530
22511,0.07652614887747387,0.01700574273219677,0.010668193331815522,4,0.25,95,4698480
22521,0.07651756601201155,0.017003767347780405,0.01066716753103033,4,0.25,95,4699430
22531,0.07650898614660687,0.017001894799019944,0.01066613056962873,4,0.25,95,4700380
22541,0.07650224692727325,0.017000465285489513,0.010665107158175454,4,0.25,95,4701330
22551,0.07649688750584642,0.016999172238902613,0.010664153709947008,4,0.25,95,4702280
22561,0.07648846792208544,0.016997267255248198,0.010663136278736968,4,0.25,95,4703230
22571,0.07647928621543694,0.016995226939621064,0.010662045064218749,4,0.25,95,4704180
22581,0.07647286106469274,0.016993901143800734,0.01066110832552805,4,0.25,95,4705130
22591,0.07646613175882687,0.016992371779940927,0.01066007756669087,4,0.25,95,4706080
22601,0.07646032157083088,0.01699094476069806,0.010659122943702928,4,0.25,95,4707030
22611,0.0764509975671729,0.016989110570482868,0.010658085915812642,4,0.25,95,4707980
22621,0.07644534375063256,0.01698761650139511,0.010657060461812973,4,0.25,95,4708930
22631,0.07643755278818389,0.01698588525190334,0.010656036408039724,4,0.25,95,4709880
22641,0.07642991699205248,0.016984052763551527,0.010654959413581702,4,0.25,95,4710830
22651,0.07642060454000073,0.016982288727463605,0.01065395894216527,4,0.25,95,4711780
22661,0.07641175335697173,0.016980355728531266,0.010652919195457154,4,0.25,95,4712730
22671,0.07640687131339535,0.016979067443548997,0.010651921962179081,4,0.25,95,4713680
22681,0.07639833007631772,0.016977169473543066,0.010650847281304141,4,0.25,95,4714630
22691,0.0763900967015745,0.016975475416214053,0.010649869647974534,4,0.25,95,4715580
22701,0.07638430450304845,0.016974154417239564,0.010648916187818989,4,0.25,95,4716530
22711,0.07637759945693394,0.016972562869823533,0.010647870258447616,4,0.25,96,4717482
22721,0.07637013463264376,0.01697090409218209,0.010646839128917635,4,0.25,96,4718442
22731,0.07636251980889974,0.01696931349449839,0.010645809732353927,4,0.25,96,4719402
22741,0.07635536403223757,0.01696779101721509,0.010644819594489456,4,0.25,96,4720362
22751,0.07634744943789101,0.016965930789770715,0.01064376299793042,4,0.25,96,4721322
22761,0.07634273233858278,0.016964882578043176,0.010642846585459767,4,0.25,96,4722282
22771,0.07633679921356015,0.01696366555321847,0.010641865686613426,4,0.25,96,4723242
22781,0.07633071545001519,0.016962178447963647,0.01064084735565289,4,0.25,96,4724202
22791,0.07632554543917627,0.01696113095870105,0.010639940197748646,4,0.25,96,4725162
22801,0.07631855245577435,0.01695957699133573,0.010638939990335083,4,0.25,96,4726122
22811,0.07631034584922931,0.016957719569305165,0.010637941588414208,4,0.25,96,4727082
22821,0.07630366101815048,0.016956099064539723,0.010636930022431887,4,0.25,96,4728042
22831,0.07629712987841912,0.016954816507230082,0.010635940892969558,4,0.25,96,4729002
22841,0.07629044865527275,0.01695333181860935,0.010634936950564684,4,0.25,96,4729962
22851,0.07628376925558189,0.01695164516428794,0.010633907006569604,4,0.25,96,4730922
22861,0.07627678819557226,0.016950262497997318,0.010632866600537123,4,0.25,96,4731882
22871,0.0762690506521762,0.016948610504212445,0.01063179324803782,4,0.25,96,4732842
22881,0.07626161884605703,0.016946992711121867,0.01063078047183718,4,0.25,96,4733802
22891,0.07625449249962746,0.01694537539930846,0.010629768160378267,4,0.25,96,4734762
22901,0.07624691355839235,0.016943590176313125,0.01062870641647224,4,0.25,96,4735722
22911,0.07623751893152403,0.01694153621121444,0.01062765162084544,4,0.25,96,4736682
22921,0.07622964234871313,0.01693968494071193,0.010626584830808127,4,0.25,96,4737642
22931,0.07622252531179192,0.016938137089548444,0.010625625342856937,4,0.25,96,4738602
22941,0.07621510762717912,0.016936421508955,0.010624633645284418,4,0.25,96,4739562
22951,0.0762076921923142,0.01693494183536861,0.010623636616735259,4,0.25,96,4740522
22961,0.07620043027309711,0.016933227263301934,0.010622672242106572,4,0.25,96,4741482
22971,0.0761918095450976,0.01693134521909256,0.010621650631978804,4,0.25,96,4742442
22981,0.07618485468265669,0.01692986692742408,0.010620627021420177,4,0.25,96,4743402
22991,0.07617684392464742,0.0169279524658422,0.010619590327201632,4,0.25,96,4744362
23001,0.0761698933192859,0.016926374382254385,0.010618593279695443,4,0.25,96,4745322
23011,0.07616158540724587,0.016924696073253746,0.010617589795006729,4,0.25,96,4746282
23021,0.07615463914045419,0.01692298473236339,0.010616561267245287,4,0.25,96,4747242
23031,0.07614588361822637,0.016921173312170124,0.0106155518357191,4,0.25,96,4748202
23041,0.0761374329872922,0.01691919485865977,0.010614477298029572,4,0.25,96,4749162
23051,0.07612913610545909,0.016917317671345456,0.010613469350517121,4,0.25,96,4750122
23061,0.07612250062883383,0.01691601072791593,0.010612485878571245,4,0.25,96,4751082
23071,0.0761164699415503,0.01691463710105133,0.010611477119126024,4,0.25,96,4752042
23081,0.07610998861348141,0.016913230331555233,0.01061044434705245,4,0.25,96,4753002
23091,0.07610170104962476,0.016911388684797236,0.010609433701875485,4,0.25,96,4753962
23101,0.07609597673933169,0.016910183581713756,0.010608386869445268,4,0.25,96,4754922
23111,0.07608995259933575,0.016908811429190637,0.010607431019366703,4,0.25,96,4755882
23121,0.07608347830657207,0.016907238900755437,0.01060645905237576,4,0.25,96,4756842
23131,0.07607670472244286,0.016905666828110278,0.010605421384025246,4,0.25,96,4757802
23141,0.07606887981034384,0.016904128644952564,0.010604372506344927,4,0.25,96,4758762
23151,0.0760621102763852,0.01690262432262083,0.010603369183753509,4,0.25,96,4759722
23161,0.07605564336486131,0.0169010535869706,0.01060237996385445,4,0.25,96,4760682
23171,0.07604902783389464,0.01689961692944578,0.010601391330571069,4,0.25,96,4761642
23181,0.07604000954537643,0.016897579533302984,0.010600300191482774,4,0.25,96,4762602
23191,0.07603249685093061,0.016896010258408287,0.010599283757796021,4,0.25,96,4763562
23201,0.07602708914336635,0.016894908698525855,0.01059832647089038,4,0.25,96,4764522
23211,0.07602078166625675,0.0168933735642714,0.010597348223620958,4,0.25,96,4765482
23221,0.07601417558234091,0.016891838864745417,0.010596352013447415,4,0.25,96,4766442
23231,0.07600426981082094,0.016889671008342436,0.010595335050040216,4,0.25,96,4767402
23241,0.07599706814021495,0.01688810402155757,0.010594311834159197,4,0.25,96,4768362
23251,0.07599076842302656,0.016886637465845674,0.01059329332948473,4,0.25,96,4769322
23261,0.07598117198335079,0.016884704885189065,0.010592264176674462,4,0.25,96,4770282
23271,0.0759729280604554,0.016882673087128246,0.010591230515112324,4,0.25,96,4771242
23281,0.0759672338875863,0.016881307880564137,0.010590213852442094,4,0.25,96,4772202
23291,0.07595944401693856,0.016879809879167314,0.010589196142577735,4,0.25,96,4773162
23301,0.07595330375883617,0.016878312292056132,0.010588288780348528,4,0.25,96,4774122
23311,0.07594671593443136,0.01687694818432086,0.010587300691331045,4,0.25,96,4775082
23321,0.07593908227532595,0.016875118823300554,0.010586278379121189,4,0.25,96,4776042
23331,0.0759324982948646,0.01687365577944,0.010585321488056883,4,0.25,96,4777002
23341,0.07592382212963482,0.016871827530514243,0.010584275109361645,4,0.25,96,4777962
23351,0.07591619564053266,0.01687023247231121,0.0105832887062989,4,0.25,96,4778922
23361,0.07590752527986294,0.016868139671592338,0.010582245163073989,4,0.25,96,4779882
23371,0.07590094982353109,0.016866711716650037,0.010581239876234837,4,0.25,96,4780842
23381,0.0758924342580473,0.01686475304270176,0.010580239328676399,4,0.25,96,4781802
23391,0.07588466826913316,0.016863060522863047,0.010579210937326083,4,0.25,96,4782762
23401,0.0758778004203791,0.016861633907666068,0.010578225731702688,4,0.25,96,4783722
23411,0.07587212844125238,0.016860406656143245,0.010577235714274616,4,0.25,96,4784682
23421,0.0758645181249924,0.016858682340761835,0.010576260853845505,4,0.25,96,4785642
23431,0.07585720849339578,0.016857024863487502,0.010575257940853086,4,0.25,96,4786602
23441,0.07585005016617363,0.016855401028483312,0.010574262514072303,4,0.25,96,4787562
23451,0.07584423557549408,0.01685417519040819,0.010573322120966525,4,0.25,96,4788522
23461,0.07583603787262554,0.01685225416552129,0.010572316098283607,4,0.25,96,4789482
23471,0.07582933271515849,0.0168507310792769,0.010571321037622804,4,0.25,96,4790442
23481,0.07582203364497303,0.01684907603733363,0.010570287573172571,4,0.25,96,4791402
23491,0.07581429008772658,0.016847454587737863,0.01056928919821589,4,0.25,96,4792362
23501,0.07580699552963299,0.016845800548617205,0.010568312316369167,4,0.25,96,4793322
23511,0.07579955435776033,0.016844246213299566,0.010567306503857673,4,0.25,96,4794282
23521,0.07579375182401221,0.01684302290206702,0.010566312748210025,4,0.25,96,4795242
23531,0.0757870583129713,0.016841502414745944,0.010565321847916026,4,0.25,96,4796202
23541,0.07578125876028682,0.016840147558352857,0.01056432110667532,4,0.25,96,4797162
23551,0.07577382545966088,0.016838462723243373,0.010563311419665159,4,0.25,96,4798122
23561,0.07576550286060324,0.016836679352775722,0.010562257908653404,4,0.25,96,4799082
23571,0.07575703456921452,0.01683483055327955,0.01056126113995182,4,0.25,96,4800042
23581,0.07575020266033064,0.016833345369311227,0.010560309948351998,4,0.25,96,4801002
23591,0.07574366958771613,0.01683172863338904,0.010559275094339744,4,0.25,96,4801962
23601,0.07573654460211457,0.016830178341389994,0.01055824435033717,4,0.25,96,4802922
23611,0.07572912496323785,0.016828529583102495,0.010557221403959321,4,0.25,96,4803882
23621,0.07572230089621731,0.01682701317006541,0.01055626411778782,4,0.25,96,4804842
23631,0.07571547874564721,0.01682543128005536,0.010555258227885842,4,0.25,96,4805802
23641,0.07570880675623973,0.0168240475064894,0.01055428796557897,4,0.25,96,4806762
23651,0.07570421156283404,0.01682296050466154,0.010553333608402648,4,0.25,96,4807722
23661,0.07569902448600173,0.01682180786312504,0.010552385140738465,4,0.25,96,4808682
23671,0.07569354220921487,0.016820589623993833,0.010551435257650961,4,0.25,96,4809642
23681,0.07568865365501172,0.01681953623351779,0.010550466015536667,4,0.25,96,4810602
23691,0.0756809524754925,0.016817693294883675,0.010549490825890878,4,0.25,96,4811562
23701,0.07567280965451983,0.016815850985556702,0.010548482288006287,4,0.25,96,4812522
23711,0.07566481754119257,0.016814206598001123,0.01054749647378497,4,0.25,96,4813482
23721,0.07565771564884012,0.016812694204058586,0.010546506034848394,4,0.25,96,4814442
23731,0.07565120740582541,0.016811280827895653,0.01054555014252398,4,0.25,96,4815402
23741,0.07564203966108127,0.01680914503194449,0.010544497630578287,4,0.25,96,4816362
23751,0.07563568341991062,0.016807732585532427,0.010543475519124072,4,0.25,96,4817322
23761,0.07562593056686623,0.01680553253406091,0.010542440600705302,4,0.25,96,4818282
23771,0.0756175108022266,0.016803727192394147,0.010541442557179375,4,0.25,96,4819242
23781,0.07561042274003113,0.016802184924813557,0.010540461036195698,4,0.25,96,4820202
23791,0.07560215595109804,0.01680038070375767,0.010539441555191978,4,0.25,96,4821162
23801,0.07559654794859086,0.016799101712881116,0.010538509759228902,4,0.25,96,4822122
23811,0.07558872842592057,0.016797298523510338,0.01053743240492501,4,0.25,96,4823082
23821,0.07558032156376959,0.016795430400098354,0.010536422289769068,4,0.25,96,4824042
23831,0.07557339178165123,0.016794021542496942,0.010535435082471121,4,0.25,96,4825002
23841,0.07556675873944489,0.01679248204966946,0.010534461537874611,4,0.25,96,4825962
23851,0.07555968549425576,0.016790910255623997,0.010533468446819566,4,0.25,96,4826922
23861,0.07555114140915045,0.01678894615781155,0.010532429821117312,4,0.25,96,4827882
23871,0.07554421996252618,0.01678750627448116,0.010531462624808035,4,0.25,96,4828842
23881,0.07553847813474722,0.01678626304860197,0.010530503973015448,4,0.25,96,4829802
23891,0.0755322961489873,0.01678479117852054,0.0105294503533755,4,0.25,96,4830762
23901,0.07552493869793415,0.016783058158458482,0.010528464484854203,4,0.25,96,4831722
23911,0.07551684808141303,0.016781456428462238,0.010527489632539385,4,0.25,96,4832682
23921,0.0755102304951592,0.01677995319711342,0.01052649593878058,4,0.25,96,4833642
23931,0.07550317372849458,0.016778319725966072,0.010525501446107866,4,0.25,96,4834602
23941,0.07549626596930627,0.016776784714941057,0.010524482963330674,4,0.25,96,4835562
23951,0.07548803801907544,0.01677495633701779,0.010523489198743045,4,0.25,96,4836522
23961,0.07548304384136663,0.016773716005674354,0.010522542059878827,4,0.25,96,4837482
23971,0.07547555450550708,0.01677214967987601,0.010521594854737908,4,0.25,96,4838442
23981,0.07546748036606218,0.016770453341307983,0.01052059803901914,4,0.25,96,4839402
23991,0.07545896873499063,0.01676856190213303,0.010519613981660602,4,0.25,96,4840362
24001,0.07545134016097212,0.016766834099367307,0.010518598820441618,4,0.25,96,4841322
24011,0.07544224769455836,0.016764781017767592,0.01051759290507116,4,0.25,96,4842282
24021,0.07543462438794722,0.016763152145567412,0.010516612033623092,4,0.25,96,4843242
24031,0.07542729654937595,0.016761556329329647,0.010515621636760846,4,0.25,96,4844202
24041,0.07542011741987907,0.016759830775369078,0.010514580833785042,4,0.25,96,4845162
24051,0.0754122081926285,0.016758235944408544,0.010513625682728097,4,0.25,96,4846122
24061,0.0754069368105691,0.01675686932288565,0.010512672820743111,4,0.25,96,4847082
24071,0.07539903189058998,0.016755340420131107,0.010511683609019428,4,0.25,96,4848042
24081,0.07539376337873083,0.016754137121679804,0.010510748568086087,4,0.25,96,4849002
24091,0.07538922752402624,0.016753064136774524,0.010509825124205558,4,0.25,96,4849962
24101,0.07538235220517236,0.016751568818169867,0.01050885817365749,4,0.25,96,4850922
24111,0.07537694109482457,0.01675026887923425,0.010507886101705081,4,0.25,96,4851882
24121,0.07536948452150916,0.016748546944379737,0.010506823063842636,4,0.25,96,4852842
24131,0.07536319939297005,0.016747215260020886,0.010505852761662248,4,0.25,96,4853802
24141,0.07535589315787,0.016745624167652795,0.010504874125908727,4,0.25,96,4854762
24151,0.07534785884879194,0.016743773897829047,0.01050384065476009,4,0.25,96,4855722
24161,0.07533982720920582,0.016742054043123393,0.010502901695541281,4,0.25,96,4856682
24171,0.0753326739958245,0.016740334738949387,0.010501945661859571,4,0.25,96,4857642
24181,0.07532610658272308,0.016739005088674132,0.010500982032202967,4,0.25,96,4858602
24191,0.07531779042083955,0.016737092267077005,0.010499943047766358,4,0.25,96,4859562
24201,0.07530976876647884,0.016735406955173632,0.01049896266166447,4,0.25,96,4860522
24211,0.07530277022570861,0.016733592595322564,0.010497979861151044,4,0.25,96,4861482
24221,0.07529708540381244,0.016732426544853,0.010497015063499865,4,0.25,96,4862442
24231,0.0752874679827127,0.01673038656582674,0.01049600379405613,4,0.25,96,4863402
24241,0.07528178676061503,0.01672902701041897,0.010495048999699755,4,0.25,96,4864362
24251,0.07527319463065799,0.016727214805453753,0.010493987985682775,4,0.25,96,4865322
24261,0.07526649780211189,0.016725791359317652,0.010493018756332753,4,0.25,96,4866282
24271,0.07526038492811743,0.01672427127702462,0.010492083515489761,4,0.25,96,4867242
24281,0.07525165493481496,0.016722396024240256,0.010491118133179477,4,0.25,96,4868202
24291,0.07524278267666816,0.01672048911181265,0.010490133222526515,4,0.25,96,4869162
24301,0.07523580351947824,0.016718873614822338,0.010489098626894665,4,0.25,96,4870122
24311,0.07522955307101417,0.016717516973271916,0.010488123214401852,4,0.25,96,4871082
24321,0.0752225777377132,0.016715934658398,0.010487180401153345,4,0.25,96,4872042
24331,0.07521458764616618,0.0167141591466321,0.01048621969205222,4,0.25,96,4873002
24341,0.07520805226584606,0.016712771428624033,0.010485281486630058,4,0.25,96,4873962
24351,0.07520122831360725,0.016711255031294718,0.010484358016057726,4,0.25,96,4874922
24361,0.07519426116250719,0.01670973906274782,0.010483367718112195,4,0.25,96,4875882
24371,0.07518860183348569,0.016708513699393725,0.010482379470468836,4,0.25,96,4876842
24381,0.07518149327604189,0.01670690180584232,0.010481435107375687,4,0.25,96,4877802
24391,0.07517438681303047,0.016705258173658998,0.010480417093233553,4,0.25,96,4878762
24401,0.07516844219754894,0.016703904972604277,0.010479425883937809,4,0.25,96,4879722
24411,0.07516162944061298,0.01670258432013622,0.010478494522117148,4,0.25,96,4880682
24421,0.07515525328448253,0.01670107080176866,0.010477505176932217,4,0.25,96,4881642
24431,0.07514786484915333,0.016699364581023512,0.01047648438226429,4,0.25,96,4882602
24441,0.07513874108348235,0.016697433665926936,0.010475426193467884,4,0.25,96,4883562
24451,0.07513266049090582,0.0166958894348192,0.010474447858286384,4,0.25,96,4884522
24461,0.07512426600309631,0.016694088394367305,0.010473415236972287,4,0.25,96,4885482
24471,0.07511761038422642,0.016692545127311036,0.010472454951957137,4,0.25,96,4886442
24481,0.07511081197596042,0.016691162994794367,0.010471457988891413,4,0.25,96,4887402
24491,0.07510459383529061,0.01668974908884655,0.010470464238498763,4,0.25,96,4888362
24501,0.07509765454992946,0.016688046470446402,0.010469450712874029,4,0.25,96,4889322
24511,0.0750901392455629,0.016686537054150765,0.010468461967498286,4,0.25,96,4890282
24521,0.07508175955565909,0.016684610757974373,0.010467436371381098,4,0.25,96,4891242
24531,0.07507468243346399,0.016683102310009815,0.010466429967220275,4,0.25,96,4892202
24541,0.07506804049635243,0.01668153012529205,0.01046543700049006,4,0.25,96,4893162
24551,0.07506111173179196,0.016680182905894778,0.010464460960714843,4,0.25,96,4894122
24561,0.07505533928380848,0.016678836025580176,0.01046352919689236,4,0.25,96,4895082
24571,0.07504899118892609,0.016677297148811377,0.01046253734096911,4,0.25,96,4896042
24581,0.07504077000831395,0.01667563053163407,0.010461499331018195,4,0.25,96,4897002
24591,0.07503471409220806,0.016673996468943023,0.010460546539499875,4,0.25,96,4897962
24601,0.07502779491020505,0.01667265114495172,0.01045957071443575,4,0.25,96,4898922
24611,0.07501857242707988,0.01667072984031475,0.01045855582292635,4,0.25,96,4899882
24621,0.07501165788315069,0.01666916128669141,0.010457567118498727,4,0.25,96,4900842
24631,0.07500560928650632,0.016667785179770578,0.01045660279112056,4,0.25,96,4901802
24641,0.07499812265367597,0.016665929596358122,0.010455628554251861,4,0.25,96,4902762
24651,0.07499178962947467,0.01666474619845958,0.010454724310457025,4,0.25,96,4903722
24661,0.07498430729494507,0.016663051517140114,0.01045372681061514,4,0.25,96,4904682
24671,0.07497754641740698,0.016661517174873394,0.010452787187365186,4,0.25,96,4905642
24681,0.0749690620474541,0.016659567916858888,0.010451824130705346,4,0.25,96,4906602
24691,0.07496144304577688,0.016657938754802724,0.0104508481465316,4,0.25,96,4907562
24701,0.0749539701439917,0.01665624623011301,0.010449863747176415,4,0.25,96,4908522
24711,0.0749477923827472,0.016654905364758697,0.010448955284649128,4,0.25,96,4909482
24721,0.07494018011604123,0.01665321380045916,0.010448001140310888,4,0.25,96,4910442
24731,0.07493429303436698,0.016651905599153284,0.010447009077185586,4,0.25,96,4911402
24741,0.07492797679393223,0.016650342559147418,0.010446020669416786,4,0.25,96,4912362
24751,0.07491893597442877,0.016648524904207367,0.01044502214612189,4,0.25,96,4913322
24761,0.0749124803275722,0.01664696285300737,0.010444005322115294,4,0.25,96,4914282
24771,0.07490459244669054,0.0166453693940209,0.010443023787815489,4,0.25,96,4915242
24781,0.07489857071698408,0.01664387197598227,0.010442040393004635,4,0.25,96,4916202
24791,0.07489154727240924,0.016642438671249166,0.010441106289467636,4,0.25,96,4917162
24801,0.07488581536992087,0.016641196784967973,0.010440152912216828,4,0.25,96,4918122
24811,0.07487936861381313,0.016639668706006156,0.010439228823419518,4,0.25,96,4919082
24821,0.07487120520553667,0.0166378546801698,0.01043822308080166,4,0.25,96,4920042
24831,0.07486447606046934,0.016636359368078637,0.010437265116123688,4,0.25,96,4921002
24841,0.07485588840122448,0.016634419268364647,0.010436285357565031,4,0.25,96,4921962
24851,0.07484730381172203,0.01663270239138386,0.010435306015988015,4,0.25,96,4922922
24861,0.07484229755140308,0.016631335643558003,0.010434352705696653,4,0.25,96,4923882
24871,0.07483343188025708,0.016629460907953995,0.010433337115644124,4,0.25,96,4924842
24881,0.07482556991131967,0.016627777384929706,0.010432317863894962,4,0.25,96,4925802
24891,0.07481699615348437,0.016625713411977647,0.010431326847251598,4,0.25,96,4926762
24901,0.0748089967416015,0.016624094546010115,0.010430361681348735,4,0.25,96,4927722
24911,0.07480071444622645,0.016622285806527592,0.010429384339297295,4,0.25,96,4928682
24921,0.07479357682991251,0.016620731415425492,0.010428432062601458,4,0.25,96,4929642
24931,0.07478801096267136,0.016619240894481677,0.010427505198283844,4,0.25,96,4930602
24941,0.07478030650814793,0.016617687390635523,0.010426564266217957,4,0.25,96,4931562
24951,0.07477388801881296,0.016616229411104206,0.010425632960955411,4,0.25,96,4932522
24961,0.07476590296297743,0.016614550059362843,0.010424658059589658,4,0.25,96,4933482
24971,0.07475849064766367,0.016612902907548743,0.01042369273099374,4,0.25,96,4934442
24981,0.07475364537206139,0.016611604550505275,0.010422769705050888,4,0.25,96,4935402
24991,0.07474637929360856,0.01661021154350699,0.010421784754243714,4,0.25,96,4936362
25001,0.07473996987572516,0.01660875560724265,0.010420849450584847,4,0.25,96,4937322
25011,0.07473185373841548,0.016606952064015242,0.010419814143407207,4,0.25,96,4938282
25021,0.07472473658103451,0.01660524400708884,0.010418879715125659,4,0.25,96,4939242
25031,0.07471904437601622,0.016604105606632356,0.010417933017768997,4,0.25,96,4940202
25041,0.07471335352231269,0.0166028093912416,0.010416947899246102,4,0.25,96,4941162
25051,0.07470652628084495,0.01660129227148495,0.01041599246335664,4,0.25,96,4942122
25061,0.07469842145669005,0.016599586028147102,0.010415044966197561,4,0.25,96,4943082
25071,0.07469046149080502,0.016597785586370945,0.010414087584700473,4,0.25,96,4944042
25081,0.07468463533479089,0.016596459334480815,0.010413156958812102,4,0.25,96,4945002
25091,0.07467781626882898,0.01659494402242818,0.010412237581834415,4,0.25,96,4945962
25101,0.07467014713881087,0.01659323981172377,0.010411268826413064,4,0.25,96,4946922
25111,0.07466319023743986,0.016591693870291507,0.010410306534572353,4,0.25,96,4947882
25121,0.07465708686560746,0.016590211450252076,0.010409321024537198,4,0.25,96,4948842
25131,0.07465013375586838,0.016588792498706578,0.010408392747698322,4,0.25,96,4949802
25141,0.07464275715266229,0.01658721632945008,0.010407448548677086,4,0.25,96,4950762
25151,0.0746360917926681,0.01658573515588399,0.010406504446279479,4,0.25,96,4951722
25161,0.07462843600921414,0.016583939392040205,0.01040553020897646,4,0.25,96,4952682
25171,0.07462205805908827,0.016582616585348788,0.010404587990987993,4,0.25,96,4953642
25181,0.07461596516051716,0.016581231140540786,0.010403648202992232,4,0.25,96,4954602
25191,0.07460902397996214,0.016579531314911466,0.010402667572333778,4,0.25,96,4955562
25201,0.07460010256156288,0.01657761179468308,0.010401696716409599,4,0.25,96,4956522
25211,0.0745930244369579,0.0165760703865824,0.010400745843201397,4,0.25,96,4957482
25221,0.07458467494165585,0.016574277881971054,0.0103997535407819,4,0.25,96,4958442
25231,0.07457873300776109,0.016572988910073316,0.01039882924088668,4,0.25,96,4959402
25241,0.07457293397144617,0.016571543118340387,0.010397865555348943,4,0.25,96,4960362
25251,0.07456600525908431,0.01657009771966518,0.010396915309471098,4,0.25,96,4961322
25261,0.07455907855287598,0.016568527079751268,0.01039594341752348,4,0.25,96,4962282
25271,0.07455243645346432,0.01656701970191635,0.010394954531396858,4,0.25,96,4963242
25281,0.0745455136748505,0.016565512751449497,0.010393973894959729,4,0.25,96,4964202
25291,0.07453958145908417,0.016564163137733148,0.010392996357810508,4,0.25,96,4965162
25301,0.0745312505931258,0.016562217786257983,0.01039199024692202,4,0.25,96,4966122
25311,0.07452489849332483,0.016560837646174463,0.010391040365041668,4,0.25,96,4967082
25321,0.07451798368112424,0.016559238386810914,0.010390107762523257,4,0.25,96,4968042
25331,0.07451064769981283,0.01655770229683635,0.010389146729266092,4,0.25,96,4969002
25341,0.0745058523135497,0.016556668037503816,0.010388278252393175,4,0.25,96,4969962
25351,0.07449894300753727,0.016555070032713583,0.010387320796697014,4,0.25,96,4970922
25361,0.07449288138397295,0.016553879674970726,0.01038642001257049,4,0.25,96,4971882
25371,0.07448639855802312,0.016552439072467836,0.01038547776011626,4,0.25,96,4972842
25381,0.07447991749022984,0.01655103016545418,0.010384485183189365,4,0.25,96,4973802
25391,0.07447217069410146,0.016549277380847247,0.01038350850183965,4,0.25,96,4974762
25401,0.07446724222217121,0.016548182184227073,0.010382607865756,4,0.25,96,4975722
25411,0.07445879577779176,0.016546305229767563,0.010381638553759766,4,0.25,96,4976682
25421,0.07445274432918604,0.016544991756392607,0.01038070377177701,4,0.25,96,4977642
25431,0.07444528767565947,0.016543272223070758,0.010379685832741634,4,0.25,96,4978602
25441,0.07443853648829928,0.016541771994552635,0.010378771919539056,4,0.25,96,4979562
25451,0.07443178720886735,0.016540240948580535,0.010377842343133542,4,0.25,96,4980522
25461,0.0744253209389123,0.016538835274958277,0.010376936297762002,4,0.25,96,4981482
25471,0.0744182943701648,0.016537242628223935,0.010375952289675002,4,0.25,96,4982442
25481,0.07441098893163132,0.01653558803116599,0.010374986820561864,4,0.25,96,4983402
25491,0.07440480915231087,0.01653421479534797,0.010374043369655975,4,0.25,96,4984362
25501,0.07439778861717813,0.01653268592827077,0.01037308609539031,4,0.25,96,4985322
25511,0.07439245439113908,0.016531438200126352,0.010372142470724377,4,0.25,96,4986282
25521,0.07438459559880538,0.016529816592243222,0.01037116047964152,4,0.25,96,4987242
25531,0.07437673939353147,0.016527883784514606,0.010370206282408962,4,0.25,96,4988202
25541,0.07437098916855314,0.01652673067030995,0.010369285048581936,4,0.25,96,4989162
25551,0.07436313744105097,0.01652495474172623,0.01036832882576749,4,0.25,96,4990122
25561,0.07435725034069643,0.016523739975358383,0.01036740776522849,4,0.25,96,4991082
25571,0.07435024378158966,0.01652215185461209,0.010366482594787138,4,0.25,96,4992042
25581,0.07434421978630733,0.016520813220441917,0.010365555572879964,4,0.25,96,4993002
25591,0.07433693698659535,0.016519257094071045,0.010364612368203551,4,0.25,96,4993962
25601,0.07433035636894358,0.016517732533380857,0.010363684447018637,4,0.25,96,4994922
25611,0.07432391752228872,0.016516332812864663,0.010362721289477508,4,0.25,96,4995882
25621,0.07431859978609878,0.016515088927166535,0.010361804400563649,4,0.25,96,4996842
25631,0.07431034565045848,0.016513161481243818,0.010360834988052054,4,0.25,96,4997802
25641,0.07430377236638881,0.016511825115919282,0.010359913991463552,4,0.25,96,4998762
25651,0.07429901835428222,0.016510768693570245,0.010358986877839354,4,0.25,96,4999722
25661,0.07429174934563883,0.016509184454973652,0.010358047788732165,4,0.25,96,5000682
25671,0.07428504145851364,0.016507662789583943,0.010357071752335897,4,0.25,96,5001642
25681,0.07427819577053388,0.0165059863584456,0.010356140711118903,4,0.25,96,5002602
25691,0.07427163134559825,0.016504403549513717,0.010355215829920859,4,0.25,96,5003562
25701,0.0742654875649898,0.016503255533210925,0.01035434388298595,4,0.25,96,5004522
25711,0.07426004326531896,0.01650213878323569,0.010353455664443843,4,0.25,96,5005482
25721,0.07425487931025998,0.016500805196069016,0.010352536339739945,4,0.25,96,5006442
25731,0.07424887936306467,0.01649965795966332,0.010351631319405922,4,0.25,96,5007402
25741,0.0742431598902382,0.01649826300713567,0.010350762977759914,4,0.25,97,5008370
25751,0.07423688400049497,0.01649699237036334,0.010349797256236942,4,0.25,97,5009340
25761,0.07422823992695164,0.016494823695254197,0.010348820167255846,4,0.25,97,5010310
25771,0.07421959898977433,0.0164930893948021,0.010347841223016591,4,0.25,97,5011280
25781,0.07421346861343672,0.016491665215955176,0.010346890329645178,4,0.25,97,5012250
25791,0.07420775763756327,0.016490581858351203,0.01034595948198188,4,0.25,97,5013220
25801,0.07420260500574337,0.016489374949701482,0.010345064674573969,4,0.25,97,5014190
25811,0.07419647900298092,0.016487889901547582,0.010344112098500923,4,0.25,97,5015160
25821,0.07419035457628688,0.016486652679803433,0.010343192624787579,4,0.25,97,5016130
25831,0.07418464914208389,0.016485322989106134,0.010342298592744164,4,0.25,97,5017100
25841,0.07417908418253345,0.0164840554557376,0.010341380055796786,4,0.25,97,5018070
25851,0.07417268608730233,0.016482695513884062,0.0103404074785847,4,0.25,97,5019040
25861,0.07416545552867637,0.016481088760633613,0.010339455974614399,4,0.25,97,5020010
25871,0.0741600340512007,0.01647979135472098,0.010338537043235483,4,0.25,97,5020980
25881,0.07415405795627712,0.016478556025950015,0.010337663543605415,4,0.25,97,5021950
25891,0.07414808336209389,0.016477197497602004,0.010336731495655286,4,0.25,97,5022920
25901,0.07414322142778022,0.016475962774708218,0.010335799132274667,4,0.25,97,5023890
25911,0.0741362775306834,0.016474574056100408,0.010334901531533738,4,0.25,97,5024860
25921,0.07412961329608656,0.016473093158301297,0.010333954108562077,4,0.25,97,5025830
25931,0.07412489392611954,0.016472013598518163,0.010333048297457032,4,0.25,97,5026800
25941,0.07411864914084906,0.01647065675045221,0.010332157090789851,4,0.25,97,5027770
25951,0.07411129627406286,0.016469084476008908,0.010331215060350158,4,0.25,97,5028740
25961,0.07410602580648756,0.01646791328148781,0.010330314966030452,4,0.25,97,5029710
25971,0.07410061785695585,0.01646658829545428,0.010329349009121696,4,0.25,97,5030680
25981,0.07409437944339439,0.016465263641638764,0.010328484721288502,4,0.25,97,5031650
25991,0.07408661836989897,0.016463415842406837,0.01032754217000734,4,0.25,97,5032620
26001,0.07408066069363436,0.016462338257953308,0.010326646455599497,4,0.25,97,5033590
26011,0.07407484300928402,0.01646101466938084,0.010325687793320344,4,0.25,97,5034560
26021,0.07406916521454383,0.016459691412437756,0.010324768725716284,4,0.25,97,5035530
26031,0.07406390407920915,0.016458553061338803,0.010323854155168772,4,0.25,97,5036500
26041,0.07405822889718917,0.016457291931818233,0.010322918402399104,4,0.25,97,5037470
26051,0.0740524167012459,0.016455969607315886,0.010322003051327883,4,0.25,97,5038440
26061,0.07404439267223059,0.016454155793880196,0.01032099014584087,4,0.25,97,5039410
26071,0.07403706273892348,0.01645261915154378,0.010320063739148004,4,0.25,97,5040380
26081,0.07403111747340096,0.016451328717581388,0.010319149636739099,4,0.25,97,5041350
26091,0.07402448265520767,0.016449792897912128,0.010318195054719955,4,0.25,97,5042320
26101,0.07401895505555987,0.016448564563876947,0.010317263696144557,4,0.25,97,5043290
26111,0.07401301432054366,0.016447121636620307,0.010316352967444778,4,0.25,97,5044260
26121,0.07400500358971931,0.016445310860754056,0.010315417363565607,4,0.25,97,5045230
26131,0.07399851411724956,0.016443930178136265,0.010314554043048853,4,0.25,97,5046200
26141,0.07399257849369152,0.016442641866935486,0.010313677300256084,4,0.25,97,5047170
26151,0.07398540251227263,0.01644110857322719,0.010312714393046317,4,0.25,97,5048140
26161,0.07397836663702542,0.01643951442041448,0.010311764851133701,4,0.25,97,5049110
26171,0.07397243604861378,0.016438165898105962,0.010310842851389217,4,0.25,97,5050080
26181,0.07396526615338457,0.01643645009552285,0.010309841877471998,4,0.25,97,5051050
26191,0.07395837406562286,0.01643519423680508,0.010308943809401136,4,0.25,97,5052020
26201,0.07395231068384381,0.0164337549617484,0.010307998393448248,4,0.25,97,5052990
26211,0.07394638660287968,0.016432316079464486,0.010307104993514431,4,0.25,97,5053960
26221,0.0739406017189117,0.0164310306019358,0.01030617978028679,4,0.25,97,5054930
26231,0.07393206470566627,0.016429102973184437,0.010305168744178656,4,0.25,97,5055900
26241,0.07392545751455101,0.016427818278857465,0.010304262850568338,4,0.25,97,5056870
26251,0.07391816421185499,0.016426228138650134,0.010303302868904664,4,0.25,97,5057840
26261,0.07391348667000451,0.016425005280266303,0.010302392733378568,4,0.25,97,5058810
26271,0.07390743474979043,0.01642372158428972,0.010301487351873934,4,0.25,97,5059780
26281,0.07390069692869249,0.016422224334126347,0.010300521906223156,4,0.25,97,5060750
26291,0.07389409847010049,0.01642078859587465,0.010299589588180625,4,0.25,97,5061720
26301,0.07388846374061525,0.016419566999091948,0.010298653504954375,4,0.25,97,5062690
26311,0.07388283035010873,0.016418193041224247,0.010297761382013793,4,0.25,97,5063660
26321,0.07387390210791989,0.0164163921725804,0.010296816066341974,4,0.25,97,5064630
26331,0.07386854677645295,0.01641508006288905,0.010295863846871272,4,0.25,97,5065600
26341,0.07386223178664277,0.016413554764879636,0.010294951326273494,4,0.25,97,5066570
26351,0.07385578125203644,0.016412304350087885,0.010294030757016803,4,0.25,97,5067540
26361,0.07384892090829087,0.016410596946074024,0.010293074218304884,4,0.25,97,5068510
26371,0.07384219969801709,0.016409347233402614,0.010292088663232462,4,0.25,97,5069480
26381,0.07383657729303128,0.01640797593892503,0.010291156884955376,4,0.25,97,5070450
26391,0.0738290371374795,0.01640642223687896,0.01029019137144993,4,0.25,97,5071420
26401,0.07382465124208429,0.016405234421136842,0.010289295323014895,4,0.25,97,5072390
26411,0.07381670387607991,0.016403559751813335,0.010288348948816518,4,0.25,97,5073360
26421,0.07381081358433497,0.01640212909288016,0.010287394023134425,4,0.25,97,5074330
26431,0.07380259702024343,0.016400333709720723,0.01028641860069417,4,0.25,97,5075300
26441,0.07379588894054584,0.016398995178560277,0.0102854897535474,4,0.25,97,5076270
26451,0.0737883617264748,0.016397383308930272,0.010284546238697507,4,0.25,97,5077240
26461,0.07378234167786071,0.016395954328137292,0.010283624100393558,4,0.25,97,5078210
26471,0.07377632315977584,0.016394373780287942,0.010282681224232194,4,0.25,97,5079180
26481,0.07376606784815588,0.016392338005110252,0.010281718894751444,4,0.25,97,5080150
26491,0.0737597801214969,0.016391031877852912,0.010280804757601571,4,0.25,97,5081120
26501,0.07375335743013126,0.016389361722643967,0.010279894832720057,4,0.25,97,5082090
26511,0.07374761947835198,0.01638826881730928,0.010279030113331221,4,0.25,97,5083060
26521,0.07374106352255262,0.016386720923509183,0.010278105068468362,4,0.25,97,5084030
26531,0.07373505549183897,0.016385416190579438,0.01027719251095201,4,0.25,97,5085000
26541,0.07372700166279184,0.016383747817965116,0.010276283147726177,4,0.25,97,5085970
26551,0.07372181590225328,0.016382443822638915,0.0102754044186003,4,0.25,97,5086940
26561,0.07371676770130126,0.016381322039030827,0.010274493364173269,4,0.25,97,5087910
26571,0.07371172057760046,0.016380321731285393,0.010273610568972075,4,0.25,97,5088880
26581,0.07370408373587378,0.016378503477574396,0.010272704894690919,4,0.25,97,5089850
26591,0.0736982214058599,0.016377170491246033,0.01027177983266084,4,0.25,97,5090820
26601,0.07368963503451595,0.016375413889412885,0.010270824481677543,4,0.25,97,5091790
26611,0.07368350382069529,0.016374021139919363,0.010269885041759593,4,0.25,97,5092760
26621,0.07367791898768619,0.016372810353456637,0.010268978571607676,4,0.25,97,5093730
26631,0.0736732886632916,0.016371751144177497,0.010268094916759094,4,0.25,97,5094700
26641,0.07366593648242413,0.016370087103866348,0.010267147757387178,4,0.25,97,5095670
26651,0.07365899485536648,0.016368514314094095,0.010266221094188975,4,0.25,97,5096640
26661,0.07365382398788856,0.01636733503078782,0.010265282507616526,4,0.25,97,5097610
26671,0.07364702193825189,0.016365763064886657,0.010264348586457188,4,0.25,97,5098580
26681,0.07363655060994284,0.01636358727333883,0.010263426501193723,4,0.25,97,5099550
26691,0.07363084093179348,0.0163622882721964,0.010262501020885563,4,0.25,97,5100520
26701,0.07362635572397715,0.016361200983494726,0.010261641148351373,4,0.25,97,5101490
26711,0.07361969744059635,0.01635969123380492,0.010260743616829961,4,0.25,97,5102460
26721,0.07361073210607391,0.01635775938764149,0.010259732119827501,4,0.25,97,5103430
26731,0.0736044855515183,0.01635637131229488,0.010258836664215043,4,0.25,97,5104400
26741,0.07359783342987154,0.01635489311402773,0.010257937132545976,4,0.25,97,5105370
26751,0.07359131888226456,0.016353445486705462,0.01025702276569744,4,0.25,97,5106340
26761,0.07358385650548196,0.016351877674349997,0.010256087313213211,4,0.25,97,5107310
26771,0.07357748143379803,0.016350340467180337,0.010255105748932975,4,0.25,97,5108280
26781,0.07357178601745089,0.016349165259668057,0.010254185505134548,4,0.25,97,5109250
26791,0.07356636308867301,0.016347930068926365,0.010253293914127506,4,0.25,97,5110220
26801,0.0735608058793968,0.016346725285041153,0.010252425335039877,4,0.25,97,5111190
26811,0.07355443702928507,0.01634524980184115,0.010251513360756219,4,0.25,97,5112160
26821,0.07354847625880126,0.01634386503202078,0.010250645328073894,4,0.25,97,5113130
26831,0.07354129823837881,0.016342149628739394,0.010249711387728502,4,0.25,97,5114100
26841,0.07353263334959456,0.016340525027353114,0.010248794179136418,4,0.25,97,5115070
26851,0.0735264074258135,0.01633908135972838,0.010247874815744835,4,0.25,97,5116040
26861,0.07352126551039778,0.016337878606991426,0.010247017083407422,4,0.25,97,5117010
26871,0.07351463679980902,0.016336555897643417,0.010246086353610686,4,0.25,97,5117980
26881,0.07350692819394328,0.016334782788361688,0.010245107919846235,4,0.25,97,5118950
26891,0.07350260165957404,0.016333761268949205,0.01024422498504409,4,0.25,97,5119920
26901,0.0734966539705459,0.016332439598155637,0.010243286951910385,4,0.25,97,5120890
26911,0.07349030241385891,0.016331148287320237,0.010242391874034903,4,0.25,97,5121860
26921,0.07348543854857377,0.016329887314109878,0.01024154182697211,4,0.25,97,5122830
26931,0.07348017049320461,0.01632868666932037,0.010240660275846193,4,0.25,97,5123800
26941,0.07347382337480111,0.016327246258682197,0.010239792807835216,4,0.25,97,5124770
26951,0.07346626308116624,0.016325626269984763,0.010238858517753009,4,0.25,97,5125740
26961,0.07345964981277904,0.016324156713690207,0.010237951918618439,4,0.25,97,5126710
26971,0.07345344312656248,0.016322897422099768,0.010237049716513472,4,0.25,97,5127680
26981,0.07344818221615183,0.01632178829698994,0.010236155369953353,4,0.25,97,5128650
26991,0.07344386644870922,0.01632073934074441,0.010235231374097676,4,0.25,97,5129620
27001,0.07343739427922816,0.016319390991392433,0.010234327428689918,4,0.25,97,5130590
27011,0.0734315978033231,0.016318042989164075,0.010233358475794466,4,0.25,97,5131560
27021,0.07342634176744268,0.01631690494638824,0.01023248038537495,4,0.25,97,5132530
27031,0.0734189314015277,0.016315108540276742,0.010231558706595199,4,0.25,97,5133500
27041,0.07341273543058384,0.016313791567483093,0.010230660185305437,4,0.25,97,5134470
27051,0.07340654108903924,0.016312385167007688,0.010229731797296476,4,0.25,97,5135440
27061,0.07340115602899198,0.01631127826647127,0.010228889402497561,4,0.25,97,5136410
27071,0.07339375358139187,0.016309693113993575,0.010227947684578223,4,0.25,97,5137380
27081,0.07338796783360312,0.016308437296356247,0.010227078363283083,4,0.25,97,5138350
27091,0.07338285603019895,0.01630718178004055,0.010226152110149465,4,0.25,97,5139320
27101,0.07337653507134413,0.01630589668252092,0.01022532066953122,4,0.25,97,5140290
27111,0.07337156019094088,0.01630467165088819,0.01022445762367858,4,0.25,97,5141260
27121,0.07336430144100434,0.016302969034621948,0.010223526670664864,4,0.25,97,5142230
27131,0.0733575823714621,0.016301625255238036,0.010222620439396824,4,0.25,97,5143200
27141,0.0733523428284154,0.01630031167134834,0.010221721218792095,4,0.25,97,5144170
27151,0.07334629865090574,0.016299087946872497,0.010220823835048593,4,0.25,97,5145140
27161,0.07333958471827456,0.016297327479875483,0.01021990319630966,4,0.25,97,5146110
27171,0.0733304568430192,0.01629556760537465,0.010218978343766404,4,0.25,97,5147080
27181,0.07332508915832134,0.016294344990488867,0.010218074637311343,4,0.25,97,5148050
27191,0.07331744232300182,0.016292615925897775,0.010217161269582668,4,0.25,97,5149020
27201,0.07331046843023416,0.016291036418517934,0.010216215382260183,4,0.25,97,5149990
27211,0.0733053734312236,0.01628996381771877,0.01021533737631636,4,0.25,97,5150960
27221,0.0732993413067951,0.016288534025635987,0.010214440909125624,4,0.25,97,5151930
27231,0.07329264076038079,0.01628713439980748,0.010213560177437806,4,0.25,97,5152900
27241,0.073284602624028,0.01628534818799014,0.010212627580406652,4,0.25,97,5153870
27251,0.07327737064994204,0.016283711363381612,0.010211689312329289,4,0.25,97,5154840
27261,0.07327000703638392,0.01628201555880724,0.010210782876755668,4,0.25,97,5155810
27271,0.07326518846520544,0.01628103402874917,0.010209921524078723,4,0.25,97,5156780
27281,0.07325876523969752,0.016279666142975047,0.010209041953139852,4,0.25,97,5157750
27291,0.07325287882451145,0.016278060820971746,0.010208111639453161,4,0.25,97,5158720
27301,0.07324525543249924,0.016276634282184822,0.010207200482954482,4,0.25,97,5159690
27311,0.07323883765143564,0.016275089304767083,0.010206292411331778,4,0.25,97,5160660
27321,0.07323335718439694,0.016273871471696774,0.01020538752368341,4,0.25,97,5161630
27331,0.07322774437251228,0.016272832082780506,0.0102045193485611,4,0.25,97,5162600
27341,0.0732234688441929,0.0162717038376101,0.01020370104713428,4,0.25,97,5163570
27351,0.07321665632873195,0.01627030871366965,0.010202807227485086,4,0.25,97,5164540
27361,0.07321051340102536,0.01626888429095734,0.010201901147566687,4,0.25,97,5165510
27371,0.07320557351594385,0.01626775689857331,0.010200996313174884,4,0.25,97,5166480
27381,0.07319809890871413,0.01626588833702264,0.010200045724371734,4,0.25,97,5167450
27391,0.07318995963185279,0.01626437618179367,0.01019914436752661,4,0.25,97,5168420
27401,0.07318342356676444,0.01626283482747267,0.010198297609806006,4,0.25,97,5169390
27411,0.0731783560338212,0.016261530960107965,0.010197421124111353,4,0.25,97,5170360
27421,0.07317235642209469,0.01626037553182151,0.010196506282471094,4,0.25,97,5171330
27431,0.0731654254463475,0.016258953817423136,0.010195611431441098,4,0.25,97,5172300
27441,0.07315969560784694,0.01625747327681579,0.01019471995822754,4,0.25,97,5173270
27451,0.07315303476314924,0.016256111550493318,0.010193880848792245,4,0.25,97,5174240
27461,0.07314677529216829,0.016254750179586788,0.0101929991522304,4,0.25,97,5175210
27471,0.07314105000410431,0.01625335958058797,0.010192125007853943,4,0.25,97,5176180
27481,0.07313466063426008,0.016251998927763727,0.010191236372094096,4,0.25,97,5177150
27491,0.0731293374880154,0.016250786471160867,0.01019036449541523,4,0.25,97,5178120
27501,0.07312202013321165,0.01624927868679533,0.010189464854177235,4,0.25,97,5179090
27511,0.07311643387136374,0.016247859993840794,0.010188587420747878,4,0.25,97,5180060
27521,0.07310898759083397,0.01624623488265315,0.01018767925895134,4,0.25,97,5181030
27531,0.07310180948678807,0.016244669345611515,0.010186762811003773,4,0.25,97,5182000
27541,0.07309622803529671,0.016243576702173773,0.010185892431950354,4,0.25,97,5182970
27551,0.07309078075641126,0.016242366202612313,0.010185016818074339,4,0.25,97,5183940
27561,0.07308427225308844,0.016240890364057233,0.010184071259692286,4,0.25,97,5184910
27571,0.07307896052803704,0.016239650982600995,0.01018313979911044,4,0.25,97,5185880
27581,0.07307232256338818,0.016238116918645084,0.010182261204817033,4,0.25,97,5186850
27591,0.07306515567180175,0.016236524330164138,0.01018134804271515,4,0.25,97,5187820
27601,0.07305812363027,0.016235020665723007,0.01018044923054627,4,0.25,97,5188790
27611,0.07305096107762767,0.016233252204253618,0.010179478419402966,4,0.25,97,5189760
27621,0.0730440658727387,0.016231867328702007,0.01017857057426517,4,0.25,97,5190730
27631,0.07303650999720708,0.016230188292736324,0.010177690540706897,4,0.25,97,5191700
27641,0.07303041404893516,0.01622877478747518,0.010176787115580871,4,0.25,97,5192670
27651,0.07302206782266972,0.016226920143930623,0.010175857113146143,4,0.25,97,5193640
27661,0.07301531353067395,0.016225507525472006,0.010174977582631651,4,0.25,97,5194610
27671,0.07300895832830978,0.016224065872711472,0.010174057292483898,4,0.25,97,5195580
27681,0.07300313424033719,0.016222771667505565,0.010173180820817723,4,0.25,97,5196550
27691,0.07299744391676065,0.016221536589912867,0.010172269718502918,4,0.25,97,5197520
27701,0.0729902998866283,0.016219802094838948,0.010171313875813258,4,0.25,97,5198490
27711,0.07298249686267456,0.016218273866432084,0.010170372620964856,4,0.25,97,5199460
27721,0.07297496081658429,0.01621654045829044,0.010169444372621194,4,0.25,97,5200430
27731,0.07297007029506841,0.016215453700271144,0.010168541649705065,4,0.25,97,5201400
27741,0.07296346310474798,0.01621392674826663,0.010167673421534061,4,0.25,97,5202370
27751,0.07295698986686669,0.016212458947711353,0.010166732241360988,4,0.25,97,5203340
27761,0.07294932997960438,0.016210844845311694,0.010165845678849927,4,0.25,97,5204310
27771,0.0729412765949223,0.016209113910318713,0.010164947031577016,4,0.25,97,5205280
27781,0.07293507341762252,0.016207735442022166,0.010164068324029238,4,0.25,97,5206250
27791,0.07292728877725327,0.016206005541447827,0.01016316029538345,4,0.25,97,5207220
27801,0.07291990236091267,0.01620433482796314,0.010162224463592955,4,0.25,97,5208190
27811,0.07291304563307269,0.016202869731691997,0.010161361644044362,4,0.25,97,5209160
27821,0.07290645452013744,0.016201375758720535,0.010160485616596902,4,0.25,97,5210130
27831,0.07290065587653247,0.016200057903735236,0.010159599717529987,4,0.25,97,5211100
27841,0.0728953856294526,0.0161987403827826,0.010158722313707383,4,0.25,97,5212070
27851,0.07288985314779471,0.016197686606428414,0.010157823573153498,4,0.25,97,5213040
27861,0.07288366358869258,0.01619625264296428,0.010156899560366533,4,0.25,97,5214010
27871,0.07287787059214806,0.01619496533938962,0.010156040536064616,4,0.25,97,5214980
27881,0.07287286870433574,0.016193766093476038,0.010155156358094752,4,0.25,97,5215950
27891,0.07286707838120478,0.01619262560417057,0.010154250454862485,4,0.25,97,5216920
27901,0.07285918479635337,0.016190725344823274,0.010153333821162569,4,0.25,97,5217890
27911,0.072851030891073,0.016188971875996445,0.010152375059864579,4,0.25,97,5218860
27921,0.07284327416988437,0.016187277418587713,0.010151473848392198,4,0.25,97,5219830
27931,0.0728361770534686,0.01618552511313919,0.010150574976979838,4,0.25,97,5220800
27941,0.07282776844617112,0.016183773398741563,0.010149667410055942,4,0.25,97,5221770
27951,0.07282028207685207,0.016182138998267512,0.010148689963927274,4,0.25,97,5222740
27961,0.07281450476508734,0.01618088436127959,0.010147787468706678,4,0.25,97,5223710
27971,0.07280951641797234,0.01617971752923843,0.010146902226043796,4,0.25,97,5224680
27981,0.072802167110498,0.016178171880631084,0.010145997993657159,4,0.25,97,5225650
27991,0.07279613190859802,0.016176743294066428,0.010145099486924549,4,0.25,97,5226620
28001,0.07279049171662193,0.016175606536723636,0.010144236131911125,4,0.25,97,5227590
28011,0.07278537737127994,0.016174295202936978,0.010143355936730686,4,0.25,97,5228560
28021,0.07277934650573381,0.016173100720557613,0.0101424781348474,4,0.25,97,5229530
28031,0.07277475884681789,0.01617205213340582,0.010141651755797359,4,0.25,97,5230500
28041,0.07277004105205981,0.016171032876782353,0.010140810927342564,4,0.25,97,5231470
28051,0.07276309714406887,0.016169373373004368,0.010139933607250618,4,0.25,97,5232440
28061,0.0727557624279074,0.01616771439986759,0.010138997740504495,4,0.25,97,5233410
28071,0.07275078661119022,0.01616669599498131,0.010138130255595788,4,0.25,97,5234380
28081,0.07274384842711491,0.016165096048297953,0.010137224058755926,4,0.25,97,5235350
28091,0.0727367814543988,0.0161635256715541,0.010136320249343035,4,0.25,97,5236320
28101,0.07273167886013716,0.016162566230901242,0.01013547332852166,4,0.25,97,5237290
28111,0.07272579263737505,0.01616120006117997,0.010134626560811783,4,0.25,97,5238260
28121,0.0727191233793522,0.016159659918470477,0.01013374394009918,4,0.25,97,5239230
28131,0.07271415536729726,0.01615867214320485,0.010132928611743136,4,0.25,97,5240200
28141,0.07271049540361571,0.01615774264424131,0.01013212042123667,4,0.25,97,5241170
28151,0.07270265455719066,0.016156087386894225,0.010131191794715853,4,0.25,97,5242140
28161,0.07269560004798117,0.01615449070963364,0.010130338624094142,4,0.25,97,5243110
28171,0.0726888088327642,0.016152981576046714,0.010129491071201563,4,0.25,97,5244080
28181,0.07268149742715496,0.016151240813910728,0.010128572392606464,4,0.25,97,5245050
28191,0.07267575435892307,0.016149906625475646,0.010127673857646296,4,0.25,97,5246020
28201,0.072670012704744,0.016148688753355206,0.010126837200442631,4,0.25,97,5246990
28211,0.07266414202043922,0.01614738420793732,0.010125974227799709,4,0.25,97,5247960
28221,0.0726569687464767,0.016145761232224817,0.010125062177005493,4,0.25,97,5248930
28231,0.0726499280423401,0.016144167732969523,0.010124177448488224,4,0.25,97,5249900
28241,0.07264328044045824,0.016142777443171646,0.010123314946232378,4,0.25,97,5250870
28251,0.07263676502366287,0.016141416479237208,0.010122426992602993,4,0.25,97,5251840
28261,0.07263272637974652,0.01614049007008364,0.01012155566236491,4,0.25,97,5252810
28271,0.07262673484276017,0.016139042887456916,0.010120673469496563,4,0.25,97,5253780
28281,0.07261996365540645,0.016137625040750822,0.010119799562000972,4,0.25,97,5254750
28291,0.0726133245938927,0.016136178658484573,0.01011891879022714,4,0.25,97,5255720
28301,0.07260707779305992,0.016134790511537902,0.0101180370844501,4,0.25,97,5256690
28311,0.07260174331007506,0.016133634006668278,0.010117137388635778,4,0.25,97,5257660
28321,0.07259562967344164,0.01613218873881551,0.010116228085453049,4,0.25,97,5258630
28331,0.07259055787366298,0.016131177291362896,0.01011537807341243,4,0.25,97,5259600
28341,0.07258418717744933,0.01612973270920629,0.010114546313194393,4,0.25,97,5260570
28351,0.07257807814659835,0.016128288530145016,0.010113643494911544,4,0.25,97,5261540
28361,0.07257093131504659,0.01612664265746955,0.010112728336024886,4,0.25,97,5262510
28371,0.07256417632735615,0.016125199340397443,0.010111840731110577,4,0.25,97,5263480
28381,0.07255716360608135,0.01612361215650101,0.01011095781702438,4,0.25,97,5264450
28391,0.07255119147212838,0.016122342759875168,0.010110072205522387,4,0.25,97,5265420
28401,0.07254483153596097,0.016120929480127368,0.010109227257295954,4,0.25,97,5266390
28411,0.07253990053660825,0.01611992023094685,0.010108375641389557,4,0.25,97,5267360
28421,0.07253419226317619,0.0161185940885872,0.01010749822090133,4,0.25,97,5268330
28431,0.07252654018410404,0.016116836032777214,0.010106525303114434,4,0.25,97,5269300
28441,0.07251914988640316,0.016115136186541573,0.01010564079810646,4,0.25,97,5270270
28451,0.07251150275134079,0.016113494492747082,0.010104765670073616,4,0.25,97,5271240
28461,0.07250593099859157,0.016112342738099018,0.010103899145380806,4,0.25,97,5272210
28471,0.0724995834182099,0.01611096097112924,0.010102981195771878,4,0.25,97,5273180
28481,0.07249207219345497,0.01610923428163259,0.010102072245824148,4,0.25,97,5274150
28491,0.07248546949928282,0.01610765198946581,0.010101229090673496,4,0.25,97,5275120
28501,0.07247899808881436,0.01610624271889517,0.010100345186097178,4,0.25,97,5276090
28511,0.07247149350797216,0.016104718838336137,0.010099483884490524,4,0.25,97,5277060
28521,0.07246541398565107,0.01610313792784772,0.010098592051788589,4,0.25,97,5278030
28531,0.07245675017975242,0.016101471309703498,0.01009769548884896,4,0.25,97,5279000
28541,0.07245093301750541,0.016100121168541766,0.010096841965797458,4,0.25,97,5279970
28551,0.07244395434368556,0.01609845552314625,0.010095954919625118,4,0.25,97,5280940
28561,0.07243710694125433,0.01609687652780711,0.010095078929471545,4,0.25,97,5281910
28571,0.07243168213012592,0.016095843264903,0.01009428897862869,4,0.25,97,5282880
28581,0.0724252256721765,0.016094379829560187,0.010093412461340576,4,0.25,97,5283850
28591,0.07242031996351798,0.016093232327244612,0.01009253785834287,4,0.25,97,5284820
28601,0.07241322142948915,0.016091597576906588,0.010091653883302208,4,0.25,97,5285790
28611,0.07240689910713843,0.016090336018236014,0.010090773721753217,4,0.25,97,5286760
28621,0.07240032055751427,0.016088644866410262,0.010089870494587108,4,0.25,97,5287730
28631,0.07239529115857535,0.016087555943217754,0.010089062262392035,4,0.25,97,5288700
28641,0.07239000501557483,0.016086581838189108,0.010088197529695597,4,0.25,97,5289670
28651,0.07238265798574396,0.016085006469161185,0.010087286223670163,4,0.25,97,5290640
28661,0.07237737471678786,0.016083660625636157,0.010086412150907838,4,0.25,97,5291610
28671,0.07237093333205591,0.01608222926238986,0.010085530364782432,4,0.25,97,5292580
28681,0.07236372110173983,0.016080683835894546,0.01008463459880163,4,0.25,97,5293550
28691,0.07235573874467399,0.016078995843326834,0.01008374637877867,4,0.25,97,5294520
28701,0.07234956073960999,0.016077594370861228,0.010082875600603046,4,0.25,97,5295490
28711,0.0723442849952284,0.016076307639599857,0.010082029563782296,4,0.25,97,5296460
28721,0.07233772415684925,0.01607493547993497,0.010081148408033553,4,0.25,97,5297430
28731,0.07233193672144266,0.016073592260535844,0.010080282447389182,4,0.25,97,5298400
28741,0.07232396528472562,0.016071820889034114,0.010079397490873363,4,0.25,97,5299370
28751,0.07231920944126546,0.016070849750011173,0.010078545551642776,4,0.25,97,5300340
28761,0.07231381209715625,0.016069593253290496,0.010077683386149297,4,0.25,97,5301310
28771,0.07230725986669582,0.016068165787669328,0.010076871115429868,4,0.25,97,5302280
28781,0.07229904007698841,0.016066310673011227,0.010075936901737323,4,0.25,97,5303250
28791,0.07229262039210752,0.016064827061773104,0.010075048049800948,4,0.25,97,5304220
28801,0.07228389247085795,0.016062887598841842,0.010074142280114088,4,0.25,97,5305190
28811,0.07227747697633953,0.016061490496942044,0.010073305925676311,4,0.25,97,5306160
28821,0.07227080674409046,0.01605995127217265,0.010072429383371086,4,0.25,97,5307130
28831,0.07226426664860852,0.016058640443232644,0.010071570391732768,4,0.25,97,5308100
28841,0.07225824113463279,0.01605727297716189,0.010070673009423346,4,0.25,97,5309070
28851,0.07224991055648627,0.016055421778507054,0.010069763724240982,4,0.25,97,5310040
28861,0.07224440120332702,0.01605414056899091,0.010068916383900622,4,0.25,97,5311010
28871,0.07223722819420422,0.016052631997442668,0.01006799970913325,4,0.25,97,5311980
28881,0.07223005740414316,0.016050896263698593,0.01006709723457414,4,0.25,97,5312950
28891,0.07222276084192275,0.016049331759191245,0.010066233636368023,4,0.25,97,5313920
28901,0.07221661814982855,0.01604805206347365,0.0100654000950511,4,0.25,97,5314890
28911,0.07221086085446445,0.0160467726856957,0.010064511410519889,4,0.25,97,5315860
28921,0.07220612814969496,0.016045664148696733,0.010063661812737124,4,0.25,97,5316830
28931,0.07220075706148742,0.016044499020936194,0.010062844514152711,4,0.25,97,5317800
28941,0.0721939810363413,0.01604307849019087,0.01006194918166565,4,0.25,97,5318770
28951,0.07218810156412722,0.016041800347583828,0.010061118049355416,4,0.25,97,5319740
28961,0.07218337350613244,0.016040607700754,0.010060276614724285,4,0.25,97,5320710
28971,0.07217621936178717,0.016039074703646995,0.010059394563195542,4,0.25,97,5321680
28981,0.07217072750050618,0.016037740799961352,0.010058536556996196,4,0.25,97,5322650
28991,0.07216421558552637,0.016036407241939117,0.01005763239759433,4,0.25,97,5323620
29001,0.07215898184416292,0.01603513075484047,0.010056783389212207,4,0.25,97,5324590
29011,0.07215260083339815,0.016033797873000397,0.010055918307072408,4,0.25,97,5325560
29021,0.0721462215808283,0.016032351944942375,0.01005500413447448,4,0.25,97,5326530
29031,0.07214137452425509,0.016031133144825644,0.010054234961500777,4,0.25,97,5327500
29041,0.07213321335399804,0.016029517971052343,0.01005337203833811,4,0.25,97,5328470
29051,0.07212811408345625,0.01602835649293055,0.01005252273800838,4,0.25,97,5329440
29061,0.07212135928006896,0.016026883775924004,0.010051631712445965,4,0.25,97,5330410
29071,0.0721138421002814,0.01602504347254902,0.010050738477077934,4,0.25,97,5331380
29081,0.07210696410933247,0.016023713201819226,0.010049843941612836,4,0.25,97,5332350
29091,0.0720995789142343,0.01602204377455509,0.010048978626803599,4,0.25,97,5333320
29101,0.07209448704943952,0.016020940552359225,0.01004814320901118,4,0.25,97,5334290
29111,0.07208876004087965,0.016019526511177985,0.01004728065116612,4,0.25,97,5335260
29121,0.0720834161118479,0.016018367287597878,0.010046411859035315,4,0.25,97,5336230
29131,0.07207858219207626,0.016017349648262413,0.010045561985291133,4,0.25,97,5337200
29141,0.07207247763189314,0.016015993109171314,0.010044709875408786,4,0.25,97,5338170
29151,0.07206713746324016,0.016014778180224416,0.01004385527347515,4,0.25,97,5339140
29161,0.07206027334366408,0.016013281104757693,0.01004298055533652,4,0.25,98,5340112
29171,0.07205239482950658,0.016011360967289067,0.010042075800307129,4,0.25,98,5341092
29181,0.07204553508456671,0.01601009068254365,0.010041219436229635,4,0.25,98,5342072
29191,0.07203880435064185,0.016008341026796116,0.010040356552950797,4,0.25,98,5343052
29201,0.07203372584883291,0.01600749463307398,0.010039564233997024,4,0.25,98,5344032
29211,0.07202649091114813,0.01600566125833545,0.010038627607883627,4,0.25,98,5345012
29221,0.07202065384043405,0.01600439238217148,0.010037759419703618,4,0.25,98,5345992
29231,0.07201431087009644,0.016003095632719067,0.010036911897273583,4,0.25,98,5346972
29241,0.07200911093330403,0.01600185557001965,0.010036032242475014,4,0.25,98,5347952
29251,0.07200327825052015,0.016000615806731264,0.010035155342427687,4,0.25,98,5348932
29261,0.07199808079577472,0.015999460842136548,0.010034290783414028,4,0.25,98,5349912
29271,0.07199237761790525,0.015998165337417356,0.010033479861361192,4,0.25,98,5350892
29281,0.07198502893160906,0.015996644944582302,0.010032629939640856,4,0.25,98,5351872
29291,0.07197932897483825,0.01599523757485998,0.01003174577026769,4,0.25,98,5352852
29301,0.07197388366343865,0.015994083819579147,0.010030889466204057,4,0.25,98,5353832
29311,0.07196679401935595,0.015992564635118046,0.010030042667705148,4,0.25,98,5354812
29321,0.07196185787406886,0.015991214626381613,0.010029203006316401,4,0.25,98,5355792
29331,0.0719541393518902,0.0159896400649656,0.010028326380694376,4,0.25,98,5356772
29341,0.07194819405324898,0.015988347036613212,0.010027440983095406,4,0.25,98,5357752
29351,0.0719425031803624,0.01598705433406537,0.010026648035195243,4,0.25,98,5358732
29361,0.07193643446186018,0.015985761957184125,0.010025802810807552,4,0.25,98,5359712
29371,0.07192948268284283,0.015984189068164976,0.010024897647654282,4,0.25,98,5360692
29381,0.07192367007513717,0.015982869337072967,0.010024088546392453,4,0.25,98,5361672
29391,0.07191823787406426,0.015981802568670985,0.01002328926181895,4,0.25,98,5362652
29401,0.07191268066606137,0.01598048345148647,0.010022432687101809,4,0.25,98,5363632
29411,0.07190687228829615,0.015979164673550664,0.010021603492523146,4,0.25,98,5364612
29421,0.07190157026351625,0.01597804257646194,0.01002073749625381,4,0.25,98,5365592
29431,0.07189525991749665,0.015976612258749214,0.010019848040062718,4,0.25,98,5366572
29441,0.07188932976565393,0.015975322510461364,0.010019000086703492,4,0.25,98,5367552
29451,0.07188239216150205,0.015973724794148953,0.010018088143091526,4,0.25,98,5368532
29461,0.07187772621973347,0.0159725198288581,0.01001722684690993,4,0.25,98,5369512
29471,0.0718709181605476,0.015971231109768308,0.01001637868054227,4,0.25,98,5370492
29481,0.07186449017173084,0.015969774687002766,0.010015498448610776,4,0.25,98,5371472
29491,0.07185894589529,0.015968626645444146,0.010014645924898181,4,0.25,98,5372452
29501,0.07185327699111453,0.01596722694278247,0.01001381934869604,4,0.25,98,5373432
29511,0.07184823913502181,0.015966163424433896,0.010012999152199595,4,0.25,98,5374412
29521,0.07184232106045056,0.015964764394457282,0.010012151668060656,4,0.25,98,5375392
29531,0.07183439070455022,0.015963030127740377,0.010011300082104725,4,0.25,98,5376372
29541,0.07182721797085452,0.015961464197814013,0.010010396173704646,4,0.25,98,5377352
29551,0.07182029902745993,0.015959898746506555,0.010009534799837105,4,0.25,98,5378332
29561,0.07181438812136169,0.01595858525482694,0.010008637172902847,4,0.25,98,5379312
29571,0.07180785016167363,0.015957160357656024,0.01000776748887437,4,0.25,98,5380292
29581,0.07180118838037952,0.015955707929465348,0.010006854399372704,4,0.25,98,5381272
29591,0.07179477980507591,0.015954283832689296,0.010005922844122451,4,0.25,98,5382252
29601,0.07178837301198332,0.015952860131945617,0.0100050944542906,4,0.25,98,5383232
29611,0.07178247028976927,0.0159513810192345,0.01000420748105407,4,0.25,98,5384212
29621,0.07177569030554416,0.01594998602158809,0.010003289270412193,4,0.25,98,5385192
29631,0.0717704183639759,0.015948870297163707,0.010002453634535835,4,0.25,98,5386172
29641,0.07176502214996885,0.015947671164633293,0.010001623773963481,4,0.25,98,5387152
29651,0.07175849818455322,0.015946221426135707,0.010000739786309264,4,0.25,98,5388132
29661,0.07175210147494203,0.015944827834053994,0.009999863551032946,4,0.25,98,5389112
29671,0.0717460826653599,0.015943490342666716,0.009998998411250971,4,0.25,98,5390092
29681,0.07173906270902988,0.015941958230197954,0.009998080103788918,4,0.25,98,5391072
29691,0.07173455101012004,0.015940816408447057,0.009997212660555454,4,0.25,98,5392052
29701,0.07172891262975278,0.015939591322233205,0.009996319091795308,4,0.25,98,5393032
29711,0.07172315037929046,0.015938366529378786,0.00999545560602445,4,0.25,98,5394012
29721,0.071716513052844,0.015936863775283232,0.009994610989081257,4,0.25,98,5394992
29731,0.07170900140793114,0.015935222381950435,0.00999374552309179,4,0.25,98,5395972
29741,0.07170236816066632,0.015933692743888086,0.00999290723515616,4,0.25,98,5396952
29751,0.07169573682519471,0.015932191362513382,0.00999201165895298,4,0.25,98,5397932
29761,0.07168810689865304,0.015930634839992814,0.009991140035420962,4,0.25,98,5398912
29771,0.07168147967220388,0.015928995444882427,0.009990267192736412,4,0.25,98,5399892
29781,0.07167385447245217,0.015927467668599763,0.009989412846434245,4,0.25,98,5400872
29791,0.0716687307584434,0.015926301310523236,0.009988546512750798,4,0.25,98,5401852
29801,0.07166348325916316,0.01592499641583061,0.009987738450830612,4,0.25,98,5402832
29811,0.07165723779710159,0.015923553090715685,0.009986895574020048,4,0.25,98,5403812
29821,0.07164999518566673,0.015922137917751315,0.009986010568986771,4,0.25,98,5404792
29831,0.07164362856703883,0.015920695399768196,0.00998513165375305,4,0.25,98,5405772
29841,0.07163851158314921,0.015919586047646497,0.009984281361926826,4,0.25,98,5406752
29851,0.07163214814360437,0.015918061081734592,0.009983424278307122,4,0.25,98,5407732
29861,0.07162591118709723,0.01591675828970703,0.009982573333473075,4,0.25,98,5408712
29871,0.07162079814537263,0.01591562208287334,0.00998174839605621,4,0.25,98,5409692
29881,0.07161344234933714,0.015913959796666526,0.009980833848825407,4,0.25,98,5410672
29891,0.07160758433185274,0.015912713437009368,0.009980032749310993,4,0.25,98,5411652
29901,0.07160197699082328,0.015911384321941058,0.00997917623032975,4,0.25,98,5412632
29911,0.07159637101792389,0.015910166270327618,0.009978296920796296,4,0.25,98,5413612
29921,0.07159064188133712,0.01590894850924842,0.009977408591940455,4,0.25,98,5414592
29931,0.07158628371260257,0.015907980043056075,0.009976594945142985,4,0.25,98,5415572
29941,0.07158105500132164,0.01590676280332573,0.009975766125006072,4,0.25,98,5416552
29951,0.07157396079641386,0.015905241661755425,0.009974926038665953,4,0.25,98,5417532
29961,0.07156948137468955,0.015904301546395314,0.009974109812828078,4,0.25,98,5418512
29971,0.0715637589403075,0.015902891697986234,0.0099732427769137,4,0.25,98,5419492
29981,0.07155778922436368,0.015901565137551494,0.009972420765412531,4,0.25,98,5420472
29991,0.07155144810125463,0.015900128419485977,0.009971575265452776,4,0.25,98,5421452
30001,0.07154523301354239,0.01589885781372811,0.009970701448379684,4,0.25,98,5422432
30011,0.07153814986527254,0.015897145758681817,0.009969799661520609,4,0.25,98,5423412
30021,0.07153044786891714,0.015895461878004634,0.009968927626562995,4,0.25,98,5424392
30031,0.07152448680742853,0.015894220027151313,0.009968079601756514,4,0.25,98,5425372
30041,0.07152014117591984,0.015893254352157205,0.00996729958986432,4,0.25,98,5426352
30051,0.07151554811715705,0.015892068201712503,0.009966446165793187,4,0.25,98,5427332
30061,0.07150735737516879,0.015890441141816022,0.009965585418573078,4,0.25,98,5428312
30071,0.0715011542134716,0.01588903511843919,0.009964710443865264,4,0.25,98,5429292
30081,0.07149668897526326,0.015887932626247124,0.009963902193857992,4,0.25,98,5430272
30091,0.07149123264183087,0.01588685792585541,0.009963072998417264,4,0.25,98,5431252
30101,0.07148565364282179,0.01588548043617968,0.009962220530791346,4,0.25,98,5432232
30111,0.07147982813659706,0.015884323632444734,0.009961385734616877,4,0.25,98,5433212
30121,0.0714748714240969,0.015883112024340094,0.009960550759299065,4,0.25,98,5434192
30131,0.07146768609319523,0.01588162544430515,0.009959714398285536,4,0.25,98,5435172
30141,0.07146211281798687,0.015880194332512677,0.009958836144575047,4,0.25,98,5436152
30151,0.07145579807645493,0.015878791132385862,0.00995796870678323,4,0.25,98,5437132
30161,0.07144837119457223,0.015877333314137997,0.009957108829595614,4,0.25,98,5438112
30171,0.07144366874673005,0.015876178358118147,0.009956276868768321,4,0.25,98,5439092
30181,0.07143785389520152,0.01587499617434188,0.009955452216930553,4,0.25,98,5440072
30191,0.07143166950172768,0.015873511959949824,0.009954581103267895,4,0.25,98,5441052
30201,0.07142647590036,0.015872495247857856,0.009953748757847372,4,0.25,98,5442032
30211,0.07142029457563329,0.015871094166479787,0.009952854393577728,4,0.25,98,5443012
30221,0.07141522713310078,0.015869968086358446,0.0099520120558928,4,0.25,98,5443992
30231,0.07141102571341504,0.015869006995418825,0.009951167667187658,4,0.25,98,5444972
30241,0.07140460150234341,0.015867524525134763,0.009950339124729386,4,0.25,98,5445952
30251,0.07139941403104923,0.0158664815639777,0.009949497995582783,4,0.25,98,5446932
30261,0.07139274615045238,0.015864999828705973,0.009948626801564733,4,0.25,98,5447912
30271,0.07138706763434617,0.01586371052116178,0.009947757276505688,4,0.25,98,5448892
30281,0.07138163732708495,0.015862476383692706,0.00994694621969012,4,0.25,98,5449872
30291,0.07137633167941371,0.01586118771505637,0.009946105288619448,4,0.25,98,5450852
30301,0.0713709039165192,0.01586009123273494,0.00994530294927363,4,0.25,98,5451832
30311,0.07136436763687806,0.015858583955162195,0.009944412158925086,4,0.25,98,5452812
30321,0.07135943583065363,0.015857488033627264,0.009943607152209613,4,0.25,98,5453792
30331,0.07135450508638085,0.015856447126743584,0.009942768244575137,4,0.25,98,5454772
30341,0.07134735739269213,0.015854721881727363,0.0099419030489506,4,0.25,98,5455752
30351,0.07134008875169735,0.015853270938095805,0.009941026792121692,4,0.25,98,5456732
30361,0.0713347927211246,0.015852011963892396,0.009940224219312673,4,0.25,98,5457712
30371,0.07132925167533068,0.015850890097279677,0.009939377308097927,4,0.25,98,5458692
30381,0.07132408124253284,0.015849604359395128,0.009938551751464136,4,0.25,98,5459672
30391,0.07131583558827376,0.015847854089860534,0.009937666561112413,4,0.25,98,5460652
30401,0.07130869995757408,0.015846077088729812,0.009936795077413543,4,0.25,98,5461632
30411,0.07130132061146179,0.015844437330990734,0.00993599463864175,4,0.25,98,5462612
30421,0.07129554178555636,0.01584334445288377,0.009935166270269968,4,0.25,98,5463592
30431,0.07128964151210215,0.01584208793342129,0.009934313878260841,4,0.25,98,5464572
30441,0.07128337413853768,0.015840695198704135,0.00993349979171653,4,0.25,98,5465552
30451,0.07127710848169332,0.01583911176793134,0.00993263313674315,4,0.25,98,5466532
30461,0.0712709673466618,0.01583793816345676,0.009931809813770318,4,0.25,98,5467512
30471,0.07126409123255481,0.015836355591255593,0.009930945074474586,4,0.25,98,5468492
30481,0.07125893550343597,0.015835128072944946,0.009930124871482768,4,0.25,98,5469472
30491,0.07125267653761441,0.015833819046840773,0.009929299849728615,4,0.25,98,5470452
30501,0.07124776874338815,0.01583261940243296,0.009928452925826177,4,0.25,98,5471432
30511,0.07124114489187362,0.015831256513898398,0.009927602533967387,4,0.25,98,5472412
30521,0.07123513602037601,0.015829921237772902,0.009926769764239866,4,0.25,98,5473392
30531,0.07122900614661909,0.015828504593827675,0.009925902133535485,4,0.25,98,5474372
30541,0.07122324556382381,0.015827306203631025,0.009925077717372074,4,0.25,98,5475352
30551,0.07121675132879723,0.015825863063503903,0.009924208280781461,4,0.25,98,5476332
30561,0.07121136129004445,0.015824529204349614,0.009923409519451712,4,0.25,98,5477312
30571,0.07120536024278862,0.015823222906436556,0.009922537408561137,4,0.25,98,5478292
30581,0.07119948319363692,0.015821944148616162,0.00992170486872845,4,0.25,98,5479272
30591,0.0711938524397386,0.01582072010775169,0.009920874502831616,4,0.25,98,5480252
30601,0.07118773362871228,0.015819306027986108,0.009920008097893281,4,0.25,98,5481232
30611,0.07118210576970545,0.015818191358140814,0.009919196213196348,4,0.25,98,5482212
30621,0.07117635699771384,0.01581688668976467,0.009918369543439245,4,0.25,98,5483192
30631,0.07117012060498247,0.01581539216942237,0.00991752427655157,4,0.25,98,5484172
30641,0.07116510826887315,0.015814251195628546,0.009916723129087871,4,0.25,98,5485152
30651,0.07115948598151411,0.015813056164828174,0.00991592610123774,4,0.25,98,5486132
30661,0.0711531320187837,0.01581169851681074,0.009915072640879262,4,0.25,98,5487112
30671,0.07114555845036294,0.015809988397371973,0.009914204571625016,4,0.25,98,5488092
30681,0.07114006307860403,0.015808767236308807,0.009913395769047215,4,0.25,98,5489072
30691,0.0711359118970884,0.015807899033912436,0.009912587649208443,4,0.25,98,5490052
30701,0.07113005269039764,0.015806542765077983,0.009911714605190957,4,0.25,98,5491032
30711,0.07112419498734834,0.015805295317959683,0.009910909791223938,4,0.25,98,5492012
30721,0.07111711893473259,0.01580364156766517,0.00991003480435426,4,0.25,98,5492992
30731,0.07111138650096101,0.015802503233317465,0.00990921332213892,4,0.25,98,5493972
30741,0.07110711860256137,0.015801446437321762,0.009908386649242889,4,0.25,98,5494952
30751,0.0711009010936103,0.015800091892776445,0.00990754955479426,4,0.25,98,5495932
30761,0.07109395411744528,0.0157984669168539,0.009906688696421648,4,0.25,98,5496912
30771,0.0710890803092421,0.01579749218124418,0.009905887228426048,4,0.25,98,5497892
30781,0.07108384212650862,0.01579632815928502,0.009905034244723413,4,0.25,98,5498872
30791,0.07107872692295428,0.015795137343678312,0.009904169381675992,4,0.25,98,5499852
30801,0.07107312587306419,0.01579397386230107,0.009903360897743364,4,0.25,98,5500832
30811,0.07106801307200442,0.015792756551456334,0.009902552217444774,4,0.25,98,5501812
30821,0.07106241465237946,0.015791566574620348,0.00990172250697454,4,0.25,98,5502792
30831,0.07105730425191852,0.015790322806632555,0.009900899236606774,4,0.25,98,5503772
30841,0.07105134356526173,0.015788971231085715,0.00990005317751235,4,0.25,98,5504752
30851,0.07104574923635218,0.015787809164406034,0.009899243992299819,4,0.25,98,5505732
30861,0.07104125044597911,0.015786755427407435,0.00989839379562965,4,0.25,98,5506712
30871,0.0710351724096713,0.015785539849316396,0.009897544236183858,4,0.25,98,5507692
30881,0.07102897448175216,0.01578413554449658,0.009896687718664168,4,0.25,98,5508672
30891,0.07102399305556661,0.015782947590595935,0.009895900091877933,4,0.25,98,5509652
30901,0.07101743381366658,0.015781490027895317,0.009895083811454285,4,0.25,98,5510632
30911,0.07101002656977647,0.015779897985105283,0.009894227369648043,4,0.25,98,5511612
30921,0.07100456375240137,0.015778630105709988,0.009893407276629927,4,0.25,98,5512592
30931,0.0709987381904328,0.015777416476058046,0.00989258347437088,4,0.25,98,5513572
30941,0.07099388469303948,0.01577620313724999,0.009891787169740112,4,0.25,98,5514552
30951,0.07098745540125924,0.015774882276738404,0.009890989950994052,4,0.25,98,5515532
30961,0.0709822405163695,0.01577366954509317,0.009890157522126533,4,0.25,98,5516512
30971,0.07097787548422191,0.015772699568929884,0.009889357208200871,4,0.25,98,5517492
30981,0.07097254158070716,0.015771487360068694,0.00988852775026169,4,0.25,98,5518472
30991,0.07096720892608506,0.01577035622702373,0.009887713390407003,4,0.25,98,5519452
31001,0.0709621198294345,0.01576925226952718,0.009886919247596106,4,0.25,98,5520432
31011,0.07095751638844881,0.01576822930441031,0.009886159591655914,4,0.25,98,5521412
31021,0.07095170284557369,0.015766991254851075,0.00988535415584482,4,0.25,98,5522392
31031,0.07094528544921792,0.015765484472851265,0.00988449435597698,4,0.25,98,5523372
31041,0.0709382647104499,0.01576395124474914,0.009883656523300224,4,0.25,98,5524352
31051,0.070931972095329,0.01576249914139528,0.009882836965419061,4,0.25,98,5525332
31061,0.07092616507112842,0.015761289373622922,0.009882014973100208,4,0.25,98,5526312
31071,0.0709216898342764,0.015760241142228144,0.009881209437432618,4,0.25,98,5527292
31081,0.07091600634254815,0.015758951309459358,0.009880382178914984,4,0.25,98,5528272
31091,0.07090802766444129,0.01575715146779371,0.009879509287835132,4,0.25,98,5529252
31101,0.07090174340301786,0.015755808719682345,0.009878654183339629,4,0.25,98,5530232
31111,0.07089328656035691,0.015753902629861975,0.009877803908135765,4,0.25,98,5531212
31121,0.07088857625413747,0.01575282909284154,0.009877008213439366,4,0.25,98,5532192
31131,0.07088205590141607,0.015751407007364368,0.009876179851582269,4,0.25,98,5533172
31141,0.07087638230055833,0.015750199890278392,0.009875405750950876,4,0.25,98,5534152
31151,0.0708709514554191,0.01574901987670701,0.009874588415393432,4,0.25,98,5535132
31161,0.07086552190682274,0.0157477865206688,0.00987379515107973,4,0.25,98,5536112
31171,0.0708598524286515,0.015746365853121558,0.009872963237755356,4,0.25,98,5537092
31181,0.07085225513196275,0.01574475803212475,0.009872148866481127,4,0.25,98,5538072
31191,0.07084526303896051,0.0157433114305468,0.009871333470678393,4,0.25,98,5539052
31201,0.0708393576012308,0.015742052688458914,0.009870550274486274,4,0.25,98,5540032
31211,0.07083441749516718,0.01574060686123116,0.009869706003517826,4,0.25,98,5541012
31221,0.07082755132619645,0.0157392952649354,0.009868886209770583,4,0.25,98,5541992
31231,0.07082189130812282,0.015738117795161325,0.00986812000634508,4,0.25,98,5542972
31241,0.07081803848520123,0.015737208120137347,0.009867352665825661,4,0.25,98,5543952
31251,0.07081478817385137,0.015736539345964567,0.009866559759022791,4,0.25,98,5544932
31261,0.07080889064782313,0.015735175321223257,0.009865703495640185,4,0.25,98,5545912
31271,0.07080263372240561,0.015733865134629644,0.00986487149215389,4,0.25,98,5546892
31281,0.07079697990653326,0.01573258201609633,0.00986403952761334,4,0.25,98,5547872
31291,0.07078940359370961,0.015730871698504418,0.009863161059650247,4,0.25,98,5548852
31301,0.07078411369884183,0.01572972290423271,0.009862352524515564,4,0.25,98,5549832
31311,0.07077882503559967,0.01572844083797356,0.00986152956692053,4,0.25,98,5550812
31321,0.07077353760350129,0.01572721249664956,0.009860720569093599,4,0.25,98,5551792
31331,0.07076656968688602,0.01572574421998463,0.009859863651613251,4,0.25,98,5552772
31341,0.07076092483946256,0.015724383108691863,0.0098590483375517,4,0.25,98,5553752
31351,0.07075516133687962,0.015723182432955955,0.009858237887975008,4,0.25,98,5554732
31361,0.0707496393527023,0.01572206205998772,0.009857435654936906,4,0.25,98,5555712
31371,0.07074423871090288,0.015720755272560498,0.009856624644994741,4,0.25,98,5556692
31381,0.07073955919367157,0.015719902043038126,0.009855820255368707,4,0.25,98,5557672
31391,0.07073416094909477,0.01571851585278429,0.009854976536441337,4,0.25,98,5558652
31401,0.07072732501508787,0.01571702345840824,0.00985413122488714,4,0.25,98,5559632
31411,0.07071977190367511,0.015715345042403274,0.009853249898142982,4,0.25,98,5560612
31421,0.07071294030161017,0.015713826956716838,0.009852450523106853,4,0.25,98,5561592
31431,0.07070682955838994,0.0157123359490383,0.009851596325788452,4,0.25,98,5562572
31441,0.07070060069061546,0.01571119136731655,0.009850769282555748,4,0.25,98,5563552
31451,0.07069521170418502,0.01571004704537445,0.009849921410838328,4,0.25,98,5564532
31461,0.07069078171854891,0.01570895618955437,0.009849127142194223,4,0.25,98,5565512
31471,0.0706858738257665,0.015707892167410694,0.009848342490002469,4,0.25,98,5566492
31481,0.07068084732908796,0.01570680177775219,0.00984754340503517,4,0.25,98,5567472
31491,0.07067701836484361,0.015705950905786487,0.009846721778202679,4,0.25,98,5568452
31501,0.07067151536097105,0.01570443564582084,0.009845889046956668,4,0.25,98,5569432
31511,0.07066517659856741,0.015703266282956176,0.009845102377096682,4,0.25,98,5570412
31521,0.07065919825782499,0.015701964357221616,0.00984429967965353,4,0.25,98,5571392
31531,0.0706534605332169,0.015700715887303276,0.009843521223260416,4,0.25,98,5572372
31541,0.07064820222755203,0.01569936151450052,0.009842703817572133,4,0.25,98,5573352
31551,0.07064175051881778,0.015697954414722926,0.009841862241483798,4,0.25,98,5574332
31561,0.07063542007111867,0.0156965742458674,0.00984105168630438,4,0.25,98,5575312
31571,0.07062897199877186,0.015695300579404936,0.00984028548060418,4,0.25,98,5576292
31581,0.07062180962474927,0.015693496769743482,0.009839413035050596,4,0.25,98,5577272
31591,0.07061560406436351,0.015692091307145974,0.009838597491078946,4,0.25,98,5578252
31601,0.07060832662998638,0.015690633222849044,0.009837752991427872,4,0.25,98,5579232
31611,0.07060248251440233,0.01568917556065241,0.009836925985321574,4,0.25,98,5580212
31621,0.07059580537046893,0.015687903763874498,0.009836110270024173,4,0.25,98,5581192
31631,0.07059163315463855,0.015686950127086766,0.009835295632863473,4,0.25,98,5582172
31641,0.07058853429166079,0.015686235018029765,0.009834500322646201,4,0.25,98,5583152
31651,0.07058293357647746,0.015685016918007093,0.009833742762422817,4,0.25,98,5584132
31661,0.07057781073069705,0.01568379911269228,0.009832940700950404,4,0.25,98,5585112
31671,0.07057185538990718,0.01568258160196552,0.009832126973444568,4,0.25,98,5586092
31681,0.07056518726687978,0.015681020443160342,0.009831299574042489,4,0.25,98,5587072
31691,0.07055828306592538,0.01567956556168297,0.009830494956567199,4,0.25,98,5588052
31701,0.07055280881685966,0.015678322632574647,0.009829698498055168,4,0.25,98,5589032
31711,0.07054555152734485,0.015676709926995425,0.00982884812828997,4,0.25,98,5590012
31721,0.07053901006344071,0.015675309143384056,0.00982803188176163,4,0.25,98,5590992
31731,0.07053389714435303,0.01567409368504017,0.00982723744484178,4,0.25,98,5591972
31741,0.07052830992564763,0.01567290493383358,0.009826423506652606,4,0.25,98,5592952
31751,0.07052272408584942,0.015671690056260287,0.00982563914388678,4,0.25,98,5593932
31761,0.07051607041661678,0.01567010587425076,0.009824807680536339,4,0.25,98,5594912
31771,0.07051096267667128,0.01566902363683168,0.009824005620046924,4,0.25,98,5595892
31781,0.0705046686761575,0.015667598606288344,0.009823199247976198,4,0.25,98,5596872
31791,0.07049825772112672,0.01566609484542072,0.009822354389157217,4,0.25,98,5597852
31801,0.07049386607830467,0.015665066215501327,0.009821571504562298,4,0.25,98,5598832
31811,0.07048793278000562,0.015663774132595898,0.009820767112661772,4,0.25,98,5599812
31821,0.07048140794889508,0.01566242966425255,0.00981988954321864,4,0.25,98,5600792
31831,0.07047583367522048,0.015661138258820526,0.00981911018905988,4,0.25,98,5601772
31841,0.07047085357153357,0.01566003160392542,0.009818318136542296,4,0.25,98,5602752
31851,0.07046516336701716,0.015658793493269516,0.009817501971863258,4,0.25,98,5603732
31861,0.07045900059415497,0.01565745035650393,0.009816656303472884,4,0.25,98,5604712
31871,0.0704536687807285,0.01565623920769331,0.00981584993026832,4,0.25,98,5605692
31881,0.07044703539061357,0.015654791478111343,0.009815044798336269,4,0.25,98,5606672
31891,0.07044028554530393,0.015653265233277446,0.009814235000321882,4,0.25,98,5607652
31901,0.07043341934986061,0.0156517657546694,0.00981336268884401,4,0.25,98,5608632
31911,0.0704271468910942,0.01565042449524827,0.009812537124926607,4,0.25,98,5609612
31921,0.07042300565549672,0.015649477939500486,0.009811766498635244,4,0.25,98,5610592
31931,0.07041697264181233,0.01564808472368117,0.009810965991355163,4,0.25,98,5611572
31941,0.07041247850204833,0.015647059773940396,0.009810201073619337,4,0.25,98,5612552
31951,0.07040703942323048,0.015645903671494404,0.009809427124801052,4,0.25,98,5613532
31961,0.07040207445101496,0.015644669037851645,0.00980862114438819,4,0.25,98,5614512
31971,0.07039521985406991,0.01564322463922741,0.009807805836240602,4,0.25,98,5615492
31981,0.07038706795538256,0.01564149190927328,0.009806959199526871,4,0.25,98,5616472
31991,0.0703808083491725,0.015640048424405036,0.0098061519519062,4,0.25,98,5617452
32001,0.07037537688929035,0.015638762760198786,0.009805366099345953,4,0.25,98,5618432
32011,0.07036935657987319,0.015637529881468815,0.009804550497963792,4,0.25,98,5619412
32021,0.07036380987230133,0.015636218640772453,0.009803715169784686,4,0.25,98,5620392
32031,0.07035802858493827,0.015634960171980853,0.009802862729689641,4,0.25,98,5621372
32041,0.0703522487774802,0.015633649602549315,0.009802034663871357,4,0.25,98,5622352
32051,0.07034635253962362,0.015632444180959517,0.009801258348408904,4,0.25,98,5623332
32061,0.07034033996308776,0.015631029490314856,0.00980041910697895,4,0.25,98,5624312
32071,0.07033338623473422,0.015629536638457016,0.009799617722277247,4,0.25,98,5625292
32081,0.07032749492117882,0.015628148946662923,0.009798777721313134,4,0.25,98,5626272
32091,0.07032042737425652,0.015626604609174147,0.009797954101086992,4,0.25,98,5627252
32101,0.0703151281662325,0.01562553170550145,0.00979717917770841,4,0.25,98,5628232
32111,0.07030971248397537,0.015624092804906769,0.009796325764411655,4,0.25,98,5629212
32121,0.07030323891748735,0.015622758920500383,0.009795515364160675,4,0.25,98,5630192
32131,0.07029723781512008,0.015621529968623545,0.009794731259629482,4,0.25,98,5631172
32141,0.07029194405016607,0.015620353594815267,0.009793984521425885,4,0.25,98,5632152
32151,0.07028618114084328,0.01561904683650246,0.009793190717351033,4,0.25,98,5633132
32161,0.07027959676118221,0.015617531423539253,0.009792379075738284,4,0.25,98,5634112
32171,0.07027430713440029,0.015616277635090344,0.009791553221274328,4,0.25,98,5635092
32181,0.07026854872923213,0.015615050271098503,0.00979070802009757,4,0.25,98,5636072
32191,0.07026173455765203,0.015613562169081297,0.00978989896154208,4,0.25,98,5637052
32201,0.07025727121669999,0.015612648641178815,0.009789128772248705,4,0.25,98,5638032
32211,0.07025151715992727,0.015611317798631117,0.009788356066214551,4,0.25,98,5639012
32221,0.07024599934216569,0.015610143819306992,0.009787601874139129,4,0.25,98,5639992
32231,0.0702420085710374,0.015609204833892066,0.009786810536773275,4,0.25,98,5640972
32241,0.07023614107314562,0.015607770612628519,0.009785996531506438,4,0.25,98,5641952
32251,0.07023027510225134,0.015606597464249125,0.009785193656883233,4,0.25,98,5642932
32261,0.07022476248133036,0.015605450651472086,0.009784370927636772,4,0.25,98,5643912
32271,0.07021983745007532,0.015604356211471798,0.009783601381575115,4,0.25,98,5644892
32281,0.07021374128326656,0.015602949425702903,0.0097828047634187,4,0.25,98,5645872
32291,0.0702075295791875,0.015601516994511273,0.00978195690755976,4,0.25,98,5646852
32301,0.07020225683479102,0.015600319275778722,0.009781154727902062,4,0.25,98,5647832
32311,0.07019698532414093,0.015599278014090251,0.009780409861169782,4,0.25,98,5648812
32321,0.07019054404143026,0.015597820611489796,0.009779612049206673,4,0.25,98,5649792
32331,0.07018468992780245,0.015596441674755867,0.009778850213121111,4,0.25,98,5650772
32341,0.07017778403017201,0.015594933084873062,0.009778004959516489,4,0.25,98,5651752
32351,0.07017099724509963,0.015593398951246186,0.009777158274705756,4,0.25,98,5652732
32361,0.07016514820951436,0.015592125197668455,0.009776360467060857,4,0.25,98,5653712
32371,0.07015836523110945,0.01559051397402095,0.009775529503560854,4,0.25,98,5654692
32381,0.07015298708017643,0.015589370839670958,0.009774752797205863,4,0.25,98,5655672
32391,0.07014679210745987,0.015588046169791387,0.009773947973906322,4,0.25,98,5656652
32401,0.0701432862745728,0.015587215183434842,0.009773184313799827,4,0.25,98,5657632
32411,0.07013697715100849,0.015585787248092812,0.009772366753164811,4,0.25,98,5658612
32421,0.07013020265418626,0.015584411623252258,0.009771559475367224,4,0.25,98,5659592
32431,0.07012564853537495,0.01558334772014038,0.009770773608294566,4,0.25,98,5660572
32441,0.0701202781949066,0.015582180282075645,0.00976999982979188,4,0.25,98,5661552
32451,0.07011560937517844,0.015581064984736074,0.009769249961806531,4,0.25,98,5662532
32461,0.07011000806993169,0.015579924007699598,0.009768484147026489,4,0.25,98,5663512
32471,0.07010499141783126,0.015578783290973763,0.009767705342349473,4,0.25,98,5664492
32481,0.07010009251171916,0.015577772418688558,0.009766941700302937,4,0.25,98,5665472
32491,0.07009449506785204,0.015576554459522676,0.00976617134200196,4,0.25,98,5666452
32501,0.07008889901646709,0.015575233179883777,0.009765377691706992,4,0.25,98,5667432
32511,0.0700817893761642,0.015573730972480933,0.009764574147183938,4,0.25,98,5668412
32521,0.07007829365601749,0.015572928253637751,0.009763805141996576,4,0.25,98,5669392
32531,0.07007316758249607,0.015571582046974744,0.009762981966091842,4,0.25,98,5670372
32541,0.07006711100169248,0.015570339716469537,0.009762179741938529,4,0.25,98,5671352
32551,0.07006210390720542,0.015569278803697302,0.009761385696531184,4,0.25,98,5672332
32561,0.07005639950731776,0.01556803704564645,0.009760571626993264,4,0.25,98,5673312
32571,0.07005139479745347,0.015566873177707231,0.009759781868140837,4,0.25,98,5674292
32581,0.07004487870564947,0.015565425187286265,0.009758961415497003,4,0.25,98,5675272
32591,0.07004034182866065,0.015564287774906016,0.009758143435769355,4,0.25,98,5676252
32601,0.07003371265525396,0.015562969734565826,0.009757307789176209,4,0.25,98,5677232
32611,0.07002917803135071,0.015561858715852424,0.0097564929176294,4,0.25,98,5678212
32621,0.07002394690968862,0.015560696286462724,0.009755712395753296,4,0.25,98,5679192
32631,0.07001848459351157,0.015559611596439066,0.009754922663346209,4,0.25,98,5680172
32641,0.07001418540617198,0.015558656231355356,0.009754143332800842,4,0.25,98,5681152
32651,0.07000837700015168,0.015557365487809132,0.009753319105454147,4,0.25,98,5682132
32661,0.07000175724846909,0.01555586864322495,0.009752552265437016,4,0.25,98,5683112
32671,0.0699959520543161,0.015554423839704774,0.00975173683217357,4,0.25,98,5684092
32681,0.06998968412924231,0.015553108400239228,0.00975099322107967,4,0.25,98,5685072
32691,0.06998365000221007,0.01555179330735825,0.009750217478412282,4,0.25,98,5686052
32701,0.06997761749592256,0.015550427009281125,0.00974942641094821,4,0.25,98,5687032
32711,0.06997216643218318,0.015549318778082811,0.009748628581668483,4,0.25,98,5688012
32721,0.06996625294469183,0.015547850106688865,0.009747807748551931,4,0.25,98,5688992
32731,0.06996103645462694,0.015546819718157957,0.009747026552920743,4,0.25,98,5689972
32741,0.06995454651469496,0.015545351782075065,0.009746216918211285,4,0.25,98,5690952
32751,0.06994852182133945,0.015543987246467,0.00974541445034149,4,0.25,98,5691932
32761,0.06994273037139376,0.015542597348682923,0.00974460711611582,4,0.25,98,5692912
32771,0.06993531949525528,0.015541002017580467,0.009743839349448726,4,0.25,98,5693892
32781,0.06992976294356217,0.015539921599265873,0.00974300535826591,4,0.25,98,5694872
32791,0.0699245549255308,0.01553873855246958,0.009742209625438534,4,0.25,98,5695852
32801,0.0699185382763146,0.015537298700302009,0.009741374603252528,4,0.25,98,5696832
32811,0.06991252323996235,0.015536064872135566,0.009740609674716579,4,0.25,98,5697812
32821,0.06990731922128518,0.015534805654071615,0.009739859655018676,4,0.25,98,5698792
32831,0.06990153839372441,0.01553349537705015,0.009739075574014452,4,0.25,98,5699772
32841,0.06989541234249814,0.015532057038080754,0.00973825136983457,4,0.25,98,5700752
32851,0.06988813260822847,0.015530644787609472,0.009737430325025356,4,0.25,98,5701732
32861,0.06988385830978452,0.015529592279346536,0.009736663231057012,4,0.25,98,5702712
32871,0.06987773708489987,0.015528257710464613,0.009735857193581379,4,0.25,98,5703692
32881,0.06987196387568712,0.015527026117865602,0.00973505396650269,4,0.25,98,5704672
32891,0.06986561506184585,0.015525512702207483,0.009734245143508414,4,0.25,98,5705652
32901,0.06986030652497509,0.015524409993881808,0.009733440306121003,4,0.25,98,5706632
32911,0.06985476852193122,0.015523128081717878,0.009732628917605518,4,0.25,98,5707612
32921,0.06984842457486672,0.015521692731599207,0.009731834186400279,4,0.25,98,5708592
32931,0.06984208242267939,0.015520385897491107,0.00973107112358241,4,0.25,98,5709572
32941,0.06983712526242022,0.015519181863689304,0.009730251023738314,4,0.25,98,5710552
32951,0.06983067106910947,0.015517824472537608,0.009729448010396146,4,0.25,98,5711532
32961,0.06982537080050082,0.015516646659292841,0.009728691032646735,4,0.25,98,5712512
32971,0.06981995660317979,0.015515443529073102,0.009727895195590508,4,0.25,98,5713492
32981,0.06981419825458354,0.015514240689490073,0.009727098315314724,4,0.25,98,5714472
32991,0.06980970776982659,0.015513089306809745,0.009726330319367557,4,0.25,98,5715452
33001,0.06980326146793056,0.015511707998989797,0.009725507844997192,4,0.25,98,5716432
33011,0.0697968170204817,0.01551012252549065,0.009724677493683317,4,0.25,98,5717412
33021,0.06979002933991599,0.015508716479637233,0.009723899615053464,4,0.25,98,5718392
33031,0.06978439367686567,0.015507591928871604,0.009723150417706336,4,0.25,98,5719372
33041,0.06978094397070321,0.01550677423333967,0.009722387581485557,4,0.25,98,5720352
33051,0.06977542554592542,0.015505547941905092,0.009721606307617186,4,0.25,99,5721341
33061,0.06976990848075595,0.0155043474909585,0.009720806710665157,4,0.25,99,5722331
33071,0.06976542686603505,0.015503274992546568,0.009719983379516737,4,0.25,99,5723321
33081,0.06975876355919004,0.015501870879849694,0.009719155481805117,4,0.25,99,5724311
33091,0.06975325059775382,0.015500569238449844,0.009718383469644204,4,0.25,99,5725301
33101,0.06974900194974394,0.015499574095369995,0.00971761950960965,4,0.25,99,5726291
33111,0.06974165484027171,0.015497992482752928,0.009716801382882076,4,0.25,99,5727281
33121,0.06973568708914576,0.015496742854301616,0.00971603493421775,4,0.25,99,5728271
33131,0.06972983564777033,0.015495340584034598,0.009715222802758695,4,0.25,99,5729261
33141,0.06972283887381185,0.015493760316970015,0.00971440923292609,4,0.25,99,5730251
33151,0.06971756406463524,0.015492639141714507,0.009713617170908522,4,0.25,99,5731241
33161,0.0697116027339215,0.015491339913943296,0.009712827506330764,4,0.25,99,5732231
33171,0.06970598677938719,0.01549004102560923,0.009712033667891648,4,0.25,99,5733221
33181,0.06969968483585358,0.015488717018207879,0.0097112515903919,4,0.25,99,5734211
33191,0.06969418640836347,0.015487393363372683,0.009710448883583035,4,0.25,99,5735201
33201,0.06968868933221282,0.015486349960924161,0.009709666879053424,4,0.25,99,5736191
33211,0.06968136199846443,0.01548464535995747,0.009708863975740948,4,0.25,99,5737181
33221,0.0696750669886082,0.015483271927865713,0.009708031838341702,4,0.25,99,5738171
33231,0.06967026108324065,0.015482203965290922,0.009707268403087034,4,0.25,99,5739161
33241,0.0696628254083741,0.015480399121838859,0.009706432589175994,4,0.25,99,5740151
33251,0.06965813648505098,0.015479509651491162,0.00970566150521853,4,0.25,99,5741141
33261,0.06965321989014195,0.01547826466049564,0.009704921414858625,4,0.25,99,5742131
33271,0.06964658991654457,0.015476969184852543,0.009704091097515875,4,0.25,99,5743121
33281,0.06964087600004618,0.015475674047000957,0.009703319151166099,4,0.25,99,5744111
33291,0.06963664864209942,0.015474709261849117,0.009702533187716737,4,0.25,99,5745101
33301,0.06963173677108943,0.015473668519610115,0.009701759878758518,4,0.25,99,5746091
33311,0.06962602665041367,0.015472374242126516,0.00970095302559593,4,0.25,99,5747081
33321,0.0696215737690199,0.015471435467609268,0.009700176572445445,4,0.25,99,5748071
33331,0.06961506730749605,0.015469786698811735,0.009699382980976988,4,0.25,99,5749061
33341,0.0696077640643258,0.015468315951861291,0.009698571278270033,4,0.25,99,5750051
33351,0.06960331482099658,0.015467251200149157,0.009697833138587781,4,0.25,99,5751041
33361,0.06959738387476146,0.015465907910756931,0.009697045619498726,4,0.25,99,5752031
33371,0.06959213858092556,0.015464742331559367,0.009696245500313113,4,0.25,99,5753021
33381,0.06958586865051056,0.015463425049828694,0.009695439517763893,4,0.25,99,5754011
33391,0.06957834705691213,0.015461677657937215,0.009694624758234552,4,0.25,99,5755001
33401,0.06957139753321968,0.015460183999118133,0.009693777060445993,4,0.25,99,5755991
33411,0.06956695552839205,0.015459222219581915,0.009693014048872135,4,0.25,99,5756981
33421,0.06956217281904516,0.015458083511205535,0.009692172497203166,4,0.25,99,5757971
33431,0.06955693578894317,0.01545699565623951,0.009691383892119395,4,0.25,99,5758961
33441,0.06955044812954755,0.015455579272448233,0.00969057686686835,4,0.25,99,5759951
33451,0.06954510007409007,0.015454163292990035,0.009689783737117803,4,0.25,99,5760941
33461,0.06953929831432676,0.015453126850014615,0.009689012377809569,4,0.25,99,5761931
33471,0.06953361177836949,0.015451837918285924,0.009688235949599255,4,0.25,99,5762921
33481,0.06952838144478897,0.015450549321486423,0.009687430579689118,4,0.25,99,5763911
33491,0.06952247036968592,0.015449412602335604,0.009686628466661969,4,0.25,99,5764901
33501,0.0695172426467785,0.015447973132090153,0.009685859250029705,4,0.25,99,5765891
33511,0.06951167533248034,0.015446937982038847,0.00968510847711736,4,0.25,99,5766881
33521,0.06950735877975721,0.015445978767638,0.009684310122845765,4,0.25,99,5767871
33531,0.069502021040789,0.015444742159829406,0.0096835265614544,4,0.25,99,5768861
33541,0.0694967981072942,0.015443556315616442,0.009682746564915684,4,0.25,99,5769851
33551,0.06949146289470354,0.015442421198666274,0.009681980005275129,4,0.25,99,5770841
33561,0.06948601548396723,0.015441034186482133,0.009681214909840549,4,0.25,99,5771831
33571,0.06947898121396556,0.015439571939518993,0.009680399845966487,4,0.25,99,5772821
33581,0.06947331003150428,0.015438437734760526,0.009679635479910692,4,0.25,99,5773811
33591,0.06946866073802821,0.015437379377849914,0.009678882780479126,4,0.25,99,5774801
33601,0.06946253875737629,0.015435943397859087,0.009678059660609369,4,0.25,99,5775791
33611,0.06945789170942747,0.01543493594108436,0.009677300682473123,4,0.25,99,5776781
33621,0.06945154608682437,0.015433551022492423,0.009676496564706297,4,0.25,99,5777771
33631,0.06944712788085543,0.01543261956780699,0.009675737868046787,4,0.25,99,5778761
33641,0.06944191778905529,0.015431486953544817,0.009674957887995342,4,0.25,99,5779751
33651,0.0694363692480938,0.015430203637101866,0.009674158815379807,4,0.25,99,5780741
33661,0.0694312748659111,0.015428996113583634,0.00967343833021847,4,0.25,99,5781731
33671,0.06942663433148115,0.015428040366256538,0.00967269188483168,4,0.25,99,5782721
33681,0.06942199476333032,0.015426883655742891,0.00967191793915974,4,0.25,99,5783711
33691,0.06941758241199383,0.01542602886945441,0.009671171795971932,4,0.25,99,5784701
33701,0.06941317093436787,0.015424973160700567,0.009670395325110888,4,0.25,99,5785691
33711,0.06940808185317243,0.015423842293956169,0.009669593622437595,4,0.25,99,5786681
33721,0.06940186344355506,0.01542248559480174,0.009668765654109894,4,0.25,99,5787671
33731,0.06939542074135391,0.01542107904020874,0.009667988082456452,4,0.25,99,5788661
33741,0.06938796309804754,0.015419371618298422,0.009667186185413994,4,0.25,99,5789651
33751,0.06938242797779193,0.01541819183265669,0.00966637685969646,4,0.25,99,5790641
33761,0.06937712007330438,0.015417062514188153,0.009665600106213403,4,0.25,99,5791631
33771,0.06937192632792202,0.015415983628427115,0.00966485047006179,4,0.25,99,5792621
33781,0.06936673379385673,0.015414754487198867,0.009664045480236886,4,0.25,99,5793611
33791,0.06936131678838826,0.015413600877360776,0.009663289692499216,4,0.25,99,5794601
33801,0.06935578828798811,0.015412272051664741,0.009662472706575935,4,0.25,99,5795591
33811,0.06935026116038155,0.015410943582858246,0.009661663621786509,4,0.25,99,5796581
33821,0.06934473540499583,0.015409615470780241,0.009660881970420889,4,0.25,99,5797571
33831,0.06933797104194557,0.015408387910796547,0.009660091369835148,4,0.25,99,5798561
33841,0.06933222294958244,0.01540706048479976,0.009659329065961012,4,0.25,99,5799551
33851,0.06932602569014147,0.015405683343931064,0.00965851617300275,4,0.25,99,5800541
33861,0.0693196048967592,0.015404206473678838,0.009657763229266727,4,0.25,99,5801531
33871,0.06931476236632428,0.015403055321518479,0.00965698231557052,4,0.25,99,5802521
33881,0.06930890769084784,0.01540182938900382,0.009656189650515776,4,0.25,99,5803511
33891,0.06930395493799002,0.015400803842322524,0.009655448029320148,4,0.25,99,5804501
33901,0.06929731547708648,0.015399203414173217,0.009654613454913447,4,0.25,99,5805491
33911,0.06929157787882112,0.015397978436571256,0.009653824697916934,4,0.25,99,5806481
33921,0.06928629159866799,0.015396803743297185,0.009653061716471345,4,0.25,99,5807471
33931,0.06928089414125065,0.015395654313837196,0.00965228569040651,4,0.25,99,5808461
33941,0.06927504837388555,0.015394405237193513,0.009651539100235628,4,0.25,99,5809451
33951,0.06927100220437131,0.015393481123736868,0.009650792564892385,4,0.25,99,5810441
33961,0.0692656084569536,0.015392332466917905,0.00965001868905047,4,0.25,99,5811431
33971,0.06926066533788343,0.015391084229759018,0.009649234692023861,4,0.25,99,5812421
33981,0.06925662178519093,0.015390185694277443,0.009648471511845624,4,0.25,99,5813411
33991,0.06925212981144292,0.015389187513192524,0.009647745987024283,4,0.25,99,5814401
34001,0.06924617934428275,0.015387915124819728,0.009646977375674635,4,0.25,99,5815391
34011,0.06924101607906295,0.015386867521664196,0.009646267288203418,4,0.25,99,5816381
34021,0.06923585401323858,0.015385645598803623,0.009645485286258854,4,0.25,99,5817371
34031,0.06922923485770614,0.015384000221316184,0.009644695746086,4,0.25,99,5818361
34041,0.06922317837541606,0.015382878687324679,0.009643915100798858,4,0.25,99,5819351
34051,0.06921824468437562,0.015381607923392654,0.009643156075687529,4,0.25,99,5820341
34061,0.06921107036195395,0.015380088419557713,0.009642378872098319,4,0.25,99,5821331
34071,0.06920658758684256,0.015379117178569232,0.009641625438749366,4,0.25,99,5822321
34081,0.06920176961245238,0.015378046544599204,0.00964089655224143,4,0.25,99,5823311
34091,0.06919717670307389,0.015376976142829797,0.00964012816973386,4,0.25,99,5824301
34101,0.06919124093476703,0.01537575666562723,0.00963933386204121,4,0.25,99,5825291
34111,0.0691869860772799,0.015374761397400223,0.009638573164546266,4,0.25,99,5826281
34121,0.06918049339262197,0.015373219128269163,0.009637771623484196,4,0.25,99,5827271
34131,0.06917467397872995,0.0153721497730511,0.009637033294789639,4,0.25,99,5828261
34141,0.06916874422231348,0.015370707754018414,0.009636251755959268,4,0.25,99,5829251
34151,0.06916527660824408,0.01536981291968928,0.009635508532724359,4,0.25,99,5830241
34161,0.06915968482351999,0.015368794000487282,0.00963473663575667,4,0.25,99,5831231
34171,0.06915498881275774,0.015367626230039646,0.00963399927821972,4,0.25,99,5832221
34181,0.06914962315968594,0.015366384224506945,0.009633270655346856,4,0.25,99,5833211
34191,0.06914347660996757,0.015365117701016114,0.00963252533125492,4,0.25,99,5834201
34201,0.06913856059569011,0.015363950800648073,0.009631776986264202,4,0.25,99,5835191
34211,0.06913286385072585,0.015362709720352129,0.009631009362508557,4,0.25,99,5836181
34221,0.06912783852542706,0.015361493764674126,0.00963026744908153,4,0.25,99,5837171
34231,0.06912247943278703,0.015360451755591982,0.009629496506199505,4,0.25,99,5838161
34241,0.06911678681500646,0.015359112353180713,0.009628750228424396,4,0.25,99,5839151
34251,0.0691116535497707,0.015357971667743433,0.00962799187653505,4,0.25,99,5840141
34261,0.06910574060801566,0.015356756880074212,0.009627249996982822,4,0.25,99,5841131
34271,0.06909927164755289,0.015355269792640514,0.009626419569406967,4,0.25,99,5842121
34281,0.0690939194517462,0.015354055670686534,0.009625612440800273,4,0.25,99,5843111
34291,0.06908912587305786,0.015353089542472855,0.00962487912392733,4,0.25,99,5844101
34301,0.0690818817324149,0.015351479749624147,0.009624090944756657,4,0.25,99,5845091
34311,0.06907642232909834,0.015350142783127341,0.009623302133422862,4,0.25,99,5846081
34321,0.06907107564539909,0.015349004171851805,0.009622517081731721,4,0.25,99,5847071
34331,0.06906461678934858,0.015347519422110748,0.009621728591571692,4,0.25,99,5848061
34341,0.06905893900501642,0.015346282472444574,0.00962094576093562,4,0.25,99,5849051
34351,0.06905381911348889,0.015345144753053317,0.00962015429703485,4,0.25,99,5850041
34361,0.06904680900683392,0.015343636443456616,0.009619349840899714,4,0.25,99,5851031
34371,0.06904113578233939,0.015342375752217184,0.009618579909338846,4,0.25,99,5852021
34381,0.06903490803202748,0.015341041254387752,0.009617777961814851,4,0.25,99,5853011
34391,0.06902901552311667,0.01533963301008415,0.009617010117224238,4,0.25,99,5854001
34401,0.06902390254022028,0.015338546219728041,0.009616234904028373,4,0.25,99,5854991
34411,0.0690190129649369,0.015337484360911795,0.009615491739092825,4,0.25,99,5855981
34421,0.06901368011346938,0.015336299300639917,0.009614693512178462,4,0.25,99,5856971
34431,0.06900857066870023,0.015335213245978536,0.009613952220596616,4,0.25,99,5857961
34441,0.06900468383715129,0.01533432483402079,0.009613218157445553,4,0.25,99,5858951
34451,0.06899979850226513,0.015333115864278416,0.00961249155360451,4,0.25,99,5859941
34461,0.068994248293239,0.015332005847513487,0.00961176224994768,4,0.25,99,5860931
34471,0.06898792275142562,0.015330501557784168,0.009610944600185958,4,0.25,99,5861921
34481,0.06898270831283124,0.015329392130561201,0.009610204983240287,4,0.25,99,5862911
34491,0.06897749510208047,0.015328135082068482,0.009609473701457635,4,0.25,99,5863901
34501,0.06897250488021857,0.015327149386390019,0.009608717906899912,4,0.25,99,5864891
34511,0.06896751578305481,0.015326065349222326,0.009607993452556465,4,0.25,99,5865881
34521,0.0689621953186009,0.015324809150465838,0.009607229828080963,4,0.25,99,5866871
34531,0.0689572085444639,0.015323676383585219,0.009606475258159506,4,0.25,99,5867861
34541,0.06895155822514276,0.015322420794784167,0.009605704354122047,4,0.25,99,5868851
34551,0.06894424818812434,0.015320894824343225,0.009604930650640312,4,0.25,99,5869841
34561,0.068938711888591,0.015319590741071103,0.009604151589347418,4,0.25,99,5870831
34571,0.0689325128773079,0.015318336194957309,0.009603418190547473,4,0.25,99,5871821
34581,0.06892697951319396,0.015317081968895021,0.009602653952440404,4,0.25,99,5872811
34591,0.0689233282509189,0.015316147655510207,0.009601941279450795,4,0.25,99,5873801
34601,0.06891846083854132,0.015315041461383435,0.00960119164350049,4,0.25,99,5874791
34611,0.06891337332512243,0.015313960090008563,0.00960044811815745,4,0.25,99,5875781
34621,0.06890872922597825,0.015312829819719443,0.00959970105617488,4,0.25,99,5876771
34631,0.06890342287796011,0.01531167524675502,0.009598922833196681,4,0.25,99,5877761
34641,0.06889822831231844,0.015310520944988417,0.009598184603123679,4,0.25,99,5878751
34651,0.06889270351792919,0.015309366914312601,0.00959743213254241,4,0.25,99,5879741
34661,0.06888729055842865,0.01530823769987841,0.009596655802856822,4,0.25,99,5880731
34671,0.06888066424915977,0.015306765201418996,0.009595855630554307,4,0.25,99,5881721
34681,0.06887459187661545,0.015305366736573968,0.009595069094944612,4,0.25,99,5882711
34691,0.06886896262131999,0.015304115815938824,0.009594266264911562,4,0.25,99,5883701
34701,0.06886421750016923,0.015303061365630366,0.009593512971135103,4,0.25,99,5884691
34711,0.06885892182379733,0.015301811031926437,0.009592750989233154,4,0.25,99,5885681
34721,0.06885296570429958,0.015300438483060069,0.009591979675726187,4,0.25,99,5886671
34731,0.06884612917586713,0.015299090817312023,0.009591209538608798,4,0.25,99,5887661
34741,0.0688407276091212,0.015297865987521926,0.009590451010826114,4,0.25,99,5888651
34751,0.06883422543366015,0.015296274165463945,0.00958968505817295,4,0.25,99,5889641
34761,0.06882706423487049,0.015294682859381074,0.009588891970649058,4,0.25,99,5890631
34771,0.06882122682127283,0.015293434657207847,0.009588096925279704,4,0.25,99,5891621
34781,0.06881528085401871,0.015292162307212358,0.00958732596474646,4,0.25,99,5892611
34791,0.06880955662030058,0.015290914745795123,0.009586591589194947,4,0.25,99,5893601
34801,0.06880405394827956,0.01528949633577752,0.009585801688668804,4,0.25,99,5894591
34811,0.06879800259236764,0.01528832278918391,0.00958504537594942,4,0.25,99,5895581
34821,0.06879250279847164,0.01528719840368134,0.009584292663524584,4,0.25,99,5896571
34831,0.06878667451230965,0.015285805500757196,0.009583490481975683,4,0.25,99,5897561
34841,0.06878216689339958,0.01528487711846495,0.009582739779416684,4,0.25,99,5898551
34851,0.06877831965412852,0.015283973336073545,0.009581982717626301,4,0.25,99,5899541
34861,0.06877315441594226,0.015282801109698515,0.009581187718524337,4,0.25,99,5900531
34871,0.06876755095008527,0.01528153151385017,0.009580439346654823,4,0.25,99,5901521
34881,0.06876238823108466,0.015280506310915494,0.009579718181762464,4,0.25,99,5902511
34891,0.06875678749769192,0.01527913970696048,0.009578933360780115,4,0.25,99,5903501
34901,0.06875162729581287,0.015277944240832354,0.009578161083971163,4,0.25,99,5904491
34911,0.06874482206637879,0.015276505188667059,0.009577366441466008,4,0.25,99,5905481
34921,0.06873900635642098,0.015275237221583382,0.009576621815681688,4,0.25,99,5906471
34931,0.06873341155423926,0.015273969582352689,0.009575858776146336,4,0.25,99,5907461
34941,0.06872770851062862,0.015272726639118354,0.009575069951296353,4,0.25,99,5908451
34951,0.06872321291947298,0.015271703275406126,0.00957427433381883,4,0.25,99,5909441
34961,0.06871740290302857,0.015270509621063723,0.009573518340118622,4,0.25,99,5910431
34971,0.06871345734947006,0.015269632835741252,0.009572771778860333,4,0.25,99,5911421
34981,0.06870940293264202,0.015268658813767632,0.009572055866072137,4,0.25,99,5912411
34991,0.06870348701318289,0.015267368532782832,0.009571307022470658,4,0.25,99,5913401
35001,0.06869910587367542,0.015266394960733861,0.00957057242508522,4,0.25,99,5914391
35011,0.06869406863920689,0.015265251260711406,0.009569847123386438,4,0.25,99,5915381
35021,0.06869023673161943,0.01526432676222633,0.009569146229793614,4,0.25,99,5916371
35031,0.06868432595184744,0.015263061941684673,0.009568373874382306,4,0.25,99,5917361
35041,0.06867786968892663,0.015261530000326895,0.009567592714613233,4,0.25,99,5918351
35051,0.0686714153165208,0.015260168676785124,0.009566824384447458,4,0.25,99,5919341
35061,0.0686654002304701,0.01525885633019193,0.009566057757081133,4,0.25,99,5920331
35071,0.06865818429366202,0.015257228537013091,0.00956531853127754,4,0.25,99,5921321
35081,0.06865282853519214,0.015256111260866307,0.009564589084657274,4,0.25,99,5922311
35091,0.06864758333983313,0.01525492139923964,0.009563855030466273,4,0.25,99,5923301
35101,0.06864321329736461,0.015253926022888652,0.009563106917181565,4,0.25,99,5924291
35111,0.06863720590400321,0.015252615348125269,0.009562348122810121,4,0.25,99,5925281
35121,0.06863196442637956,0.015251377810759656,0.0095615433362279,4,0.25,99,5926271
35131,0.0686267241956745,0.01525028612578918,0.009560791707771415,4,0.25,99,5927261
35141,0.06862159434418587,0.015249170432759878,0.009560037607313786,4,0.25,99,5928251
35151,0.06861646568725657,0.01524803074816061,0.00955927431044028,4,0.25,99,5929241
35161,0.06861112006099152,0.015246867088827814,0.009558519669347957,4,0.25,99,5930231
35171,0.0686053395175875,0.015245485602679422,0.009557748775782141,4,0.25,99,5931221
35181,0.06860021464457713,0.015244467915041068,0.009557017701844615,4,0.25,99,5932211
35191,0.068594872961673,0.015243208214030584,0.009556292907789678,4,0.25,99,5933201
35201,0.06859040438597226,0.015242215216872402,0.009555551384880121,4,0.25,99,5934191
35211,0.06858626358899678,0.015241270845615763,0.009554798058670377,4,0.25,99,5935181
35221,0.06858048956739872,0.015239939349776185,0.009554062831076775,4,0.25,99,5936171
35231,0.0685750437653425,0.01523885021361872,0.009553332634078645,4,0.25,99,5937161
35241,0.06856981706275371,0.0152376403467177,0.009552557639794344,4,0.25,99,5938151
35251,0.06856437390054192,0.015236382402564627,0.009551814208892532,4,0.25,99,5939141
35261,0.0685584967971985,0.015235173145965824,0.009551062648259435,4,0.25,99,5940131
35271,0.06855305643410312,0.015233819133516915,0.009550301763108737,4,0.25,99,5941121
35281,0.06854729111753681,0.015232634680136152,0.009549537804798107,4,0.25,99,5942111
35291,0.06854054870183963,0.015231160557406028,0.009548751941745946,4,0.25,99,5943101
35301,0.06853598243276784,0.015230000904410537,0.009548003164961186,4,0.25,99,5944091
35311,0.06852967819056573,0.015228696623555178,0.009547262764453703,4,0.25,99,5945081
35321,0.068523701698559,0.01522744097826127,0.009546503112321419,4,0.25,99,5946071
35331,0.06851837855514034,0.015226064968362726,0.009545699080713128,4,0.25,99,5947061
35341,0.06851131923017537,0.015224592825425601,0.009544952059082802,4,0.25,99,5948051
35351,0.0685048049411152,0.015223217617182027,0.009544195852815886,4,0.25,99,5949041
35361,0.06849959489914136,0.015221963378777311,0.00954343810821388,4,0.25,99,5950031
35371,0.06849395207994875,0.015220709462282692,0.009542663137123516,4,0.25,99,5951021
35381,0.06848917851783583,0.015219696918484543,0.009541900257961753,4,0.25,99,5952011
35391,0.06848429753766591,0.015218636383380092,0.009541138353813632,4,0.25,99,5953001
35401,0.06847898392497842,0.015217383320512513,0.00954036858390254,4,0.25,99,5953991
35411,0.06847388840120676,0.01521634737669247,0.009539630466994678,4,0.25,99,5954981
35421,0.0684680354277445,0.015215022652480223,0.009538886256951214,4,0.25,99,5955971
35431,0.06846294244163713,0.015213794592874127,0.009538137635231248,4,0.25,99,5956961
35441,0.06845633415560608,0.015212374281690234,0.009537374915588221,4,0.25,99,5957951
35451,0.06845059414324256,0.01521114688791513,0.009536639665991206,4,0.25,99,5958941
35461,0.0684462630512517,0.015210232559792139,0.009535913692433538,4,0.25,99,5959931
35471,0.06843998448420649,0.015208813284343243,0.009535181859339976,4,0.25,99,5960921
35481,0.06843446515763789,0.015207610831492543,0.009534422286579868,4,0.25,99,5961911
35491,0.06842992087103093,0.01520652887714513,0.009533673177336062,4,0.25,99,5962901
35501,0.06842472855168334,0.015205447162596001,0.009532995440914701,4,0.25,99,5963891
35511,0.06841921305715506,0.015204197479874733,0.00953225300939367,4,0.25,99,5964881
35521,0.06841478003640951,0.015203164330076199,0.009531548859746913,4,0.25,99,5965871
35531,0.06841034791044354,0.015202131398980688,0.009530819940201597,4,0.25,99,5966861
35541,0.06840570054419542,0.01520112270059703,0.009530076774302823,4,0.25,99,5967851
35551,0.06840029786664421,0.015199970157749118,0.009529314511969382,4,0.25,99,5968841
35561,0.06839543659337328,0.015198745879244776,0.009528545072118243,4,0.25,99,5969831
35571,0.06839079238230052,0.015197833871449216,0.009527820044256643,4,0.25,99,5970821
35581,0.06838636509597211,0.015196826061179756,0.009527102709582019,4,0.25,99,5971811
35591,0.06838075128535852,0.015195674532941891,0.009526367856522997,4,0.25,99,5972801
35601,0.06837697356732511,0.01519469115115857,0.009525653507095581,4,0.25,99,5973791
35611,0.06837147005636368,0.015193420244088148,0.009524881686875371,4,0.25,99,5974781
35621,0.06836672303808478,0.01519248525981389,0.00952415540926956,4,0.25,99,5975771
35631,0.06836046717357018,0.0151910951018678,0.009523425451352983,4,0.25,99,5976761
35641,0.0683549678005758,0.015189968885224663,0.009522697608486123,4,0.25,99,5977751
35651,0.06835054773535136,0.015188914790478163,0.009521941277284614,4,0.25,99,5978741
35661,0.06834655966033712,0.015188004619307844,0.009521215768465036,4,0.25,99,5979731
35671,0.06834117152143519,0.01518675939724365,0.009520443152050397,4,0.25,99,5980721
35681,0.06833664650738437,0.015185634181705406,0.009519668301157028,4,0.25,99,5981711
35691,0.068331691610531,0.015184724622851678,0.009518926850223255,4,0.25,99,5982701
35701,0.06832706087120981,0.015183647733170613,0.00951820830104076,4,0.25,99,5983691
35711,0.06832038571217257,0.015182164408191454,0.009517454583887135,4,0.25,99,5984681
35721,0.06831328212988688,0.015180585880840503,0.009516676413674353,4,0.25,99,5985671
35731,0.0683066111635346,0.015179103487523002,0.00951592963350182,4,0.25,99,5986661
35741,0.0683031688781515,0.01517824294995675,0.009515196074837353,4,0.25,99,5987651
35751,0.06829693111324725,0.015177024115224251,0.009514487601370074,4,0.25,99,5988641
35761,0.06829069512287564,0.01517563835997791,0.009513696771544207,4,0.25,99,5989631
35771,0.06828499826882153,0.01517425299887392,0.009512952172090954,4,0.25,99,5990621
35781,0.0682805922841249,0.01517327392957002,0.00951224180158564,4,0.25,99,5991611
35791,0.06827457578466317,0.015171936982126284,0.009511491830627732,4,0.25,99,5992601
35801,0.06826834615116158,0.015170600401642345,0.00951072806125739,4,0.25,99,5993591
35811,0.06826405088389541,0.015169669785486197,0.009510017836257554,4,0.25,99,5994581
35821,0.06825868298368155,0.015168476947997521,0.009509285173244135,4,0.25,99,5995571
35831,0.06825353103654516,0.015167379795572063,0.009508578176249897,4,0.25,99,5996561
35841,0.06824913137428935,0.015166354420124244,0.009507838226951466,4,0.25,99,5997551
35851,0.06824376712817112,0.015165162394623389,0.009507086336326277,4,0.25,99,5998541
35861,0.06823776073176238,0.015163827672546771,0.009506320062431945,4,0.25,99,5999531
35871,0.06823261370270733,0.015162660090915736,0.009505583070670865,4,0.25,99,6000521
35881,0.0682260744316206,0.01516125459892756,0.00950480440340314,4,0.25,99,6001511
35891,0.0682209301482104,0.015160040009150937,0.009504075522217022,4,0.25,99,6002501
35901,0.06821567993855848,0.015158897142722661,0.009503366308269397,4,0.25,99,6003491
35911,0.06821075231576398,0.01515780214758084,0.009502617103174148,4,0.25,99,6004481
35921,0.06820593288816039,0.015156707398837854,0.009501849366887662,4,0.25,99,6005471
35931,0.0682013286484444,0.015155612896400534,0.009501133132733836,4,0.25,99,6006461
35941,0.06819522684628808,0.015154423499093276,0.009500415534804001,4,0.25,99,6007451
35951,0.06818901974052777,0.015153044162490973,0.0094996785089503,4,0.25,99,6008441
35961,0.06818527492475081,0.015152164445194086,0.009498989025682344,4,0.25,99,6009431
35971,0.06817939150861543,0.015150857051339879,0.009498207853073449,4,0.25,99,6010421
35981,0.06817350967386138,0.015149597531550695,0.009497459479017091,4,0.25,99,6011411
35991,0.06816901915539914,0.015148599653187354,0.009496752877809128,4,0.25,99,6012401
36001,0.0681629263541057,0.015147103219541307,0.009495997496949666,4,0.25,99,6013391
36011,0.06815726263978268,0.015145987132449702,0.009495296238660194,4,0.25,99,6014381
36021,0.06815181403456952,0.015144728873473345,0.009494531281822968,4,0.25,99,6015371
36031,0.06814722116683408,0.015143779459677379,0.009493831237760797,4,0.25,99,6016361
36041,0.06814220215850751,0.01514252177198035,0.009493046871537868,4,0.25,99,6017351
36051,0.06813665055487976,0.01514128813046282,0.009492293598673941,4,0.25,99,6018341
36061,0.06813131380317129,0.015140197093176174,0.009491521411672615,4,0.25,99,6019331
36071,0.06812597835357145,0.015139058880591947,0.009490780261250166,4,0.25,99,6020321
36081,0.06812128423460391,0.015138015753222893,0.00949002497054294,4,0.25,99,6021311
36091,0.06811691107608017,0.015136996549621529,0.009489291063406116,4,0.25,99,6022301
36101,0.06811157913950808,0.015135788003859353,0.009488550906869899,4,0.25,99,6023291
36111,0.06810486275049381,0.015134271822668795,0.00948775508484275,4,0.25,99,6024281
36121,0.06809932061852889,0.01513308763530761,0.009487023400975236,4,0.25,99,6025271
36131,0.06809463221959436,0.01513185638663675,0.009486277927300234,4,0.25,99,6026261
36141,0.0680873884898077,0.015130507107173658,0.009485515312942755,4,0.25,99,6027251
36151,0.06808302210683505,0.015129323837269424,0.00948477134658348,4,0.25,99,6028241
36161,0.06807737905068527,0.015128235483552977,0.009484075971463982,4,0.25,99,6029231
36171,0.06807205674844134,0.015127100070137638,0.009483361346146217,4,0.25,99,6030221
36181,0.06806631011788258,0.01512582304734489,0.009482627933980706,4,0.25,99,6031211
36191,0.0680608841321944,0.015124593639089159,0.009481896942742424,4,0.25,99,6032201
36201,0.0680545023446196,0.015123128212977802,0.009481142251717844,4,0.25,99,6033191
36211,0.06804982355178867,0.015122017620173974,0.009480417989556945,4,0.25,99,6034181
36221,0.06804450795807004,0.015120836417373003,0.009479708710105486,4,0.25,99,6035171
36231,0.06804036269290652,0.015119962512345226,0.009479009488282083,4,0.25,99,6036161
36241,0.06803547441692329,0.015118899866923174,0.009478254361991869,4,0.25,99,6037151
36251,0.06803111839740164,0.01511786106079771,0.009477529530673252,4,0.25,99,6038141
36261,0.0680250639113093,0.015116539265474589,0.009476775222295467,4,0.25,99,6039131
36271,0.06801986051930267,0.015115430179411806,0.009476081750824298,4,0.25,99,6040121
36281,0.06801444606075617,0.015114250578891304,0.009475356722738644,4,0.25,99,6041111
36291,0.06801115557539063,0.015113566541990872,0.0094746739996307,4,0.25,99,6042101
36301,0.06800521272981173,0.015112104441748212,0.009473913558761425,4,0.25,99,6043091
36311,0.06799969582162954,0.015110902076672424,0.009473196202295364,4,0.25,99,6044081
36321,0.06799545299483392,0.015109912117432373,0.00947244757610211,4,0.25,99,6045071
36331,0.06798993855286412,0.015108780982829176,0.009471698114018892,4,0.25,99,6046061
36341,0.06798601566363588,0.015107909246609182,0.009470976203915312,4,0.25,99,6047051
36351,0.06798135152398396,0.015106802131928884,0.009470265630715156,4,0.25,99,6048041
36361,0.06797679435057101,0.015105907202706773,0.00946957691742622,4,0.25,99,6049031
36371,0.0679718143426038,0.015104777001854726,0.009468866291144018,4,0.25,99,6050021
36381,0.06796545853708182,0.015103317548932889,0.009468122320407555,4,0.25,99,6051011
36391,0.06796016344667612,0.015102187951582741,0.009467425548105259,4,0.25,99,6052001
36401,0.06795465791585263,0.015100940993563551,0.00946669550584304,4,0.25,99,6052991
36411,0.06794968295839134,0.015099882507387563,0.009465993760382511,4,0.25,99,6053981
36421,0.06794566148186644,0.01509894182481828,0.009465280620625672,4,0.25,99,6054971
36431,0.06794142914966828,0.015098001324804934,0.009464583023587575,4,0.25,99,6055961
36441,0.06793709186147735,0.015096990490829451,0.009463863836393907,4,0.25,99,6056951
36451,0.06793053467371958,0.015095580377123536,0.009463145615593953,4,0.25,99,6057941
36461,0.06792609382795992,0.015094593541653356,0.009462418759231697,4,0.25,99,6058931
36471,0.06792070258818927,0.015093442487596946,0.009461687878947257,4,0.25,99,6059921
36481,0.06791658077483516,0.015092409121037834,0.009460959531790774,4,0.25,99,6060911
36491,0.06791129753858642,0.015091211631023711,0.00946023926939408,4,0.25,99,6061901
36501,0.0679067549793702,0.015090225685017899,0.009459532078726353,4,0.25,99,6062891
36511,0.06790221336669006,0.015089239939672433,0.009458857024494975,4,0.25,99,6063881
36521,0.06789714477713414,0.015088160543972783,0.009458128215716278,4,0.25,99,6064871
36531,0.06789281629020844,0.015087269050688105,0.00945740997091669,4,0.25,99,6065861
36541,0.06788785542366327,0.015086096283200187,0.009456689906497201,4,0.25,99,6066851
36551,0.06788120752262092,0.015084689337052006,0.009455939464671818,4,0.25,99,6067841
36561,0.06787698768561107,0.015083681277079989,0.009455200067430194,4,0.25,99,6068831
36571,0.06787276866579166,0.015082673426960184,0.009454469117136849,4,0.25,99,6069821
36581,0.06786760147980066,0.015081572063296174,0.009453741976943701,4,0.25,99,6070811
36591,0.06786254093473967,0.015080400674845462,0.009453015573012683,4,0.25,99,6071801
36601,0.0678565330641416,0.015079159312517137,0.009452307431829066,4,0.25,99,6072791
36611,0.06785189654276857,0.015078105575503882,0.009451581156211903,4,0.25,99,6073781
36621,0.06784694498504326,0.015076958433848972,0.009450837279021702,4,0.25,99,6074771
36631,0.06784157329153037,0.015075811564060205,0.009450100057823202,4,0.25,99,6075761
36641,0.06783630821145445,0.015074664966029322,0.009449377683275247,4,0.25,99,6076751
36651,0.06782999179549119,0.015073167777699677,0.009448646212126845,4,0.25,99,6077741
36661,0.06782536092152097,0.01507220888484889,0.00944794596573648,4,0.25,99,6078731
36671,0.06782009976019371,0.015071016380886487,0.009447185823980528,4,0.25,99,6079721
36681,0.06781494505547965,0.015069964415585228,0.009446473466704122,4,0.25,99,6080711
36691,0.06781052770854165,0.015068865940479353,0.009445759926689945,4,0.25,99,6081701
36701,0.06780484957951172,0.015067650896952603,0.009445053457916977,4,0.25,99,6082691
36711,0.06779990870978848,0.015066599663309794,0.009444355426934269,4,0.25,99,6083681
36721,0.06779580969062306,0.015065595364625739,0.009443642261642961,4,0.25,99,6084671
36731,0.06779034553256638,0.015064404490012971,0.00944291018904061,4,0.25,99,6085661
36741,0.0677842525131219,0.015063003836463914,0.009442174462023745,4,0.25,99,6086651
36751,0.06777963136048695,0.015062023620357775,0.00944145317273182,4,0.25,99,6087641
36761,0.06777585114740288,0.015061113597611005,0.009440719572439991,4,0.25,99,6088631
36771,0.06777039199905939,0.015059947152328796,0.009439990669470332,4,0.25,99,6089621
36781,0.06776472433323455,0.015058734347750981,0.00943925882958179,4,0.25,99,6090611
36791,0.06776021224792629,0.01505768505089788,0.009438574190960445,4,0.25,99,6091601
36801,0.0677542325540896,0.015056402886263068,0.009437832526919775,4,0.25,99,6092591
36811,0.06774993238725374,0.015055424007740412,0.009437125486981586,4,0.25,99,6093581
36821,0.06774479427864734,0.015054305532179046,0.009436414823505395,4,0.25,99,6094571
36831,0.06773997185277113,0.015053210608997145,0.009435691849424813,4,0.25,99,6095561
36841,0.06773452170248388,0.015052092645619984,0.00943498439486545,4,0.25,99,6096551
36851,0.06772928246151713,0.015050765400027677,0.009434232878451937,4,0.25,99,6097541
36861,0.06772456822399606,0.015049741108897024,0.009433505725458495,4,0.25,99,6098531
36871,0.06771922665712372,0.015048577405284846,0.009432772650078698,4,0.25,99,6099521
36881,0.06771346761460477,0.015047344185481898,0.009432041881317162,4,0.25,99,6100511
36891,0.06770645411486756,0.015045832175878395,0.009431264999412861,4,0.25,99,6101501
36901,0.06770205874651848,0.01504478567724326,0.009430558721858632,4,0.25,99,6102491
36911,0.06769735040964409,0.015043669661949774,0.009429823299454715,4,0.25,99,6103481
36921,0.06769117880216671,0.015042414452988099,0.009429064036186013,4,0.25,99,6104471
36931,0.06768511350647141,0.015040857517575492,0.009428288993431547,4,0.25,99,6105461
36941,0.06768009523166509,0.01503995147288367,0.009427581516083756,4,0.25,99,6106451
36951,0.06767507811585087,0.015038836574352083,0.009426858396598379,4,0.25,99,6107441
36961,0.06766985318549468,0.015037675495475102,0.009426118775481983,4,0.25,99,6108431
36971,0.06766389829764925,0.015036398631223245,0.009425412156599478,4,0.25,99,6109421
36981,0.06765846719222114,0.015035122104696331,0.009424668114561208,4,0.25,99,6110411
36991,0.06765293303980813,0.015033915517348855,0.00942397795687876,4,0.25,99,6111401
37001,0.06764687841339247,0.015032500482017116,0.009423253048529565,4,0.25,99,6112391
37011,0.06764186896455285,0.015031364114775387,0.009422516571731885,4,0.25,99,6113381
37021,0.06763654769131103,0.015030297564556367,0.009421829660051801,4,0.25,99,6114371
37031,0.06763300090028952,0.015029486216879944,0.009421149228961371,4,0.25,99,6115361
37041,0.06762726467085484,0.015028211517601003,0.009420458753899429,4,0.25,99,6116351
37051,0.06762351086860317,0.015027307844001128,0.00941977419555648,4,0.25,99,6117341
37061,0.06761777714622079,0.015026172699160175,0.009419040749857424,4,0.25,99,6118331
37071,0.06761402498434618,0.015025199930466209,0.009418306247926177,4,0.25,99,6119321
37081,0.06760777282247965,0.015023903210689554,0.009417587057046952,4,0.25,99,6120311
37091,0.06760412655974046,0.015023046640668615,0.00941689772182566,4,0.25,99,6121301
37101,0.0675983979559384,0.015021681073435083,0.009416175405781383,4,0.25,99,6122291
37111,0.06759246263482731,0.015020454707117591,0.009415440867232436,4,0.25,99,6123281
37121,0.06758704937190074,0.01501918239257189,0.009414730915207604,4,0.25,99,6124271
37131,0.06758184558493387,0.015018072283308594,0.009413989332119718,4,0.25,99,6125261
37141,0.06757716324376771,0.015017031788005581,0.009413282592411155,4,0.25,99,6126251
37151,0.06757237789506813,0.01501587594548257,0.00941257918605367,4,0.25,99,6127241
37161,0.06756603373453011,0.01501460483877978,0.009411888814067128,4,0.25,99,6128231
37171,0.0675606270626356,0.015013426475696439,0.00941116550560419,4,0.25,99,6129221
37181,0.06755418240745556,0.015011855773010813,0.009410369562430975,4,0.25,99,6130211
37191,0.06754784356715773,0.015010608814929046,0.009409657251612882,4,0.25,99,6131201
37201,0.06754389571802429,0.015009523762184071,0.009408993371019875,4,0.25,99,6132191
37211,0.06753839070768419,0.01500839279712067,0.009408265744153993,4,0.25,99,6133181
37221,0.06753413307357957,0.015007446683402505,0.009407559892695963,4,0.25,99,6134171
37231,0.06752956483536665,0.01500645461740041,0.009406867158787682,4,0.25,99,6135161
37241,0.06752416724938384,0.015005278245807305,0.009406135659390682,4,0.25,99,6136151
37251,0.06751856348633678,0.015004009931705056,0.009405459746748928,4,0.25,99,6137141
37261,0.06751410226664377,0.01500294941635555,0.009404741771931164,4,0.25,99,6138131
37271,0.06750850110528393,0.01500168171536335,0.009404031535192356,4,0.25,99,6139121
37281,0.0675026940223862,0.015000552590077876,0.00940329938026854,4,0.25,99,6140111
37291,0.06749875438805027,0.014999608015208443,0.009402606700822344,4,0.25,99,6141101
37301,0.06749481546996444,0.01499868665731027,0.009401925168929645,4,0.25,99,6142091
37311,0.06748870120019983,0.014997374026901709,0.009401173391289689,4,0.25,99,6143081
37321,0.06748300301102009,0.014996107792920831,0.009400431400932231,4,0.25,99,6144071
37331,0.06747896338500427,0.014995233134885192,0.00939973661754414,4,0.25,99,6145061
37341,0.06747378547920632,0.014994082511158968,0.009399009270313447,4,0.25,99,6146051
37351,0.0674675736258971,0.014992725128888718,0.009398312882705399,4,0.25,99,6147041
37361,0.06746343338004987,0.014991828086341193,0.009397574136771314,4,0.25,99,6148031
37371,0.06745888002374104,0.014990724263488344,0.009396876938310395,4,0.25,99,6149021
37381,0.06745463798519277,0.014989781615282192,0.009396208042492383,4,0.25,99,6150011
37391,0.06744946589200901,0.014988655277920216,0.009395515404807793,4,0.25,99,6151001
37401,0.06744367461418183,0.01498736835802996,0.009394805713820816,4,0.25,99,6151991
37411,0.06743902203121174,0.014986449340269277,0.009394122939940007,4,0.25,99,6152981
37421,0.06743354360455485,0.014985140043257792,0.009393381174377258,4,0.25,99,6153971
37431,0.06743002987211597,0.014984267376541259,0.009392715105584261,4,0.25,99,6154961
37441,0.06742455372074331,0.014983096414751231,0.009392022354871138,4,0.25,99,6155951
37451,0.0674189756705241,0.01498192573799973,0.009391291953531543,4,0.25,100,6156951
37461,0.0674160839141415,0.01498126018614022,0.009390578257354126,4,0.25,100,6157951
37471,0.0674115405061745,0.01498025055919736,0.00938987575762373,4,0.25,100,6158951
37481,0.06740699805202016,0.01497924114420608,0.009389164817809468,4,0.25,100,6159951
37491,0.06740163092635937,0.014978071405580842,0.00938844684630875,4,0.25,100,6160951
37501,0.0673965746607519,0.014976901951493996,0.009387710923271111,4,0.25,100,6161951
37511,0.06739193219232203,0.014975870316442963,0.009387022543488442,4,0.25,100,6162951
37521,0.06738605316228241,0.01497460972975731,0.009386271795155053,4,0.25,100,6163951
37531,0.06738161916172215,0.014973624410392202,0.00938555544118847,4,0.25,100,6164951
37541,0.06737687681843543,0.014972547664421893,0.009384854359197935,4,0.25,100,6165951
37551,0.06737285695050642,0.01497160857235634,0.009384165500576728,4,0.25,100,6166951
37561,0.06736749828872453,0.014970417792675205,0.009383486370311667,4,0.25,100,6167951
37571,0.06736327412610987,0.014969524901525092,0.009382774411993745,4,0.25,100,6168951
37581,0.06735853580384629,0.014968540624082701,0.009382053542668994,4,0.25,100,6169951
37591,0.06735287178127072,0.014967190431933773,0.009381365892876485,4,0.25,100,6170951
37601,0.06734844457881041,0.014966298140311253,0.00938066563908497,4,0.25,100,6171951
37611,0.06734247443931987,0.014964879966514183,0.009379900840779795,4,0.25,100,6172951
37621,0.06733763777686033,0.014963828043551824,0.009379187538118654,4,0.25,100,6173951
37631,0.06733156775357194,0.01496241059876337,0.009378478479012348,4,0.25,100,6174951
37641,0.06732683637551412,0.014961450631857297,0.009377792085617061,4,0.25,100,6175951
37651,0.06732076938486084,0.014960079583357764,0.009377060071342454,4,0.25,100,6176951
37661,0.06731501246052189,0.014958754608480899,0.009376334841824272,4,0.25,100,6177951
37671,0.06730822948259915,0.014957292991435958,0.009375559883311232,4,0.25,100,6178951
37681,0.06730288681765986,0.014956128583844258,0.00937484454180386,4,0.25,100,6179951
37691,0.06729723735953491,0.014954827521264332,0.009374130676364749,4,0.25,100,6180951
37701,0.06729271885661389,0.014953823433372558,0.009373377502112805,4,0.25,100,6181951
37711,0.06728789331783225,0.0149527967425155,0.009372699878160638,4,0.25,100,6182951
37721,0.0672835820462478,0.014951587810433268,0.009371959668287915,4,0.25,100,6183951
37731,0.06727670632264382,0.014950333580179734,0.009371262533278472,4,0.25,100,6184951
37741,0.06727167919400573,0.014949125268367698,0.009370523403038473,4,0.25,100,6185951
37751,0.0672661404483427,0.014947985630421712,0.009369797639643537,4,0.25,100,6186951
37761,0.06726091071508315,0.014946800694035946,0.009369069980939431,4,0.25,100,6187951
37771,0.06725670733810245,0.014945798284090145,0.009368364945441321,4,0.25,100,6188951
37781,0.067251787351128,0.014944750533961047,0.009367656901134355,4,0.25,100,6189951
37791,0.06724779068723065,0.014943885173821064,0.009366927331759688,4,0.25,100,6190951
37801,0.06724246295290776,0.014942632955321684,0.00936620596972888,4,0.25,100,6191951
37811,0.0672374437910751,0.014941631415856374,0.009365545348933293,4,0.25,100,6192951
37821,0.06723283538473877,0.01494053906583126,0.009364844669045778,4,0.25,100,6193951
37831,0.06722802321079349,0.014939355967351697,0.009364138598129465,4,0.25,100,6194951
37841,0.06722106281551797,0.014937991216336472,0.009363393169649577,4,0.25,100,6195951
37851,0.06721676486926187,0.014936990645746549,0.009362696056877883,4,0.25,100,6196951
37861,0.06721246777901259,0.014935990283923267,0.009361933998797421,4,0.25,100,6197951
37871,0.06720714875759569,0.014934671944005525,0.009361193360561345,4,0.25,100,6198951
37881,0.06720295583827754,0.014933922015844288,0.009360552374559175,4,0.25,100,6199951
37891,0.06719835479162765,0.014932876857154704,0.009359851605558125,4,0.25,100,6200951
37901,0.06719375472623042,0.014931854639778749,0.009359126033214737,4,0.25,100,6201951
37911,0.06718772501544663,0.014930492022330068,0.009358404898885972,4,0.25,100,6202951
37921,0.06718128837134944,0.014929016290500285,0.00935769696886991,4,0.25,100,6203951
37931,0.06717556852239863,0.014927836032162986,0.009356994211692676,4,0.25,100,6204951
37941,0.06717076910573334,0.014926769510279474,0.009356280625273269,4,0.25,100,6205951
37951,0.06716658325285686,0.014925816648994252,0.009355617854662155,4,0.25,100,6206951
37961,0.06716219408499849,0.014924841296831116,0.009354920305955892,4,0.25,100,6207951
37971,0.06715688744758937,0.014923730091038078,0.00935423539085978,4,0.25,100,6208951
37981,0.06715250025321769,0.014922551134093506,0.009353549737436654,4,0.25,100,6209951
37991,0.06714750198049486,0.01492157644653312,0.009352848774699477,4,0.25,100,6210951
38001,0.06714281077907336,0.014920511317199497,0.009352136456433542,4,0.25,100,6211951
38011,0.06713883425584777,0.01491962766627522,0.009351470132596587,4,0.25,100,6212951
38021,0.0671350623350446,0.014918744178370774,0.009350791912340317,4,0.25,100,6213951
38031,0.06712904901598762,0.014917566447997249,0.009350111573388074,4,0.25,100,6214951
38041,0.0671250750312417,0.014916502210104692,0.00934938643171222,4,0.25,100,6215951
38051,0.06711957380059884,0.014915325030988686,0.009348708785339287,4,0.25,100,6216951
38061,0.06711499051452473,0.01491435181300076,0.009348020055341022,4,0.25,100,6217951
38071,0.06710959367228532,0.014913197787629399,0.009347295701825235,4,0.25,100,6218951
38081,0.0671051143019187,0.014912111900189574,0.009346592204182255,4,0.25,100,6219951
38091,0.06710165360817354,0.014911388112063663,0.009345931935663281,4,0.25,100,6220951
38101,0.06709788819079394,0.01491043830621976,0.009345206030057727,4,0.25,100,6221951
38111,0.06709229216507973,0.014909240010649768,0.00934448557474837,4,0.25,100,6222951
38121,0.0670873078394313,0.014908177622140823,0.009343765725798318,4,0.25,100,6223951
38131,0.06708262972624157,0.014907092873009141,0.009343067419719615,4,0.25,100,6224951
38141,0.06707632605094256,0.014905692102577535,0.009342335321700503,4,0.25,100,6225951
38151,0.06707063399461616,0.014904494994832046,0.009341615414774558,4,0.25,100,6226951
38161,0.0670658578943597,0.014903501397048184,0.009340921551975181,4,0.25,100,6227951
38171,0.06706087968377943,0.01490237255910297,0.00934021361610344,4,0.25,100,6228951
38181,0.06705590262424246,0.014901198850161335,0.009339504654238067,4,0.25,100,6229951
38191,0.06705153594847024,0.014900251064690749,0.00933885807299513,4,0.25,100,6230951
38201,0.06704544439271332,0.014898897411176613,0.00933813076806729,4,0.25,100,6231951
38211,0.0670401664387563,0.014897724554646906,0.009337411481383314,4,0.25,100,6232951
38221,0.06703499124103077,0.014896574532400926,0.00933670555374872,4,0.25,100,6233951
38231,0.06702971585008162,0.014895379704246457,0.009336000644886046,4,0.25,100,6234951
38241,0.06702393469562466,0.014894049963639685,0.009335293851338692,4,0.25,100,6235951
38251,0.06701845924509381,0.01489287829542679,0.009334594218758315,4,0.25,100,6236951
38261,0.06701389743401218,0.014891909632815047,0.009333869938676713,4,0.25,100,6237951
38271,0.06701014733617137,0.014891053768743884,0.009333211503247733,4,0.25,100,6238951
38281,0.06700497935387457,0.014889860319463903,0.009332492340849662,4,0.25,100,6239951
38291,0.06699971131683295,0.014888734697035156,0.009331802083194358,4,0.25,100,6240951
38301,0.06699495093184135,0.014887699358501063,0.009331082714745052,4,0.25,100,6241951
38311,0.0669901916004087,0.014886619244346734,0.009330350408012066,4,0.25,100,6242951
38321,0.06698614193515352,0.014885606859016099,0.009329666193601729,4,0.25,100,6243951
38331,0.06698087851033946,0.014884504727777323,0.009328946599701207,4,0.25,100,6244951
38341,0.06697602110776546,0.01488333539711503,0.009328254452502589,4,0.25,100,6245951
38351,0.06697146828938032,0.014882346186977336,0.009327577425732933,4,0.25,100,6246951
38361,0.06696701757687433,0.014881424607316583,0.009326890637593772,4,0.25,100,6247951
38371,0.06696327564541504,0.014880570619046464,0.00932618621124458,4,0.25,100,6248951
38381,0.06695791671607247,0.014879402250891289,0.009325495146870132,4,0.25,100,6249951
38391,0.06695377204565692,0.014878413854873651,0.009324819075705159,4,0.25,100,6250951
38401,0.06694791021819287,0.014877268469939304,0.009324111302679747,4,0.25,100,6251951
38411,0.06694134282832533,0.01487571926864469,0.009323387688540302,4,0.25,100,6252951
38421,0.06693578737348856,0.014874552086663818,0.009322663143023676,4,0.25,100,6253951
38431,0.06693184892120008,0.014873676887385306,0.00932197405637811,4,0.25,100,6254951
38441,0.06692770927532646,0.014872689675642951,0.009321273482712222,4,0.25,100,6255951
38451,0.06692094620456822,0.014871141959113285,0.00932053876522374,4,0.25,100,6256951
38461,0.06691711137916986,0.014870357077298866,0.009319900650914746,4,0.25,100,6257951
38471,0.06691055339616356,0.014868899781969064,0.009319151528556939,4,0.25,100,6258951
38481,0.06690692214393663,0.014868115268747461,0.009318429793789653,4,0.25,100,6259951
38491,0.06690127474946492,0.014866837908895056,0.009317731341935758,4,0.25,100,6260951
38501,0.06689643530740884,0.014865740100851446,0.009317026489709302,4,0.25,100,6261951
38511,0.0668913953814613,0.014864709735339402,0.009316309718708216,4,0.25,100,6262951
38521,0.06688696122499797,0.014863657200338077,0.009315606584528171,4,0.25,100,6263951
38531,0.06688232649492445,0.014862649671599766,0.009314917011525965,4,0.25,100,6264951
38541,0.06687829710801486,0.014861776652107288,0.009314243487203123,4,0.25,100,6265951
38551,0.06687306003547415,0.014860590497034955,0.009313546502726438,4,0.25,100,6266951
38561,0.06686812627073128,0.014859471753135105,0.009312831761565804,4,0.25,100,6267951
38571,0.06686480417016659,0.014858688788503943,0.009312132197131291,4,0.25,100,6268951
38581,0.06685997294163372,0.014857659944710964,0.009311409203154377,4,0.25,100,6269951
38591,0.0668538348242512,0.014856385380889152,0.009310690346859902,4,0.25,100,6270951
38601,0.06684940841942907,0.014855357033854986,0.009309977786046288,4,0.25,100,6271951
38611,0.06684518406643156,0.0148544183019452,0.009309326921355646,4,0.25,100,6272951
38621,0.06683995506713318,0.01485318928956831,0.009308645828253416,4,0.25,100,6273951
38631,0.06683462682124107,0.014852072280441265,0.009307937188616897,4,0.25,100,6274951
38641,0.06683010387744391,0.014851089528855775,0.00930723062650031,4,0.25,100,6275951
38651,0.0668248785520165,0.014849883701472097,0.00930650654251996,4,0.25,100,6276951
38661,0.06682126176454496,0.014848990692624454,0.00930582649973654,4,0.25,100,6277951
38671,0.06681603859243684,0.014847830031196508,0.009305089077206997,4,0.25,100,6278951
38681,0.06681141915412635,0.014846870466936809,0.009304357019402432,4,0.25,100,6279951
38691,0.06680529491147347,0.01484550955598174,0.009303655069371565,4,0.25,100,6280951
38701,0.06680087851051736,0.014844550458804916,0.0093029669839036,4,0.25,100,6281951
38711,0.06679505828054609,0.01484327939491934,0.009302267123181737,4,0.25,100,6282951
38721,0.06679064398734934,0.014842298454646134,0.009301578713760498,4,0.25,100,6283951
38731,0.06678502711021334,0.014841072563260895,0.009300864416507555,4,0.25,100,6284951
38741,0.0667801135496741,0.014839913828725798,0.009300122226138942,4,0.25,100,6285951
38751,0.06677510087312775,0.014838733100812095,0.009299420290333277,4,0.25,100,6286951
38761,0.06677099135293098,0.014837864450181629,0.009298756641825676,4,0.25,100,6287951
38771,0.06676608100848913,0.014836706495727398,0.009298054321173845,4,0.25,100,6288951
38781,0.0667606709112923,0.01483568238604143,0.009297350092444333,4,0.25,100,6289951
38791,0.06675656415689313,0.014834680752672209,0.00929666338402734,4,0.25,100,6290951
38801,0.0667519575154853,0.014833657078502989,0.00929600023039914,4,0.25,100,6291951
38811,0.06674715164101536,0.01483258913135082,0.009295305334923938,4,0.25,100,6292951
38821,0.06674314756892656,0.014831699358339678,0.009294667025803375,4,0.25,100,6293951
38831,0.06673904417153151,0.014830831989732953,0.009294009652725203,4,0.25,100,6294951
38841,0.06673474145267168,0.014829831376135388,0.00929330947036435,4,0.25,100,6295951
38851,0.06673023953264351,0.014828830972823915,0.009292619785841349,4,0.25,100,6296951
38861,0.06672503849208951,0.014827675213019323,0.00929192281467704,4,0.25,100,6297951
38871,0.06672103855090622,0.014826764138701206,0.00929127314282815,4,0.25,100,6298951
38881,0.0667154398880056,0.014825542239679452,0.009290535551711568,4,0.25,100,6299951
38891,0.06670934300957773,0.014824231823972873,0.00928983021338262,4,0.25,100,6300951
38901,0.06670444677403166,0.01482312158461294,0.009289153094508992,4,0.25,100,6301951
38911,0.06669955165785875,0.01482207819577093,0.009288470523594305,4,0.25,100,6302951
38921,0.06669395860948485,0.01482074654243493,0.009287757427291604,4,0.25,100,6303951
38931,0.06668976478191269,0.014819858980579829,0.009287105070820341,4,0.25,100,6304951
38941,0.066683874840119,0.014818572309966053,0.009286399167143026,4,0.25,100,6305951
38951,0.06667948339592564,0.014817552094484727,0.009285728717607253,4,0.25,100,6306951
38961,0.06667439444004844,0.014816376900074923,0.009285017301919758,4,0.25,100,6307951
38971,0.06667040394863491,0.014815556653425443,0.009284326615598385,4,0.25,100,6308951
38981,0.06666541688051632,0.014814492760436317,0.009283633173185112,4,0.25,100,6309951
38991,0.06666073009597033,0.014813384791616913,0.009282927203116503,4,0.25,100,6310951
39001,0.0666561440240561,0.014812432144871343,0.009282255830505603,4,0.25,100,6311951
39011,0.06665046264611481,0.014811169628203204,0.00928155592928643,4,0.25,100,6312951
39021,0.06664518131463418,0.014810018150978082,0.009280866887101278,4,0.25,100,6313951
39031,0.06664000089776842,0.01480880054580488,0.009280145667937922,4,0.25,100,6314951
39041,0.0666352200877785,0.014807671772353403,0.009279442256600818,4,0.25,100,6315951
39051,0.06663083861712689,0.014806830899706424,0.00927877729078273,4,0.25,100,6316951
39061,0.06662685624071786,0.014805680472895622,0.009278086798105122,4,0.25,100,6317951
39071,0.06661879419903663,0.01480415437481074,0.009277338095143526,4,0.25,100,6318951
39081,0.06661352068049878,0.014802805623669563,0.009276619391961892,4,0.25,100,6319951
39091,0.06660854685497125,0.014801766683033919,0.009275954224729628,4,0.25,100,6320951
39101,0.0666038725137378,0.014800683773990492,0.00927522750511945,4,0.25,100,6321951
39111,0.06659850325535448,0.014799556926667881,0.009274531898054338,4,0.25,100,6322951
39121,0.06659452689616796,0.014798739577249576,0.009273827374901423,4,0.25,100,6323951
39131,0.06658925935930733,0.014797546941257239,0.009273124009256138,4,0.25,100,6324951
39141,0.06658458923311936,0.014796464993606788,0.00927244252707424,4,0.25,100,6325951
39151,0.06658031745815353,0.014795515732342715,0.009271757662131761,4,0.25,100,6326951
39161,0.0665754506621914,0.014794478384687513,0.009271063635789119,4,0.25,100,6327951
39171,0.0665710814223251,0.014793441263577432,0.009270356538598536,4,0.25,100,6328951
39181,0.06656691161747706,0.014792580845646188,0.00926970433863294,4,0.25,100,6329951
39191,0.06656294113113789,0.014791610304861978,0.009269049433734132,4,0.25,100,6330951
39201,0.06655758214469958,0.014790529708784923,0.009268365131902838,4,0.25,100,6331951
39211,0.06655341497326425,0.014789449358599788,0.00926768857460174,4,0.25,100,6332951
39221,0.06654756246221044,0.014788281093274515,0.00926700831193672,4,0.25,100,6333951
39231,0.06654379389705818,0.014787421609925206,0.00926633699641919,4,0.25,100,6334951
39241,0.06653933198224785,0.014786408060325943,0.00926569501925061,4,0.25,100,6335951
39251,0.0665338797963338,0.014785130414898909,0.009265007168219217,4,0.25,100,6336951
39261,0.06652793354414788,0.014783853113328943,0.009264295587756769,4,0.25,100,6337951
39271,0.06652238520218387,0.014782686224501733,0.009263591319006254,4,0.25,100,6338951
39281,0.06651812584644207,0.014781695695034696,0.009262898696432492,4,0.25,100,6339951
39291,0.06651456052752021,0.014780947432107045,0.009262239856202503,4,0.25,100,6340951
39301,0.06650871865307957,0.014779473259293666,0.009261505279612689,4,0.25,100,6341951
39311,0.0665035712073555,0.014778439411371103,0.009260768695467079,4,0.25,100,6342951
39321,0.06649842500251874,0.014777317831223661,0.009260054121352742,4,0.25,100,6343951
39331,0.06649209291467396,0.014775844785724152,0.009259321458884757,4,0.25,100,6344951
39341,0.06648586159990985,0.014774613934404143,0.009258630471321808,4,0.25,100,6345951
39351,0.0664822027867121,0.014773691005501638,0.009257960043872925,4,0.25,100,6346951
39361,0.06647567781215119,0.014772153189704387,0.009257259623096868,4,0.25,100,6347951
39371,0.06646905601451324,0.014770835458705353,0.00925657746478296,4,0.25,100,6348951
39381,0.06646411571320689,0.014769627860254628,0.009255913748303236,4,0.25,100,6349951
39391,0.06645769503129038,0.014768288883447585,0.009255222193586002,4,0.25,100,6350951
39401,0.06645295484476964,0.014767257470685108,0.009254544404560784,4,0.25,100,6351951
39411,0.06644841315423802,0.014766204344552683,0.009253873091870738,4,0.25,100,6352951
39421,0.0664432802335006,0.01476512951958646,0.009253180245143702,4,0.25,100,6353951
39431,0.0664383458974698,0.014763835665940726,0.009252477370683505,4,0.25,100,6354951
39441,0.0664321302591297,0.014762629849230135,0.009251761798865445,4,0.25,100,6355951
39451,0.06642749437527612,0.014761533918412057,0.009251063351738042,4,0.25,100,6356951
39461,0.06642285949909417,0.014760482063239804,0.009250350307469894,4,0.25,100,6357951
39471,0.06641684552350526,0.014759079952820517,0.009249650214152316,4,0.25,100,6358951
39481,0.06641142454047155,0.014758072442200433,0.009248972766814103,4,0.25,100,6359951
39491,0.06640669462696949,0.01475697756493761,0.009248296944708287,4,0.25,100,6360951
39501,0.0664025568134108,0.01475601428223511,0.009247631166927877,4,0.25,100,6361951
39511,0.06639832131248656,0.014755116854184116,0.009246941257645748,4,0.25,100,6362951
39521,0.06639457901210644,0.01475426336088282,0.00924628726818967,4,0.25,100,6363951
39531,0.06638985283490023,0.014753278752004315,0.00924559637656276,4,0.25,100,6364951
39541,0.06638532456505904,0.014752097491501736,0.00924490375540298,4,0.25,100,6365951
39551,0.06637951797502312,0.014750807191795251,0.009244214184772467,4,0.25,100,6366951
39561,0.06637479513661639,0.014749845163217885,0.009243533916630268,4,0.25,100,6367951
39571,0.06636908976994704,0.014748555477065608,0.009242826046827522,4,0.25,100,6368951
39581,0.0663637792499651,0.014747419095727007,0.009242166815575055,4,0.25,100,6369951
39591,0.06635768361840275,0.014746064535942831,0.009241418184707013,4,0.25,100,6370951
39601,0.06635168800539712,0.014744775879220687,0.009240727359870561,4,0.25,100,6371951
39611,0.06634795388634682,0.014743924247856838,0.009240040172713201,4,0.25,100,6372951
39621,0.06634245216712963,0.014742636173667608,0.009239315811281987,4,0.25,100,6373951
39631,0.06633655904480082,0.01474139209588675,0.0092385944972337,4,0.25,100,6374951
39641,0.06633253301566566,0.014740497435122946,0.009237922525916249,4,0.25,100,6375951
39651,0.0663276242540491,0.014739341173044105,0.009237196203467251,4,0.25,100,6376951
39661,0.06632222592310051,0.01473811976910662,0.00923652023095785,4,0.25,100,6377951
39671,0.0663155535148699,0.014736637059561452,0.009235798741431434,4,0.25,100,6378951
39681,0.06631123718843279,0.014735656110185137,0.00923511429517725,4,0.25,100,6379951
39691,0.06630623526865508,0.014734697156343476,0.0092344020477317,4,0.25,100,6380951
39701,0.06630221496962332,0.014733694821527194,0.009233729261532885,4,0.25,100,6381951
39711,0.06629731319347561,0.014732670916179068,0.009233044092788738,4,0.25,100,6382951
39721,0.06629251054798108,0.01473158189847437,0.009232380362360501,4,0.25,100,6383951
39731,0.066287708986141,0.014730384268592894,0.009231684358040296,4,0.25,100,6384951
39741,0.06628281054986983,0.014729448151011452,0.009231037539068666,4,0.25,100,6385951
39751,0.06627840292122725,0.014728381638258788,0.00923033235597619,4,0.25,100,6386951
39761,0.0662738003726722,0.014727467675917224,0.00922962731455251,4,0.25,100,6387951
39771,0.06626880724406534,0.014726379855843805,0.009228960089841049,4,0.25,100,6388951
39781,0.06626547914264802,0.01472557503011905,0.009228289529861697,4,0.25,100,6389951
39791,0.0662603901121714,0.014724465900312162,0.009227605664209791,4,0.25,100,6390951
39801,0.06625461749402371,0.014723139635800814,0.009226918979676126,4,0.25,100,6391951
39811,0.06625002008865177,0.014722052811230672,0.009226266468946233,4,0.25,100,6392951
39821,0.06624434806445859,0.01472092277875524,0.009225600325423513,4,0.25,100,6393951
39831,0.06624004615853869,0.014719988532903055,0.009224919051733036,4,0.25,100,6394951
39841,0.06623466999978048,0.014718706961216757,0.009224235844597908,4,0.25,100,6395951
39851,0.06622968604879462,0.01471768629687635,0.0092235434653814,4,0.25,100,6396951
39861,0.06622489864716767,0.014716448765707626,0.009222851077208324,4,0.25,100,6397951
39871,0.06621884266329522,0.014715146451457927,0.00922218264119912,4,0.25,100,6398951
39881,0.06621483884728006,0.014714321838101977,0.009221515096101675,4,0.25,100,6399951
39891,0.06620966430003644,0.014713215346392755,0.009220813320374747,4,0.25,100,6400951
39901,0.06620468620786221,0.014712130802192618,0.009220121798950055,4,0.25,100,6401951
39911,0.06620078263761443,0.014711133241452368,0.009219441449056986,4,0.25,100,6402951
39921,0.06619570906805448,0.014710005817786191,0.009218760796065702,4,0.25,100,6403951
39931,0.06619248993096052,0.014709333827879615,0.009218102236851326,4,0.25,100,6404951
39941,0.06618712578603975,0.014708141823033071,0.009217403323079736,4,0.25,100,6405951
39951,0.06618186048829108,0.014706993448475836,0.009216719649280433,4,0.25,100,6406951
39961,0.06617708384715247,0.014705975312226628,0.009216055932070233,4,0.25,100,6407951
39971,0.0661726006306484,0.014704892429562121,0.009215393069450234,4,0.25,100,6408951
39981,0.06616811836015989,0.014703939698267868,0.00921473140413355,4,0.25,100,6409951
39991,0.06616383185590065,0.014703030452300326,0.00921405168484813,4,0.25,100,6410951
40001,0.06615935143534213,0.014701991528493365,0.00921338075079013,4,0.25,100,6411951
40011,0.066155261441913,0.014700801376066313,0.009212694730873773,4,0.25,100,6412951
40021,0.06614971199619554,0.014699914366764976,0.009212025376845276,4,0.25,100,6413951
40031,0.06614669448534548,0.014699135666781007,0.009211398637715279,4,0.25,100,6414951
40041,0.06614182843579502,0.014698032728409508,0.009210734890239828,4,0.25,100,6415951
40051,0.06613832557053602,0.014697319199768275,0.009210081151473568,4,0.25,100,6416951
40061,0.06613355871019694,0.014696238301345036,0.009209385039363218,4,0.25,100,6417951
40071,0.0661299599533542,0.01469535214940178,0.00920870707965203,4,0.25,100,6418951
40081,0.06612412542798277,0.014694098852846331,0.009208034530911274,4,0.25,100,6419951
40091,0.06611887572600442,0.014692975490702281,0.009207342598725063,4,0.25,100,6420951
40101,0.066113432961768,0.014691744420274544,0.00920663151713486,4,0.25,100,6421951
40111,0.06610740867196371,0.01469036254862259,0.009205937065520876,4,0.25,100,6422951
40121,0.06610148321670678,0.014689088994313971,0.00920523004595956,4,0.25,100,6423951
40131,0.06609575361244908,0.014687858937933517,0.009204564498526246,4,0.25,100,6424951
40141,0.06609157877371116,0.01468690964014617,0.009203893143306422,4,0.25,100,6425951
40151,0.06608624006083115,0.0146858095568353,0.009203230756922667,4,0.25,100,6426951
40161,0.06608061160050972,0.014684450984715795,0.009202545133184891,4,0.25,100,6427951
40171,0.0660755666640872,0.014683351474950037,0.009201855779850351,4,0.25,100,6428951
40181,0.0660711048357294,0.014682446188863153,0.00920116264115662,4,0.25,100,6429951
40191,0.06606606215977825,0.014681304052143481,0.009200494182821992,4,0.25,100,6430951
40201,0.06606169927315741,0.014680291445432987,0.009199801034943372,4,0.25,100,6431951
40211,0.06605743420729929,0.014679279056262439,0.00919909958375371,4,0.25,100,6432951
40221,0.06605355761898056,0.014678482222027996,0.009198424098033885,4,0.25,100,6433951
40231,0.06604929419026925,0.014677556340703111,0.009197749789922938,4,0.25,100,6434951
40241,0.06604464415467479,0.014676566064395005,0.009197075801217723,4,0.25,100,6435951
40251,0.06604076990395219,0.014675662080819489,0.009196424192770315,4,0.25,100,6436951
40261,0.06603544396502378,0.014674327945830744,0.009195717832142535,4,0.25,100,6437951
40271,0.0660304097621972,0.014673209285183501,0.009195029097409454,4,0.25,100,6438951
40281,0.06602537675473076,0.014672198416596156,0.00919436435069128,4,0.25,100,6439951
40291,0.06601986117696705,0.01467090826125477,0.009193718109646835,4,0.25,100,6440951
40301,0.06601337978876272,0.014669553978425042,0.009193042924605996,4,0.25,100,6441951
40311,0.06600825412442096,0.014668414962698462,0.009192395561966342,4,0.25,100,6442951
40321,0.06600438651933888,0.014667534026297448,0.009191718746738685,4,0.25,100,6443951
40331,0.06600013296900349,0.014666610294433498,0.00919109947778848,4,0.25,100,6444951
40341,0.06599520378580837,0.01466553641545956,0.009190456532142358,4,0.25,100,6445951
40351,0.06599104869877331,0.014664591604550761,0.009189772729342738,4,0.25,100,6446951
40361,0.0659865080240709,0.01466362551676877,0.009189105997902416,4,0.25,100,6447951
40371,0.06598293413497722,0.014662831326435663,0.009188462602157067,4,0.25,100,6448951
40381,0.06597771927077208,0.014661586649037025,0.009187781538435089,4,0.25,100,6449951
40391,0.06597231261934207,0.01466049246323066,0.009187093244290314,4,0.25,100,6450951
40401,0.06596700385848063,0.01465924840415357,0.009186443409463558,4,0.25,100,6451951
40411,0.06596381924066673,0.014658476394943089,0.0091857687108512,4,0.25,100,6452951
40421,0.06595957382848397,0.014657618755457118,0.009185098268681463,4,0.25,100,6453951
40431,0.06595494344035296,0.014656546925886043,0.009184418370883107,4,0.25,100,6454951
40441,0.06595079624407975,0.014655603917802539,0.009183751533974377,4,0.25,100,6455951
40451,0.06594616777507437,0.014654553972122621,0.009183099466448094,4,0.25,100,6456951
40461,0.06594115474203602,0.01465346142034079,0.009182423308777922,4,0.25,100,6457951
40471,0.06593672112529934,0.014652561862315313,0.0091817350763868,4,0.25,100,6458951
40481,0.06593238478997517,0.014651491184170246,0.009181009139996808,4,0.25,100,6459951
40491,0.06592901269884358,0.014650870302505972,0.009180373054236987,4,0.25,100,6460951
40501,0.06592313690965605,0.014649521773000596,0.009179690893816123,4,0.25,100,6461951
40511,0.06591880335652137,0.014648601570093268,0.009179024158555375,4,0.25,100,6462951
40521,0.06591533715288529,0.01464778851738012,0.009178375618752002,4,0.25,100,6463951
40531,0.065911101452732,0.014646890043705198,0.009177678188591854,4,0.25,100,6464951
40541,0.06590677036356991,0.014645799270726283,0.00917699387160149,4,0.25,100,6465951
40551,0.06590215151219204,0.014644858414991276,0.009176327408027823,4,0.25,100,6466951
40561,0.06589628317663383,0.014643532983247508,0.009175633972356184,4,0.25,100,6467951
40571,0.06589205128926992,0.014642571210343604,0.009174982272993543,4,0.25,100,6468951
40581,0.06588743565029666,0.014641524170275566,0.009174280349066777,4,0.25,100,6469951
40591,0.06588243651114693,0.014640434641546065,0.009173612111189845,4,0.25,100,6470951
40601,0.06587763076070498,0.014639388077298525,0.009172949431820301,4,0.25,100,6471951
40611,0.06587263393848128,0.014638277692542829,0.009172278235655732,4,0.25,100,6472951
40621,0.06586696589663306,0.0146369968053184,0.00917157392078168,4,0.25,100,6473951
40631,0.06586149143445241,0.014635801625530954,0.009170895831585422,4,0.25,100,6474951
40641,0.06585793859475554,0.014635012119941646,0.009170222766852741,4,0.25,100,6475951
40651,0.06585371437324182,0.014634073421101366,0.009169575899538459,4,0.25,100,6476951
40661,0.0658506427422278,0.014633369520043725,0.009168955892122193,4,0.25,100,6477951
40671,0.06584469272698273,0.014632047324448297,0.009168296258700253,4,0.25,100,6478951
40681,0.06583979961482278,0.014630959990869307,0.009167619457460278,4,0.25,100,6479951
40691,0.06583452399842986,0.01462978765827449,0.009166941236124172,4,0.25,100,6480951
40701,0.06583020856435223,0.014628764770738118,0.009166246988898287,4,0.25,100,6481951
40711,0.06582483947681597,0.01462765689394665,0.009165608166287705,4,0.25,100,6482951
40721,0.06581908839651167,0.014626336305459245,0.00916490782176915,4,0.25,100,6483951
40731,0.06581295563578494,0.014625016088297986,0.009164228094639786,4,0.25,100,6484951
40741,0.0658067288723207,0.014623674957489036,0.009163526580771212,4,0.25,100,6485951
40751,0.06580184454257913,0.014622483162781181,0.009162854802041907,4,0.25,100,6486951
40761,0.0657971528187774,0.014621525689829773,0.009162217100082536,4,0.25,100,6487951
40771,0.06579332361262491,0.014620653495597718,0.009161575436760187,4,0.25,100,6488951
40781,0.06578872948146137,0.014619568797219882,0.009160916132700543,4,0.25,100,6489951
40791,0.06578279687412462,0.014618356783875595,0.009160241015636944,4,0.25,100,6490951
40801,0.06577944855744734,0.01461754894885141,0.009159630131852642,4,0.25,100,6491951
40811,0.0657729447739254,0.014616167448110748,0.009158902817597993,4,0.25,100,6492951
40821,0.06576873751068853,0.014615190016396096,0.009158277058525906,4,0.25,100,6493951
40831,0.06576300168438037,0.014613915411414097,0.009157602976448971,4,0.25,100,6494951
40841,0.06575831858199793,0.014612811033816448,0.009156929901379755,4,0.25,100,6495951
40851,0.06575363651833117,0.014611876763499919,0.009156285330071687,4,0.25,100,6496951
40861,0.06574971967112107,0.014611027588298216,0.009155627696321956,4,0.25,100,6497951
40871,0.06574580355064406,0.01461005122684141,0.009154975736736234,4,0.25,100,6498951
40881,0.06574141071929457,0.014609159943859388,0.009154322884557978,4,0.25,100,6499951
40891,0.06573587323492171,0.014607865763023118,0.00915363494072457,4,0.25,100,6500951
40901,0.06573195968278152,0.014606996104439262,0.00915298637731101,4,0.25,100,6501951
40911,0.06572623384132924,0.014605744927512754,0.009152309100311935,4,0.25,100,6502951
40921,0.06572184508161788,0.014604812063708002,0.009151650835230778,4,0.25,100,6503951
40931,0.06571707572588874,0.014603731021962092,0.009150988687983837,4,0.25,100,6504951
40941,0.06571316565861174,0.014602777368572224,0.009150340235369949,4,0.25,100,6505951
40951,0.06570868427779666,0.014601845095031662,0.009149676632656915,4,0.25,100,6506951
40961,0.06570353663236005,0.014600701194502711,0.009149003153815236,4,0.25,100,6507951
40971,0.06569772321032698,0.014599472871483344,0.009148332369252823,4,0.25,100,6508951
40981,0.06569267350497134,0.0145982660400186,0.009147642866091776,4,0.25,100,6509951
40991,0.06568895845614599,0.01459744049225887,0.009147021732672055,4,0.25,100,6510951
41001,0.06568495836615752,0.014596509279613564,0.00914637019765382,4,0.25,100,6511951
41011,0.06568000692492247,0.014595324367477026,0.00914569265442558,4,0.25,100,6512951
41021,0.06567458071912236,0.01459424551172804,0.009145000850073423,4,0.25,100,6513951
41031,0.06567153504013797,0.014593568709453521,0.009144353891440148,4,0.25,100,6514951
41041,0.06566725279838875,0.014592638265949375,0.009143712063001339,4,0.25,100,6515951
41051,0.06566125912100149,0.014591285223402051,0.009143066877690363,4,0.25,100,6516951
41061,0.0656561230393855,0.0145900382334424,0.009142388024547402,4,0.25,100,6517951
41071,0.06564861139639358,0.014588474681339343,0.009141709466318884,4,0.25,100,6518951
41081,0.06564243293774417,0.014587186199707032,0.009141002316339063,4,0.25,100,6519951
41091,0.06563711141025624,0.01458591918649377,0.00914032708113021,4,0.25,100,6520951
41101,0.06563293115272767,0.014585074701447317,0.009139691482143011,4,0.25,100,6521951
41111,0.06562922661770373,0.014584188156049163,0.009139072735262162,4,0.25,100,6522951
41121,0.06562485800323488,0.014583259574227476,0.009138430200152778,4,0.25,100,6523951
41131,0.06562115488741554,0.014582394470548618,0.009137816353095842,4,0.25,100,6524951
41141,0.06561659809987334,0.014581339682385543,0.00913716010430555,4,0.25,100,6525951
41151,0.06561251681462209,0.014580517112587999,0.009136513311025956,4,0.25,100,6526951
41161,0.06560910053273099,0.014579757945675363,0.009135863432977983,4,0.25,100,6527951
41171,0.06560521044204995,0.014578788078229077,0.009135204183327259,4,0.25,100,6528951
41181,0.06560151077859207,0.014578029191705784,0.00913454999339662,4,0.25,100,6529951
41191,0.06559771692701379,0.014577165054138055,0.009133909399684807,4,0.25,100,6530951
41201,0.06559420822273458,0.014576427501960086,0.009133245764510953,4,0.25,100,6531951
41211,0.06558766652480129,0.014574931681707762,0.009132583579048517,4,0.25,100,6532951
41221,0.0655837803913692,0.01457406811593913,0.009131952347334379,4,0.25,100,6533951
41231,0.06557866316358552,0.014572909924331986,0.00913128220869806,4,0.25,100,6534951
41241,0.0655730735400227,0.014571794120005047,0.009130592568718893,4,0.25,100,6535951
41251,0.06556909539013177,0.01457080485576339,0.009129990507105903,4,0.25,100,6536951
41261,0.06556312957468183,0.014569458108880814,0.009129333204145638,4,0.25,100,6537951
41271,0.06555849066481365,0.014568511409615795,0.009128728963276841,4,0.25,100,6538951
41281,0.06555356885814606,0.014567396653973068,0.009128066599658657,4,0.25,100,6539951
41291,0.06554912129232063,0.014566408319345211,0.009127400172215912,4,0.25,100,6540951
41301,0.06554476926562042,0.014565294064879603,0.009126775085288084,4,0.25,100,6541951
41311,0.06553994524454063,0.014564327191294536,0.009126131410907843,4,0.25,100,6542951
41321,0.06553635159484535,0.014563507607240142,0.009125474032467912,4,0.25,100,6543951
41331,0.0655295442573374,0.01456209993922022,0.00912476586905675,4,0.25,100,6544951
41341,0.06552491274536168,0.014561091721191483,0.009124120239830112,4,0.25,100,6545951
41351,0.06552028225294644,0.014559915741608314,0.00912345712595286,4,0.25,100,6546951
41361,0.06551489704410647,0.014558845017569967,0.009122799911385296,4,0.25,100,6547951
41371,0.06551187437320986,0.014558131337796733,0.0091221721249016,4,0.25,100,6548951
41381,0.06550753004478002,0.01455714495988889,0.009121513401327743,4,0.25,100,6549951
41391,0.06550365868226583,0.014556221730924156,0.009120851774011082,4,0.25,100,6550951
41401,0.06549780578025981,0.014554858203637064,0.009120145945315185,4,0.25,100,6551951
41411,0.06549308688445198,0.014553893486249159,0.00911948243101198,4,0.25,100,6552951
41421,0.06548855774069785,0.014552887036961766,0.009118818304393173,4,0.25,100,6553951
41431,0.06548384091996524,0.014551817922113307,0.009118149120155846,4,0.25,100,6554951
41441,0.06547865363927402,0.014550686184786577,0.009117500268638175,4,0.25,100,6555951
41451,0.06547441045246483,0.01454976423114118,0.009116849656547233,4,0.25,100,6556951
41461,0.06546875420223032,0.014548528260666547,0.009116167127175391,4,0.25,100,6557951
41471,0.06546357064310866,0.014547292617193612,0.009115485318209897,4,0.25,100,6558951
41481,0.065457917309164,0.01454609917036598,0.009114832153040299,4,0.25,100,6559951
41491,0.06545330154775181,0.01454507346859885,0.009114143237923958,4,0.25,100,6560951
41501,0.0654496285030058,0.014544152622240177,0.009113503080597753,4,0.25,100,6561951
41511,0.06544482625931813,0.01454304366202936,0.009112871081551087,4,0.25,100,6562951
41521,0.06543880146695055,0.014541788553195338,0.009112226402312363,4,0.25,100,6563951
41531,0.06543409579987716,0.014540784709035472,0.009111586091343936,4,0.25,100,6564951
41541,0.06543004976913433,0.014539822894247536,0.009110917029706971,4,0.25,100,6565951
41551,0.06542506387310477,0.014538819472687725,0.009110300488212486,4,0.25,100,6566951
41561,0.06542045532386355,0.014537753573600426,0.009109617538421618,4,0.25,100,6567951
41571,0.06541631789634739,0.014536896850821797,0.009108947606005183,4,0.25,100,6568951
41581,0.06541133525891546,0.01453578961293025,0.009108280993697744,4,0.25,100,6569951
41591,0.06540625982514786,0.014534536453062677,0.009107613800903747,4,0.25,100,6570951
41601,0.065401655400425,0.014533471531739707,0.00910696988828507,4,0.25,100,6571951
41611,0.06539658230577168,0.014532552971363178,0.009106350177975104,4,0.25,100,6572951
41621,0.06539104088119956,0.01453125894318672,0.009105676178694516,4,0.25,100,6573951
41631,0.06538737870852093,0.014530299089673014,0.009105009071645128,4,0.25,100,6574951
41641,0.06538155810790912,0.014529089121048758,0.009104331245654584,4,0.25,100,6575951
41651,0.06537667755816397,0.01452810885941675,0.009103723322390487,4,0.25,100,6576951
41661,0.06537273640405834,0.01452719135436583,0.009103089945104892,4,0.25,100,6577951
41671,0.06536738887849802,0.014525898812646869,0.009102404457527892,4,0.25,100,6578951
41681,0.06536269918831253,0.014524940061541284,0.00910178430504009,4,0.25,100,6579951
41691,0.06535763549991815,0.014523773152296263,0.009101101009979792,4,0.25,100,6580951
41701,0.06535107327777635,0.014522356583590357,0.009100432421396456,4,0.25,100,6581951
41711,0.06534545014920681,0.01452110702737536,0.009099739944064237,4,0.25,100,6582951
41721,0.06534085904540944,0.01452014926105785,0.009099108257136307,4,0.25,100,6583951
41731,0.06533636261172295,0.014519045991630663,0.009098464144407205,4,0.25,100,6584951
41741,0.06533064978444805,0.01451781813086934,0.009097782102822551,4,0.25,100,6585951
41751,0.06532615553871499,0.014516881844305676,0.009097147030372633,4,0.25,100,6586951
41761,0.06532072627650476,0.014515654553517226,0.009096477584007213,4,0.25,100,6587951
41771,0.06531707635593652,0.014514843470917634,0.009095819079223919,4,0.25,100,6588951
41781,0.06531342707059355,0.014514032529476039,0.009095188169023905,4,0.25,100,6589951
41791,0.06530893651422978,0.014512951493728353,0.0090945534275494,4,0.25,100,6590951
41801,0.06530323115299987,0.014511683675270394,0.009093860017194708,4,0.25,100,6591951
41811,0.0652977143295952,0.014510499304203393,0.009093199987902397,4,0.25,100,6592951
41821,0.06529388145972223,0.014509626802381879,0.009092533287494969,4,0.25,100,6593951
41831,0.06528864745253524,0.01450854678841737,0.009091865120626283,4,0.25,100,6594951
41841,0.06528528342369576,0.014507799233119071,0.00909120848298068,4,0.25,100,6595951
41851,0.06528173309006478,0.014506989516929292,0.009090569790406181,4,0.25,100,6596951
41861,0.0652772493176516,0.01450595162515369,0.009089919796415468,4,0.25,100,6597951
41871,0.06527239297992038,0.014504913964650167,0.009089297668369816,4,0.25,100,6598951
41881,0.06526781784527398,0.01450387653533214,0.009088644183980263,4,0.25,100,6599951
41891,0.06526240367056393,0.014502673406838222,0.00908798100713439,4,0.25,100,6600951
41901,0.06525689758317862,0.014501429118247281,0.009087291144994677,4,0.25,100,6601951
41911,0.06525176609285503,0.014500226621993227,0.009086604752472041,4,0.25,100,6602951
41921,0.0652477550758108,0.01449939749518298,0.009085965709924055,4,0.25,100,6603951
41931,0.0652428123206571,0.014498236965714924,0.009085321705391192,4,0.25,100,6604951
41941,0.06523908271162607,0.01449738747580353,0.009084706719344736,4,0.25,100,6605951
41951,0.065233955583441,0.01449635172230025,0.009084058873040245,4,0.25,100,6606951
41961,0.06522910927094824,0.01449531619926901,0.009083421345185562,4,0.25,100,6607951
41971,0.0652251957602669,0.014494343017687053,0.009082764262423106,4,0.25,100,6608951
41981,0.06522025832615512,0.014493266543268558,0.009082111580007053,4,0.25,100,6609951
41991,0.06521494955465741,0.01449216962364804,0.00908147249613217,4,0.25,100,6610951
42001,0.06520973523012803,0.014490907451304989,0.00908081653932525,4,0.25,100,6611951
42011,0.0652039637425663,0.014489645621322688,0.00908014703846875,4,0.25,100,6612951
42021,0.06519940353116369,0.014488714982486193,0.009079493768879732,4,0.25,100,6613951
42031,0.06519465824364669,0.01448763980946419,0.009078851693902506,4,0.25,100,6614951
42041,0.06518972800617659,0.014486502877640691,0.009078164299127965,4,0.25,100,6615951
42051,0.06518563586104097,0.014485552202605377,0.009077529327676559,4,0.25,100,6616951
42061,0.0651807077484694,0.014484519080565207,0.009076852882646399,4,0.25,100,6617951
42071,0.06517475836665729,0.014483238327940212,0.009076188901845483,4,0.25,100,6618951
42081,0.06517011158890897,0.014482185070013516,0.009075516952537655,4,0.25,100,6619951
42091,0.0651661161853357,0.014481152695792063,0.009074884075205349,4,0.25,100,6620951
42101,0.06516184287727965,0.014480265037286931,0.009074253740034522,4,0.25,100,6621951
42111,0.0651561774452415,0.014479026727224599,0.009073588770115236,4,0.25,100,6622951
42121,0.06515069922454987,0.014477850638153036,0.009072941819403033,4,0.25,100,6623951
42131,0.0651452224383714,0.014476592346088769,0.009072245235422294,4,0.25,100,6624951
42141,0.06514076780575215,0.014475643695376864,0.009071605474857157,4,0.25,100,6625951
42151,0.06513649967307497,0.014474674621799551,0.009070957825872392,4,0.25,100,6626951
42161,0.0651316758762526,0.01447360269072804,0.009070299093539288,4,0.25,100,6627951
42171,0.06512648226240471,0.014472510400012057,0.00906965046744083,4,0.25,100,6628951
42181,0.06512166077590745,0.014471397764085249,0.009069020792180903,4,0.25,100,6629951
42191,0.06511702577960428,0.014470285394567574,0.009068385751310734,4,0.25,100,6630951
42201,0.06511127981108335,0.014469049740761623,0.009067729097030335,4,0.25,100,6631951
42211,0.06510748092514444,0.014468143803502413,0.009067094583093108,4,0.25,100,6632951
42221,0.0651032195821711,0.014467217459495066,0.009066465384406945,4,0.25,100,6633951
42231,0.06509895910787585,0.014466353038420718,0.009065829078647088,4,0.25,100,6634951
42241,0.06509414396519457,0.014465180152829993,0.009065203599329925,4,0.25,100,6635951
42251,0.06508886710238503,0.014464130979927414,0.009064571287660644,4,0.25,100,6636951
42261,0.06508433191683329,0.01446299978456991,0.009063906893226397,4,0.25,100,6637951
42271,0.06507840989133643,0.0144617866267715,0.009063232732104846,4,0.25,100,6638951
42281,0.06507461697570391,0.014460923216027448,0.009062590217174859,4,0.25,100,6639951
42291,0.06506989991956058,0.014459854453733182,0.009061925707517036,4,0.25,100,6640951
42301,0.06506453671852384,0.014458703754076548,0.00906131205462771,4,0.25,100,6641951
42311,0.06505945219620099,0.014457512258657835,0.009060632230740504,4,0.25,100,6642951
42321,0.06505427649945322,0.014456362139452568,0.009059977935529243,4,0.25,100,6643951
42331,0.06504910208506437,0.014455253365804709,0.009059325891672701,4,0.25,100,6644951
42341,0.06504466789297947,0.014454206433889035,0.009058660309030284,4,0.25,100,6645951
42351,0.06503995759539083,0.014453221301932965,0.009058046147192803,4,0.25,100,6646951
42361,0.06503635631995869,0.014452400518380678,0.009057428926794314,4,0.25,100,6647951
42371,0.06503257103338679,0.014451600394194979,0.0090567847223545,4,0.25,100,6648951
42381,0.06502804805438024,0.014450554286122694,0.009056133059618096,4,0.25,100,6649951
42391,0.06502352605510948,0.014449569929263469,0.009055482728237531,4,0.25,100,6650951
42401,0.06501882052459182,0.014448524278924891,0.009054832974669347,4,0.25,100,6651951
42411,0.06501531513255747,0.014447704325922964,0.009054217692817456,4,0.25,100,6652951
42421,0.06501153365920698,0.014446884517850454,0.009053565734959537,4,0.25,100,6653951
42431,0.06500636982675558,0.014445818983954889,0.00905293918050558,4,0.25,101,6654955
42441,0.06500185252126522,0.014444712727050597,0.009052262616155018,4,0.25,101,6655965
42451,0.06499650677009661,0.01444350434057199,0.009051601057245359,4,0.25,101,6656975
42461,0.0649911623881375,0.014442419109293133,0.009050917511051288,4,0.25,101,6657985
42471,0.06498747740492407,0.014441600234982015,0.00905030925349131,4,0.25,101,6658995
42481,0.06498241161552847,0.014440494984040389,0.009049681229814198,4,0.25,101,6660005
42491,0.06497817571794022,0.014439492299136185,0.009049015665358016,4,0.25,101,6661015
42501,0.0649732042398168,0.014438408006513208,0.009048371014983526,4,0.25,101,6662025
42511,0.06496749770728007,0.0144371399105554,0.00904774416791007,4,0.25,101,6663035
42521,0.06496372488999576,0.014436321968219852,0.009047153213436954,4,0.25,101,6664045
42531,0.06496004475027753,0.014435483727115877,0.009046528586242655,4,0.25,101,6665055
42541,0.06495590536922433,0.014434502564299402,0.009045913035811115,4,0.25,101,6666065
42551,0.06495121506380977,0.014433480740561578,0.009045283989983208,4,0.25,101,6667075
42561,0.06494625000776236,0.014432377423965357,0.009044609785318356,4,0.25,101,6668085
42571,0.06494137804663706,0.014431335643923964,0.009043959596926422,4,0.25,101,6669095
42581,0.06493724236938588,0.014430437041497308,0.00904331900870758,4,0.25,101,6670105
42591,0.06493274000926773,0.01442939569765282,0.009042689043236208,4,0.25,101,6671115
42601,0.0649288816172914,0.01442864035939809,0.009042093940842684,4,0.25,101,6672125
42611,0.06492465657873284,0.014427599419335939,0.009041457834867955,4,0.25,101,6673135
42621,0.06492061603875074,0.01442668113704714,0.009040840813762217,4,0.25,101,6674145
42631,0.06491657628195195,0.014425803837383056,0.009040218025534985,4,0.25,101,6675155
42641,0.06491207838330618,0.014424743138819356,0.009039572308804289,4,0.25,101,6676165
42651,0.06490675559439724,0.014423621510430244,0.009038951749379421,4,0.25,101,6677175
42661,0.06490207633421978,0.014422520539547,0.009038283855685943,4,0.25,101,6678185
42671,0.06489638923678433,0.01442131792611812,0.009037615852103857,4,0.25,101,6679195
42681,0.0648907036913533,0.014420115624998618,0.009036941314335993,4,0.25,101,6680205
42691,0.0648872197690316,0.01441925993984286,0.009036319657677854,4,0.25,101,6681215
42701,0.06488281985774394,0.014418282207594498,0.009035671685542911,4,0.25,101,6682225
42711,0.06487832924009108,0.01441736577114181,0.009035017183562416,4,0.25,101,6683235
42721,0.06487475576685912,0.014416571672966194,0.009034399910773037,4,0.25,101,6684245
42731,0.06486980889284986,0.014415452022437065,0.009033742733315604,4,0.25,101,6685255
42741,0.064865595815712,0.014414475094200015,0.009033108732924924,4,0.25,101,6686265
42751,0.06486019333380363,0.01441331525972842,0.009032471797609123,4,0.25,101,6687275
42761,0.06485634835311135,0.014412420147690279,0.009031847942536949,4,0.25,101,6688285
42771,0.06485122281645936,0.014411260828144689,0.00903119386263672,4,0.25,101,6689295
42781,0.06484719649412893,0.014410406778541367,0.009030564523507197,4,0.25,101,6690305
42791,0.06484134141503921,0.014409044692369847,0.009029915056470446,4,0.25,101,6691315
42801,0.06483530508911854,0.014407784611612538,0.009029270002450258,4,0.25,101,6692325
42811,0.06483036757874897,0.01440662645306279,0.009028636519200326,4,0.25,101,6693335
42821,0.06482597966377858,0.014405529517683164,0.009028000265348116,4,0.25,101,6694345
42831,0.06482058745213379,0.014404453148864063,0.009027369459052135,4,0.25,101,6695355
42841,0.064815836152541,0.014403417634217484,0.009026752785463428,4,0.25,101,6696365
42851,0.06481017255904985,0.014402199678511456,0.009026101313091216,4,0.25,101,6697375
42861,0.06480533232201223,0.014401063209243921,0.009025470319691234,4,0.25,101,6698385
42871,0.06480140616449835,0.014400231328491017,0.009024825193675234,4,0.25,101,6699395
42881,0.06479748074781164,0.014399399597403842,0.009024192326100211,4,0.25,101,6700405
42891,0.06479373859837274,0.014398568015937157,0.009023565559146626,4,0.25,101,6701415
42901,0.06478926715633264,0.014397472990524343,0.009022925752525881,4,0.25,101,6702425
42911,0.06478288104903224,0.01439597282136436,0.009022225839570767,4,0.25,101,6703435
42921,0.06477704403785954,0.014394756825365689,0.009021558672478884,4,0.25,101,6704445
42931,0.06477120866457842,0.014393460115547112,0.009020884192324323,4,0.25,101,6705455
42941,0.0647675623876764,0.014392771386432406,0.00902025235245254,4,0.25,101,6706465
42951,0.0647631876992684,0.014391738485210248,0.009019604013244092,4,0.25,101,6707475
42961,0.06475817616682891,0.014390564093795242,0.00901892479720784,4,0.25,101,6708485
42971,0.06475389454162325,0.014389653133660474,0.009018279253148877,4,0.25,101,6709495
42981,0.06474888524868179,0.014388479272178931,0.009017617351726272,4,0.25,101,6710505
42991,0.06474251153035382,0.014387164092148543,0.00901696351146386,4,0.25,101,6711515
43001,0.064738324150839,0.01438619312260482,0.009016320605612064,4,0.25,101,6712525
43011,0.06473404661253042,0.014385181913017618,0.009015697547263429,4,0.25,101,6713535
43021,0.06472904210033315,0.014384069838150292,0.009015058251077098,4,0.25,101,6714545
43031,0.06472422071041581,0.01438307930607301,0.009014450001636665,4,0.25,101,6715555
43041,0.06471985513378462,0.014381987945353997,0.009013789314799058,4,0.25,101,6716565
43051,0.06471458128554057,0.014380937249157765,0.00901315149948012,4,0.25,101,6717575
43061,0.06470949056411326,0.014379826196021062,0.009012513845953585,4,0.25,101,6718585
43071,0.06470512808127755,0.014378876962453229,0.009011872215869774,4,0.25,101,6719595
43081,0.06470085737105041,0.014377806784242414,0.009011214055500446,4,0.25,101,6720605
43091,0.06469604251692118,0.014376777224315405,0.009010563975144801,4,0.25,101,6721615
43101,0.06469150122467104,0.014375768074738731,0.009009931592960482,4,0.25,101,6722625
43111,0.06468668853881569,0.014374799498698135,0.009009278927265345,4,0.25,101,6723635
43121,0.06468296628265618,0.014373871470711687,0.009008641612489342,4,0.25,101,6724645
43131,0.06467761103589816,0.014372762116957823,0.009007977845697337,4,0.25,101,6725655
43141,0.06467325524366116,0.014371693355622292,0.009007355030882768,4,0.25,101,6726665
43151,0.06466781178809608,0.014370544209288735,0.009006689493923433,4,0.25,101,6727675
43161,0.06466382082758647,0.014369617036697546,0.009006062829215934,4,0.25,101,6728685
43171,0.06466046538637468,0.014368871402639236,0.00900543465199301,4,0.25,101,6729695
43181,0.0646562945129428,0.014367924419616653,0.009004817464333794,4,0.25,101,6730705
43191,0.06465185254768524,0.014367017915890713,0.009004214410830026,4,0.25,101,6731715
43201,0.06464768340441678,0.014366091451745965,0.009003549288920193,4,0.25,101,6732725
43211,0.06464414935190005,0.014365245712205163,0.009002970386486541,4,0.25,101,6733735
43221,0.06463853235312099,0.014364037781845754,0.009002347427861936,4,0.25,101,6734745
43231,0.0646336413668592,0.014362870416519641,0.00900168282868929,4,0.25,101,6735755
43241,0.06462965697100392,0.014362065509141268,0.009001047895709104,4,0.25,101,6736765
43251,0.06462639757976624,0.014361280859712076,0.009000424948989434,4,0.25,101,6737775
43261,0.06462069487692663,0.014360053855243807,0.00899974554665058,4,0.25,101,6738785
43271,0.06461680345584729,0.014359249439396099,0.008999120427707955,4,0.25,101,6739795
43281,0.06461218899558879,0.01435816370061585,0.008998480639583108,4,0.25,101,6740805
43291,0.06460748511239395,0.01435715861490255,0.008997859882910148,4,0.25,101,6741815
43301,0.06460287272445739,0.014356153748310762,0.008997231323371766,4,0.25,101,6742825
43311,0.06459862300047317,0.014355169191565145,0.00899660284091602,4,0.25,101,6743835
43321,0.06459410297330413,0.014354064327340255,0.0089959815716193,4,0.25,101,6744845
43331,0.06458886097577178,0.014352979809215433,0.008995337346027971,4,0.25,101,6745855
43341,0.06458452377285206,0.014351975853308146,0.008994706550442308,4,0.25,101,6746865
43351,0.06457955517629303,0.014350931971168665,0.008994042814298086,4,0.25,101,6747875
43361,0.0645754908464035,0.014350028802487374,0.00899342242613767,4,0.25,101,6748885
43371,0.0645717884838636,0.014349186004770866,0.00899283215029166,4,0.25,101,6749895
43381,0.06456799650529775,0.014348343361217625,0.008992160761847947,4,0.25,101,6750905
43391,0.0645630318678207,0.014347260188812829,0.00899152981365633,4,0.25,101,6751915
43401,0.06455761725552828,0.014345996809531754,0.008990888474207698,4,0.25,101,6752925
43411,0.06455265510328739,0.0143448941426355,0.008990206982619913,4,0.25,101,6753935
43421,0.06454841565991376,0.014344012199170229,0.00898955116069266,4,0.25,101,6754945
43431,0.06454462795482707,0.014343150463037488,0.00898892617795879,4,0.25,101,6755955
43441,0.06453894769506942,0.014341868177590013,0.008988257376329419,4,0.25,101,6756965
43451,0.0645339900109889,0.014340766498774577,0.008987615269285109,4,0.25,101,6757975
43461,0.06452849287581977,0.014339605013897435,0.008986940040192059,4,0.25,101,6758985
43471,0.06452524934921634,0.0143387641215359,0.008986346006158868,4,0.25,101,6759995
43481,0.06452020487263349,0.01433774324441802,0.008985702613618704,4,0.25,101,6761005
43491,0.06451453130453903,0.014336462463981237,0.008985048450836622,4,0.25,101,6762015
43501,0.06450975950620486,0.014335462102192926,0.008984395324393633,4,0.25,101,6763025
43511,0.06450435879688864,0.014334241955197995,0.008983737522460416,4,0.25,101,6764035
43521,0.06449859959232547,0.014332902166446875,0.008983053579112108,4,0.25,101,6765045
43531,0.06449464106815533,0.014332022517341222,0.008982422826055072,4,0.25,101,6766055
43541,0.06449005372555747,0.01433096316324826,0.008981804019778097,4,0.25,101,6767065
43551,0.06448465815287979,0.014329784169108682,0.008981172304668989,4,0.25,101,6768075
43561,0.0644796235534629,0.014328685378824969,0.008980552866973092,4,0.25,101,6769085
43571,0.06447476992053897,0.014327666735029351,0.008979906864616189,4,0.25,101,6770095
43581,0.06447063624183326,0.014326628350035606,0.008979283899295261,4,0.25,101,6771105
43591,0.06446677289728123,0.01432586967845591,0.008978669468697591,4,0.25,101,6772115
43601,0.06446273063438539,0.014325011332573405,0.00897803085342882,4,0.25,101,6773125
43611,0.06445967700374465,0.014324232971336181,0.008977432015836492,4,0.25,101,6774135
43621,0.06445455869248864,0.014323155457840986,0.008976780913834746,4,0.25,101,6775145
43631,0.06444989045994509,0.01432207819677661,0.008976157021261862,4,0.25,101,6776155
43641,0.06444603098612887,0.014321260444868,0.008975527301138882,4,0.25,101,6777165
43651,0.06444190304357941,0.014320243444216176,0.008974885248804024,4,0.25,101,6778175
43661,0.06443616118896328,0.014319027327064679,0.00897418823127939,4,0.25,101,6779185
43671,0.06443266302762723,0.01431830976950996,0.008973586758383629,4,0.25,101,6780195
43681,0.06442728239585001,0.01431705431325457,0.008972936195099285,4,0.25,101,6781205
43691,0.06442324784036128,0.01431621753288348,0.008972323174580969,4,0.25,101,6782215
43701,0.06441921407173809,0.01431520164720325,0.008971698004529788,4,0.25,101,6783225
43711,0.06441365772339801,0.014314046599074365,0.008971044287609016,4,0.25,101,6784235
43721,0.06440881953932519,0.014312971470349553,0.008970401297047738,4,0.25,101,6785245
43731,0.06440469901595712,0.014312016011504764,0.008969782412818348,4,0.25,101,6786255
43741,0.06440031066584513,0.014311120449245401,0.008969171952580783,4,0.25,101,6787265
43751,0.06439520702208681,0.014309847061306712,0.008968526639157417,4,0.25,101,6788275
43761,0.06438974662317618,0.014308753025470146,0.008967884476313819,4,0.25,101,6789285
43771,0.06438545092961855,0.014307738788641522,0.00896725288480221,4,0.25,101,6790295
43781,0.06438205080521922,0.01430700310991032,0.00896663668470514,4,0.25,101,6791305
43791,0.064377935613361,0.014306068768963466,0.008966018401674485,4,0.25,101,6792315
43801,0.06437292692024262,0.014305015378420674,0.008965381223516956,4,0.25,101,6793325
43811,0.06436836648778071,0.014304001966524716,0.00896477666354014,4,0.25,101,6794335
43821,0.06436389645235187,0.01430300864250809,0.008964161095755568,4,0.25,101,6795345
43831,0.06435889116039674,0.014301876515174486,0.008963546216885122,4,0.25,101,6796355
43841,0.064354065776922,0.014300863795701437,0.008962910067792495,4,0.25,101,6797365
43851,0.06435031347988394,0.014299871150281663,0.008962293793212365,4,0.25,101,6798375
43861,0.06434495423750462,0.014298759642161447,0.008961666368337267,4,0.25,101,6799385
43871,0.06434120359492314,0.014297926187650625,0.00896104148738956,4,0.25,101,6800395
43881,0.06433611452617193,0.014296775475389663,0.008960398625945712,4,0.25,101,6801405
43891,0.0643312944594932,0.01429570438186382,0.008959760552648913,4,0.25,101,6802415
43901,0.0643262078314264,0.01429463353824678,0.008959142782116934,4,0.25,101,6803425
43911,0.0643221037466627,0.01429374135939779,0.008958504935465798,4,0.25,101,6804435
43921,0.06431835725104819,0.014292849353971883,0.008957900604371152,4,0.25,101,6805445
43931,0.06431256044279447,0.014291640467837515,0.008957235382210087,4,0.25,101,6806455
43941,0.06430899398492276,0.014290828116759099,0.008956644814442317,4,0.25,101,6807465
43951,0.06430391284669472,0.014289718796411206,0.008955991724857743,4,0.25,101,6808475
43961,0.06430061523322465,0.01428898599974516,0.00895540505108039,4,0.25,101,6809485
43971,0.0642967835333324,0.014288055318683265,0.008954796863059687,4,0.25,101,6810495
43981,0.0642924180445162,0.014287006053746342,0.008954157469548148,4,0.25,101,6811505
43991,0.06428707380516704,0.014285838286356267,0.008953522047496743,4,0.25,101,6812515
44001,0.06428262132921485,0.01428496760248925,0.008952894845801302,4,0.25,101,6813525
44011,0.0642779027532529,0.01428385969840431,0.008952277886927705,4,0.25,101,6814535
44021,0.06427371925813563,0.014282870724460467,0.008951643900086922,4,0.25,101,6815545
44031,0.0642681129245539,0.014281704009485077,0.008950994351376725,4,0.25,101,6816555
44041,0.06426321975148735,0.014280616661135927,0.008950354608292686,4,0.25,101,6817565
44051,0.06425806093495584,0.014279351707606596,0.008949699763104115,4,0.25,101,6818575
44061,0.06425290340814432,0.014278225402154726,0.008949054411723258,4,0.25,101,6819585
44071,0.06424792495035393,0.014277237642711224,0.008948414826019373,4,0.25,101,6820595
44081,0.06424481402430865,0.01427638833979959,0.008947795491013872,4,0.25,101,6821605
44091,0.06423850472962771,0.014275085064667735,0.008947123725520085,4,0.25,101,6822615
44101,0.06423308560910385,0.014273959807047862,0.008946485098549155,4,0.25,101,6823625
44111,0.06422926642887679,0.014273071640901282,0.00894586423579224,4,0.25,101,6824635
44121,0.06422473762030313,0.014272025799278111,0.008945260639042336,4,0.25,101,6825645
44131,0.06421914458268882,0.014270861841201143,0.008944625904595323,4,0.25,101,6826655
44141,0.06421470674362575,0.01426985594617006,0.008943995616142559,4,0.25,101,6827665
44151,0.06421062477523326,0.014268869988930401,0.008943381970664757,4,0.25,101,6828675
44161,0.0642057452215823,0.014267884243850561,0.008942778730290734,4,0.25,101,6829685
44171,0.06420139895560825,0.014266859293944213,0.00894213877890821,4,0.25,101,6830695
44181,0.06419767431406653,0.014266031617190991,0.008941518633212802,4,0.25,101,6831705
44191,0.06419368437349454,0.014265105584797003,0.008940902136927048,4,0.25,101,6832715
44201,0.06418960656580854,0.014264199436493768,0.008940291307108912,4,0.25,101,6833725
44211,0.06418455474934469,0.014263155618313027,0.008939674609368927,4,0.25,101,6834735
44221,0.0641795041710711,0.014262052974544711,0.008939027648229547,4,0.25,101,6835745
44231,0.06417560632554996,0.014261206481838462,0.0089383858454261,4,0.25,101,6836755
44241,0.06417215203338586,0.014260379826066224,0.008937753194290821,4,0.25,101,6837765
44251,0.06416798993787746,0.014259435259345527,0.008937130241637609,4,0.25,101,6838775
44261,0.0641630319429384,0.014258294167855238,0.008936482842586796,4,0.25,101,6839785
44271,0.06415807514102934,0.014257173027421025,0.008935831547982099,4,0.25,101,6840795
44281,0.06415365043278685,0.014256229122106352,0.008935198787496112,4,0.25,101,6841805
44291,0.06414913820942629,0.014255246094356914,0.008934552062029213,4,0.25,101,6842815
44301,0.06414489231385465,0.014254341895274247,0.008933936863553284,4,0.25,101,6843825
44311,0.06413923248115322,0.014253103825480007,0.00893327903956189,4,0.25,101,6844835
44321,0.06413472341545232,0.014252101823786835,0.00893268096811492,4,0.25,101,6845845
44331,0.06413083403440081,0.014251198245725811,0.008932067745175555,4,0.25,101,6846855
44341,0.06412641517485906,0.014250157387852852,0.008931429385029652,4,0.25,101,6847865
44351,0.0641224390120254,0.014249371991512518,0.008930842968709421,4,0.25,101,6848875
44361,0.06411793362234798,0.014248331549010698,0.008930241258599581,4,0.25,101,6849885
44371,0.06411307597364492,0.014247153975097784,0.008929585804240426,4,0.25,101,6850895
44381,0.06410866092394857,0.014246349473914179,0.008928970305274384,4,0.25,101,6851905
44391,0.06410459991450755,0.014245407798643831,0.008928331101648817,4,0.25,101,6852915
44401,0.06410098099441425,0.014244583991801799,0.008927705297454196,4,0.25,101,6853925
44411,0.06409586263313169,0.014243407382252035,0.008927061804809913,4,0.25,101,6854935
44421,0.06409118662282244,0.014242446708979357,0.00892644465579722,4,0.25,101,6855945
44431,0.06408748185976014,0.014241545036076445,0.008925838831676755,4,0.25,101,6856955
44441,0.06408298411552399,0.014240565158472437,0.008925224984024649,4,0.25,101,6857965
44451,0.06407954532737573,0.014239820591922876,0.008924640208507613,4,0.25,101,6858975
44461,0.06407469673104245,0.014238723556937552,0.008924010462618625,4,0.25,101,6859985
44471,0.0640695849035229,0.014237587619601503,0.00892339481646033,4,0.25,101,6860995
44481,0.0640643862441204,0.014236491120311383,0.008922755489519636,4,0.25,101,6862005
44491,0.0640605982182818,0.014235668918435168,0.008922144408564519,4,0.25,101,6863015
44501,0.06405540182959561,0.01423435761678714,0.008921520911868975,4,0.25,101,6864025
44511,0.06405003067232792,0.014233242327941868,0.008920894883392906,4,0.25,101,6865035
44521,0.06404422083599078,0.014231970839433677,0.008920239035700809,4,0.25,101,6866045
44531,0.06403858862262028,0.01423069970464905,0.008919603526401539,4,0.25,101,6867055
44541,0.06403533320295904,0.014230034944225072,0.008919006692451378,4,0.25,101,6868065
44551,0.06403172644802968,0.01422921390310562,0.008918420197017178,4,0.25,101,6869075
44561,0.06402715293719022,0.01422809986898741,0.008917789948116484,4,0.25,101,6870085
44571,0.0640231079871804,0.014227298714164359,0.008917221128448095,4,0.25,101,6871095
44581,0.06401906383301555,0.014226380490008479,0.00891659945974102,4,0.25,101,6872105
44591,0.06401396581604679,0.014225169497893944,0.008915969823145261,4,0.25,101,6873115
44601,0.06400965985592887,0.014224329804803837,0.008915380179873018,4,0.25,101,6874125
44611,0.06400517910035415,0.01422331456820454,0.0089147422892088,4,0.25,101,6875135
44621,0.06400017235301339,0.014222182455139523,0.008914101986298452,4,0.25,101,6876145
44631,0.06399630832958964,0.014221187208281411,0.008913489312941432,4,0.25,101,6877155
44641,0.06399130374310559,0.014220231195018475,0.008912861205217469,4,0.25,101,6878165
44651,0.06398752915986125,0.01421945092441361,0.008912267393673722,4,0.25,101,6879175
44661,0.06398235120890451,0.01421820276877472,0.008911656721050893,4,0.25,101,6880185
44671,0.06397892921194574,0.014217481334449299,0.008911059443326935,4,0.25,101,6881195
44681,0.06397392885705201,0.014216389650690517,0.008910454554845675,4,0.25,101,6882205
44691,0.06397059596330393,0.014215551570706668,0.008909840901484474,4,0.25,101,6883215
44701,0.06396559763658476,0.01421442138097464,0.008909233233143894,4,0.25,101,6884225
44711,0.0639613018015932,0.014213544702412541,0.008908622616632621,4,0.25,101,6885235
44721,0.06395726979456572,0.014212648716149233,0.00890799777610927,4,0.25,101,6886245
44731,0.06395297570124234,0.01421169448947901,0.008907382169479268,4,0.25,101,6887255
44741,0.06394806926543029,0.014210545787419511,0.008906783058186159,4,0.25,101,6888265
44751,0.06394360192418803,0.014209553074570398,0.008906181583040238,4,0.25,101,6889275
44761,0.06393878529247823,0.014208541119126955,0.008905585245892664,4,0.25,101,6890285
44771,0.0639342324252821,0.014207548842372153,0.008904931577580755,4,0.25,101,6891295
44781,0.06393020573053486,0.014206556781428396,0.008904338811555699,4,0.25,101,6892305
44791,0.06392644236055364,0.014205681612694174,0.008903732053300266,4,0.25,101,6893315
44801,0.06392136727999459,0.014204670515710128,0.00890312272818345,4,0.25,101,6894325
44811,0.0639174305819241,0.014203737394341609,0.008902514095324386,4,0.25,101,6895335
44821,0.0639127949947444,0.014202785029851157,0.00890191666006176,4,0.25,101,6896345
44831,0.06390947201067153,0.014201910584581152,0.008901315723898837,4,0.25,101,6897355
44841,0.06390326471904002,0.014200570094134784,0.008900667162877223,4,0.25,101,6898365
44851,0.06389933149224196,0.01419967665274742,0.008900076256107354,4,0.25,101,6899375
44861,0.06389435048726175,0.014198725136000828,0.008899490644983582,4,0.25,101,6900385
44871,0.06389041896905458,0.014197773817824097,0.008898868673921515,4,0.25,101,6901395
44881,0.06388491610921151,0.014196570393583048,0.008898266368719265,4,0.25,101,6902405
44891,0.06388054981071922,0.014195386689425028,0.00889765468563082,4,0.25,101,6903415
44901,0.06387522418507019,0.014194474864722759,0.008897073391374206,4,0.25,101,6904425
44911,0.06387059812470401,0.014193194737937074,0.008896478337107194,4,0.25,101,6905435
44921,0.06386501332924586,0.014192205795307779,0.008895832123866092,4,0.25,101,6906445
44931,0.06386073849812812,0.014191158913481026,0.0088951893780208,4,0.25,101,6907455
44941,0.06385707506643525,0.014190402981731073,0.008894611964288295,4,0.25,101,6908465
44951,0.06385306348744572,0.014189511531109695,0.00889400176841735,4,0.25,101,6909475
44961,0.06384905269329992,0.014188542760855058,0.008893394659797155,4,0.25,101,6910485
44971,0.06384443253365855,0.014187516089275324,0.008892788146319063,4,0.25,101,6911495
44981,0.06384024913659284,0.014186702664792458,0.008892154674698064,4,0.25,101,6912505
44991,0.06383615372081988,0.014185715130321564,0.008891541570117897,4,0.25,101,6913515
45001,0.06383075250898088,0.014184456818244243,0.008890908944914299,4,0.25,101,6914525
45011,0.06382631064351117,0.01418350847431028,0.008890297177202019,4,0.25,101,6915535
45021,0.06382117321577081,0.014182405547156364,0.00888964290163697,4,0.25,101,6916545
45031,0.06381830030084265,0.014181767132466931,0.008889050010635464,4,0.25,101,6917555
45041,0.06381394816685122,0.014180819348490642,0.008888435750110626,4,0.25,101,6918565
45051,0.06380950994239533,0.014179852425326185,0.008887785284572519,4,0.25,101,6919575
45061,0.0638048986884982,0.014178750383367685,0.008887200459727584,4,0.25,101,6920585
45071,0.06380133220403215,0.014177938523134252,0.008886578071586715,4,0.25,101,6921595
45081,0.06379654887062475,0.014176875591746848,0.00888595608087457,4,0.25,101,6922605
45091,0.0637921144139519,0.01417585154720677,0.008885324612604457,4,0.25,101,6923615
45101,0.0637881155313156,0.014175078835942599,0.008884727174221632,4,0.25,101,6924625
45111,0.06378385671068453,0.014174171067822015,0.008884145711609,4,0.25,101,6925635
45121,0.06377864303425593,0.01417289663521461,0.008883498983005434,4,0.25,101,6926645
45131,0.06377499425044257,0.014172182336677731,0.008882887209993385,4,0.25,101,6927655
45141,0.06377117241229673,0.014171255846181887,0.008882268042672035,4,0.25,101,6928665
45151,0.06376752495944746,0.014170387432654101,0.008881632940340589,4,0.25,101,6929675
45161,0.06376283633186029,0.014169384138981481,0.008881029119935853,4,0.25,101,6930685
45171,0.06375814877786905,0.014168400354298739,0.008880397295164362,4,0.25,101,6931695
45181,0.06375146652917454,0.014166915435326919,0.00887975681511216,4,0.25,101,6932705
45191,0.0637458273674741,0.014165527378111886,0.008879105410402521,4,0.25,101,6933715
45201,0.06374097025843856,0.014164448070865057,0.00887849186724748,4,0.25,101,6934725
45211,0.06373542068791006,0.014163407552846912,0.008877862957509211,4,0.25,101,6935735
45221,0.06373169291533377,0.014162502110550744,0.008877265440025775,4,0.25,101,6936745
45231,0.0637275324828595,0.01416151981326383,0.008876639261300336,4,0.25,101,6937755
45241,0.06372337289620326,0.014160653256568177,0.008876044039607338,4,0.25,101,6938765
45251,0.06371895426182332,0.014159690609471578,0.008875453278529748,4,0.25,101,6939775
45261,0.0637158358002979,0.014158997629759012,0.008874856590564723,4,0.25,101,6940785
45271,0.06371219819592269,0.014158208531508813,0.008874260188584558,4,0.25,101,6941795
45281,0.0637080417257246,0.014157227161407153,0.008873662299225826,4,0.25,101,6942805
45291,0.06370379953343308,0.014156265239507365,0.008873042431584549,4,0.25,101,6943815
45301,0.06369895239085047,0.014155168896817812,0.008872395931326361,4,0.25,101,6944825
45311,0.06369393334684174,0.014154168955183866,0.008871742693651903,4,0.25,101,6945835
45321,0.06369004010942801,0.014153323022546542,0.008871144462600695,4,0.25,101,6946845
45331,0.06368580164930926,0.01415226582816016,0.008870538178650859,4,0.25,101,6947855
45341,0.06368130465235294,0.01415120887969544,0.00886990432476927,4,0.25,101,6948865
45351,0.06367654928937884,0.014150305863984266,0.008869301334257805,4,0.25,101,6949875
45361,0.06367274579524042,0.014149364613142331,0.008868689493370318,4,0.25,101,6950885
45371,0.06366807883759948,0.01414834674500344,0.008868071778599473,4,0.25,101,6951895
45381,0.06366419051999862,0.014147501895636514,0.008867459340907142,4,0.25,101,6952905
45391,0.06365943913610365,0.014146522835006347,0.008866857518707609,4,0.25,101,6953915
45401,0.06365408435467328,0.014145198559404172,0.008866206997075812,4,0.25,101,6954925
45411,0.06364959432925474,0.014144258366228039,0.00886558922413957,4,0.25,101,6955935
45421,0.06364527792727608,0.014143337549366464,0.008864988669374437,4,0.25,101,6956945
45431,0.0636409624368857,0.014142301853546086,0.008864410240187151,4,0.25,101,6957955
45441,0.06363613016948674,0.01414132391325419,0.008863804711161105,4,0.25,101,6958965
45451,0.06363319685035315,0.014140691240585836,0.008863235966452986,4,0.25,101,6959975
45461,0.06363026395231938,0.014140001152758336,0.008862666218363235,4,0.25,101,6960985
45471,0.06362552044974056,0.014138927891266025,0.008862085899483013,4,0.25,101,6961995
45481,0.06362086426404505,0.014137720775321593,0.008861455687872246,4,0.25,101,6963005
45491,0.06361638153259536,0.014136820437537088,0.008860870914035293,4,0.25,101,6964015
45501,0.06361250303970435,0.014136035182316048,0.008860282237799956,4,0.25,101,6965025
45511,0.06360905610868635,0.014135307506090211,0.008859698264291619,4,0.25,101,6966035
45521,0.06360423138244795,0.01413410135251664,0.00885905265881255,4,0.25,101,6967045
45531,0.06360009680989404,0.01413325914964285,0.008858460156651026,4,0.25,101,6968055
45541,0.06359561863415307,0.014132302290627455,0.008857845419508263,4,0.25,101,6969065
45551,0.0635913136219742,0.01413132650226896,0.008857213694509201,4,0.25,101,6970075
45561,0.06358666522817177,0.014130312670022606,0.008856586403719748,4,0.25,101,6971085
45571,0.06358313659886947,0.014129509416667742,0.008856005949860444,4,0.25,101,6972095
45581,0.06357909233500099,0.01412859158695861,0.008855403337577854,4,0.25,101,6973105
45591,0.06357375857398939,0.01412744456091721,0.008854749582866457,4,0.25,101,6974115
45601,0.06356954416805999,0.01412648892740849,0.008854147067191842,4,0.25,101,6975125
45611,0.06356481474878879,0.014125380644736075,0.008853524384210054,4,0.25,101,6976135
45621,0.06356043026639714,0.014124387242203825,0.008852934522670998,4,0.25,101,6977145
45631,0.06355501544134798,0.014123279472971763,0.008852303493767921,4,0.25,101,6978155
45641,0.06355046122495857,0.014122210159408387,0.008851703896498187,4,0.25,101,6979165
45651,0.06354625162716326,0.014121351072287245,0.008851085517709426,4,0.25,101,6980175
45661,0.06354204289775142,0.014120377636962651,0.00885047245279083,4,0.25,101,6981185
45671,0.06353783503642206,0.014119404410608268,0.008849895810611621,4,0.25,101,6982195
45681,0.0635335421948967,0.014118488623688667,0.00884928285850551,4,0.25,101,6983205
45691,0.06352864945731576,0.014117420439404286,0.008848664425163097,4,0.25,101,6984215
45701,0.06352367208667153,0.014116257167906945,0.008848046705921982,4,0.25,101,6985225
45711,0.06351938222463747,0.01411536108035739,0.008847464696860608,4,0.25,101,6986235
45721,0.06351492172516089,0.014114388930438034,0.008846853418049846,4,0.25,101,6987245
45731,0.06350943321869311,0.014113169272592839,0.008846227588426984,4,0.25,101,6988255
45741,0.0635055749969458,0.014112254744600667,0.00884563148596314,4,0.25,101,6989265
45751,0.06350171750514154,0.01411139754221982,0.008845056992604796,4,0.25,101,6990275
45761,0.06349700378387857,0.014110388156255975,0.008844408314617849,4,0.25,101,6991285
45771,0.06349289088123297,0.014109436111464596,0.00884380219009536,4,0.25,101,6992295
45781,0.06348860748985782,0.014108522336665657,0.008843196910193283,4,0.25,101,6993305
45791,0.06348603788700738,0.014107970353703952,0.008842600720697277,4,0.25,101,6994315
45801,0.06348184156554591,0.014106961731029228,0.00884201320854092,4,0.25,101,6995325
45811,0.06347644756429116,0.014105820165043135,0.008841392237243909,4,0.25,101,6996335
45821,0.06347250998874089,0.014104869079811556,0.00884080771729273,4,0.25,101,6997345
45831,0.0634677174451694,0.014103766071127075,0.00884019193314317,4,0.25,101,6998355
45841,0.06346412377704193,0.014103081580158232,0.008839609072874444,4,0.25,101,6999365
45851,0.06345907659925897,0.01410192198439763,0.00883899804108356,4,0.25,101,7000375
45861,0.06345514237871637,0.014101066735218394,0.008838414968782328,4,0.25,101,7001385
45871,0.06345043941639004,0.014099964652316348,0.008837830499673429,4,0.25,101,7002395
45881,0.0634473617015675,0.014099261739573913,0.008837259617175476,4,0.25,101,7003405
45891,0.06344180589395404,0.014098103121686975,0.00883665047449696,4,0.25,101,7004415
45901,0.06343702056688899,0.014096963786779165,0.008836027550271814,4,0.25,101,7005425
45911,0.0634333468822708,0.014096109473772062,0.008835438026424815,4,0.25,101,7006435
45921,0.06342856354206156,0.014095122468434413,0.008834847842211481,4,0.25,101,7007445
45931,0.06342429365178937,0.014094173627803686,0.008834245439076883,4,0.25,101,7008455
45941,0.0634207930097367,0.014093414698519447,0.008833632115116976,4,0.25,101,7009465
45951,0.06341626868116097,0.014092428280710396,0.008833045849484324,4,0.25,101,7010475
45961,0.06341208670554761,0.014091498968378479,0.00883244590618142,4,0.25,101,7011485
45971,0.06340773494917529,0.01409045609002654,0.00883183858188592,4,0.25,101,7012495
45981,0.0634021899410038,0.01408928076988186,0.008831215895512052,4,0.25,101,7013505
45991,0.06339869309714964,0.014088465807791042,0.008830644384042253,4,0.25,101,7014515
46001,0.06339477052387557,0.014087669940030058,0.008830042660526253,4,0.25,101,7015525
46011,0.06339076345789792,0.014086741604601487,0.008829428690351538,4,0.25,101,7016535
46021,0.06338650148763528,0.014085813459681821,0.00882886163635025,4,0.25,101,7017545
46031,0.06338198477342419,0.014084734020513787,0.008828281216293057,4,0.25,101,7018555
46041,0.06337763944752144,0.014083919877226986,0.008827706199095483,4,0.25,101,7019565
46051,0.0633737209297273,0.014082859817306621,0.008827092837166746,4,0.25,101,7020575
46061,0.0633671633600755,0.0140815540137221,0.008826456533271007,4,0.25,101,7021585
46071,0.06336341712615513,0.014080570179011912,0.008825863903160279,4,0.25,101,7022595
46081,0.06335975670030541,0.014079794614112568,0.008825247887566666,4,0.25,101,7023605
46091,0.06335524591866687,0.014078867893979552,0.008824643607392997,4,0.25,101,7024615
46101,0.06334997042443291,0.014077695581543787,0.008824061409411704,4,0.25,101,7025625
46111,0.06334597217103455,0.014076750389717514,0.008823457624899687,4,0.25,101,7026635
46121,0.0633412943617249,0.014075767599861934,0.008822828496581647,4,0.25,101,7027645
46131,0.06333695771795701,0.014074803917364813,0.008822181876925905,4,0.25,101,7028655
46141,0.0633336420848511,0.014074029341206927,0.00882159242318364,4,0.25,101,7029665
46151,0.06332998701335307,0.014073198236420685,0.008820998224242578,4,0.25,101,7030675
46161,0.06332437818148497,0.014071932984045576,0.00882035184607164,4,0.25,101,7031685
46171,0.06332004514365594,0.014070970118940682,0.008819753646287103,4,0.25,101,7032695
46181,0.06331460891230463,0.014069818726210376,0.008819120289700383,4,0.25,101,7033705
46191,0.06331095726068886,0.014069045004172253,0.008818548551882742,4,0.25,101,7034715
46201,0.06330688177312288,0.014068177083515696,0.008817982095148377,4,0.25,101,7035725
46211,0.06330280710256002,0.014067215018566614,0.008817371332897951,4,0.25,101,7036735
46221,0.06329864838545307,0.014066328591104904,0.008816783731403172,4,0.25,101,7037745
46231,0.06329491475226515,0.014065498901769526,0.008816164807806615,4,0.25,101,7038755
46241,0.06329007901986239,0.014064311202812638,0.008815525677200639,4,0.25,101,7039765
46251,0.06328558366934149,0.0140633688068894,0.008814961883316576,4,0.25,101,7040775
46261,0.06328159805828704,0.014062445449672598,0.008814346572672466,4,0.25,101,7041785
46271,0.06327727413058332,0.014061559957900134,0.008813748176141419,4,0.25,101,7042795
46281,0.06327422250029022,0.014060919497627788,0.008813142796143189,4,0.25,101,7043805
46291,0.06327049335233673,0.014059977809313427,0.008812549569989234,4,0.25,101,7044815
46301,0.06326574815390706,0.014058961006527874,0.008811939977853431,4,0.25,101,7045825
46311,0.0632620205612094,0.014058113845802734,0.008811319188173645,4,0.25,101,7046835
46321,0.06325837834735604,0.01405732330588954,0.008810750035381211,4,0.25,101,7047845
46331,0.06325439806988557,0.014056438818225605,0.008810174588450785,4,0.25,101,7048855
46341,0.06325084188607695,0.014055648571630731,0.008809606781274853,4,0.25,101,7049865
46351,0.06324745562321532,0.014054914895107498,0.00880904427495164,4,0.25,101,7050875
46361,0.06324356211887848,0.01405401207233796,0.008808447443129228,4,0.25,101,7051885
46371,0.06323848475666839,0.014052883797838065,0.008807830105536572,4,0.25,101,7052895
46381,0.06323374703053286,0.014051849794006178,0.008807256984186527,4,0.25,101,7053905
46391,0.06322968700218155,0.014050816027099674,0.008806649691329152,4,0.25,101,7054915
46401,0.06322486677288433,0.014049914024068424,0.008806060726448475,4,0.25,101,7055925
46411,0.06322072398168899,0.01404889948619978,0.008805449294305736,4,0.25,101,7056935
46421,0.06321556781059193,0.014047810051487409,0.008804849335475566,4,0.25,101,7057945
46431,0.06321066643621034,0.01404675843311972,0.008804261847202824,4,0.25,101,7058955
46441,0.06320686446104115,0.014045913560300733,0.008803685110190713,4,0.25,101,7059965
46451,0.06320247195443429,0.014044918690819757,0.008803075206721073,4,0.25,101,7060975
46461,0.06319841817668351,0.01404396157075978,0.008802483097988525,4,0.25,101,7061985
46471,0.06319428078041035,0.014043060937429129,0.008801905559275574,4,0.25,101,7062995
46481,0.06319039746173853,0.014042291788893662,0.008801301825111511,4,0.25,101,7064005
46491,0.06318685247197589,0.014041447752490463,0.008800729009367134,4,0.25,101,7065015
46501,0.063184320715627,0.01404084764494887,0.00880013680487142,4,0.25,101,7066025
46511,0.0631810299046661,0.014040060125012854,0.008799558283641259,4,0.25,101,7067035
46521,0.06317664298698915,0.014039160270661401,0.008798951927666075,4,0.25,101,7068045
46531,0.06317116067377207,0.014037960744232534,0.00879834489436708,4,0.25,101,7069055
46541,0.06316686020370967,0.014037005100111355,0.008797743890481349,4,0.25,101,7070065
46551,0.0631634036241607,0.014036274450131872,0.008797164886205506,4,0.25,101,7071075
46561,0.06316020049104476,0.01403535662188579,0.008796571806344387,4,0.25,101,7072085
46571,0.0631552282078179,0.014034401529759792,0.008795974433001032,4,0.25,101,7073095
46581,0.06315076261985755,0.014033446640030062,0.008795392947459242,4,0.25,101,7074105
46591,0.06314655070241007,0.014032510670041213,0.008794823203684696,4,0.25,101,7075115
46601,0.06314351866355258,0.014031799462867933,0.008794273744171452,4,0.25,101,7076125
46611,0.06313905565363087,0.014030732862577893,0.008793691666994301,4,0.25,101,7077135
46621,0.06313459362604379,0.014029890988063076,0.008793100862677634,4,0.25,101,7078145
46631,0.06313021674201318,0.014028880946290257,0.008792501977916737,4,0.25,101,7079155
46641,0.0631256725164206,0.014027796338828549,0.008791901810110065,4,0.25,101,7080165
46651,0.06312213882299021,0.014027029791096633,0.008791314387834993,4,0.25,101,7081175
46661,0.0631187739733984,0.014026244682337,0.00879070895913842,4,0.25,101,7082185
46671,0.06311448460028624,0.014025347582750106,0.008790139770344301,4,0.25,101,7083195
46681,0.06311078469407785,0.014024544082769924,0.008789564844785545,4,0.25,101,7084205
46691,0.06310599263801489,0.014023535239326894,0.00878898076625378,4,0.25,101,7085215
46701,0.0631022942819701,0.014022620002887268,0.008788403540675435,4,0.25,101,7086225
46711,0.06309767228607704,0.014021686279899475,0.00878779591782667,4,0.25,101,7087235
46721,0.06309221128645878,0.014020398060119002,0.008787170705331788,4,0.25,101,7088245
46731,0.0630874236211197,0.014019371482239284,0.008786585157231696,4,0.25,101,7089255
46741,0.0630840645315345,0.014018643687039445,0.008786032357701389,4,0.25,101,7090265
46751,0.06307986645280168,0.014017636164849618,0.00878542541534338,4,0.25,101,7091275
46761,0.06307566924406235,0.014016666171417605,0.008784850186255331,4,0.25,101,7092285
46771,0.06307113723545127,0.014015696387008905,0.008784252692254137,4,0.25,101,7093295
46781,0.06306677403740182,0.01401476409904897,0.008783641165892347,4,0.25,101,7094305
46791,0.0630621601392514,0.014013757444958783,0.008783024020391146,4,0.25,101,7095315
46801,0.06305771501372645,0.014012769651562033,0.0087824074280433,4,0.25,101,7096325
46811,0.0630546123912613,0.014011987025885367,0.008781813741912158,4,0.25,101,7097335
46821,0.06305092340499072,0.014011223165452594,0.00878125299672548,4,0.25,101,7098345
46831,0.06304622930358349,0.01401019867828314,0.008780642940039099,4,0.25,101,7099355
46841,0.06304220665428782,0.014009323392277409,0.008780031137611322,4,0.25,101,7100365
46851,0.06303826858466739,0.01400848551206136,0.008779436534996235,4,0.25,101,7101375
46861,0.06303458257548747,0.014007629173583079,0.008778855210196999,4,0.25,101,7102385
46871,0.06303022724814729,0.014006679945394233,0.008778255440634786,4,0.25,101,7103395
46881,0.06302645897126598,0.014005805343839354,0.008777672377656443,4,0.25,101,7104405
46891,0.06302185425225999,0.014004782089883617,0.008777111160796358,4,0.25,101,7105415
46901,0.06301783644453127,0.014003926456264056,0.008776513996398443,4,0.25,101,7106425
46911,0.06301390311404621,0.014002996604362203,0.0087759388974253,4,0.25,101,7107435
46921,0.06300997054808964,0.014002085536038667,0.008775324926806554,4,0.25,101,7108445
46931,0.06300528593538544,0.014000988780343341,0.00877472375420194,4,0.25,101,7109455
46941,0.06300076965745552,0.014000133868281152,0.008774131213527868,4,0.25,101,7110465
46951,0.06299700686262068,0.013999223379894682,0.008773560232038204,4,0.25,101,7111475
46961,0.06299282680028913,0.013998294500190637,0.008772972727287191,4,0.25,101,7112485
46971,0.06298906548268779,0.013997514389566906,0.008772392044619841,4,0.25,101,7113495
46981,0.0629844692665139,0.013996455884549704,0.008771773593382949,4,0.25,101,7114505
46991,0.06298062596047797,0.013995620398771249,0.008771214524511106,4,0.25,101,7115515
47001,0.06297653280735996,0.013994636581363585,0.008770602099822626,4,0.25,101,7116525
47011,0.06297127139912864,0.01399350452978414,0.008769990673850397,4,0.25,101,7117535
47021,0.06296801502288153,0.013992799461483572,0.008769407832501247,4,0.25,101,7118545
47031,0.06296392442169461,0.013991909007023372,0.008768822701052607,4,0.25,101,7119555
47041,0.0629590001020095,0.01399075909784112,0.008768212648443503,4,0.25,101,7120565
47051,0.06295532850872063,0.013989943211797804,0.008767634744203157,4,0.25,101,7121575
47061,0.0629517410049667,0.013989164549703564,0.008767056799635835,4,0.25,101,7122585
47071,0.06294715326527496,0.013988145077238641,0.008766456607185641,4,0.25,101,7123595
47081,0.0629425665667359,0.0139871999549581,0.008765883927142233,4,0.25,101,7124605
47091,0.06293714726477764,0.013985995675571,0.008765244330911645,4,0.25,101,7125615
47101,0.06293281286937552,0.013984976922128835,0.008764665390987128,4,0.25,101,7126625
47111,0.06292906270057323,0.013984180603125788,0.00876406393672192,4,0.25,101,7127635
47121,0.06292481335054506,0.013983143748204259,0.00876344093908097,4,0.25,101,7128645
47131,0.06291939880739252,0.013982033097873684,0.008762838376092761,4,0.25,101,7129655
47141,0.06291565112744527,0.01398112627055375,0.00876224065574163,4,0.25,101,7130665
47151,0.06291165436836878,0.013980312132707019,0.008761652460028338,4,0.25,101,7131675
47161,0.06290657629453714,0.013979146692351844,0.008761026835418533,4,0.25,101,7132685
47171,0.0629025813305369,0.013978295927004924,0.008760470052960625,4,0.25,101,7133695
47181,0.06289966883404388,0.013977556262117672,0.008759919452336342,4,0.25,101,7134705
47191,0.06289484333583686,0.013976520936038054,0.008759313861682959,4,0.25,101,7135715
47201,0.06289085069189884,0.013975596739552513,0.00875875934172257,4,0.25,101,7136725
47211,0.06288677568200547,0.013974728168380772,0.008758145859384791,4,0.25,101,7137735
47221,0.06288253521844274,0.01397378586642719,0.00875754517654708,4,0.25,101,7138745
47231,0.06287920998773833,0.013973083887730614,0.00875698782232177,4,0.25,101,7139755
47241,0.06287513732637057,0.013972197334765546,0.00875640695879056,4,0.25,101,7140765
47251,0.06287023459961283,0.01397099707348884,0.008755804725270641,4,0.25,101,7141775
47261,0.06286566533324994,0.013970110932799491,0.008755235980116325,4,0.25,101,7142785
47271,0.06286192761178595,0.013969243422971732,0.008754661479121274,4,0.25,101,7143795
47281,0.06285760932886497,0.013968191561673383,0.008754094801603642,4,0.25,101,7144805
47291,0.06285262784257446,0.013967176841600962,0.008753482649458626,4,0.25,101,7145815
47301,0.06284839454582478,0.013966236124467695,0.008752912108458332,4,0.25,101,7146825
47311,0.06284391319938525,0.013965240286085638,0.008752266420051152,4,0.25,101,7147835
47321,0.06283976469176251,0.013964244668820123,0.008751686794279815,4,0.25,101,7148845
47331,0.06283603176405614,0.013963470452653724,0.00875112164648348,4,0.25,101,7149855
47341,0.06283147023462844,0.013962419944515093,0.008750521686462561,4,0.25,101,7150865
47351,0.06282641228984387,0.013961332835652313,0.008749904027318844,4,0.25,101,7151875
47361,0.0628218529348058,0.01396024599036301,0.008749287746765635,4,0.25,101,7152885
47371,0.06281704600385334,0.013959251481530105,0.00874869428458705,4,0.25,101,7153895
47381,0.06281290301716158,0.01395833083673256,0.008748117361576806,4,0.25,101,7154905
47391,0.06280884371574476,0.013957484010517095,0.008747534353006155,4,0.25,101,7155915
47401,0.06280470241354201,0.013956471710910098,0.008746929817556235,4,0.25,101,7156925
47411,0.06280064476236051,0.013955551636939557,0.008746341017522676,4,0.25,101,7157935
47421,0.06279576010235091,0.013954502983010755,0.008745763815872717,4,0.25,101,7158945
47431,0.06279062834465142,0.013953381011141287,0.008745174254234118,4,0.25,101,7159955
47441,0.06278640803904074,0.013952424797906053,0.008744595516049473,4,0.25,101,7160965
47451,0.06278309861352617,0.013951615853784861,0.008744030718592961,4,0.25,101,7161975
47461,0.06277697760828241,0.013950365954684393,0.008743409093670898,4,0.25,101,7162985
47471,0.06277209867879442,0.013949226644693044,0.008742790321402388,4,0.25,101,7163995
47481,0.0627682955868675,0.013948399907622777,0.008742199113769809,4,0.25,101,7165005
47491,0.06276407995412586,0.013947463123400805,0.008741581927274991,4,0.25,101,7166015
47501,0.06276003047081057,0.01394658162310629,0.008741002320694278,4,0.25,101,7167025
47511,0.06275598180110215,0.013945700296302977,0.008740462227138894,4,0.25,101,7168035
47521,0.06275185134387891,0.013944837498526777,0.008739900861452068,4,0.25,101,7169045
47531,0.06274805207093682,0.013943901459202455,0.008739326150431012,4,0.25,101,7170055
47541,0.06274326270427247,0.013942892224305987,0.00873873440672934,4,0.25,101,7171065
47551,0.06273872211501844,0.01394180984338915,0.008738132720223196,4,0.25,101,7172075
47561,0.06273385243864935,0.013940782740823937,0.008737550036083026,4,0.25,101,7173085
47571,0.0627307991743438,0.013940067576447146,0.00873695410952954,4,0.25,101,7174095
47581,0.06272634388939412,0.013939150866170156,0.008736368248488956,4,0.25,101,7175105
47591,0.06272238446332273,0.013938216015082177,0.008735805433183084,4,0.25,101,7176115
47601,0.06271776611655955,0.013937134764264234,0.008735212785753434,4,0.25,101,7177125
47611,0.0627135610435267,0.01393629193636313,0.00873463548090767,4,0.25,101,7178135
47621,0.0627100162719955,0.013935504219031117,0.008734059928128583,4,0.25,101,7179145
47631,0.06270680178624205,0.013934753268843655,0.00873350708452017,4,0.25,101,7180155
47641,0.06270317580294331,0.013933910889371036,0.008732953221361878,4,0.25,101,7181165
47651,0.06269922092945855,0.013933050361088006,0.008732362235590681,4,0.25,101,7182175
47661,0.06269485499234917,0.013932135087143738,0.00873179926715549,4,0.25,101,7183185
47671,0.06269172528055257,0.013931403002798258,0.008731219938976029,4,0.25,101,7184195
47681,0.06268785499424102,0.013930579551100847,0.008730650627565525,4,0.25,101,7185205
47691,0.06268489102285191,0.01392984772128114,0.00873009243967524,4,0.25,101,7186215
47701,0.06268077511989864,0.013929042846761013,0.00872951753436974,4,0.25,101,7187225
47711,0.06267674235149791,0.013928055244145046,0.008728909487786636,4,0.25,101,7188235
47721,0.0626722990119545,0.013927104425492828,0.008728343960111214,4,0.25,101,7189245
47731,0.06266810342529834,0.013926153808968065,0.008727741036213604,4,0.25,101,7190255
47741,0.06266464889304045,0.013925386150823144,0.00872717530835705,4,0.25,101,7191265
47751,0.06266061935489672,0.013924563806183751,0.00872658747745641,4,0.25,101,7192275
47761,0.06265634399282892,0.013923504118377547,0.008725991104369633,4,0.25,101,7193285
47771,0.06265239831103464,0.01392270038480361,0.00872540848282618,4,0.25,101,7194295
47781,0.06264837122563773,0.013921823749317485,0.008724834704352955,4,0.25,101,7195305
47791,0.0626446735919568,0.01392096554362238,0.008724250091264112,4,0.25,101,7196315
47801,0.06264146952584447,0.013920253540563676,0.008723690529097411,4,0.25,101,7197325
47811,0.06263711610013684,0.01391928612843251,0.008723113637817583,4,0.25,101,7198335
47821,0.06263391323766894,0.013918556144702873,0.008722554293802918,4,0.25,101,7199345
47831,0.06262923304836407,0.013917589099889178,0.008721967263588232,4,0.25,101,7200355
47841,0.06262488227046097,0.013916531064195178,0.008721369524597207,4,0.25,101,7201365
47851,0.06262102482085483,0.013915765056777475,0.008720805321109994,4,0.25,101,7202375
47861,0.06261683991470308,0.013914743917792348,0.008720210778559605,4,0.25,101,7203385
47871,0.06261290197507503,0.013913905299612058,0.008719650823711626,4,0.25,101,7204395
47881,0.06260962094784492,0.013913157968242306,0.008719077512793424,4,0.25,101,7205405
47891,0.06260494640909926,0.01391208275952769,0.008718467261033001,4,0.25,101,7206415
47901,0.06260101079838203,0.013911226422493142,0.008717899893195564,4,0.25,101,7207425
47911,0.06259691202314241,0.013910370249601326,0.00871733096960216,4,0.25,101,7208435
47921,0.0625934696977776,0.013909641721074542,0.00871677022529259,4,0.25,101,7209445
47931,0.06258986408442599,0.013908731227501893,0.0087161884887259,4,0.25,101,7210455
47941,0.06258617719431178,0.013907930146681418,0.008715622265918032,4,0.25,101,7211465
47951,0.06258101668429793,0.013906819795024053,0.008715037739645578,4,0.25,101,7212475
47961,0.06257700387035638,0.01390583709111268,0.008714447836279476,4,0.25,101,7213485
47971,0.06257168198621571,0.01390470906809614,0.008713875726403674,4,0.25,101,7214495
47981,0.06256726180041977,0.013903817767621833,0.008713279131633233,4,0.25,101,7215505
47991,0.06256366088648359,0.013902963013927929,0.008712717237979752,4,0.25,101,7216515
48001,0.06255948790740214,0.013902035700352164,0.008712134418393134,4,0.25,101,7217525
48011,0.06255498860720965,0.01390105404884874,0.008711542214151604,4,0.25,101,7218535
48021,0.06255032675937638,0.013899981750438582,0.008710953088436746,4,0.25,101,7219545
48031,0.06254632007073527,0.013899036887419636,0.00871034986231207,4,0.25,101,7220555
48041,0.06254288640230343,0.013898292040290262,0.00870978858955746,4,0.25,101,7221565
48051,0.06253847254826622,0.01389742018208387,0.008709215994652221,4,0.25,101,7222575
48061,0.06253495850639841,0.013896530335838247,0.008708651810196949,4,0.25,101,7223585
48071,0.06253087318436967,0.013895640667018028,0.008708084105048948,4,0.25,101,7224595
48081,0.06252654365039796,0.013894678571845075,0.008707498036361888,4,0.25,102,7225610
48091,0.06252172507846157,0.013893644097217465,0.008706899729386316,4,0.25,102,7226630
48101,0.06251772409260635,0.013892700575175672,0.008706306803093766,4,0.25,102,7227650
48111,0.0625129892621922,0.013891684697654047,0.008705715173685345,4,0.25,102,7228670
48121,0.0625080923368227,0.013890650917011454,0.008705131744905286,4,0.25,102,7229690
48131,0.06250352295085043,0.013889617375927352,0.008704564424569017,4,0.25,102,7230710
48141,0.0625000965939824,0.013888837845508616,0.008704009718945784,4,0.25,102,7231730
48151,0.062495529027987454,0.01388776847896264,0.008703414712980227,4,0.25,102,7232750
48161,0.062490880965759686,0.01388678996141795,0.00870282659779542,4,0.25,102,7233770
48171,0.062487293724125946,0.013885956578777866,0.008702246122784852,4,0.25,102,7234790
48181,0.06248248456560273,0.013884906013950432,0.008701644173173453,4,0.25,102,7235810
48191,0.06247800248970883,0.013883964338666292,0.008701083569339399,4,0.25,102,7236830
48201,0.062474254613270094,0.013883059069209124,0.008700513990454717,4,0.25,102,7237850
48211,0.06246928568294818,0.013881991087655924,0.00869994139561599,4,0.25,102,7238870
48221,0.06246562086742351,0.013881122410041663,0.008699352354024342,4,0.25,102,7239890
48231,0.06246146821918752,0.013880235809575037,0.008698777319151875,4,0.25,102,7240910
48241,0.062457153632882165,0.013879258943918851,0.008698183056519232,4,0.25,102,7241930
48251,0.062452595833055104,0.013878246124176773,0.00869757740036388,4,0.25,102,7242950
48261,0.06244828315505073,0.013877323935013118,0.008696992710682448,4,0.25,102,7243970
48271,0.062443076628963895,0.013876112721597552,0.008696385691098433,4,0.25,102,7244990
48281,0.06243876599774159,0.01387513675931653,0.008695805097720355,4,0.25,102,7246010
48291,0.06243413107003072,0.013874070674510559,0.008695204712683995,4,0.25,102,7247030
48301,0.062429253356183226,0.013873095159434808,0.008694630040619912,4,0.25,102,7248050
48311,0.06242462062714938,0.013872083739769621,0.008694024805202509,4,0.25,102,7249070
48321,0.062419988968631074,0.01387096422154201,0.008693443048113392,4,0.25,102,7250090
48331,0.062415033466810994,0.013869935235261534,0.008692873413662594,4,0.25,102,7251110
48341,0.062410485232221466,0.013868852348595972,0.008692312539977555,4,0.25,102,7252130
48351,0.06240618160366969,0.01386793210192742,0.008691742018960677,4,0.25,102,7253150
48361,0.06240220359940567,0.01386699400697881,0.008691131664977658,4,0.25,102,7254170
48371,0.06239798290747226,0.013866074144257995,0.008690571522656473,4,0.25,102,7255190
48381,0.062393195121964194,0.013865064317781298,0.008689990806775318,4,0.25,102,7256210
48391,0.062389544190156736,0.013864307098213987,0.008689413916754499,4,0.25,102,7257230
48401,0.062385975033416786,0.013863550007425953,0.008688863191338358,4,0.25,102,7258250
48411,0.062381595573682544,0.013862468672477014,0.0086882453671482,4,0.25,102,7259270
48421,0.06237600099046636,0.013861243477022675,0.008687639234570988,4,0.25,102,7260290
48431,0.06237259635695144,0.013860504919183175,0.008687067904754143,4,0.25,102,7261310
48441,0.06236967856025024,0.01385987453993626,0.008686515410872075,4,0.25,102,7262330
48451,0.062365626769957876,0.013858902129940506,0.008685939802524578,4,0.25,102,7263350
48461,0.062361413777546504,0.01385800193974033,0.008685336086997782,4,0.25,102,7264370
48471,0.06235776863405166,0.013857173925567476,0.008684779393904468,4,0.25,102,7265390
48481,0.06235307142775956,0.013856112132904696,0.008684176496037026,4,0.25,102,7266410
48491,0.06234894203602925,0.01385523049767652,0.008683624301032233,4,0.25,102,7267430
48501,0.062343680320065195,0.013854115209564907,0.008683037815797018,4,0.25,102,7268450
48511,0.0623391482581719,0.013853036164659157,0.008682467648606727,4,0.25,102,7269470
48521,0.06233510264126255,0.013852191095610956,0.008681886747202943,4,0.25,102,7270490
48531,0.06233121961819727,0.013851310237098843,0.008681330525428339,4,0.25,102,7271510
48541,0.06232774171632554,0.013850501439053193,0.00868078007266151,4,0.25,102,7272530
48551,0.06232394097992386,0.013849764662205302,0.008680221512330753,4,0.25,102,7273550
48561,0.062320706879146356,0.013849028007405208,0.008679661253201722,4,0.25,102,7274570
48571,0.062316745817897326,0.013848075927124177,0.008679107590560713,4,0.25,102,7275590
48581,0.062313351246534296,0.01384735751093047,0.008678560569601021,4,0.25,102,7276610
48591,0.0623084220611773,0.01384624419518481,0.008677985572574206,4,0.25,102,7277630
48601,0.0623042210913468,0.013845256809675568,0.008677404055476498,4,0.25,102,7278650
48611,0.062299859479272635,0.01384439527058808,0.00867684110263333,4,0.25,102,7279670
48621,0.062296629268524605,0.013843605673079048,0.008676262713595952,4,0.25,102,7280690
48631,0.06229267297112292,0.013842762394278427,0.008675710535038317,4,0.25,102,7281710
48641,0.06228928248179717,0.013841919275436773,0.008675123839061997,4,0.25,102,7282730
48651,0.062284682022554196,0.013840932850053392,0.008674568031175202,4,0.25,102,7283750
48661,0.062280243985920844,0.013840000431004256,0.008673984878555023,4,0.25,102,7284770
48671,0.06227572626943327,0.013838996506157419,0.008673405580694876,4,0.25,102,7285790
48681,0.06227225800119039,0.01383817202324624,0.008672853118419388,4,0.25,102,7286810
48691,0.062268870971017264,0.013837473124943177,0.008672294649719442,4,0.25,102,7287830
48701,0.062265242646714285,0.013836631008936045,0.008671736392116146,4,0.25,102,7288850
48711,0.06226137315976987,0.013835806964822527,0.008671171656769804,4,0.25,102,7289870
48721,0.062256376180703565,0.01383475026237857,0.008670576921870475,4,0.25,102,7290890
48731,0.062253152986009065,0.013833998186648077,0.008670025016987703,4,0.25,102,7291910
48741,0.0622500914323783,0.013833192532499825,0.00866946944329513,4,0.25,102,7292930
48751,0.06224525835489551,0.01383220804250661,0.008668901123501209,4,0.25,102,7293950
48761,0.06223986279921927,0.013830937478023138,0.008668294732727342,4,0.25,102,7294970
48771,0.06223503219437207,0.013829899821800913,0.008667737047525813,4,0.25,102,7295990
48781,0.06223124903601998,0.013828969715422964,0.008667178203696203,4,0.25,102,7297010
48791,0.06222617911723185,0.013827968280234271,0.008666593348893779,4,0.25,102,7298030
48801,0.062220306057958676,0.01382657380037536,0.008665983909190727,4,0.25,102,7299050
48811,0.06221660611261832,0.01382578736389451,0.008665413529486406,4,0.25,102,7300070
48821,0.0622124243907058,0.013824929592049865,0.008664841916683892,4,0.25,102,7301090
48831,0.06220856511652826,0.013824036255928476,0.008664283719193543,4,0.25,102,7302110
48841,0.062204143948020665,0.013823125238265843,0.00866371784383114,4,0.25,102,7303130
48851,0.062200768441857554,0.013822375128803547,0.008663165710680928,4,0.25,102,7304150
48861,0.06219723280908928,0.013821553725780115,0.008662604069344434,4,0.25,102,7305170
48871,0.06219417981170508,0.013820857437935147,0.008662043265265386,4,0.25,102,7306190
48881,0.06219008310127169,0.013819839982946591,0.00866146279842505,4,0.25,102,7307210
48891,0.06218590692834539,0.013819001204284798,0.008660897473968619,4,0.25,102,7308230
48901,0.06218253450311525,0.013818251791524494,0.008660364146294801,4,0.25,102,7309250
48911,0.06217803882203762,0.013817270609043012,0.008659750691592872,4,0.25,102,7310270
48921,0.06217346390031102,0.013816200475575895,0.008659187616225547,4,0.25,102,7311290
48931,0.062169612147645624,0.01381538021469912,0.008658599786842273,4,0.25,102,7312310
48941,0.062165119375327836,0.013814399667046716,0.008658001718614807,4,0.25,102,7313330
48951,0.06216094842058547,0.013813437158368433,0.008657433182387788,4,0.25,102,7314350
48961,0.06215774058685791,0.013812813421693356,0.008656864268482828,4,0.25,102,7315370
48971,0.06215421256515091,0.013811993786872393,0.008656314805535359,4,0.25,102,7316390
48981,0.06214964310050234,0.013810907113401232,0.008655753960045958,4,0.25,102,7317410
48991,0.06214427331280516,0.01380971386079392,0.008655164200837983,4,0.25,102,7318430
49001,0.06214034706928889,0.013808823582954852,0.008654596874344564,4,0.25,102,7319450
49011,0.062135780778303264,0.013807897883587866,0.008654017043560584,4,0.25,102,7320470
49021,0.062131696035198074,0.013806883396663819,0.00865344322938422,4,0.25,102,7321490
49031,0.06212801247433222,0.013806047064494356,0.008652886386644524,4,0.25,102,7322510
49041,0.062124649817022225,0.01380542436642295,0.008652348240404726,4,0.25,102,7323530
49051,0.06212040727257477,0.013804374873358937,0.008651767384274544,4,0.25,102,7324550
49061,0.062115445441013675,0.013803361192273605,0.008651190473912818,4,0.25,102,7325570
49071,0.062111924889891264,0.013802525524334686,0.008650649574439439,4,0.25,102,7326590
49081,0.06210784502856641,0.013801672238830753,0.008650097154840039,4,0.25,102,7327610
49091,0.06210352608495804,0.013800712488981487,0.00864952202809017,4,0.25,102,7328630
49101,0.06209920807656211,0.013799770714360287,0.008648933568201162,4,0.25,102,7329650
49111,0.06209577033109873,0.013798971251492981,0.008648386815887503,4,0.25,102,7330670
49121,0.062091613849153966,0.01379808312856761,0.008647821699030228,4,0.25,102,7331690
49131,0.0620880175928996,0.013797248455313837,0.00864729059073893,4,0.25,102,7332710
49141,0.06208402251331778,0.013796360677642285,0.00864672830226058,4,0.25,102,7333730
49151,0.06207954897449976,0.013795331078384605,0.008646152240587682,4,0.25,102,7334750
49161,0.062076833387091704,0.013794763126045335,0.008645610153624165,4,0.25,102,7335770
49171,0.06207260100326515,0.013793804871577485,0.008645019676626326,4,0.25,102,7336790
49181,0.062069088008769605,0.013793059705852454,0.008644456795892463,4,0.25,102,7337810
49191,0.062065176538982844,0.013792137293388535,0.008643890140251766,4,0.25,102,7338830
49201,0.06205998903895308,0.013791020012537058,0.008643287668820547,4,0.25,102,7339850
49211,0.062055919791859114,0.013790062567551768,0.00864270902453703,4,0.25,102,7340870
49221,0.062051931140494246,0.01378917622897031,0.008642138582027857,4,0.25,102,7341890
49231,0.06204706606687949,0.01378814829845054,0.008641555501437095,4,0.25,102,7342910
49241,0.0620433183776785,0.013787280060336865,0.008640963716903347,4,0.25,102,7343930
49251,0.062039332248070435,0.013786358850986597,0.008640404160967922,4,0.25,102,7344950
49261,0.06203510782135376,0.01378556180528886,0.00863982834840044,4,0.25,102,7345970
49271,0.06203032653244793,0.013784375358659787,0.008639206287087203,4,0.25,102,7346990
49281,0.06202642266440245,0.01378356096745351,0.008638662726554117,4,0.25,102,7348010
49291,0.06202156381604589,0.013782481244966152,0.008638084625712257,4,0.25,102,7349030
49301,0.06201766166511439,0.013781649507278348,0.008637522267968389,4,0.25,102,7350050
49311,0.06201415834431098,0.01378080023436501,0.008636974081144931,4,0.25,102,7351070
49321,0.06201025764413151,0.013780021877357655,0.008636436483930851,4,0.25,102,7352090
49331,0.062006994380059646,0.0137792790279194,0.008635888408099104,4,0.25,102,7353110
49341,0.062001901573254664,0.0137781473066438,0.008635294243543652,4,0.25,102,7354130
49351,0.061998719230436886,0.013777369416164755,0.008634724192322545,4,0.25,102,7355150
49361,0.06199466248100203,0.013776520964341323,0.008634176532753392,4,0.25,102,7356170
49371,0.0619895728276019,0.013775389948326796,0.008633580872188107,4,0.25,102,7357190
49381,0.061986392454974164,0.01377468321014652,0.008633039070386856,4,0.25,102,7358210
49391,0.061982576678505444,0.013773799946195686,0.008632479415900276,4,0.25,102,7359230
49401,0.06197860268912986,0.013772987499124248,0.008631918901156081,4,0.25,102,7360250
49411,0.061974708949290185,0.013772033947317512,0.008631322256783895,4,0.25,102,7361270
49421,0.06197025989360695,0.01377097468640665,0.00863073607755668,4,0.25,102,7362290
49431,0.06196589125339542,0.013770092162774094,0.008630175247318597,4,0.25,102,7363310
49441,0.06196112655776471,0.013769068655990235,0.008629612227401629,4,0.25,102,7364330
49451,0.061957315622655565,0.013768239436321732,0.008629051896044591,4,0.25,102,7365350
49461,0.06195342604590496,0.013767322182990739,0.008628472157002642,4,0.25,102,7366370
49471,0.06194921980866828,0.013766422753976493,0.008627887529038949,4,0.25,102,7367390
49481,0.061944379768389686,0.013765329576887957,0.008627275248849845,4,0.25,102,7368410
49491,0.06194049272001077,0.013764553937780172,0.008626735677037985,4,0.25,102,7369430
49501,0.06193716156878504,0.013763760811280067,0.00862619516958582,4,0.25,102,7370450
49511,0.061933513805139846,0.013762914966534272,0.008625643122061908,4,0.25,102,7371470
49521,0.06193026310140209,0.013762210219560448,0.008625105892336178,4,0.25,102,7372490
49531,0.06192645807456466,0.013761347057660286,0.008624542049248219,4,0.25,102,7373510
49541,0.061923208523954436,0.013760660171735122,0.008623991236934398,4,0.25,102,7374530
49551,0.06191908790645818,0.013759656453576847,0.008623441563685203,4,0.25,102,7375550
49561,0.061914968142788865,0.013758758583201598,0.008622879809194985,4,0.25,102,7376570
49571,0.06191061162925336,0.013757808095773585,0.008622278975082673,4,0.25,102,7377590
49581,0.06190657280597345,0.01375694579338247,0.008621735418515611,4,0.25,102,7378610
49591,0.061902534803128385,0.013755995695880135,0.008621163346366733,4,0.25,102,7379630
49601,0.06189818101333591,0.013755116158150223,0.008620588095146497,4,0.25,102,7380650
49611,0.061895410916304565,0.01375435989575973,0.008620058276436486,4,0.25,102,7381670
49621,0.06189090044166326,0.013753463101236254,0.00861951163152728,4,0.25,102,7382690
49631,0.06188639099049888,0.013752478595401704,0.008618949977542182,4,0.25,102,7383710
49641,0.06188243617393415,0.013751547033074638,0.008618379014263976,4,0.25,102,7384730
49651,0.06187784957261599,0.013750457530285105,0.00861781166468164,4,0.25,102,7385750
49661,0.06187358024018691,0.013749596661784472,0.00861728244466101,4,0.25,102,7386770
49671,0.06187010220306322,0.013748823780021445,0.008616719741507774,4,0.25,102,7387790
49681,0.06186528138588687,0.013747682270401037,0.00861613272852537,4,0.25,102,7388810
49691,0.06186077774497466,0.013746751719436156,0.008615577220384687,4,0.25,102,7389830
49701,0.061856907010036606,0.013745944230417037,0.0086150061121265,4,0.25,102,7390850
49711,0.06185311600093542,0.013745031594593731,0.008614452489468488,4,0.25,102,7391870
49721,0.06184956258696878,0.013744294603401827,0.008613910349549857,4,0.25,102,7392890
49731,0.061846483475728097,0.013743540192281481,0.008613380800650225,4,0.25,102,7393910
49741,0.061842536595472695,0.013742698211241983,0.008612829664156826,4,0.25,102,7394930
49751,0.06183795919695146,0.01374164596081237,0.008612267446542692,4,0.25,102,7395950
49761,0.06183377732423146,0.013740786809064737,0.00861174882572846,4,0.25,102,7396970
49771,0.061829201944344346,0.013739735014312401,0.008611183637432514,4,0.25,102,7397990
49781,0.061824627618644094,0.01373870099393077,0.00861062363844028,4,0.25,102,7399010
49791,0.061820448552806474,0.013737807374958477,0.008610068512460982,4,0.25,102,7400030
49801,0.061816033891772135,0.013736808838522204,0.008609531526009784,4,0.25,102,7401050
49811,0.06181130498712037,0.01373568794413081,0.008608957548447505,4,0.25,102,7402070
49821,0.061806734783367574,0.013734742411011937,0.00860839161727614,4,0.25,102,7403090
49831,0.06180334720808039,0.013734007136487349,0.008607849841648568,4,0.25,102,7404110
49841,0.06179909386267583,0.013733061963625786,0.008607284794875178,4,0.25,102,7405130
49851,0.06179562884775502,0.013732256976132635,0.008606725520689078,4,0.25,102,7406150
49861,0.06179074735351025,0.013731224707252085,0.008606159273811767,4,0.25,102,7407170
49871,0.061787519928173655,0.01373043754595575,0.008605601946695001,4,0.25,102,7408190
49881,0.061782719120440296,0.013729300783252218,0.008605012576510324,4,0.25,102,7409210
49891,0.0617784701942862,0.013728391584088107,0.008604450121794616,4,0.25,102,7410230
49901,0.06177579541130283,0.013727814689558448,0.008603929473431948,4,0.25,102,7411250
49911,0.06177146931996114,0.013726905796824888,0.008603353526670684,4,0.25,102,7412270
49921,0.06176698691161132,0.013725857307272259,0.0086028066695919,4,0.25,102,7413290
49931,0.06176321303751461,0.013725053634164612,0.008602243897315055,4,0.25,102,7414310
49941,0.06175881109184285,0.013724023050536622,0.00860167922536925,4,0.25,102,7415330
49951,0.06175433154321594,0.013723132401228313,0.008601100824195313,4,0.25,102,7416350
49961,0.061750088693555354,0.013722154640672033,0.008600529325001636,4,0.25,102,7417370
49971,0.061746396581760364,0.013721351642494143,0.00859995548222187,4,0.25,102,7418390
49981,0.061742548090724415,0.013720374276982828,0.008599392782574778,4,0.25,102,7419410
49991,0.06173830776162973,0.013719536707652986,0.008598832014645025,4,0.25,102,7420430
50001,0.06173508885813337,0.01371887374484885,0.008598310115374158,4,0.25,102,7421450
50011,0.06173147802750399,0.013718019019009587,0.008597754109337871,4,0.25,102,7422470
50021,0.06172786785450582,0.013717269090083826,0.008597204271878631,4,0.25,102,7423490
50031,0.06172425833893761,0.013716379804989026,0.008596637335577119,4,0.25,102,7424510
50041,0.061721277060933166,0.013715699884577385,0.00859610939584976,4,0.25,102,7425530
50051,0.061716884415869845,0.013714758629570927,0.008595542473167723,4,0.25,102,7426550
50061,0.06171210067802425,0.013713678177412526,0.008594919996355328,4,0.25,102,7427570
50071,0.06170810204567585,0.01371278961705699,0.00859433619607088,4,0.25,102,7428590
50081,0.06170379069925454,0.013711901235973933,0.00859379073467354,4,0.25,102,7429610
50091,0.0617007341310633,0.01371116976258968,0.0085932208371455,4,0.25,102,7430630
50101,0.06169658108897442,0.013710212064514008,0.00859266144756577,4,0.25,102,7431650
50111,0.061692507252121366,0.013709411240626152,0.008592104148888682,4,0.25,102,7432670
50121,0.061687964345305386,0.013708401713761606,0.008591543997353623,4,0.25,102,7433690
50131,0.06168404888238273,0.013707462017520041,0.008590987117739758,4,0.25,102,7434710
50141,0.06168068220320864,0.01370673128133859,0.008590436247733362,4,0.25,102,7435730
50151,0.061676063737316086,0.013705704975866801,0.008589852695333796,4,0.25,102,7436750
50161,0.061672150626118145,0.013704852802360563,0.008589285852067318,4,0.25,102,7437770
50171,0.061667377677329216,0.0137037747784505,0.008588736674751681,4,0.25,102,7438790
50181,0.06166237122976477,0.013702714399705208,0.008588162027133778,4,0.25,102,7439810
50191,0.061659008233633884,0.013701897560837702,0.008587621876421233,4,0.25,102,7440830
50201,0.06165548943066847,0.013701132998036387,0.008587079750801469,4,0.25,102,7441850
50211,0.061651189520650636,0.0137001774813438,0.008586534309790252,4,0.25,102,7442870
50221,0.061646421621636645,0.013699170070337854,0.00858597188802692,4,0.25,102,7443890
50231,0.06164157673686319,0.0136980934377777,0.008585392244009721,4,0.25,102,7444910
50241,0.06163720173096815,0.013697069144992222,0.008584811407014864,4,0.25,102,7445930
50251,0.06163329629274784,0.013696183931543563,0.008584235819326729,4,0.25,102,7446950
50261,0.061628845033054214,0.01369522948923221,0.00858366474438758,4,0.25,102,7447970
50271,0.06162501931170108,0.01369443138743462,0.008583116197612317,4,0.25,102,7448990
50281,0.0616211162766887,0.013693459980715002,0.008582552804513317,4,0.25,102,7450010
50291,0.061616979899964675,0.013692610175842206,0.008581990863089741,4,0.25,102,7451030
50301,0.061612766367586044,0.013691639171352467,0.00858143168304235,4,0.25,102,7452050
50311,0.06160886574867902,0.013690789718308385,0.008580878386438827,4,0.25,102,7453070
50321,0.06160457595598878,0.013689767125251369,0.008580312429068435,4,0.25,102,7454090
50331,0.0616008328969691,0.013688952687415153,0.008579772932879155,4,0.25,102,7455110
50341,0.06159607711459819,0.013687947844436135,0.008579202386808189,4,0.25,102,7456130
50351,0.06159171215698094,0.013686995188255443,0.00857862814379536,4,0.25,102,7457150
50361,0.061587893609157694,0.013686146632103529,0.008578086760842592,4,0.25,102,7458170
50371,0.061584621154901334,0.01368545405464969,0.008577551587598911,4,0.25,102,7459190
50381,0.06158088187016191,0.013684553867110089,0.008576990721946757,4,0.25,102,7460210
50391,0.06157659814218326,0.013683653863942774,0.008576444322852443,4,0.25,102,7461230
50401,0.06157379474995285,0.013683030892798652,0.008575930540984171,4,0.25,102,7462250
50411,0.061570680335812866,0.01368228690411954,0.008575388720955483,4,0.25,102,7463270
50421,0.0615671772062271,0.013681577636878406,0.00857485016462745,4,0.25,102,7464290
50431,0.06156328556791586,0.013680609066595942,0.008574280069301042,4,0.25,102,7465310
50441,0.06155993937159287,0.013679951944075378,0.008573730777868004,4,0.25,102,7466330
50451,0.061555037827567896,0.013678758999164818,0.008573151719869991,4,0.25,102,7467350
50461,0.06155083747132647,0.013677894748740886,0.008572591051312544,4,0.25,102,7468370
50471,0.06154702680931057,0.013676961549257844,0.008572037748636557,4,0.25,102,7469390
50481,0.061543216881907066,0.013676149481448487,0.008571491675391044,4,0.25,102,7470410
50491,0.06153847493719743,0.013675182107303204,0.008570944217920649,4,0.25,102,7471430
50501,0.061534744370703665,0.01367435309904816,0.00857037120021772,4,0.25,102,7472450
50511,0.061531169905280625,0.01367352424727957,0.008569818026536639,4,0.25,102,7473470
50521,0.061526974618664146,0.013672643763682626,0.008569290906131297,4,0.25,102,7474490
50531,0.06152309088816962,0.013671728938379998,0.008568701117729186,4,0.25,102,7475510
50541,0.061518120826978495,0.013670676262154015,0.008568150151923764,4,0.25,102,7476530
50551,0.06151416120452024,0.013669761846726308,0.008567578098227033,4,0.25,102,7477550
50561,0.061509503841143905,0.01366864065385025,0.008567012522627194,4,0.25,102,7478570
50571,0.06150585634007546,0.013667795636204336,0.008566446759286672,4,0.25,102,7479590
50581,0.06150073545419156,0.013666761142254081,0.008565896876419947,4,0.25,102,7480610
50591,0.061496856879020054,0.013665830306151079,0.008565315539008052,4,0.25,102,7481630
50601,0.06149266887330749,0.013664934132036477,0.008564769715726717,4,0.25,102,7482650
50611,0.061489954899516315,0.01366429658111629,0.008564247464571306,4,0.25,102,7483670
50621,0.061485845877793,0.013663366267625644,0.008563700660487436,4,0.25,102,7484690
50631,0.06148119518689543,0.013662418928841041,0.008563137368734111,4,0.25,102,7485710
50641,0.06147716547411607,0.01366152345117292,0.008562597103257488,4,0.25,102,7486730
50651,0.06147336899738561,0.013660645371745973,0.008562049640283358,4,0.25,102,7487750
50661,0.06146949579405976,0.01365964698517971,0.008561480332871295,4,0.25,102,7488770
50671,0.06146515870844517,0.013658803697721487,0.008560918508141427,4,0.25,102,7489790
50681,0.06146213880098614,0.013658184242891796,0.008560397067148156,4,0.25,102,7490810
50691,0.061457803331578464,0.013657220820363114,0.008559848035717962,4,0.25,102,7491830
50701,0.061454474956757515,0.013656481193118283,0.008559324361749538,4,0.25,102,7492850
50711,0.061451534069450225,0.013655793279752354,0.008558792747804049,4,0.25,102,7493870
50721,0.061446427254044825,0.013654658458584844,0.008558240642589955,4,0.25,102,7494890
50731,0.06144294609210962,0.013653867696273183,0.00855769034113604,4,0.25,102,7495910
50741,0.06143815083044097,0.013652870851380105,0.008557124598856549,4,0.25,102,7496930
50751,0.061433665995427184,0.013651839870989082,0.008556574587811103,4,0.25,102,7497950
50761,0.06142848650662513,0.013650654543213963,0.00855598349788345,4,0.25,102,7498970
50771,0.06142570405931271,0.013650156457625047,0.008555475145111655,4,0.25,102,7499990
50781,0.06142261291146737,0.013649418021090483,0.008554905557977605,4,0.25,102,7501010
50791,0.061417899843545946,0.013648370684972272,0.008554347588891842,4,0.25,102,7502030
50801,0.06141388303540743,0.01364744374377072,0.008553787683566103,4,0.25,102,7503050
50811,0.06140932649366112,0.013646396879305484,0.008553206320188364,4,0.25,102,7504070
50821,0.061405774665996365,0.013645659075922231,0.008552680586792568,4,0.25,102,7505090
50831,0.06140253225157457,0.0136448527817442,0.008552138374814942,4,0.25,102,7506110
50841,0.061397901155731384,0.01364387513466006,0.008551579571763522,4,0.25,102,7507130
50851,0.06139373409935353,0.013642863413890883,0.008551011020190586,4,0.25,102,7508150
50861,0.06138825653194372,0.013641783359765371,0.008550443878554062,4,0.25,102,7509170
50871,0.061384477126434314,0.013640926363449976,0.008549874178806871,4,0.25,102,7510190
50881,0.0613811611021545,0.013640155210098091,0.008549343685825984,4,0.25,102,7511210
50891,0.06137676630179821,0.013639247136904667,0.008548774942194514,4,0.25,102,7512230
50901,0.061372989098686485,0.013638373508340736,0.008548228128890173,4,0.25,102,7513250
50911,0.06137006033745707,0.013637756934263461,0.008547716218697422,4,0.25,102,7514270
50921,0.061366361471634344,0.013636866480493344,0.008547161284041998,4,0.25,102,7515290
50931,0.06136297145444737,0.013636130280471587,0.008546595517706928,4,0.25,102,7516310
50941,0.06135819560176275,0.013635120346948984,0.00854603110723135,4,0.25,102,7517330
50951,0.061354575968551844,0.013634213317109829,0.008545481423875135,4,0.25,102,7518350
50961,0.06135103399262777,0.013633477563025003,0.008544966687836667,4,0.25,102,7519370
50971,0.061346414980853865,0.013632297192724182,0.0085443892223848,4,0.25,102,7520390
50981,0.06134118140980786,0.013631339444954626,0.008543811443538753,4,0.25,102,7521410
50991,0.06133748796139341,0.01363045029534113,0.008543265637229158,4,0.25,102,7522430
51001,0.06133479525848494,0.013629834836017013,0.0085427320631862,4,0.25,102,7523450
51011,0.061330718437630376,0.013628945991980706,0.00854218099785324,4,0.25,102,7524470
51021,0.0613271807487795,0.013628176945704992,0.008541646529510618,4,0.25,102,7525490
51031,0.06132295173744003,0.013627203014395201,0.008541078604139813,4,0.25,102,7526510
51041,0.06131864676793294,0.01362626346155967,0.008540525290625737,4,0.25,102,7527530
51051,0.06131457328854036,0.01362544365300856,0.008539987545891687,4,0.25,102,7528550
51061,0.0613113458467062,0.013624623998037143,0.008539432602574244,4,0.25,102,7529570
51071,0.061307197055901486,0.013623753282853696,0.008538902636061167,4,0.25,102,7530590
51081,0.06130297233420663,0.013622763268308618,0.00853835707249879,4,0.25,102,7531610
51091,0.061298134221374985,0.01362167109842686,0.008537771513606773,4,0.25,102,7532630
51101,0.06129275993479631,0.013620493908186447,0.008537181551316678,4,0.25,102,7533650
51111,0.06128945931477225,0.013619811624108863,0.008536643724914559,4,0.25,102,7534670
51121,0.061285545343363924,0.013618907761624678,0.00853609624977315,4,0.25,102,7535690
51131,0.06128178559412252,0.013618123428606101,0.008535569254646035,4,0.25,102,7536710
51141,0.06127887036468471,0.013617373328635623,0.008535046575181523,4,0.25,102,7537730
51151,0.06127426824999873,0.013616452927226004,0.008534502123545921,4,0.25,102,7538750
51161,0.061271277452567434,0.013615737193385357,0.008533970757010708,4,0.25,102,7539770
51171,0.06126805710214535,0.013615038613823068,0.008533459578867756,4,0.25,102,7540790
51181,0.06126399407875675,0.01361405056992445,0.008532902019616853,4,0.25,102,7541810
51191,0.06125947207724824,0.013613198987136142,0.008532350878780782,4,0.25,102,7542830
51201,0.061255104350951696,0.013612194332774075,0.008531791274206167,4,0.25,102,7543850
51211,0.06125135041394237,0.013611377157164643,0.008531237738223375,4,0.25,102,7544870
51221,0.06124790355178071,0.013610577154058901,0.008530689450745203,4,0.25,102,7545890
51231,0.06124415098875706,0.01360976028072436,0.008530143926759473,4,0.25,102,7546910
51241,0.06124016945995016,0.01360887550687954,0.008529610987934916,4,0.25,102,7547930
51251,0.06123718384227188,0.013608126991978128,0.008529065059902455,4,0.25,102,7548950
51261,0.06123381599721374,0.013607429627565329,0.008528532766785803,4,0.25,102,7549970
51271,0.0612302191634127,0.013606681360277621,0.008527994588129395,4,0.25,102,7550990
51281,0.061226622987472126,0.013605814210782925,0.008527460084376078,4,0.25,102,7552010
51291,0.0612231804565732,0.01360511721537552,0.0085269049031611,4,0.25,102,7553030
51301,0.061219279650143316,0.013604216386060604,0.008526352166272124,4,0.25,102,7554050
51311,0.06121568547453531,0.013603451676770751,0.008525823262843036,4,0.25,102,7555070
51321,0.06121170970542092,0.013602551190813087,0.008525300130389206,4,0.25,102,7556090
51331,0.0612081169135636,0.013601735816525748,0.008524743374795337,4,0.25,102,7557110
51341,0.06120406625512109,0.013600750775638269,0.008524183819550545,4,0.25,102,7558130
51351,0.06120032204931946,0.013599986672801873,0.008523627334197516,4,0.25,102,7559150
51361,0.06119634938647365,0.013599103875995777,0.008523093081506448,4,0.25,102,7560170
51371,0.06119306490641814,0.013598374005724296,0.008522567483932993,4,0.25,102,7561190
51381,0.06118901734899916,0.013597440628504466,0.008522006792720903,4,0.25,102,7562210
51391,0.06118458890180731,0.013596439591073116,0.008521450539954425,4,0.25,102,7563230
51401,0.06118100106453177,0.013595744090030653,0.008520904741530454,4,0.25,102,7564250
51411,0.06117855865656826,0.013595184376975275,0.00852039725998221,4,0.25,102,7565270
51421,0.061175506073561724,0.013594472118674582,0.0085198772014187,4,0.25,102,7566290
51431,0.061171233254099976,0.013593522621678837,0.0085193553103021,4,0.25,102,7567310
51441,0.06116856321383321,0.013592895388740063,0.008518832480761412,4,0.25,102,7568330
51451,0.0611645969669431,0.013592081815431447,0.008518292812977139,4,0.25,102,7569350
51461,0.06116025027011739,0.013591149782414297,0.008517741477751436,4,0.25,102,7570370
51471,0.061156514404814434,0.01359026877057573,0.008517179714795368,4,0.25,102,7571390
51481,0.06115201706085942,0.013589218565782544,0.008516630646352783,4,0.25,102,7572410
51491,0.06114820655855984,0.013588354877068227,0.008516104204652732,4,0.25,102,7573430
51501,0.061144168233306095,0.013587457499314875,0.008515550215341287,4,0.25,102,7574450
51511,0.06113921670395379,0.013586475674740445,0.008515007438926839,4,0.25,102,7575470
51521,0.06113594176302849,0.013585697143362807,0.0085144622371746,4,0.25,102,7576490
51531,0.061132362801238446,0.013584901830860412,0.00851392281879222,4,0.25,102,7577510
51541,0.06112916513203668,0.013584123580276074,0.00851338864257205,4,0.25,102,7578530
51551,0.06112475015932341,0.013583176332151222,0.008512843023563844,4,0.25,102,7579550
51561,0.06112033617944326,0.013582212380090634,0.008512301244340211,4,0.25,102,7580570
51571,0.061116760061665436,0.013581417702655276,0.00851179682170167,4,0.25,102,7581590
51581,0.06111280426497514,0.013580555556877061,0.008511282999640142,4,0.25,102,7582610
51591,0.06110983794065335,0.013579879483353145,0.008510766610955544,4,0.25,102,7583630
51601,0.061106187695392555,0.013579085230874595,0.008510200728041945,4,0.25,102,7584650
51611,0.061101549821629825,0.013577987034932293,0.008509630934997094,4,0.25,102,7585670
51621,0.06109721706131368,0.013577024229147803,0.00850907724757769,4,0.25,102,7586690
51631,0.06109364515401265,0.013576298042650753,0.008508533156928469,4,0.25,102,7587710
51641,0.06108969401422104,0.013575436908472592,0.008507991857956726,4,0.25,102,7588730
51651,0.06108665521735401,0.013574727866853925,0.008507449887720592,4,0.25,102,7589750
51661,0.06108232574503111,0.01357374890370816,0.008506913044937635,4,0.25,102,7590770
51671,0.0610786806146581,0.013572922019942247,0.008506403756501732,4,0.25,102,7591790
51681,0.061075036161597915,0.013572145904447478,0.008505866747028587,4,0.25,102,7592810
51691,0.061071468290733504,0.013571353059599901,0.008505336588157532,4,0.25,102,7593830
51701,0.06106736983600263,0.013570442309506008,0.008504811043537355,4,0.25,102,7594850
51711,0.06106448625161322,0.01356976780250282,0.008504277263683224,4,0.25,102,7595870
51721,0.06106038925574334,0.013568840525820119,0.008503746750148368,4,0.25,102,7596890
51731,0.06105561050894669,0.013567795468660035,0.008503180761091142,4,0.25,102,7597910
51741,0.06105189451097481,0.013567037116394327,0.008502643327018534,4,0.25,102,7598930
51751,0.06104802758752456,0.013566160962592503,0.008502092790468027,4,0.25,102,7599950
51761,0.061044313026477795,0.013565335517350462,0.00850155329600281,4,0.25,102,7600970
51771,0.06104029602822213,0.01356439234284896,0.008501037520101135,4,0.25,102,7601990
51781,0.061036355622297686,0.013563533558010385,0.0085005253375014,4,0.25,102,7603010
51791,0.06103173423252865,0.013562573940000197,0.008499983274010296,4,0.25,102,7604030
51801,0.06102794702064547,0.013561732343864884,0.008499444928161095,4,0.25,102,7605050
51811,0.06102446343199381,0.013560890910336977,0.008498893661069498,4,0.25,102,7606070
51821,0.06102045049967553,0.013560032815601917,0.008498341113570163,4,0.25,102,7607090
51831,0.06101734671948625,0.013559393560815999,0.00849782391772201,4,0.25,102,7608110
51841,0.06101356228696245,0.013558468489817059,0.008497269916961052,4,0.25,102,7609130
51851,0.06100940025529823,0.01355759405795918,0.008496723001895584,4,0.25,102,7610150
51861,0.06100637387843756,0.01355690472588072,0.008496166932160855,4,0.25,102,7611170
51871,0.06100281848293044,0.013556114650193863,0.008495618871723074,4,0.25,102,7612190
51881,0.06099918810662183,0.013555324717875754,0.008495064926153234,4,0.25,102,7613210
51891,0.06099510473736642,0.013554366907158694,0.008494531647531991,4,0.25,102,7614230
51901,0.06099170257981523,0.013553610889656852,0.008493965493676805,4,0.25,102,7615250
51911,0.06098837659708864,0.013552938984327838,0.008493445590162928,4,0.25,102,7616270
51921,0.060984748896376,0.013552099248514242,0.008492893881924207,4,0.25,102,7617290
51931,0.060979988558788216,0.013550991045292138,0.008492320423256672,4,0.25,102,7618310
51941,0.06097606026284787,0.013550084543437682,0.008491768093548,4,0.25,102,7619330
51951,0.06097183067147459,0.013549228576169773,0.008491218856983458,4,0.25,102,7620350
51961,0.06096594097713632,0.013547768785255411,0.00849063464358747,4,0.25,102,7621370
51971,0.060962015498367356,0.013547064233878275,0.008490093923008457,4,0.25,102,7622390
51981,0.06095741161288296,0.013545990851149315,0.008489526893816731,4,0.25,102,7623410
51991,0.060954619619665085,0.013545420724286574,0.008488979822834633,4,0.25,102,7624430
52001,0.06095024378293515,0.013544448327368792,0.008488449421681404,4,0.25,102,7625450
52011,0.06094601976521237,0.013543492907676065,0.008487916192690247,4,0.25,102,7626470
52021,0.06094172125462803,0.013542520941629952,0.008487378866806353,4,0.25,102,7627490
52031,0.06093764985219587,0.013541582697738076,0.008486842356939044,4,0.25,102,7628510
52041,0.06093365466964408,0.013540761900361457,0.008486301245292033,4,0.25,102,7629530
52051,0.060929811018678996,0.013539874273509113,0.008485790548811578,4,0.25,102,7630550
52061,0.06092513936165267,0.013538802663684076,0.008485255297397958,4,0.25,102,7631570
52071,0.060921824668750776,0.013538032607236693,0.008484725930930215,4,0.25,102,7632590
52081,0.06091843522273047,0.013537329631324872,0.008484200922279406,4,0.25,102,7633610
52091,0.06091429336385411,0.013536425972158242,0.008483660260642102,4,0.25,102,7634630
52101,0.06091052879848331,0.01353560614767802,0.008483134122942998,4,0.25,102,7635650
52111,0.060907066038143,0.01353476975145079,0.008482597354502434,4,0.25,102,7636670
52121,0.06090352863348991,0.013534067302983269,0.008482075878198596,4,0.25,102,7637690
52131,0.06090021760038243,0.013533314805592802,0.008481533084214782,4,0.25,102,7638710
52141,0.06089660620348846,0.013532512285299869,0.008481007556148737,4,0.25,102,7639730
52151,0.06089329634211862,0.013531826916557155,0.008480505933439101,4,0.25,102,7640750
52161,0.06088908460139763,0.01353082413271805,0.008479970337328007,4,0.25,102,7641770
52171,0.06088434747724496,0.01352975475164825,0.00847939369820803,4,0.25,102,7642790
52181,0.060880438334470946,0.01352886936964447,0.008478862562561779,4,0.25,102,7643810
52191,0.060875327557672755,0.013527767070664488,0.00847832845252469,4,0.25,102,7644830
52201,0.06087217156878186,0.013527065753279197,0.008477834761921616,4,0.25,102,7645850
52211,0.06086916633872477,0.013526347855145367,0.008477289031721824,4,0.25,102,7646870
52221,0.060864734467604445,0.013525396405585467,0.008476736885540969,4,0.25,102,7647890
52231,0.06086082924468395,0.013524561972275388,0.00847619528144384,4,0.25,102,7648910
52241,0.06085662449249962,0.013523577547129018,0.008475651216570667,4,0.25,102,7649930
52251,0.06085332139318768,0.013522860225290876,0.008475127481912238,4,0.25,102,7650950
52261,0.060848968160618536,0.013521876185791365,0.008474611172163445,4,0.25,102,7651970
52271,0.06084499105456642,0.013521059102124856,0.008474085466296537,4,0.25,102,7652990
52281,0.06084131482751646,0.013520192161066008,0.008473578272688865,4,0.25,102,7654010
52291,0.06083658926606811,0.013519175393112811,0.008473048625661252,4,0.25,102,7655030
52301,0.06083298960535907,0.013518358817520861,0.00847253065844745,4,0.25,102,7656050
52311,0.06082991542033743,0.013517725660548279,0.00847201655228287,4,0.25,102,7657070
52321,0.06082646691050766,0.013516909357592134,0.008471495335017395,4,0.25,102,7658090
52331,0.06082354365074297,0.013516326378025986,0.008470991654394713,4,0.25,102,7659110
52341,0.06082054589001251,0.0135155936005046,0.008470494468779743,4,0.25,102,7660130
52351,0.06081732381032033,0.013514927546463329,0.008469987945806305,4,0.25,102,7661150
52361,0.0608139524356046,0.013514111769543683,0.008469460400518995,4,0.25,102,7662170
52371,0.06080998245166162,0.013513229571193056,0.00846893827674871,4,0.25,102,7663190
52381,0.06080541422367402,0.013512231072476297,0.008468390247100268,4,0.25,102,7664210
52391,0.060801520840215874,0.013511349256359164,0.008467848319269762,4,0.25,102,7665230
52401,0.060798376751012836,0.013510584051770172,0.008467317829541725,4,0.25,102,7666250
52411,0.06079448477051021,0.01350971920036972,0.008466762896239124,4,0.25,102,7667270
52421,0.06079014463048688,0.0135088877750433,0.008466240981892366,4,0.25,102,7668290
52431,0.06078707718250813,0.013508073132795232,0.008465700068475928,4,0.25,102,7669310
52441,0.060783187453911806,0.01350727526421072,0.008465165126726055,4,0.25,102,7670330
52451,0.060779597623069205,0.013506444307136515,0.008464643189396593,4,0.25,102,7671350
52461,0.06077518602703126,0.013505563666416878,0.0084641190174912,4,0.25,102,7672370
52471,0.06077099967167954,0.013504533709825973,0.008463560120094402,4,0.25,102,7673390
52481,0.06076763628677477,0.013503836136249302,0.008463052946626175,4,0.25,102,7674410
52491,0.06076360098994862,0.013502956024948113,0.008462505563758004,4,0.25,102,7675430
52501,0.060759940053758274,0.013502142496032632,0.00846198486294047,4,0.25,102,7676450
52511,0.06075665326771607,0.013501362315774043,0.008461421654408307,4,0.25,102,7677470
52521,0.06075381512529027,0.013500731634357725,0.008460915843820584,4,0.25,102,7678490
52531,0.06074940935375074,0.013499802376308215,0.00846038700905035,4,0.25,102,7679510
52541,0.060745079225938935,0.013498823552012524,0.008459860884644572,4,0.25,102,7680530
52551,0.06074045153129722,0.013497811779566752,0.008459320698295338,4,0.25,102,7681550
52561,0.0607367949363106,0.01349688314716867,0.008458762627974218,4,0.25,102,7682570
52571,0.060732616809862604,0.013496054179195697,0.008458209175109144,4,0.25,102,7683590
52581,0.06072843957830694,0.013495125923268979,0.00845768273649137,4,0.25,102,7684610
52591,0.060724486950987325,0.013494247578437818,0.008457162622309215,4,0.25,102,7685630
52601,0.06072128069099268,0.013493551658010887,0.008456637696726837,4,0.25,102,7686650
52611,0.060717254971566326,0.013492557679816044,0.008456097279865179,4,0.25,102,7687670
52621,0.060713602723102514,0.013491845469016097,0.008455571587417193,4,0.25,102,7688690
52631,0.060710249219926224,0.013491116816345796,0.008455052126765021,4,0.25,102,7689710
52641,0.06070630027805048,0.013490255839341544,0.008454524505736295,4,0.25,102,7690730
52651,0.06070309700721116,0.013489444690647957,0.00845397477900992,4,0.25,102,7691750
52661,0.06069773456924221,0.013488236526269327,0.008453410365738283,4,0.25,102,7692770
52671,0.06069378816153016,0.013487442300414348,0.00845290759588229,4,0.25,102,7693790
52681,0.0606902891853221,0.013486664762025868,0.008452365573944739,4,0.25,102,7694810
52691,0.060686865263582294,0.013485804669413796,0.008451851191571809,4,0.25,102,7695830
52701,0.06068292105596075,0.013485010889357076,0.008451353580255692,4,0.25,102,7696850
52711,0.06067942403015039,0.01348423378734635,0.008450816862881998,4,0.25,102,7697870
52721,0.06067510941642014,0.013483275002597299,0.008450281205879122,4,0.25,102,7698890
52731,0.06067206000714978,0.013482531264111858,0.008449766302228764,4,0.25,102,7699910
52741,0.06066774702364642,0.0134817050378298,0.008449232417223552,4,0.25,102,7700930
52751,0.06066492179345214,0.013481027649918377,0.00844871994220169,4,0.25,102,7701950
52761,0.06066046173771249,0.013480020024997756,0.008448178905354679,4,0.25,102,7702970
52771,0.06065652287103677,0.013479194277811638,0.008447660508910562,4,0.25,102,7703990
52781,0.060652139031582265,0.01347815406059275,0.008447110247916875,4,0.25,102,7705010
52791,0.060648498965624874,0.013477361681904904,0.00844657328188309,4,0.25,102,7706030
52801,0.060644339723131754,0.01347647042925232,0.008446017030727003,4,0.25,102,7707050
52811,0.06064084961581754,0.013475645358938162,0.008445464852893683,4,0.25,102,7708070
52821,0.06063728589639518,0.013474919427164125,0.008444946672391119,4,0.25,102,7709090
52831,0.06063476198968645,0.013474325573553785,0.008444411641289196,4,0.25,102,7710110
52841,0.0606304572566794,0.013473319507620988,0.00844386833998693,4,0.25,102,7711130
52851,0.060625930891696385,0.013472313675570145,0.00844335458487069,4,0.25,102,7712150
52861,0.06062103469817391,0.01347130807730991,0.008442813235006967,4,0.25,102,7713170
52871,0.060618364566100674,0.013470648795487494,0.008442295511853227,4,0.25,102,7714190
52881,0.060614953263576764,0.013469874267717234,0.00844176839143331,4,0.25,102,7715210
52891,0.06061065290798479,0.013468951607145395,0.008441234740291497,4,0.25,102,7716230
52901,0.060606205263873114,0.013467963260608345,0.008440689729121596,4,0.25,102,7717250
52911,0.06060161043248641,0.013466991606706516,0.00844014974318265,4,0.25,102,7718270
52921,0.060598942963623614,0.0134663659112807,0.00843964910038619,4,0.25,102,7719290
52931,0.06059501652197168,0.013465493381978527,0.008439116984864175,4,0.25,102,7720310
52941,0.06059146118290499,0.013464719776840295,0.008438604684561521,4,0.25,102,7721330
52951,0.06058849889651548,0.013464012131656265,0.008438081167741342,4,0.25,102,7722350
52961,0.060585685142127636,0.01346340332035094,0.00843754183072616,4,0.25,102,7723370
52971,0.06058153929829665,0.013462465589586409,0.008437017585124228,4,0.25,102,7724390
52981,0.06057761636684057,0.01346164318617136,0.008436488963382553,4,0.25,102,7725410
52991,0.06057465618759116,0.0134609853760679,0.008435938311676553,4,0.25,102,7726430
53001,0.06057043871033618,0.013460048169595036,0.00843540789065834,4,0.25,102,7727450
53011,0.06056696182911885,0.013459308413261083,0.008434887890460104,4,0.25,102,7728470
53021,0.06056370743967973,0.013458535914021111,0.008434364838247143,4,0.25,102,7729490
53031,0.06055986204501483,0.01345764853212299,0.008433841004328835,4,0.25,102,7730510
53041,0.06055609133866136,0.013456909186369192,0.008433318249285364,4,0.25,102,7731530
53051,0.06055276485189095,0.013456120690297264,0.008432783660853062,4,0.25,102,7732550
53061,0.06054884771935351,0.013455200960023622,0.008432248427614492,4,0.25,102,7733570
53071,0.06054485749009211,0.013454330681297423,0.008431718265206226,4,0.25,102,7734590
53081,0.06054190229258614,0.013453673983217639,0.008431206502765165,4,0.25,102,7735610
53091,0.06053732262399432,0.013452672710788281,0.008430643880040677,4,0.25,102,7736630
53101,0.06053392550237659,0.013451852168713783,0.008430099863756705,4,0.25,102,7737650
53111,0.060530012163375925,0.013451081001251244,0.008429569400857073,4,0.25,102,7738670
53121,0.0605259519840345,0.013450178746028713,0.00842903900390229,4,0.25,102,7739690
53131,0.06052226164774486,0.01344930947836685,0.008428487642098676,4,0.25,102,7740710
53141,0.060518645797873506,0.013448538764702886,0.008427967272910999,4,0.25,102,7741730
53151,0.06051458799206411,0.013447653433656307,0.008427435382731588,4,0.25,102,7742750
53161,0.060510604788705576,0.013446702724655523,0.008426889177589686,4,0.25,102,7743770
53171,0.06050669614215766,0.013445899702545545,0.00842635557598821,4,0.25,102,7744790
53181,0.06050382047034916,0.013445178748705528,0.008425848635714776,4,0.25,102,7745810
53191,0.06049932347799125,0.01344427772566133,0.008425328193412922,4,0.25,102,7746830
53201,0.0604950486143459,0.013443163993433567,0.008424757307052926,4,0.25,102,7747850
53211,0.06049195361054421,0.013442558112754252,0.008424258872889742,4,0.25,102,7748870
53221,0.06048760669982992,0.013441641265879512,0.008423719806607654,4,0.25,102,7749890
53231,0.060483555370817614,0.0134407409807858,0.008423200836658115,4,0.25,102,7750910
53241,0.06047972580037959,0.013439906338730488,0.008422684814026917,4,0.25,102,7751930
53251,0.06047493989895401,0.013438793733674707,0.008422139883982495,4,0.25,102,7752950
53261,0.060471332845075956,0.013437959468078403,0.008421617952784965,4,0.25,102,7753970
53271,0.06046721131802152,0.013437141717171908,0.008421096773737232,4,0.25,102,7754990
53281,0.0604635321222355,0.013436226020100575,0.008420539447804586,4,0.25,102,7756010
53291,0.06045867665103606,0.013435196093128007,0.008419993073102254,4,0.25,102,7757030
53301,0.060454999071992685,0.013434362522755492,0.00841946468944756,4,0.25,102,7758050
53311,0.06045132218945302,0.013433561793096037,0.008418949075318819,4,0.25,102,7759070
53321,0.06044735193836757,0.013432712201694258,0.00841843294636612,4,0.25,102,7760090
53331,0.06044316199854439,0.01343171577885659,0.008417903666479225,4,0.25,102,7761110
53341,0.06043897296297047,0.013430784903210176,0.008417390815291283,4,0.25,102,7762130
53351,0.060434637895740786,0.01342980525110693,0.008416841512058935,4,0.25,102,7763150
53361,0.060431332139330454,0.013429152273309333,0.008416314092327563,4,0.25,102,7764170
53371,0.060428026945933466,0.01342831986998369,0.008415782817653534,4,0.25,102,7765190
53381,0.06042362089692425,0.013427357094007844,0.008415273544473712,4,0.25,102,7766210
53391,0.06041848177058462,0.013426215096179276,0.008414729655484105,4,0.25,102,7767230
53401,0.06041495858478303,0.013425415877632326,0.008414186470393723,4,0.25,102,7768250
53411,0.06041114252201563,0.013424682031899764,0.008413674163458543,4,0.25,102,7769270
53421,0.06040769403407716,0.013423817884874553,0.008413167684371562,4,0.25,102,7770290
53431,0.06040439286465654,0.013423100611372658,0.008412658154797251,4,0.25,102,7771310
53441,0.06040043220278346,0.01342223678127478,0.008412150726951676,4,0.25,102,7772330
53451,0.0603972055946589,0.013421519770801306,0.008411632238313383,4,0.25,102,7773350
53461,0.060393906209644854,0.013420770296455022,0.008411115644982738,4,0.25,102,7774370
53471,0.06038921471755403,0.013419760341550601,0.008410587410665537,4,0.25,102,7775390
53481,0.06038525715370326,0.013418783191140577,0.008410056830156507,4,0.25,102,7776410
53491,0.06038100733641596,0.013417903945177891,0.008409534771173406,4,0.25,102,7777430
53501,0.06037668520186573,0.013417008601269332,0.008409008929708008,4,0.25,102,7778450
53511,0.06037375548907798,0.013416227362232766,0.008408474869047233,4,0.25,102,7779470
53521,0.0603696546347799,0.01341541372217897,0.00840796058217224,4,0.25,102,7780490
53531,0.06036592068276093,0.013414486359918647,0.00840741822597616,4,0.25,102,7781510
53541,0.06036211425635548,0.013413640519324338,0.008406878878610125,4,0.25,102,7782530
53551,0.06035904038059204,0.013413103822003274,0.008406355651269955,4,0.25,102,7783550
53561,0.06035611333299137,0.013412339550335573,0.008405832934882496,4,0.25,102,7784570
53571,0.06035230883182468,0.013411559157515324,0.008405328658642389,4,0.25,102,7785590
53581,0.06034872450440842,0.013410746398662863,0.008404805946954292,4,0.25,102,7786610
53591,0.06034514083978444,0.013409901292135004,0.008404297387666926,4,0.25,102,7787630
53601,0.06034053424454971,0.013408975115858637,0.008403779820059501,4,0.25,102,7788650
53611,0.06033848722035186,0.013408422754669493,0.008403295147925994,4,0.25,102,7789670
53621,0.060334613087958316,0.01340761058750053,0.008402772659528558,4,0.25,102,7790690
53631,0.06033037435888061,0.013406701142109853,0.00840223961906082,4,0.25,102,7791710
53641,0.060326647966621676,0.013405856829082758,0.008401720802651735,4,0.25,102,7792730
53651,0.06032343361581321,0.013405142539677372,0.008401200550771894,4,0.25,102,7793750
53661,0.06032014676315206,0.0134044445986122,0.008400687874668227,4,0.25,102,7794770
53671,0.060316057236332744,0.013403454690262908,0.0084001676095127,4,0.25,102,7795790
53681,0.06031226059152957,0.013402643459721301,0.00839963943435957,4,0.25,102,7796810
53691,0.06030941359624189,0.013402059468391975,0.0083991466725373,4,0.25,102,7797830
53701,0.06030634806927393,0.013401248500758828,0.00839861527937966,4,0.25,102,7798850
53711,0.060301896620286725,0.013400389041880515,0.008398089882994349,4,0.25,102,7799870
53721,0.06029846751312109,0.013399627023808012,0.008397547130645723,4,0.25,102,7800890
53731,0.060295111953582906,0.013398816514393643,0.008397031333428787,4,0.25,102,7801910
53741,0.06029190283198003,0.013398152010578175,0.008396514170936575,4,0.25,102,7802930
53751,0.06028876715877,0.01339748760937318,0.008396001760084983,4,0.25,102,7803950
53761,0.06028512166560426,0.013396547899939631,0.008395478788548854,4,0.25,102,7804970
53771,0.060281622637861465,0.013395883746391663,0.008394969142756059,4,0.25,102,7805990
53781,0.060278707264442614,0.013395203500277272,0.008394454624516098,4,0.25,102,7807010
53791,0.060276010934882385,0.013394555746827979,0.008393941076043554,4,0.25,102,7808030
53801,0.06027236784290096,0.013393827140773975,0.008393429324685415,4,0.25,102,7809050
53811,0.060268652595347055,0.013392872044234146,0.00839288989441433,4,0.25,102,7810070
53821,0.060265229371101924,0.013392240825647805,0.00839236487896192,4,0.25,102,7811090
53831,0.06026231646563001,0.013391512611610304,0.008391865543438513,4,0.25,102,7812110
53841,0.060258457541101304,0.013390735985860798,0.008391360291305857,4,0.25,102,7813130
53851,0.06025496332998455,0.01338986244951202,0.008390829598120316,4,0.25,102,7814150
53861,0.060250887547674756,0.013389037605871188,0.008390308046491298,4,0.25,102,7815170
53871,0.06024768574947643,0.013388261426964145,0.008389803678149867,4,0.25,102,7816190
53881,0.06024310227886412,0.013387162079987639,0.008389253448645446,4,0.25,102,7817210
53891,0.06023910172388545,0.013386434725499215,0.008388741621787713,4,0.25,102,7818230
53901,0.06023553828980704,0.01338551358644609,0.008388204578801706,4,0.25,102,7819250
53911,0.060230666901327105,0.013384544179588525,0.0083877053506382,4,0.25,102,7820270
53921,0.06022674160030865,0.013383607294069533,0.008387174832904635,4,0.25,102,7821290
53931,0.06022238108886443,0.01338273520488942,0.008386664781166807,4,0.25,102,7822310
53941,0.060218675426985425,0.013381927872663428,0.008386130053870478,4,0.25,102,7823330
53951,0.060215696880269516,0.013381201403312684,0.00838560514974381,4,0.25,102,7824350
53961,0.06021264616170058,0.013380410498557465,0.008385090171008835,4,0.25,102,7825370
53971,0.06020814359949668,0.013379522921691867,0.00838457021688639,4,0.25,102,7826390
53981,0.06020451326452551,0.013378683926696094,0.008384033372671953,4,0.25,102,7827410
53991,0.06020117395828961,0.013378022526906883,0.008383534710332421,4,0.25,102,7828430
54001,0.06019747235809347,0.013377135443168845,0.008383026015422965,4,0.25,102,7829450
54011,0.06019420682876757,0.01337639365922967,0.008382540808466505,4,0.25,102,7830470
54021,0.06019072420541321,0.013375635881828564,0.008382014502518442,4,0.25,102,7831490
54031,0.06018716967449631,0.013374829882384507,0.008381496593967462,4,0.25,102,7832510
54041,0.06018303563431472,0.013373943457651648,0.008380937425455814,4,0.25,102,7833530
54051,0.06018006257314393,0.013373250562084712,0.008380437048325078,4,0.25,102,7834550
54061,0.06017549510200444,0.0133723000267996,0.008379932099762783,4,0.25,102,7835570
54071,0.06017172593890802,0.01337143022971871,0.008379408205163662,4,0.25,102,7836590
54081,0.060168174900197206,0.013370592813826975,0.008378897569564588,4,0.25,102,7837610
54091,0.06016411736918855,0.013369755561222312,0.008378374423301782,4,0.25,102,7838630
54101,0.06015962609642954,0.013368725320556442,0.008377845000965297,4,0.25,102,7839650
54111,0.06015564277658623,0.013367791878449624,0.008377306781013063,4,0.25,102,7840670
54121,0.06015144307431537,0.013366890816547336,0.008376805498813818,4,0.25,102,7841690
54131,0.06014804053689748,0.013366150800022474,0.008376303284304191,4,0.25,102,7842710
54141,0.06014391485940236,0.013365266165086822,0.008375781612676747,4,0.25,102,7843730
54151,0.060141020173236394,0.013364558588390798,0.00837526042809572,4,0.25,102,7844750
54161,0.06013667895729358,0.013363658204913344,0.008374747763549881,4,0.25,102,7845770
54171,0.06013342368562023,0.013362886597967435,0.008374249186613936,4,0.25,102,7846790
54181,0.060128505649304324,0.013361825864900785,0.008373716054357857,4,0.25,102,7847810
54191,0.06012510715024021,0.013361086721127843,0.008373195265279323,4,0.25,102,7848830
54201,0.06012062493861118,0.013360010369890957,0.00837263350552985,4,0.25,102,7849850
54211,0.06011730009903162,0.013359319719538623,0.008372134802494751,4,0.25,102,7850870
54221,0.06011347001539211,0.013358436491575944,0.00837160495717184,4,0.25,102,7851890
54231,0.060109857425389566,0.013357633714829939,0.008371088421528878,4,0.25,102,7852910
54241,0.06010682337216884,0.013356975549982601,0.008370603026450874,4,0.25,102,7853930
54251,0.060103573129985134,0.013356269339054773,0.008370085266792783,4,0.25,102,7854950
54261,0.06010025122579039,0.01335556324438282,0.008369567333132582,4,0.25,102,7855970
54271,0.0600965689132697,0.013354696832492826,0.008369065477727996,4,0.25,102,7856990
54281,0.06009238203897306,0.013353766436863413,0.008368553417707598,4,0.25,102,7858010
54291,0.06008920639533304,0.013353028680382757,0.008368058081915155,4,0.25,102,7859030
54301,0.060085742652736626,0.013352339153214873,0.008367548905239375,4,0.25,102,7860050
54311,0.06008249595863799,0.013351537516836544,0.008367038978662323,4,0.25,102,7861070
54321,0.060079105550190415,0.013350864258081477,0.008366523015862116,4,0.25,102,7862090
54331,0.0600760763274854,0.013350175078864162,0.008366014101045498,4,0.25,102,7863110
54341,0.060072470730014864,0.01334935782385058,0.008365492247631112,4,0.25,102,7864130
54351,0.06006951464285164,0.013348684907271726,0.008365015029156255,4,0.25,102,7865150
54361,0.060065982352278814,0.01334791598907347,0.008364500219261039,4,0.25,102,7866170
54371,0.060062522776312674,0.013347067135425196,0.008363979266387891,4,0.25,102,7867190
54381,0.060058559441539254,0.013346282495728048,0.008363501478013837,4,0.25,102,7868210
54391,0.060054452844701525,0.013345401948769296,0.008363013018202933,4,0.25,102,7869230
54401,0.060051211412115585,0.01334466563021771,0.00836251983522687,4,0.25,102,7870250
54411,0.060047682471694744,0.013343849424897969,0.008361998401754714,4,0.25,102,7871270
54421,0.060043434196109774,0.013342937379355584,0.00836148720519373,4,0.25,102,7872290
54431,0.0600399066785457,0.013342025527897311,0.008360969391490369,4,0.25,102,7873310
54441,0.06003587601997625,0.013341193832643743,0.008360464371969316,4,0.25,102,7874330
54451,0.060031414487813885,0.013340234384848566,0.008359933550235637,4,0.25,102,7875350
54461,0.060028392746086755,0.013339578885746961,0.008359445577172034,4,0.25,102,7876370
54471,0.06002436449377041,0.013338667748736955,0.008358917621209662,4,0.25,102,7877390
54481,0.06002033708307247,0.013337788765128165,0.008358396929538544,4,0.25,103,7878414
54491,0.060017101380582555,0.01333706973085992,0.008357875715621948,4,0.25,103,7879444
54501,0.0600128598379196,0.013336063285633401,0.00835734795524619,4,0.25,103,7880474
54511,0.06000897856601912,0.013335264687886596,0.008356833249613208,4,0.25,103,7881504
54521,0.06000567291380448,0.013334482206550676,0.00835629930540502,4,0.25,103,7882534
54531,0.060002152299193534,0.013333715832828172,0.008355805813938789,4,0.25,103,7883564
54541,0.059998345011474837,0.013332933634437515,0.008355308350041855,4,0.25,103,7884594
54551,0.059994179407596306,0.013331976035058833,0.008354778601758253,4,0.25,103,7885624
54561,0.059990086501757474,0.013331066513987232,0.008354258132524757,4,0.25,103,7886654
54571,0.05998577911899481,0.013330157186097999,0.008353758174507479,4,0.25,103,7887684
54581,0.05998154446490659,0.013329152364155682,0.008353253980647244,4,0.25,103,7888714
54591,0.05997766949557252,0.01332824344274089,0.008352739247206063,4,0.25,103,7889744
54601,0.05997401051796639,0.01332739847841758,0.008352257380185838,4,0.25,103,7890774
54611,0.05996992189482979,0.01332656961890728,0.008351734713414367,4,0.25,103,7891804
54621,0.05996626438868429,0.013325724984943615,0.008351234565777134,4,0.25,103,7892834
54631,0.05996303775414306,0.013324912381315404,0.008350720674363538,4,0.25,103,7893864
54641,0.059959524922404174,0.01332422736480172,0.008350219001912622,4,0.25,103,7894894
54651,0.059954507702771345,0.01332312838137773,0.00834967574159221,4,0.25,103,7895924
54661,0.05995142634451421,0.013322427727716609,0.008349150725736346,4,0.25,103,7896954
54671,0.05994841712176078,0.013321822710061208,0.008348668404295016,4,0.25,103,7897984
54681,0.059944763697793335,0.013321026764531558,0.008348163915078293,4,0.25,103,7899014
54691,0.05994211360842405,0.013320358284711465,0.008347692831299394,4,0.25,103,7900044
54701,0.059939034233129046,0.01331972173436784,0.008347202113713259,4,0.25,103,7901074
54711,0.059935955350376345,0.013318973908735996,0.008346665963043759,4,0.25,103,7902104
54721,0.0599321611258611,0.013318242120868469,0.008346174825011522,4,0.25,103,7903134
54731,0.0599298706354031,0.01331766950464248,0.008345671094090665,4,0.25,103,7904164
54741,0.059925648258114514,0.013316763019047072,0.00834513537834598,4,0.25,103,7905194
54751,0.05992235687772492,0.013315983913052904,0.008344616857618866,4,0.25,103,7906224
54761,0.05991835073952666,0.013315045994149274,0.008344097532219532,4,0.25,103,7907254
54771,0.059914059373932856,0.013314187740172113,0.008343597547814031,4,0.25,103,7908284
54781,0.05991105598738822,0.013313456770786816,0.008343094457639469,4,0.25,103,7909314
54791,0.05990698071253458,0.013312535291823812,0.008342567272619998,4,0.25,103,7910344
54801,0.059902263051437185,0.013311550482169261,0.008342068273686705,4,0.25,103,7911374
54811,0.05989833255075783,0.013310645292765698,0.008341522505481369,4,0.25,103,7912404
54821,0.059895045839540945,0.013309930804924054,0.008341023532487241,4,0.25,103,7913434
54831,0.059891402533470445,0.013309137069590684,0.008340500497427544,4,0.25,103,7914464
54841,0.05988761708375347,0.013308248260975925,0.008339971435802477,4,0.25,103,7915494
54851,0.059883760976588235,0.013307407237324303,0.008339445605061066,4,0.25,103,7916524
54861,0.059879834254667634,0.013306487061444784,0.008338931348544415,4,0.25,103,7917554
54871,0.05987519461682204,0.013305487784506432,0.008338398129615806,4,0.25,103,7918584
54881,0.05987212593307009,0.013304837586924493,0.008337887641550303,4,0.25,103,7919614
54891,0.05986927178315551,0.013304155778669072,0.008337414855376195,4,0.25,103,7920644
54901,0.059865847362432174,0.013303458227015195,0.008336930800857886,4,0.25,103,7921674
54911,0.05986185297567348,0.013302602296522591,0.00833639440141517,4,0.25,103,7922704
54921,0.05985835856793577,0.013301762383316105,0.008335888160885941,4,0.25,103,7923734
54931,0.05985379539999099,0.013300780052879619,0.008335352673870597,4,0.25,103,7924764
54941,0.05984973224036099,0.01329982962556829,0.008334828692302848,4,0.25,103,7925794
54951,0.0598459549852192,0.013299037764329835,0.008334330000290182,4,0.25,103,7926824
54961,0.059842035976895025,0.01329815105400787,0.008333809059824473,4,0.25,103,7927854
54971,0.05983890134553554,0.013297438652314947,0.008333318528718207,4,0.25,103,7928884
54981,0.059835696001339186,0.013296726369445906,0.008332810905338248,4,0.25,103,7929914
54991,0.05983092459042144,0.013295713549526095,0.008332288581580359,4,0.25,103,7930944
55001,0.05982786296572799,0.013295001554336919,0.008331797044906214,4,0.25,103,7931974
55011,0.05982373410509064,0.01329408404674848,0.008331287537015675,4,0.25,103,7933004
55021,0.05982060245777548,0.013293356508493472,0.008330786724948495,4,0.25,103,7934034
55031,0.059816546309895614,0.013292502600021206,0.008330269509505259,4,0.25,103,7935064
55041,0.059812491018280615,0.013291585629285712,0.008329752208616195,4,0.25,103,7936094
55051,0.05980793872847517,0.013290621441511557,0.008329249898475702,4,0.25,103,7937124
55061,0.059804383002630655,0.013289799682888586,0.00832875037602114,4,0.25,103,7938154
55071,0.0598008990298583,0.013289041276874084,0.008328246016997774,4,0.25,103,7939184
55081,0.059797984354554676,0.01328840937479703,0.00832776539446621,4,0.25,103,7940214
55091,0.05979471475754014,0.013287635422244735,0.00832725442222062,4,0.25,103,7941244
55101,0.05979009562369727,0.013286608967050941,0.008326745751169899,4,0.25,103,7942274
55111,0.0597868273695157,0.013285930063139195,0.008326257996143466,4,0.25,103,7943304
55121,0.059783488640815736,0.013285188128918168,0.008325757915824381,4,0.25,103,7944334
55131,0.05978043456773441,0.013284414760375396,0.008325242212910382,4,0.25,103,7945364
55141,0.05977695493707488,0.01328372042643347,0.00832475171802416,4,0.25,103,7946394
55151,0.05977262403308942,0.013282726463173996,0.008324221712079838,4,0.25,103,7947424
55161,0.05976772631915176,0.01328165387378336,0.008323695923157837,4,0.25,103,7948454
55171,0.059765171486155594,0.01328107037225191,0.008323214426393272,4,0.25,103,7949484
55181,0.05976190747213742,0.013280329282688703,0.008322722390019945,4,0.25,103,7950514
55191,0.0597582893227547,0.013279572558150876,0.008322210052552924,4,0.25,103,7951544
55201,0.05975509740437947,0.013278831728789256,0.008321726539632313,4,0.25,103,7952574
55211,0.05975133871459875,0.013278043753702815,0.008321243586081273,4,0.25,103,7953604
55221,0.05974814795204323,0.01327730318986236,0.008320744649883161,4,0.25,103,7954634
55231,0.059744319737220865,0.013276436735892808,0.008320212482238154,4,0.25,103,7955664
55241,0.05974056315784627,0.01327566495245767,0.008319699636180363,4,0.25,103,7956694
55251,0.05973680731386885,0.013274767339315036,0.008319171449935159,4,0.25,103,7957724
55261,0.059733193893921906,0.0132739643719325,0.008318647792321603,4,0.25,103,7958754
55271,0.05973021864729425,0.013273287477717697,0.008318149391397434,4,0.25,103,7959784
55281,0.059726394008156665,0.013272390364985698,0.008317660106181027,4,0.25,103,7960814
55291,0.05972242852105934,0.01327152490884972,0.008317150923497158,4,0.25,103,7961844
55301,0.05971839306348051,0.013270659628413709,0.008316641823285299,4,0.25,103,7962874
55311,0.05971421690503792,0.013269763068570337,0.008316115223861699,4,0.25,103,7963904
55321,0.05971124460050354,0.0132690711162612,0.008315607111630534,4,0.25,103,7964934
55331,0.05970841426253337,0.013268520779874747,0.008315110853062184,4,0.25,103,7965964
55341,0.05970402806412669,0.013267546072713889,0.008314594195475998,4,0.25,103,7966994
55351,0.05970091588675076,0.013266823046940724,0.008314086141137987,4,0.25,103,7968024
55361,0.059698369935498374,0.01326617871432509,0.008313616031984123,4,0.25,103,7969054
55371,0.0596947637498673,0.013265487343805636,0.008313110488607622,4,0.25,103,7970084
55381,0.05969165307587093,0.013264811794637985,0.008312600940744165,4,0.25,103,7971114
55391,0.05968889630947234,0.013264042113366315,0.008312113431893411,4,0.25,103,7972144
55401,0.05968515056999102,0.013263319681975218,0.008311604559057037,4,0.25,103,7973174
55411,0.059682182767911714,0.013262675878992125,0.00831112249966657,4,0.25,103,7974204
55421,0.05967843834004011,0.013261702508065371,0.008310602249756048,4,0.25,103,7975234
55431,0.05967476527258733,0.013260996168465128,0.008310082698519752,4,0.25,103,7976264
55441,0.05967194031504032,0.013260368409375027,0.008309588212519918,4,0.25,103,7977294
55451,0.05966904516566694,0.01325970936190919,0.008309088339736105,4,0.25,103,7978324
55461,0.059666221051160644,0.013259097480577898,0.008308611170668124,4,0.25,103,7979354
55471,0.05966240915669267,0.01325821903548221,0.008308094203287854,4,0.25,103,7980384
55481,0.059658668590132476,0.01325740349870845,0.008307608084046696,4,0.25,103,7981414
55491,0.059654717086685294,0.013256572439252103,0.00830709674273269,4,0.25,103,7982444
55501,0.059650978021469625,0.01325569451491912,0.008306581589281192,4,0.25,103,7983474
55511,0.059647662857082465,0.013255020517311736,0.008306082986875962,4,0.25,103,7984504
55521,0.059644982930794406,0.013254377967799933,0.008305603871587809,4,0.25,103,7985534
55531,0.05964173931106874,0.013253625837939315,0.008305088411045023,4,0.25,103,7986564
55541,0.05963736834470571,0.013252623204821793,0.008304570899956272,4,0.25,103,7987594
55551,0.05963363266412689,0.0132518400620092,0.00830407207320749,4,0.25,103,7988624
55561,0.05963039096588913,0.013251151015521276,0.00830359131579858,4,0.25,103,7989654
55571,0.05962686800312494,0.013250352487577886,0.008303078796035809,4,0.25,103,7990684
55581,0.059622782178132085,0.013249381929883664,0.008302584726786707,4,0.25,103,7991714
55591,0.05961933103973808,0.013248661981718151,0.00830205821887139,4,0.25,103,7992744
55601,0.05961588052328147,0.013247848273933879,0.008301558247312765,4,0.25,103,7993774
55611,0.05961088189844955,0.013246784429289496,0.008301039584730486,4,0.25,103,7994804
55621,0.05960813673020012,0.013246158762569049,0.008300560966672884,4,0.25,103,7995834
55631,0.059603421590794146,0.013245142250371147,0.008300034159975421,4,0.25,103,7996864
55641,0.05959997394042925,0.01324439175110374,0.008299528717050891,4,0.25,103,7997894
55651,0.05959603452883593,0.013243438182652134,0.008299028986643696,4,0.25,103,7998924
55661,0.059592728862682326,0.013242781751577547,0.008298524865252701,4,0.25,103,7999954
55671,0.0595894237673973,0.013242016043356617,0.008298025868600298,4,0.25,103,8000984
55681,0.05958583803302733,0.013241250472977393,0.008297521658441429,4,0.25,103,8002014
55691,0.05958211239341851,0.013240406942779344,0.008297031684129938,4,0.25,103,8003044
55701,0.059578738855097985,0.01323967289526673,0.008296513257596866,4,0.25,103,8004074
55711,0.059575295648129245,0.013238845291555177,0.00829599806533176,4,0.25,103,8005104
55721,0.05957101007248089,0.013237939796591672,0.008295479268496723,4,0.25,103,8006134
55731,0.05956827061727767,0.013237331037709335,0.00829498689872633,4,0.25,103,8007164
55741,0.059564197281064823,0.013236410260443636,0.008294445962699572,4,0.25,103,8008194
55751,0.05956068648035198,0.01323564569869543,0.008293965477331518,4,0.25,103,8009224
55761,0.05955563205910298,0.013234538108266745,0.008293428039662638,4,0.25,103,8010254
55771,0.05955296498628466,0.0132339142407415,0.008292946088618799,4,0.25,103,8011284
55781,0.05954952641497921,0.01323313453509213,0.008292452171995595,4,0.25,103,8012314
55791,0.05954552722202005,0.013232261434558908,0.008291920407285488,4,0.25,103,8013344
55801,0.05954272127011525,0.013231591139808523,0.008291428646241638,4,0.25,103,8014374
55811,0.059539565066295735,0.013230967704717673,0.008290959983269012,4,0.25,103,8015404
55821,0.059535918546148675,0.013230157375822824,0.00829046451711171,4,0.25,103,8016434
55831,0.05953213251116457,0.013229269308196784,0.008289934412544737,4,0.25,103,8017464
55841,0.05952883786862587,0.013228521605723902,0.00828942985749993,4,0.25,103,8018494
55851,0.059525123314417096,0.013227774034820233,0.008288927532292593,4,0.25,103,8019524
55861,0.05952168974591635,0.013226979884852375,0.008288425416414662,4,0.25,103,8020554
55871,0.05951790652749416,0.013226139181972643,0.00828791353064914,4,0.25,103,8021584
55881,0.059515454841360775,0.013225563240862858,0.008287443867477687,4,0.25,103,8022614
55891,0.05951195297802715,0.01322480062821771,0.00828695810518049,4,0.25,103,8023644
55901,0.059507681573463436,0.013223882562003093,0.008286448628360182,4,0.25,103,8024674
55911,0.05950390112653779,0.013222949138833737,0.008285954149247687,4,0.25,103,8025704
55921,0.05950005143995156,0.013222202547991328,0.008285451845009931,4,0.25,103,8026734
55931,0.05949669234713985,0.01322140943902126,0.008284947538883109,4,0.25,103,8027764
55941,0.05949277415173431,0.013220600931391296,0.008284470535703222,4,0.25,103,8028794
55951,0.05948934638975794,0.013219730403009628,0.008283976096333374,4,0.25,103,8029824
55961,0.059485989178289865,0.01321904654162124,0.00828347221620129,4,0.25,103,8030854
55971,0.05948249271024702,0.013218285098336313,0.008282974138825809,4,0.25,103,8031884
55981,0.0594794862594839,0.013217523791605571,0.00828246602020985,4,0.25,103,8032914
55991,0.059475082313841916,0.013216576233159845,0.008281943122139342,4,0.25,103,8033944
56001,0.059470609503749654,0.013215675472089402,0.008281437162030185,4,0.25,103,8034974
56011,0.05946704598297902,0.013214868055692013,0.008280942677965327,4,0.25,103,8036004
56021,0.05946320371542095,0.013213874523258975,0.008280437047602394,4,0.25,103,8037034
56031,0.059458803522271765,0.013213005373146063,0.008279917737884243,4,0.25,103,8038064
56041,0.05945538185067205,0.013212229496662472,0.008279400609300467,4,0.25,103,8039094
56051,0.059451681549086234,0.013211438248776844,0.008278930678797689,4,0.25,103,8040124
56061,0.05944840074939833,0.01321072470075677,0.008278432309491488,4,0.25,103,8041154
56071,0.05944414353073694,0.013209732137884412,0.008277892041262796,4,0.25,103,8042184
56081,0.059441143110901894,0.013209080894678371,0.008277386536238758,4,0.25,103,8043214
56091,0.05943667824286094,0.013208026712839466,0.008276857462894194,4,0.25,103,8044244
56101,0.0594331907912112,0.01320726724418292,0.008276391556712445,4,0.25,103,8045274
56111,0.059429425058984214,0.013206476921202158,0.008275893342437864,4,0.25,103,8046304
56121,0.05942510235654874,0.013205531826301964,0.008275400999486638,4,0.25,103,8047334
56131,0.05942217463042749,0.01320478829310554,0.008274891357154847,4,0.25,103,8048364
56141,0.05941848075978992,0.013203967459944444,0.008274417125555471,4,0.25,103,8049394
56151,0.059414578578862745,0.013203162268589617,0.008273909131669845,4,0.25,103,8050424
56161,0.05941053787541378,0.01320223339159379,0.00827337630045336,4,0.25,103,8051454
56171,0.05940719449198045,0.013201505913387286,0.008272884386583787,4,0.25,103,8052484
56181,0.05940336425193979,0.013200670241428392,0.008272385075685,4,0.25,103,8053514
56191,0.05939981326181372,0.013199881146911466,0.008271857388829885,4,0.25,103,8054544
56201,0.05939675019352705,0.013199200477489877,0.008271369100213826,4,0.25,103,8055574
56211,0.05939340922534291,0.013198427122156277,0.008270865997115686,4,0.25,103,8056604
56221,0.05939006884223226,0.013197653907893372,0.008270398427521895,4,0.25,103,8057634
56231,0.0593861724678414,0.013196834454747529,0.008269861589752141,4,0.25,103,8058664
56241,0.0593824160033975,0.013196046073915856,0.008269375208260467,4,0.25,103,8059694
56251,0.05937963391409799,0.013195396929215774,0.008268864304792144,4,0.25,103,8060724
56261,0.059374974823608484,0.01319437704554616,0.008268367944655733,4,0.25,103,8061754
56271,0.059371151047688024,0.013193542777809786,0.008267882273025343,4,0.25,103,8062784
56281,0.05936823158962106,0.013192785899208762,0.00826740538824196,4,0.25,103,8063814
56291,0.05936461764172753,0.013192090925696127,0.008266882881340214,4,0.25,103,8064844
56301,0.05936149073964339,0.013191396066164046,0.008266385734028143,4,0.25,103,8065874
56311,0.05935892011541166,0.013190793946742902,0.008265921809976167,4,0.25,103,8066904
56321,0.059355238473675576,0.013189975819040993,0.008265406432450224,4,0.25,103,8067934
56331,0.059352390898908126,0.01318932760362847,0.008264929682512332,4,0.25,103,8068964
56341,0.05934891882236708,0.013188540618248487,0.00826443521560203,4,0.25,103,8069994
56351,0.05934510026854179,0.013187707498958104,0.008263935340881417,4,0.25,103,8071024
56361,0.05934100485207021,0.01318684369645885,0.008263409007399929,4,0.25,103,8072054
56371,0.05933788182083192,0.013186103434518391,0.00826290942583592,4,0.25,103,8073084
56381,0.059334412386275556,0.013185332465905107,0.008262404113750907,4,0.25,103,8074114
56391,0.05933011116450512,0.01318442290344339,0.008261900153997422,4,0.25,103,8075144
56401,0.059326851207768636,0.01318366765259604,0.008261380581426671,4,0.25,103,8076174
56411,0.059323245096931015,0.013182804673698957,0.008260871199551706,4,0.25,103,8077204
56421,0.05931859976786584,0.013181849437914256,0.008260366661199033,4,0.25,103,8078234
56431,0.05931548040647941,0.013181110048531085,0.008259882321301896,4,0.25,103,8079264
56441,0.05931159924773692,0.013180293789415393,0.008259415907537239,4,0.25,103,8080294
56451,0.059308550320531034,0.013179585465675558,0.008258912516196499,4,0.25,103,8081324
56461,0.05930446275214055,0.01317861556241597,0.008258386169496581,4,0.25,103,8082354
56471,0.05930065309691558,0.013177845956090393,0.008257894393431464,4,0.25,103,8083384
56481,0.059297398177102285,0.013177138041852382,0.008257400053377495,4,0.25,103,8084414
56491,0.05929407457777381,0.01317643024601241,0.00825693687992881,4,0.25,103,8085444
56501,0.05928985167379485,0.013175430301505269,0.008256436112962135,4,0.25,103,8086474
56511,0.059286321767827256,0.013174645895064788,0.00825591329395054,4,0.25,103,8087504
56521,0.05928369206719762,0.013174046152949623,0.008255444113550064,4,0.25,103,8088534
56531,0.059280163302891424,0.013173308125493732,0.008254961428600145,4,0.25,103,8089564
56541,0.05927691188342702,0.013172600969970404,0.00825446488822916,4,0.25,103,8090594
56551,0.05927317689540254,0.013171801719081788,0.008253977073447372,4,0.25,103,8091624
56561,0.05926971922643948,0.013170987253345066,0.008253466651674517,4,0.25,103,8092654
56571,0.059266607861282954,0.013170265122448664,0.00825295858947776,4,0.25,103,8093684
56581,0.059262529286253,0.013169389512072052,0.008252459478257536,4,0.25,103,8094714
56591,0.05925962642629942,0.013168698368744406,0.008251989628432143,4,0.25,103,8095744
56601,0.05925575663497547,0.013167823082638558,0.00825149563523352,4,0.25,103,8096774
56611,0.05925181854817339,0.013166994031297504,0.008251014295363315,4,0.25,103,8097804
56621,0.05924795034410477,0.01316616514246139,0.008250531645114825,4,0.25,103,8098834
56631,0.05924456631048283,0.013165275035398032,0.008250012339043468,4,0.25,103,8099864
56641,0.059240561497344295,0.013164446483438636,0.008249516608773938,4,0.25,103,8100894
56651,0.059236902663681854,0.01316367945044769,0.008249039614743978,4,0.25,103,8101924
56661,0.05923262341150481,0.013162605838003386,0.008248522082353268,4,0.25,103,8102954
56671,0.05922882810625416,0.013161931135427008,0.008248043587584394,4,0.25,103,8103984
56681,0.05922510254312379,0.013160995930416088,0.00824752174200267,4,0.25,103,8105014
56691,0.059220136260463505,0.01315993832491181,0.00824698233632968,4,0.25,103,8106044
56701,0.059216205539493715,0.013159080172925029,0.008246491825758755,4,0.25,103,8107074
56711,0.059213447623828505,0.013158482634279592,0.008246011084132046,4,0.25,103,8108104
56721,0.05920903579051851,0.013157440974070475,0.008245512354686575,4,0.25,103,8109134
56731,0.05920503845052942,0.013156583329012686,0.00824502823918934,4,0.25,103,8110164
56741,0.05920200654617113,0.013155924898260866,0.008244537885473694,4,0.25,103,8111194
56751,0.059196839641531475,0.013154761411069945,0.008244016670620798,4,0.25,103,8112224
56761,0.059193189208838225,0.013153950221438022,0.008243535550432989,4,0.25,103,8113254
56771,0.05918960833334624,0.013153200392212025,0.008243026636011503,4,0.25,103,8114284
56781,0.05918561507552865,0.013152297713190531,0.008242542729485337,4,0.25,103,8115314
56791,0.059181829140309346,0.013151410521799835,0.008242020642619335,4,0.25,103,8116344
56801,0.05917811277379338,0.013150554100003797,0.008241503885242382,4,0.25,103,8117374
56811,0.059174672341504794,0.013149804873362413,0.008241014527445103,4,0.25,103,8118404
56821,0.059171026163147566,0.01314908635226845,0.008240533633284133,4,0.25,103,8119434
56831,0.059167724567470006,0.013148322102308433,0.00824004892935458,4,0.25,103,8120464
56841,0.059164354780130865,0.013147588552451754,0.008239558507824565,4,0.25,103,8121494
56851,0.05916077933277344,0.01314677873916158,0.008239061173024519,4,0.25,103,8122524
56861,0.059158235674086,0.01314619821389844,0.008238613580229816,4,0.25,103,8123554
56871,0.059153974090383914,0.01314523593995194,0.008238106422381658,4,0.25,103,8124584
56881,0.05915033188137789,0.013144441847288356,0.008237607587286129,4,0.25,103,8125614
56891,0.05914717128479555,0.013143708971231648,0.008237092176245474,4,0.25,103,8126644
56901,0.059143667759711145,0.013142991486693949,0.008236596090739543,4,0.25,103,8127674
56911,0.05913961546811353,0.013142029943360145,0.008236105752392388,4,0.25,103,8128704
56921,0.05913700597525192,0.01314148058835938,0.008235634340691717,4,0.25,103,8129734
56931,0.059133298365199066,0.013140656689906927,0.008235123333508797,4,0.25,103,8130764
56941,0.05913000331935485,0.013139970230707603,0.00823465654336222,4,0.25,103,8131794
56951,0.0591273265155177,0.013139283883152445,0.008234180759306793,4,0.25,103,8132824
56961,0.05912327770882561,0.013138399422047387,0.008233675985331597,4,0.25,103,8133854
56971,0.0591199157966543,0.013137652349350118,0.008233184491174805,4,0.25,103,8134884
56981,0.05911648588753177,0.013136844440012143,0.008232685824301767,4,0.25,103,8135914
56991,0.05911360524263501,0.013136310999779802,0.008232247648023478,4,0.25,103,8136944
57001,0.05910976506255583,0.01313536621404534,0.008231742235870797,4,0.25,103,8137974
57011,0.05910578855193958,0.013134528274735737,0.008231257963178917,4,0.25,103,8139004
57021,0.05910284098685602,0.013133873274464634,0.008230750719113476,4,0.25,103,8140034
57031,0.05909920857116167,0.013133020403309567,0.008230259563012881,4,0.25,103,8141064
57041,0.05909543981802895,0.013132289508124572,0.008229775044590631,4,0.25,103,8142094
57051,0.05909167181310994,0.01313140651206691,0.008229272157345839,4,0.25,103,8143124
57061,0.059088315493301354,0.013130630237221295,0.008228788496275778,4,0.25,103,8144154
57071,0.05908386414813052,0.013129625858315987,0.008228264605806012,4,0.25,103,8145184
57081,0.059080714596239245,0.013128880337771712,0.008227742307270103,4,0.25,103,8146214
57091,0.05907763401864407,0.013128256636140857,0.008227256188313664,4,0.25,103,8147244
57101,0.05907448550064211,0.013127572191755142,0.008226772398552752,4,0.25,103,8148274
57111,0.05907188494502293,0.013126994303013602,0.008226316885353833,4,0.25,103,8149304
57121,0.059067984779855406,0.01312612761839839,0.008225818605668131,4,0.25,103,8150334
57131,0.05906538511513153,0.013125565129000923,0.008225363469830523,4,0.25,103,8151364
57141,0.05906114432158725,0.013124637945457306,0.00822486179939323,4,0.25,103,8152394
57151,0.059056904475947705,0.013123604604139198,0.0082243571247179,4,0.25,103,8153424
57161,0.05905307575239895,0.0131228145728571,0.008223857515954976,4,0.25,103,8154454
57171,0.059049111103375206,0.01312196393552287,0.00822336678449558,4,0.25,103,8155484
57181,0.05904617232953928,0.013121250140257898,0.008222889114537592,4,0.25,103,8156514
57191,0.05904261907177223,0.013120475733211982,0.008222404190462716,4,0.25,103,8157544
57201,0.05903851998614557,0.013119640747826218,0.008221926532076408,4,0.25,103,8158574
57211,0.059036060960050166,0.013119003234025168,0.008221448174871743,4,0.25,103,8159604
57221,0.059032509596402764,0.013118320290548185,0.008220935702675953,4,0.25,103,8160634
57231,0.05902923200490351,0.013117546421745363,0.00822043109190341,4,0.25,103,8161664
57241,0.05902568192010648,0.013116666508378273,0.008219947771324943,4,0.25,103,8162694
57251,0.05902165474420429,0.013115832277514455,0.008219444738101248,4,0.25,103,8163724
57261,0.059018242552901945,0.013115058865585016,0.00821895443376399,4,0.25,103,8164754
57271,0.05901435340393969,0.013114209792501438,0.008218442779043478,4,0.25,103,8165784
57281,0.05901080610435597,0.013113391205529484,0.008217931602513688,4,0.25,103,8166814
57291,0.0590071912705631,0.013112618241675315,0.008217470832113868,4,0.25,103,8167844
57301,0.05900344075683365,0.013111799963965354,0.008216977536711195,4,0.25,103,8168874
57311,0.05900003184290993,0.013111057590285934,0.008216489535553245,4,0.25,103,8169904
57321,0.05899641906358755,0.013110239615756563,0.008216004053895247,4,0.25,103,8170934
57331,0.05899246624526264,0.013109376370555025,0.008215509824635193,4,0.25,103,8171964
57341,0.058989331837704585,0.013108649564480821,0.008215024791544775,4,0.25,103,8172994
57351,0.0589855848570488,0.013107877470482284,0.008214518462673662,4,0.25,103,8174024
57361,0.05898265591556167,0.013107211463934463,0.008214068603904178,4,0.25,103,8175054
57371,0.058978637872212906,0.013106242915197328,0.008213553021283659,4,0.25,103,8176084
57381,0.05897448451995619,0.013105259460943363,0.00821304895569602,4,0.25,103,8177114
57391,0.058970127883292825,0.013104291361216233,0.008212522342637998,4,0.25,103,8178144
57401,0.05896597639656077,0.013103474700247482,0.00821202611498624,4,0.25,103,8179174
57411,0.05896271029258804,0.013102794270476927,0.00821153374796334,4,0.25,103,8180204
57421,0.05895998896951769,0.013102189536362092,0.008211063384751263,4,0.25,103,8181234
57431,0.05895692794845807,0.013101448855489223,0.008210600158423278,4,0.25,103,8182264
57441,0.05895345938935846,0.013100723416945872,0.008210131899374369,4,0.25,103,8183294
57451,0.0589499234733968,0.013099877230030234,0.008209626418076722,4,0.25,103,8184324
57461,0.058945708436488324,0.013098955684330916,0.008209128940129472,4,0.25,103,8185354
57471,0.05894197007618934,0.013098170263746203,0.008208631738061042,4,0.25,103,8186384
57481,0.0589387760622688,0.013097460490519191,0.008208152490578413,4,0.25,103,8187414
57491,0.0589353108269577,0.01309672064166849,0.008207668719329573,4,0.25,103,8188444
57501,0.05893205000842571,0.013095980922928296,0.008207174427058437,4,0.25,103,8189474
57511,0.058927703124085754,0.013094984772657926,0.008206676775086566,4,0.25,103,8190504
57521,0.0589243757154458,0.013094215181745333,0.008206185517087667,4,0.25,103,8191534
57531,0.05892118466901334,0.01309350607558034,0.008205693069767603,4,0.25,103,8192564
57541,0.05891765477645124,0.01309273675520075,0.008205216294423771,4,0.25,103,8193594
57551,0.058913514780067504,0.013091831852564125,0.008204710872356498,4,0.25,103,8194624
57561,0.05890971492498896,0.013091002529524155,0.008204196211359448,4,0.25,103,8195654
57571,0.058907611761896024,0.013090535164975702,0.008203722494405182,4,0.25,103,8196684
57581,0.05890408440034629,0.01308973624268477,0.008203234064764893,4,0.25,103,8197714
57591,0.05890116804038813,0.01308901282141341,0.008202735238299595,4,0.25,103,8198744
57601,0.058898116517154195,0.013088394997644703,0.008202281653265387,4,0.25,103,8199774
57611,0.05889479430715716,0.013087596481943152,0.008201782109742194,4,0.25,103,8200804
57621,0.05889147268055819,0.013086918615969823,0.00820131007962925,4,0.25,103,8201834
57631,0.058887609481393856,0.01308609026155084,0.008200818816918984,4,0.25,103,8202864
57641,0.058883747071172006,0.01308512656370448,0.008200303429056137,4,0.25,103,8203894
57651,0.05888008867320364,0.013084388881877218,0.008199832770911254,4,0.25,103,8204924
57661,0.05887561825883547,0.013083395474253634,0.008199299997816385,4,0.25,103,8205954
57671,0.058871961433017914,0.013082567813931197,0.008198810767582528,4,0.25,103,8206984
57681,0.05886877921573211,0.013081905803036212,0.008198336284462733,4,0.25,103,8208014
57691,0.05886580060402697,0.013081243896433947,0.008197872913511262,4,0.25,103,8209044
57701,0.05886228103146848,0.013080446738279076,0.008197384998816303,4,0.25,103,8210074
57711,0.058859100443019174,0.013079694840919604,0.008196891098294622,4,0.25,103,8211104
57721,0.058855379157205914,0.013078852875620533,0.008196383696716469,4,0.25,103,8212134
57731,0.058850170587526715,0.013077755567042526,0.00819587409127137,4,0.25,103,8213164
57741,0.05884692441304871,0.01307706425952831,0.008195409378720354,4,0.25,103,8214194
57751,0.058843814018938276,0.013076312967354538,0.008194930486492051,4,0.25,103,8215224
57761,0.05884070413665217,0.013075546787769697,0.008194446687230692,4,0.25,103,8216254
57771,0.05883800030711465,0.013075021059121976,0.008193973645782001,4,0.25,103,8217284
57781,0.05883489138133798,0.01307428514957205,0.008193499631732793,4,0.25,103,8218314
57791,0.05883070189922975,0.013073429253768117,0.008192984744234296,4,0.25,103,8219344
57801,0.058827459067055284,0.013072648588696351,0.008192504613989295,4,0.25,103,8220374
57811,0.0588237440059836,0.01307185306017421,0.00819200366844932,4,0.25,103,8221404
57821,0.05881881423476452,0.013070772583615645,0.008191482380592975,4,0.25,103,8222434
57831,0.05881570846418457,0.013070112429258866,0.008191009740446032,4,0.25,103,8223464
57841,0.05881348072589278,0.013069632382198772,0.008190559315698743,4,0.25,103,8224494
57851,0.058809768412493954,0.013068837424998656,0.008190083759039164,4,0.25,103,8225524
57861,0.05880659665000302,0.01306813258888956,0.008189587962563782,4,0.25,103,8226554
57871,0.05880281822401,0.013067247962147288,0.008189091106713016,4,0.25,103,8227584
57881,0.058799377815062934,0.01306643846717149,0.008188606766182913,4,0.25,103,8228614
57891,0.05879634268052226,0.01306576400728264,0.008188126427336963,4,0.25,103,8229644
57901,0.05879276859202105,0.013064969782411515,0.008187628045078126,4,0.25,103,8230674
57911,0.0587891277635207,0.013064235632753534,0.008187139069319824,4,0.25,103,8231704
57921,0.058785218025837686,0.013063261958934666,0.008186650815092997,4,0.25,103,8232734
57931,0.0587815112637141,0.013062528108017054,0.008186167755020884,4,0.25,103,8233764
57941,0.058778142111405335,0.013061719523006993,0.008185665963900489,4,0.25,103,8234794
57951,0.05877598616944098,0.013061300318054053,0.008185218854003161,4,0.25,103,8235824
57961,0.058772483288822404,0.01306047700169596,0.008184746828150681,4,0.25,103,8236854
57971,0.058769048402580876,0.013059713707259998,0.008184247272541249,4,0.25,103,8237884
57981,0.058764738841306695,0.013058785967725275,0.008183762085323091,4,0.25,103,8238914
57991,0.05876137268111416,0.013058022980940798,0.008183274347510996,4,0.25,103,8239944
58001,0.058757939816133524,0.013057215263848879,0.008182807976539749,4,0.25,103,8240974
58011,0.05875444028290587,0.013056452562748554,0.008182314291988943,4,0.25,103,8242004
58021,0.05875121052046765,0.013055660098761834,0.008181825723097887,4,0.25,103,8243034
58031,0.05874636691312067,0.013054643571813927,0.00818134339891162,4,0.25,103,8244064
58041,0.0587424660223647,0.013053851449616589,0.008180844213467008,4,0.25,103,8245094
58051,0.05873917107065803,0.013053059477050648,0.008180364469232834,4,0.25,103,8246124
58061,0.05873520444330879,0.013052222838371992,0.00817984787510484,4,0.25,103,8247154
58071,0.058731776335702236,0.013051446109080675,0.008179374274094703,4,0.25,103,8248184
58081,0.058727945658439196,0.013050520196837756,0.0081788752178467,4,0.25,103,8249214
58091,0.05872505636400366,0.013049922942628028,0.008178382041220457,4,0.25,103,8250244
58101,0.05872163010010607,0.013049221277666303,0.008177902754419509,4,0.25,103,8251274
58111,0.058718473113824846,0.013048504804889725,0.008177418895450934,4,0.25,103,8252304
58121,0.05871524950299684,0.01304777353191844,0.008176937626638873,4,0.25,103,8253334
58131,0.058711556459585396,0.013046937947606134,0.008176436171163011,4,0.25,103,8254364
58141,0.058708401159142165,0.013046177113978472,0.008175971001016729,4,0.25,103,8255394
58151,0.05870517926953185,0.013045535734128994,0.008175495929046657,4,0.25,103,8256424
58161,0.0587017566149619,0.013044745331236512,0.008175046773712136,4,0.25,103,8257454
58171,0.058697932030300264,0.013043940168413693,0.008174552156125874,4,0.25,103,8258484
58181,0.05869424237698222,0.01304300100732631,0.008174046287111363,4,0.25,103,8259514
58191,0.058690888773244056,0.013042330306863527,0.008173563315470301,4,0.25,103,8260544
58201,0.058687535766036816,0.013041600110692986,0.008173072873676447,4,0.25,103,8261574
58211,0.05868391518807097,0.013040795552121625,0.008172588932851053,4,0.25,103,8262604
58221,0.058680764510288266,0.01304009541395444,0.008172119801470585,4,0.25,103,8263634
58231,0.058678217538801355,0.01303951453708266,0.008171614621078745,4,0.25,103,8264664
58241,0.05867506781330703,0.01303884439463757,0.008171136413737469,4,0.25,103,8265694
58251,0.05867211961115237,0.013038189247921106,0.008170684547009715,4,0.25,103,8266724
58261,0.05866923885917125,0.013037534203686908,0.008170205120349367,4,0.25,103,8267754
58271,0.058665755747326596,0.013036775076069679,0.00816971464051898,4,0.25,103,8268784
58281,0.05866287596804638,0.013036060728721259,0.00816924827349026,4,0.25,103,8269814
58291,0.058658925359158336,0.013035257233611222,0.00816877038073108,4,0.25,103,8270844
58301,0.05865531027357546,0.013034468767961407,0.008168292422022038,4,0.25,103,8271874
58311,0.058652164374758335,0.013033725068547932,0.008167811279278236,4,0.25,103,8272904
58321,0.058648416755558486,0.013032966631236122,0.008167356227145423,4,0.25,103,8273934
58331,0.0586452051038647,0.013032223198625575,0.008166862889291701,4,0.25,103,8274964
58341,0.05864186021557169,0.013031450168758084,0.008166386572072878,4,0.25,103,8275994
58351,0.05863891720517741,0.01303079617806115,0.008165917560347229,4,0.25,103,8277024
58361,0.058635239088788815,0.013029993692763291,0.008165451886987963,4,0.25,103,8278054
58371,0.058632163397553456,0.013029295358567861,0.008164951009373618,4,0.25,103,8279084
58381,0.05862855344437252,0.01302852286926852,0.008164467807834037,4,0.25,103,8280114
58391,0.05862521151208862,0.013027661414795385,0.008163962913169839,4,0.25,103,8281144
58401,0.05862113515778888,0.013026800137644836,0.008163490422301817,4,0.25,103,8282174
58411,0.058617928155088025,0.013026087490609907,0.008163015645225601,4,0.25,103,8283204
58421,0.05861392016978308,0.013025256222466567,0.00816254373721477,4,0.25,103,8284234
58431,0.058609913037605654,0.013024395440271614,0.008162046933850083,4,0.25,103,8285264
58441,0.05860750916767348,0.013023787063148249,0.008161577805082518,4,0.25,103,8286294
58451,0.05860410421069298,0.01302310459900409,0.008161091090550847,4,0.25,103,8287324
58461,0.05860136733889755,0.01302246674407132,0.008160624677399149,4,0.25,103,8288354
58471,0.05859756308069473,0.013021651024869714,0.008160134577731905,4,0.25,103,8289384
58481,0.058594560262043856,0.013020939254466837,0.008159651483202654,4,0.25,103,8290414
58491,0.05859115764669094,0.01302015348201505,0.008159195570386902,4,0.25,103,8291444
58501,0.05858802244779149,0.013019516076988176,0.008158739196247869,4,0.25,103,8292474
58511,0.058584154198858415,0.013018641656084575,0.008158241886515684,4,0.25,103,8293504
58521,0.05858068678957986,0.01301785631522539,0.008157759919198282,4,0.25,103,8294534
58531,0.05857748667116314,0.01301713037658451,0.008157288964615267,4,0.25,103,8295564
58541,0.058574487054420386,0.013016523055382347,0.008156832634594149,4,0.25,103,8296594
58551,0.05857128799030506,0.013015797348191012,0.00815636277302814,4,0.25,103,8297624
58561,0.05856768969333062,0.013014982928931808,0.008155866998969148,4,0.25,103,8298654
58571,0.05856382562237338,0.013014094652488175,0.00815539372549765,4,0.25,103,8299684
58581,0.058559829142751395,0.013013191764912292,0.008154926787028791,4,0.25,103,8300714
58591,0.058556299625312024,0.013012481433098444,0.008154418083808441,4,0.25,103,8301744
58601,0.058552171596337084,0.013011475336318587,0.008153924724352266,4,0.25,103,8302774
58611,0.058547778238402744,0.013010558223838078,0.008153444455219946,4,0.25,103,8303804
58621,0.058545182645644234,0.013009951856773326,0.008152984976843329,4,0.25,103,8304834
58631,0.05854152280314283,0.01300919771808515,0.00815252047039767,4,0.25,103,8305864
58641,0.05853739801647954,0.013008221975910353,0.008152043104613751,4,0.25,103,8306894
58651,0.058533673180377,0.013007423810865065,0.008151589023198855,4,0.25,103,8307924
58661,0.058530813539191956,0.013006758789793927,0.008151125837976881,4,0.25,103,8308954
58671,0.058526890553249555,0.01300591658171831,0.00815065188935056,4,0.25,103,8309984
58681,0.05852270250581308,0.013004956376181051,0.008150141030584682,4,0.25,103,8311014
58691,0.05852011037256939,0.013004380358792665,0.008149694975693697,4,0.25,103,8312044
58701,0.05851678764769001,0.013003641991150353,0.00814921072500476,4,0.25,103,8313074
58711,0.05851273471868414,0.013002726596526673,0.008148721617807674,4,0.25,103,8314104
58721,0.05850881550395989,0.01300194424080788,0.00814824930476366,4,0.25,103,8315134
58731,0.0585061588740842,0.013001235818693061,0.008147758121321345,4,0.25,103,8316164
58741,0.05850270581665745,0.013000542271808274,0.008147272321382437,4,0.25,103,8317194
58751,0.0584977929441494,0.012999421035429101,0.008146795871539011,4,0.25,103,8318224
58761,0.05849480601454379,0.012998786785037778,0.00814632758183393,4,0.25,103,8319254
58771,0.05849181955974252,0.012998137884363244,0.008145828100852402,4,0.25,103,8320284
58781,0.05848790470481562,0.012997179465614805,0.008145334546978893,4,0.25,103,8321314
58791,0.05848372533650539,0.012996339187146494,0.008144864798034142,4,0.25,103,8322344
58801,0.05848113857442735,0.01299572014281061,0.008144378203801345,4,0.25,103,8323374
58811,0.05847802166776719,0.012995101190271908,0.008143903162315258,4,0.25,103,8324404
58821,0.058474109687225655,0.012994128735981008,0.008143410454625117,4,0.25,103,8325434
58831,0.05847046365941764,0.012993392179006729,0.008142924522077568,4,0.25,103,8326464
58841,0.05846748107217982,0.012992655752008631,0.00814243409444369,4,0.25,103,8327494
58851,0.058464697751426944,0.012992066703967105,0.008141979262293925,4,0.25,103,8328524
58861,0.05846158357203819,0.012991359956060829,0.008141505570505444,4,0.25,103,8329554
58871,0.05845780749418691,0.012990565007729217,0.008141021948495765,4,0.25,103,8330584
58881,0.058455025606902716,0.012989799645051689,0.008140519732078532,4,0.25,103,8331614
58891,0.058450323829870574,0.012988931422777305,0.00814006308373368,4,0.25,103,8332644
58901,0.058447476847204825,0.012988284052581919,0.008139599939512528,4,0.25,103,8333674
58911,0.05844390217812001,0.012987504399120175,0.008139124554921393,4,0.25,103,8334704
58921,0.0584409238071367,0.012986813130204182,0.008138647581282087,4,0.25,103,8335734
58931,0.058437879738518723,0.012986121975831254,0.008138173321386163,4,0.25,103,8336764
58941,0.0584345053698895,0.012985430935969506,0.008137704946984865,4,0.25,103,8337794
58951,0.05843073473452618,0.012984519526579273,0.008137215090195537,4,0.25,103,8338824
58961,0.05842795685632028,0.012983961019258161,0.00813677093739375,4,0.25,103,8339854
58971,0.0584242536582467,0.01298310870490243,0.00813627165599548,4,0.25,103,8340884
58981,0.05842154285155402,0.012982521003382208,0.00813582471838276,4,0.25,103,8341914
58991,0.058418501924785766,0.01298180118188784,0.008135360929330862,4,0.25,103,8342944
59001,0.058415395399862534,0.012981140230780314,0.00813490748365047,4,0.25,103,8343974
59011,0.05841248762985429,0.012980494068771567,0.008134430601892548,4,0.25,103,8345004
59021,0.058409382100533445,0.012979789278961203,0.008133964958660096,4,0.25,103,8346034
59031,0.05840568256643834,0.012978908459222898,0.008133477561977475,4,0.25,103,8347064
59041,0.05840284234787788,0.012978350702969217,0.008133007110098506,4,0.25,103,8348094
59051,0.05839921013688968,0.012977514208497277,0.008132504278014627,4,0.25,103,8349124
59061,0.05839650294621916,0.012976897951551703,0.008132036804065818,4,0.25,103,8350154
59071,0.058393334048699785,0.012976237777349586,0.008131565247223789,4,0.25,103,8351184
59081,0.058390033683042124,0.012975504373084066,0.008131096529577954,4,0.25,103,8352214
59091,0.05838574407581759,0.012974551140452205,0.008130605981386315,4,0.25,103,8353244
59101,0.05838218114817666,0.012973759389897588,0.008130142011741065,4,0.25,103,8354274
59111,0.058378618897395304,0.012972953131908879,0.008129669650736297,4,0.25,103,8355304
59121,0.0583747935298623,0.012972132374944786,0.008129179515491507,4,0.25,103,8356334
59131,0.05837208986153407,0.012971502260567945,0.008128706776965953,4,0.25,103,8357364
59141,0.05836872730595495,0.012970769689246738,0.008128241653364064,4,0.25,103,8358394
59151,0.05836609042941858,0.012970169076873136,0.008127756491141686,4,0.25,103,8359424
59161,0.05836292666709655,0.012969451385410639,0.00812728582933383,4,0.25,103,8360454
59171,0.05835917039274595,0.012968645960624236,0.008126803648870598,4,0.25,103,8361484
59181,0.058355151353864695,0.012967767492988192,0.008126314497902805,4,0.25,103,8362514
59191,0.05835225290991538,0.012967108763830311,0.00812584731358493,4,0.25,103,8363544
59201,0.05834856462942999,0.01296627452310391,0.008125372796259387,4,0.25,103,8364574
59211,0.05834415281882685,0.012965294137971992,0.008124877847860201,4,0.25,103,8365604
59221,0.05834053195938536,0.012964445632711687,0.008124383636028612,4,0.25,103,8366634
59231,0.058336845984872585,0.012963685050827333,0.008123916205756544,4,0.25,103,8367664
59241,0.05833348974600192,0.012962909985309575,0.008123441794623173,4,0.25,103,8368694
59251,0.058329344633757704,0.012962018107330777,0.008122977205091026,4,0.25,103,8369724
59261,0.05832605551479013,0.012961272585478308,0.00812247927028235,4,0.25,103,8370754
59271,0.058322372387010456,0.012960454127006282,0.008122002938905883,4,0.25,103,8371784
59281,0.058318624232632774,0.012959591996594823,0.00812150603737849,4,0.25,103,8372814
59291,0.05831513977942068,0.012958832300858217,0.008121035726462961,4,0.25,103,8373844
59301,0.05831119589756478,0.012957912085979854,0.008120531318337903,4,0.25,103,8374874
59311,0.058307449978897204,0.01295716729911923,0.008120043600565098,4,0.25,103,8375904
59321,0.058304164702109876,0.012956422645525168,0.008119569843960974,4,0.25,103,8376934
59331,0.05830107706736018,0.012955707319525422,0.008119109352538761,4,0.25,103,8377964
59341,0.05829667642548828,0.012954816983441841,0.00811863070690776,4,0.25,103,8378994
59351,0.05829385267773829,0.012954116525025173,0.008118178448758449,4,0.25,103,8380024
59361,0.05829043848181848,0.012953387006215938,0.008117711546245507,4,0.25,103,8381054
59371,0.058286565436438204,0.01295252633851833,0.008117216627247882,4,0.25,103,8382084
59381,0.058283611957311535,0.012951826265622003,0.00811675209066733,4,0.25,103,8383114
59391,0.058280987033665924,0.012951272124787722,0.008116287203624619,4,0.25,103,8384144
59401,0.05827777200375453,0.01295052852545965,0.00811581107041675,4,0.25,103,8385174
59411,0.058274688718336104,0.012949843365330537,0.008115341476851473,4,0.25,103,8386204
59421,0.05827127801556722,0.012949056299383623,0.0081148733593931,4,0.25,103,8387234
59431,0.05826773678966995,0.012948298524774327,0.008114408389156794,4,0.25,103,8388264
59441,0.05826465515689026,0.012947599163048879,0.008113933589278182,4,0.25,103,8389294
59451,0.05826157403148511,0.012947016451441135,0.008113486091754805,4,0.25,103,8390324
59461,0.05825790356555988,0.012946127973421612,0.008112987056425235,4,0.25,103,8391354
59471,0.05825528224492681,0.01294557459126281,0.00811251557143427,4,0.25,103,8392384
59481,0.05825233369811364,0.012944817450796979,0.008112045189358269,4,0.25,103,8393414
59491,0.05824814100953884,0.01294397311059944,0.008111573195557267,4,0.25,103,8394444
59501,0.058244473177646534,0.012943172601543278,0.00811109227556612,4,0.25,103,8395474
59511,0.05824100249899666,0.012942430449040622,0.00811062776292228,4,0.25,103,8396504
59521,0.058238579954018356,0.012941833912697197,0.008110170369616086,4,0.25,103,8397534
59531,0.05823439034651474,0.012940873814471605,0.00810967206343754,4,0.25,103,8398564
59541,0.058230332558964204,0.012939986648125132,0.00810920728791513,4,0.25,103,8399594
59551,0.058227060790803406,0.012939259603796547,0.008108734615361426,4,0.25,103,8400624
59561,0.058224182108215304,0.012938663522341737,0.008108279762443136,4,0.25,103,8401654
59571,0.058220976824039414,0.012937922174469844,0.008107815014907602,4,0.25,103,8402684
59581,0.05821770669214462,0.012937210023621528,0.008107357612829335,4,0.25,103,8403714
59591,0.058213717905543215,0.012936309109677994,0.008106888185289223,4,0.25,103,8404744
59601,0.058209860708207356,0.012935451969700057,0.008106407955155588,4,0.25,103,8405774
59611,0.058207507554921024,0.01293495810492944,0.008105952587071592,4,0.25,103,8406804
59621,0.058204501178903766,0.012934231939840302,0.008105460721776422,4,0.25,103,8407834
59631,0.058200711219863074,0.012933389747327242,0.008104987768751782,4,0.25,103,8408864
59641,0.058197052678023636,0.012932547725526098,0.008104503178296057,4,0.25,103,8409894
59651,0.05819443987219173,0.012932025177142576,0.00810406417747324,4,0.25,103,8410924
59661,0.058191500902137205,0.012931314036350684,0.008103596702150436,4,0.25,103,8411954
59671,0.05818777887004012,0.012930559489474852,0.0081030994617687,4,0.25,103,8412984
59681,0.05818451453979125,0.012929819586249834,0.00810262117545202,4,0.25,103,8414014
59691,0.0581811855102463,0.012929108822988039,0.008102150599076817,4,0.25,103,8415044
59701,0.05817746553184713,0.012928209664194107,0.008101684198187664,4,0.25,103,8416074
59711,0.05817413775774573,0.012927455681113387,0.008101214389549326,4,0.25,103,8417104
59721,0.05817113674428891,0.012926861290972267,0.008100741015494647,4,0.25,103,8418134
59731,0.058167614430399174,0.012926064071958187,0.008100262009628231,4,0.25,103,8419164
59741,0.058163440695903956,0.012925180062605504,0.008099765741958724,4,0.25,103,8420194
59751,0.05816070218931322,0.012924499069016781,0.008099295567811636,4,0.25,103,8421224
59761,0.058158029272436615,0.012923934074028356,0.008098821075911089,4,0.25,103,8422254
59771,0.05815483531242179,0.01292322431752004,0.008098359955029612,4,0.25,103,8423284
59781,0.058152163234880434,0.012922645014411956,0.008097912154851832,4,0.25,103,8424314
59791,0.05814844903040965,0.012921834125871752,0.008097431887346102,4,0.25,103,8425344
59801,0.05814623389167069,0.012921341877970194,0.008096974411216339,4,0.25,103,8426374
59811,0.0581430419479475,0.012920603615572752,0.008096519181947481,4,0.25,103,8427404
59821,0.05813965517569138,0.012919735239687213,0.008096034841633619,4,0.25,103,8428434
59831,0.05813685503945535,0.012919257710395954,0.008095562728587302,4,0.25,103,8429464
59841,0.05813288347338192,0.012918331749592588,0.00809507817563425,4,0.25,103,8430494
59851,0.05812904292610446,0.01291743492207744,0.008094592298864778,4,0.25,103,8431524
59861,0.05812520316867388,0.01291662505091169,0.00809412856055993,4,0.25,103,8432554
59871,0.05812175456827099,0.012915873169220595,0.008093646967362707,4,0.25,103,8433584
59881,0.058118436705084986,0.012915179245515263,0.008093196962253522,4,0.25,103,8434614
59891,0.05811492431612675,0.012914340909218069,0.008092717184265104,4,0.25,103,8435644
59901,0.058111997830120075,0.012913705042962164,0.008092235926480167,4,0.25,103,8436674
59911,0.05810855166828714,0.01291296813812212,0.008091759123042915,4,0.25,103,8437704
59921,0.058105236150935345,0.01291217358353173,0.008091284818196251,4,0.25,103,8438734
59931,0.05810185622978182,0.012911494721119632,0.008090829991482078,4,0.25,103,8439764
59941,0.05809867186418009,0.012910671568979475,0.008090370750653622,4,0.25,103,8440794
59951,0.05809496828574329,0.012909920765668334,0.008089907080707288,4,0.25,103,8441824
59961,0.058092239803509756,0.01290924227193019,0.00808945372704344,4,0.25,103,8442854
59971,0.0580887972881114,0.01290849172735713,0.008088981556775409,4,0.25,103,8443884
59981,0.058084900867274435,0.012907683600503855,0.008088543365709955,4,0.25,103,8444914
59991,0.05808113510051516,0.012906904484481693,0.00808807724948439,4,0.25,103,8445944
60001,0.05807717537270926,0.01290589473715253,0.008087596189354241,4,0.25,103,8446974
60011,0.05807399521641738,0.012905231322807175,0.008087140872259457,4,0.25,103,8448004
60021,0.0580693233171585,0.012904250817796092,0.0080866579674093,4,0.25,103,8449034
60031,0.058066468843592185,0.012903573251342977,0.008086176469632856,4,0.25,103,8450064
60041,0.05806296622303212,0.01290280931990807,0.008085690982081563,4,0.25,103,8451094
60051,0.058059010350193944,0.012901959071270864,0.00808521732433168,4,0.25,103,8452124
60061,0.058055898122082776,0.012901253065152248,0.008084762722450765,4,0.25,103,8453154
60071,0.058053240171842185,0.01290069122787201,0.008084330145495913,4,0.25,103,8454184
60081,0.05805045297248849,0.012899999840398172,0.008083866786055629,4,0.25,103,8455214
60091,0.058046629353613745,0.012899193367465952,0.008083399070681537,4,0.25,103,8456244
60101,0.05804384314226481,0.01289854542259784,0.008082945528896986,4,0.25,103,8457274
60111,0.058040539105732855,0.012897825602688802,0.008082489045801982,4,0.25,103,8458304
60121,0.058037948114223706,0.012897278623194931,0.008082047656387824,4,0.25,103,8459334
60131,0.05803483939970739,0.0128965590233537,0.00808158085989596,4,0.25,103,8460364
60141,0.058032313950857076,0.012895997822246185,0.008081143797046879,4,0.25,103,8461394
60151,0.05802914143596791,0.012895335990451928,0.00808070105727015,4,0.25,103,8462424
60161,0.05802577527597778,0.012894501657592676,0.008080207602962937,4,0.25,103,8463454
60171,0.058021568430776244,0.012893581209454063,0.008079722453175312,4,0.25,103,8464484
60181,0.05801826834003926,0.012892891007579316,0.008079263180863884,4,0.25,103,8465514
60191,0.058015033524204666,0.012892157794112043,0.008078784633501911,4,0.25,103,8466544
60201,0.05801141119702716,0.012891367219181249,0.00807830884669209,4,0.25,103,8467574
60211,0.058008824251545486,0.012890648645661418,0.008077838881993621,4,0.25,103,8468604
60221,0.058004621231064105,0.012889800889279966,0.008077385643064296,4,0.25,103,8469634
60231,0.05800190593740356,0.012889269333999778,0.008076934555423939,4,0.25,103,8470664
60241,0.05799951422083253,0.012888637303034365,0.008076477808737348,4,0.25,103,8471694
60251,0.05799647653707743,0.012888062813152605,0.008076015653358188,4,0.25,103,8472724
60261,0.057994085517441486,0.012887574559431441,0.008075566188185182,4,0.25,103,8473754
60271,0.05799085489736105,0.01288679921599089,0.00807508511656394,4,0.25,103,8474784
60281,0.057987108079921454,0.012885894832169656,0.008074604800177862,4,0.25,103,8475814
60291,0.05798362034112323,0.01288517720786248,0.00807414618723368,4,0.25,103,8476844
60301,0.057980197825087725,0.01288441666192933,0.008073687261843389,4,0.25,103,8477874
60311,0.05797742152889074,0.012883785371472911,0.008073245545832256,4,0.25,103,8478904
60321,0.05797412924896714,0.012883053768929566,0.008072782518548,4,0.25,103,8479934
60331,0.0579701276532555,0.012882178884754177,0.008072293736388014,4,0.25,103,8480964
60341,0.05796703023419305,0.012881476242897465,0.008071842064912871,4,0.25,103,8481994
60351,0.05796335271820814,0.012880702041079089,0.008071421733618777,4,0.25,103,8483024
60361,0.05796032092680688,0.012880013983289654,0.008070970276176192,4,0.25,103,8484054
60371,0.05795677371265188,0.012879225724401155,0.00807050676242855,4,0.25,103,8485084
60381,0.057953485081580935,0.012878451943597257,0.008070036687766858,4,0.25,103,8486114
60391,0.057950583830703714,0.01287782156253736,0.00806956583612208,4,0.25,103,8487144
60401,0.057945620516781246,0.012876732948761791,0.008069041727623837,4,0.25,103,8488174
60411,0.057942656051571534,0.012876016911718989,0.008068578745060938,4,0.25,103,8489204
60421,0.05793840351307182,0.012875143514376585,0.008068098349469258,4,0.25,103,8490234
60431,0.05793498929915488,0.012874356183075713,0.008067654535128057,4,0.25,103,8491264
60441,0.05793080291073305,0.012873468825676164,0.008067211381170452,4,0.25,103,8492294
60451,0.05792784080489225,0.012872824895195164,0.008066742415574079,4,0.25,103,8493324
60461,0.05792500792745478,0.012872181064983714,0.008066290592449144,4,0.25,103,8494354
60471,0.05792082378399603,0.012871236961995236,0.008065807963698017,4,0.25,103,8495384
60481,0.057917155386319495,0.012870450374165971,0.008065338808698173,4,0.25,103,8496414
60491,0.05791425979378991,0.012869778317688665,0.008064867055609583,4,0.25,103,8497444
60501,0.057911042997309786,0.012869063483916001,0.008064413975452498,4,0.25,103,8498474
60511,0.0579078267570447,0.012868291602268498,0.008063928132424524,4,0.25,103,8499504
60521,0.057904482457028235,0.012867591315868293,0.00806346849701456,4,0.25,103,8500534
60531,0.05790113875825754,0.012866848284542029,0.008062987817648068,4,0.25,103,8501564
60541,0.0578985028041799,0.012866305384580211,0.008062523244614725,4,0.25,103,8502594
60551,0.05789561011387047,0.012865562584400247,0.00806206934186709,4,0.25,103,8503624
60561,0.057891882421094755,0.012864762795038238,0.00806160987550115,4,0.25,103,8504654
60571,0.057888476734461576,0.012864077384488413,0.008061161304070334,4,0.25,103,8505684
60581,0.05788545711904187,0.012863277882522997,0.008060698895750546,4,0.25,103,8506714
60591,0.05788166723207434,0.012862507080692127,0.008060244485909774,4,0.25,103,8507744
60601,0.05787839185051416,0.012861736422645036,0.008059780165898006,4,0.25,103,8508774
60611,0.057874410791163726,0.012860894571688375,0.008059301503563501,4,0.25,103,8509804
60621,0.05787030220463969,0.0128600528922623,0.008058819212440834,4,0.25,103,8510834
60631,0.05786773479915397,0.012859411048648059,0.008058364794698295,4,0.25,103,8511864
60641,0.057863435189310114,0.012858441340827668,0.008057908524712007,4,0.25,103,8512894
60651,0.05785984224852867,0.01285764292883718,0.008057463777402765,4,0.25,103,8513924
60661,0.05785644242640554,0.012856915937905347,0.008056999572634112,4,0.25,103,8514954
60671,0.05785310735626795,0.012856117820744178,0.008056556686540371,4,0.25,103,8515984
60681,0.057849580529480284,0.012855376850051788,0.008056110950944342,4,0.25,103,8517014
60691,0.05784650311850272,0.012854721486798632,0.008055649191020005,4,0.25,103,8518044
60701,0.05784419539471961,0.012854208666368598,0.008055209913564548,4,0.25,103,8519074
60711,0.05784105478676171,0.012853468038181732,0.008054758589614477,4,0.25,103,8520104
60721,0.05783682541910712,0.012852585155110877,0.008054280349918418,4,0.25,103,8521134
60731,0.05783400637550982,0.012851915998581683,0.008053830229905787,4,0.25,103,8522164
60741,0.05783118775965652,0.012851289652463236,0.008053364709340973,4,0.25,103,8523194
60751,0.057828241482132704,0.012850663401371474,0.008052930133518635,4,0.25,103,8524224
60761,0.057825167603769836,0.012849951867720309,0.008052493062287214,4,0.25,103,8525254
60771,0.057821838142862764,0.012849212002822581,0.00805204710683672,4,0.25,103,8526284
60781,0.05781806120796454,0.012848358477336355,0.008051573447180441,4,0.25,103,8527314
60791,0.05781511701188041,0.012847718449047777,0.008051119050245036,4,0.25,103,8528344
60801,0.05781159739004042,0.012846964765236423,0.008050633713794714,4,0.25,103,8529374
60811,0.05780897410588681,0.012846339170031385,0.0080501962607334,4,0.25,103,8530404
60821,0.05780667103997091,0.012845884251267838,0.00804977979650578,4,0.25,103,8531434
60831,0.05780404845168133,0.012845258819854157,0.00804932613461659,4,0.25,103,8532464
60841,0.0577996356636474,0.012844320850464178,0.008048850893450447,4,0.25,103,8533494
60851,0.05779720588036379,0.012843766696044673,0.008048430089513055,4,0.25,103,8534524
60861,0.05779413713492654,0.012843042144873744,0.008047983899912096,4,0.25,103,8535554
60871,0.05779132456385581,0.012842402940684334,0.00804754020884241,4,0.25,103,8536584
60881,0.05778748992632968,0.01284159342421302,0.00804710425080056,4,0.25,103,8537614
60891,0.05778397553773216,0.012840826660397804,0.008046620735507581,4,0.25,103,8538644
60901,0.05778078121636611,0.012840017453209123,0.008046159644704962,4,0.25,103,8539674
60911,0.0577779067971359,0.01283949226333684,0.00804571598461395,4,0.25,103,8540704
60921,0.05777503282304797,0.012838853609022195,0.008045264715438382,4,0.25,103,8541734
60931,0.05777177619039629,0.012838101542988058,0.008044796245493984,4,0.25,103,8542764
60941,0.05776788175280813,0.012837278684481711,0.008044351100015541,4,0.25,103,8543794
60951,0.057765583779680524,0.012836668740192337,0.008043888234940058,4,0.25,103,8544824
60961,0.05776232880486991,0.012835945434849737,0.008043429089850073,4,0.25,103,8545854
60971,0.05775824493838717,0.012835123006489185,0.008042955619125911,4,0.25,103,8546884
60981,0.057754736083733264,0.012834272391146423,0.008042503652003296,4,0.25,103,8547914
60991,0.05775180191488359,0.012833648718093702,0.008042033252842494,4,0.25,103,8548944
61001,0.057747975435492024,0.012832869259449493,0.008041564113168158,4,0.25,103,8549974
61011,0.057744404766785565,0.012832061612359032,0.008041113788447816,4,0.25,103,8551004
61021,0.05774166346980273,0.012831409942363089,0.008040651596743739,4,0.25,103,8552034
61031,0.05773809401595408,0.012830645069910777,0.008040179224856284,4,0.25,103,8553064
61041,0.057734525248990205,0.012829852018761282,0.008039706669522488,4,0.25,103,8554094
61051,0.05773089345920845,0.012828988333105092,0.00803927455687705,4,0.25,103,8555124
61061,0.057727899360504466,0.012828379614274415,0.008038817208640584,4,0.25,103,8556154
61071,0.05772445992894742,0.012827629456632296,0.00803835387979291,4,0.25,103,8557184
61081,0.05772197629178093,0.012827020938507416,0.008037925888270094,4,0.25,103,8558214
61091,0.057717710307101114,0.012826115403515663,0.008037463089937049,4,0.25,103,8559244
61101,0.05771510026322921,0.012825535399741421,0.008037007992172534,4,0.25,103,8560274
61111,0.057712426940728305,0.012824927190820215,0.008036565303739017,4,0.25,103,8561304
61121,0.05770892674415912,0.012824121098780939,0.008036110754680345,4,0.25,103,8562334
61131,0.05770555445268281,0.012823315164459963,0.008035665043626527,4,0.25,103,8563364
61141,0.057702373607979945,0.012822650740729072,0.008035209657587009,4,0.25,103,8564394
61151,0.05769874811078945,0.012821859226835555,0.008034752814635065,4,0.25,103,8565424
61161,0.05769575919915695,0.012821195037925621,0.008034301702217687,4,0.25,103,8566454
61171,0.057693025085189906,0.012820643983758992,0.008033887760156342,4,0.25,103,8567484
61181,0.05768997352740572,0.012819923485711343,0.008033442629323595,4,0.25,103,8568514
61191,0.057687049589350954,0.012819245485044803,0.008032995197699974,4,0.25,103,8569544
61201,0.05768355418200252,0.01281849698897646,0.008032536220989834,4,0.25,103,8570574
61211,0.05767999589918676,0.012817706273020918,0.00803207148618762,4,0.25,103,8571604
61221,0.057675993647737546,0.012816802783560653,0.008031595392497029,4,0.25,103,8572634
61231,0.0576727543630645,0.012816139409740942,0.008031138752510748,4,0.25,103,8573664
61241,0.05766888066831489,0.012815236264059983,0.00803067402009039,4,0.25,103,8574694
61251,0.05766564262714645,0.0128145731426225,0.008030207567049374,4,0.25,103,8575724
61261,0.05766132611929555,0.012813557504158515,0.008029715122551337,4,0.25,103,8576754
61271,0.05765796247976973,0.01281278183803568,0.008029263815480662,4,0.25,103,8577784
61281,0.05765485324323414,0.012812119111899865,0.008028800278274004,4,0.25,103,8578814
61291,0.05765079298563856,0.012811216847889625,0.008028317741068833,4,0.25,103,8579844
61301,0.05764781180082608,0.012810512091758028,0.008027873349636403,4,0.25,103,8580874
61311,0.05764476768187056,0.012809920189875782,0.008027396807686521,4,0.25,103,8581904
61321,0.057641850870763824,0.012809243834828902,0.008026932562425051,4,0.25,103,8582934
61331,0.05763887112525453,0.012808567590949515,0.008026467684945833,4,0.25,103,8583964
61341,0.05763570170961581,0.0128078492035999,0.008025993724166488,4,0.25,103,8584994
61351,0.057632596208643444,0.012807173188906533,0.00802553170740704,4,0.25,103,8586024
61361,0.05762885762314142,0.012806314247167185,0.008025064817419934,4,0.25,103,8587054
61371,0.05762543652860541,0.012805568099115318,0.00802459574811788,4,0.25,103,8588084
61381,0.05762296613129574,0.012804934683417275,0.008024140473468947,4,0.25,103,8589114
61391,0.05761922949019177,0.012804245075024619,0.00802368923756323,4,0.25,103,8590144
61401,0.05761619006744385,0.01280352744213614,0.008023230809816019,4,0.25,103,8591174
61411,0.05761334106190568,0.012802908408487615,0.008022770038334738,4,0.25,103,8592204
61421,0.057609986128912084,0.012802134747444722,0.008022283192979195,4,0.25,103,8593234
61431,0.057607581079598784,0.012801600303009806,0.00802183595483688,4,0.25,103,8594264
61441,0.05760448029316329,0.012800967498108603,0.008021378689389583,4,0.25,103,8595294
61451,0.05760100043747157,0.012800123909709794,0.008020922851935038,4,0.25,103,8596324
61461,0.05759752123616383,0.012799364828113108,0.00802045734402158,4,0.25,103,8597354
61471,0.057594232411103126,0.012798591833495727,0.008019991023623583,4,0.25,103,8598384
61481,0.057590628024458634,0.012797847085265279,0.008019524502496858,4,0.25,103,8599414
61491,0.057588099049611666,0.012797200809364511,0.008019057795910865,4,0.25,103,8600444
61501,0.05758329494978196,0.012796203495973423,0.008018585638546861,4,0.25,103,8601474
61511,0.05757937673968762,0.012795346842482206,0.008018119946091104,4,0.25,103,8602504
61521,0.05757634385670478,0.012794644800627222,0.008017682166538006,4,0.25,103,8603534
61531,0.057572869289649324,0.012793872693078037,0.00801721645762585,4,0.25,103,8604564
61541,0.05756851121039645,0.012792918287893055,0.008016733376440746,4,0.25,103,8605594
61551,0.0575653538236468,0.012792230692138435,0.00801627972316144,4,0.25,103,8606624
61561,0.05756207071326489,0.012791473066803422,0.008015832250695607,4,0.25,103,8607654
61571,0.05755796764494007,0.012790575321349846,0.008015378875261499,4,0.25,103,8608684
61581,0.05755474895181881,0.012789874094184637,0.008014912228213218,4,0.25,103,8609714
61591,0.05755134153451515,0.012789032779552182,0.008014455600706625,4,0.25,103,8610744
61601,0.057548250162258376,0.012788457980302969,0.008014000169912916,4,0.25,103,8611774
61611,0.05754452858360829,0.012787560893435218,0.008013541070375989,4,0.25,103,8612804
61621,0.057541816718613914,0.012787014327184409,0.00801309492547729,4,0.25,103,8613834
61631,0.057538285583881355,0.012786243652219373,0.00801264366894851,4,0.25,103,8614864
61641,0.05753532247359407,0.012785543164086541,0.008012210888841163,4,0.25,103,8615894
61651,0.05753261195900766,0.01278492683334935,0.00801175425912143,4,0.25,103,8616924
61661,0.05752908258244706,0.012784198561716609,0.008011308315271715,4,0.25,103,8617954
61671,0.05752599493083573,0.012783498422315477,0.008010856199374672,4,0.25,103,8618984
61681,0.05752347478135808,0.012782910397462594,0.008010423979412547,4,0.25,103,8620014
61691,0.057520010136992476,0.01278214049224219,0.008009978157584663,4,0.25,103,8621044
61701,0.0575173018674992,0.012781538666886989,0.008009540323777655,4,0.25,103,8622074
61711,0.057515097755148625,0.012781104847514164,0.008009132279147027,4,0.25,103,8623104
61721,0.05751226428276223,0.012780461200012153,0.008008693928326151,4,0.25,103,8624134
61731,0.05750905353936233,0.01277973371998899,0.00800822890425968,4,0.25,103,8625164
61741,0.057505591598286436,0.012778936438052587,0.008007755514673472,4,0.25,104,8626204
61751,0.057501941526834174,0.012778153294301141,0.00800730883148849,4,0.25,104,8627244
61761,0.05749898423932183,0.012777510109414471,0.00800686055850671,4,0.25,104,8628284
61771,0.05749533547330661,0.012776643367498388,0.008006409950484105,4,0.25,104,8629324
61781,0.057491938994246566,0.012775902588053844,0.008005948040859199,4,0.25,104,8630364
61791,0.05748791434635376,0.01277505015833436,0.008005480537896617,4,0.25,104,8631404
61801,0.05748552512663876,0.012774477313262018,0.008005050071438672,4,0.25,104,8632444
61811,0.057482696187266126,0.012773792798428716,0.008004602908821967,4,0.25,104,8633484
61821,0.0574793020320612,0.01277306649940358,0.00800413911449722,4,0.25,104,8634524
61831,0.057476034175943394,0.012772424111271186,0.00800367928736415,4,0.25,104,8635564
61841,0.05747289255199933,0.012771712015902876,0.00800320760048527,4,0.25,104,8636604
61851,0.05746993991289828,0.012771069839812554,0.008002766221490565,4,0.25,104,8637644
61861,0.05746730178386661,0.012770427764237166,0.00800230071466266,4,0.25,104,8638684
61871,0.05746409884827941,0.0127697439246997,0.008001848944127353,4,0.25,104,8639724
61881,0.05746121040264122,0.012769074151596754,0.008001415183723846,4,0.25,104,8640764
61891,0.05745838518663228,0.012768446338630713,0.00800095833457036,4,0.25,104,8641804
61901,0.05745549763498001,0.012767720985540557,0.008000495746779851,4,0.25,104,8642844
61911,0.05745267329329513,0.012767232839339983,0.008000057888047305,4,0.25,104,8643884
61921,0.05745041413112941,0.01276673080671762,0.007999618821765463,4,0.25,104,8644924
61931,0.05744759056730665,0.012766033641132475,0.007999173118391765,4,0.25,104,8645964
61941,0.05744326194176086,0.012765099625044013,0.007998704131025677,4,0.25,104,8647004
61951,0.05743949874481701,0.012764277309402133,0.007998243498900015,4,0.25,104,8648044
61961,0.057436488739814606,0.012763594494637029,0.007997792433010124,4,0.25,104,8649084
61971,0.0574326642336003,0.012762730687885877,0.007997328433298813,4,0.25,104,8650124
61981,0.0574290285530562,0.012761922775348055,0.007996839171338659,4,0.25,104,8651164
61991,0.05742551892060359,0.012761073245994457,0.007996376028851532,4,0.25,104,8652204
62001,0.05742169668783719,0.012760307427819886,0.007995892654781699,4,0.25,104,8653244
62011,0.05741831373277901,0.012759486072824245,0.00799544361847496,4,0.25,104,8654284
62021,0.05741549507749569,0.012758915397630587,0.00799501332895793,4,0.25,104,8655324
62031,0.05741236374346333,0.012758261306739597,0.007994582103312445,4,0.25,104,8656364
62041,0.0574092955518832,0.012757579493333834,0.007994132807672045,4,0.25,104,8657404
62051,0.05740578967221364,0.012756772595478943,0.007993672296939496,4,0.25,104,8658444
62061,0.057402722574211903,0.01275609102971385,0.007993213779233512,4,0.25,104,8659484
62071,0.057399781143191546,0.0127554791080717,0.00799277152798074,4,0.25,104,8660524
62081,0.05739658990840334,0.012754756045757999,0.007992312203432283,4,0.25,104,8661564
62091,0.05739352434031149,0.012754033111034643,0.007991870584150426,4,0.25,104,8662604
62101,0.05739033418830418,0.012753324202799067,0.007991437243197513,4,0.25,104,8663644
62111,0.0573873947330406,0.012752643210424184,0.007990985832411479,4,0.25,104,8664684
62121,0.05738451827319324,0.012751976225606422,0.007990551849115039,4,0.25,104,8665724
62131,0.05738107961683828,0.012751295457280635,0.007990108638148707,4,0.25,104,8666764
62141,0.05737832915358636,0.012750725921739554,0.00798967976160092,4,0.25,104,8667804
62151,0.057375579100740294,0.012750031473370161,0.007989218839576385,4,0.25,104,8668844
62161,0.05737295443304941,0.012749517657377155,0.00798880356838667,4,0.25,104,8669884
62171,0.05736995527049257,0.012748851181328489,0.007988334258248206,4,0.25,104,8670924
62181,0.05736758127959658,0.012748281985586906,0.007987895500550426,4,0.25,104,8671964
62191,0.05736470791029409,0.012747643469897926,0.007987440866712634,4,0.25,104,8673004
62201,0.05736133539623567,0.012746852403782033,0.00798697713615902,4,0.25,104,8674044
62211,0.0573583381241069,0.012746172486636065,0.00798652290059425,4,0.25,104,8675084
62221,0.05735440494427779,0.012745340088780657,0.00798605844847492,4,0.25,104,8676124
62231,0.05735115914260477,0.012744646553164199,0.007985614197485525,4,0.25,104,8677164
62241,0.0573486627611859,0.012744022471552477,0.007985174084061283,4,0.25,104,8678204
62251,0.05734535557682237,0.012743315294061102,0.007984714300255111,4,0.25,104,8679244
62261,0.0573422985194465,0.012742691415366783,0.007984282600832244,4,0.25,104,8680284
62271,0.057339491464658866,0.012742053770973464,0.00798384893912508,4,0.25,104,8681324
62281,0.057335874113881996,0.012741208352246512,0.007983391876049914,4,0.25,104,8682364
62291,0.057332319823324145,0.012740404673426077,0.007982945361049472,4,0.25,104,8683404
62301,0.05732832985830731,0.012739573447599115,0.007982457834861022,4,0.25,104,8684444
62311,0.05732496399765324,0.012738825488692262,0.00798199072229653,4,0.25,104,8685484
62321,0.057321910323119014,0.012738091513799994,0.007981536614505591,4,0.25,104,8686524
62331,0.05731848333241675,0.012737371515430071,0.007981065958455021,4,0.25,104,8687564
62341,0.05731530614728648,0.012736610116548978,0.007980614967096488,4,0.25,104,8688604
62351,0.057312565486907774,0.012736056460898515,0.007980182959134932,4,0.25,104,8689644
62361,0.05730945159529702,0.012735392173010942,0.007979743458147481,4,0.25,104,8690684
62371,0.05730708538990234,0.012734741828962936,0.00797931132957986,4,0.25,104,8691724
62381,0.05730303863829807,0.012733884086435764,0.007978870711175031,4,0.25,104,8692764
62391,0.057299490680472756,0.012733137166891145,0.007978419961420218,4,0.25,104,8693804
62401,0.057296565685780614,0.01273250100966403,0.007977981927305894,4,0.25,104,8694844
62411,0.05729382781412281,0.01273189260402541,0.007977557429042586,4,0.25,104,8695884
62421,0.05729034383918524,0.012731159871934903,0.007977124530920159,4,0.25,104,8696924
62431,0.05728773129077374,0.012730551665773982,0.007976697333370295,4,0.25,104,8697964
62441,0.05728443503276448,0.012729819173897254,0.007976214611367775,4,0.25,104,8699004
62451,0.05728145025196876,0.012729142081143518,0.007975769012627042,4,0.25,104,8700044
62461,0.057278092952240074,0.01272839602714229,0.007975312148089473,4,0.25,104,8701084
62471,0.057274798420345,0.012727594861490391,0.007974854208215238,4,0.25,104,8702124
62481,0.057270883045959536,0.01272678004369304,0.007974390674491837,4,0.25,104,8703164
62491,0.057268024727452155,0.012726089647250968,0.00797396015924861,4,0.25,104,8704204
62501,0.057264607755600896,0.012725413171847937,0.007973526730556757,4,0.25,104,8705244
62511,0.0572611914183885,0.012724653996055811,0.007973064322948746,4,0.25,104,8706284
62521,0.057257589422799515,0.012723867362637566,0.007972604149946095,4,0.25,104,8707324
62531,0.05725535405616486,0.012723301632204228,0.007972141205166944,4,0.25,104,8708364
62541,0.05725212567284579,0.012722598028013598,0.00797167111111938,4,0.25,104,8709404
62551,0.057248711653266414,0.01272189454494319,0.007971239102503178,4,0.25,104,8710444
62561,0.05724554649228535,0.012721149812493624,0.00797075632311738,4,0.25,104,8711484
62571,0.057242816202885065,0.012720556881861548,0.007970325235148524,4,0.25,104,8712524
62581,0.05724014835716395,0.012719977823366087,0.007969898934703163,4,0.25,104,8713564
62591,0.0572365504806958,0.0127191093894706,0.007969445127571246,4,0.25,104,8714604
62601,0.05723307733689659,0.012718365164456295,0.007969000523488862,4,0.25,104,8715644
62611,0.05723016288328598,0.012717676188084842,0.007968550612728682,4,0.25,104,8716684
62621,0.057226752939090283,0.01271694599997744,0.007968103987919578,4,0.25,104,8717724
62631,0.05722334362734205,0.012716188395583595,0.007967637323688602,4,0.25,104,8718764
62641,0.05721931525584784,0.01271533453726326,0.007967169229078367,4,0.25,104,8719804
62651,0.057215535587067504,0.01271452216039341,0.0079666993765189,4,0.25,104,8720844
62661,0.05721231418797568,0.012713765005425428,0.007966254034687405,4,0.25,104,8721884
62671,0.057208907553320164,0.01271295294067664,0.007965808169780882,4,0.25,104,8722924
62681,0.05720500618401717,0.012712209836488476,0.007965368701899882,4,0.25,104,8723964
62691,0.05720234382020183,0.012711576928458248,0.007964932215763996,4,0.25,104,8725004
62701,0.057199805646485094,0.01271099914157576,0.007964479278514156,4,0.25,104,8726044
62711,0.057196710787148046,0.012710366421173009,0.00796403860175821,4,0.25,104,8727084
62721,0.05719392585941778,0.01270972004723966,0.007963589621791979,4,0.25,104,8728124
62731,0.05718934711822538,0.012708702559478048,0.007963125962703496,4,0.25,104,8729164
62741,0.05718643959132037,0.012707987719767574,0.007962688558356107,4,0.25,104,8730204
62751,0.05718347067707366,0.012707369209504008,0.007962250145750902,4,0.25,104,8731244
62761,0.05717920370340271,0.012706448490065131,0.007961766117399042,4,0.25,104,8732284
62771,0.0571752468166872,0.012705541715736058,0.007961299196382048,4,0.25,104,8733324
62781,0.05717252695151344,0.012704964782406352,0.007960858519394721,4,0.25,104,8734364
62791,0.05716943668452108,0.01270426433013901,0.007960385774179629,4,0.25,104,8735404
62801,0.057166964845299234,0.012703646383850296,0.007959952002342665,4,0.25,104,8736444
62811,0.05716307237313579,0.012702850057756069,0.007959496046852619,4,0.25,104,8737484
62821,0.057160663160961966,0.01270228723133151,0.007959071814273824,4,0.25,104,8738524
62831,0.05715776017140416,0.012701587238503714,0.007958619325156381,4,0.25,104,8739564
62841,0.05715380790228104,0.012700777592685588,0.007958154000806808,4,0.25,104,8740604
62851,0.05715133816607988,0.01270022877164786,0.007957702310104375,4,0.25,104,8741644
62861,0.05714893049314818,0.01269970746004192,0.007957267304263065,4,0.25,104,8742684
62871,0.057145967636827916,0.012699035340769278,0.007956828857226145,4,0.25,104,8743724
62881,0.057142881836618156,0.012698281053071914,0.007956369702531331,4,0.25,104,8744764
62891,0.05713979655509767,0.012697691434377236,0.007955938681965724,4,0.25,104,8745804
62901,0.05713739039549155,0.012697115610019443,0.00795548653823303,4,0.25,104,8746844
62911,0.05713350418853601,0.012696279438448492,0.007955015099353634,4,0.25,104,8747884
62921,0.05713042048293169,0.01269547084540998,0.007954568112615863,4,0.25,104,8748924
62931,0.05712622747472516,0.01269464871180207,0.007954121662462255,4,0.25,104,8749964
62941,0.05712345321660868,0.012694032220354928,0.007953707567874783,4,0.25,104,8751004
62951,0.057120864287419915,0.012693484306196413,0.007953263816807391,4,0.25,104,8752044
62961,0.05711728969994239,0.012692689961428492,0.007952792181754677,4,0.25,104,8753084
62971,0.057114701640254464,0.012692087458272874,0.00795233811312287,4,0.25,104,8754124
62981,0.05711162109277376,0.012691416593626792,0.007951885645359308,4,0.25,104,8755164
62991,0.05710786352523417,0.012690540528485618,0.00795144099414211,4,0.25,104,8756204
63001,0.05710410672724022,0.012689692019886081,0.007950992524347418,4,0.25,104,8757244
63011,0.057100843248637144,0.012688966821894914,0.00795054546478342,4,0.25,104,8758284
63021,0.05709794970614206,0.012688433268031568,0.007950100687731077,4,0.25,104,8759324
63031,0.05709505662007891,0.012687790360017536,0.007949666154815639,4,0.25,104,8760364
63041,0.05709234861263713,0.01268709285114164,0.00794922014621294,4,0.25,104,8761404
63051,0.05708902569539438,0.012686340769458591,0.007948764326936312,4,0.25,104,8762444
63061,0.057085026686050075,0.0126854794645977,0.007948297512720089,4,0.25,104,8763484
63071,0.05708225865192733,0.012684878026305146,0.007947850869132958,4,0.25,104,8764524
63081,0.05707899905867243,0.012684112687762048,0.007947401127977947,4,0.25,104,8765564
63091,0.057075863015954284,0.012683456797701597,0.007946976741506868,4,0.25,104,8766604
63101,0.0570727889849411,0.012682732708402018,0.00794652033777059,4,0.25,104,8767644
63111,0.057069469610305984,0.012682049723247005,0.007946097459722145,4,0.25,104,8768684
63121,0.057067195570937534,0.012681503417556786,0.007945663237717622,4,0.25,104,8769724
63131,0.05706443022752367,0.012680957185123168,0.007945220451563874,4,0.25,104,8770764
63141,0.057061296675912684,0.012680247192450941,0.007944778609450899,4,0.25,104,8771804
63151,0.057058225086466706,0.012679550973677163,0.007944319253444026,4,0.25,104,8772844
63161,0.05705558393119156,0.012678977706388291,0.007943876823576727,4,0.25,104,8773884
63171,0.05705208345147704,0.01267818618419614,0.00794343248848003,4,0.25,104,8774924
63181,0.057048952009972766,0.012677531247668357,0.00794298176581631,4,0.25,104,8775964
63191,0.0570457597185129,0.012676821851942766,0.007942539436951244,4,0.25,104,8777004
63201,0.057043549996319214,0.012676235329584368,0.007942096264999905,4,0.25,104,8778044
63211,0.05704011318028037,0.01267556706987192,0.007941632525050896,4,0.25,104,8779084
63221,0.05703759734867682,0.012674939823816308,0.007941186974882575,4,0.25,104,8780124
63231,0.05703440703471247,0.012674285409205148,0.007940752761835587,4,0.25,104,8781164
63241,0.05703091059793319,0.012673413019992188,0.007940300187041246,4,0.25,104,8782204
63251,0.05702778277269287,0.012672772478200858,0.007939867424816538,4,0.25,104,8783244
63261,0.05702447153975212,0.012672023035983745,0.007939396658608402,4,0.25,104,8784284
63271,0.05702030269031148,0.012671042156497263,0.007938929765614493,4,0.25,104,8785324
63281,0.05701637993390348,0.01267029303277792,0.007938474592705035,4,0.25,104,8786364
63291,0.05701405119475924,0.012669748302120643,0.007938022772296108,4,0.25,104,8787404
63301,0.05701092624702559,0.012669053876261265,0.007937576243071898,4,0.25,104,8788444
63311,0.05700755680286966,0.012668250668665297,0.00793711783735341,4,0.25,104,8789484
63321,0.05700406548756904,0.012667461229260152,0.00793666067245232,4,0.25,104,8790524
63331,0.05700081977400148,0.012666753586191343,0.007936218747442967,4,0.25,104,8791564
63341,0.05699818688191854,0.012666154907400267,0.007935776959056161,4,0.25,104,8792604
63351,0.05699494221020604,0.012665420285628433,0.007935308014816152,4,0.25,104,8793644
63361,0.05699163690959605,0.01266479460132291,0.007934852567727626,4,0.25,104,8794684
63371,0.05698796505315301,0.012663951439925098,0.007934394878912742,4,0.25,104,8795724
63381,0.056984599831643556,0.012663176429575863,0.00793395353447001,4,0.25,104,8796764
63391,0.05698129639778673,0.012662428752528947,0.007933515051200464,4,0.25,104,8797804
63401,0.05697799356003384,0.01266170839374883,0.007933069149209397,4,0.25,104,8798844
63411,0.05697456902439322,0.012660865871786676,0.00793260791581891,4,0.25,104,8799884
63421,0.05697083945567601,0.012660118619338549,0.007932144343570492,4,0.25,104,8800924
63431,0.05696753850439378,0.012659385086860878,0.007931701473075424,4,0.25,104,8801964
63441,0.05696552154948147,0.012658896138709696,0.007931289910093882,4,0.25,104,8803004
63451,0.05696283262205308,0.01265836651121794,0.00793084313592581,4,0.25,104,8804044
63461,0.05695910544438769,0.012657497528390784,0.00793040276986878,4,0.25,104,8805084
63471,0.05695586769322875,0.012656737320740997,0.007929950829279539,4,0.25,104,8806124
63481,0.05695183657757746,0.01265584154417847,0.007929492976659893,4,0.25,104,8807164
63491,0.05694811163918494,0.012655013804958865,0.007929023314216199,4,0.25,104,8808204
63501,0.05694499792850352,0.012654403285679223,0.00792856187004774,4,0.25,104,8809244
63511,0.05694255617330237,0.012653847114602,0.007928120800660873,4,0.25,104,8810284
63521,0.056939687527398766,0.012653209646243418,0.007927669413634247,4,0.25,104,8811324
63531,0.056936331172558766,0.01265247735919374,0.007927222621966422,4,0.25,104,8812364
63541,0.05693340249341629,0.01265179943325376,0.007926793391628575,4,0.25,104,8813404
63551,0.05693035228461812,0.012651108065277394,0.007926342758464034,4,0.25,104,8814444
63561,0.05692766852165854,0.012650525238559073,0.007925917915195419,4,0.25,104,8815484
63571,0.05692461926905635,0.012649834087313785,0.00792549290988858,4,0.25,104,8816524
63581,0.056921631494766235,0.01264914305360887,0.007925060560129338,4,0.25,104,8817564
63591,0.0569178517452305,0.012648411498940111,0.007924610674027678,4,0.25,104,8818604
63601,0.05691529171362573,0.012647734250933037,0.00792415651491479,4,0.25,104,8819644
63611,0.056911878895690514,0.012647030032746297,0.007923707791673973,4,0.25,104,8820684
63621,0.056909319700283185,0.012646393632861474,0.007923258178085668,4,0.25,104,8821724
63631,0.05690596891466189,0.01264568964701501,0.00792280519085591,4,0.25,104,8822764
63641,0.056903166911028175,0.012645026387369517,0.00792236412485767,4,0.25,104,8823804
63651,0.05689993904800453,0.012644403834002981,0.007921927776525886,4,0.25,104,8824844
63661,0.056897503302376765,0.012643849029897755,0.007921484476842716,4,0.25,104,8825884
63671,0.05689427643935063,0.012643104899493045,0.007921038456008198,4,0.25,104,8826924
63681,0.05689117188256162,0.012642387957351875,0.007920612672816855,4,0.25,104,8827964
63691,0.05688855472481579,0.012641833428549399,0.007920206085594439,4,0.25,104,8829004
63701,0.056885572839128325,0.012641170798319242,0.007919766563982251,4,0.25,104,8830044
63711,0.056882226404111634,0.012640427158474502,0.00791931739328558,4,0.25,104,8831084
63721,0.056879488867622924,0.012639764757675847,0.007918878775867944,4,0.25,104,8832124
63731,0.0568766909208677,0.012639183556195241,0.007918442596461215,4,0.25,104,8833164
63741,0.05687304206893739,0.012638386229074863,0.007917990868461894,4,0.25,104,8834204
63751,0.05686994111770492,0.012637737671666545,0.007917567995657248,4,0.25,104,8835244
63761,0.05686750936736524,0.012637210795056484,0.007917140772297953,4,0.25,104,8836284
63771,0.056865199504350726,0.012636643465944569,0.007916699125356887,4,0.25,104,8837324
63781,0.05686234297251655,0.012635954672892816,0.00791626380441985,4,0.25,104,8838364
63791,0.05685839318576086,0.01263513097586378,0.00791578912184463,4,0.25,104,8839404
63801,0.056855416218770785,0.012634442439418183,0.007915338866968059,4,0.25,104,8840444
63811,0.0568520145648721,0.012633713528129684,0.00791489537219131,4,0.25,104,8841484
63821,0.05684849209117944,0.012632890285790581,0.0079144617791439,4,0.25,104,8842524
63831,0.056845213157394284,0.012632229113704216,0.007914024016153057,4,0.25,104,8843564
63841,0.05684217763249666,0.012631554559344341,0.007913599599303149,4,0.25,104,8844604
63851,0.05683914261216917,0.012630880117109283,0.007913137457456426,4,0.25,104,8845644
63861,0.05683635083898311,0.012630165330723132,0.007912712327978577,4,0.25,104,8846684
63871,0.0568326493632699,0.012629423704392986,0.00791226674399723,4,0.25,104,8847724
63881,0.05682973725417531,0.012628803539194908,0.007911839826379819,4,0.25,104,8848764
63891,0.05682585516455175,0.01262787346912966,0.007911363648785828,4,0.25,104,8849804
63901,0.05682245901326555,0.012627132261641978,0.007910911216317746,4,0.25,104,8850844
63911,0.05681948789915815,0.012626472027222726,0.007910467094536569,4,0.25,104,8851884
63921,0.05681603231363802,0.012625704134633604,0.007909998835602079,4,0.25,104,8852924
63931,0.0568130016368689,0.012625057600992933,0.007909573068360695,4,0.25,104,8853964
63941,0.05681057745777656,0.012624545834949931,0.00790915391449521,4,0.25,104,8855004
63951,0.05680791123266717,0.012623912950486439,0.007908725191735362,4,0.25,104,8856044
63961,0.05680463957965104,0.012623132080260889,0.007908279811360113,4,0.25,104,8857084
63971,0.056800762824425054,0.012622337901015702,0.00790781989590643,4,0.25,104,8858124
63981,0.05679718967025439,0.012621570790810251,0.007907372986712992,4,0.25,104,8859164
63991,0.056793314497513035,0.01262064237787309,0.00790690496609462,4,0.25,104,8860204
64001,0.056790348124651585,0.012620063909211568,0.007906460089694159,4,0.25,104,8861244
64011,0.056787382234072585,0.012619391375012575,0.00790602077442305,4,0.25,104,8862284
64021,0.056783872211191785,0.012618584481231885,0.007905566705224978,4,0.25,104,8863324
64031,0.056781270388784576,0.01261799286119578,0.007905134941178246,4,0.25,104,8864364
64041,0.05677776154174203,0.012617213130340237,0.007904685512279453,4,0.25,104,8865404
64051,0.05677443481026331,0.012616420109731406,0.007904245114937607,4,0.25,104,8866444
64061,0.05677098774695778,0.012615707867570127,0.007903828641346785,4,0.25,104,8867484
64071,0.056767541335107335,0.012614955445800208,0.007903398735047803,4,0.25,104,8868524
64081,0.05676463959868079,0.012614270326080819,0.00790296489809883,4,0.25,104,8869564
64091,0.056761436134387805,0.012613639043794402,0.007902554277114967,4,0.25,104,8870604
64101,0.05675811237963664,0.012612846722257189,0.007902109992087371,4,0.25,104,8871644
64111,0.05675491006187427,0.012612161958983136,0.007901683421622514,4,0.25,104,8872684
64121,0.056752191554306004,0.012611504158174016,0.00790126454482869,4,0.25,104,8873724
64131,0.05675007743976329,0.012611047787720866,0.007900856734319539,4,0.25,104,8874764
64141,0.05674754082590739,0.012610510947120832,0.007900425684429144,4,0.25,104,8875804
64151,0.056744219603359056,0.012609772907445567,0.007899982528138389,4,0.25,104,8876844
64161,0.05674095935532165,0.012608994756712344,0.007899536989227985,4,0.25,104,8877884
64171,0.05673751861494832,0.012608216755450158,0.007899092710755116,4,0.25,104,8878924
64181,0.05673438026040483,0.012607546184637792,0.00789866024267058,4,0.25,104,8879964
64191,0.05673075975351787,0.012606768461572474,0.007898215943776711,4,0.25,104,8881004
64201,0.056727924192116905,0.012606098130512956,0.007897786370229802,4,0.25,104,8882044
64211,0.056725209706315075,0.01260554854183487,0.007897363971832017,4,0.25,104,8883084
64221,0.0567223750083743,0.012604878412677543,0.007896929194496026,4,0.25,104,8884124
64231,0.05671881718194369,0.012604034207823222,0.007896475692010697,4,0.25,104,8885164
64241,0.05671640549134598,0.012603551884069256,0.007896060722897096,4,0.25,104,8886204
64251,0.05671369272096974,0.012602989245638461,0.00789565943749443,4,0.25,104,8887244
64261,0.05671104062490974,0.012602399898758259,0.007895217714836209,4,0.25,104,8888284
64271,0.056707243977620087,0.012601582991576205,0.007894778080997986,4,0.25,104,8889324
64281,0.05670380959751857,0.012600793025044922,0.007894338993274946,4,0.25,104,8890364
64291,0.05670073727991172,0.012600096911154594,0.007893904384424619,4,0.25,104,8891404
64301,0.056697665480463094,0.012599387533636316,0.00789347159094842,4,0.25,104,8892444
64311,0.0566949554993722,0.012598812092278344,0.007893070114540868,4,0.25,104,8893484
64321,0.05669254696577947,0.012598303630800124,0.007892634927906194,4,0.25,104,8894524
64331,0.056690138750690004,0.012597755099265782,0.00789221175291457,4,0.25,104,8895564
64341,0.05668736969699495,0.012597072883304031,0.007891771298375497,4,0.25,104,8896604
64351,0.056684360333545264,0.012596457649900729,0.007891345600729986,4,0.25,104,8897644
64361,0.056680870094933784,0.012595708796343795,0.007890907681968951,4,0.25,104,8898684
64371,0.0566770195734581,0.012594813028626209,0.007890476822883201,4,0.25,104,8899724
64381,0.05667377132928631,0.012594091210897778,0.007890038633770361,4,0.25,104,8900764
64391,0.05667034325575207,0.01259340961238935,0.007889605541775152,4,0.25,104,8901804
64401,0.05666775759231496,0.012592781574256503,0.007889147122510268,4,0.25,104,8902844
64411,0.05666421041915127,0.012591993323967614,0.007888682563558094,4,0.25,104,8903884
64421,0.05666078414553678,0.01259127200916221,0.007888239024478985,4,0.25,104,8904924
64431,0.056657118145999656,0.012590443991510002,0.007887793453385885,4,0.25,104,8905964
64441,0.05665399361459229,0.012589749655782153,0.00788736577657327,4,0.25,104,8907004
64451,0.05665062933444377,0.012588948647276194,0.007886925067133553,4,0.25,104,8908044
64461,0.05664762603837253,0.012588334648186473,0.00788650655016806,4,0.25,104,8909084
64471,0.0566447433404085,0.012587680708210756,0.007886088926288875,4,0.25,104,8910124
64481,0.05664174101558848,0.012586960162143198,0.007885653079252892,4,0.25,104,8911164
64491,0.05663843903039083,0.012586266424308356,0.00788523148023952,4,0.25,104,8912204
64501,0.056635557787497015,0.012585666170323402,0.007884800148803942,4,0.25,104,8913244
64511,0.05663207689436957,0.01258481262924837,0.007884362556023443,4,0.25,104,8914284
64521,0.05662907665892246,0.012584185924769307,0.007883924034806953,4,0.25,104,8915324
64531,0.05662637687003867,0.012583599310746566,0.007883501900069298,4,0.25,104,8916364
64541,0.05662361749995039,0.012582972794334898,0.007883072185081807,4,0.25,104,8917404
64551,0.05662007892055715,0.012582106495458547,0.007882636709104995,4,0.25,104,8918444
64561,0.05661708066330401,0.012581493534588217,0.007882226151749178,4,0.25,104,8919484
64571,0.05661402295003599,0.012580827378198992,0.00788178212254889,4,0.25,104,8920524
64581,0.0566106660530412,0.012580094732976567,0.007881336426183052,4,0.25,104,8921564
64591,0.056606770431656406,0.012579215734008506,0.007880862409467265,4,0.25,104,8922604
64601,0.0566043136227261,0.012578656470567572,0.007880430342480135,4,0.25,104,8923644
64611,0.05660107833204392,0.01257795084382435,0.007879988335142854,4,0.25,104,8924684
64621,0.05659748423968685,0.01257711224023335,0.007879531683340577,4,0.25,104,8925724
64631,0.056594849023450855,0.012576553267861312,0.007879113046913544,4,0.25,104,8926764
64641,0.05659167529280355,0.012575821397165855,0.007878664989434615,4,0.25,104,8927804
64651,0.05658898105071297,0.01257526260336194,0.007878263712672254,4,0.25,104,8928844
64661,0.05658604777451528,0.012574597473414398,0.007877825271632772,4,0.25,104,8929884
64671,0.05658335436633993,0.01257401224964447,0.007877399241580806,4,0.25,104,8930924
64681,0.056579823613541295,0.012573267542005377,0.007876952486149068,4,0.25,104,8931964
64691,0.05657701147070121,0.012572576150698478,0.00787652953606435,4,0.25,104,8933004
64701,0.056573541766476866,0.01257184500021044,0.007876070141507444,4,0.25,104,8934044
64711,0.056570431560279896,0.012571087402087969,0.007875622456767144,4,0.25,104,8935084
64721,0.05656690331699754,0.012570383096244007,0.00787519075697825,4,0.25,104,8936124
64731,0.05656313662695381,0.012569466353802898,0.007874738701469612,4,0.25,104,8937164
64741,0.05655960979975938,0.012568749048357662,0.007874294298602735,4,0.25,104,8938204
64751,0.056556860544967565,0.012568111550485778,0.007873847757318272,4,0.25,104,8939244
64761,0.056553573938505255,0.012567354652485528,0.00787339485789521,4,0.25,104,8940284
64771,0.056550228186361615,0.012566624446815113,0.007872968414612108,4,0.25,104,8941324
64781,0.056546883050330905,0.01256593419199965,0.00787251962678423,4,0.25,104,8942364
64791,0.05654395656155936,0.01256525732594792,0.007872063720475367,4,0.25,104,8943404
64801,0.05654085141561985,0.012564593841951247,0.007871624497761423,4,0.25,104,8944444
64811,0.05653744830773788,0.01256385086933837,0.007871197220895887,4,0.25,104,8945484
64821,0.05653500085245139,0.01256328046532978,0.007870786361688566,4,0.25,104,8946524
64831,0.05653231500066045,0.012562710141930895,0.007870367566520797,4,0.25,104,8947564
64841,0.0565296295460516,0.012562113378162314,0.007869954424737308,4,0.25,104,8948604
64851,0.05652610921826591,0.012561317830395637,0.007869524239016483,4,0.25,104,8949644
64861,0.05652378259655382,0.012560774296284131,0.00786908944323006,4,0.25,104,8950684
64871,0.056520621255101995,0.012560098295045695,0.007868663353683338,4,0.25,104,8951724
64881,0.056517341199647915,0.012559342898260292,0.007868218770403416,4,0.25,104,8952764
64891,0.05651465795862323,0.012558720133603669,0.007867781224387811,4,0.25,104,8953804
64901,0.05651179627192937,0.012558123959644367,0.007867346115708022,4,0.25,104,8954844
64911,0.05650965030291554,0.012557633838161539,0.007866913249659857,4,0.25,104,8955884
64921,0.05650655101770887,0.012556971606430559,0.007866488446033557,4,0.25,104,8956924
64931,0.05650386937103242,0.012556349207721187,0.007866043724496407,4,0.25,104,8957964
64941,0.056500234882414756,0.012555515079221738,0.007865609609406543,4,0.25,104,8959004
64951,0.056497435035064304,0.012554892905216958,0.00786518664010474,4,0.25,104,8960044
64961,0.05649463561958916,0.012554284061884613,0.007864754041902802,4,0.25,104,8961084
64971,0.056491002979491715,0.01255350328866381,0.007864301341833526,4,0.25,104,8962124
64981,0.056487906876754916,0.012552815274863413,0.007863855917113374,4,0.25,104,8963164
64991,0.05648510893065484,0.01255216706157752,0.007863426065686982,4,0.25,104,8964204
65001,0.05648141868288046,0.01255138669812001,0.007862979458497638,4,0.25,104,8965244
65011,0.05647832421499513,0.01255067259951535,0.007862560998451425,4,0.25,104,8966284
65021,0.05647576572671392,0.012550170161491982,0.00786213050954701,4,0.25,104,8967324
65031,0.05647285067985285,0.012549469497227139,0.007861696441796502,4,0.25,104,8968364
65041,0.05646951977120257,0.012548689655694044,0.007861260084871365,4,0.25,104,8969404
65051,0.05646618947407992,0.01254798924869096,0.007860846103293894,4,0.25,104,8970444
65061,0.056463454330215004,0.012547315387024699,0.007860423316065047,4,0.25,104,8971484
65071,0.05645976848444458,0.012546443497955929,0.007859952710550016,4,0.25,104,8972524
65081,0.05645620224999191,0.012545756687875454,0.00785951859902485,4,0.25,104,8973564
65091,0.056452933817684146,0.012545056790333122,0.007859084333180699,4,0.25,104,8974604
65101,0.05645026008388585,0.01254442302574009,0.007858649353110208,4,0.25,104,8975644
65111,0.05644740853563483,0.012543842162412304,0.007858218406327193,4,0.25,104,8976684
65121,0.056444319864327984,0.012543063408890968,0.007857775468135455,4,0.25,104,8977724
65131,0.056440697285792533,0.012542324392209871,0.007857349946423007,4,0.25,104,8978764
65141,0.0564376691280427,0.012541598704176458,0.007856931876377524,4,0.25,104,8979804
65151,0.05643470083686619,0.012540978674328272,0.007856520237179657,4,0.25,104,8980844
65161,0.056432089142601456,0.012540385118139017,0.007856111579454062,4,0.25,104,8981884
65171,0.056429655857017424,0.01253987077350858,0.007855685190020152,4,0.25,104,8982924
65181,0.056426095539943155,0.012539053232598883,0.00785525195599085,4,0.25,104,8983964
65191,0.056422654564725866,0.012538314951148464,0.007854830904227493,4,0.25,104,8985004
65201,0.05641945148528065,0.012537537265275175,0.00785438670931327,4,0.25,104,8986044
65211,0.056416189671362506,0.012536891504693976,0.007853954359638891,4,0.25,104,8987084
65221,0.05641269128716943,0.012536087743327179,0.007853529373317587,4,0.25,104,8988124
65231,0.05640883791681581,0.012535257797496509,0.007853077034049657,4,0.25,104,8989164
65241,0.05640581507675096,0.01253455972156084,0.007852652958517146,4,0.25,104,8990204
65251,0.056402674228199653,0.012533835431077053,0.007852218859490777,4,0.25,104,8991244
65261,0.05639929694202724,0.012533071774961478,0.007851785175712297,4,0.25,104,8992284
65271,0.05639580181755262,0.01253232142643013,0.00785135738725762,4,0.25,104,8993324
65281,0.05639272192781524,0.01253162385939097,0.007850937709964296,4,0.25,104,8994364
65291,0.05638964256162447,0.012530979046440708,0.00785051231022718,4,0.25,104,8995404
65301,0.05638609009715455,0.012530163308672087,0.007850071348785188,4,0.25,104,8996444
65311,0.05638307105006657,0.012529545036959262,0.007849630640467255,4,0.25,104,8997484
65321,0.05638058515380049,0.012528979467297115,0.007849200324851159,4,0.25,104,8998524
65331,0.05637792207209668,0.012528387677164212,0.007848772588489471,4,0.25,104,8999564
65341,0.056374490233212116,0.012527651348728642,0.007848342590896286,4,0.25,104,9000604
65351,0.056372419610550374,0.01252716491991647,0.007847937505301578,4,0.25,104,9001644
65361,0.05636958028442621,0.01252646824593031,0.007847526408826144,4,0.25,104,9002684
65371,0.056366386574614735,0.012525797975385559,0.007847094897092467,4,0.25,104,9003724
65381,0.05636183355508981,0.012524799347972392,0.007846652969173555,4,0.25,104,9004764
65391,0.05635852298716523,0.012524076811643293,0.00784622192134279,4,0.25,104,9005804
65401,0.05635574494197854,0.012523433206742844,0.007845809160915273,4,0.25,104,9006844
65411,0.05635279004267488,0.012522802836456398,0.007845397561098021,4,0.25,104,9007884
65421,0.056348831233668906,0.012521909980943985,0.007844942183878233,4,0.25,104,9008924
65431,0.05634564118178195,0.01252122734277967,0.007844531143695226,4,0.25,104,9009964
65441,0.05634209733896972,0.012520426703342732,0.007844070558589827,4,0.25,104,9011004
65451,0.05633902656971778,0.012519718073533229,0.00784365026952027,4,0.25,104,9012044
65461,0.05633631055424851,0.012519088285172904,0.00784323370493108,4,0.25,104,9013084
65471,0.056332709510121336,0.012518314305409544,0.00784281234476858,4,0.25,104,9014124
65481,0.05632993542382735,0.01251775031229666,0.007842392184700364,4,0.25,104,9015164
65491,0.0563278698911206,0.01251722573854955,0.007841994961114575,4,0.25,104,9016204
65501,0.05632527355591779,0.012516661898088581,0.007841580812198289,4,0.25,104,9017244
65511,0.0563222056400202,0.012516019478587355,0.007841160989618992,4,0.25,104,9018284
65521,0.05631890231227329,0.012515193661459059,0.007840713768282237,4,0.25,104,9019324
65531,0.05631601239518594,0.012514617000881486,0.007840270509378197,4,0.25,104,9020364
65541,0.05631206162294555,0.012513712858786103,0.007839833171719983,4,0.25,104,9021404
65551,0.05630881909646532,0.01251297921177112,0.007839404698025269,4,0.25,104,9022444
65561,0.05630575396953916,0.012512363575647627,0.007838964909809804,4,0.25,104,9023484
65571,0.05630286615212029,0.012511656365424844,0.00783855933487509,4,0.25,104,9024524
65581,0.05630033232479976,0.012511145679865802,0.00783813552178785,4,0.25,104,9025564
65591,0.05629679734495066,0.012510347045376326,0.007837694395235711,4,0.25,104,9026604
65601,0.056292850767226246,0.012509483127763465,0.007837219746120496,4,0.25,104,9027644
65611,0.05629014167514163,0.012508828768350407,0.007836781470145254,4,0.25,104,9028684
65621,0.05628690307597336,0.012508122179852223,0.007836352654605298,4,0.25,104,9029724
65631,0.05628378279277095,0.012507415715588764,0.007835910395514808,4,0.25,104,9030764
65641,0.05628095734052305,0.012506827090244267,0.007835489983678189,4,0.25,104,9031804
65651,0.05627807348007227,0.012506160085758711,0.007835065665313116,4,0.25,104,9032844
65661,0.056274601687001005,0.012505414741184873,0.007834652285160362,4,0.25,104,9033884
65671,0.05627095408041934,0.01250452573904511,0.007834210830810078,4,0.25,104,9034924
65681,0.05626783654854647,0.012503924466790262,0.007833771389744107,4,0.25,104,9035964
65691,0.056265307625264716,0.012503336352751254,0.007833373216794455,4,0.25,104,9037004
65701,0.05626236746166231,0.012502696059830036,0.007832958421212748,4,0.25,104,9038044
65711,0.05625883989658438,0.012501886039542952,0.007832533959017134,4,0.25,104,9039084
65721,0.05625590078490356,0.012501298223898966,0.00783211342738317,4,0.25,104,9040124
65731,0.056253491069967854,0.012500684374963314,0.007831691710714007,4,0.25,104,9041164
65741,0.05625002399522286,0.012499900874356592,0.007831250751772142,4,0.25,104,9042204
65751,0.05624732131364736,0.01249939168093099,0.007830853875502752,4,0.25,104,9043244
65761,0.05624514771091722,0.012498882552070614,0.00783044897060748,4,0.25,104,9044284
65771,0.05624209335981557,0.012498190762470402,0.007830027578601835,4,0.25,104,9045324
65781,0.056238863357957566,0.012497433846274423,0.007829606922485941,4,0.25,104,9046364
65791,0.056235399088772176,0.012496637933183053,0.007829167169430825,4,0.25,104,9047404
65801,0.0562329921064453,0.012496168288015889,0.007828735453398685,4,0.25,104,9048444
65811,0.05622982242390858,0.012495372625782463,0.007828306594929611,4,0.25,104,9049484
65821,0.05622630120665055,0.012494616240725325,0.007827867779937643,4,0.25,104,9050524
65831,0.056222898015705555,0.012493964299027237,0.007827463125797149,4,0.25,104,9051564
65841,0.05621990608445106,0.012493247285452164,0.007827034689969307,4,0.25,104,9052604
65851,0.05621691464878057,0.012492621632816512,0.007826610288676854,4,0.25,104,9053644
65861,0.056213161391252736,0.01249170939753495,0.007826163868719285,4,0.25,104,9054684
65871,0.05621075737053747,0.012491214270927543,0.007825751500344024,4,0.25,104,9055724
65881,0.05620682953762082,0.012490302355498467,0.007825304493226196,4,0.25,104,9056764
65891,0.05620395748426064,0.012489742281621473,0.00782490546626419,4,0.25,104,9057804
65901,0.05620190629725444,0.012489260420160015,0.007824501996360596,4,0.25,104,9058844
65911,0.056198683474157754,0.012488505186209125,0.007824054735377242,4,0.25,104,9059884
65921,0.05619633996412868,0.012488049510358392,0.007823647470291573,4,0.25,104,9060924
65931,0.05619364530364572,0.012487411651111776,0.007823234094520064,4,0.25,104,9061964
65941,0.05618960406699612,0.012486500599526293,0.007822779743254772,4,0.25,104,9063004
65951,0.05618691041179921,0.012485928044424258,0.007822370391250444,4,0.25,104,9064044
65961,0.05618316338622068,0.012485056356108772,0.007821931221099365,4,0.25,104,9065084
65971,0.05618047069201227,0.012484510021216578,0.007821532123687159,4,0.25,104,9066124
65981,0.05617754430608917,0.012483768685743236,0.007821106648606335,4,0.25,104,9067164
65991,0.056174384342208124,0.012483092499215113,0.00782069139540919,4,0.25,104,9068204
66001,0.056171341936925294,0.012482494429240217,0.007820282716530484,4,0.25,104,9069244
66011,0.05616865100594176,0.012481831455916217,0.007819858911495243,4,0.25,104,9070284
66021,0.05616549259895237,0.012481155595961184,0.007819440662131251,4,0.25,104,9071324
66031,0.05616251016660348,0.012480531826337255,0.007819031270439517,4,0.25,104,9072364
66041,0.05616046368454222,0.012480012092441253,0.007818641745873075,4,0.25,104,9073404
66051,0.05615718979603266,0.01247932354879706,0.007818216901240595,4,0.25,104,9074444
66061,0.056153682717544534,0.012478531220395274,0.00781777794123229,4,0.25,104,9075484
66071,0.056150760672900965,0.012477920844657863,0.0078173562788566,4,0.25,104,9076524
66081,0.056148014382478406,0.012477297578120236,0.007816944737797621,4,0.25,104,9077564
66091,0.056144918003336035,0.01247655757496395,0.007816508933206642,4,0.25,104,9078604
66101,0.05614100447332884,0.012475687921344982,0.007816070579366523,4,0.25,104,9079644
66111,0.05613837645968108,0.012475116908176665,0.007815660939278195,4,0.25,104,9080684
66121,0.05613487303711769,0.012474338384954145,0.007815202673071907,4,0.25,104,9081724
66131,0.056132187540694406,0.012473767564036967,0.007814777125296317,4,0.25,104,9082764
66141,0.05612891878043558,0.012473002272681265,0.007814351456051381,4,0.25,104,9083804
66151,0.05612559225790138,0.0124722630622002,0.007813929020057083,4,0.25,104,9084844
66161,0.05612261641578778,0.01247162770955503,0.007813479314143857,4,0.25,104,9085884
66171,0.05612074947149464,0.01247126469613347,0.007813068522017566,4,0.25,104,9086924
66181,0.056117599441340926,0.012470551729806066,0.007812637606746877,4,0.25,104,9087964
66191,0.05611509147759938,0.01246985184993073,0.007812216750686195,4,0.25,104,9089004
66201,0.0561117091954295,0.012469268710095445,0.007811793443784611,4,0.25,104,9090044
66211,0.05610844414577516,0.012468504277575718,0.007811357943755714,4,0.25,104,9091084
66221,0.05610617062124256,0.012467960194153426,0.007810946545840867,4,0.25,104,9092124
66231,0.05610331454816167,0.01246733847501769,0.00781052717218075,4,0.25,104,9093164
66241,0.05610045892761717,0.01246670390293456,0.0078101132439145834,4,0.25,104,9094204
66251,0.05609719591525229,0.012465952906721364,0.0078096880738814795,4,0.25,104,9095244
66261,0.056094049998506666,0.01246524088521616,0.007809269332941263,4,0.25,104,9096284
66271,0.05609061342091775,0.012464541932709761,0.007808831763605633,4,0.25,104,9097324
66281,0.0560874104218244,0.012463817221921183,0.0078084025780418165,4,0.25,104,9098364
66291,0.0560843244340529,0.012463105580055813,0.007808006165341451,4,0.25,104,9099404
66301,0.05608100613137382,0.012462355258367492,0.007807594752289976,4,0.25,104,9100444
66311,0.05607675726775646,0.012461449884948704,0.007807153397053097,4,0.25,104,9101484
66321,0.056074662306657905,0.012460919689877809,0.007806743759402372,4,0.25,104,9102524
66331,0.056071403962489455,0.01246024734834737,0.0078063255148734705,4,0.25,104,9103564
66341,0.05606837888486854,0.012459600972591089,0.007805909415657737,4,0.25,104,9104604
66351,0.056065470635445036,0.012458941776839285,0.00780546369592449,4,0.25,104,9105644
66361,0.056063260679915496,0.012458463604731341,0.007805050657694719,4,0.25,104,9106684
66371,0.05605988811264504,0.012457701232239538,0.007804639963663472,4,0.25,104,9107724
66381,0.056055818613787604,0.012456835663278194,0.007804219222108117,4,0.25,104,9108764
66391,0.056052679914352053,0.012456112346267032,0.007803806041770359,4,0.25,104,9109804
66401,0.0560495998708934,0.012455414985814301,0.007803400130525785,4,0.25,104,9110844
66411,0.05604663655283812,0.012454704836196259,0.007802964829682815,4,0.25,104,9111884
66421,0.05604413844789935,0.012454162624990618,0.007802541657135033,4,0.25,104,9112924
66431,0.05604146644025882,0.012453659208946404,0.007802150914298124,4,0.25,104,9113964
66441,0.05603803988046386,0.012452794513865948,0.007801716389629069,4,0.25,104,9115004
66451,0.056034265611909544,0.012451968710981247,0.007801273122543055,4,0.25,104,9116044
66461,0.05603130481668953,0.01245136237054015,0.007800855195672116,4,0.25,104,9117084
66471,0.056028170387800606,0.012450652939910139,0.007800412635113878,4,0.25,104,9118124
66481,0.0560252686254533,0.012449982321201949,0.007799976438787805,4,0.25,104,9119164
66491,0.05602196118696515,0.012449298921673138,0.00779954623893924,4,0.25,104,9120204
66501,0.05601871236555115,0.012448512512024616,0.00779912019290521,4,0.25,104,9121244
66511,0.056015870127868475,0.012447906695301108,0.007798697940346795,4,0.25,104,9122284
66521,0.05601308633024964,0.012447262310165363,0.007798279792305835,4,0.25,104,9123324
66531,0.056009955072640775,0.012446618028858073,0.007797872011169508,4,0.25,104,9124364
66541,0.056007056245837024,0.012445986733884211,0.007797450833445541,4,0.25,104,9125404
66551,0.05600363623083202,0.012445226735447089,0.007797024714775027,4,0.25,104,9126444
66561,0.05600154976134286,0.012444698686009238,0.007796617114219655,4,0.25,104,9127484
66571,0.05599818873608186,0.012443977560427387,0.007796199999027308,4,0.25,104,9128524
66581,0.05599575528215527,0.012443385304570842,0.007795790642631617,4,0.25,104,9129564
66591,0.05599239533927438,0.01244269015964633,0.0077953676606486435,4,0.25,104,9130604
66601,0.05598932559534682,0.012441982265918774,0.007794940751510965,4,0.25,104,9131644
66611,0.05598677752665331,0.012441441776940702,0.0077945138481190805,4,0.25,104,9132684
66621,0.05598365084474895,0.012440785567145332,0.007794092272205089,4,0.25,104,9133724
66631,0.055981566692099825,0.012440245239970163,0.007793676812070571,4,0.25,104,9134764
66641,0.05597873031683432,0.01243965353687539,0.007793274398921697,4,0.25,104,9135804
66651,0.055975431422695544,0.012438933320905819,0.007792856347620529,4,0.25,104,9136844
66661,0.05597294318368816,0.012438354669982363,0.007792423158351203,4,0.25,104,9137884
66671,0.0559708602716228,0.012437917522631719,0.007792021335868712,4,0.25,104,9138924
66681,0.05596750497630988,0.012437197619475308,0.007791605740083558,4,0.25,104,9139964
66691,0.0559643238090765,0.012436490697971958,0.0077912020515862315,4,0.25,104,9141004
66701,0.05596073844080423,0.012435642557250264,0.00779078488515901,4,0.25,104,9142044
66711,0.05595796316283615,0.012435038688004416,0.007790371887664944,4,0.25,104,9143084
66721,0.05595559295215382,0.01243453767430532,0.007789988778181178,4,0.25,104,9144124
66731,0.05595218270955071,0.012433767006684504,0.007789564001482287,4,0.25,104,9145164
66741,0.05594894646751512,0.012433022169301226,0.007789133768317003,4,0.25,104,9146204
66751,0.05594565303375198,0.012432290309248646,0.007788711151918097,4,0.25,104,9147244
66761,0.05594207138742178,0.012431507239128317,0.007788260181861853,4,0.25,104,9148284
66771,0.05593860595759649,0.01243076282303254,0.007787842408402326,4,0.25,104,9149324
66781,0.05593548764204335,0.01243003137687533,0.007787426288843468,4,0.25,104,9150364
66791,0.055933235861755456,0.01242959513944662,0.007787024553852508,4,0.25,104,9151404
66801,0.05593046482719918,0.012428851079696171,0.007786609528305524,4,0.25,104,9152444
66811,0.055927694219944875,0.012428350841610522,0.007786208490604965,4,0.25,104,9153484
66821,0.05592480862498159,0.012427658307717648,0.007785817371331341,4,0.25,104,9154524
66831,0.055921692702916394,0.012426927430024779,0.00778539521362932,4,0.25,104,9155564
66841,0.05591759666470614,0.012426055680761551,0.007784943889702167,4,0.25,104,9156604
66851,0.055914424319227864,0.01242537636112148,0.007784520010280989,4,0.25,104,9157644
66861,0.055911713849708986,0.012424799671033982,0.00778410323586067,4,0.25,104,9158684
66871,0.05590848488803553,0.012424030880507602,0.007783671845419451,4,0.25,104,9159724
66881,0.055904968286664886,0.012423236619174254,0.007783257321972925,4,0.25,104,9160764
66891,0.055902316878680684,0.012422698660970058,0.007782868994120298,4,0.25,104,9161804
66901,0.05589949298330748,0.012422071134706515,0.007782451441674694,4,0.25,104,9162844
66911,0.055896611915103575,0.012421392492884554,0.007782032236899928,4,0.25,104,9163884
66921,0.055894019348893036,0.012420854783212093,0.007781630519505749,4,0.25,104,9164924
66931,0.05589136955694799,0.01242020194744051,0.007781208382788042,4,0.25,104,9165964
66941,0.05588785630543822,0.012419421244917846,0.007780787341232941,4,0.25,104,9167004
66951,0.0558838255522871,0.012418589516876773,0.007780353251402258,4,0.25,104,9168044
66961,0.05588100456345893,0.012417937051639927,0.00777993978243756,4,0.25,104,9169084
66971,0.05587755089507007,0.012417156792172146,0.007779513060094965,4,0.25,104,9170124
66981,0.055875306366895056,0.01241663244123295,0.00777910120113763,4,0.25,104,9171164
66991,0.05587168118340562,0.012415852436893103,0.007778672596487533,4,0.25,104,9172204
67001,0.05586840188629096,0.01241518763558009,0.0077782452486054796,4,0.25,104,9173244
67011,0.05586569835510978,0.012414484600912561,0.007777838553799953,4,0.25,104,9174284
67021,0.05586236264389394,0.012413807248377302,0.007777419827210145,4,0.25,104,9175324
67031,0.05585925753900292,0.012413142787874639,0.007777000208524768,4,0.25,104,9176364
67041,0.055855635595596295,0.012412350691183356,0.007776573434146883,4,0.25,104,9177404
67051,0.055853221372761774,0.012411788653489537,0.007776169789779487,4,0.25,104,9178444
67061,0.055850520127541416,0.012411188382542383,0.007775740604352363,4,0.25,104,9179484
67071,0.0558474745303089,0.012410486052555856,0.007775318814605876,4,0.25,104,9180524
67081,0.0558446017992425,0.012409898744291775,0.007774913770432995,4,0.25,104,9181564
67091,0.05584241883124763,0.012409400876789623,0.0077745371919901215,4,0.25,104,9182604
67101,0.05584058074842381,0.01240895412555441,0.007774140314857722,4,0.25,104,9183644
67111,0.05583730712985406,0.012408239427703797,0.007773720700022981,4,0.25,104,9184684
67121,0.055833689614805275,0.01240741002835793,0.007773303936973219,4,0.25,104,9185724
67131,0.05583047465826472,0.012406670094621939,0.007772872476414535,4,0.25,104,9186764
67141,0.05582651416485901,0.01240585377540705,0.007772431663967928,4,0.25,104,9187804
67151,0.05582347264054248,0.012405152384647192,0.007772008544499358,4,0.25,104,9188844
67161,0.05582083324507654,0.012404578611285659,0.007771615927268476,4,0.25,104,9189884
67171,0.05581693224151951,0.012403724479548106,0.007771192260771613,4,0.25,104,9190924
67181,0.05581423645557774,0.012403074442270925,0.007770794800274114,4,0.25,104,9191964
67191,0.05581245860580144,0.012402717604149016,0.0077704095882456465,4,0.25,104,9193004
67201,0.05580982083096768,0.012402118697709838,0.007770012073231586,4,0.25,104,9194044
67211,0.055806552822187085,0.012401341527833776,0.0077695977940074375,4,0.25,104,9195084
67221,0.055802941505432,0.012400577246320361,0.00776917045634331,4,0.25,104,9196124
67231,0.05580001859128323,0.012399965926666244,0.0077687437407150325,4,0.25,104,9197164
67241,0.055796866963018624,0.01239926557154631,0.007768338410358439,4,0.25,104,9198204
67251,0.05579400232720237,0.012398590800370831,0.007767914334389003,4,0.25,104,9199244
67261,0.055791023591550165,0.012397903415214111,0.0077674878842422974,4,0.25,104,9200284
67271,0.05578741540184579,0.01239712706724769,0.007767079039287572,4,0.25,104,9201324
67281,0.05578409421853348,0.012396414487576625,0.00776665744730282,4,0.25,104,9202364
67291,0.05578054466861508,0.012395600266909917,0.007766233670441128,4,0.25,104,9203404
67301,0.05577808329685,0.012394976991720513,0.007765839587502804,4,0.25,104,9204444
67311,0.05577424880990503,0.012394252080049021,0.007765437579758292,4,0.25,104,9205484
67321,0.05577075842338339,0.012393412873491964,0.007764998207758883,4,0.25,104,9206524
67331,0.05576658229705274,0.01239253571027686,0.0077645718681132615,4,0.25,104,9207564
67341,0.055763264972726295,0.012391760408067285,0.0077641431846712,4,0.25,104,9208604
67351,0.05576046288426287,0.012391137733668848,0.0077637145703745155,4,0.25,104,9209644
67361,0.05575703235239857,0.012390375407854497,0.007763312408622163,4,0.25,104,9210684
67371,0.05575337384245695,0.012389587824532457,0.007762883237435615,4,0.25,104,9211724
67381,0.0557505161514472,0.01238897818962009,0.007762461289484745,4,0.25,104,9212764
67391,0.05574777319699318,0.01238834325253723,0.007762056486501152,4,0.25,104,9213804
67401,0.05574497353092411,0.012387683025412322,0.007761642990914871,4,0.25,104,9214844
67411,0.05574183156987833,0.012387022907805228,0.007761213414343744,4,0.25,104,9215884
67421,0.055739375511536765,0.012386502507658523,0.007760815421589868,4,0.25,104,9216924
67431,0.0557360061191579,0.012385664933284642,0.007760387362259188,4,0.25,104,9217964
67441,0.05573320829211329,0.012385106648304292,0.007759971091640823,4,0.25,104,9219004
67451,0.055730753416264614,0.012384561127295989,0.007759572537262633,4,0.25,104,9220044
67461,0.05572778517878257,0.012383876160335153,0.007759152025343003,4,0.25,104,9221084
67471,0.05572464623228244,0.012383216673966052,0.007758739656776655,4,0.25,104,9222124
67481,0.05572224958916941,0.012382696771402244,0.007758314485156951,4,0.25,104,9223164
67491,0.05571922571168204,0.012381999447831828,0.007757897345931351,4,0.25,104,9224204
67501,0.05571643050575155,0.012381352947918546,0.007757483418317656,4,0.25,104,9225244
67511,0.0557135787047042,0.012380769920469572,0.0077570893227131826,4,0.25,104,9226284
67521,0.05570998608223849,0.012379920881183833,0.007756652430811114,4,0.25,104,9227324
67531,0.055707078296936996,0.012379312725656717,0.007756240166221694,4,0.25,104,9228364
67541,0.0557044559938224,0.012378679329195716,0.007755835196790804,4,0.25,104,9229404
67551,0.05570177708094919,0.012378147354122744,0.007755448120979698,4,0.25,104,9230444
67561,0.05569966843163955,0.01237762811376048,0.0077550643045629485,4,0.25,104,9231484
67571,0.0556969902353721,0.012376994985556932,0.007754632979771862,4,0.25,104,9232524
67581,0.05569311610765227,0.012376172069583243,0.0077542058536458226,4,0.25,104,9233564
67591,0.055690438891930066,0.012375589801182729,0.007753791612845854,4,0.25,104,9234604
67601,0.055687135645961734,0.012374893722623603,0.00775336949935112,4,0.25,104,9235644
67611,0.055684971780993166,0.012374374906978467,0.007752952624854785,4,0.25,104,9236684
67621,0.05568189726517946,0.012373716994275235,0.007752548067424344,4,0.25,104,9237724
67631,0.05567876635700519,0.0123730085946597,0.007752106317864852,4,0.25,104,9238764
67641,0.05567609128784831,0.012372363554837984,0.007751685278495436,4,0.25,104,9239804
67651,0.05567273378857252,0.012371668040959016,0.007751270683138028,4,0.25,104,9240844
67661,0.05566977515914074,0.012370934721789253,0.0077508707211953265,4,0.25,104,9241884
67671,0.0556668170190904,0.012370353220027133,0.007750473659814874,4,0.25,104,9242924
67681,0.05566408686251933,0.012369746526285672,0.007750068625297659,4,0.25,104,9243964
67691,0.055661868917186004,0.012369215745233858,0.0077496776373353745,4,0.25,104,9245004
67701,0.05565908265782645,0.012368621860012701,0.007749275461949436,4,0.25,104,9246044
67711,0.055655671502884585,0.012367876470153942,0.00774884567853233,4,0.25,104,9247084
67721,0.05565231783503009,0.012367118589956152,0.007748414117185865,4,0.25,104,9248124
67731,0.05564958989129899,0.012366550274668814,0.007748007689274412,4,0.25,104,9249164
67741,0.05564669190711127,0.012365906282276613,0.007747585312305123,4,0.25,104,9250204
67751,0.05564385120213884,0.012365262394265542,0.007747189259802209,4,0.25,104,9251244
67761,0.055641067749175904,0.012364605988441132,0.007746779076316536,4,0.25,104,9252284
67771,0.05563771681964009,0.012363899211150017,0.007746374086913517,4,0.25,104,9253324
67781,0.0556339122884031,0.012363015916359934,0.007745946433156971,4,0.25,104,9254364
67791,0.055631130382678834,0.012362410342020886,0.0077455315562393314,4,0.25,104,9255404
67801,0.055628689475164715,0.012361867926743438,0.0077451276994997586,4,0.25,104,9256444
67811,0.05562596513493829,0.012361237304449062,0.007744746518542506,4,0.25,104,9257484
67821,0.05562312772212367,0.012360632001249034,0.007744344690078212,4,0.25,104,9258524
67831,0.055620234025137764,0.01236001418272464,0.007743945423450321,4,0.25,104,9259564
67841,0.05561796478674192,0.012359459488811479,0.00774354436889086,4,0.25,104,9260604
67851,0.055614958489726085,0.012358867060445065,0.00774314978262803,4,0.25,104,9261644
67861,0.055611782574477006,0.012358047890257544,0.0077427141452741325,4,0.25,104,9262684
67871,0.055607983560409684,0.012357241487800139,0.007742278102835924,4,0.25,104,9263724
67881,0.055604185354075485,0.012356397460697733,0.0077418587217050385,4,0.25,104,9264764
67891,0.05560050129868771,0.012355566206443515,0.0077414275642227045,4,0.25,104,9265804
67901,0.05559727129070803,0.012354911401437229,0.0077410103063598424,4,0.25,104,9266844
67911,0.05559551486489852,0.012354495908130918,0.00774062393555568,4,0.25,104,9267884
67921,0.05559194588651843,0.012353715401954252,0.007740196559806411,4,0.25,104,9268924
67931,0.05558888732976297,0.012353048316733674,0.007739758688740226,4,0.25,104,9269964
67941,0.05558582929675947,0.012352318427425202,0.007739328697538843,4,0.25,104,9271004
67951,0.05558237548187443,0.012351488027002193,0.007738894719330359,4,0.25,104,9272044
67961,0.055579884620228684,0.012350997417515767,0.007738502543781551,4,0.25,104,9273084
67971,0.05557762050204749,0.012350494291307237,0.007738090664641236,4,0.25,104,9274124
67981,0.05557433804058817,0.012349802596928779,0.0077376684909261995,4,0.25,104,9275164
67991,0.05557173513814201,0.012349161315334534,0.0077372857469700405,4,0.25,104,9276204
68001,0.05556834061822937,0.012348444711496938,0.007736873550239878,4,0.25,104,9277244
68011,0.05556455083367226,0.012347602553162251,0.007736440648082734,4,0.25,104,9278284
68021,0.055562005907592055,0.012347024458402444,0.007736029520479474,4,0.25,104,9279324
68031,0.05555855669811132,0.012346245420490258,0.0077356217833685036,4,0.25,104,9280364
68041,0.05555544732647581,0.012345604713663675,0.007735203113427593,4,0.25,104,9281404
68051,0.05555279065626424,0.012345014349984794,0.0077348080701991695,4,0.25,104,9282444
68061,0.05555002135727238,0.012344373841992634,0.007734407129830256,4,0.25,104,9283484
68071,0.055547421998222275,0.012343846442488872,0.007734030843383719,4,0.25,104,9284524
68081,0.05554459703733992,0.012343181014632824,0.007733635467308563,4,0.25,104,9285564
68091,0.0555425068541784,0.012342716536838381,0.007733242853926577,4,0.25,104,9286604
68101,0.055539852109654606,0.012342063849189244,0.007732819178769365,4,0.25,104,9287644
68111,0.055537084817782086,0.01234153675682042,0.0077324308289763895,4,0.25,104,9288684
68121,0.055534148569243984,0.012340821529241916,0.007732014165570724,4,0.25,104,9289724
68131,0.05553149506802224,0.012340256967020468,0.007731613403856439,4,0.25,104,9290764
68141,0.055528051750624696,0.012339491799903811,0.007731200431183849,4,0.25,104,9291804
68151,0.055524214081718905,0.01233865154061462,0.007730769447921382,4,0.25,104,9292844
68161,0.055520997848195384,0.012337924295784852,0.007730351426890311,4,0.25,104,9293884
68171,0.055518177068128796,0.012337310003257121,0.007729951263347401,4,0.25,104,9294924
68181,0.055515695150649726,0.012336720873340359,0.00772953434323474,4,0.25,104,9295964
68191,0.05551270602674962,0.012336131830984516,0.0077291009455134445,4,0.25,104,9297004
68201,0.05551011209885996,0.01233554287616773,0.007728714878983796,4,0.25,104,9298044
68211,0.05550672928159135,0.01233476609091497,0.007728294310664134,4,0.25,104,9299084
68221,0.05550436169128233,0.012334189864755261,0.00772791179388583,4,0.25,104,9300124
68231,0.05550002192537321,0.012333325682605437,0.0077274790945053105,4,0.25,104,9301164
68241,0.05549776791834431,0.012332774708333508,0.00772707471526603,4,0.25,104,9302204
68251,0.05549489447260605,0.012332111136496881,0.007726649639558812,4,0.25,104,9303244
68261,0.05549207781846888,0.012331497744416876,0.007726248645004521,4,0.25,104,9304284
68271,0.05548836051630837,0.012330671692929627,0.007725831456485663,4,0.25,104,9305324
68281,0.05548458768411298,0.012329870837778952,0.007725400473846441,4,0.25,104,9306364
68291,0.055481828954114305,0.012329220262173802,0.007725011114180546,4,0.25,104,9307404
68301,0.055479239514472214,0.012328644842046488,0.007724609800207186,4,0.25,104,9308444
68311,0.05547642533280577,0.012328031986461707,0.007724215435419459,4,0.25,104,9309484
68321,0.05547327397680919,0.012327344200283204,0.0077238107240874205,4,0.25,104,9310524
68331,0.05547006691877731,0.012326631529720954,0.007723392965917079,4,0.25,104,9311564
68341,0.05546781669631956,0.01232616898764415,0.007722984227284607,4,0.25,104,9312604
68351,0.055465004317787774,0.012325506521484439,0.007722592183507857,4,0.25,104,9313644
68361,0.055462698498578385,0.012325019117161155,0.007722192767755349,4,0.25,104,9314684
68371,0.0554597744741118,0.012324231898437687,0.007721782996638346,4,0.25,104,9315724
68381,0.05545673849500306,0.0123236946802816,0.007721380382264633,4,0.25,104,9316764
68391,0.055454208907557735,0.012323070099657116,0.007720966347979016,4,0.25,104,9317804
68401,0.0554512862760005,0.012322408151762583,0.00772056043679484,4,0.25,104,9318844
68411,0.05544842031457571,0.012321833720659595,0.007720153911299055,4,0.25,104,9319884
68421,0.055445386269691886,0.012321171979462966,0.0077197331090886785,4,0.25,104,9320924
68431,0.05544240891327994,0.012320497866345283,0.007719315347737533,4,0.25,104,9321964
68441,0.05543988135978152,0.012319873789886002,0.007718914098467934,4,0.25,104,9323004
68451,0.055436848768989376,0.012319274769050686,0.007718523285114302,4,0.25,104,9324044
68461,0.05543370440535881,0.012318451263416982,0.007718116654161119,4,0.25,104,9325084
68471,0.05543044832820774,0.012317827509579323,0.0077177069377119345,4,0.25,104,9326124
68481,0.05542747346787134,0.012317166437839708,0.007717282522340416,4,0.25,104,9327164
68491,0.0554248357999014,0.012316505476524053,0.007716864925865599,4,0.25,104,9328204
68501,0.05542152523781407,0.012315832157776922,0.007716476657213217,4,0.25,104,9329244
68511,0.05541877625577381,0.012315233748403197,0.007716071002406919,4,0.25,104,9330284
68521,0.05541608378689907,0.012314598037601718,0.0077156530716112675,4,0.25,104,9331324
68531,0.055413503886280545,0.012314062125503235,0.007715267471566338,4,0.25,104,9332364
68541,0.055410868286975744,0.012313463983785326,0.007714882199906387,4,0.25,104,9333404
68551,0.05540806488624199,0.012312766266072606,0.0077144746351249455,4,0.25,104,9334444
68561,0.05540503770927845,0.012312130951644375,0.007714061151210956,4,0.25,104,9335484
68571,0.05540245940899641,0.012311595373659829,0.007713661213909258,4,0.25,104,9336524
68581,0.05539864869260913,0.012310761012939828,0.007713228640525214,4,0.25,104,9337564
68591,0.05539523094998938,0.012310026423103651,0.007712831806378426,4,0.25,104,9338604
68601,0.055391869876142134,0.012309279522506553,0.00771241569582721,4,0.25,104,9339644
68611,0.05538890145554011,0.012308532762954953,0.0077120039418969956,4,0.25,104,9340684
68621,0.05538537359961945,0.01230777370195593,0.007711571000453791,4,0.25,104,9341724
68631,0.05538279814656846,0.012307213832309373,0.007711172119491074,4,0.25,104,9342764
68641,0.05538067087954768,0.012306765993666344,0.007710792519823239,4,0.25,104,9343804
68651,0.05537770432656874,0.012306081893677769,0.007710391066501766,4,0.25,104,9344844
68661,0.055374122733119695,0.012305310868326556,0.00770998134877095,4,0.25,104,9345884
68671,0.05537233220676718,0.012304875678477867,0.007709603965329766,4,0.25,104,9346924
68681,0.05536875169465375,0.012304104888332217,0.007709206472799684,4,0.25,104,9347964
68691,0.05536556340773498,0.012303408819946751,0.0077087998840809115,4,0.25,104,9349004
68701,0.05536304674274801,0.012302750153827107,0.007708369437785197,4,0.25,104,9350044
68711,0.05536008312727492,0.012302141295996466,0.007707971550397891,4,0.25,104,9351084
68721,0.05535667278479655,0.012301457995857957,0.007707569188423218,4,0.25,104,9352124
68731,0.055354884014166855,0.012301035651219717,0.007707170159465335,4,0.25,104,9353164
68741,0.055352257083471655,0.012300464315604243,0.007706766560467846,4,0.25,104,9354204
68751,0.0553494629022989,0.012299806140013761,0.007706350304660124,4,0.25,104,9355244
68761,0.055346725030677765,0.012299234982128735,0.007705946840860762,4,0.25,104,9356284
68771,0.05534421103008972,0.012298688734440039,0.007705549656955177,4,0.25,104,9357324
68781,0.05534141811295184,0.01229801844275036,0.0077051289588242824,4,0.25,104,9358364
68791,0.055338681479761204,0.012297459953198829,0.0077047184589759884,4,0.25,104,9359404
68801,0.05533600110461799,0.012296802277853219,0.0077043084888386995,4,0.25,104,9360444
68811,0.055333265305117486,0.012296231554029561,0.0077039224621733935,4,0.25,104,9361484
68821,0.05533025083000603,0.012295561679086272,0.007703509629020584,4,0.25,104,9362524
68831,0.055327069438567536,0.012294854712090752,0.007703105981627118,4,0.25,104,9363564
68841,0.05532411181347556,0.012294197470324482,0.007702683382660834,4,0.25,104,9364604
68851,0.055321322052225154,0.012293565133374096,0.007702269366481854,4,0.25,104,9365644
68861,0.05531881164145956,0.012293007273070797,0.007701878319818969,4,0.25,104,9366684
68871,0.05531607848631356,0.01229239991479222,0.007701469562909498,4,0.25,104,9367724
68881,0.05531368034948027,0.012291891788818843,0.007701080981668666,4,0.25,104,9368764
68891,0.05531061343680347,0.012291197868723546,0.007700686976329811,4,0.25,104,9369804
68901,0.05530771429701482,0.012290479294302051,0.007700290525841912,4,0.25,104,9370844
68911,0.05530481563018921,0.012289921869741857,0.007699887130573783,4,0.25,104,9371884
68921,0.05530241901286501,0.012289364523869408,0.00769947746127266,4,0.25,104,9372924
68931,0.055299632654997204,0.012288770108315819,0.007699046842896022,4,0.25,104,9373964
68941,0.05529734816760047,0.012288237687038435,0.007698676819460632,4,0.25,104,9375004
68951,0.05529394983970786,0.012287470136236215,0.007698270586168153,4,0.25,104,9376044
68961,0.0552907749404577,0.012286776992798659,0.007697857574758796,4,0.25,104,9377084
68971,0.05528832452907852,0.012286257215085557,0.007697451162259235,4,0.25,104,9378124
68981,0.05528509495778155,0.012285502421714126,0.007697047264609973,4,0.25,104,9379164
68991,0.05528208864334788,0.012284871475733218,0.007696667601343406,4,0.25,104,9380204
69001,0.055279027179454376,0.012284166420160673,0.007696251534192562,4,0.25,104,9381244
69011,0.05527630013791391,0.012283597519775716,0.007695860274791344,4,0.25,104,9382284
69021,0.05527335095211954,0.012282892691753597,0.007695456931777655,4,0.25,104,9383324
69031,0.055271014209314545,0.012282336337493127,0.007695078804630553,4,0.25,104,9384364
69041,0.05526728718462445,0.012281545213196231,0.0076946576439863665,4,0.25,104,9385404
69051,0.05526428388324926,0.012280902541486479,0.007694243126142769,4,0.25,104,9386444
69061,0.055261614708461304,0.012280309398964911,0.007693852831644481,4,0.25,104,9387484
69071,0.05525877914989157,0.012279642220205339,0.007693441048838173,4,0.25,104,9388524
69081,0.05525588845838527,0.012278999858395985,0.007693053567283885,4,0.25,104,9389564
69091,0.05525255362993169,0.012278283501297468,0.007692643025190375,4,0.25,104,9390604
69101,0.055249830651375766,0.012277666056474495,0.007692252169501459,4,0.25,104,9391644
69111,0.0552473858836939,0.012277147477507478,0.007691854979358747,4,0.25,104,9392684
69121,0.05524466369776882,0.01227656724377943,0.0076914641314209855,4,0.25,104,9393724
69131,0.05524205301373005,0.012275974752747,0.007691069543937033,4,0.25,104,9394764
69141,0.05523927611181784,0.01227532064728583,0.00769064481552639,4,0.25,104,9395804
69151,0.055237110429933206,0.01227485173278287,0.0076902705207001435,4,0.25,104,9396844
69161,0.055234278783134465,0.012274222487782965,0.007689865832915446,4,0.25,104,9397884
69171,0.05523083699745048,0.012273445323743007,0.007689449578938677,4,0.25,104,9398924
69181,0.05522706290323358,0.012272655980581039,0.0076890355225989115,4,0.25,104,9399964
69191,0.05522439931999823,0.012272002425374446,0.007688647202378341,4,0.25,104,9401004
69201,0.055221514222690886,0.01227142294817315,0.007688258155540366,4,0.25,104,9402044
69211,0.05521957259442092,0.01227091751633554,0.007687885207043661,4,0.25,104,9403084
69221,0.05521663281896393,0.012270251924488067,0.007687494929765087,4,0.25,104,9404124
69231,0.05521347171730133,0.01226957412237108,0.007687092768921581,4,0.25,104,9405164
69241,0.055210477508970825,0.012268958039751757,0.0076866791205958025,4,0.25,104,9406204
69251,0.05520809359341204,0.012268391328778718,0.007686284693302715,4,0.25,104,9407244
69261,0.05520521114675534,0.012267726163333426,0.007685888279763549,4,0.25,104,9408284
69271,0.055201996662677416,0.012267048795390666,0.007685489094346735,4,0.25,104,9409324
69281,0.055199004390829066,0.012266371543854177,0.007685093819090879,4,0.25,104,9410364
69291,0.05519601262380394,0.012265719029748682,0.007684696313100414,4,0.25,104,9411404
69301,0.05519296597247042,0.012265042006694014,0.007684302059793944,4,0.25,104,9412444
69311,0.05519036288516323,0.012264475858547386,0.007683901621964674,4,0.25,104,9413484
69321,0.055187483318921364,0.01226381135363796,0.007683470913993129,4,0.25,104,9414524
69331,0.055184382770529505,0.012263122355794437,0.007683053729901193,4,0.25,104,9415564
69341,0.055181725589142,0.012262531882104551,0.007682660942376837,4,0.25,104,9416604
69351,0.055179068805974625,0.012261941496905236,0.007682247116795667,4,0.25,104,9417644
69361,0.055176025064698084,0.012261314309565447,0.007681850908521453,4,0.25,104,9418684
69371,0.055172705215634985,0.012260551980993491,0.007681448507971826,4,0.25,104,9419724
69381,0.05516982851599653,0.012259925014844485,0.007681039466289809,4,0.25,104,9420764
69391,0.05516623329791161,0.012259076925350047,0.007680619375993085,4,0.25,104,9421804
69401,0.05516313646398092,0.01225840104276437,0.007680219438163875,4,0.25,104,9422844
69411,0.05516009545731803,0.012257786704692852,0.007679821634408998,4,0.25,104,9423884
69421,0.05515744191425388,0.012257160178577881,0.007679421582352484,4,0.25,104,9424924
69431,0.05515523093186781,0.01225668113762438,0.007679030535451294,4,0.25,104,9425964
69441,0.05515307548963183,0.01225615303180832,0.00767863195893579,4,0.25,104,9427004
69451,0.05515058876667352,0.012255600438770714,0.007678216759654873,4,0.25,104,9428044
69461,0.055147936646821334,0.012255060200558105,0.007677839903960661,4,0.25,104,9429084
69471,0.055145340164094864,0.012254434108101741,0.007677438442277581,4,0.25,104,9430124
69481,0.055142964991915025,0.012253930851059856,0.007677045226514238,4,0.25,104,9431164
69491,0.05513948566345992,0.012253169950397094,0.007676608166680856,4,0.25,104,9432204
69501,0.05513639350065887,0.012252458273225447,0.0076761974102130094,4,0.25,104,9433244
69511,0.055133357080378684,0.012251795792884625,0.007675781017077449,4,0.25,104,9434284
69521,0.05513026598718056,0.012251133424027836,0.007675386522757432,4,0.25,104,9435324
69531,0.05512805839371169,0.012250606061871873,0.007675014467818675,4,0.25,104,9436364
69541,0.05512585107538091,0.01225011555585742,0.007674607627437442,4,0.25,104,9437404
69551,0.05512231993819511,0.01224931861395084,0.007674198228747036,4,0.25,104,9438444
69561,0.05511945140759551,0.01224875472179982,0.007673787685687098,4,0.25,104,9439484
69571,0.055116528191036886,0.01224806835344513,0.0076733734917340075,4,0.25,104,9440524
69581,0.055113660598449576,0.012247480132988795,0.007672971467337041,4,0.25,104,9441564
69591,0.05511106913544408,0.012246879748630169,0.007672570640765475,4,0.25,104,9442604
69601,0.055108588302847906,0.012246303955826049,0.007672187076512722,4,0.25,104,9443644
69611,0.05510638341011519,0.01224582623427326,0.00767181238496704,4,0.25,104,9444684
69621,0.05510368279070301,0.01224520160899034,0.007671415799787215,4,0.25,104,9445724
69631,0.05510081727777,0.012244552593668613,0.0076710238199758545,4,0.25,104,9446764
69641,0.05509784204368213,0.01224389144288529,0.007670604418782226,4,0.25,104,9447804
69651,0.055093765683091864,0.012243010081337387,0.0076701831594075155,4,0.25,104,9448844
69661,0.05509139741825979,0.012242459330643102,0.007669779315002095,4,0.25,104,9449884
69671,0.05508858895677108,0.01224188418446824,0.007669394459857396,4,0.25,104,9450924
69681,0.05508660678165894,0.012241370295210783,0.00766901268184572,4,0.25,104,9451964
69691,0.05508308346288192,0.01224064851656102,0.007668598208929086,4,0.25,104,9453004
69701,0.055080001134289125,0.012239975791345423,0.007668201157462932,4,0.25,104,9454044
69711,0.055077414594279214,0.012239401008251827,0.007667796086129115,4,0.25,104,9455084
69721,0.05507405815925364,0.012238581781839248,0.00766738501688726,4,0.25,104,9456124
69731,0.0550710874201199,0.012237933857961113,0.007666984009530748,4,0.25,104,9457164
69741,0.055068502182753845,0.012237396039998884,0.007666592823870012,4,0.25,104,9458204
69751,0.05506586233019848,0.012236809413392358,0.0076661868690089206,4,0.25,104,9459244
69761,0.05506305791841719,0.01223622287430995,0.007665787519250068,4,0.25,104,9460284
69771,0.055060803713628675,0.012235636422729722,0.00766538854133667,4,0.25,104,9461324
69781,0.05505712063128944,0.012234854623366018,0.0076649753224319215,4,0.25,104,9462364
69791,0.05505426264811456,0.012234170676457294,0.007664587970883856,4,0.25,104,9463404
69801,0.055051240283756214,0.012233584530962046,0.007664190742619655,4,0.25,104,9464444
69811,0.055048822764087076,0.012232998472870356,0.007663803582903493,4,0.25,104,9465484
69821,0.055046185846745144,0.012232388088610055,0.007663405058245376,4,0.25,104,9466524
69831,0.0550435493225345,0.012231863233960506,0.007663025014736795,4,0.25,104,9467564
69841,0.05504124268626331,0.012231301839141296,0.007662647349736543,4,0.25,104,9468604
69851,0.055038606898908465,0.012230764927831912,0.007662265417945581,4,0.25,104,9469644
69861,0.05503531271714632,0.012229971897617547,0.007661853889680752,4,0.25,104,9470684
69871,0.055032403367019596,0.01222936198327501,0.007661466597185608,4,0.25,104,9471724
69881,0.05502949449556501,0.012228691186838643,0.007661063029293325,4,0.25,104,9472764
69891,0.055026476361342225,0.012228032698112356,0.007660671284769702,4,0.25,104,9473804
69901,0.055023349020413725,0.012227288982478279,0.007660273819060217,4,0.25,104,9474844
69911,0.05501972857988693,0.012226496653533363,0.007659877088624364,4,0.25,104,9475884
69921,0.05501693147456182,0.012225948211719614,0.007659491522374072,4,0.25,104,9476924
69931,0.055014408974870754,0.012225363291513998,0.007659097975349826,4,0.25,104,9477964
69941,0.055011393415119576,0.012224668811891853,0.007658695552197394,4,0.25,104,9479004
69951,0.05500903615401564,0.012224193712371422,0.007658317759473413,4,0.25,104,9480044
69961,0.05500635035599797,0.012223584694488896,0.007657925782150702,4,0.25,105,9481094
69971,0.055003555367031984,0.012222987948584252,0.007657529257090103,4,0.25,105,9482144
69981,0.05500141832077942,0.01222239129335107,0.007657113018070423,4,0.25,105,9483194
69991,0.05499889803428363,0.012221928643538639,0.007656713799269931,4,0.25,105,9484244
70001,0.054995939895721296,0.012221295632120979,0.007656318930719383,4,0.25,105,9485294
70011,0.05499347515852583,0.012220711404458016,0.007655921239095715,4,0.25,105,9486344
70021,0.05499068220531445,0.012220115095044115,0.007655523890063886,4,0.25,105,9487394
70031,0.05498838245769108,0.012219567543723093,0.007655124011594698,4,0.25,105,9488444
70041,0.05498548082241284,0.012218947077869469,0.0076547220560267745,4,0.25,105,9489494
70051,0.05498268913271384,0.01221835103637248,0.007654328213485701,4,0.25,105,9490544
70061,0.05497989788415245,0.012217682117992323,0.007653908951286935,4,0.25,105,9491594
70071,0.05497661462693503,0.01221696467771425,0.00765352361772774,4,0.25,105,9492644
70081,0.0549736055105503,0.012216308152382215,0.007653112234428673,4,0.25,105,9493694
70091,0.05497174558590963,0.012215870529832534,0.007652737847074766,4,0.25,105,9494744
70101,0.054968846682217,0.012215226340982925,0.007652353126615075,4,0.25,105,9495794
70111,0.0549659482543125,0.01221457010636503,0.00765195511262049,4,0.25,105,9496844
70121,0.054962940954687935,0.01221391398147105,0.0076515662063283635,4,0.25,105,9497894
70131,0.05496042615189291,0.012213355146786882,0.007651177906098293,4,0.25,105,9498944
70141,0.05495758376257184,0.012212772099787371,0.007650782855612259,4,0.25,105,9499994
70151,0.054954250004386376,0.01221203126922145,0.007650377031003843,4,0.25,105,9501044
70161,0.05495135397138271,0.012211363427140659,0.007649981058516256,4,0.25,105,9502094
70171,0.05494856767109331,0.012210707838231269,0.007649588899646229,4,0.25,105,9503144
70181,0.05494512637779381,0.012210003809194115,0.007649167779996592,4,0.25,105,9504194
70191,0.05494223184103485,0.012209348447449924,0.007648776914459081,4,0.25,105,9505244
70201,0.05494053903008352,0.012208935868445696,0.007648391066174407,4,0.25,105,9506294
70211,0.05493802741621601,0.01220835347784124,0.007647990324739906,4,0.25,105,9507344
70221,0.054934970281657725,0.012207722652259011,0.007647584360445534,4,0.25,105,9508394
70231,0.05493235030202503,0.012207152570269249,0.007647190269320764,4,0.25,105,9509444
70241,0.05492962157011473,0.012206558317691997,0.007646788171750478,4,0.25,105,9510494
70251,0.054926838698177896,0.01220591565606027,0.007646400282935769,4,0.25,105,9511544
70261,0.05492454725077288,0.012205406451823353,0.007646021355365914,4,0.25,105,9512594
70271,0.05492198336477461,0.012204824585081776,0.007645632217907184,4,0.25,105,9513644
70281,0.05491914715898649,0.012204218565697459,0.007645242222597532,4,0.25,105,9514694
70291,0.05491652952747048,0.01220362475756448,0.007644835031644797,4,0.25,105,9515744
70301,0.054913530635404655,0.012202970460918613,0.007644419491638354,4,0.25,105,9516794
70311,0.0549105867645172,0.012202292046383765,0.007644021912709196,4,0.25,105,9517844
70321,0.05490775239011581,0.01220167430670618,0.007643618759626797,4,0.25,105,9518894
70331,0.054905245438486946,0.012201105103380395,0.007643213532326719,4,0.25,105,9519944
70341,0.054902629868774366,0.012200523874644318,0.00764282921016539,4,0.25,105,9520994
70351,0.05489985125086517,0.012199857989325496,0.007642433409798176,4,0.25,105,9522044
70361,0.05489701860088087,0.012199240633100626,0.007642018603905552,4,0.25,105,9523094
70371,0.05489380518347757,0.012198562863750928,0.007641621748874764,4,0.25,105,9524144
70381,0.054891409117692976,0.012197957811580175,0.007641224275336166,4,0.25,105,9525194
70391,0.054887924512154226,0.012197219774416351,0.00764082973954283,4,0.25,105,9526244
70401,0.05488476718305769,0.012196530258739515,0.007640426732195322,4,0.25,105,9527294
70411,0.05488210022483406,0.012195937614162197,0.0076400337572464505,4,0.25,105,9528344
70421,0.054878726284294535,0.012195187865796342,0.007639624956047857,4,0.25,105,9529394
70431,0.05487567940898513,0.012194547065596075,0.007639220701588254,4,0.25,105,9530444
70441,0.05487339459801655,0.01219405142412523,0.0076388281610500035,4,0.25,105,9531494
70451,0.054870946914824026,0.012193459154366286,0.007638437351388042,4,0.25,105,9532544
70461,0.0548685539531604,0.01219297573522488,0.007638041600416666,4,0.25,105,9533594
70471,0.05486594381996085,0.012192419876954564,0.007637647322110728,4,0.25,105,9534644
70481,0.0548642039458592,0.01219197283079641,0.007637268347416364,4,0.25,105,9535694
70491,0.054861159579378,0.012191308397002514,0.007636880662893702,4,0.25,105,9536744
70501,0.05485855054085864,0.01219072861960508,0.007636504245837196,4,0.25,105,9537794
70511,0.054855724518245816,0.012190124776067771,0.007636110984753803,4,0.25,105,9538844
70521,0.05485284461529282,0.012189448581821484,0.0076357058684741715,4,0.25,105,9539894
70531,0.05484953059246251,0.012188748360846996,0.007635300191367586,4,0.25,105,9540944
70541,0.05484746643423996,0.012188241382431002,0.0076349076704826605,4,0.25,105,9541994
70551,0.05484409911616092,0.012187517241397801,0.007634507683811014,4,0.25,105,9543044
70561,0.05484154690056381,0.012186986289743334,0.007634106000150424,4,0.25,105,9544094
70571,0.05483877789330478,0.01218638302297663,0.0076336938193441225,4,0.25,105,9545144
70581,0.054835846477542895,0.012185707474536135,0.0076333028187125715,4,0.25,105,9546194
70591,0.05483253565005541,0.012184947621853992,0.0076328967201931015,4,0.25,105,9547244
70601,0.05482982232100725,0.012184320552953272,0.007632493775724789,4,0.25,105,9548294
70611,0.05482591586127964,0.012183476580338339,0.007632086193812588,4,0.25,105,9549344
70621,0.054821630603448246,0.012182524315483787,0.007631647958382435,4,0.25,105,9550394
70631,0.05481832244667892,0.012181801231127595,0.0076312564692157464,4,0.25,105,9551444
70641,0.05481534021501305,0.012181090328428687,0.0076308392597687486,4,0.25,105,9552494
70651,0.054812629533487645,0.012180524108507238,0.0076304522896433885,4,0.25,105,9553544
70661,0.05480932306698016,0.012179789349480904,0.00763005058091555,4,0.25,105,9554594
70671,0.054806504929932866,0.01217918719085861,0.0076296569776621,4,0.25,105,9555644
70681,0.05480309125265977,0.012178428602912605,0.007629237725719156,4,0.25,105,9556694
70691,0.05480054497204147,0.01217781461561413,0.007628834723499793,4,0.25,105,9557744
70701,0.05479740326095327,0.01217717665246383,0.007628447839135783,4,0.25,105,9558794
70711,0.054794966112674336,0.012176635067289703,0.007628071229619488,4,0.25,105,9559844
70721,0.05479198783402171,0.012175973231660881,0.00762767145653931,4,0.25,105,9560894
70731,0.054789280745169394,0.012175323538329393,0.007627270006243514,4,0.25,105,9561944
70741,0.054787386030657165,0.012174914527511972,0.007626883591728163,4,0.25,105,9562994
70751,0.05478484202053355,0.012174361228002526,0.00762648200457364,4,0.25,105,9564044
70761,0.05478105375081275,0.012173495351092741,0.007626062322445111,4,0.25,105,9565094
70771,0.05477791551635701,0.0121727859559478,0.007625667220544625,4,0.25,105,9566144
70781,0.0547748319345252,0.012172148812380193,0.007625279405206296,4,0.25,105,9567194
70791,0.05477207339818542,0.01217149975398365,0.007624879026364362,4,0.25,105,9568244
70801,0.05476893676466671,0.012170814753644817,0.0076244866749504,4,0.25,105,9569294
70811,0.05476607101942119,0.01217017793115291,0.007624078366936685,4,0.25,105,9570344
70821,0.05476336791397743,0.012169529199799741,0.007623682631841095,4,0.25,105,9571394
70831,0.0547603949775839,0.012168880576071,0.007623303500400025,4,0.25,105,9572444
70841,0.05475763870357614,0.012168340138488516,0.007622931387884514,4,0.25,105,9573494
70851,0.05475531512177409,0.012167751746965478,0.007622541048115553,4,0.25,105,9574544
70861,0.05475212745077581,0.012167115423167488,0.007622129581073111,4,0.25,105,9575594
70871,0.05474926444215508,0.012166443193567888,0.0076217316801238865,4,0.25,105,9576644
70881,0.05474640189946663,0.012165807082736964,0.007621339802860447,4,0.25,105,9577694
70891,0.054744133800240506,0.012165327067632112,0.007620970367928153,4,0.25,105,9578744
70901,0.054741542044941825,0.012164703136119191,0.007620556796508882,4,0.25,105,9579794
70911,0.05473868075875602,0.012164079304199353,0.007620154808847896,4,0.25,105,9580844
70921,0.054735442128576034,0.012163359621857831,0.007619756176768817,4,0.25,105,9581894
70931,0.05473312147712821,0.012162867915143073,0.007619364827063915,4,0.25,105,9582944
70941,0.05473031551699975,0.012162220395818046,0.007618965738087742,4,0.25,105,9583994
70951,0.054727617900622756,0.012161632924832666,0.0076185968096870674,4,0.25,105,9585044
70961,0.054724273431018565,0.012160877734762236,0.007618190625284693,4,0.25,105,9586094
70971,0.05472044425517243,0.012160038805852001,0.007617787258338194,4,0.25,105,9587144
70981,0.05471807166330856,0.012159535534964763,0.0076174088128670835,4,0.25,105,9588194
70991,0.0547147829178309,0.012158804709360638,0.007616995142329053,4,0.25,105,9589244
71001,0.054712464991518,0.012158301597428967,0.007616606095255375,4,0.25,105,9590294
71011,0.05470993179373661,0.012157678786709968,0.007616203627505182,4,0.25,105,9591344
71021,0.05470734507489714,0.012157127921535494,0.0076158106262624375,4,0.25,105,9592394
71031,0.054704543225692605,0.012156481352842953,0.007615417059545319,4,0.25,105,9593444
71041,0.054701580217333935,0.012155846861712751,0.00761502117101746,4,0.25,105,9594494
71051,0.05469883314680689,0.012155224442281955,0.007614644351190821,4,0.25,105,9595544
71061,0.05469597880296562,0.012154602122039084,0.007614262683200704,4,0.25,105,9596594
71071,0.054693178765197706,0.012153967936139194,0.007613893316368555,4,0.25,105,9597644
71081,0.05469043300764259,0.012153345816098702,0.007613510540415185,4,0.25,105,9598694
71091,0.054687472377354156,0.012152675951506237,0.007613120659366381,4,0.25,105,9599744
71101,0.05468413553763979,0.012151958366955205,0.007612705731338519,4,0.25,105,9600794
71111,0.05468166022733033,0.0121514083081065,0.007612321084143512,4,0.25,105,9601844
71121,0.05467913146610334,0.012150882237371206,0.007611935082976548,4,0.25,105,9602894
71131,0.054676387902895,0.012150284515758183,0.007611567209062626,4,0.25,105,9603944
71141,0.05467450531330924,0.012149806404356157,0.007611195158695755,4,0.25,105,9604994
71151,0.05467187002681344,0.012149256648630957,0.00761079867693454,4,0.25,105,9606044
71161,0.05466907382861165,0.012148635278862114,0.0076104090778477,4,0.25,105,9607094
71171,0.054666170555422056,0.012147990114942048,0.007610028425513868,4,0.25,105,9608144
71181,0.05466321401117869,0.012147309224263936,0.007609638705038334,4,0.25,105,9609194
71191,0.05466079539059336,0.0121467717628922,0.007609244445233483,4,0.25,105,9610244
71201,0.054658323367128094,0.01214623437553163,0.007608862823493358,4,0.25,105,9611294
71211,0.0546550995115873,0.012145541852076919,0.007608469064320902,4,0.25,105,9612344
71221,0.05465295060334083,0.012145040446289022,0.007608084409191258,4,0.25,105,9613394
71231,0.054649298062789474,0.012144228783026245,0.0076076714025057135,4,0.25,105,9614444
71241,0.05464639805707683,0.012143500816979945,0.007607259758877917,4,0.25,105,9615494
71251,0.05464285425605861,0.012142820709153302,0.0076068720139543175,4,0.25,105,9616544
71261,0.054640545800800897,0.012142283865660207,0.007606463477674119,4,0.25,105,9617594
71271,0.05463780825897165,0.012141639750973113,0.007606078262440346,4,0.25,105,9618644
71281,0.05463474915853224,0.012141031518078991,0.007605661194262608,4,0.25,105,9619694
71291,0.05463244176884347,0.012140435303377895,0.007605246373013002,4,0.25,105,9620744
71301,0.0546292763090983,0.012139743808481736,0.007604857318919523,4,0.25,105,9621794
71311,0.05462616505759482,0.012139100113078853,0.0076044713830803745,4,0.25,105,9622844
71321,0.054623322499632476,0.012138444606583988,0.007604076694407375,4,0.25,105,9623894
71331,0.0546203195423389,0.012137813040917282,0.00760367892155177,4,0.25,105,9624944
71341,0.054617477931007206,0.012137098184338804,0.0076032969677390875,4,0.25,105,9625994
71351,0.05461452957552529,0.0121364668366859,0.007602887530158416,4,0.25,105,9627044
71361,0.054611474529797366,0.012135811772661886,0.007602488542330454,4,0.25,105,9628094
71371,0.05460900944210959,0.012135311616053414,0.007602097595249027,4,0.25,105,9629144
71381,0.05460584820613464,0.012134561501426047,0.00760168770717113,4,0.25,105,9630194
71391,0.05460268753969148,0.01213384724070087,0.007601282929456598,4,0.25,105,9631244
71401,0.05459984878241151,0.012133287827859725,0.007600893179613244,4,0.25,105,9632294
71411,0.05459711758169783,0.01213259759925319,0.007600481476270495,4,0.25,105,9633344
71421,0.05459336956712918,0.012131859903806485,0.007600095953797152,4,0.25,105,9634394
71431,0.05459026467595681,0.012131134242908242,0.007599689972085976,4,0.25,105,9635444
71441,0.054587588486734145,0.012130551432813084,0.007599305818904749,4,0.25,105,9636494
71451,0.054584859194371504,0.012129897362016868,0.007598899821040754,4,0.25,105,9637544
71461,0.05458303990208046,0.01212952875230026,0.00759853474531248,4,0.25,105,9638594
71471,0.054580525308779076,0.012128958070552821,0.007598142645253686,4,0.25,105,9639644
71481,0.05457720873719055,0.01212822106363771,0.00759773314807522,4,0.25,105,9640694
71491,0.05457490890266775,0.012127709995535021,0.007597356008097332,4,0.25,105,9641744
71501,0.054571432981177136,0.012126937577960578,0.007596957711120569,4,0.25,105,9642794
71511,0.05456940122314664,0.012126486081683674,0.007596592000279213,4,0.25,105,9643844
71521,0.05456646093770004,0.012125785177976672,0.007596194452166148,4,0.25,105,9644894
71531,0.05456304013531163,0.01212507252384994,0.00759577995312885,4,0.25,105,9645944
71541,0.05456095591113899,0.01212452624396472,0.007595391545499751,4,0.25,105,9646994
71551,0.054558444483038086,0.012123968167544881,0.007595001864643584,4,0.25,105,9648044
71561,0.05455587999164005,0.012123528887031122,0.00759461988110614,4,0.25,105,9649094
71571,0.05455363636941885,0.0121229828235756,0.00759423315009809,4,0.25,105,9650144
71581,0.05455123280713738,0.012122413099843372,0.007593846383110509,4,0.25,105,9651194
71591,0.05454818876804085,0.012121760393842171,0.007593462412914639,4,0.25,105,9652244
71601,0.054545625776732186,0.012121214578271249,0.007593084737473529,4,0.25,105,9653294
71611,0.054543597007753714,0.012120728154950933,0.007592718411413615,4,0.25,105,9654344
71621,0.054540554294615476,0.012120075731272086,0.007592328044751947,4,0.25,105,9655394
71631,0.0545372986429095,0.012119316684938123,0.007591925020690427,4,0.25,105,9656444
71641,0.05453463052699522,0.012118735640086076,0.007591532559117235,4,0.25,105,9657494
71651,0.054531536021473766,0.01211805983985437,0.007591131955054851,4,0.25,105,9658544
71661,0.05452860208140031,0.012117431569430192,0.007590743384492844,4,0.25,105,9659594
71671,0.05452540197979386,0.012116673038373806,0.007590342637734299,4,0.25,105,9660644
71681,0.05452326890344394,0.01211622273048055,0.007589958275338902,4,0.25,105,9661694
71691,0.054520176404040874,0.012115523671437515,0.007589553764770385,4,0.25,105,9662744
71701,0.054517191060527465,0.012114907655672514,0.007589137387573809,4,0.25,105,9663794
71711,0.054514526005154045,0.012114291737387022,0.007588755029147107,4,0.25,105,9664844
71721,0.054512660707650054,0.012113841704886098,0.007588372765993439,4,0.25,105,9665894
71731,0.05450941023534542,0.012113166753692329,0.007588002046032329,4,0.25,105,9666944
71741,0.05450690618451309,0.01211253927250247,0.007587600777396138,4,0.25,105,9667994
71751,0.05450413616245174,0.012111923728896752,0.007587215668292334,4,0.25,105,9669044
71761,0.05450067425095815,0.012111213607245572,0.007586820340668389,4,0.25,105,9670094
71771,0.054497905214487885,0.012110621938184445,0.007586437589406221,4,0.25,105,9671144
71781,0.054494551006873365,0.01210980558260546,0.007586037346822996,4,0.25,105,9672194
71791,0.054491889394645526,0.012109261440699272,0.007585659528629641,4,0.25,105,9673244
71801,0.05448954751056083,0.01210870554821677,0.0075852784424533855,4,0.25,105,9674294
71811,0.05448662059594029,0.012108078786012853,0.007584882402153698,4,0.25,105,9675344
71821,0.05448353456149004,0.01210742847915826,0.007584486987182103,4,0.25,105,9676394
71831,0.054481140599174166,0.012106837385435873,0.007584110660964198,4,0.25,105,9677444
71841,0.05447821508980913,0.012106234562362969,0.007583737375806243,4,0.25,105,9678494
71851,0.054475183714179684,0.012105501844436418,0.007583340729654194,4,0.25,105,9679544
71861,0.054471993359588265,0.0121048401533243,0.007582932880623292,4,0.25,105,9680594
71871,0.054468431484161424,0.012104036822584454,0.007582543323384009,4,0.25,105,9681644
71881,0.05446550809831464,0.01210335175983052,0.007582156593961912,4,0.25,105,9682694
71891,0.05446301031916725,0.012102820328756961,0.007581788698600029,4,0.25,105,9683744
71901,0.05445987531381691,0.012102111866955954,0.007581382529448654,4,0.25,105,9684794
71911,0.0544567939915687,0.012101427143232363,0.007580984463706277,4,0.25,105,9685844
71921,0.05445350076433079,0.012100718935222021,0.007580600683043794,4,0.25,105,9686894
71931,0.05445111090694786,0.012100187863864489,0.007580219917752269,4,0.25,105,9687944
71941,0.054447553279649855,0.01209942088885053,0.007579814844332005,4,0.25,105,9688994
71951,0.05444505806237577,0.01209884280770558,0.007579422313102496,4,0.25,105,9690044
71961,0.05444261627944117,0.012098300197508998,0.007579028724714699,4,0.25,105,9691094
71971,0.05443980334340487,0.012097663316959962,0.007578639027321816,4,0.25,105,9692144
71981,0.05443762760885107,0.012097191620863158,0.007578281095442941,4,0.25,105,9693194
71991,0.054434550202655106,0.012096507763193043,0.007577887914035831,4,0.25,105,9694244
72001,0.05443173856352134,0.01209584760098324,0.007577506085202741,4,0.25,105,9695294
72011,0.05442882130267446,0.012095187550899568,0.007577131736835585,4,0.25,105,9696344
72021,0.054425957556336065,0.012094621882903984,0.007576755822728392,4,0.25,105,9697394
72031,0.05442362448011128,0.01209411520857516,0.007576380445536374,4,0.25,105,9698444
72041,0.05442107966103986,0.012093502574377156,0.007575998109325951,4,0.25,105,9699494
72051,0.05441837619655529,0.012092878258138188,0.007575604544558256,4,0.25,105,9700544
72061,0.05441461324586798,0.01209201851508406,0.0075751921658436475,4,0.25,105,9701594
72071,0.054411592871475775,0.01209133556717171,0.007574816853744955,4,0.25,105,9702644
72081,0.05440942064410975,0.012090947046942536,0.007574445478769008,4,0.25,105,9703694
72091,0.05440687789160282,0.012090381995967044,0.007574055000227981,4,0.25,105,9704744
72101,0.05440380589241394,0.012089640491279046,0.0075736606289924365,4,0.25,105,9705794
72111,0.05440089328839948,0.012089063863260292,0.00757327944451234,4,0.25,105,9706844
72121,0.05439808705639787,0.01208840496461936,0.007572892530014835,4,0.25,105,9707894
72131,0.05439586356987473,0.012087875573489707,0.007572497734711652,4,0.25,105,9708944
72141,0.05439252887042228,0.012087134547122675,0.0075720819824083175,4,0.25,105,9709994
72151,0.05438982981780974,0.012086558291025324,0.007571691613734109,4,0.25,105,9711044
72161,0.05438654917795746,0.012085817515961874,0.0075712873533260085,4,0.25,105,9712094
72171,0.05438400975069921,0.012085288477426548,0.0075708783732948755,4,0.25,105,9713144
72181,0.0543813120135728,0.01208468898754716,0.0075704911667425516,4,0.25,105,9714194
72191,0.05437861469292853,0.012084054334432687,0.007570093724406644,4,0.25,105,9715244
72201,0.054375018913077285,0.012083243539734834,0.007569673955518417,4,0.25,105,9716294
72211,0.054372269698371105,0.01208270310399641,0.007569261257260172,4,0.25,105,9717344
72221,0.054370049494615824,0.012082209728370173,0.007568887018708515,4,0.25,105,9718394
72231,0.05436756531542334,0.012081551991732819,0.007568500519586646,4,0.25,105,9719444
72241,0.05436455306143853,0.012080964821044309,0.007568123464196032,4,0.25,105,9720494
72251,0.054362122498355786,0.012080459925285367,0.007567731494336795,4,0.25,105,9721544
72261,0.05436006206848728,0.012079931616326745,0.007567353712851368,4,0.25,105,9722594
72271,0.054357896237614674,0.012079473806727208,0.0075669697044469,4,0.25,105,9723644
72281,0.054354938463500556,0.012078840005656045,0.007566581749977617,4,0.25,105,9724694
72291,0.054352192407457714,0.012078147637613385,0.007566181571940608,4,0.25,105,9725744
72301,0.054349024417758476,0.012077490588977257,0.007565783262302908,4,0.25,105,9726794
72311,0.05434691274389111,0.012077021336630306,0.007565410009499523,4,0.25,105,9727844
72321,0.05434369293285799,0.012076270650896085,0.007565005161767852,4,0.25,105,9728894
72331,0.05434015710322427,0.012075426303020258,0.007564602862817738,4,0.25,105,9729944
72341,0.054336569232077206,0.012074699372902849,0.007564218435449196,4,0.25,105,9730994
72351,0.054334089810852276,0.012074207013750839,0.0075638474422971185,4,0.25,105,9732044
72361,0.05433171622686866,0.012073691275941713,0.007563482194637459,4,0.25,105,9733094
72371,0.05432939570122646,0.012073105293470039,0.007563081903253534,4,0.25,105,9734144
72381,0.054326179119085966,0.01207236708157477,0.007562696001295769,4,0.25,105,9735194
72391,0.05432343758260057,0.012071828158447635,0.0075623108794835945,4,0.25,105,9736244
72401,0.05432064376732956,0.01207119560509686,0.007561917369164502,4,0.25,105,9737294
72411,0.05431821930901259,0.012070656844717398,0.007561549043021002,4,0.25,105,9738344
72421,0.05431616405380684,0.012070153288559189,0.007561160722187549,4,0.25,105,9739394
72431,0.054312897223213814,0.012069450761315879,0.007560777336630335,4,0.25,105,9740444
72441,0.05431010509474798,0.012068806889799617,0.007560379933128334,4,0.25,105,9741494
72451,0.05430747142079517,0.012068280165344716,0.007560019162633705,4,0.25,105,9742544
72461,0.05430420621709629,0.01206754287129831,0.00755962402546964,4,0.25,105,9743594
72471,0.05430188934642134,0.01206703971934898,0.007559242442294858,4,0.25,105,9744644
72481,0.05429894104685011,0.012066337755970763,0.007558837692742719,4,0.25,105,9745694
72491,0.05429562480531062,0.012065635919675065,0.007558459164265047,4,0.25,105,9746744
72501,0.054293466954965314,0.012065179794212559,0.007558100457622894,4,0.25,105,9747794
72511,0.05429067793416794,0.012064548324473194,0.007557720200845196,4,0.25,105,9748844
72521,0.05428820502460088,0.0120639871043882,0.007557337114894573,4,0.25,105,9749894
72531,0.0542850486281717,0.012063297382678187,0.007556959768364481,4,0.25,105,9750944
72541,0.05428247132809631,0.012062712968823634,0.007556570319027812,4,0.25,105,9751994
72551,0.05427931596909082,0.01206202347380474,0.0075561765679028016,4,0.25,105,9753044
72561,0.054276792092881186,0.01206145093558109,0.007555798519006062,4,0.25,105,9754094
72571,0.05427342749272568,0.012060738302095758,0.007555408685735,4,0.25,105,9755144
72581,0.05427137750780564,0.012060212672859205,0.007555040918118641,4,0.25,105,9756194
72591,0.054268486912983305,0.01205960536786599,0.007554661074111492,4,0.25,105,9757244
72601,0.05426617478211445,0.012059091568749002,0.007554289123592908,4,0.25,105,9758294
72611,0.05426365280718444,0.012058531138320346,0.007553900270373666,4,0.25,105,9759344
72621,0.05426055337939555,0.012057819041608698,0.007553513025884601,4,0.25,105,9760394
72631,0.054258189779416065,0.012057340492772885,0.007553144058755475,4,0.25,105,9761444
72641,0.0542553538824021,0.01205669862984637,0.007552750613865186,4,0.25,105,9762494
72651,0.054252728463140484,0.012056103542880474,0.007552376582427447,4,0.25,105,9763544
72661,0.054249735967466725,0.012055380226932484,0.007551980110317688,4,0.25,105,9764594
72671,0.054246166644575426,0.012054645382935717,0.007551564189288121,4,0.25,105,9765644
72681,0.0542420733212024,0.012053735769214613,0.007551153947589777,4,0.25,105,9766694
72691,0.054239554830763294,0.012053187771775197,0.007550775065506406,4,0.25,105,9767744
72701,0.05423729899211619,0.012052698137538148,0.007550406231133529,4,0.25,105,9768794
72711,0.0542345713912476,0.012052115320348633,0.007550021546050912,4,0.25,105,9769844
72721,0.05423189665890719,0.012051497629888108,0.007549635884184082,4,0.25,105,9770894
72731,0.054229222337099654,0.012050856734523796,0.007549262912960906,4,0.25,105,9771944
72741,0.05422597175353324,0.012050146047358521,0.007548877218069735,4,0.25,105,9772994
72751,0.05422371767266753,0.01204964514954248,0.007548508004135877,4,0.25,105,9774044
72761,0.05422135906310025,0.01204914431652663,0.007548131303793951,4,0.25,105,9775094
72771,0.0542187387602812,0.012048515455200975,0.007547743661464661,4,0.25,105,9776144
72781,0.05421554252451011,0.012047875053294152,0.007547363485548137,4,0.25,105,9777194
72791,0.05421308025101443,0.012047316243652942,0.007546982885141756,4,0.25,105,9778244
72801,0.054210513570480456,0.012046710957568754,0.007546607631910266,4,0.25,105,9779294
72811,0.05420700463978021,0.012045942846139026,0.0075462142825908785,4,0.25,105,9780344
72821,0.054204595932428074,0.012045465762761795,0.007545855693302065,4,0.25,105,9781394
72831,0.05420124524152326,0.012044686265267661,0.0075454468589835145,4,0.25,105,9782444
72841,0.05419831391575395,0.012043965079077394,0.007545058622450064,4,0.25,105,9783494
72851,0.05419465045233414,0.01204317425519579,0.007544668484523442,4,0.25,105,9784544
72861,0.054190883122495065,0.012042325462356536,0.0075442719328838465,4,0.25,105,9785594
72871,0.054187796612552346,0.012041662835741221,0.007543881139126536,4,0.25,105,9786644
72881,0.054184449152572686,0.012040965456626453,0.0075434914908935665,4,0.25,105,9787694
72891,0.05418240960972787,0.012040442504777406,0.007543111422487163,4,0.25,105,9788744
72901,0.05417948145322035,0.012039815055861769,0.007542733617561979,4,0.25,105,9789794
72911,0.05417681516774664,0.012039280642604814,0.007542356969744015,4,0.25,105,9790844
72921,0.054173992487043854,0.012038606922416139,0.0075419719686643715,4,0.25,105,9791894
72931,0.054171327042190895,0.01203804944961312,0.007541596192097031,4,0.25,105,9792944
72941,0.054168139497111384,0.012037294666582371,0.007541215011167575,4,0.25,105,9793994
72951,0.05416526598147204,0.012036690946200072,0.007540817559007171,4,0.25,105,9795044
72961,0.05416281080765873,0.012036110534698996,0.00754044327229784,4,0.25,105,9796094
72971,0.05415988594634863,0.012035495393605095,0.007540045918245757,4,0.25,105,9797144
72981,0.054156909360164436,0.012034787522132476,0.007539669721558525,4,0.25,105,9798194
72991,0.054153306805412485,0.012034056577768272,0.007539262868632165,4,0.25,105,9799244
73001,0.05415106211227538,0.012033441763325629,0.007538887058927361,4,0.25,105,9800294
73011,0.05414886990085389,0.012033035807382166,0.007538533901285181,4,0.25,105,9801344
73021,0.054145686466612754,0.012032305194088561,0.00753814700238532,4,0.25,105,9802394
73031,0.05414354710861609,0.012031771817617708,0.007537778237443462,4,0.25,105,9803444
73041,0.05414119933558487,0.012031319664771932,0.007537420997525383,4,0.25,105,9804494
73051,0.05413812162428861,0.012030624148267272,0.007536998742089614,4,0.25,105,9805544
73061,0.05413546166852706,0.012030067825157429,0.007536606804586949,4,0.25,105,9806594
73071,0.054132384972230996,0.01202937253385572,0.007536216635348627,4,0.25,105,9807644
73081,0.05413009084110566,0.012028851147452013,0.007535844161390791,4,0.25,105,9808694
73091,0.054127484241203304,0.012028248744087084,0.0075354712369782315,4,0.25,105,9809744
73101,0.05412456531306966,0.012027658016599403,0.007535072946489221,4,0.25,105,9810794
73111,0.05412149054372532,0.012026928419060445,0.007534689176930723,4,0.25,105,9811844
73121,0.054118572621433846,0.012026303159366442,0.007534287455007458,4,0.25,105,9812894
73131,0.054115967747394314,0.01202572430540647,0.007533874467446949,4,0.25,105,9813944
73141,0.05411367578101654,0.012025157112651348,0.007533495170520544,4,0.25,105,9814994
73151,0.05411107164047256,0.012024624721749031,0.007533120951473809,4,0.25,105,9816044
73161,0.054108415818911314,0.012024069261625124,0.007532760580135842,4,0.25,105,9817094
73171,0.0541063851702673,0.012023560159994813,0.007532376724580311,4,0.25,105,9818144
73181,0.05410393829345351,0.012023039557261726,0.0075319936626677296,4,0.25,105,9819194
73191,0.05410169996314117,0.012022495891527976,0.007531619161461105,4,0.25,105,9820244
73201,0.05409826494700781,0.01202180196134205,0.007531222462490056,4,0.25,105,9821294
73211,0.05409576717977448,0.012021246906942253,0.007530837355966791,4,0.25,105,9822344
73221,0.05409420625751676,0.012020830668483315,0.007530469986042365,4,0.25,105,9823394
73231,0.054091396950684704,0.012020264193765822,0.007530085308214605,4,0.25,105,9824444
73241,0.05408832804190442,0.012019570664399468,0.007529690465243394,4,0.25,105,9825494
73251,0.05408593570930001,0.012019073711624364,0.007529327706949455,4,0.25,105,9826544
73261,0.05408323172984793,0.012018426613176241,0.007528942544118277,4,0.25,105,9827594
73271,0.05408084009872171,0.012017895149134062,0.00752856694447074,4,0.25,105,9828644
73281,0.0540778250329561,0.012017236697330638,0.007528197851555126,4,0.25,105,9829694
73291,0.054075070344077034,0.012016636102389766,0.0075278215934973984,4,0.25,105,9830744
73301,0.054072420018014496,0.01201605869534929,0.007527433562215574,4,0.25,105,9831794
73311,0.05406987400709863,0.012015435192728345,0.007527051580560101,4,0.25,105,9832844
73321,0.054067068631276013,0.012014881052703954,0.007526656788318747,4,0.25,105,9833894
73331,0.054064004016267916,0.012014188489517828,0.007526268435726284,4,0.25,105,9834944
73341,0.05406192661867758,0.012013669148660519,0.007525871261954203,4,0.25,105,9835994
73351,0.05405891483342661,0.01201298834094279,0.007525483604310539,4,0.25,105,9837044
73361,0.05405548826467867,0.012012319189370917,0.0075251113296279214,4,0.25,105,9838094
73371,0.054052944734176225,0.012011707824709282,0.007524742717016364,4,0.25,105,9839144
73381,0.05405055726899618,0.012011165752153568,0.007524374727951151,4,0.25,105,9840194
73391,0.05404806635087798,0.012010658348972575,0.007523989914907499,4,0.25,105,9841244
73401,0.054045679556252925,0.012010104894310581,0.007523621097756398,4,0.25,105,9842294
73411,0.054042566838833975,0.012009436242488028,0.007523219637761727,4,0.25,105,9843344
73421,0.054040232666910444,0.012008906014801209,0.0075228287538775755,4,0.25,105,9844394
73431,0.054037483933466586,0.012008272142545127,0.007522459892770063,4,0.25,105,9845444
73441,0.05403494303870133,0.012007730552399083,0.0075221006975535,4,0.25,105,9846494
73451,0.05403302465026899,0.012007281205521626,0.007521731241330636,4,0.25,105,9847544
73461,0.05403115831362391,0.012006866470237632,0.00752136204456984,4,0.25,105,9848594
73471,0.054027892707233544,0.012006106238002632,0.00752098279414485,4,0.25,105,9849644
73481,0.05402416133774925,0.012005323125102605,0.007520593861334936,4,0.25,105,9850694
73491,0.05402167420364838,0.012004712867928485,0.007520219489633426,4,0.25,105,9851744
73501,0.05401903201411165,0.01200413724211148,0.007519851074250192,4,0.25,105,9852794
73511,0.05401639022675118,0.012003619252320104,0.007519469052726093,4,0.25,105,9853844
73521,0.05401405957180885,0.012003101332090909,0.007519104860745211,4,0.25,105,9854894
73531,0.05401198814126279,0.012002594988445695,0.007518735576990037,4,0.25,105,9855944
73541,0.054009554526280146,0.012002019678629423,0.007518355290662406,4,0.25,105,9856994
73551,0.05400712125254802,0.01200153648470588,0.007517994084086394,4,0.25,105,9858044
73561,0.05400474008095694,0.01200101884411277,0.0075176185316715395,4,0.25,105,9859094
73571,0.05400220397495369,0.012000351765393968,0.007517230547277379,4,0.25,105,9860144
73581,0.053999616493755107,0.011999822785015818,0.007516858781156761,4,0.25,105,9861194
73591,0.05399677071007041,0.011999259385738375,0.007516475833038069,4,0.25,105,9862244
73601,0.0539942874984478,0.0119986385920887,0.0075160907777030665,4,0.25,105,9863294
73611,0.05399170119759452,0.01199805237875285,0.007515713321556438,4,0.25,105,9864344
73621,0.05398921871149041,0.011997523713766263,0.0075153528081927405,4,0.25,105,9865394
73631,0.05398637463286681,0.01199691468964154,0.007514975836557268,4,0.25,105,9866444
73641,0.05398347932277519,0.011996259808809605,0.007514591609578492,4,0.25,105,9867494
73651,0.05398115308448988,0.011995742876212783,0.007514196091347455,4,0.25,105,9868544
73661,0.053977638471836356,0.011995019287037762,0.0075138114572082795,4,0.25,105,9869594
73671,0.05397495130737488,0.011994410658491201,0.007513428420769392,4,0.25,105,9870644
73681,0.053972471217390565,0.011993848049676206,0.007513072746401816,4,0.25,105,9871694
73691,0.0539700947972825,0.011993308481654679,0.007512702096042622,4,0.25,105,9872744
73701,0.05396720220361746,0.011992677168190986,0.007512328317568124,4,0.25,105,9873794
73711,0.05396400025197843,0.011991954154390473,0.007511928628591028,4,0.25,105,9874844
73721,0.053961676625109326,0.011991472220554128,0.0075115516079651235,4,0.25,105,9875894
73731,0.05395945656147391,0.011990864151973289,0.007511152860125321,4,0.25,105,9876944
73741,0.05395651412455419,0.011990256179351389,0.007510771635710327,4,0.25,105,9877994
73751,0.05395439794361191,0.01198980886454158,0.007510412141339283,4,0.25,105,9879044
73761,0.05395176598145374,0.011989246927243222,0.007510050983312125,4,0.25,105,9880094
73771,0.05394903122846729,0.01198865067526421,0.007509688457183258,4,0.25,105,9881144
73781,0.053946193733382476,0.01198793988005042,0.007509286486753616,4,0.25,105,9882194
73791,0.0539430472365863,0.01198727506132276,0.007508904269545571,4,0.25,105,9883244
73801,0.05393974660800199,0.011986484305725317,0.0075085156602022985,4,0.25,105,9884294
73811,0.0539361888218661,0.011985728082704676,0.007508134998529919,4,0.25,105,9885344
73821,0.05393376582047456,0.011985258382566037,0.007507752109850034,4,0.25,105,9886394
73831,0.053931600871805215,0.011984754377849767,0.007507358768508665,4,0.25,105,9887444
73841,0.053928817763769475,0.011984170273099398,0.0075069881058612425,4,0.25,105,9888494
73851,0.05392634426518858,0.01198358625694336,0.0075066081176780024,4,0.25,105,9889544
73861,0.05392366504015091,0.011982956534862333,0.007506211958157666,4,0.25,105,9890594
73871,0.053920471120934475,0.011982281129299664,0.007505838544633599,4,0.25,105,9891644
73881,0.05391861685737149,0.011981834739815513,0.007505476949054891,4,0.25,105,9892694
73891,0.05391619631194335,0.011981354070558278,0.007505117726453072,4,0.25,105,9893744
73901,0.05391382759494323,0.011980804807746341,0.0075047320498617945,4,0.25,105,9894794
73911,0.05391094437658404,0.011980152659935513,0.007504350321950129,4,0.25,105,9895844
73921,0.05390831900593411,0.011979592129946294,0.007503967704750572,4,0.25,105,9896894
73931,0.05390564256709127,0.011979008807865534,0.007503592670436614,4,0.25,105,9897944
73941,0.05390265779623664,0.011978288355568176,0.0075032179366299,4,0.25,105,9898994
73951,0.05389936485285888,0.011977602335888916,0.0075028335225923205,4,0.25,105,9900044
73961,0.053896895556172886,0.011976985022720245,0.007502471014580046,4,0.25,105,9901094
73971,0.053894529477212814,0.011976504958710346,0.007502115911652094,4,0.25,105,9902144
73981,0.05389200944432395,0.011975944959718026,0.007501740212677333,4,0.25,105,9903194
73991,0.053889952546485584,0.011975533583815602,0.007501361535831979,4,0.25,105,9904244
74001,0.05388691906812434,0.011974745236253224,0.007500972357796501,4,0.25,105,9905294
74011,0.05388440014257359,0.011974288297126665,0.007500609053928532,4,0.25,105,9906344
74021,0.053881676002974103,0.011973580148715898,0.007500209661321837,4,0.25,105,9907394
74031,0.05387823289268199,0.011972894967893288,0.007499824887433906,4,0.25,105,9908444
74041,0.0538754069706012,0.011972232742418445,0.007499421429625039,4,0.25,105,9909494
74051,0.0538730438263639,0.011971707610164382,0.007499069765220424,4,0.25,105,9910544
74061,0.053870218751245716,0.011971079828734693,0.007498706241908936,4,0.25,105,9911594
74071,0.05386754819513857,0.011970486384148396,0.007498330558091975,4,0.25,105,9912644
74081,0.05386390252421678,0.011969619206743162,0.007497944992329333,4,0.25,105,9913694
74091,0.05386102760711009,0.011969048801911646,0.007497557889822593,4,0.25,105,9914744
74101,0.05385871775191105,0.011968489887249759,0.0074971817652142395,4,0.25,105,9915794
74111,0.05385497130914062,0.011967702981868701,0.007496796443861428,4,0.25,105,9916844
74121,0.05385199526153847,0.01196705305103885,0.0074964253408477365,4,0.25,105,9917894
74131,0.053849635311848686,0.011966471627088745,0.007496046882082544,4,0.25,105,9918944
74141,0.053847275684012985,0.011966015669820414,0.007495704793903509,4,0.25,105,9919994
74151,0.053845224095284284,0.011965548369733037,0.007495325159576337,4,0.25,105,9921044
74161,0.0538418907824145,0.01196479624986065,0.007494946937517097,4,0.25,105,9922094
74171,0.05383896825191476,0.011964192381322368,0.007494551089108506,4,0.25,105,9923144
74181,0.05383625125420448,0.011963554434598688,0.007494178022824744,4,0.25,105,9924194
74191,0.053834149718518444,0.011963132992164468,0.007493828434430217,4,0.25,105,9925244
74201,0.053831894695935974,0.011962620489309949,0.007493456009018017,4,0.25,105,9926294
74211,0.05382861518784113,0.011961846170186044,0.007493049506480963,4,0.25,105,9927344
74221,0.053825694899414425,0.011961185844777237,0.007492670225958541,4,0.25,105,9928394
74231,0.05382251900514361,0.011960480105127931,0.007492286284978801,4,0.25,105,9929444
74241,0.05382031671127905,0.011959979336251321,0.007491920030395185,4,0.25,105,9930494
74251,0.05381647617216502,0.011959194170992105,0.007491522292506269,4,0.25,105,9931544
74261,0.05381412106347558,0.011958682193116224,0.007491145100699416,4,0.25,105,9932594
74271,0.053810589001816664,0.011957829048229271,0.0074907393188997865,4,0.25,105,9933644
74281,0.05380797881124,0.011957294507308792,0.007490362293157302,4,0.25,105,9934694
74291,0.05380516434142624,0.01195661222270377,0.007489977941565524,4,0.25,105,9935744
74301,0.05380153179417218,0.011955850481407675,0.007489590866539497,4,0.25,105,9936794
74311,0.053798974120291373,0.011955293482642765,0.007489213481717121,4,0.25,105,9937844
74321,0.05379621225751106,0.011954645646912915,0.007488835615737325,4,0.25,105,9938894
74331,0.053794320124800746,0.011954270634057242,0.007488464477767516,4,0.25,105,9939944
74341,0.053791507877847804,0.011953611609271785,0.007488081774885902,4,0.25,105,9940994
74351,0.05378879832729469,0.011952941337994452,0.007487712705845569,4,0.25,105,9942044
74361,0.05378552698330726,0.011952259826139013,0.007487336243555467,4,0.25,105,9943094
74371,0.053782000759164825,0.01195154436883478,0.00748695640427387,4,0.25,105,9944144
74381,0.05377980362104828,0.011950987994186969,0.007486580390891848,4,0.25,105,9945194
74391,0.05377658506265366,0.011950329532447684,0.007486197626078459,4,0.25,105,9946244
74401,0.053774133230037824,0.011949716583354048,0.007485810263499638,4,0.25,105,9947294
74411,0.053771324266181815,0.011949149125134539,0.007485446241953598,4,0.25,105,9948344
74421,0.05376846469941326,0.011948502325056625,0.007485049991876067,4,0.25,105,9949394
74431,0.05376580981117163,0.011947912356866241,0.007484659670249638,4,0.25,105,9950444
74441,0.053763512641011355,0.011947401880642503,0.00748430760329625,4,0.25,105,9951494
74451,0.053760348151325715,0.011946698669023807,0.007483945961878741,4,0.25,105,9952544
74461,0.05375764348258785,0.011946063620855258,0.007483556120694183,4,0.25,105,9953594
74471,0.053754071927559814,0.011945247284712546,0.007483183258777485,4,0.25,105,9954644
74481,0.053751368241397895,0.011944691821891765,0.00748282477270238,4,0.25,105,9955694
74491,0.05374789998083551,0.011943921108703421,0.007482443933242739,4,0.25,105,9956744
74501,0.05374535023355327,0.0119433771690417,0.007482065670152135,4,0.25,105,9957794
74511,0.05374325972167612,0.011942912614961937,0.007481706575621611,4,0.25,105,9958844
74521,0.05374116946285727,0.011942402803263879,0.007481334194646515,4,0.25,105,9959894
74531,0.05373826391364238,0.011941802445231721,0.007480951811691077,4,0.25,105,9960944
74541,0.05373586847765163,0.011941247480798473,0.007480576236168897,4,0.25,105,9961994
74551,0.05373270904911025,0.011940556718858585,0.00748018976302805,4,0.25,105,9963044
74561,0.05373021249037519,0.011939990613285,0.007479823230741299,4,0.25,105,9964094
74571,0.053727869110689844,0.011939390632569503,0.007479459364472683,4,0.25,105,9965144
74581,0.05372496579884327,0.01193883601688798,0.007479077312908,4,0.25,105,9966194
74591,0.05372226666622635,0.011938213584585916,0.00747870969140207,4,0.25,105,9967244
74601,0.053719822532930006,0.011937693082394884,0.007478336224979841,4,0.25,105,9968294
74611,0.05371758238140984,0.01193717265082859,0.00747797443638192,4,0.25,105,9969344
74621,0.05371468079918009,0.011936505244134185,0.0074775899329793056,4,0.25,105,9970394
74631,0.0537115252459896,0.011935871880790448,0.007477232746182505,4,0.25,105,9971444
74641,0.05370913351751658,0.011935216007581743,0.007476868133287223,4,0.25,105,9972494
74651,0.053706335107184616,0.011934650689663286,0.007476499360478285,4,0.25,105,9973544
74661,0.05370368975471907,0.01193407415123308,0.007476143253758632,4,0.25,105,9974594
74671,0.05370048535168895,0.011933384679883582,0.007475746163305507,4,0.25,105,9975644
74681,0.05369748494236666,0.011932740531804462,0.0074753749587093046,4,0.25,105,9976694
74691,0.05369377329357242,0.01193188183601306,0.007474976298120094,4,0.25,105,9977744
74701,0.053691892351818815,0.011931441264149627,0.007474593786558418,4,0.25,105,9978794
74711,0.053688944261185076,0.011930808736676827,0.007474230162654771,4,0.25,105,9979844
74721,0.05368655566069489,0.011930311824014002,0.0074738675645124744,4,0.25,105,9980894
74731,0.053683862529214484,0.011929679482866544,0.007473494748304088,4,0.25,105,9981944
74741,0.05368142382955047,0.011929137559185626,0.0074731260033499254,4,0.25,105,9982994
74751,0.053678782293967636,0.01192859571211649,0.007472754327530854,4,0.25,105,9984044
74761,0.05367593801572232,0.011927952368202313,0.007472387222470162,4,0.25,105,9985094
74771,0.05367375433469402,0.011927421972867636,0.007472026627979866,4,0.25,105,9986144
74781,0.05367141860990283,0.011926959347517141,0.007471651852900343,4,0.25,105,9987194
74791,0.05366882937174522,0.011926350121287128,0.007471265954999737,4,0.25,105,9988244
74801,0.05366629128033354,0.011925786109275258,0.00747089187995489,4,0.25,105,9989294
74811,0.053663855064006845,0.011925256013670303,0.007470518906473619,4,0.25,105,9990344
74821,0.05366096250413465,0.011924523023553872,0.007470139733395752,4,0.25,105,9991394
74831,0.05365807042946429,0.011923993102659862,0.007469773506332792,4,0.25,105,9992444
74841,0.05365578755526208,0.011923474527643625,0.007469403911879353,4,0.25,105,9993494
74851,0.05365355570385616,0.01192297856504242,0.007469032695213961,4,0.25,105,9994544
74861,0.05365041131268837,0.011922302355867024,0.0074686435021200474,4,0.25,105,9995594
74871,0.053647926635064326,0.011921716404455301,0.007468270998473164,4,0.25,105,9996644
74881,0.05364574649870003,0.011921198137528304,0.007467886745776662,4,0.25,105,9997694
74891,0.05364326249336922,0.011920668676347767,0.007467511698305574,4,0.25,105,9998744
74901,0.053641539108192644,0.011920206865720435,0.007467165556046004,4,0.25,105,9999794
74911,0.053637839480945255,0.01191945231940243,0.007466774676059847,4,0.25,105,10000844
74921,0.05363474862058736,0.011918787991241322,0.007466401760242364,4,0.25,105,10001894
74931,0.05363221554185595,0.011918202577206383,0.007466030272802706,4,0.25,105,10002944
74941,0.053629733485907556,0.011917639763482183,0.007465648259361929,4,0.25,105,10003994
74951,0.053626796004115,0.01191702076391597,0.007465271031932364,4,0.25,105,10005044
74961,0.05362385902302789,0.011916368109124642,0.007464873771148062,4,0.25,105,10006094
74971,0.05362147942276508,0.011915828065142612,0.007464495742772211,4,0.25,105,10007144
74981,0.053618847056456476,0.011915243103445923,0.007464120108349792,4,0.25,105,10008194
74991,0.05361606326048776,0.011914669477817599,0.007463769649946556,4,0.25,105,10009244
75001,0.05361378594379096,0.011914107183180039,0.007463406569194317,4,0.25,105,10010294
75011,0.05361135713777418,0.011913589945051158,0.0074630357480807265,4,0.25,105,10011344
75021,0.05360872631766119,0.011912949116488672,0.007462653881311094,4,0.25,105,10012394
75031,0.0536058429956365,0.011912364594527125,0.007462288143673991,4,0.25,105,10013444
75041,0.053603010728185144,0.01191172397106899,0.007461900801680382,4,0.25,105,10014494
75051,0.05360043174693476,0.01191112839983459,0.007461526535349434,4,0.25,105,10015544
75061,0.053597094814977375,0.011910353172361757,0.007461144824418906,4,0.25,105,10016594
75071,0.05359441562552286,0.01190982520876912,0.007460780135830506,4,0.25,105,10017644
75081,0.053591736852847974,0.011909218702212185,0.007460400708901645,4,0.25,105,10018694
75091,0.053589311154141374,0.011908702124292871,0.007460048993470975,4,0.25,105,10019744
75101,0.05358638055740142,0.011908062113608363,0.00745966986960797,4,0.25,105,10020794
75111,0.05358476388994017,0.011907702856280893,0.00745931642312639,4,0.25,105,10021844
75121,0.05358218763989976,0.011907096686025642,0.007458953027831159,4,0.25,105,10022894
75131,0.05357925825535486,0.011906445721231264,0.007458554345397811,4,0.25,105,10023944
75141,0.0535763293691989,0.011905794867187245,0.007458189472133324,4,0.25,105,10024994
75151,0.05357375438098328,0.011905200218064314,0.007457826168852461,4,0.25,105,10026044
75161,0.05357107882092852,0.011904672965035697,0.00745746719480286,4,0.25,105,10027094
75171,0.05356794944822565,0.011903854184199873,0.007457068117935081,4,0.25,105,10028144
75181,0.05356582987380947,0.011903428038876184,0.007456719618352898,4,0.25,105,10029194
75191,0.05356355919085023,0.011902945879057018,0.007456356130324301,4,0.25,105,10030244
75201,0.053561137459198056,0.011902430147468647,0.0074559881230477805,4,0.25,105,10031294
75211,0.05355917005313289,0.011901992951247206,0.007455622456799169,4,0.25,105,10032344
75221,0.05355654719488345,0.011901398892898138,0.00745527121124288,4,0.25,105,10033394
75231,0.05355316833220039,0.011900625634438703,0.0074548950511761315,4,0.25,105,10034444
75241,0.05355084890011513,0.011900110215659296,0.007454563018704961,4,0.25,105,10035494
75251,0.05354802566561164,0.011899527651995314,0.007454185988715161,4,0.25,105,10036544
75261,0.053544749277823545,0.011898765971884748,0.007453808106526607,4,0.25,105,10037594
75271,0.05354197743696594,0.011898138819834553,0.0074534415244396765,4,0.25,105,10038644
75281,0.053539357198095966,0.011897545359965522,0.007453080909119337,4,0.25,105,10039694
75291,0.05353658622584398,0.011896974381777822,0.007452732196752901,4,0.25,105,10040744
75301,0.05353326164824909,0.011896179632564743,0.007452358083176697,4,0.25,105,10041794
75311,0.05353013914544885,0.011895496951811095,0.007451978375530737,4,0.25,105,10042844
75321,0.05352777246456372,0.011895026980196215,0.007451616075261889,4,0.25,105,10043894
75331,0.0535262619874544,0.011894657757322484,0.00745125299151927,4,0.25,105,10044944
75341,0.05352334210782919,0.011894076023962042,0.007450869751562714,4,0.25,105,10045994
75351,0.053521127357388405,0.01189348319453099,0.007450492526307387,4,0.25,105,10047044
75361,0.05351790641130607,0.011892800995231162,0.007450114790844769,4,0.25,105,10048094
75371,0.05351478669502241,0.011892152459652559,0.007449744831534722,4,0.25,105,10049144
75381,0.05351217059516317,0.01189154874959969,0.007449371927077131,4,0.25,105,10050194
75391,0.05350970578835606,0.011891023375889301,0.007448999514988052,4,0.25,105,10051244
75401,0.05350719104356682,0.011890453371239104,0.007448630268822627,4,0.25,105,10052294
75411,0.05350502865720713,0.011889972845153762,0.007448262114248444,4,0.25,105,10053344
75421,0.05350221293384095,0.011889280099974399,0.007447890340506567,4,0.25,105,10054394
75431,0.05349954847753396,0.011888755038133742,0.007447533825626119,4,0.25,105,10055444
75441,0.053496984956605945,0.0118881965409252,0.007447172359072348,4,0.25,105,10056494
75451,0.05349422080362179,0.011887515284896595,0.007446786011693032,4,0.25,105,10057544
75461,0.05349155758580164,0.011886923472556172,0.007446422301424548,4,0.25,105,10058594
75471,0.0534887440681091,0.011886331751904155,0.0074460263512078255,4,0.25,105,10059644
75481,0.05348578032443933,0.011885650828388836,0.0074456541802204075,4,0.25,105,10060694
75491,0.05348321885611724,0.011885092784889433,0.00744528601261095,4,0.25,105,10061744
75501,0.053480808411130315,0.011884579456883634,0.0074449368457225155,4,0.25,105,10062794
75511,0.05347794644680855,0.011883943472245627,0.007444563246602422,4,0.25,105,10063844
75521,0.05347528574970608,0.01188332990326079,0.007444179970897108,4,0.25,105,10064894
75531,0.05347252508450781,0.011882749892339216,0.00744382236955909,4,0.25,105,10065944
75541,0.05347001577374561,0.011882181121048125,0.007443444922588207,4,0.25,105,10066994
75551,0.05346720578073996,0.011881545535745917,0.007443088613363748,4,0.25,105,10068044
75561,0.053464346081221276,0.011880876612884067,0.007442703387922937,4,0.25,105,10069094
75571,0.0534608849765204,0.01188014093309512,0.007442317873900094,4,0.25,105,10070144
75581,0.053458277068505214,0.011879572550354637,0.007441964937870864,4,0.25,105,10071194
75591,0.053455870120191824,0.011879037679197813,0.007441604175170654,4,0.25,105,10072244
75601,0.05345371418205259,0.011878558587427795,0.007441251928626522,4,0.25,105,10073294
75611,0.05345135800105111,0.011878023858337743,0.007440886255223358,4,0.25,105,10074344
75621,0.05344905226452583,0.011877500342023263,0.007440528082016982,4,0.25,105,10075394
75631,0.05344579468625748,0.011876809855868586,0.007440145666784571,4,0.25,105,10076444
75641,0.053442688033481844,0.011876108360793194,0.0074397601642875325,4,0.25,105,10077494
75651,0.05343968213036776,0.011875462653924276,0.007439392435874176,4,0.25,105,10078544
75661,0.0534368770954821,0.011874817056307042,0.007439015766765034,4,0.25,105,10079594
75671,0.053434322908794823,0.01187423833750814,0.007438649593905831,4,0.25,105,10080644
75681,0.05343186924416415,0.011873704213442549,0.007438284731328085,4,0.25,105,10081694
75691,0.05342996664360582,0.011873270292694173,0.007437918030805128,4,0.25,105,10082744
75701,0.05342766377764489,0.011872714056232084,0.007437558249464284,4,0.25,105,10083794
75711,0.05342451035371538,0.01187208004558213,0.007437182835033124,4,0.25,105,10084844
75721,0.05342225826267138,0.011871579585283065,0.007436822736567402,4,0.25,105,10085894
75731,0.05342005650376315,0.011871090309804856,0.007436452143929134,4,0.25,105,10086944
75741,0.05341695450460394,0.011870334280221679,0.007436050508567611,4,0.25,105,10087994
75751,0.05341440328032779,0.01186981181793605,0.0074356893154579546,4,0.25,105,10089044
75761,0.05341175240982445,0.011869222744185906,0.007435320795226107,4,0.25,105,10090094
75771,0.053409351974739436,0.011868678209769112,0.007434956619407469,4,0.25,105,10091144
75781,0.05340640189988374,0.011868055979916935,0.00743457383579128,4,0.25,105,10092194
75791,0.0534037022758188,0.011867489394626401,0.0074342058412682115,4,0.25,105,10093244
75801,0.05340165284487705,0.011866989536333345,0.007433848854405287,4,0.25,105,10094294
75811,0.05339875406790283,0.011866356476551763,0.007433471143266497,4,0.25,105,10095344
75821,0.05339570588250453,0.011865668004536449,0.007433103927794145,4,0.25,105,10096394
75831,0.05339370736636555,0.011865201690894108,0.007432748101636653,4,0.25,105,10097444
75841,0.05339110964339116,0.011864635529569918,0.00743240039516447,4,0.25,105,10098494
75851,0.05338871209435144,0.011864113847493961,0.007432037604390311,4,0.25,105,10099544
75861,0.053385765565997834,0.011863403586680022,0.007431641731868831,4,0.25,105,10100594
75871,0.05338331883390422,0.011862915359128782,0.007431288090285707,4,0.25,105,10101644
75881,0.05338072268355399,0.011862338443545863,0.00743093166358455,4,0.25,105,10102694
75891,0.05337827667066885,0.011861817075737245,0.00743056133520038,4,0.25,105,10103744
75901,0.05337553156147202,0.011861195964639847,0.007430199474658615,4,0.25,105,10104794
75911,0.053373784902548606,0.011860752375822205,0.007429834270913516,4,0.25,105,10105844
75921,0.05337099061824542,0.011860197962399531,0.007429478291490823,4,0.25,105,10106894
75931,0.05336819678918613,0.011859521687234855,0.007429097412229277,4,0.25,105,10107944
75941,0.053365403415246135,0.011858923117552518,0.007428721132226409,4,0.25,105,10108994
75951,0.05336266036586429,0.011858324641884656,0.007428363065530825,4,0.25,105,10110044
75961,0.05335936928577485,0.011857615459096959,0.007427985888809202,4,0.25,105,10111094
75971,0.053356577349518194,0.011856972876199287,0.007427592785081125,4,0.25,105,10112144
75981,0.0533539354000006,0.011856407935947534,0.007427237134899393,4,0.25,105,10113194
75991,0.053351543042303766,0.011855843079461416,0.007426863606048764,4,0.25,105,10114244
76001,0.05334910118815372,0.011855344746226053,0.007426517998350814,4,0.25,105,10115294
76011,0.05334636074573883,0.011854735760792965,0.00742615229468016,4,0.25,105,10116344
76021,0.053344168707224235,0.011854226502280192,0.007425805082394461,4,0.25,105,10117394
76031,0.05334187733030135,0.011853639832314817,0.007425421084688241,4,0.25,105,10118444
76041,0.05333948665485765,0.011853197122359412,0.007425074754963568,4,0.25,105,10119494
76051,0.05333724569945634,0.011852677003911337,0.007424712370127436,4,0.25,105,10120544
76061,0.0533347560926411,0.01185216802058691,0.007424353634325199,4,0.25,105,10121594
76071,0.053332266847457004,0.011851504231512922,0.007423968189742338,4,0.25,105,10122644
76081,0.053329678415989006,0.011851006465629591,0.007423610973624479,4,0.25,105,10123694
76091,0.053326891311616574,0.011850387114499275,0.00742325051533278,4,0.25,105,10124744
76101,0.053324353450232044,0.011849801035672132,0.0074228861242066875,4,0.25,105,10125794
76111,0.05332181596470501,0.011849226102600436,0.007422518260440639,4,0.25,105,10126844
76121,0.05331922911144727,0.011848629148597615,0.007422161170568136,4,0.25,105,10127894
76131,0.05331654317719766,0.011848021236095152,0.007421785462128171,4,0.25,105,10128944
76141,0.053313758208634945,0.011847413420653527,0.007421409892417433,4,0.25,105,10129994
76151,0.05331127201210539,0.01184688304283762,0.007421056530403463,4,0.25,105,10131044
76161,0.05330903474371473,0.011846407975456556,0.007420715750917094,4,0.25,105,10132094
76171,0.05330669835312315,0.011845833554563241,0.007420351664565566,4,0.25,105,10133144
76181,0.05330401438284366,0.011845303396825617,0.007419987313000218,4,0.25,105,10134194
76191,0.05330078423562702,0.011844552466422905,0.007419615720955536,4,0.25,105,10135244
76201,0.053297803101920116,0.011843878963730854,0.007419244185148182,4,0.25,105,10136294
76211,0.05329551791747309,0.011843382193870466,0.007418874980742195,4,0.25,105,10137344
76221,0.05329258736636081,0.011842753045129351,0.007418513165858638,4,0.25,105,10138394
76231,0.0532897069743873,0.011842112965449863,0.00741815289522112,4,0.25,105,10139444
76241,0.053287472521272514,0.011841605392600726,0.007417790663006069,4,0.25,105,10140494
76251,0.05328598304784765,0.011841274403305345,0.007417460131974569,4,0.25,105,10141544
76261,0.05328320304410077,0.011840678695125973,0.0074170846140149665,4,0.25,105,10142594
76271,0.05328052275365426,0.011840061022186144,0.007416687986967246,4,0.25,105,10143644
76281,0.0532770985486449,0.011839300098768815,0.0074163029298750195,4,0.25,105,10144694
76291,0.05327431998714872,0.011838682649607059,0.00741594495924215,4,0.25,105,10145744
76301,0.053271442666706185,0.011838043254329801,0.007415560837252293,4,0.25,105,10146794
76311,0.053268565829861676,0.011837437030492207,0.0074151747233769496,4,0.25,105,10147844
76321,0.05326683004153484,0.011837018241365276,0.007414824750822946,4,0.25,105,10148894
76331,0.05326400356300608,0.011836368107508544,0.007414454169571422,4,0.25,105,10149944
76341,0.053261127976213025,0.01183577316713483,0.007414090382969562,4,0.25,105,10150994
76351,0.05325820330601114,0.011835101216794985,0.007413732901265488,4,0.25,105,10152044
76361,0.053256270323808426,0.01183464964475477,0.007413371684180078,4,0.25,105,10153094
76371,0.05325354469431485,0.011834076996366722,0.007413005747339498,4,0.25,105,10154144
76381,0.05325126541028599,0.011833548474389406,0.007412647108603026,4,0.25,105,10155194
76391,0.053248243349675775,0.011832920949946285,0.0074122981031184395,4,0.25,105,10156244
76401,0.05324641055656709,0.011832502657850033,0.007411953840258096,4,0.25,105,10157294
76411,0.05324398364621811,0.011831996365826247,0.007411605910271574,4,0.25,105,10158344
76421,0.05324130949066419,0.011831380101309593,0.0074112425483693935,4,0.25,105,10159394
76431,0.053239180369425425,0.011830873958752375,0.00741088426882418,4,0.25,105,10160444
76441,0.05323660597211121,0.011830279877380705,0.0074105173279552265,4,0.25,105,10161494
76451,0.053234328943565556,0.011829828877600035,0.007410174400588191,4,0.25,105,10162544
76461,0.053232052218102906,0.011829278950278457,0.007409832163708867,4,0.25,105,10163594
76471,0.053229874764244525,0.011828784083708509,0.007409483249703789,4,0.25,105,10164644
76481,0.053227202813334276,0.011828212318130249,0.007409117216678508,4,0.25,105,10165694
76491,0.05322522385953527,0.011827805537301363,0.007408749105651973,4,0.25,105,10166744
76501,0.05322294834572709,0.0118272668945584,0.007408383315037954,4,0.25,105,10167794
76511,0.05322032693342862,0.011826695357177447,0.007408013332382267,4,0.25,105,10168844
76521,0.0532177059229212,0.011826101928559032,0.007407662917697561,4,0.25,105,10169894
76531,0.053214541464484226,0.011825387739228732,0.007407293378505044,4,0.25,105,10170944
76541,0.05321197077316714,0.011824816484401802,0.007406934869023392,4,0.25,105,10171994
76551,0.05320915334396895,0.011824234332274395,0.007406571518756107,4,0.25,105,10173044
76561,0.053207176477867,0.01182372914046126,0.007406221328616852,4,0.25,105,10174094
76571,0.053204903364408924,0.01182323499607424,0.007405866526936593,4,0.25,105,10175144
76581,0.05320213650373983,0.011822620150587118,0.007405490949190619,4,0.25,105,10176194
76591,0.053199765265268095,0.011822104196352429,0.007405134375138178,4,0.25,105,10177244
76601,0.05319754252790318,0.011821665141560496,0.0074047917351802075,4,0.25,105,10178294
76611,0.0531956163892932,0.0118211932142539,0.007404438562501376,4,0.25,105,10179344
76621,0.05319344357038587,0.011820743291656194,0.007404104121518189,4,0.25,105,10180394
76631,0.053190678563943085,0.01182007399324181,0.007403734705131846,4,0.25,105,10181444
76641,0.05318776591599419,0.01181947062855826,0.007403369529178964,4,0.25,105,10182494
76651,0.053185643451361654,0.01181895510195802,0.0074030123951074325,4,0.25,105,10183544
76661,0.0531832744998434,0.011818461578231047,0.007402659963737621,4,0.25,105,10184594
76671,0.05318095521965174,0.011817946188586214,0.007402305945279223,4,0.25,105,10185644
76681,0.053178241568027834,0.011817332198620974,0.007401964169292515,4,0.25,105,10186694
76691,0.05317567633005362,0.011816751192408421,0.007401600826704233,4,0.25,105,10187744
76701,0.05317311147715789,0.011816170275089195,0.007401242026085046,4,0.25,105,10188794
76711,0.05317049769632519,0.011815600404845344,0.007400859701678614,4,0.25,105,10189844
76721,0.05316813084362044,0.011815074446686075,0.007400509077278025,4,0.25,105,10190894
76731,0.053165468526231933,0.011814482830844212,0.007400147218606781,4,0.25,105,10191944
76741,0.053162855914418286,0.011813902260493333,0.007399777948625989,4,0.25,105,10192994
76751,0.05316068725719322,0.011813420345008766,0.0073994264763205,4,0.25,105,10194044
76761,0.0531573855124459,0.01181269758648324,0.007399055254441655,4,0.25,105,10195094
76771,0.05315521754961735,0.011812248669420133,0.00739871328302365,4,0.25,105,10196144
76781,0.053152852813067655,0.01181166844066857,0.007398341303097652,4,0.25,105,10197194
76791,0.053149897352747666,0.011811044520054161,0.007397977302660209,4,0.25,105,10198244
76801,0.05314694240380792,0.01181039881550711,0.00739760296705973,4,0.25,105,10199294
76811,0.05314418491271164,0.011809764162178162,0.007397228639942143,4,0.25,105,10200344
76821,0.053141329409142665,0.011809129614977296,0.007396861489684655,4,0.25,105,10201394
76831,0.053138425162625416,0.011808517049388224,0.007396492658295099,4,0.25,105,10202444
76841,0.053136456462886235,0.011808024880837662,0.0073961380120458175,4,0.25,105,10203494
76851,0.05313394669990448,0.011807499971411386,0.0073957894215726985,4,0.25,105,10204544
76861,0.05313109290796178,0.011806865802735008,0.007395416808054041,4,0.25,105,10205594
76871,0.053128436358024625,0.011806253602516987,0.007395050201263502,4,0.25,105,10206644
76881,0.05312627206739837,0.011805761727496372,0.007394697174068746,4,0.25,105,10207694
76891,0.053123419558044546,0.011805149705418296,0.0073943200927375835,4,0.25,105,10208744
76901,0.053121255903369385,0.011804690753654826,0.007393940449251571,4,0.25,105,10209794
76911,0.05311791261280024,0.011803915032891712,0.00739356229834641,4,0.25,105,10210844
76921,0.053116044588568126,0.01180351084691698,0.007393203170495084,4,0.25,105,10211894
76931,0.05311373442034141,0.011802964718079926,0.007392857210129289,4,0.25,105,10212944
76941,0.05311112971211371,0.011802440508374812,0.007392510104077362,4,0.25,105,10213994
76951,0.05310823059879814,0.011801796266536546,0.007392147078167379,4,0.25,105,10215044
76961,0.05310533197793534,0.011801141217575164,0.007391785804816701,4,0.25,105,10216094
76971,0.053102925022969774,0.011800595429868863,0.007391430809298661,4,0.25,105,10217144
76981,0.053100076412976975,0.011799940588306706,0.007391075418322538,4,0.25,105,10218194
76991,0.05309767019924082,0.01179943861969131,0.007390705915393836,4,0.25,105,10219244
77001,0.05309477337172067,0.011798805797454764,0.007390345609814692,4,0.25,105,10220294
77011,0.05309276061172336,0.011798358521316643,0.007389978951737725,4,0.25,105,10221344
77021,0.05308981553727305,0.011797704065976963,0.007389604354892146,4,0.25,105,10222394
77031,0.0530874107702532,0.011797082438041692,0.007389245627263323,4,0.25,105,10223444
77041,0.0530850554087766,0.011796613558102059,0.007388912567213148,4,0.25,105,10224494
77051,0.053083240039594824,0.011796221052056357,0.007388550642566239,4,0.25,105,10225544
77061,0.05308083619936607,0.011795686873021108,0.007388182225985562,4,0.25,105,10226594
77071,0.0530782365086393,0.011795109172278044,0.0073878367105680975,4,0.25,105,10227644
77081,0.05307632378172264,0.0117946841279637,0.007387485238672845,4,0.25,105,10228694
77091,0.05307294025184203,0.011793943139059383,0.007387117496830137,4,0.25,105,10229744
77101,0.05307053786284046,0.011793420175287565,0.007386751163626017,4,0.25,105,10230794
77111,0.05306887109792103,0.011793038893031346,0.007386391830593077,4,0.25,105,10231844
77121,0.053066959421113474,0.011792592296891346,0.0073860361226668935,4,0.25,105,10232894
77131,0.05306441085205371,0.011792047738679413,0.007385686238379322,4,0.25,105,10233944
77141,0.053062009664382834,0.011791525036417339,0.007385333233967669,4,0.25,105,10234994
77151,0.05305853099234981,0.011790773778230589,0.007384961021717013,4,0.25,105,10236044
77161,0.05305720830333203,0.01179041453349066,0.00738463216289521,4,0.25,105,10237094
77171,0.05305510201043767,0.011789968246566206,0.007384271468954924,4,0.25,105,10238144
77181,0.0530519675447184,0.011789282591054714,0.007383907268728813,4,0.25,105,10239194
77191,0.0530497150034308,0.011788771151093617,0.007383550470312691,4,0.25,105,10240244
77201,0.05304692422385306,0.011788150986760977,0.007383178377521357,4,0.25,105,10241294
77211,0.053043742313452644,0.011787422151468092,0.007382806045033298,4,0.25,105,10242344
77221,0.053041344035165514,0.011786921838276542,0.007382452725603328,4,0.25,105,10243394
77231,0.053038358894921714,0.011786247607662106,0.007382085140122568,4,0.25,105,10244444
77241,0.05303654849081853,0.01178583442886594,0.007381720339827224,4,0.25,105,10245494
77251,0.053033955544285326,0.011785258228450586,0.007381360366702789,4,0.25,105,10246544
77261,0.05303111843221871,0.011784616900907752,0.007380988851596059,4,0.25,105,10247594
77271,0.053028673025033946,0.01178411695816948,0.0073806457649289135,4,0.25,105,10248644
77281,0.053026716951945725,0.011783649680077795,0.007380298818435379,4,0.25,105,10249694
77291,0.05302388104479434,0.011783052082840018,0.0073799385409493235,4,0.25,105,10250744
77301,0.053022267722080824,0.011782682706265202,0.007379593326359204,4,0.25,105,10251794
77311,0.05301962806895488,0.011782063538142469,0.007379217170285167,4,0.25,105,10252844
77321,0.053017135438716674,0.011781487911255571,0.007378866966479719,4,0.25,105,10253894
77331,0.053014789766914275,0.01178098838150252,0.00737850721628164,4,0.25,105,10254944
77341,0.05301195584436863,0.01178041291806895,0.007378157769489322,4,0.25,105,10255994
77351,0.053009317788522,0.011779783265872227,0.007377784773793613,4,0.25,105,10257044
77361,0.053006924350642,0.011779283961012155,0.007377428334839833,4,0.25,105,10258094
77371,0.053005019609824934,0.011778871541455675,0.007377086720399866,4,0.25,105,10259144
77381,0.05300321274491696,0.01177843746415233,0.007376740341473056,4,0.25,105,10260194
77391,0.05300077134010198,0.011777905787296794,0.007376385903503715,4,0.25,105,10261244
77401,0.05299823265031607,0.011777309096114337,0.007376031265326408,4,0.25,105,10262294
77411,0.05299608482375378,0.011776886044824474,0.007375708865768411,4,0.25,105,10263344
77421,0.052993498028674126,0.011776267824157423,0.007375350858918104,4,0.25,105,10264394
77431,0.05299115560993323,0.01177568223457675,0.007374980479227123,4,0.25,105,10265444
77441,0.05298798409812433,0.011775042527326392,0.0073746273283477855,4,0.25,105,10266494
77451,0.052985349752890105,0.011774435447597003,0.0073742591211045615,4,0.25,105,10267544
77461,0.05298193546748707,0.011773709248035164,0.007373904800338374,4,0.25,105,10268594
77471,0.05297915576938069,0.011773102382197632,0.007373533864731929,4,0.25,105,10269644
77481,0.05297642527985667,0.011772484779432536,0.007373168264543597,4,0.25,105,10270694
77491,0.05297437770010454,0.011771986436679555,0.0073728241954886566,4,0.25,105,10271744
77501,0.05297198916832711,0.011771542316948989,0.0073724790892174975,4,0.25,105,10272794
77511,0.052969552236466766,0.011770968288220046,0.007372129777367806,4,0.25,105,10273844
77521,0.05296638474659595,0.011770275237552578,0.007371777595786784,4,0.25,105,10274894
77531,0.0529638511790801,0.011769723053712796,0.007371431880574243,4,0.25,105,10275944
77541,0.05296161026064457,0.011769225074689282,0.007371078676135826,4,0.25,105,10276994
77551,0.05295912610901665,0.011768618927851015,0.007370715868989909,4,0.25,105,10278044
77561,0.05295688581267951,0.011768121094194423,0.00737036173318066,4,0.25,105,10279094
77571,0.05295342854284981,0.011767298729987895,0.007369979460107426,4,0.25,105,10280144
77581,0.0529506534964702,0.011766757798431239,0.0073696224248446145,4,0.25,105,10281194
77591,0.052947538194237254,0.011766054703088238,0.0073692705384315466,4,0.25,105,10282244
77601,0.05294515342647396,0.011765503135195001,0.007368913441731635,4,0.25,105,10283294
77611,0.05294301228719026,0.011765092215351155,0.007368553694446802,4,0.25,105,10284344
77621,0.05294067680619417,0.01176452997635857,0.007368195851368111,4,0.25,105,10285394
77631,0.05293756333023563,0.011763870533340394,0.007367830759187796,4,0.25,105,10286444
77641,0.052935909527897396,0.011763470599359309,0.007367471478966119,4,0.25,105,10287494
77651,0.05293367228652788,0.011763005864378498,0.007367096476404211,4,0.25,105,10288544
77661,0.05293143533939736,0.011762476352305281,0.007366726298402883,4,0.25,105,10289594
77671,0.05292895558971182,0.011761882090372862,0.007366366562389488,4,0.25,105,10290644
77681,0.05292574703850933,0.011761179901266286,0.007365989370057332,4,0.25,105,10291694
77691,0.05292307370818998,0.011760650644946361,0.00736563113455764,4,0.25,105,10292744
77701,0.05292103253890929,0.011760153859521906,0.007365269373958982,4,0.25,105,10293794
77711,0.05291908879593107,0.011759721925278355,0.0073649161693956034,4,0.25,105,10294844
77721,0.052916999520013525,0.011759279243914095,0.007364566314520794,4,0.25,105,10295894
77731,0.05291423041037129,0.011758620716390245,0.007364210761731914,4,0.25,105,10296944
77741,0.05291136461391659,0.011758070232279592,0.007363867994731868,4,0.25,105,10297994
77751,0.05290874210489242,0.011757455080234803,0.0073634780431560895,4,0.25,105,10299044
77761,0.05290582868036808,0.011756796870561621,0.007363108670522508,4,0.25,105,10300094
77771,0.05290325557063053,0.011756192713452837,0.007362753608360679,4,0.25,105,10301144
77781,0.05290058577416312,0.011755621010890062,0.007362384303158212,4,0.25,105,10302194
77791,0.052897188457749045,0.011754876848504991,0.007362026815850817,4,0.25,105,10303244
77801,0.05289471369759716,0.011754272998391099,0.007361682469821933,4,0.25,105,10304294
77811,0.05289199672890381,0.011753755489408959,0.007361334458538806,4,0.25,105,10305344
77821,0.052889377206102095,0.011753130260652313,0.007360988395418641,4,0.25,105,10306394
77831,0.05288690358303861,0.011752591353411739,0.0073606481455979035,4,0.25,105,10307444
77841,0.05288472127342848,0.011752095626663947,0.007360296457094193,4,0.25,105,10308494
77851,0.05288219984243335,0.011751546092635899,0.007359934021193185,4,0.25,105,10309544
77861,0.0528802605346961,0.011751147461137583,0.007359597581770584,4,0.25,105,10310594
77871,0.0528782244997622,0.01175065192389874,0.007359247220705475,4,0.25,105,10311644
77881,0.05287584943399667,0.011750145681274188,0.007358893980416429,4,0.25,105,10312694
77891,0.05287308702007593,0.011749499512716841,0.007358542814907502,4,0.25,105,10313744
77901,0.05287076112510426,0.011749014958865845,0.0073581908531702616,4,0.25,105,10314794
77911,0.05286799953836026,0.011748390514516618,0.0073578493245535495,4,0.25,105,10315844
77921,0.052864511859837544,0.011747626249092034,0.007357464788502796,4,0.25,105,10316894
77931,0.0528622839956194,0.011747163459340801,0.007357113927215741,4,0.25,105,10317944
77941,0.05285995957923943,0.011746636163435487,0.0073567574044283894,4,0.25,105,10318994
77951,0.052857732311995906,0.011746087423472742,0.00735640721318798,4,0.25,105,10320044
77961,0.052855408518405755,0.011745581792569263,0.007356061307147081,4,0.25,105,10321094
77971,0.052853327056613275,0.011745130009495067,0.007355709141895967,4,0.25,105,10322144
77981,0.05285095546923767,0.011744613752197557,0.0073553640317422855,4,0.25,105,10323194
77991,0.052848003547673064,0.01174393627165532,0.0073549921466775706,4,0.25,105,10324244
78001,0.052845729466255154,0.011743441680138189,0.0073546450984323525,4,0.25,105,10325294
78011,0.052843068693815276,0.0117428611554124,0.00735430368661273,4,0.25,105,10326344
78021,0.0528402148741193,0.011742216232675223,0.00735395931309788,4,0.25,105,10327394
78031,0.052838135273778335,0.011741743359385909,0.007353632475826488,4,0.25,105,10328444
78041,0.05283600757428631,0.011741292035618122,0.007353297340296022,4,0.25,105,10329494
78051,0.05283349336408123,0.011740701098031386,0.007352967031922267,4,0.25,105,10330544
78061,0.05283112454516526,0.011740185446315608,0.007352626679315632,4,0.25,105,10331594
78071,0.05282880438994587,0.011739702086838522,0.007352289184214689,4,0.25,105,10332644
78081,0.05282691949730577,0.011739165093384019,0.007351934021067053,4,0.25,105,10333694
78091,0.05282430999144899,0.011738703340147472,0.007351585147861993,4,0.25,105,10334744
78101,0.05282194245363723,0.011738145016386993,0.007351243379165078,4,0.25,105,10335794
78111,0.05281976847508875,0.011737672653134426,0.007350894619910111,4,0.25,105,10336844
78121,0.052816918569489765,0.011737050082860466,0.007350534695033689,4,0.25,105,10337894
78131,0.052814648648122374,0.01173652419839531,0.007350181165699949,4,0.25,105,10338944
78141,0.05281141332758693,0.01173580525055102,0.007349808808314542,4,0.25,105,10339994
78151,0.05280899931113386,0.011735290267700565,0.007349445068254233,4,0.25,105,10341044
78161,0.05280644082858984,0.011734700269636276,0.007349100978753623,4,0.25,105,10342094
78171,0.05280325533295111,0.011733992393798257,0.007348753285944713,4,0.25,105,10343144
78181,0.05280060121003391,0.011733402598770717,0.007348393208878006,4,0.25,105,10344194
78191,0.05279794750225644,0.011732855780358419,0.007348040067080541,4,0.25,105,10345244
78201,0.052795535400794,0.011732255443641107,0.007347679441901651,4,0.25,105,10346294
78211,0.05279259310138208,0.011731676638048189,0.007347336939506179,4,0.25,105,10347344
78221,0.052790712226543066,0.011731205084376212,0.007347000136779268,4,0.25,105,10348394
78231,0.05278834937169139,0.011730712159511304,0.007346636903092356,4,0.25,105,10349444
78241,0.052786035057466436,0.011730187158266821,0.007346301003350836,4,0.25,105,10350494
78251,0.05278314260868132,0.011729522975762437,0.0073459344623686895,4,0.25,105,10351544
78261,0.05278116638567687,0.011729126664543307,0.007345611633072863,4,0.25,105,10352594
78271,0.05277875666923034,0.011728516212584403,0.007345254389351677,4,0.25,105,10353644
78281,0.0527762509272888,0.011727959395281493,0.0073448882213786055,4,0.25,105,10354694
78291,0.05277393826330313,0.011727509718283478,0.0073445406014035,4,0.25,105,10355744
78301,0.05277133689326752,0.01172686741564257,0.00734415901378471,4,0.25,105,10356794
78311,0.052768784084758824,0.011726300139365653,0.00734380109360804,4,0.25,105,10357844
78321,0.05276618350527925,0.01172580785559144,0.00734344385160047,4,0.25,105,10358894
78331,0.05276420925759347,0.011725337035637929,0.00734309597884859,4,0.25,105,10359944
78341,0.05276218709586678,0.011724898369993842,0.00734275383234535,4,0.25,105,10360994
78351,0.05275997262401848,0.011724374178041905,0.007342401131921493,4,0.25,105,10362044
78361,0.05275775844139573,0.011723924928699097,0.007342067583802092,4,0.25,105,10363094
78371,0.05275520767644961,0.011723326012901917,0.007341703397003149,4,0.25,105,10364144
78381,0.05275352341943397,0.011722919659977253,0.007341371543762335,4,0.25,105,10365194
78391,0.0527504440678984,0.011722256757193631,0.007341014386089812,4,0.25,105,10366244
78401,0.052748279233763705,0.011721807760293032,0.007340659897141036,4,0.25,105,10367294
78411,0.052745537507402046,0.011721091614110415,0.007340290255099992,4,0.25,105,10368344
78421,0.05274231534338444,0.011720493148622146,0.007339943587626559,4,0.25,105,10369394
78431,0.05274000730397424,0.011719926831367813,0.00733959322481061,4,0.25,105,10370444
78441,0.05273721884235276,0.011719328550935871,0.00733923040359361,4,0.25,105,10371494
78451,0.05273467116651027,0.011718741046590157,0.007338872250460209,4,0.25,105,10372544
78461,0.05273231610881236,0.011718217710826019,0.007338534227973707,4,0.25,105,10373594
78471,0.052729336708924386,0.011717598346155843,0.007338165882177117,4,0.25,105,10374644
78481,0.05272703043651535,0.011717075169181737,0.007337810500829046,4,0.25,105,10375694
78491,0.05272458036601552,0.011716520040465691,0.007337460780588678,4,0.25,105,10376744
78501,0.05272213064978831,0.011715964993592558,0.007337111766555103,4,0.25,105,10377794
78511,0.05271987338177611,0.011715410028542069,0.0073367574260635535,4,0.25,105,10378844
78521,0.052716608079505664,0.011714737776625852,0.0073363865546828355,4,0.25,105,10379894
78531,0.052713967486561944,0.011714172324332334,0.007336023858887188,4,0.25,105,10380944
78541,0.05271132730520889,0.011713606956970766,0.007335680354906244,4,0.25,105,10381994
78551,0.05270926345003896,0.011713148325087915,0.007335346384740896,4,0.25,105,10383044
78561,0.05270695990873042,0.011712583111510792,0.007334989092542275,4,0.25,105,10384094
78571,0.05270470466141593,0.011712113942075756,0.007334644874260498,4,0.25,105,10385144
78581,0.0527021618704214,0.011711559544505,0.007334303445826291,4,0.25,105,10386194
78591,0.052699571494863706,0.011710930615382167,0.007333945407715145,4,0.25,105,10387244
78601,0.05269741315121782,0.011710504282538342,0.0073336016342678305,4,0.25,105,10388294
78611,0.05269511122118846,0.011709982090624689,0.007333233948818649,4,0.25,105,10389344
78621,0.052692282194200205,0.011709321461843556,0.007332864268601745,4,0.25,105,10390394
78631,0.0526894536398295,0.011708714211900234,0.007332527083040834,4,0.25,105,10391444
78641,0.05268734451702858,0.011708256175915676,0.0073321748712353646,4,0.25,105,10392494
78651,0.05268571492026528,0.011707851446339618,0.007331823439013094,4,0.25,105,10393544
78661,0.05268279162507694,0.011707212488279804,0.00733147961092925,4,0.25,105,10394594
78671,0.05268049168207275,0.011706733340946745,0.007331148001382631,4,0.25,105,10395644
78681,0.05267814414587039,0.01170619038107336,0.007330780245263974,4,0.25,105,10396694
78691,0.05267584483420148,0.011705679431600736,0.007330425175903791,4,0.25,105,10397744
78701,0.05267416844966569,0.01170531755104753,0.007330099785275618,4,0.25,105,10398794
78711,0.05267201334206399,0.01170484928671633,0.007329749564886988,4,0.25,105,10399844
78721,0.05266961909986681,0.011704295958569543,0.007329383683508306,4,0.25,105,10400894
78731,0.05266698582460368,0.011703721434724342,0.007329043270840947,4,0.25,105,10401944
78741,0.052664879499365255,0.011703242731890641,0.007328699380519066,4,0.25,105,10402994
78751,0.05266239054386044,0.011702689640053915,0.007328361519217419,4,0.25,105,10404044
78761,0.05265947127413573,0.011702040924456637,0.007327995783621115,4,0.25,105,10405094
78771,0.05265727019067504,0.011701551803097869,0.007327646920611124,4,0.25,105,10406144
78781,0.052654543158334476,0.01170095643687528,0.007327294485107692,4,0.25,105,10407194
78791,0.0526519600593969,0.011700361164913714,0.007326921593904491,4,0.25,105,10408244
78801,0.05264980777817422,0.011699925400554305,0.007326570465880702,4,0.25,105,10409294
78811,0.052647560132308445,0.011699415301574843,0.007326208943572854,4,0.25,105,10410344
78821,0.05264512153521854,0.0116989052718007,0.0073258760608325086,4,0.25,105,10411394
78831,0.05264234865588581,0.011698257208796026,0.007325527008482931,4,0.25,105,10412444
78841,0.052640006405100075,0.011697736714505002,0.007325192780245563,4,0.25,105,10413494
78851,0.05263747331525463,0.011697131332226893,0.007324848767465385,4,0.25,105,10414544
78861,0.05263517952347399,0.0116966534677154,0.007324493237222222,4,0.25,105,10415594
78871,0.052632121618272,0.011695952709651474,0.007324128192396161,4,0.25,105,10416644
78881,0.05262987632119738,0.011695496225440765,0.007323805819278229,4,0.25,105,10417694
78891,0.05262681937465921,0.011694785069833551,0.007323471511809512,4,0.25,105,10418744
78901,0.05262452702735184,0.01169424383262789,0.007323122916038504,4,0.25,105,10419794
78911,0.052622091748790976,0.011693734504108455,0.007322784131382751,4,0.25,105,10420844
78921,0.052619609080738046,0.011693214635780056,0.007322437084431087,4,0.25,105,10421894
78931,0.0526173177106594,0.011692705446742143,0.007322078375075291,4,0.25,105,10422944
78941,0.05261555165814343,0.011692334206567682,0.0073217398775110454,4,0.25,105,10423994
78951,0.052613260837852595,0.011691793322260544,0.007321369917605363,4,0.25,105,10425044
78961,0.05261139977490406,0.011691422172200903,0.0073210265197567615,4,0.25,105,10426094
78971,0.052609061806702904,0.011690849612599682,0.00732068052925797,4,0.25,105,10427144
78981,0.05260720120593792,0.011690404348789755,0.0073203236205230705,4,0.25,105,10428194
78991,0.05260462532753778,0.011689853142901196,0.007319978468611453,4,0.25,105,10429244
79001,0.052603003679533515,0.011689513979476296,0.007319646224853483,4,0.25,105,10430294
79011,0.052600142327239176,0.011688867534017402,0.0073192786192706,4,0.25,105,10431344
79021,0.05259709075195236,0.01168822119980046,0.007318894081462311,4,0.25,105,10432394
79031,0.052594611752670696,0.011687585569716658,0.007318550975953666,4,0.25,105,10433444
79041,0.052591656497931925,0.011686960638356487,0.00731819646351763,4,0.25,105,10434494
79051,0.05258903533348884,0.011686431116906398,0.007317856701244235,4,0.25,105,10435544
79061,0.0525863669291797,0.011685827553519958,0.007317488410464719,4,0.25,105,10436594
79071,0.05258374658505089,0.011685234673426494,0.007317151516100558,4,0.25,105,10437644
79081,0.05258079322973277,0.011684536042050556,0.007316796284716999,4,0.25,105,10438694
79091,0.052578078503629076,0.011683975113980583,0.00731646634255869,4,0.25,105,10439744
79101,0.05257622131075561,0.011683562409106295,0.007316145423016529,4,0.25,105,10440794
79111,0.052573221661174285,0.011682927567107303,0.007315782334057532,4,0.25,105,10441844
79121,0.05257126979434167,0.011682462084529617,0.007315444404852947,4,0.25,105,10442894
79131,0.052569032565876334,0.011681975505359772,0.0073151030162163086,4,0.25,105,10443944
79141,0.05256679563367853,0.011681467837810705,0.00731476919803837,4,0.25,105,10444994
79151,0.05256398798914276,0.01168087564577092,0.007314428072081105,4,0.25,105,10446044
79161,0.05256194203371687,0.011680431563048193,0.007314096370401383,4,0.25,105,10447094
79171,0.05255951575667214,0.01167985010559411,0.007313746043525605,4,0.25,105,10448144
79181,0.05255670932194675,0.011679184183183831,0.007313405648865865,4,0.25,105,10449194
79191,0.05255399846345552,0.011678645189670126,0.007313031830430497,4,0.25,105,10450244
79201,0.05255190616850783,0.011678148538693527,0.007312686014908504,4,0.25,105,10451294
79211,0.05254938624829865,0.011677599129089373,0.007312350157057377,4,0.25,105,10452344
79221,0.05254696177440679,0.011677039236682174,0.007312018755063859,4,0.25,105,10453394
79231,0.052544347535795115,0.011676479427808677,0.007311677961142869,4,0.25,105,10454444
79241,0.052542208914325664,0.01167601474426499,0.007311343593005622,4,0.25,105,10455494
79251,0.05253902524643605,0.011675286151855957,0.007310995411803403,4,0.25,105,10456544
79261,0.052536934806016455,0.011674800502181087,0.007310635993215779,4,0.25,105,10457594
79271,0.052534654620746114,0.01167432547093524,0.007310308192089657,4,0.25,106,10458650
79281,0.052531994793811765,0.011673723851031891,0.007309958943794704,4,0.25,106,10459710
79291,0.05252928790030675,0.011673111775421933,0.0073096007781981095,4,0.25,106,10460770
79301,0.05252672387524934,0.011672563102880203,0.0073092424038893105,4,0.25,106,10461830
79311,0.052524492540806766,0.01167206725636081,0.007308908478250206,4,0.25,106,10462890
79321,0.05252226150132165,0.011671582023235306,0.0073085567620159424,4,0.25,106,10463950
79331,0.052519556168259374,0.011670907020696937,0.007308202376674706,4,0.25,106,10465010
79341,0.05251656656776886,0.011670348126170857,0.0073078634863278985,4,0.25,106,10466070
79351,0.05251457379497605,0.01166985257239876,0.007307526635622418,4,0.25,106,10467130
79361,0.052512154315780275,0.011669314917913221,0.0073071981657948015,4,0.25,106,10468190
79371,0.052510446656961585,0.011668967064909856,0.0073068609252977595,4,0.25,106,10469250
79381,0.05250812262124176,0.011668397920504222,0.0073065040026103305,4,0.25,106,10470310
79391,0.052504613459672195,0.011667649732456464,0.007306122667657226,4,0.25,106,10471370
79401,0.05250281174138129,0.01166721774819835,0.007305792126144695,4,0.25,106,10472430
79411,0.05250034654390981,0.011666701539612254,0.007305436169277057,4,0.25,106,10473490
79421,0.05249783430943619,0.011666122206468132,0.007305083640521685,4,0.25,106,10474550
79431,0.052495322449041,0.011665564024678669,0.007304729483721753,4,0.25,106,10475610
79441,0.05249257404925212,0.011664974337987799,0.007304381719210706,4,0.25,106,10476670
79451,0.05249034722613304,0.011664447910395146,0.007304041514919696,4,0.25,106,10477730
79461,0.05248812069697028,0.01166399524179254,0.007303706861972957,4,0.25,106,10478790
79471,0.05248617864558412,0.011663542627854896,0.007303382320946861,4,0.25,106,10479850
79481,0.05248400002482774,0.011663090068571115,0.007303033935396641,4,0.25,106,10480910
79491,0.052482579336814154,0.01166274279269196,0.007302703564369664,4,0.25,106,10481970
79501,0.052480117094404456,0.011662237721580442,0.007302358980203,4,0.25,106,10483030
79511,0.05247798659784104,0.011661774799520231,0.007302014555064078,4,0.25,106,10484090
79521,0.05247580903508631,0.011661175190048452,0.007301655756088481,4,0.25,106,10485150
79531,0.05247296915838863,0.011660628261579655,0.007301305210739638,4,0.25,106,10486210
79541,0.052470602959794985,0.011660049866407578,0.007300961619743396,4,0.25,106,10487270
79551,0.052467527397991244,0.011659397964344656,0.007300597044122698,4,0.25,106,10488330
79561,0.05246535118553264,0.011658914368361282,0.007300261113049498,4,0.25,106,10489390
79571,0.05246350635586034,0.011658472878713966,0.007299932038763456,4,0.25,106,10490450
79581,0.05246085772268129,0.011657957873209331,0.00729960301673711,4,0.25,106,10491510
79591,0.052458493223238416,0.011657400906135616,0.0072992474561980394,4,0.25,106,10492570
79601,0.05245598721589664,0.011656823008983842,0.007298894630934061,4,0.25,106,10493630
79611,0.05245343430852831,0.011656287220372886,0.0072985478774946,4,0.25,106,10494690
79621,0.052451165382101886,0.011655709495008713,0.007298213505118657,4,0.25,106,10495750
79631,0.05244790433539882,0.01165506884927005,0.007297859878732939,4,0.25,106,10496810
79641,0.05244544715187412,0.011654449312550646,0.007297521811027146,4,0.25,106,10497870
79651,0.05244242341774684,0.01165380888233043,0.007297170556472317,4,0.25,106,10498930
79661,0.05244010873796922,0.011653315510789816,0.007296816464355644,4,0.25,106,10499990
79671,0.05243807775027308,0.01165285368995549,0.0072964578677306565,4,0.25,106,10501050
79681,0.05243581089033424,0.011652339456507586,0.00729611469454597,4,0.25,106,10502110
79691,0.052434110945498345,0.011652003668699404,0.007295784226181367,4,0.25,106,10503170
79701,0.05243241117216007,0.011651594468020395,0.007295460374034896,4,0.25,106,10504230
79711,0.05243075877913829,0.011651248256220286,0.0072951253153130695,4,0.25,106,10505290
79721,0.05242830409443905,0.01165056641750852,0.00729476655816491,4,0.25,106,10506350
79731,0.05242523624144224,0.011650000061308743,0.007294415660444177,4,0.25,106,10507410
79741,0.05242226331700008,0.01164937087711964,0.007294059000062946,4,0.25,106,10508470
79751,0.05241999858382573,0.01164883615369558,0.0072937005756516975,4,0.25,106,10509530
79761,0.05241806436533558,0.011648427299083023,0.0072933777946844825,4,0.25,106,10510590
79771,0.05241537569886666,0.011647798379179777,0.007293023596085778,4,0.25,106,10511650
79781,0.0524129232546552,0.011647263880340038,0.007292669316257741,4,0.25,106,10512710
79791,0.05241065977691823,0.011646771370556542,0.007292328455013842,4,0.25,106,10513770
79801,0.05240740656054957,0.011646017013159003,0.007291961575643479,4,0.25,106,10514830
79811,0.052404908139884424,0.01164548276865665,0.007291611829164609,4,0.25,106,10515890
79821,0.0524020801864151,0.011644812452078865,0.007291245651642152,4,0.25,106,10516950
79831,0.0523992527078085,0.011644236494692324,0.007290918745212594,4,0.25,106,10518010
79841,0.052397273755255484,0.0116437967323809,0.0072905759014807794,4,0.25,106,10519070
79851,0.05239482394574258,0.011643262804767466,0.00729024138778549,4,0.25,106,10520130
79861,0.052392515797561344,0.011642728953339627,0.007289893160534861,4,0.25,106,10521190
79871,0.05239011377528945,0.011642174247267751,0.007289547465536346,4,0.25,106,10522250
79881,0.05238724121830557,0.011641577768368154,0.007289187093210423,4,0.25,106,10523310
79891,0.0523845574686614,0.011640960460541637,0.007288839144367076,4,0.25,106,10524370
79901,0.05238201536363292,0.011640395556212543,0.007288489704815582,4,0.25,106,10525430
79911,0.052379473642473855,0.011639841196022287,0.007288152926511183,4,0.25,106,10526490
79921,0.05237759113349019,0.011639391492458843,0.007287823924523014,4,0.25,106,10527550
79931,0.052375003027393674,0.011638858193203564,0.007287457790046666,4,0.25,106,10528610
79941,0.05237180373726124,0.01163812633763164,0.007287098203860951,4,0.25,106,10529670
79951,0.05236921652096072,0.011637593218743542,0.007286755898012622,4,0.25,106,10530730
79961,0.052366770791312765,0.011636997469913467,0.007286395584066596,4,0.25,106,10531790
79971,0.052364654581377935,0.011636548108157249,0.00728604952807599,4,0.25,106,10532850
79981,0.05236211548072217,0.01163592118198709,0.007285713009270396,4,0.25,106,10533910
79991,0.052358824624126304,0.011635273468690996,0.007285364262348358,4,0.25,106,10534970
80001,0.05235699142605256,0.011634813869254105,0.007285029759001526,4,0.25,106,10536030
80011,0.05235360758508158,0.011634072362012058,0.007284680841026189,4,0.25,106,10537090
80021,0.05235121110946783,0.011633550262056206,0.007284336480716482,4,0.25,106,10538150
80031,0.0523490968556388,0.011633090874405456,0.007283988519672841,4,0.25,106,10539210
80041,0.05234670102249951,0.011632589788620012,0.0072836462613821325,4,0.25,106,10540270
80051,0.052345197928858445,0.011632182705874327,0.00728331205730674,4,0.25,106,10541330
80061,0.052342473913946176,0.011631639997836797,0.007282975041520978,4,0.25,106,10542390
80071,0.05234050162679023,0.011631128671981504,0.0072826330276405645,4,0.25,106,10543450
80081,0.05233810701756662,0.01163066958183769,0.007282280233420424,4,0.25,106,10544510
80091,0.05233547803540515,0.01163006450370893,0.007281926374619991,4,0.25,106,10545570
80101,0.052332708659438044,0.011629417804371234,0.007281569385609655,4,0.25,106,10546630
80111,0.05233040901584861,0.011628948495902043,0.007281242789578357,4,0.25,106,10547690
80121,0.05232778123678162,0.011628343696359837,0.007280883568781193,4,0.25,106,10548750
80131,0.052325576096274334,0.011627832821296563,0.007280527697535522,4,0.25,106,10549810
80141,0.05232285525764405,0.011627217778690822,0.00728016182017609,4,0.25,106,10550870
80151,0.05232069766418388,0.011626727901937209,0.007279826664294979,4,0.25,106,10551930
80161,0.05231816519033872,0.011626196406200601,0.007279472488219545,4,0.25,106,10552990
80171,0.05231600819866075,0.01162571708273838,0.007279123197741929,4,0.25,106,10554050
80181,0.05231347643109007,0.011625196148720682,0.007278783962725945,4,0.25,106,10555110
80191,0.052311085667343056,0.011624623205194088,0.007278430042196228,4,0.25,106,10556170
80201,0.05230869524358095,0.011624060764306655,0.007278092081911989,4,0.25,106,10557230
80211,0.05230653946664328,0.011623644196021972,0.0072777486481809955,4,0.25,106,10558290
80221,0.05230429025502753,0.01162309231459702,0.007277400549056689,4,0.25,106,10559350
80231,0.05230133862149936,0.011622415590201936,0.007277044439485085,4,0.25,106,10560410
80241,0.05229880906243033,0.011621926342785355,0.007276703376588448,4,0.25,106,10561470
80251,0.052296560885076435,0.011621416344564222,0.007276351670062935,4,0.25,106,10562530
80261,0.05229356378305582,0.011620760734891898,0.007275996213788234,4,0.25,106,10563590
80271,0.05229131630729119,0.011620250895824979,0.007275639030984026,4,0.25,106,10564650
80281,0.05228935001255956,0.011619824349275642,0.007275308730072559,4,0.25,106,10565710
80291,0.05228729033151719,0.011619314638040047,0.0072749756027795775,4,0.25,106,10566770
80301,0.05228485648849337,0.01161878419615602,0.007274626296824106,4,0.25,106,10567830
80311,0.05228209543964947,0.011618191438514365,0.007274284790734509,4,0.25,106,10568890
80321,0.052279943072265064,0.011617671553146677,0.007273943844699668,4,0.25,106,10569950
80331,0.052277042491611955,0.01161707897212741,0.007273603872509031,4,0.25,106,10571010
80341,0.052274469815016426,0.011616486485160608,0.007273252238094677,4,0.25,106,10572070
80351,0.05227124283242279,0.011615769389897144,0.007272889695242883,4,0.25,106,10573130
80361,0.052268717800166925,0.011615218671129808,0.007272549673153365,4,0.25,106,10574190
80371,0.05226638014575709,0.01161467842224498,0.00727220319164965,4,0.25,106,10575250
80381,0.052263809101654166,0.011614044768406056,0.00727185539756088,4,0.25,106,10576310
80391,0.052261238451093754,0.011613567002230677,0.0072715110181903395,4,0.25,106,10577370
80401,0.052258901837457516,0.01161302699237071,0.00727117074687477,4,0.25,106,10578430
80411,0.05225651882644764,0.011612476678107003,0.00727082972691474,4,0.25,106,10579490
80421,0.05225408943787608,0.01161197835030886,0.007270502532171677,4,0.25,106,10580550
80431,0.05225156698325624,0.01161140743151345,0.007270167036681186,4,0.25,106,10581610
80441,0.052249511930011816,0.011610919624664515,0.007269821507363849,4,0.25,106,10582670
80451,0.05224741043115767,0.011610504520130285,0.007269499223357207,4,0.25,106,10583730
80461,0.05224535588659021,0.011610047958480342,0.007269177101945899,4,0.25,106,10584790
80471,0.05224241458999228,0.011609363220751462,0.007268815534566999,4,0.25,106,10585850
80481,0.0522397538608633,0.011608834191302955,0.007268461710492933,4,0.25,106,10586910
80491,0.05223746690445463,0.01160825338262883,0.00726812087571794,4,0.25,106,10587970
80501,0.052235366912796954,0.011607838574651549,0.007267786605082838,4,0.25,106,10589030
80511,0.05223275395670676,0.011607226817074582,0.007267419866243077,4,0.25,106,10590090
80521,0.052230328004517636,0.01160671882348144,0.007267090408846672,4,0.25,106,10591150
80531,0.052227715832715745,0.011606034696557122,0.007266739174406246,4,0.25,106,10592210
80541,0.05222459108986009,0.011605392146167735,0.007266372351915659,4,0.25,106,10593270
80551,0.05222225957125896,0.011604905125280889,0.007266025216022074,4,0.25,106,10594330
80561,0.05222030134594096,0.011604438888282331,0.007265686934292176,4,0.25,106,10595390
80571,0.052217970423242985,0.011603941633062413,0.007265345107704143,4,0.25,106,10596450
80581,0.052215499998655136,0.011603371942967306,0.007264991573352457,4,0.25,106,10597510
80591,0.05221321634475157,0.0116028437626449,0.007264655362487407,4,0.25,106,10598570
80601,0.05221074661999427,0.01160231565713545,0.007264320328464432,4,0.25,106,10599630
80611,0.05220832384710061,0.011601787626421153,0.007263983330896627,4,0.25,106,10600690
80621,0.052205715098292534,0.011601176860650368,0.00726361110732365,4,0.25,106,10601750
80631,0.05220315332910295,0.011600648991198378,0.007263256537931426,4,0.25,106,10602810
80641,0.052200638518092674,0.011600090152064691,0.007262908529075711,4,0.25,106,10603870
80651,0.05219840344700023,0.011599583129789596,0.007262552495811138,4,0.25,106,10604930
80661,0.05219514450209865,0.01159887962128891,0.007262178680758139,4,0.25,106,10605990
80671,0.05219351526707599,0.011598527916827476,0.00726184517425241,4,0.25,106,10607050
80681,0.05219146731042411,0.011598031449376581,0.007261531883715789,4,0.25,106,10608110
80691,0.05218918692570956,0.011597535048052405,0.007261204646433843,4,0.25,106,10609170
80701,0.052186906851032486,0.011596997354556224,0.007260859484272369,4,0.25,106,10610230
80711,0.05218406882383919,0.011596408048879231,0.007260511541158745,4,0.25,106,10611290
80721,0.052181370817149755,0.011595767155520898,0.007260152473431594,4,0.25,106,10612350
80731,0.05217871975070496,0.011595209047880186,0.007259811517026026,4,0.25,106,10613410
80741,0.052176394598883936,0.011594692356073931,0.00725945434848069,4,0.25,106,10614470
80751,0.05217388379704328,0.011594134409393385,0.00725910819365585,4,0.25,106,10615530
80761,0.05217193121109623,0.011593721169419964,0.007258768801596688,4,0.25,106,10616590
80771,0.052169514038773124,0.011593163368155558,0.007258433551900465,4,0.25,106,10617650
80781,0.05216663248105295,0.011592533359766212,0.0072580947151616336,4,0.25,106,10618710
80791,0.05216421607258573,0.01159200671320859,0.007257757949714668,4,0.25,106,10619770
80801,0.052161288967379864,0.011591376900394619,0.0072574118330485625,4,0.25,106,10620830
80811,0.052158873329058206,0.011590819450032304,0.007257067445782776,4,0.25,106,10621890
80821,0.052156783153789466,0.011590344650707261,0.0072567335684080815,4,0.25,106,10622950
80831,0.05215427528750361,0.01158977703530172,0.0072563895507337,4,0.25,106,10624010
80841,0.05215162850238235,0.011589178552758636,0.007256033664683871,4,0.25,106,10625070
80851,0.052149214255972624,0.011588642063960868,0.007255700521007689,4,0.25,106,10626130
80861,0.05214647543599006,0.0115880643932181,0.007255347782178506,4,0.25,106,10627190
80871,0.05214429398443061,0.011587579631575909,0.0072550142143386915,4,0.25,106,10628250
80881,0.05214234484244555,0.011587094933035719,0.007254663869101766,4,0.25,106,10629310
80891,0.05213965354288988,0.011586496881374215,0.007254313573409344,4,0.25,106,10630370
80901,0.052136823504533435,0.011585919543321792,0.007253967644044708,4,0.25,106,10631430
80911,0.05213455054122002,0.011585424753381904,0.0072536129932161235,4,0.25,106,10632490
80921,0.052132509775694634,0.011584847581553964,0.007253272254861617,4,0.25,106,10633550
80931,0.05212921724639197,0.011584218978338017,0.007252923735483881,4,0.25,106,10634610
80941,0.052127038040681424,0.01158374501987907,0.007252591009302301,4,0.25,106,10635670
80951,0.05212453462236094,0.011583168108414327,0.007252239088467315,4,0.25,106,10636730
80961,0.05212217062634569,0.011582653084441934,0.007251905255697769,4,0.25,106,10637790
80971,0.05211948256572696,0.011582014553674757,0.007251559458470913,4,0.25,106,10638850
80981,0.05211707294708393,0.01158153057914733,0.007251223084616077,4,0.25,106,10639910
80991,0.05211517329987584,0.011581098144516222,0.0072509006610456785,4,0.25,106,10640970
81001,0.05211322754321579,0.011580696643061253,0.007250561067420548,4,0.25,106,10642030
81011,0.052110911460978335,0.011580109911154083,0.00725019789028764,4,0.25,106,10643090
81021,0.05210771579346821,0.011579461525608088,0.007249837809134277,4,0.25,106,10644150
81031,0.052105585687239955,0.011578967593395948,0.007249501131710801,4,0.25,106,10645210
81041,0.0521024836259319,0.011578329694651534,0.007249162487744156,4,0.25,106,10646270
81051,0.05210003016362223,0.011577691905256813,0.0072488233150290295,4,0.25,106,10647330
81061,0.05209753077930251,0.011577177638600469,0.00724847680640864,4,0.25,106,10648390
81071,0.05209498549360918,0.011576642876679448,0.007248140658527492,4,0.25,106,10649450
81081,0.0520927182013753,0.011576139036746171,0.007247786642272179,4,0.25,106,10650510
81091,0.05209059000238262,0.0115756455454194,0.007247443604548197,4,0.25,106,10651570
81101,0.05208804577175151,0.011575008216006466,0.007247087978301303,4,0.25,106,10652630
81111,0.05208610316510984,0.011574689592246631,0.0072467713998379014,4,0.25,106,10653690
81121,0.052083605859252015,0.011574052426600593,0.0072464250649620175,4,0.25,106,10654750
81131,0.05208064657179293,0.01157340509588243,0.007246091483897822,4,0.25,106,10655810
81141,0.052078427449546875,0.011572932512866943,0.0072457734012502375,4,0.25,106,10656870
81151,0.05207551529809906,0.011572264834888121,0.007245423524761314,4,0.25,106,10657930
81161,0.05207352793013141,0.011571823206100344,0.007245102681210454,4,0.25,106,10658990
81171,0.05207126354270185,0.011571320018621463,0.007244797529716169,4,0.25,106,10660050
81181,0.05206858364334633,0.01157076556434147,0.0072444615300454145,4,0.25,106,10661110
81191,0.05206618133982929,0.011570221458119374,0.007244113069209382,4,0.25,106,10662170
81201,0.05206387175784265,0.011569728751376553,0.007243781190740822,4,0.25,106,10663230
81211,0.05206137776735874,0.011569154009358254,0.007243438203823926,4,0.25,106,10664290
81221,0.05205920737452338,0.011568692227472716,0.007243095473920488,4,0.25,106,10665350
81231,0.0520571296026645,0.011568209983182547,0.007242760724046734,4,0.25,106,10666410
81241,0.05205412883219185,0.011567563668739714,0.00724240540252824,4,0.25,106,10667470
81251,0.052052236315339846,0.01156714311176038,0.007242076996188029,4,0.25,106,10668530
81261,0.052049513313152176,0.011566466217534151,0.007241725341539155,4,0.25,106,10669590
81271,0.05204619092791671,0.011565789446560034,0.007241368101756416,4,0.25,106,10670650
81281,0.05204402250464431,0.011565297326880972,0.007241050939459554,4,0.25,106,10671710
81291,0.05204208500255264,0.011564866775611199,0.0072407336084469864,4,0.25,106,10672770
81301,0.05203904080986408,0.011564159549654358,0.007240388858605463,4,0.25,106,10673830
81311,0.05203673497216512,0.011563667645751582,0.007240056214458108,4,0.25,106,10674890
81321,0.05203406059872125,0.011563063103069161,0.007239696736880053,4,0.25,106,10675950
81331,0.05203175544764009,0.011562581588595732,0.007239367073412442,4,0.25,106,10677010
81341,0.05202908187047363,0.01156195673731665,0.007239000111989735,4,0.25,106,10678070
81351,0.052026086128160814,0.011561321750242121,0.007238637179591505,4,0.25,106,10679130
81361,0.052023689920751265,0.011560758546084631,0.007238288131262566,4,0.25,106,10680190
81371,0.05202124798581236,0.011560215902849563,0.007237958077687316,4,0.25,106,10681250
81381,0.05201866821565409,0.011559683575193021,0.007237597593684879,4,0.25,106,10682310
81391,0.05201701000219651,0.011559294614757912,0.007237266406933507,4,0.25,106,10683370
81401,0.05201498352023011,0.011558844290395349,0.007236942186338527,4,0.25,106,10684430
81411,0.05201235867020348,0.01155826099681766,0.007236583274451373,4,0.25,106,10685490
81421,0.05200964215428055,0.01155760617984588,0.007236240116565396,4,0.25,106,10686550
81431,0.0520072022706276,0.011557084455215864,0.007235884941915064,4,0.25,106,10687610
81441,0.05200444056800936,0.011556511665523997,0.007235545489579934,4,0.25,106,10688670
81451,0.052002277553027235,0.011556010547005831,0.00723518860602833,4,0.25,106,10689730
81461,0.052000390896238334,0.011555611745898583,0.007234865667528013,4,0.25,106,10690790
81471,0.05199804437650203,0.011555049406862763,0.007234528142179309,4,0.25,106,10691850
81481,0.051995422185522215,0.011554487152977914,0.007234164126413623,4,0.25,106,10692910
81491,0.05199330633141713,0.01155397608695571,0.007233826411925953,4,0.25,106,10693970
81501,0.05199077685752397,0.011553424214655486,0.007233470198452082,4,0.25,106,10695030
81511,0.051987696015750595,0.011552719163854147,0.0072331201695361,4,0.25,106,10696090
81521,0.05198475365258795,0.011552136831562164,0.007232779891268896,4,0.25,106,10697150
81531,0.051981995657727396,0.011551493307396582,0.007232433381331511,4,0.25,106,10698210
81541,0.05197923811816135,0.011550890743054452,0.007232085097153944,4,0.25,106,10699270
81551,0.05197666482523182,0.011550318908047221,0.0072317349993203765,4,0.25,106,10700330
81561,0.05197432163549254,0.011549767579143064,0.007231403293794976,4,0.25,106,10701390
81571,0.05197193283928311,0.011549287785453608,0.0072310731157613556,4,0.25,106,10702450
81581,0.05196972809985271,0.011548767228419602,0.007230731856585138,4,0.25,106,10703510
81591,0.05196715627167455,0.011548175311106598,0.007230393783190588,4,0.25,106,10704570
81601,0.05196499807869497,0.011547654910088164,0.007230052198152927,4,0.25,106,10705630
81611,0.05196256470628972,0.01154717538944702,0.007229715336290217,4,0.25,106,10706690
81621,0.05195971856968381,0.011546532724923732,0.00722936170402644,4,0.25,106,10707750
81631,0.051957699025079816,0.011546073746976656,0.007229033855610584,4,0.25,106,10708810
81641,0.05195545027422862,0.011545584233073504,0.007228710837156371,4,0.25,106,10709870
81651,0.05195324770989097,0.01154509478374857,0.007228393959943676,4,0.25,106,10710930
81661,0.05195077017230233,0.011544585009356744,0.007228068657453119,4,0.25,106,10711990
81671,0.051948247132294255,0.011544003951984124,0.007227730545595265,4,0.25,106,10713050
81681,0.05194558688495987,0.011543351645137022,0.007227396791927569,4,0.25,106,10714110
81691,0.05194283535102669,0.011542740211630055,0.007227047863728195,4,0.25,106,10715170
81701,0.05194003842309864,0.01154221038410632,0.007226717004342214,4,0.25,106,10716230
81711,0.051938296311450916,0.01154177231466224,0.007226391375673112,4,0.25,106,10717290
81721,0.05193595849999976,0.011541273182316441,0.007226049079894063,4,0.25,106,10718350
81731,0.05193343769774377,0.011540733380086467,0.0072256963130772405,4,0.25,106,10719410
81741,0.05193110056674713,0.011540112195515463,0.0072253459030523545,4,0.25,106,10720470
81751,0.05192835141985903,0.0115395827432728,0.007225000098070371,4,0.25,106,10721530
81761,0.051926335666622005,0.011539155163948496,0.007224672121719841,4,0.25,106,10722590
81771,0.05192450337496458,0.011538707276579999,0.007224347410794505,4,0.25,106,10723650
81781,0.05192148053355468,0.011537994839976152,0.007223993644686219,4,0.25,106,10724710
81791,0.0519180003641527,0.01153730288976377,0.007223635311818093,4,0.25,106,10725770
81801,0.05191598586099133,0.011536834879015231,0.007223294714442048,4,0.25,106,10726830
81811,0.05191374272326947,0.011536336410805115,0.007222955955472984,4,0.25,106,10727890
81821,0.051911133738428636,0.011535746473817856,0.007222616245663154,4,0.25,106,10728950
81831,0.05190870820628776,0.011535176968555504,0.007222263460407412,4,0.25,106,10730010
81841,0.05190614576302495,0.011534577048722476,0.007221923228772355,4,0.25,106,10731070
81851,0.05190330923137691,0.011534017888854052,0.007221578864921387,4,0.25,106,10732130
81861,0.05190106779759545,0.011533458813329433,0.007221241045080819,4,0.25,106,10733190
81871,0.051898552261303146,0.011532970961779786,0.007220895445802808,4,0.25,106,10734250
81881,0.05189571702071409,0.011532340915226145,0.007220560271305849,4,0.25,106,10735310
81891,0.05189361376656011,0.011531812571665842,0.007220225371220974,4,0.25,106,10736370
81901,0.05189119078084499,0.011531304620040619,0.007219890102922521,4,0.25,106,10737430
81911,0.05188808256001011,0.01153061391755331,0.007219529579247199,4,0.25,106,10738490
81921,0.05188570607613939,0.011530126440363258,0.007219206875349067,4,0.25,106,10739550
81931,0.05188332993094658,0.011529588258793976,0.007218855115000495,4,0.25,106,10740610
81941,0.05188077138401943,0.011529029851130124,0.007218509043605935,4,0.25,106,10741670
81951,0.05187908113090699,0.011528603487401255,0.007218179723035719,4,0.25,106,10742730
81961,0.05187570113871423,0.011527862543377659,0.007217839645970541,4,0.25,106,10743790
81971,0.051872550141678735,0.011527223217651879,0.007217487969410715,4,0.25,106,10744850
81981,0.051870358494990304,0.011526685457647737,0.007217156509566944,4,0.25,106,10745910
81991,0.05186812148619369,0.011526198497082222,0.007216840426578477,4,0.25,106,10746970
82001,0.05186611299941196,0.011525752172798118,0.007216524793000792,4,0.25,106,10748030
82011,0.051863557093511654,0.01152522476797708,0.007216202868257161,4,0.25,106,10749090
82021,0.05186150352455842,0.011524748139768486,0.007215869635909274,4,0.25,106,10750150
82031,0.05185903957578938,0.011524109351352849,0.007215517453636341,4,0.25,106,10751210
82041,0.051856575991271095,0.01152363286667004,0.0072151664290286575,4,0.25,106,10752270
82051,0.05185365665895046,0.011523014541790246,0.0072148150324553885,4,0.25,106,10753330
82061,0.05185160430960809,0.01152246725836892,0.007214473560360109,4,0.25,106,10754390
82071,0.051848366672415526,0.011521838995661728,0.0072141384268611585,4,0.25,106,10755450
82081,0.051846223793823275,0.011521362803025228,0.007213792558132969,4,0.25,106,10756510
82091,0.0518441267752401,0.011520846152634398,0.007213467070896218,4,0.25,106,10757570
82101,0.05184248581436161,0.011520511887856019,0.007213139670436436,4,0.25,106,10758630
82111,0.05183988795682714,0.011519934592499257,0.007212795270835205,4,0.25,106,10759690
82121,0.05183797400521452,0.01151947889659058,0.007212480200374693,4,0.25,106,10760750
82131,0.05183601471112197,0.011519043506240053,0.007212162307361272,4,0.25,106,10761810
82141,0.05183332675235404,0.011518385455236747,0.007211806702966877,4,0.25,106,10762870
82151,0.05183041149085686,0.011517788248676546,0.007211484917751948,4,0.25,106,10763930
82161,0.05182817983860995,0.011517353057136541,0.0072111603645574635,4,0.25,106,10764990
82171,0.051826130625431614,0.011516836966058267,0.007210821613913157,4,0.25,106,10766050
82181,0.05182367190240328,0.01151630071236088,0.007210487457299484,4,0.25,106,10767110
82191,0.05182112249892484,0.011515734189095695,0.007210168017795935,4,0.25,106,10768170
82201,0.05181852797113553,0.011515187980930807,0.0072098270053983626,4,0.25,106,10769230
82211,0.05181657096326263,0.011514732869040362,0.0072095001579530445,4,0.25,106,10770290
82221,0.051814022646623034,0.011514207031672734,0.0072091566555993365,4,0.25,106,10771350
82231,0.05181161120612906,0.01151363071886034,0.007208822440497337,4,0.25,106,10772410
82241,0.05180915462591319,0.011513115146635989,0.007208498086734913,4,0.25,106,10773470
82251,0.05180688033775194,0.011512599646248881,0.007208175710915474,4,0.25,106,10774530
82261,0.05180497017576799,0.011512134746719646,0.007207857478184507,4,0.25,106,10775590
82271,0.05180269645914343,0.011511669905606384,0.007207517746035058,4,0.25,106,10776650
82281,0.05180033212324886,0.011511134400212331,0.007207174758088618,4,0.25,106,10777710
82291,0.051797604460600104,0.011510528261234283,0.007206828612675101,4,0.25,106,10778770
82301,0.05179519539700999,0.011510023221283716,0.007206499366113331,4,0.25,106,10779830
82311,0.05179255946278538,0.011509407165915664,0.007206175114015409,4,0.25,106,10780890
82321,0.051790560066986624,0.011508962861803595,0.007205860476771071,4,0.25,106,10781950
82331,0.05178847004635283,0.011508478227276285,0.007205522012889649,4,0.25,106,10783010
82341,0.05178610773035348,0.01150797346716787,0.0072051774086132935,4,0.25,106,10784070
82351,0.05178419995066989,0.01150752933525603,0.007204853931946765,4,0.25,106,10785130
82361,0.05178220155889458,0.011507095348781955,0.007204523903108799,4,0.25,106,10786190
82371,0.05177924982830508,0.0115064495097317,0.007204188956616834,4,0.25,106,10787250
82381,0.05177702502365046,0.011505975293507624,0.007203862333246025,4,0.25,106,10788310
82391,0.05177443735983537,0.011505359912067773,0.007203527662575737,4,0.25,106,10789370
82401,0.05177194087270966,0.011504815233626807,0.00720320356392011,4,0.25,106,10790430
82411,0.05176876406716579,0.011504139540424946,0.007202856252754984,4,0.25,106,10791490
82421,0.05176644991935243,0.011503645454916207,0.007202527664633276,4,0.25,106,10792550
82431,0.05176499806938685,0.011503282495394593,0.007202204318413149,4,0.25,106,10793610
82441,0.05176186794902811,0.011502586922577376,0.007201860291128128,4,0.25,106,10794670
82451,0.05175928264162677,0.011501992261208464,0.007201515767488382,4,0.25,106,10795730
82461,0.05175656169947135,0.011501407772085156,0.007201179581720172,4,0.25,106,10796790
82471,0.05175474798530078,0.011501014805502604,0.007200861462518653,4,0.25,106,10797850
82481,0.05175234511864759,0.01150048084095772,0.007200525527712743,4,0.25,106,10798910
82491,0.05175039587812738,0.011500067826963957,0.007200186966372498,4,0.25,106,10799970
82501,0.05174831089699316,0.01149958435703095,0.00719985791513415,4,0.25,106,10801030
82511,0.0517460449096132,0.011499100950342303,0.0071995228184358615,4,0.25,106,10802090
82521,0.051743416751043866,0.01149850684957901,0.007199179833610897,4,0.25,106,10803150
82531,0.05174124203736299,0.011497953112847103,0.007198852735049178,4,0.25,106,10804210
82541,0.05173870523084966,0.011497459853649578,0.007198516334866775,4,0.25,106,10805270
82551,0.051736531133293406,0.011496956595810402,0.007198189176920002,4,0.25,106,10806330
82561,0.05173440260488133,0.011496463469628126,0.007197857344876151,4,0.25,106,10807390
82571,0.051732002676320214,0.011495940224027595,0.00719751788371714,4,0.25,106,10808450
82581,0.05172946727912637,0.011495406992264194,0.007197172915786466,4,0.25,106,10809510
82591,0.05172679647534712,0.01149479336794816,0.00719682562152647,4,0.25,106,10810570
82601,0.051724804968787216,0.011494320644959859,0.007196499653072502,4,0.25,106,10811630
82611,0.05172227066912168,0.011493787646923458,0.007196170540445892,4,0.25,106,10812690
82621,0.05171973675581694,0.011493234617064679,0.00719583200271874,4,0.25,106,10813750
82631,0.05171742942084408,0.011492721881542616,0.007195502018586216,4,0.25,106,10814810
82641,0.051715303336916714,0.011492209217195045,0.007195175381758833,4,0.25,106,10815870
82651,0.051712544356926265,0.011491616223685898,0.0071948363864074785,4,0.25,106,10816930
82661,0.051709831052899655,0.011491013277080511,0.007194512749631318,4,0.25,106,10817990
82671,0.051707570304595094,0.01149054103766167,0.007194193330506994,4,0.25,106,10819050
82681,0.051705355069639254,0.011489988493744909,0.007193853694358956,4,0.25,106,10820110
82691,0.051702326552834736,0.01148931550648854,0.0071935012753725535,4,0.25,106,10821170
82701,0.051700157208515715,0.011488863568975828,0.007193180539261951,4,0.25,106,10822230
82711,0.05169830445119196,0.011488451851845372,0.007192857736355397,4,0.25,106,10823290
82721,0.05169572900988137,0.011487859461418505,0.007192522603126387,4,0.25,106,10824350
82731,0.0516929281059363,0.011487277204149304,0.007192187812005115,4,0.25,106,10825410
82741,0.05169017283868437,0.011486685002175647,0.007191835813563701,4,0.25,106,10826470
82751,0.0516885018336562,0.011486253457194097,0.007191513388959941,4,0.25,106,10827530
82761,0.05168592791158941,0.011485701554583559,0.0071911723857601365,4,0.25,106,10828590
82771,0.05168362526674381,0.011485229994100147,0.0071908285019391316,4,0.25,106,10829650
82781,0.05168150350412281,0.011484768525151587,0.0071905012465119005,4,0.25,106,10830710
82791,0.051679878507552235,0.011484357264499598,0.007190163699762792,4,0.25,106,10831770
82801,0.051677621831616054,0.011483835731538253,0.0071898329895244036,4,0.25,106,10832830
82811,0.05167482397927707,0.01148323405430851,0.007189492019838768,4,0.25,106,10833890
82821,0.05167261310684641,0.011482732731545748,0.007189164500891068,4,0.25,106,10834950
82831,0.05167031230731463,0.01148225152576256,0.007188843144379534,4,0.25,106,10836010
82841,0.05166814714012644,0.011481720267268729,0.007188527117309441,4,0.25,106,10837070
82851,0.05166557637075432,0.011481199106851555,0.007188184754936479,4,0.25,106,10838130
82861,0.05166309618110947,0.011480637939487772,0.007187833554871652,4,0.25,106,10839190
82871,0.05166097703987825,0.011480197082145694,0.007187498168371166,4,0.25,106,10840250
82881,0.05165876801040337,0.011479686154320738,0.007187167169124463,4,0.25,106,10841310
82891,0.051655838118710884,0.011479005027278865,0.007186808341819759,4,0.25,106,10842370
82901,0.05165371990374536,0.011478564365024852,0.007186468188292029,4,0.25,106,10843430
82911,0.0516518723199233,0.011478153795300712,0.007186159317649471,4,0.25,106,10844490
82921,0.051649259015953956,0.011477583079166655,0.007185816176244152,4,0.25,106,10845550
82931,0.05164691640354226,0.011477012451328589,0.0071854834289638726,4,0.25,106,10846610
82941,0.051644213800030814,0.011476411885810205,0.007185148545641062,4,0.25,106,10847670
82951,0.05164173680004296,0.011475911489241144,0.007184804740189853,4,0.25,106,10848730
82961,0.05163926016971677,0.0114753511256811,0.007184462053223874,4,0.25,106,10849790
82971,0.0516375492591923,0.011474940913489712,0.007184140439394233,4,0.25,106,10850850
82981,0.051634938209500825,0.011474380697387852,0.007183799015092936,4,0.25,106,10851910
82991,0.051632687634317304,0.011473830567979982,0.007183456254928993,4,0.25,106,10852970
83001,0.05163021235414847,0.011473340521817046,0.007183140362313827,4,0.25,106,10854030
83011,0.051627872428833196,0.011472830542935604,0.0071828071113275715,4,0.25,106,10855090
83021,0.05162607271082371,0.011472430608853999,0.007182485973790633,4,0.25,106,10856150
83031,0.05162341848307538,0.011471840785263804,0.007182145863734852,4,0.25,106,10857210
83041,0.051620989562032836,0.011471301029422686,0.0071818220371234805,4,0.25,106,10858270
83051,0.05161892076162339,0.011470751359331215,0.007181481945308839,4,0.25,106,10859330
83061,0.05161667235813286,0.011470281706193115,0.007181160025158035,4,0.25,106,10860390
83071,0.051613929718534395,0.011469722197590624,0.007180816397048777,4,0.25,106,10861450
83081,0.051611547137514334,0.011469122818322972,0.007180462647083314,4,0.25,106,10862510
83091,0.051609389623604784,0.011468713298543846,0.007180159807644067,4,0.25,106,10863570
83101,0.0516068728787284,0.0114681740004547,0.007179837542937426,4,0.25,106,10864630
83111,0.05160462610778622,0.011467614811707074,0.0071794993612783915,4,0.25,106,10865690
83121,0.05160269412820524,0.011467225426803734,0.007179180233807361,4,0.25,106,10866750
83131,0.051600133478911056,0.011466656399793539,0.007178858730503775,4,0.25,106,10867810
83141,0.05159770796533414,0.011466117402616717,0.007178532917943602,4,0.25,106,10868870
83151,0.05159496846004323,0.011465458735345073,0.007178188368124139,4,0.25,106,10869930
83161,0.05159254370186074,0.011464969800944353,0.007177861115700091,4,0.25,106,10870990
83171,0.051590119298248825,0.011464391146109684,0.007177503194363058,4,0.25,106,10872050
83181,0.051587785022397394,0.011463872429379173,0.007177167922630049,4,0.25,106,10873110
83191,0.05158527155438842,0.011463343812473974,0.00717684449954424,4,0.25,106,10874170
83201,0.05158352132854792,0.011462944906541138,0.00717653339969791,4,0.25,106,10875230
83211,0.05158123285047965,0.011462456305636616,0.0071761990460942155,4,0.25,106,10876290
83221,0.0515791690039757,0.011461957800084301,0.007175877513816297,4,0.25,106,10877350
83231,0.05157688112668522,0.011461499234556092,0.007175567734970315,4,0.25,106,10878410
83241,0.05157477297034135,0.011460990891677942,0.007175236128179423,4,0.25,106,10879470
83251,0.05157253054516217,0.011460492584410596,0.007174908510067898,4,0.25,106,10880530
83261,0.05157001938912047,0.011459914632435295,0.007174565443280307,4,0.25,106,10881590
83271,0.051566880979067524,0.011459276997569098,0.007174240785908867,4,0.25,106,10882650
83281,0.05156486374356904,0.011458808804766471,0.007173916114961563,4,0.25,106,10883710
83291,0.05156293639239521,0.011458370550554481,0.007173596915346942,4,0.25,106,10884770
83301,0.05156056112842388,0.011457832764393,0.0071732727893919065,4,0.25,106,10885830
83311,0.051558320625451355,0.011457334884269097,0.0071729364665688786,4,0.25,106,10886890
83321,0.05155572202151487,0.011456737516977008,0.007172604177328047,4,0.25,106,10887950
83331,0.051553079032182696,0.011456170107812368,0.007172264497255951,4,0.25,106,10889010
83341,0.05155052603609808,0.011455612738345253,0.007171926540518104,4,0.25,106,10890070
83351,0.05154846601030702,0.011455184815488193,0.0071716018868703026,4,0.25,106,10891130
83361,0.05154613759393931,0.011454627595170583,0.007171277268015192,4,0.25,106,10892190
83371,0.051543630434595075,0.011454130148298023,0.007170946769024395,4,0.25,106,10893250
83381,0.051541392220101685,0.011453612874855457,0.007170608470403023,4,0.25,106,10894310
83391,0.05153933332986214,0.011453125510628713,0.007170288759371099,4,0.25,106,10895370
83401,0.05153696144752277,0.011452558657920598,0.007169953544584669,4,0.25,106,10896430
83411,0.051534052998907204,0.011451962065165737,0.007169606264793839,4,0.25,106,10897490
83421,0.051531816078267484,0.011451455037354358,0.007169263653815851,4,0.25,106,10898550
83431,0.051528729623913805,0.011450789048147517,0.0071689086059533915,4,0.25,106,10899610
83441,0.05152604621810632,0.011450182804574157,0.007168554318433275,4,0.25,106,10900670
83451,0.051523542098307826,0.011449606468879938,0.007168224258083191,4,0.25,106,10901730
83461,0.05152063600551596,0.011448970617002344,0.007167874336798203,4,0.25,106,10902790
83471,0.05151773042273004,0.011448344807620074,0.007167534653466683,4,0.25,106,10903850
83481,0.051515272250916844,0.011447758828679556,0.007167190908454124,4,0.25,106,10904910
83491,0.051513127235573955,0.011447321888186809,0.0071668813823164285,4,0.25,106,10905970
83501,0.05151147397592449,0.011446934643405144,0.007166565758434529,4,0.25,106,10907030
83511,0.05150848065562701,0.011446319107400934,0.0071662429863646356,4,0.25,106,10908090
83521,0.05150638118677366,0.01144584263412894,0.007165911963465684,4,0.25,106,10909150
83531,0.0515041480015709,0.011445306675465231,0.007165581631563654,4,0.25,106,10910210
83541,0.051501870463036226,0.011444810487069601,0.007165251480417687,4,0.25,106,10911270
83551,0.05149972718362254,0.011444334209180377,0.007164928657769774,4,0.25,106,10912330
83561,0.05149794132944887,0.011443927437320782,0.007164617899692804,4,0.25,106,10913390
83571,0.05149548609458608,0.011443381838404085,0.007164300612408635,4,0.25,106,10914450
83581,0.051493209747712015,0.011442875991729579,0.007163976545943845,4,0.25,106,10915510
83591,0.05149053209341238,0.011442271050807442,0.007163638638083379,4,0.25,106,10916570
83601,0.05148821181012962,0.011441745527188492,0.007163304182183957,4,0.25,106,10917630
83611,0.051485668796440294,0.011441249819034124,0.0071629769749368645,4,0.25,106,10918690
83621,0.05148294775854865,0.011440615410104079,0.007162649270523614,4,0.25,106,10919750
83631,0.051480539344288756,0.011440100033443005,0.0071623156648408645,4,0.25,106,10920810
83641,0.05147853260020175,0.011439545093210775,0.007161984203527472,4,0.25,106,10921870
83651,0.05147492107417526,0.011438802000888648,0.007161637548666087,4,0.25,106,10922930
83661,0.051472335527545154,0.011438257161973485,0.0071612970619645945,4,0.25,106,10923990
83671,0.05147024063961049,0.011437761923938644,0.007160971043172285,4,0.25,106,10925050
83681,0.05146801232665486,0.011437266752621389,0.0071606515521275265,4,0.25,106,10926110
83691,0.051466140775746856,0.011436890467031707,0.007160342848561654,4,0.25,106,10927170
83701,0.051463957567326045,0.011436415213977699,0.007160010838625062,4,0.25,106,10928230
83711,0.051462041927948,0.011435969720048074,0.007159681258816053,4,0.25,106,10929290
83721,0.05145994834334699,0.011435504484038192,0.007159348267490818,4,0.25,106,10930350
83731,0.05145732060164671,0.011434920547728992,0.00715901279783638,4,0.25,106,10931410
83741,0.051454871387933844,0.011434336704196777,0.007158685691538802,4,0.25,106,10932470
83751,0.051452467058269474,0.011433851887699924,0.007158367915708565,4,0.25,106,10933530
83761,0.05144988501947549,0.011433208862472033,0.007158036977338393,4,0.25,106,10934590
83771,0.051447837482284514,0.011432763757075476,0.007157710992207483,4,0.25,106,10935650
83781,0.05144552318032995,0.011432298926782354,0.007157389448488276,4,0.25,106,10936710
83791,0.05144383216452335,0.01143189348455041,0.007157060711483636,4,0.25,106,10937770
83801,0.05144160740722253,0.011431448538479503,0.007156737138983143,4,0.25,106,10938830
83811,0.05143969435537967,0.01143095421715482,0.00715638943614953,4,0.25,106,10939890
83821,0.05143662503710835,0.01143026227903412,0.00715604949507849,4,0.25,106,10940950
83831,0.0514341788872038,0.011429738469719295,0.007155700886998443,4,0.25,106,10942010
83841,0.051432044361262245,0.011429283903311306,0.007155376428922062,4,0.25,106,10943070
83851,0.05142955442935624,0.011428750353651191,0.007155033259677601,4,0.25,106,10944130
83861,0.051427376046612724,0.01142825639528951,0.007154683738762192,4,0.25,106,10945190
83871,0.051424753476917856,0.011427643979174885,0.007154353093230419,4,0.25,106,10946250
83881,0.05142266460901232,0.011427130418589374,0.007154044289841817,4,0.25,106,10947310
83891,0.05141977618417037,0.011426567559678923,0.007153713018543282,4,0.25,106,10948370
83901,0.05141715482022604,0.01142600478703193,0.007153372208946142,4,0.25,106,10949430
83911,0.0514146227109771,0.011425451971574404,0.007153041861873544,4,0.25,106,10950490
83921,0.05141253512328436,0.011424938717452243,0.0071527213478715665,4,0.25,106,10951550
83931,0.05141040339104834,0.011424465008091163,0.007152398131294923,4,0.25,106,10952610
83941,0.05140844954476632,0.01142401109396787,0.007152071139717106,4,0.25,106,10953670
83951,0.05140582997714198,0.011423478309860327,0.007151744178940687,4,0.25,106,10954730
83961,0.05140365471973415,0.011423024517712928,0.007151423659839692,4,0.25,106,10955790
83971,0.0514014797487307,0.011422482013769691,0.007151101440706383,4,0.25,106,10956850
83981,0.0513992606857297,0.01142197903629181,0.007150769513551521,4,0.25,106,10957910
83991,0.05139699754855065,0.011421525429442336,0.007150454805627733,4,0.25,106,10958970
84001,0.051394335431168704,0.011420904276228572,0.007150118822332346,4,0.25,106,10960030
84011,0.051391363240439365,0.01142027337106287,0.007149774661860524,4,0.25,106,10961090
84021,0.051389500348815106,0.011419829830798563,0.007149445347206155,4,0.25,106,10962150
84031,0.05138759332030859,0.011419425763000703,0.007149115656608248,4,0.25,106,10963210
84041,0.05138533178125792,0.011418952764544634,0.007148783361985635,4,0.25,106,10964270
84051,0.051383380898372945,0.011418499531560801,0.007148447469095692,4,0.25,106,10965330
84061,0.051381341585404666,0.011418016801472987,0.007148128476786318,4,0.25,106,10966390
84071,0.05137877063669183,0.011417484886761683,0.007147807692131374,4,0.25,106,10967450
84081,0.05137628872118061,0.011416923504877628,0.007147489271366554,4,0.25,106,10968510
84091,0.051374383217825545,0.011416490216195476,0.0071471659544595926,4,0.25,106,10969570
84101,0.051372433628072145,0.011416076670183592,0.007146851677822157,4,0.25,106,10970630
84111,0.05136964257078139,0.011415407218318017,0.007146524254850122,4,0.25,106,10971690
84121,0.05136769354076353,0.011415013480162814,0.007146205819160463,4,0.25,106,10972750
84131,0.05136552330085918,0.011414482000682286,0.007145887777878978,4,0.25,106,10973810
84141,0.051362866252788346,0.011413901398156793,0.007145560049263507,4,0.25,106,10974870
84151,0.051360563823718536,0.011413360241270326,0.007145226961810669,4,0.25,106,10975930
84161,0.05135821744762591,0.011412917535925066,0.007144908814563082,4,0.25,106,10976990
84171,0.05135613697804587,0.011412425703761801,0.007144573432371783,4,0.25,106,10978050
84181,0.051354056770696516,0.011411933937547119,0.007144236011561849,4,0.25,106,10979110
84191,0.05135184407196444,0.011411501237819074,0.007143902708728315,4,0.25,106,10980170
84201,0.05134963166987803,0.011410970267013128,0.007143582533967848,4,0.25,106,10981230
84211,0.051346755990541074,0.011410321407085798,0.0071432515946508145,4,0.25,106,10982290
84221,0.05134419042278738,0.011409751291616812,0.007142922186798565,4,0.25,106,10983350
84231,0.051341846373431636,0.011409240228963613,0.007142601352464467,4,0.25,106,10984410
84241,0.05133937000381184,0.011408699759434511,0.007142286429788497,4,0.25,106,10985470
84251,0.05133693821682328,0.011408188843324292,0.007141955665932665,4,0.25,106,10986530
84261,0.05133494883950374,0.011407736938417411,0.0071416293818640075,4,0.25,106,10987590
84271,0.051333092303755844,0.01140728508920963,0.007141306101463526,4,0.25,106,10988650
84281,0.05133114758561628,0.011406843116695618,0.007140996544600649,4,0.25,106,10989710
84291,0.05132884957790441,0.011406352098615131,0.007140680323609002,4,0.25,106,10990770
84301,0.0513265077071305,0.011405802236440861,0.007140347813888391,4,0.25,106,10991830
84311,0.051324077815380495,0.011405330991650102,0.007140021511138238,4,0.25,106,10992890
84321,0.051321913304220805,0.011404791098137138,0.007139701149768597,4,0.25,106,10993950
84331,0.05131926326921791,0.011404261098233533,0.007139353499967985,4,0.25,106,10995010
84341,0.05131749681575352,0.0114038783681869,0.0071390401586039955,4,0.25,106,10996070
84351,0.05131520070908422,0.011403319065393411,0.00713870990014933,4,0.25,106,10997130
84361,0.05131294906880794,0.011402838329460515,0.007138398114073955,4,0.25,106,10998190
84371,0.05131078601771469,0.011402338038625264,0.007138068642793454,4,0.25,106,10999250
84381,0.05130800536889412,0.0114017495486092,0.007137737157166103,4,0.25,106,11000310
84391,0.051305754710877026,0.011401229794370167,0.007137421503115515,4,0.25,106,11001370
84401,0.05130394558109826,0.011400847380787194,0.007137104547085378,4,0.25,106,11002430
84411,0.05130169547716734,0.011400327754504759,0.007136787794743587,4,0.25,106,11003490
84421,0.051299004579652724,0.011399759191320158,0.007136447353549835,4,0.25,106,11004550
84431,0.051296666943276996,0.011399220118076082,0.007136101652391618,4,0.25,106,11005610
84441,0.05129463832000168,0.011398730120319228,0.00713578056737537,4,0.25,106,11006670
84451,0.05129194857411931,0.011398171602816264,0.007135442115461607,4,0.25,106,11007730
84461,0.05128965602249223,0.01139766215234974,0.007135115914940947,4,0.25,106,11008790
84471,0.05128754010397353,0.01139715277273213,0.00713479732734666,4,0.25,106,11009850
84481,0.05128524816540697,0.011396702226730743,0.0071344836649136325,4,0.25,106,11010910
84491,0.0512830887457014,0.011396212565671788,0.007134164983441859,4,0.25,106,11011970
84501,0.0512809296089058,0.011395722970073095,0.007133839309708115,4,0.25,106,11013030
84511,0.051278418315862315,0.011395184490503592,0.007133519687973334,4,0.25,106,11014090
84521,0.051275995501109145,0.01139455799575616,0.007133178582569729,4,0.25,106,11015150
84531,0.051272912433818325,0.011393951181167403,0.007132846735741581,4,0.25,106,11016210
84541,0.051271371116472494,0.011393579312248488,0.0071325310675201155,4,0.25,106,11017270
84551,0.05126930157424858,0.011393129205662123,0.007132209263102514,4,0.25,106,11018330
84561,0.051266704006195825,0.01139253241051802,0.007131884753680418,4,0.25,106,11019390
84571,0.05126410684762489,0.011391974837390843,0.007131551510503824,4,0.25,106,11020450
84581,0.051261554107715754,0.011391407569433222,0.0071312177359028625,4,0.25,106,11021510
84591,0.05125944179448387,0.011390908837469,0.007130897986067855,4,0.25,106,11022570
84601,0.05125688977732726,0.011390380842381594,0.007130569625134143,4,0.25,106,11023630
84611,0.05125455810732473,0.011389892025938559,0.007130236398449732,4,0.25,106,11024690
84621,0.051252534661260084,0.011389403274766214,0.007129916300861061,4,0.25,106,11025750
84631,0.05125037952471678,0.01138891458884992,0.007129578251791793,4,0.25,106,11026810
84641,0.05124769699362869,0.011388367338077581,0.007129252125011975,4,0.25,106,11027870
84651,0.051245542489988034,0.011387869020168473,0.007128921020526962,4,0.25,106,11028930
84661,0.051243344307399824,0.011387380539061064,0.0071285782247317315,4,0.25,106,11029990
84671,0.05124105850872852,0.011386823750123242,0.007128256503209433,4,0.25,106,11031050
84681,0.05123903672051314,0.011386452604558474,0.007127956863793162,4,0.25,106,11032110
84691,0.051237015180508556,0.011385915486853299,0.007127629964429461,4,0.25,106,11033170
84701,0.05123411514351263,0.011385310103233943,0.00712730079783555,4,0.25,106,11034230
84711,0.05123125954563403,0.011384714581606052,0.007126979419228931,4,0.25,106,11035290
84721,0.05122923896022417,0.011384226521403829,0.0071266485247831746,4,0.25,106,11036350
84731,0.051226867285050916,0.01138370924866658,0.007126332625190834,4,0.25,106,11037410
84741,0.05122462768329699,0.011383192049059602,0.00712599166731489,4,0.25,106,11038470
84751,0.051222871346081035,0.011382821271703456,0.007125674896395787,4,0.25,106,11039530
84761,0.05122036888928669,0.011382245665535905,0.007125352737151949,4,0.25,106,11040590
84771,0.05121817406493645,0.011381796950677689,0.007125041134576652,4,0.25,106,11041650
84781,0.05121580398331945,0.011381250763398666,0.0071247213357228285,4,0.25,106,11042710
84791,0.05121330260070562,0.011380675404308042,0.0071243801029435855,4,0.25,106,11043770
84801,0.05121080159820609,0.011380109885277828,0.007124053432238506,4,0.25,106,11044830
84811,0.051208081641000734,0.011379466469977756,0.007123714637258886,4,0.25,106,11045890
84821,0.05120531827393655,0.011378910884214381,0.007123382413570006,4,0.25,106,11046950
84831,0.05120356399598567,0.011378472323493058,0.0071230635011358704,4,0.25,106,11048010
84841,0.05120150295834794,0.011378063047603701,0.007122755758111669,4,0.25,106,11049070
84851,0.0511995298663267,0.011377614845614786,0.00712244128883383,4,0.25,106,11050130
84861,0.051197074793311884,0.011377040058260556,0.007122112505186958,4,0.25,106,11051190
84871,0.051194269444089516,0.011376494580956267,0.007121783712163659,4,0.25,106,11052250
84881,0.05119168368646777,0.011375919969682178,0.007121457097752636,4,0.25,106,11053310
84891,0.051189098335205054,0.011375316238190988,0.0071211419398621734,4,0.25,106,11054370
84901,0.051186907677585346,0.011374819695081749,0.007120820274459367,4,0.25,106,11055430
84911,0.051184980140175085,0.011374391359138723,0.0071204978526848315,4,0.25,106,11056490
84921,0.05118257103600409,0.011373856009784324,0.0071201784226940686,4,0.25,106,11057550
84931,0.051180293661974845,0.011373281813088719,0.007119860566996795,4,0.25,106,11058610
84941,0.05117792903034662,0.01137280500642542,0.007119530649521958,4,0.25,106,11059670
84951,0.05117543339906976,0.01137226016068197,0.007119220458531608,4,0.25,106,11060730
84961,0.05117228156393223,0.011371559764059775,0.007118888817620383,4,0.25,106,11061790
84971,0.05117026820769055,0.011371112358706446,0.007118584448360533,4,0.25,106,11062850
84981,0.05116808005654633,0.011370645559340626,0.00711827478978588,4,0.25,106,11063910
84991,0.051165935950887455,0.011370188542735355,0.007117946477769514,4,0.25,106,11064970
85001,0.051164185867801276,0.011369789915350799,0.00711764954727697,4,0.25,106,11066030
85011,0.051161998525859564,0.011369284401704247,0.007117317209093648,4,0.25,106,11067090
85021,0.05115976773682257,0.011368778957989285,0.007116977622477769,4,0.25,106,11068150
85031,0.05115762471478243,0.011368293020350882,0.00711666635685859,4,0.25,106,11069210
85041,0.05115478236143895,0.011367690547430554,0.007116345025779171,4,0.25,106,11070270
85051,0.051151984216683384,0.011367078458963007,0.007116024189951427,4,0.25,106,11071330
85061,0.051149754786031496,0.011366573320336103,0.0071157000046027895,4,0.25,106,11072390
85071,0.051148137545189,0.011366194512202239,0.00711539639804677,4,0.25,106,11073450
85081,0.05114551533065454,0.011365621518146353,0.007115054245642238,4,0.25,106,11074510
85091,0.05114306830779987,0.011365068032974823,0.007114712938447554,4,0.25,106,11075570
85101,0.05114105852582259,0.011364650547026966,0.007114407506814851,4,0.25,106,11076630
85111,0.051138917941408436,0.011364184572563996,0.007114078064994024,4,0.25,106,11077690
85121,0.05113651557668476,0.011363602188081258,0.007113747783469029,4,0.25,106,11078750
85131,0.0511338515464972,0.011363049008835722,0.00711342300989702,4,0.25,106,11079810
85141,0.05113136259708721,0.011362495913376089,0.007113096391267884,4,0.25,106,11080870
85151,0.051129397903295015,0.011362030213749132,0.007112782614862775,4,0.25,106,11081930
85161,0.051126909628351654,0.011361486972576874,0.0071124440708396535,4,0.25,106,11082990
85171,0.05112437808620854,0.011360963209411247,0.007112120619738488,4,0.25,106,11084050
85181,0.051122457866128186,0.011360478310502584,0.007111804886269661,4,0.25,106,11085110
85191,0.05112018880444054,0.01135991590844078,0.007111478548059335,4,0.25,106,11086170
85201,0.0511177019237432,0.011359431148605851,0.0071111610078574685,4,0.25,106,11087230
85211,0.05111530265885843,0.011358936759881194,0.0071108500922577,4,0.25,106,11088290
85221,0.05111294735785568,0.011358306753640421,0.007110507004411054,4,0.25,106,11089350
85231,0.051109938297963745,0.011357667166235213,0.007110174801654053,4,0.25,106,11090410
85241,0.05110745296855545,0.01135717301635445,0.00710985615087969,4,0.25,106,11091470
85251,0.05110527316463549,0.011356717682557313,0.00710953863824004,4,0.25,106,11092530
85261,0.051102744954487286,0.011356107430604155,0.007109209951729323,4,0.25,106,11093590
85271,0.05110052219468578,0.011355584438707673,0.0071088780693572004,4,0.25,106,11094650
85281,0.05109799471578294,0.011355042155896023,0.007108548755797379,4,0.25,106,11095710
85291,0.051095380491741976,0.011354470909383798,0.007108225892737957,4,0.25,106,11096770
85301,0.051093158728496964,0.01135398687216698,0.007107913084282858,4,0.25,106,11097830
85311,0.05109115504300878,0.011353531935722996,0.007107597151432534,4,0.25,106,11098890
85321,0.05108893385141282,0.011353038345446475,0.0071072859275283905,4,0.25,106,11099950
85331,0.05108623398392455,0.01135244806044907,0.007106955041191652,4,0.25,106,11101010
85341,0.05108383931176077,0.011351886894423714,0.007106623560858704,4,0.25,106,11102070
85351,0.051082315611323925,0.01135156764882984,0.00710632038057802,4,0.25,106,11103130
85361,0.051079703882419364,0.011351025962654466,0.007106006980294448,4,0.25,106,11104190
85371,0.051077527759040973,0.011350484356904597,0.007105687917110989,4,0.25,106,11105250
85381,0.05107500381729365,0.01134994283156018,0.00710536772813247,4,0.25,106,11106310
85391,0.05107295883878934,0.011349469062825645,0.007105054816884547,4,0.25,106,11107370
85401,0.051070218096991575,0.011348879355073649,0.007104705355551487,4,0.25,106,11108430
85411,0.05106795624215176,0.011348357398255649,0.007104385715887291,4,0.25,106,11109490
85421,0.0510652598225814,0.011347767870210178,0.007104043983387724,4,0.25,106,11110550
85431,0.051062824727586976,0.011347246072435922,0.007103717926073271,4,0.25,106,11111610
85441,0.05106043346810562,0.01134671468847963,0.007103401670859931,4,0.25,106,11112670
85451,0.05105778175145715,0.011346077129931288,0.007103085336014308,4,0.25,106,11113730
85461,0.05105478278512726,0.011345391395936762,0.007102754001033985,4,0.25,106,11114790
85471,0.05105247960345041,0.011344947186410855,0.007102442358815696,4,0.25,106,11115850
85481,0.051049959510943474,0.011344406482635464,0.007102113040902353,4,0.25,106,11116910
85491,0.05104765700623222,0.011343865859040701,0.007101791756917255,4,0.25,106,11117970
85501,0.05104565886784173,0.011343441139595256,0.00710148065188483,4,0.25,106,11119030
85511,0.051043226679992504,0.011342919960624436,0.007101163134880972,4,0.25,106,11120090
85521,0.051041185657782547,0.011342466402534822,0.007100839220754671,4,0.25,106,11121150
85531,0.051039579074257366,0.01134207079156143,0.007100515341455263,4,0.25,106,11122210
85541,0.05103701755033593,0.011341530514231968,0.007100198094734578,4,0.25,106,11123270
85551,0.05103493389374996,0.011341086774900555,0.007099904401615011,4,0.25,106,11124330
85561,0.05103263349707625,0.011340527354475919,0.007099575518044196,4,0.25,106,11125390
85571,0.05103046360728193,0.011340006591949609,0.0070992678799953884,4,0.25,106,11126450
85581,0.05102820722641648,0.011339563038114708,0.007098956451865198,4,0.25,106,11127510
85591,0.05102638499156796,0.011339158101322709,0.007098648461064132,4,0.25,106,11128570
85601,0.0510242159283563,0.011338637534414874,0.007098325571982885,4,0.25,106,11129630
85611,0.0510221338975745,0.011338165232496145,0.007098015285143228,4,0.25,106,11130690
85621,0.05101987866252165,0.011337692991789357,0.007097699928231504,4,0.25,106,11131750
85631,0.05101745029470821,0.011337201540947939,0.0070973895297146,4,0.25,106,11132810
85641,0.051016062817424594,0.011336854674378954,0.007097080734147128,4,0.25,106,11133870
85651,0.0510136783651529,0.011336334436437683,0.007096759735893182,4,0.25,106,11134930
85661,0.05101164101707349,0.01133586243295735,0.007096440336815493,4,0.25,106,11135990
85671,0.05100938722483009,0.011335371228970256,0.007096109856293428,4,0.25,106,11137050
85681,0.0510069170777324,0.011334822314648692,0.007095784584748439,4,0.25,106,11138110
85691,0.05100453395527907,0.011334311994832405,0.007095472230267886,4,0.25,106,11139170
85701,0.05100189126100763,0.011333705481247944,0.007095142418023558,4,0.25,106,11140230
85711,0.051000115263283054,0.01133333007106345,0.007094835844829939,4,0.25,106,11141290
85721,0.050998122909524074,0.011332868080872398,0.007094515959685245,4,0.25,106,11142350
85731,0.05099587097514458,0.011332377280497583,0.007094193189590207,4,0.25,106,11143410
85741,0.05099288330908634,0.01133174222524048,0.007093860112718992,4,0.25,106,11144470
85751,0.050990978415103895,0.011331309296505518,0.007093540754596646,4,0.25,106,11145530
85761,0.0509890304570888,0.011330799468661152,0.007093220747997743,4,0.25,106,11146590
85771,0.05098630370484401,0.011330232008403983,0.007092891845337472,4,0.25,106,11147650
85781,0.05098426975660065,0.011329703099662016,0.007092582680984548,4,0.25,106,11148710
85791,0.05098184665849937,0.011329270413285556,0.007092269004747933,4,0.25,106,11149770
85801,0.050979899785748455,0.011328780097546337,0.00709195981852912,4,0.25,106,11150830
85811,0.05097786663229203,0.011328337908610266,0.007091633085594501,4,0.25,106,11151890
85821,0.050975530980193196,0.011327847718434023,0.007091317696749772,4,0.25,106,11152950
85831,0.05097371459208997,0.01132746330173087,0.007091016691372191,4,0.25,106,11154010
85841,0.05097194164556803,0.011327078925617814,0.0070907021790511835,4,0.25,106,11155070
85851,0.05096995271444889,0.01132658890493059,0.007090371508537718,4,0.25,106,11156130
85861,0.05096748850435184,0.011325983676319165,0.007090053821668254,4,0.25,106,11157190
85871,0.05096485177783176,0.011325407361665225,0.0070897446287172435,4,0.25,106,11158250
85881,0.05096247476530766,0.011324975185553067,0.007089442066875988,4,0.25,106,11159310
85891,0.05096027093464558,0.011324427836138847,0.007089116840409055,4,0.25,106,11160370
85901,0.05095806740050753,0.011323957373486382,0.007088790188387749,4,0.25,106,11161430
85911,0.0509559073607163,0.011323506170530824,0.0070884860364410635,4,0.25,106,11162490
85921,0.05095392037571773,0.011323055023512702,0.007088174976347902,4,0.25,106,11163550
85931,0.05095154494921991,0.011322546350348324,0.007087854662473176,4,0.25,106,11164610
85941,0.05094921304750842,0.011321999366106889,0.007087536847722522,4,0.25,106,11165670
85951,0.050947140524754575,0.011321529217301165,0.00708722082405096,4,0.25,106,11166730
85961,0.05094485241893216,0.011321049536237809,0.007086905047252713,4,0.25,106,11167790
85971,0.05094273728478863,0.011320579510145949,0.007086596284807822,4,0.25,106,11168850
85981,0.050940536108825735,0.01132006159253428,0.007086263209061788,4,0.25,106,11169910
85991,0.05093863729284236,0.011319658818695169,0.007085956113846822,4,0.25,106,11170970
86001,0.05093531489475509,0.011318901341091061,0.007085612933956998,4,0.25,106,11172030
86011,0.05093246766158309,0.011318297389702294,0.007085292414177414,4,0.25,106,11173090
86021,0.05093091483403148,0.011317961904478554,0.007084981848112808,4,0.25,106,11174150
86031,0.05092867212095152,0.011317444359397502,0.00708466919072348,4,0.25,106,11175210
86041,0.05092655907635522,0.01131694605224676,0.007084352135717759,4,0.25,106,11176270
86051,0.05092444630453689,0.011316495717980194,0.007084038945066103,4,0.25,106,11177330
86061,0.05092246313428066,0.011316026279919227,0.007083725758916733,4,0.25,106,11178390
86071,0.050920221578997615,0.011315528167019813,0.007083395595101747,4,0.25,106,11179450
86081,0.05091763555053301,0.011315001391074893,0.007083069910364771,4,0.25,106,11180510
86091,0.05091517920197951,0.011314426813427274,0.00708273856394174,4,0.25,106,11181570
86101,0.05091250780287009,0.011313833178560136,0.007082417403193084,4,0.25,106,11182630
86111,0.05090987991643784,0.011313191778856039,0.007082081951099936,4,0.25,106,11183690
86121,0.05090656335088227,0.011312521780606077,0.007081766935353863,4,0.25,106,11184750
86131,0.05090458234676357,0.01131207199391251,0.007081467867016682,4,0.25,106,11185810
86141,0.050902644640044674,0.011311631831028224,0.0070811616937893505,4,0.25,106,11186870
86151,0.05090062105804923,0.011311182154425154,0.007080860120350467,4,0.25,106,11187930
86161,0.05089812421677424,0.011310646442151014,0.007080548781473928,4,0.25,106,11188990
86171,0.05089592903327382,0.011310158630013712,0.007080229563841039,4,0.25,106,11190050
86181,0.05089377717855241,0.011309699572504757,0.007079921162713893,4,0.25,106,11191110
86191,0.05089136743732328,0.01130913539373774,0.007079614271450214,4,0.25,106,11192170
86201,0.05088951734125963,0.011308714707252891,0.007079301265451358,4,0.25,106,11193230
86211,0.05088771047271036,0.011308341866756107,0.007079005121752724,4,0.25,106,11194290
86221,0.05088508656672136,0.011307730108818189,0.007078677254670895,4,0.25,106,11195350
86231,0.05088310816192907,0.011307328698631837,0.00707836783129476,4,0.25,106,11196410
86241,0.050880699992159724,0.011306764887778644,0.007078052563108083,4,0.25,106,11197470
86251,0.05087876511270814,0.01130632536711935,0.007077737956680965,4,0.25,106,11198530
86261,0.05087640057093873,0.011305809475913966,0.007077419647697621,4,0.25,106,11199590
86271,0.05087377847904207,0.011305265003541183,0.007077079886760573,4,0.25,106,11200650
86281,0.0508713716828883,0.011304682412951182,0.0070767516308053785,4,0.25,106,11201710
86291,0.05086857852445074,0.011304061722496676,0.007076440753994325,4,0.25,106,11202770
86301,0.050866516190662826,0.01130363207583498,0.0070761266142931045,4,0.25,106,11203830
86311,0.0508646689042245,0.011303202479982644,0.00707580993911977,4,0.25,106,11204890
86321,0.05086239230347746,0.01130270612137522,0.007075496539175557,4,0.25,106,11205950
86331,0.05086050253616474,0.01130225754790672,0.0070751745275152945,4,0.25,106,11207010
86341,0.05085801181303204,0.011301723149706682,0.00707486109756511,4,0.25,106,11208070
86351,0.05085539266884559,0.011301160208077511,0.007074527414244224,4,0.25,106,11209130
86361,0.0508532032146706,0.01130064504983193,0.007074220945704787,4,0.25,106,11210190
86371,0.0508508423672851,0.011300120426725289,0.00707389177245694,4,0.25,106,11211250
86381,0.050848052714560686,0.011299481442774241,0.007073559385433316,4,0.25,106,11212310
86391,0.05084539225873135,0.011298937918065124,0.007073239553995125,4,0.25,106,11213370
86401,0.05084354735823434,0.01129852794448283,0.007072934420375454,4,0.25,106,11214430
86411,0.050841102113492055,0.011297946433451129,0.007072619251447644,4,0.25,106,11215490
86421,0.0508390432438237,0.011297498447482795,0.007072318025051836,4,0.25,106,11216550
86431,0.05083634137105764,0.01129694568991916,0.007071997070981957,4,0.25,106,11217610
86441,0.0508340258357033,0.0112963739602976,0.007071675939853226,4,0.25,106,11218670
86451,0.05083162488638763,0.011295869007349264,0.007071354864847565,4,0.25,106,11219730
86461,0.05082900996807705,0.011295278396801568,0.007071029399920752,4,0.25,106,11220790
86471,0.05082703833927815,0.011294840263966287,0.007070699628922478,4,0.25,106,11221850
86481,0.050824595564131735,0.011294335524301502,0.007070378660805787,4,0.25,106,11222910
86491,0.0508224959265939,0.01129377372684159,0.007070052570419422,4,0.25,106,11223970
86501,0.0508202251938937,0.011293335775582945,0.0070697558403054655,4,0.25,106,11225030
86511,0.0508180832826015,0.011292859801538118,0.007069452070869159,4,0.25,106,11226090
86521,0.050815599017381134,0.01129230774983964,0.007069123782349929,4,0.25,106,11227150
86531,0.050813329243353515,0.011291793846151326,0.00706881911619469,4,0.25,106,11228210
86541,0.05081093133427626,0.011291270500527485,0.007068501648693746,4,0.25,106,11229270
86551,0.050808576587703075,0.011290747230371146,0.00706819045336935,4,0.25,106,11230330
86561,0.05080613657225392,0.011290195499940498,0.007067864540816475,4,0.25,106,11231390
86571,0.05080365412374536,0.011289615322232027,0.00706754702722837,4,0.25,106,11232450
86581,0.050801386009410664,0.011289177872524364,0.007067239203900658,4,0.25,106,11233510
86591,0.05079903263896398,0.011288645396235418,0.007066939822900833,4,0.25,106,11234570
86601,0.05079693628555058,0.011288151023936224,0.007066617683037088,4,0.25,106,11235630
86611,0.05079479742687795,0.011287723256125065,0.007066311723258586,4,0.25,106,11236690
86621,0.050792616079698504,0.011287219505385727,0.0070659906412679635,4,0.25,106,11237750
86631,0.05079034949832003,0.011286677813787411,0.007065668795993041,4,0.25,106,11238810
86641,0.050788254259653345,0.011286240718141256,0.007065373904488134,4,0.25,106,11239870
86651,0.05078581727957201,0.011285670672533644,0.007065055186241276,4,0.25,106,11240930
86661,0.050784064589044796,0.01128530968998307,0.007064739085722806,4,0.25,106,11241990
86671,0.05078197015698699,0.011284853763374285,0.007064421072265466,4,0.25,106,11243050
86681,0.050780217879541026,0.01128446437144553,0.007064114063210081,4,0.25,106,11244110
86691,0.050778252133661654,0.011284008551088505,0.007063776523046647,4,0.25,106,11245170
86701,0.050776500255372115,0.011283638239231047,0.007063470845830642,4,0.25,106,11246230
86711,0.05077496217583086,0.011283324927962413,0.007063185972330249,4,0.25,106,11247290
86721,0.05077325336857888,0.011282859758135028,0.007062870468587962,4,0.25,106,11248350
86731,0.05077051964914506,0.011282261770315001,0.007062565468834839,4,0.25,106,11249410
86741,0.05076778638765303,0.011281692349780431,0.00706224456755505,4,0.25,106,11250470
86751,0.05076590753595232,0.011281265343059397,0.007061936190193057,4,0.25,106,11251530
86761,0.050763473890640086,0.011280705565987755,0.007061621588441765,4,0.25,106,11252590
86771,0.05076125403960679,0.011280231246291057,0.007061313069098713,4,0.25,106,11253650
86781,0.05075933325845221,0.011279851835211602,0.007061009757231581,4,0.25,106,11254710
86791,0.05075660187031642,0.011279216410604129,0.00706067198809181,4,0.25,106,11255770
86801,0.050754084276974976,0.011278590578832983,0.007060342823050575,4,0.25,106,11256830
86811,0.05075186570326741,0.011278163937297128,0.007060043602523927,4,0.25,106,11257890
86821,0.05074998868426761,0.011277718387526024,0.007059726885315875,4,0.25,106,11258950
86831,0.050747855970309404,0.011277253936500347,0.0070594256704672904,4,0.25,106,11260010
86841,0.050745638243600205,0.011276780068228723,0.007059117356367819,4,0.25,106,11261070
86851,0.0507429944250774,0.01127616413209265,0.0070588011228841325,4,0.25,106,11262130
86861,0.050741033159239404,0.011275756724175743,0.007058489774375073,4,0.25,106,11263190
86871,0.050739200015328736,0.011275339889064434,0.00705819047834742,4,0.25,106,11264250
86881,0.05073702608851185,0.011274818912595514,0.007057868504243894,4,0.25,106,11265310
86891,0.05073485245149103,0.011274364303426284,0.007057567040204686,4,0.25,106,11266370
86901,0.05073250865784167,0.011273833998142902,0.007057250120012245,4,0.25,106,11267430
86911,0.050729653946174555,0.011273218562541766,0.007056922176229309,4,0.25,106,11268490
86921,0.05072726830194804,0.011272678958883234,0.007056596238956283,4,0.25,106,11269550
86931,0.0507253941120744,0.01127228140761048,0.007056281576264197,4,0.25,106,11270610
86941,0.05072343496210854,0.011271817652925873,0.007055982751377651,4,0.25,106,11271670
86951,0.0507207095798723,0.011271221484127538,0.007055661815825842,4,0.25,106,11272730
86961,0.05071845296758206,0.0112706537955266,0.007055340562622343,4,0.25,106,11273790
86971,0.0507164946516389,0.011270303765234246,0.007055040934056341,4,0.25,106,11274850
86981,0.05071432375027304,0.011269811887939407,0.007054722839933846,4,0.25,106,11275910
86991,0.05071215313802604,0.011269301162981358,0.007054411281366046,4,0.25,106,11276970
87001,0.050709770053605656,0.011268799965916329,0.007054096638662636,4,0.25,106,11278030
87011,0.0507077276871372,0.01126831774742481,0.007053779783083107,4,0.25,106,11279090
87021,0.050706238622935884,0.01126800575790788,0.007053471650172321,4,0.25,106,11280150
87031,0.050703984013283084,0.011267495287579915,0.007053158961467819,4,0.25,106,11281210
87041,0.05070164465380382,0.011267032145289738,0.007052854456236567,4,0.25,106,11282270
87051,0.050699263105539454,0.011266455663161763,0.007052559742673469,4,0.25,106,11283330
87061,0.05069760473288755,0.01126606824313866,0.0070522556740587345,4,0.25,106,11284390
87071,0.05069535131750405,0.01126556749331183,0.007051938618939288,4,0.25,106,11285450
87081,0.05069322573960546,0.011265123490078495,0.007051648306922075,4,0.25,106,11286510
87091,0.0506911004389951,0.011264641760929462,0.007051331093368533,4,0.25,106,11287570
87101,0.050688635437593596,0.011264103433610001,0.007051027300333771,4,0.25,106,11288630
87111,0.05068612831881032,0.011263527417598325,0.0070507078077749145,4,0.25,106,11289690
87121,0.05068340916857355,0.011262979815238567,0.007050395778635526,4,0.25,106,11290750
87131,0.05068145505967998,0.011262488931820903,0.007050084317551043,4,0.25,106,11291810
87141,0.0506790339890687,0.011261969800642134,0.007049759589862933,4,0.25,106,11292870
87151,0.05067674067515484,0.011261460180643414,0.0070494468056038805,4,0.25,106,11293930
87161,0.05067432030519537,0.011260941196992315,0.007049148631304093,4,0.25,106,11294990
87171,0.05067236728642615,0.011260516629354992,0.007048847603768786,4,0.25,106,11296050
87181,0.05066999001444796,0.011259941183848527,0.007048527124076208,4,0.25,106,11297110
87191,0.05066846195141768,0.011259611051507018,0.007048223568289748,4,0.25,106,11298170
87201,0.050665915498310544,0.011259054610872989,0.007047903432501306,4,0.25,106,11299230
87211,0.05066370889436491,0.011258564259552328,0.007047594273675572,4,0.25,106,11300290
87221,0.05066146016341115,0.011258026835400082,0.0070472735603233,4,0.25,106,11301350
87231,0.050659466265573466,0.011257602609555387,0.007046967603431033,4,0.25,106,11302410
87241,0.05065704846175857,0.01125708417884394,0.007046656965475319,4,0.25,106,11303470
87251,0.05065412212695865,0.011256452736334254,0.007046344568848058,4,0.25,106,11304530
87261,0.050651620315787634,0.011255877936752787,0.007046025886933394,4,0.25,106,11305590
87271,0.05064907649530861,0.011255303228491546,0.007045718410020075,4,0.25,106,11306650
87281,0.050646745009047686,0.011254794546541531,0.007045411500629276,4,0.25,106,11307710
87291,0.05064449862002727,0.011254276518082485,0.0070450722362217656,4,0.25,106,11308770
87301,0.05064208303818666,0.011253683231182568,0.007044756443923859,4,0.25,106,11309830
87311,0.05063954070772192,0.011253184192172328,0.007044456139767892,4,0.25,106,11310890
87321,0.050637252949818176,0.011252704049826649,0.007044136993921201,4,0.25,106,11311950
87331,0.050635134942183684,0.011252176908120512,0.007043814407784114,4,0.25,106,11313010
87341,0.0506327207496919,0.011251621609794977,0.007043496336761411,4,0.25,106,11314070
87351,0.050630560986287924,0.011251226364633623,0.0070431843038118525,4,0.25,106,11315130
87361,0.05062835916969825,0.011250680620903087,0.007042863070359966,4,0.25,106,11316190
87371,0.050626030649418084,0.011250153774070792,0.007042544723328126,4,0.25,106,11317250
87381,0.05062370246233834,0.011249683439977152,0.0070422364238437824,4,0.25,106,11318310
87391,0.05062192479834653,0.01124922257192068,0.007041934107667534,4,0.25,106,11319370
87401,0.0506196818328681,0.011248724148113504,0.007041630922601603,4,0.25,106,11320430
87411,0.05061697375837324,0.01124820698850802,0.007041315053129926,4,0.25,106,11321490
87421,0.05061494299831248,0.011247661700333976,0.007041011847463294,4,0.25,106,11322550
87431,0.05061223571254419,0.011247060098484002,0.007040693879600201,4,0.25,106,11323610
87441,0.050609824915468435,0.011246590166698444,0.007040384256399337,4,0.25,106,11324670
87451,0.05060813334138367,0.011246214265255758,0.007040086955189551,4,0.25,106,11325730
87461,0.050605849995405246,0.011245725651820365,0.007039774089843369,4,0.25,106,11326790
87471,0.05060386289961709,0.011245237104433845,0.007039458922540596,4,0.25,106,11327850
87481,0.050600861576960476,0.011244598334409146,0.0070391215630911195,4,0.25,106,11328910
87491,0.05059849472723643,0.01124408176476372,0.007038825223382777,4,0.25,106,11329970
87501,0.05059629724662849,0.011243565268951589,0.007038531491209387,4,0.25,106,11331030
87511,0.05059367756166291,0.011242973737176453,0.007038214144627622,4,0.25,106,11332090
87521,0.050591185027513835,0.011242438625192927,0.007037909224140156,4,0.25,106,11333150
87531,0.05058915748497201,0.011242016224337698,0.007037607450718189,4,0.25,106,11334210
87541,0.050586750106566845,0.011241415561504693,0.007037292081290996,4,0.25,106,11335270
87551,0.050584385309970975,0.011240899446658863,0.0070369764020740315,4,0.25,106,11336330
87561,0.050581936418941875,0.011240355259959593,0.007036669198924973,4,0.25,106,11337390
87571,0.0505795723224295,0.011239876818689846,0.007036351793007635,4,0.25,106,11338450
87581,0.0505776306431845,0.011239445337774545,0.007036048558650647,4,0.25,106,11339510
87591,0.050575604790358594,0.011239013908394711,0.007035738046823854,4,0.25,106,11340570
87601,0.05057307282934821,0.011238394991019548,0.007035416424461973,4,0.25,106,11341630
87611,0.05057104754449308,0.011237963687074142,0.00703512875175305,4,0.25,106,11342690
87621,0.05056893814110443,0.011237457439459723,0.007034819726480212,4,0.25,106,11343750
87631,0.05056666029292204,0.011236979381863663,0.007034491999172968,4,0.25,106,11344810
87641,0.050564298417175205,0.011236426413781668,0.0070341788661541236,4,0.25,106,11345870
87651,0.05056231639352578,0.01123598597436871,0.007033874044259152,4,0.25,106,11346930
87661,0.05055953353431237,0.01123541442033219,0.00703355495379757,4,0.25,106,11347990
87671,0.05055767855958041,0.01123493663310768,0.007033242592778887,4,0.25,106,11349050
87681,0.050554980792500356,0.011234412076812987,0.007032929525446727,4,0.25,106,11350110
87691,0.05055333706030978,0.011234037440398933,0.007032626187959403,4,0.25,106,11351170
87701,0.05055122995459094,0.011233569199541936,0.0070323195501993,4,0.25,106,11352230
87711,0.05054933379307619,0.011233138471583146,0.0070320106945284955,4,0.25,106,11353290
87721,0.05054693230616048,0.011232595453047622,0.007031686442455453,4,0.25,106,11354350
87731,0.05054427844411831,0.011231977634746718,0.0070313716457981925,4,0.25,106,11355410
87741,0.050542004050262705,0.011231528378752334,0.007031070917511524,4,0.25,106,11356470
87751,0.050539645755922125,0.011230985602350465,0.007030746868243346,4,0.25,106,11357530
87761,0.05053728780393853,0.011230433551466178,0.007030424622403835,4,0.25,106,11358590
87771,0.050534635517076605,0.011229900294352599,0.007030102695468734,4,0.25,106,11359650
87781,0.050532572926708354,0.011229413882895896,0.0070298031730824315,4,0.25,106,11360710
87791,0.05053067894179096,0.011228974298170338,0.007029493930348602,4,0.25,106,11361770
87801,0.050528322291224136,0.01122847866047263,0.007029199797741906,4,0.25,106,11362830
87811,0.05052600805655481,0.011227898944265844,0.007028881197935178,4,0.25,106,11363890
87821,0.05052310521033085,0.01122725388571136,0.007028555583831203,4,0.25,106,11364950
87831,0.0505203711196725,0.011226683712577424,0.0070282387808683275,4,0.25,106,11366010
87841,0.05051843650290844,0.01122626315079679,0.0070279396665609405,4,0.25,106,11367070
87851,0.05051620777371788,0.011225767885340113,0.007027628056531173,4,0.25,106,11368130
87861,0.05051347484424296,0.011225132549973689,0.007027315896034678,4,0.25,106,11369190
87871,0.05051112068926017,0.011224674804135599,0.007027001190687703,4,0.25,106,11370250
87881,0.050509355297037324,0.011224226456359725,0.007026674858130482,4,0.25,106,11371310
87891,0.050506875665541816,0.011223703454375315,0.007026377314278803,4,0.25,106,11372370
87901,0.05050439641278063,0.011223133842061398,0.00702605750046954,4,0.25,106,11373430
87911,0.050501581449277015,0.011222517641513214,0.00702573042735722,4,0.25,106,11374490
87921,0.05049948104831925,0.011222050892993328,0.007025430356360894,4,0.25,106,11375550
87931,0.05049721292056098,0.011221518873352009,0.007025129943109475,4,0.25,106,11376610
87941,0.05049532305620962,0.011221154905128356,0.007024828206028167,4,0.25,106,11377670
87951,0.050493055509460205,0.011220595025734402,0.00702451643931924,4,0.25,106,11378730
87961,0.05049062034916151,0.011220016575000151,0.007024207570199911,4,0.25,106,11379790
87971,0.050487681849192154,0.011219438217044157,0.007023885735674418,4,0.25,106,11380850
87981,0.05048554127711825,0.01121896254051344,0.007023574867406196,4,0.25,106,11381910
87991,0.05048348491502103,0.011218552203338008,0.007023269845275953,4,0.25,106,11382970
88001,0.05048147077217244,0.01121805799555662,0.007022969650967901,4,0.25,106,11384030
88011,0.05047949883289253,0.011217582501075582,0.007022664690100591,4,0.25,106,11385090
88021,0.05047698181185344,0.011217069783185641,0.007022329389294675,4,0.25,106,11386150
88031,0.05047501041811129,0.01121664102057819,0.007022019700997726,4,0.25,106,11387210
88041,0.05047270377216405,0.0112161377556244,0.007021706281266622,4,0.25,106,11388270
88051,0.05046964273041406,0.011215392307044835,0.007021379118910506,4,0.25,106,11389330
88061,0.05046704339511567,0.011214861268970647,0.007021062209566215,4,0.25,106,11390390
88071,0.05046553429479338,0.01121450728704975,0.007020779663495484,4,0.25,106,11391450
88081,0.050463228995959196,0.011213967065874708,0.0070204646132782204,4,0.25,106,11392510
88091,0.050460756403271904,0.011213482798483642,0.007020164614476539,4,0.25,106,11393570
88101,0.05045832608633698,0.01121287755574068,0.007019839171282102,4,0.25,106,11394630
88111,0.05045568667193186,0.011212356197340805,0.00701954749656036,4,0.25,106,11395690
88121,0.050453843526164194,0.011211937303280767,0.007019249250094951,4,0.25,106,11396750
88131,0.05045191682502631,0.01121149053661861,0.0070189483284815125,4,0.25,106,11397810
88141,0.050450157863041155,0.011211053131264944,0.007018629254021088,4,0.25,106,11398870
88151,0.050447938492832786,0.01121056925529311,0.007018318631901771,4,0.25,106,11399930
88161,0.050445426364842776,0.01121002962413283,0.007017998851612118,4,0.25,106,11400990
88171,0.05044329136206135,0.011209545885594273,0.007017684426167173,4,0.25,106,11402050
88181,0.05044073810050118,0.011208941303749151,0.007017369073308808,4,0.25,106,11403110
88191,0.05043797600807336,0.011208364720215516,0.007017053937028485,4,0.25,106,11404170
88201,0.05043533990427025,0.011207816121571798,0.007016726908060351,4,0.25,106,11405230
88211,0.05043299706074042,0.01120727690263886,0.007016430851036882,4,0.25,106,11406290
88221,0.050430487246981404,0.011206747059221091,0.007016130140139401,4,0.25,106,11407350
88231,0.05042814510474058,0.011206235880680683,0.007015802800243206,4,0.25,106,11408410
88241,0.05042643053662577,0.011205854867510358,0.007015507545375415,4,0.25,106,11409470
88251,0.05042421441246521,0.011205315942105814,0.0070151946743447656,4,0.25,106,11410530
88261,0.05042212400706865,0.0112048978658803,0.007014903470727462,4,0.25,106,11411590
88271,0.05041990847172213,0.011204331217811546,0.00701459524291189,4,0.25,106,11412650
88281,0.05041706634165123,0.011203755371789562,0.007014288879670876,4,0.25,106,11413710
88291,0.05041460077970587,0.011203226046202018,0.007013979572692652,4,0.25,106,11414770
88301,0.05041259517554709,0.011202752505049787,0.007013684827604466,4,0.25,106,11415830
88311,0.05040987964892508,0.011202130496609425,0.0070133789039658855,4,0.25,106,11416890
88321,0.05040754048323204,0.011201592128308659,0.007013066521433092,4,0.25,106,11417950
88331,0.05040570280424482,0.011201193045152952,0.0070127595288298926,4,0.25,106,11419010
88341,0.05040374005920573,0.011200766167960537,0.0070124505231597585,4,0.25,106,11420070
88351,0.05040119302128064,0.011200209447687244,0.007012132983751518,4,0.25,106,11421130
88361,0.05039906383791111,0.01119976413345469,0.007011829003430281,4,0.25,106,11422190
88371,0.05039693493438808,0.01119927249631488,0.007011508421936618,4,0.25,106,11423250
88381,0.05039488978082042,0.011198827297979849,0.007011199503501829,4,0.25,106,11424310
88391,0.05039284488546906,0.011198363608265458,0.007010882489757748,4,0.25,106,11425370
88401,0.050390758523677324,0.011197909250298817,0.00701057417337898,4,0.25,106,11426430
88411,0.050388422117525575,0.011197399324982758,0.007010258077682686,4,0.25,106,11427490
88421,0.05038612776097463,0.011196880202524392,0.007009947756661734,4,0.25,106,11428550
88431,0.050384417633916004,0.011196481641459513,0.0070096453893730305,4,0.25,106,11429610
88441,0.050382582576499704,0.011196064589937885,0.007009363314109577,4,0.25,106,11430670
88451,0.050380205652197,0.011195554925935686,0.007009043317133682,4,0.25,106,11431730
88461,0.05037799584261896,0.011195091657662967,0.007008718079624811,4,0.25,106,11432790
88471,0.05037586970679317,0.011194591394918229,0.007008412612608602,4,0.25,106,11433850
88481,0.05037382721181028,0.01119414677531147,0.0070081034261817495,4,0.25,106,11434910
88491,0.050371826650217826,0.011193683688311229,0.007007788846730128,4,0.25,106,11435970
88501,0.05036970132437397,0.011193239180865715,0.007007491605844736,4,0.25,106,11437030
88511,0.050367867934105776,0.011192859540912394,0.007007196781603816,4,0.25,106,11438090
88521,0.05036545150961064,0.01119223923989273,0.0070068883209010125,4,0.25,106,11439150
88531,0.050363118752336795,0.011191767142151369,0.007006570620050995,4,0.25,106,11440210
88541,0.05036116116194205,0.011191313616405834,0.007006257629640277,4,0.25,106,11441270
88551,0.05035891230777963,0.011190850893974503,0.007005958943907586,4,0.25,106,11442330
88561,0.050357413245250074,0.011190453000291539,0.007005659485819315,4,0.25,106,11443390
88571,0.05035524817781039,0.011189999640216419,0.007005357864691349,4,0.25,106,11444450
88581,0.050353249911070624,0.011189583339464815,0.0070050613144952275,4,0.25,106,11445510
88591,0.050351668124875536,0.011189204085176362,0.00700476144714829,4,0.25,106,11446570
88601,0.05034867148024822,0.011188565918243904,0.007004432164979697,4,0.25,106,11447630
88611,0.050346590803488904,0.011188075808945824,0.0070041127129082505,4,0.25,106,11448690
88621,0.0503440943444978,0.01118752104884052,0.0070038113039115725,4,0.25,106,11449750
88631,0.05034139028186009,0.011186892424178746,0.0070034872967325015,4,0.25,106,11450810
88641,0.05033926894907765,0.01118643951276933,0.0070031823349932035,4,0.25,106,11451870
88651,0.0503371478944105,0.011185949693224713,0.00700288506795833,4,0.25,106,11452930
88661,0.05033481921348571,0.011185478420435584,0.007002576634756254,4,0.25,106,11453990
88671,0.050332199848069345,0.011184887106686853,0.007002272599813128,4,0.25,106,11455050
88681,0.0503297887437289,0.011184360549759506,0.007001958681744163,4,0.25,106,11456110
88691,0.05032741956025953,0.011183824834156137,0.007001643220559646,4,0.25,106,11457170
88701,0.05032542472751697,0.011183409247738892,0.007001342217614719,4,0.25,106,11458230
88711,0.05032363789875399,0.011182966008519058,0.007001039862666063,4,0.25,106,11459290
88721,0.050320854163587045,0.01118235664383217,0.007000731862814871,4,0.25,106,11460350
88731,0.05031940016408199,0.011182042769008452,0.007000449745563951,4,0.25,106,11461410
88741,0.05031790475810384,0.011181692000172582,0.007000145016459625,4,0.25,106,11462470
88751,0.05031611875995102,0.011181350494990474,0.006999855548662804,4,0.25,106,11463530
88761,0.05031458212871501,0.011180962879784468,0.006999553282083684,4,0.25,106,11464590
88771,0.05031225669428949,0.01118046457880593,0.006999249958811633,4,0.25,106,11465650
88781,0.050309724012284965,0.011179892540664343,0.00699893898222451,4,0.25,106,11466710
88791,0.0503073577662823,0.011179366714969653,0.006998627993911821,4,0.25,106,11467770
88801,0.05030503337056315,0.011178850189217921,0.006998322606415577,4,0.25,106,11468830
88811,0.050303041297318975,0.011178407511956614,0.006998024710803346,4,0.25,106,11469890
88821,0.05030096648200765,0.011177928006469438,0.006997729094101567,4,0.25,106,11470950
88831,0.05029868449268665,0.011177439345574362,0.0069974271858319345,4,0.25,106,11472010
88841,0.050296568754032864,0.011176987623875827,0.0069971298146980256,4,0.25,106,11473070
88851,0.050294453292263425,0.011176462223159626,0.006996823379739209,4,0.25,106,11474130
88861,0.05029237957887175,0.01117598297725045,0.006996522924696933,4,0.25,106,11475190
88871,0.050289393898911204,0.011175365581587026,0.006996196879255634,4,0.25,106,11476250
88881,0.05028752812897544,0.01117496939848492,0.006995901071275212,4,0.25,106,11477310
88891,0.05028528948933059,0.011174453504607265,0.006995593426703257,4,0.25,106,11478370
88901,0.050283299847718003,0.011174048211399959,0.006995289595789926,4,0.25,106,11479430
88911,0.05028114467903255,0.011173541659204582,0.006994981148638787,4,0.25,106,11480490
88921,0.05027915554763315,0.011173062802834028,0.006994683162580096,4,0.25,106,11481550
88931,0.050277000931559616,0.011172574803388905,0.00699437742242586,4,0.25,106,11482610
88941,0.050275178019256545,0.011172206545830997,0.006994082449201359,4,0.25,106,11483670
88951,0.05027302393346651,0.011171746276989778,0.006993784243967029,4,0.25,106,11484730
88961,0.05027053880666637,0.011171184828893243,0.006993484207933561,4,0.25,106,11485790
88971,0.05026846815962522,0.011170752297614082,0.006993183375785636,4,0.25,106,11486850
88981,0.05026685323914638,0.011170347421935867,0.006992876283841403,4,0.25,106,11487910
88991,0.050264865866296374,0.011169914991528848,0.006992577772540402,4,0.25,106,11488970
89001,0.050262092233776354,0.011169298638223643,0.006992255275449328,4,0.25,106,11490030
89011,0.05026014683543778,0.011168875531545587,0.0069919582366061855,4,0.25,106,11491090
89021,0.05025803613630236,0.011168443278400381,0.006991670151176852,4,0.25,106,11492150
89031,0.05025592571294427,0.011167882346609339,0.00699134938909029,4,0.25,106,11493210
89041,0.05025336047156115,0.011167330695927524,0.006991029154598115,4,0.25,106,11494270
89051,0.05025116792689285,0.011166889436422862,0.006990715380457418,4,0.25,106,11495330
89061,0.050248851599285785,0.01116639308432089,0.006990404921117141,4,0.25,106,11496390
89071,0.05024645289588372,0.011165850852157485,0.006990101708658297,4,0.25,106,11497450
89081,0.05024442668269831,0.011165373020540484,0.0069898092495255,4,0.25,106,11498510
89091,0.050242152664582776,0.011164876878120485,0.006989495489804274,4,0.25,106,11499570
89101,0.05024004431572356,0.011164435920218995,0.006989193355857302,4,0.25,106,11500630
89111,0.05023818423649958,0.011163967461818065,0.006988904252378757,4,0.25,106,11501690
89121,0.050236076405729864,0.011163526615658965,0.006988608400149978,4,0.25,106,11502750
89131,0.05023442339765878,0.011163159285233181,0.006988300063384834,4,0.25,106,11503810
89141,0.050232026836538615,0.011162635904349832,0.006987990986634064,4,0.25,106,11504870
89151,0.0502296306311309,0.011162085059580348,0.006987675465151515,4,0.25,106,11505930
89161,0.050227317390937706,0.011161580192834114,0.006987375712186469,4,0.25,106,11506990
89171,0.05022508708036326,0.011161084574602556,0.006987060117156834,4,0.25,106,11508050
89181,0.05022281578447027,0.011160589024840177,0.006986747478186195,4,0.25,106,11509110
89191,0.05022046223320001,0.01116003849427712,0.00698643963430884,4,0.25,106,11510170
89201,0.050218769540083204,0.011159699042546434,0.006986148067271485,4,0.25,106,11511230
89211,0.05021674679821722,0.011159267893424552,0.006985826622911195,4,0.25,106,11512290
89221,0.05021484812836773,0.011158790937761811,0.006985508407212991,4,0.25,106,11513350
89231,0.05021249573861474,0.011158249853332707,0.006985207008449396,4,0.25,106,11514410
89241,0.050209896127773324,0.011157708850530813,0.006984892184062404,4,0.25,106,11515470
89251,0.05020733818939997,0.01115716792933545,0.006984575873874818,4,0.25,106,11516530
89261,0.05020527563119287,0.011156691252872292,0.006984274048908899,4,0.25,106,11517590
89271,0.05020304836442239,0.011156159650026979,0.006983980628113773,4,0.25,106,11518650
89281,0.050200450275052926,0.011155573145239775,0.006983689436761171,4,0.25,106,11519710
89291,0.050197852603991976,0.011155032546119038,0.00698337847874862,4,0.25,106,11520770
89301,0.05019583248229531,0.011154565314251116,0.006983080805806262,4,0.25,106,11521830
89311,0.05019373017527641,0.011154098143269774,0.006982797965392019,4,0.25,106,11522890
89321,0.05019133964922756,0.011153548608284153,0.006982490378324018,4,0.25,106,11523950
89331,0.05018952638299219,0.011153173141157026,0.006982194213583676,4,0.25,106,11525010
89341,0.05018713647980376,0.011152632903812826,0.0069818844300955285,4,0.25,106,11526070
89351,0.05018458214722577,0.011152074438937126,0.006981578971208113,4,0.25,106,11527130
89361,0.050183057980178636,0.011151717433218708,0.006981285698582986,4,0.25,106,11528190
89371,0.05018050429338917,0.011151195719589958,0.006980971192215408,4,0.25,106,11529250
89381,0.05017877460624105,0.01115080219640147,0.006980682891165546,4,0.25,106,11530310
89391,0.05017716863426999,0.011150463618009763,0.006980385979993857,4,0.25,106,11531370
89401,0.05017539813258341,0.011150051876585304,0.0069800915350562934,4,0.25,106,11532430
89411,0.05017333965409195,0.01114954870130407,0.0069797776022801185,4,0.25,106,11533490
89421,0.050170828666131845,0.011149045596668484,0.0069794805970751495,4,0.25,106,11534550
89431,0.0501690177044175,0.011148615726855797,0.006979179055979046,4,0.25,106,11535610
89441,0.050166754288267175,0.011148094464570631,0.006978855440401187,4,0.25,106,11536670
89451,0.050164450045512135,0.011147564135165263,0.006978551369919991,4,0.25,106,11537730
89461,0.05016226954762548,0.011147152726768987,0.006978257774463442,4,0.25,106,11538790
89471,0.05016021274446085,0.011146686521025623,0.006977946227318063,4,0.25,106,11539850
89481,0.05015848523257427,0.011146302632433675,0.0069776589684326954,4,0.25,106,11540910
89491,0.05015642891215046,0.011145836537299504,0.00697735716718048,4,0.25,106,11541970
89501,0.05015482516429706,0.011145471014919294,0.006977058863995159,4,0.25,106,11543030
89511,0.05015244039844623,0.01114493193748151,0.006976756663653372,4,0.25,106,11544090
89521,0.050150508174540157,0.01114445688563817,0.006976447062031974,4,0.25,106,11545150
89531,0.050147548621109206,0.011143826625640636,0.006976124497661943,4,0.25,106,11546210
89541,0.05014557588736517,0.011143406513916593,0.006975824674033798,4,0.25,106,11547270
89551,0.05014384994339983,0.0111430047140276,0.006975517532437261,4,0.25,106,11548330
89561,0.05014163114415749,0.011142539047829981,0.006975204677257438,4,0.25,106,11549390
89571,0.05013974129684186,0.011142128216170277,0.006974900894008979,4,0.25,106,11550450
89581,0.05013781059477471,0.011141726559671218,0.006974602275602833,4,0.25,106,11551510
89591,0.05013596226698917,0.011141306694224053,0.006974303373255792,4,0.25,106,11552570
89601,0.050134278419573054,0.011140877752110203,0.006973994078750893,4,0.25,106,11553630
89611,0.05013201987619118,0.011140384988427746,0.006973686605366624,4,0.25,106,11554690
89621,0.05013017221251544,0.011139974403824146,0.006973388251817735,4,0.25,106,11555750
89631,0.0501279552957635,0.011139509131520524,0.006973081036346165,4,0.25,106,11556810
89641,0.05012577972962143,0.011139016556154947,0.006972772308369161,4,0.25,106,11557870
89651,0.05012348133739383,0.011138533168449247,0.0069724714740960324,4,0.25,106,11558930
89661,0.05012163465266622,0.011138086320895586,0.006972178567929614,4,0.25,106,11559990
89671,0.050119213764498474,0.011137530119218942,0.006971856540693323,4,0.25,106,11561050
89681,0.050116383017791886,0.0111369193087585,0.006971540366674649,4,0.25,106,11562110
89691,0.0501136347977022,0.011136253917486521,0.006971216542363058,4,0.25,106,11563170
89701,0.050111256120122,0.011135780015572751,0.0069709100037079344,4,0.25,106,11564230
89711,0.05010924682142085,0.011135351735134193,0.0069706172693592625,4,0.25,106,11565290
89721,0.05010748376579417,0.011134978170645368,0.006970337190087283,4,0.25,106,11566350
89731,0.050104819048061515,0.011134340467723906,0.006970029875856139,4,0.25,106,11567410
89741,0.050102318713972804,0.011133812171378224,0.006969729209678696,4,0.25,106,11568470
89751,0.050100392491825144,0.011133393233177405,0.006969429456039961,4,0.25,106,11569530
89761,0.05009809771942671,0.011132865076652702,0.0069691252350763564,4,0.25,106,11570590
89771,0.05009600812193879,0.011132409831868514,0.00696883198495544,4,0.25,106,11571650
89781,0.05009395976018932,0.011131963748171384,0.006968530932300465,4,0.25,106,11572710
89791,0.05009191165901613,0.011131499516039447,0.006968236053297071,4,0.25,106,11573770
89801,0.05008937237536622,0.01113094433710244,0.006967920016413728,4,0.25,106,11574830
89811,0.05008736580548351,0.011130443839781907,0.006967621088964748,4,0.25,106,11575890
89821,0.05008495006338836,0.011129943412476553,0.006967309236446501,4,0.25,107,11576952
89831,0.05008233000724971,0.011129352088633417,0.006967000959047629,4,0.25,107,11578022
89841,0.05008028338509396,0.01112887000460917,0.0069666999574810005,4,0.25,107,11579092
89851,0.05007741855120725,0.011128315233601612,0.0069664005575525165,4,0.25,107,11580162
89861,0.0500754953059802,0.011127851474699343,0.006966105511706727,4,0.25,107,11581232
89871,0.0500729586105943,0.011127269587813826,0.006965782919669531,4,0.25,107,11582302
89881,0.05007079046213486,0.011126796874423407,0.006965473956508326,4,0.25,107,11583372
89891,0.0500686226057518,0.011126333312362844,0.00696516644128422,4,0.25,107,11584442
89901,0.05006653683096007,0.01112585163506376,0.0069648647007204,4,0.25,107,11585512
89911,0.050064410436954546,0.01112541545500354,0.00696456447820663,4,0.25,107,11586582
89921,0.050061384899126996,0.011124679521784713,0.006964230364577621,4,0.25,107,11587652
89931,0.050059136557092106,0.011124243484678692,0.006963924929048439,4,0.25,107,11588722
89941,0.050057665085147626,0.011123898326346733,0.0069636357578068625,4,0.25,107,11589792
89951,0.05005549899634376,0.011123380651321199,0.006963343156315986,4,0.25,107,11590862
89961,0.05005345578365947,0.011122944772591816,0.006963034744662353,4,0.25,107,11591932
89971,0.05005108598201459,0.011122418156691904,0.006962720332558735,4,0.25,107,11593002
89981,0.05004887992875325,0.011121937006541197,0.0069624150057876364,4,0.25,107,11594072
89991,0.0500463065822815,0.01112129254838292,0.00696209041213559,4,0.25,107,11595142
90001,0.050044101184368736,0.011120893224171464,0.006961798014852667,4,0.25,107,11596212
90011,0.0500421819174798,0.011120466722584097,0.006961501009826258,4,0.25,107,11597282
90021,0.05003997708503229,0.011119940471623681,0.006961182828502088,4,0.25,107,11598352
90031,0.05003773173302894,0.011119450583480824,0.006960873069287759,4,0.25,107,11599422
90041,0.05003593567711507,0.011119024254009884,0.006960567812273194,4,0.25,107,11600492
90051,0.05003344602228136,0.011118525422395496,0.0069602510064877155,4,0.25,107,11601562
90061,0.050031650444941816,0.011118099203277436,0.006959940190231648,4,0.25,107,11602632
90071,0.05002993667177424,0.011117709302654662,0.006959648327494306,4,0.25,107,11603702
90081,0.05002781511041488,0.01111717439195817,0.006959358902382864,4,0.25,107,11604772
90091,0.05002540829320753,0.011116739269443726,0.006959058120482799,4,0.25,107,11605842
90101,0.05002336889961402,0.011116249819948004,0.006958757821460307,4,0.25,107,11606912
90111,0.05002071807463486,0.011115642633213041,0.0069584459799550205,4,0.25,107,11607982
90121,0.050018720049324235,0.01111524393984686,0.006958156150464316,4,0.25,107,11609052
90131,0.0500162738258805,0.0111146731608908,0.006957844297869838,4,0.25,107,11610122
90141,0.050014480165246386,0.011114292692247275,0.006957546961891187,4,0.25,107,11611192
90151,0.05001305353265144,0.01111396660851796,0.006957253061756033,4,0.25,107,11612262
90161,0.05001081193722365,0.011113432257879979,0.0069569471875924795,4,0.25,107,11613332
90171,0.050008774394439896,0.011113033811130301,0.006956656624922479,4,0.25,107,11614402
90181,0.05000649265313574,0.011112517707557524,0.0069563666884383535,4,0.25,107,11615472
90191,0.050004292709343014,0.0111120288361161,0.0069560667233297966,4,0.25,107,11616542
90201,0.05000152283806192,0.011111377111608155,0.0069557430683142045,4,0.25,107,11617612
