episode,deltaT,maxRadius,avgRadius,numUnknownSlots,coverage,numSamples
1,25.0,2.0,1.477510824438333,24,1.0,76
11,5.477336179499999,0.421754190090007,0.3696358735674705,24,1.0,179
21,3.611879654314619,0.2815731227463482,0.2576144769087019,24,1.0,203
31,2.9274869901439695,0.2308036784950514,0.20798756756140044,24,1.0,216
41,2.459806076443304,0.19361718105159784,0.17853147631954003,24,1.0,226
51,2.1779784813586924,0.17229486243752148,0.15859838366338105,24,1.0,233
61,1.9884822661113501,0.15761534363845703,0.14400101627836936,24,1.0,239
71,1.838294150260637,0.14562309664121406,0.13274286244793862,24,1.0,244
81,1.7026345071867275,0.13522464510975665,0.12368153291267893,24,1.0,248
91,1.593535763626482,0.1267501131801346,0.11621943789028157,24,1.0,252
101,1.5059885619085787,0.11974915631607205,0.10993135658729698,24,1.0,255
111,1.4322930422916187,0.1141206427788409,0.10453747372267368,24,1.0,258
121,1.3696812182004487,0.10912889637806998,0.09985564258536432,24,1.0,261
131,1.3088467225720533,0.1042649890930983,0.09572386093205833,24,1.0,263
141,1.2612150772255302,0.10065335294602884,0.09206962559982522,24,1.0,265
151,1.2166511634280583,0.09702452210727738,0.08878525293636834,24,1.0,268
161,1.1792392969837104,0.0940331367505299,0.08582187589196444,24,1.0,270
171,1.1445158057284384,0.09129490232003667,0.0831328008430541,24,1.0,271
181,1.109621241616089,0.08852233354627562,0.08067537033101088,24,1.0,273
191,1.0757415670163553,0.08582974945460174,0.07841528130760268,24,1.0,275
201,1.0479626319583686,0.08353666301490843,0.07633692010933589,24,1.0,276
211,1.0198695071156993,0.08138666349395744,0.07440648663502385,24,1.0,278
221,0.9956643897346587,0.07950886416117775,0.07261605895119704,24,1.0,279
231,0.973642041074297,0.07769727226605724,0.07094433909038876,24,1.0,281
241,0.951200296156045,0.07591558197339904,0.06938148041241661,24,1.0,282
251,0.9309140112428017,0.0743432615509214,0.06791698551084104,24,1.0,283
261,0.9108587825272031,0.07274739691693419,0.06653781412472774,24,1.0,284
271,0.8905004409013463,0.07112419321046702,0.065236585650845,24,1.0,286
281,0.8747320240610648,0.06985835782877833,0.06400900620979436,24,1.0,287
291,0.8583513240204985,0.06853472110500573,0.06284484855854619,24,1.0,288
301,0.8435812987501913,0.06735778784423492,0.06174059599790036,24,1.0,289
311,0.8290976630498156,0.06624870261602955,0.06069232452077752,24,1.0,290
321,0.8151238246277248,0.0651113722947448,0.05969313634183563,24,1.0,291
331,0.8019640885117467,0.064063482716851,0.05874166042688609,24,1.0,292
341,0.790518155212069,0.06313057376122172,0.057834693991583225,24,1.0,292
351,0.7777547721234686,0.062131604641426204,0.05696597881356482,24,1.0,293
361,0.7663441726080659,0.061194590775918684,0.056133369052155484,24,1.0,294
371,0.7545550665182098,0.06027189840551177,0.05533597413679007,24,1.0,295
381,0.7444444334407301,0.05946847579695973,0.05457203425498509,24,1.0,296
391,0.7343779992860999,0.05867141505102986,0.053838891089724374,24,1.0,297
401,0.7244287086846738,0.05790242586428576,0.053132787404526476,24,1.0,297
411,0.7151387820725669,0.057141393714676594,0.05245359182493989,24,1.0,298
421,0.70563012593821,0.056384919283242615,0.051798357341162775,24,1.0,299
431,0.6972950270154102,0.05572837468277389,0.05116793656339083,24,1.0,300
441,0.6890065979269446,0.05506100374194737,0.05055889175303536,24,1.0,300
451,0.6806521985059798,0.0543948785385341,0.04997053918951424,24,1.0,301
461,0.6730778943739759,0.05378267822688297,0.04940246475149113,24,1.0,302
471,0.6649225007284402,0.05313601498623199,0.04885097908855012,24,1.0,302
481,0.6577804895243342,0.05256657146016627,0.04831878648005383,24,1.0,303
491,0.6508067510560716,0.0520126181442107,0.04780345313112852,24,1.0,303
501,0.6438666634075297,0.05146321481178956,0.04730289958828703,24,1.0,304
511,0.6366940945269152,0.05088012866400211,0.0468179689485565,24,1.0,305
521,0.6301970328509038,0.05037263534085362,0.04634669673854174,24,1.0,305
531,0.6237750772198012,0.049858383395000094,0.045889828330103875,24,1.0,306
541,0.6175759567799922,0.049346733104518335,0.04544558678876543,24,1.0,306
551,0.611423577143109,0.04887290570344064,0.04501410752422639,24,1.0,307
561,0.6060100211790697,0.04844179110817614,0.04459527544322864,24,1.0,307
571,0.6003411857808173,0.047982834384084454,0.04418679994588611,24,1.0,308
581,0.5951456047197774,0.04757157967318818,0.04378997113123081,24,1.0,308
591,0.5901857523790567,0.047170368501419695,0.04340271413303476,24,1.0,309
601,0.5851529922255791,0.04677043969521555,0.04302597147812557,24,1.0,309
611,0.5797615412641233,0.04634400180855673,0.042657433526970386,24,1.0,310
621,0.5751252634844544,0.04597329471054611,0.04229889507367638,24,1.0,310
631,0.5706029433823961,0.04560749226956397,0.041948796439613543,24,1.0,311
641,0.5657699022553273,0.04523353464288602,0.04160731560599707,24,1.0,311
651,0.5610792337126159,0.04485700311056,0.041272840363211084,24,1.0,312
661,0.5568172889453479,0.04451933962174517,0.040947118442597456,24,1.0,312
671,0.5527583900722716,0.04418695301570728,0.04062921411423368,24,1.0,313
681,0.5485882633732393,0.04385661346583099,0.040317993522200106,24,1.0,313
691,0.5444541394365385,0.04351932152948615,0.04001377316256894,24,1.0,314
701,0.5405345892128834,0.04320539823951792,0.03971581879374902,24,1.0,314
711,0.5367745123079675,0.042907716233992116,0.039425620772155716,24,1.0,314
721,0.532754044688558,0.04259480319958627,0.03914045423479604,24,1.0,315
731,0.5289302302061415,0.04228891167360894,0.038861706064625655,24,1.0,315
741,0.5253741919746466,0.04199682621171417,0.03858854843532238,24,1.0,316
751,0.5216458062818453,0.04170087401537511,0.038320856311218045,24,1.0,316
761,0.5179858594480222,0.041404598386925534,0.038058613566614906,24,1.0,316
771,0.5144176788061577,0.04113104556682987,0.03780124019202994,24,1.0,317
781,0.5111245395349538,0.04086455384943375,0.037549064931754986,24,1.0,317
791,0.5077619736413759,0.04058778033908914,0.037302485805088346,24,1.0,318
801,0.5045094506011026,0.04032728209854293,0.0370603587002745,24,1.0,318
811,0.501133472428024,0.04006865924202843,0.03682286727762651,24,1.0,318
821,0.4982409649210618,0.039835354661207426,0.036589601950372794,24,1.0,319
831,0.49539432015745777,0.039608498621425736,0.03636092498163223,24,1.0,319
841,0.4923813765451696,0.039364797363755755,0.03613639692338815,24,1.0,319
851,0.48937050763205225,0.03912354648038456,0.03591527883738891,24,1.0,320
861,0.4859844638113859,0.0388604518708345,0.0356978352828995,24,1.0,320
871,0.4831299233556202,0.03862699400176915,0.0354849248633424,24,1.0,320
881,0.4803630431117887,0.03841180130415372,0.03527556446195613,24,1.0,321
891,0.4776147870429348,0.03818378760212844,0.03506961067140895,24,1.0,321
901,0.4746922092791062,0.03795520467710175,0.034867265882957084,24,1.0,321
911,0.4720580048746353,0.0377432621214654,0.03466811569637803,24,1.0,322
921,0.4695215070980742,0.037541080628789775,0.034472814523965896,24,1.0,322
931,0.46705060449541874,0.03733773645083057,0.034280634569645356,24,1.0,322
941,0.4645180812695002,0.03713853083876463,0.03409178088010827,24,1.0,323
951,0.4621280283410094,0.03694587584544671,0.0339055474685753,24,1.0,323
961,0.4596729820395491,0.036757379864050116,0.03372246822539599,24,1.0,323
971,0.4572097823758273,0.036554621792493226,0.03354204957000972,24,1.0,324
981,0.4548652676908148,0.03637156404282495,0.033364630547742975,24,1.0,324
991,0.4525280466423291,0.03617465902139035,0.03318973642109546,24,1.0,324
1001,0.449947142346036,0.035980040730111525,0.033017761273213424,24,1.0,324
1011,0.44760921778373586,0.03578964114750281,0.03284801123045306,24,1.0,325
1021,0.44534123279799837,0.03560947406409562,0.03268103708073918,24,1.0,325
1031,0.4430608548326556,0.0354286018707496,0.03251681804608012,24,1.0,325
1041,0.4409422555807086,0.035262181688740415,0.03235508666463651,24,1.0,326
1051,0.43876204766803695,0.03508302063922111,0.03219531590949878,24,1.0,326
1061,0.43651227121233915,0.034905453619834936,0.032037733940175395,24,1.0,326
1071,0.43437685760294215,0.03472946402888807,0.03188249148733072,24,1.0,326
1081,0.4321666225772429,0.034556509606112985,0.03172944841467055,24,1.0,327
1091,0.4299983829917318,0.03438389287532954,0.03157865712374725,24,1.0,327
1101,0.4278923655744866,0.03421508258668637,0.03142994530690028,24,1.0,327
1111,0.4260333938485337,0.034064610905168796,0.031283364757261324,24,1.0,327
1121,0.42412975277094417,0.033915351051423764,0.031138603633553755,24,1.0,328
1131,0.4221700301524595,0.03376015958619691,0.030995950711008673,24,1.0,328
1141,0.4203330408276265,0.033609055420842304,0.03085528089045317,24,1.0,328
1151,0.4185074108690882,0.03346671008169943,0.03071657744441386,24,1.0,328
1161,0.4167030055716635,0.03331833260946203,0.03057927282707582,24,1.0,329
1171,0.414708270981041,0.03316446493676224,0.030443663425507108,24,1.0,329
1181,0.4129478600542514,0.033020722019826906,0.030310259896067743,24,1.0,329
1191,0.4109800081758188,0.03286427354706597,0.030178261685452346,24,1.0,329
1201,0.40911888067928415,0.03271558192919311,0.030048057422857228,24,1.0,330
1211,0.4073206207021917,0.03256847939885548,0.029919238182543436,24,1.0,330
1221,0.4056346131253369,0.03243623914285566,0.029792428091032868,24,1.0,330
1231,0.40381178890012903,0.03229204770399128,0.02966712823432009,24,1.0,330
1241,0.40197893948393504,0.032140896608488186,0.029542924741560058,24,1.0,331
1251,0.4003141595831589,0.03201327935800803,0.02942054520395676,24,1.0,331
1261,0.3986391396387035,0.031876910116959,0.029299516272476112,24,1.0,331
1271,0.3969829625099946,0.0317448256446459,0.029180324361879114,24,1.0,331
1281,0.3955887399881719,0.03163567673625904,0.02906243465036254,24,1.0,332
1291,0.3940739827154248,0.03150998823995347,0.028945844734726427,24,1.0,332
1301,0.3924705475145461,0.03138475283046345,0.028830574713619963,24,1.0,332
1311,0.39079826860969075,0.0312500637663329,0.028716696980126775,24,1.0,332
1321,0.389225223143133,0.031124392572862297,0.0286040690426235,24,1.0,333
1331,0.3876165461351443,0.03099524319576027,0.02849240744973396,24,1.0,333
1341,0.38615566845329347,0.030877707619616935,0.02838234469459218,24,1.0,333
1351,0.3846707514877208,0.030762782050218995,0.028273652093142424,24,1.0,333
1361,0.38318321192652355,0.03064411219428745,0.028166197867152395,24,1.0,333
1371,0.38175858567543486,0.030526858749653715,0.028060012342977766,24,1.0,334
1381,0.38030079960017077,0.030414556455616443,0.027954850433727956,24,1.0,334
1391,0.3789753474425277,0.03030588194315218,0.027850858256296226,24,1.0,334
1401,0.3775648581172948,0.030193957282992633,0.027748103523299112,24,1.0,334
1411,0.3761993486410518,0.03008503404971168,0.02764658739682074,24,1.0,334
1421,0.37482781547682853,0.029975624175317295,0.02754592072933555,24,1.0,335
1431,0.37347175896678814,0.029866323445427605,0.02744628244120922,24,1.0,335
1441,0.3722212024696984,0.02976769356534871,0.02734768646350351,24,1.0,335
1451,0.370745412508491,0.029647742265298163,0.02725001029189075,24,1.0,335
1461,0.36938947126177846,0.02954265597791096,0.027153603320260525,24,1.0,335
1471,0.3679929759854099,0.029431929631965576,0.027057903692738944,24,1.0,336
1481,0.36668575173325074,0.029321957502056656,0.026963363852517644,24,1.0,336
1491,0.36541695730749846,0.029223039148230483,0.026869856290280977,24,1.0,336
1501,0.3641271400480883,0.029119275459753784,0.02677720330350704,24,1.0,336
1511,0.3629070576514984,0.0290233218442971,0.026685745875505526,24,1.0,336
1521,0.3616466851641932,0.028921745625465806,0.026595117594241133,24,1.0,337
1531,0.36040195843124645,0.028822943934469426,0.0265052889298243,24,1.0,337
1541,0.35912697846365066,0.028721212341288698,0.02641629419250924,24,1.0,337
1551,0.35785776277807047,0.028619937047900793,0.026328223413759583,24,1.0,337
1561,0.35662067316705653,0.02851928114732718,0.026240999050689117,24,1.0,337
1571,0.3553547154629994,0.02841827907524857,0.026154622872630554,24,1.0,338
1581,0.35412051298304026,0.028318859472303667,0.02606884734339265,24,1.0,338
1591,0.3529388229843719,0.02822647486395532,0.025984179851623157,24,1.0,338
1601,0.3518315136510568,0.028133005256997023,0.025900215013333287,24,1.0,338
1611,0.350704176614793,0.028046488461215022,0.02581722800068488,24,1.0,338
1621,0.34962232214249117,0.027961100494124286,0.025734930203364967,24,1.0,338
1631,0.34842253382261074,0.02786430597723453,0.02565325954139544,24,1.0,339
1641,0.3473829481931903,0.027781077900347867,0.02557246841674342,24,1.0,339
1651,0.3462142664284226,0.02768694473417756,0.025492296050733932,24,1.0,339
1661,0.34516206364192736,0.027606230272446033,0.02541306118769508,24,1.0,339
1671,0.34409256631662094,0.027520590375570635,0.02533452312347131,24,1.0,339
1681,0.34307105263675836,0.027436060494614913,0.025256848782572002,24,1.0,339
1691,0.3420019901710442,0.027353188084693576,0.025179477257804363,24,1.0,340
1701,0.340922104574426,0.027267147252956436,0.025102917178889798,24,1.0,340
1711,0.33986847993283437,0.027181944618331236,0.025027050589777892,24,1.0,340
1721,0.3388785233393264,0.027102263520817585,0.024951979278939246,24,1.0,340
1731,0.3378940745718576,0.02702412775655843,0.024877642591911626,24,1.0,340
1741,0.3369269767964146,0.0269438402294396,0.024803914565017876,24,1.0,340
1751,0.3359280711125733,0.02686630844686912,0.024730539269090968,24,1.0,341
1761,0.3349316724213457,0.026786936152985802,0.02465803778396002,24,1.0,341
1771,0.33394608110150353,0.02670881840810678,0.024586091075408115,24,1.0,341
1781,0.33296292862903626,0.02662839776945038,0.024514843324753854,24,1.0,341
1791,0.3319725278745058,0.02654872719832555,0.024444124007828482,24,1.0,341
1801,0.33107160895892074,0.02647942876072166,0.024374265980809908,24,1.0,341
1811,0.3302500332116318,0.0264131136595921,0.02430481930023817,24,1.0,342
1821,0.3293066278545596,0.026336944062738864,0.024235732871103813,24,1.0,342
1831,0.32843584775844503,0.026267720022812073,0.024167440264127694,24,1.0,342
1841,0.3274882499739527,0.026192348947446556,0.024099640223269717,24,1.0,342
1851,0.3266400369786782,0.026125655063781887,0.02403252294263623,24,1.0,342
1861,0.3257374824932006,0.026051054937674973,0.023965801184392264,24,1.0,342
1871,0.3248835775060517,0.025983049563945218,0.02389975104600989,24,1.0,343
1881,0.3239734785369647,0.025910067897362225,0.02383406897433786,24,1.0,343
1891,0.3230414895207388,0.025837364221083965,0.02376895008926783,24,1.0,343
1901,0.32219606616935575,0.025770369242804906,0.023704364691554212,24,1.0,343
1911,0.3213428499176803,0.025700399000966004,0.023640388862830774,24,1.0,343
1921,0.3204980896014259,0.02563217875841266,0.02357701977381994,24,1.0,343
1931,0.3195579368429853,0.025556806259118475,0.023513965225102393,24,1.0,343
1941,0.3187391013253964,0.025491247593729838,0.023451366033939432,24,1.0,344
1951,0.31791826824405184,0.025426776505290485,0.023389381548392693,24,1.0,344
1961,0.3170210906870087,0.025356408199868737,0.023327780427383482,24,1.0,344
1971,0.3161623905089635,0.02528642065283625,0.02326663620665617,24,1.0,344
1981,0.3152749987409974,0.025216479815823766,0.023206061682403408,24,1.0,344
1991,0.31444597150193354,0.025149764899158038,0.02314595455702476,24,1.0,344
2001,0.3136182682866663,0.025083488438964838,0.0230863010333212,24,1.0,344
2011,0.3127703817358221,0.02501516945915603,0.023026945523691184,24,1.0,345
2021,0.3119883710311591,0.02495319284382918,0.022968191293161102,24,1.0,345
2031,0.3111700047066916,0.024886606153876764,0.02290977386405132,24,1.0,345
2041,0.3103070387567791,0.024817524116324877,0.02285177326326193,24,1.0,345
2051,0.30951794061031795,0.024754868624228,0.022794364879472787,24,1.0,345
2061,0.3087855096224125,0.024696219011351238,0.02273729809925901,24,1.0,345
2071,0.3080186449005874,0.02463522880855573,0.022680694311956476,24,1.0,345
2081,0.30721565063985207,0.02457134538792762,0.02262433902249902,24,1.0,346
2091,0.3064355669076426,0.024509288288283755,0.022568563821072335,24,1.0,346
2101,0.30569296504316257,0.02444952102965388,0.02251319848233592,24,1.0,346
2111,0.304950964345142,0.024390006636279524,0.022458186813159156,24,1.0,346
2121,0.3042750857283848,0.024334002552801184,0.02240365635982211,24,1.0,346
2131,0.30346770794956573,0.024271339654704748,0.02234948607501994,24,1.0,346
2141,0.3027447996387916,0.024213940992016156,0.022295656440135005,24,1.0,346
2151,0.3020272303291498,0.02415638392809111,0.022242205504180698,24,1.0,347
2161,0.30133411656785897,0.024100592757269872,0.022189150144630073,24,1.0,347
2171,0.30066022220057825,0.024047009401284892,0.022136439104581174,24,1.0,347
2181,0.29993898777683076,0.023988598183873434,0.022084045977275382,24,1.0,347
2191,0.2992020043749287,0.023931376867343212,0.022032072402322998,24,1.0,347
2201,0.29849857114940437,0.023874020279724198,0.02198052487856439,24,1.0,347
2211,0.29777137576136636,0.023818290831125025,0.02192929385629989,24,1.0,347
2221,0.29711620364789987,0.023764524179282518,0.02187846238270562,24,1.0,347
2231,0.29638689601329726,0.023704486338189945,0.02182775234542224,24,1.0,348
2241,0.2956936548979231,0.023650068072518488,0.021777518547684577,24,1.0,348
2251,0.29505820325091403,0.023599627254806806,0.02172765979882065,24,1.0,348
2261,0.29439241432051827,0.023547469212867673,0.02167814818342882,24,1.0,348
2271,0.2937346055725168,0.023494606150513415,0.021628980904904827,24,1.0,348
2281,0.29310774979529636,0.023443078259329883,0.021580230071815185,24,1.0,348
2291,0.2924872284811248,0.02339425923345983,0.021531759054504742,24,1.0,348
2301,0.2918523289652298,0.02334237114039267,0.02148359224421051,24,1.0,348
2311,0.291207689778111,0.023291184584057534,0.021435650903373887,24,1.0,349
2321,0.2905567612352485,0.0232386346148309,0.021387978693846454,24,1.0,349
2331,0.28990502936641366,0.02318789684517811,0.02134067797180166,24,1.0,349
2341,0.2892821113606621,0.02313682735056388,0.0212937365869215,24,1.0,349
2351,0.28864027299259754,0.02308619045624465,0.021247084949074277,24,1.0,349
2361,0.28795079671303664,0.023030903281285653,0.021200662868721284,24,1.0,349
2371,0.2873077582010371,0.022979826522309704,0.02115464022040972,24,1.0,349
2381,0.28668148990570436,0.022929675460162283,0.021108930213470198,24,1.0,349
2391,0.2860625136445837,0.022879130177347377,0.021063424171995065,24,1.0,350
2401,0.2854092013580545,0.022827959012174128,0.021018083159129952,24,1.0,350
2411,0.28481179804792583,0.022778830892926424,0.020973124075759488,24,1.0,350
2421,0.2842142756200417,0.02273234707627994,0.020928525315031726,24,1.0,350
2431,0.2836514227012076,0.022688142381462315,0.02088424683320181,24,1.0,350
2441,0.28306735482694795,0.022640574527369426,0.02084017367944335,24,1.0,350
2451,0.2824487861228402,0.022592140390293478,0.020796368129262208,24,1.0,350
2461,0.281842196510485,0.02254114780745635,0.02075283634484064,24,1.0,350
2471,0.28123771232842604,0.02249484057655592,0.020709554637004596,24,1.0,351
2481,0.28066414980055493,0.022448751560688124,0.02066656081588178,24,1.0,351
2491,0.2800932603685591,0.02240234472819822,0.020623816245839355,24,1.0,351
2501,0.27948328550964996,0.022354112088735174,0.020581289919491805,24,1.0,351
2511,0.27890380880023824,0.022307331284540592,0.02053905160545826,24,1.0,351
2521,0.2783168242072848,0.022261602519256005,0.020497129953073043,24,1.0,351
2531,0.27779321057202827,0.022219884141059965,0.020455453430948716,24,1.0,351
2541,0.27726155136255426,0.022176780918265894,0.02041402347524283,24,1.0,351
2551,0.276703626111593,0.022131217348934865,0.020372835482817823,24,1.0,351
2561,0.2761537508880695,0.022088938729280836,0.02033190090788446,24,1.0,352
2571,0.27562815148174036,0.022045821394476042,0.020291167455214882,24,1.0,352
2581,0.2750866971589508,0.02200152180307849,0.020250622517398408,24,1.0,352
2591,0.27449831391590024,0.02195577746387332,0.02021030541371697,24,1.0,352
2601,0.2739539251766898,0.02191175281882734,0.020170275301966346,24,1.0,352
2611,0.2734288286132587,0.021869559800953207,0.020130520439389808,24,1.0,352
2621,0.2729323946594806,0.021829590193748315,0.020091047798433112,24,1.0,352
2631,0.2723617130571945,0.02178382823781097,0.020051697541320565,24,1.0,352
2641,0.27182516763072406,0.021741561673120854,0.0200125888190413,24,1.0,352
2651,0.2713161085216877,0.021700724590337228,0.019973714210497335,24,1.0,353
2661,0.2707807825449868,0.02165813261613846,0.019935057954544894,24,1.0,353
2671,0.27022567359833805,0.02161409284325011,0.019896582300573826,24,1.0,353
2681,0.26971907566274633,0.02157311296406752,0.019858374323987005,24,1.0,353
2691,0.269207828024266,0.021532104202770484,0.019820352920174894,24,1.0,353
2701,0.2686819693364422,0.02149039827017412,0.01978252324516371,24,1.0,353
2711,0.2681909845885048,0.021452210138680528,0.019745042235598916,24,1.0,353
2721,0.2677276668328289,0.02141463052423118,0.019707745338755408,24,1.0,353
2731,0.26722806011370415,0.021373429890379308,0.019670615750438287,24,1.0,353
2741,0.26672396574757795,0.02133378607761846,0.019633703710385236,24,1.0,354
2751,0.2662326031471903,0.021294826623533714,0.019596952152891145,24,1.0,354
2761,0.2657545867325092,0.021255699007483114,0.019560403975447588,24,1.0,354
2771,0.2652067081281299,0.021212542597925228,0.019523968569330336,24,1.0,354
2781,0.26474160334167524,0.021174971691479857,0.01948788772609487,24,1.0,354
2791,0.2642463689013319,0.021136333444735228,0.019451958412994356,24,1.0,354
2801,0.2637674701030731,0.021097470653839604,0.01941622937447469,24,1.0,354
2811,0.2632589819431458,0.02105719277560795,0.019380666350613893,24,1.0,354
2821,0.26276918561322554,0.021017779136558026,0.01934541180157494,24,1.0,354
2831,0.2623156829346356,0.02098214151682485,0.01931028774648658,24,1.0,354
2841,0.2618653829239244,0.020944772111485307,0.019275318103819505,24,1.0,355
2851,0.26137821081634377,0.020907055140947643,0.01924042605797045,24,1.0,355
2861,0.2609183461008491,0.020869242802278427,0.019205766860573955,24,1.0,355
2871,0.2604518545381294,0.020832373058867586,0.019171324680026223,24,1.0,355
2881,0.2599659957788798,0.02079491839265173,0.019137075746144674,24,1.0,355
2891,0.25948972161795264,0.02075544567399041,0.019102962500931814,24,1.0,355
2901,0.2590341168389743,0.02071811997398834,0.019069109715236312,24,1.0,355
2911,0.25856387275488973,0.020680823971998233,0.019035430118784565,24,1.0,355
2921,0.25811034023926527,0.020645630095401456,0.01900196293692132,24,1.0,355
2931,0.25767105615181723,0.020609621155852156,0.01896861948479001,24,1.0,355
2941,0.25725533557718855,0.020576618190363407,0.018935470550198844,24,1.0,356
2951,0.2568161858244555,0.02054115681981164,0.01890242260881737,24,1.0,356
2961,0.25635979172839557,0.020505653236146747,0.01886957370845297,24,1.0,356
2971,0.25588357348306173,0.020467228151397305,0.01883683117356286,24,1.0,356
2981,0.25545237771161133,0.020433266424334465,0.018804320940504587,24,1.0,356
2991,0.25502842769077705,0.020399023385311233,0.01877196561448143,24,1.0,356
3001,0.2545726159510904,0.020362009510158652,0.01873976174498617,24,1.0,356
3011,0.2541701209137458,0.020330392780927117,0.018707785041240252,24,1.0,356
3021,0.2537239719325991,0.020293708413881992,0.018675928410930794,24,1.0,356
3031,0.25328583615771294,0.020258568526865244,0.018644253643293238,24,1.0,356
3041,0.25281950462050606,0.020222784867823047,0.01861273141624781,24,1.0,356
3051,0.2524041550397415,0.020188687693291348,0.01858134512618783,24,1.0,357
3061,0.2519895486736257,0.02015630679211001,0.018550069569111705,24,1.0,357
3071,0.2515982453660374,0.020124688321651,0.018518970724949724,24,1.0,357
3081,0.251176857546008,0.020090776284700587,0.018488088418500564,24,1.0,357
3091,0.25076239526195643,0.020056933341157122,0.018457303140276504,24,1.0,357
3101,0.25031304085087946,0.020021276548397877,0.01842663856063979,24,1.0,357
3111,0.2499344604111216,0.01999100781745753,0.01839622652341443,24,1.0,357
3121,0.2494983581530622,0.01995656598722772,0.018365929084984942,24,1.0,357
3131,0.24909310590016817,0.01992368561698249,0.018335758156730903,24,1.0,357
3141,0.24865759498140147,0.019889497550221447,0.018305748881339304,24,1.0,357
3151,0.24825263740598058,0.01985680209116723,0.018275911451888675,24,1.0,357
3161,0.24786473315366703,0.019826308085370746,0.018246157130545643,24,1.0,358
3171,0.24746247653864148,0.01979476506980587,0.01821654177321905,24,1.0,358
3181,0.24708550448487115,0.01976415280511844,0.018187083721835702,24,1.0,358
3191,0.24671417333605475,0.019734098855068674,0.018157777007463904,24,1.0,358
3201,0.2463087325567358,0.01970121861293964,0.018128597608329473,24,1.0,358
3211,0.2459174555796978,0.0196708500749364,0.018099590189574532,24,1.0,358
3221,0.24553951252134723,0.01963986672698615,0.018070730262280926,24,1.0,358
3231,0.24514130171433465,0.019608379361034284,0.018041996561134425,24,1.0,358
3241,0.244755132209282,0.019577550286261042,0.018013403351084874,24,1.0,358
3251,0.24435961287472013,0.019545623605091718,0.01798489664510769,24,1.0,358
3261,0.24399589607147376,0.019516143350049687,0.017956557840194103,24,1.0,358
3271,0.24360294060939894,0.01948487286735771,0.017928346489749333,24,1.0,359
3281,0.2432168699941778,0.019454348115946363,0.017900205028731905,24,1.0,359
3291,0.24281494631346973,0.019421671312074083,0.01787216595059621,24,1.0,359
3301,0.24243152542519486,0.019391891523007087,0.017844311310499437,24,1.0,359
3311,0.2420705918671902,0.01936283510107027,0.01781658399245397,24,1.0,359
3321,0.2416980514885254,0.019332804102300736,0.01778900272783429,24,1.0,359
3331,0.24134410440894907,0.019304598216635934,0.017761575108717044,24,1.0,359
3341,0.24096068361029052,0.01927312669655986,0.017734215758491614,24,1.0,359
3351,0.24058331541186892,0.019243098026057084,0.01770701866739036,24,1.0,359
3361,0.2401918032602449,0.01921278865152065,0.01767997096755008,24,1.0,359
3371,0.23980462242650719,0.019181591591983377,0.01765299819797327,24,1.0,359
3381,0.2394182061360699,0.019150317473901654,0.01762616518149895,24,1.0,359
3391,0.23906053784696754,0.019121998318229264,0.017599433709639237,24,1.0,360
3401,0.23868885914678392,0.019092648964197875,0.017572796582067226,24,1.0,360
3411,0.23831839580669362,0.01906288522779225,0.017546311441985624,24,1.0,360
3421,0.2379594864545374,0.019034230543644278,0.017519940001062714,24,1.0,360
3431,0.23758738189322606,0.019004017103751665,0.017493625186371115,24,1.0,360
3441,0.2372017160284501,0.018973497363400576,0.017467449722807414,24,1.0,360
3451,0.23685820367412336,0.018946073556166725,0.01744144490374025,24,1.0,360
3461,0.23652695115140837,0.018919133548193353,0.017415550620441932,24,1.0,360
3471,0.23617748274579703,0.01889110016361097,0.017389768399418953,24,1.0,360
3481,0.23586036152344936,0.018866056347375242,0.017364172911176274,24,1.0,360
3491,0.2354861217194769,0.01883644225713447,0.017338583009306015,24,1.0,360
3501,0.23515248758895357,0.018809718007118788,0.017313151773445463,24,1.0,360
3511,0.23480432916626587,0.01878064233236723,0.017287786147366754,24,1.0,361
3521,0.2344599654706369,0.018753548939562444,0.01726251109191013,24,1.0,361
3531,0.23411443711184193,0.018726183649173632,0.017237360323131116,24,1.0,361
3541,0.23375580648707303,0.018697333434068417,0.017212309748101808,24,1.0,361
3551,0.23339238664878362,0.018669097080647935,0.01718736800441939,24,1.0,361
3561,0.23303933607088725,0.01863991638122299,0.017162517970611257,24,1.0,361
3571,0.23269973615691278,0.018612977352868862,0.017137784840003775,24,1.0,361
3581,0.23234246091462557,0.01858440965061076,0.01711312744152858,24,1.0,361
3591,0.23201291233396326,0.018558568662101066,0.01708865628404266,24,1.0,361
3601,0.2316985663037735,0.018533092958242372,0.017064262964162923,24,1.0,361
3611,0.23134709871481668,0.018505241310330135,0.01703996656058413,24,1.0,361
3621,0.2310156277435556,0.018478818707910773,0.017015844131791934,24,1.0,361
3631,0.2307080717623708,0.018453806896593112,0.016991817862028396,24,1.0,362
3641,0.2303856739236792,0.018428442975467575,0.016967787599549363,24,1.0,362
3651,0.23005484310723556,0.018401987266934903,0.01694387839866034,24,1.0,362
3661,0.2297383645326456,0.01837585535367081,0.016920101652520024,24,1.0,362
3671,0.22941246522272576,0.018350945963881808,0.01689640199047038,24,1.0,362
3681,0.22908085165360031,0.018322956259387634,0.016872771469955777,24,1.0,362
3691,0.22874157626358427,0.018297212164630344,0.016849285326539183,24,1.0,362
3701,0.22840537752034495,0.018270244999359135,0.01682588504439927,24,1.0,362
3711,0.22809892021370398,0.018245818106744645,0.016802606077996222,24,1.0,362
3721,0.22777016169607905,0.01821892517988931,0.01677938076852636,24,1.0,362
3731,0.22746484680675416,0.01819491059216125,0.016756286551874864,24,1.0,362
3741,0.22714538423579553,0.018169363523068836,0.01673329873156625,24,1.0,362
3751,0.22681147138225669,0.01814285878461644,0.01671036481879077,24,1.0,362
3761,0.22648351640682665,0.0181163951811906,0.0166875330806408,24,1.0,363
3771,0.2261609574649278,0.018090639815629153,0.01666477354585726,24,1.0,363
3781,0.22585008204857462,0.018065896536488036,0.01664210040845456,24,1.0,363
3791,0.22553810041553518,0.01804020801223527,0.01661952204308863,24,1.0,363
3801,0.2252405344133211,0.018016801741699263,0.016597069159827473,24,1.0,363
3811,0.22494659902004668,0.017994107065644267,0.016574718640346955,24,1.0,363
3821,0.22464808806353345,0.017969003329487462,0.01655241258909704,24,1.0,363
3831,0.22436037700250352,0.017946150827855126,0.016530210843539794,24,1.0,363
3841,0.22405379239197298,0.017922130818364353,0.016508112441946148,24,1.0,363
3851,0.22375989693552678,0.017898514179117895,0.016486091001639332,24,1.0,363
3861,0.22346956112766939,0.0178746539480535,0.016464200485794743,24,1.0,363
3871,0.22317945284591884,0.017851758174233314,0.016442406732137274,24,1.0,363
3881,0.22286660470300537,0.017826554237498717,0.0164206291695044,24,1.0,363
3891,0.22258639173438582,0.017804894744056346,0.016399002371123492,24,1.0,363
3901,0.2222882069632802,0.017780639364287632,0.016377398058940302,24,1.0,364
3911,0.22200144870520425,0.017757301068773337,0.016355878326653837,24,1.0,364
3921,0.22171260989714395,0.017734389737541326,0.01633443125495728,24,1.0,364
3931,0.22141069890242046,0.017710284661569896,0.016313085272202252,24,1.0,364
3941,0.22112652885948472,0.01768792709749647,0.016291802126100253,24,1.0,364
3951,0.2208220804381051,0.017663799157735745,0.01627062030060185,24,1.0,364
3961,0.2205452418235049,0.01764111551469262,0.016249525172560227,24,1.0,364
3971,0.22025411633832334,0.01761740219321747,0.016228470146816457,24,1.0,364
3981,0.21995923364614198,0.017594471386914307,0.016207546957393255,24,1.0,364
3991,0.2196812606770613,0.017572170771343577,0.016186698007838254,24,1.0,364
4001,0.2193918789207268,0.01754888699502589,0.01616594695978801,24,1.0,364
4011,0.2191250206078228,0.017527547639641275,0.01614527747982287,24,1.0,364
4021,0.21881842667005988,0.017503101597523725,0.016124635928466653,24,1.0,364
4031,0.21853608952207704,0.017480383091686487,0.016104100740607235,24,1.0,364
4041,0.21827157409595976,0.017459442047624157,0.01608364550227619,24,1.0,365
4051,0.21796648800705604,0.017435150008959403,0.016063227139208255,24,1.0,365
4061,0.2176958303287916,0.01741361029193793,0.016042924047152084,24,1.0,365
4071,0.21742144151796144,0.017391563119185025,0.016022680603560626,24,1.0,365
4081,0.21716758213872842,0.01737105469852622,0.01600253761701498,24,1.0,365
4091,0.21690257981667355,0.0173495189601076,0.015982479326337118,24,1.0,365
4101,0.2166360061887176,0.017328477852990482,0.015962470220357818,24,1.0,365
4111,0.21634950486652216,0.017306490422352116,0.015942533270633354,24,1.0,365
4121,0.21609099846706414,0.017285168381859194,0.015922687224841664,24,1.0,365
4131,0.21581351572974777,0.017262469498336284,0.015902867598722635,24,1.0,365
4141,0.2155312252720796,0.017240504825503933,0.015883159291604675,24,1.0,365
4151,0.21526901239194668,0.017219602628007723,0.015863556682487585,24,1.0,365
4161,0.21500695113323828,0.017198477373568586,0.015844020093558658,24,1.0,365
4171,0.21474253923758085,0.017177933476840893,0.015824547897311483,24,1.0,365
4181,0.21448121634893436,0.01715650089679025,0.015805149925826784,24,1.0,366
4191,0.21421922264200843,0.01713538327298162,0.015785748794625815,24,1.0,366
4201,0.21397721562506508,0.017116327497948843,0.01576648307470693,24,1.0,366
4211,0.2137302962312198,0.017095955374704905,0.015747238637171413,24,1.0,366
4221,0.21345966510784462,0.017075265127892952,0.015728085506964678,24,1.0,366
4231,0.21319744622644377,0.01705390152982863,0.01570899069165298,24,1.0,366
4241,0.2129362269094063,0.01703281602929395,0.015689946794175992,24,1.0,366
4251,0.21267194891638527,0.017011195815634976,0.015670991649816977,24,1.0,366
4261,0.21239133545680194,0.016989176705232128,0.015652137265226403,24,1.0,366
4271,0.212126741277428,0.016968178135000785,0.015633314857470985,24,1.0,366
4281,0.21187438200993275,0.01694834893637679,0.015614591180063841,24,1.0,366
4291,0.21162135848591773,0.01692744294994879,0.01559589402793484,24,1.0,366
4301,0.2113577460653542,0.01690639450578211,0.015577299572853878,24,1.0,366
4311,0.2111090105019156,0.01688678879411051,0.015558759107802017,24,1.0,366
4321,0.2108552655572756,0.016866906565782692,0.015540317356050921,24,1.0,366
4331,0.21061701083570686,0.016847442792793092,0.015521924600695859,24,1.0,367
4341,0.2103439526497824,0.016825167516945395,0.015503562900020742,24,1.0,367
4351,0.21009071352916764,0.016805353878038436,0.015485243064227083,24,1.0,367
4361,0.2098594089150178,0.016786389721166205,0.015467018708498433,24,1.0,367
4371,0.20959558582515353,0.016766191127388454,0.015448806591053863,24,1.0,367
4381,0.2093578675121702,0.016746901060508898,0.015430696805460158,24,1.0,367
4391,0.20912098594800385,0.016727710618248365,0.015412669091892471,24,1.0,367
4401,0.2088734427667839,0.01670809821703651,0.015394684160670106,24,1.0,367
4411,0.2086252821975842,0.016688618223454882,0.015376766840003891,24,1.0,367
4421,0.20840123654309772,0.016670760104508152,0.015358942614908172,24,1.0,367
4431,0.2081567099287385,0.01665099066889283,0.015341137599960968,24,1.0,367
4441,0.20793686850437731,0.016633287580515674,0.015323429653754534,24,1.0,367
4451,0.2076940308161982,0.01661353548255865,0.01530576272013432,24,1.0,367
4461,0.20745507348671802,0.016594306029083995,0.015288162965691113,24,1.0,367
4471,0.20720949555876964,0.016575295068905524,0.015270634067851972,24,1.0,367
4481,0.20698045800713194,0.016556798401920234,0.015253196886174818,24,1.0,367
4491,0.2067514639515508,0.016538395471601384,0.01523576516861933,24,1.0,368
4501,0.20652066740043237,0.016519908142576166,0.015218373972047792,24,1.0,368
4511,0.20628919628133427,0.01650154389548628,0.015201051819870871,24,1.0,368
4521,0.20607579323728603,0.016484329876519658,0.015183814303663697,24,1.0,368
4531,0.2058444035837409,0.016465766200869664,0.015166597397329507,24,1.0,368
4541,0.20561163152579892,0.016447150710816524,0.015149457111597021,24,1.0,368
4551,0.20539421785399975,0.01642979254068419,0.015132406733707443,24,1.0,368
4561,0.20515070657076503,0.016410057344527707,0.015115361462222913,24,1.0,368
4571,0.20491819730752123,0.016391319313354906,0.01509838100145111,24,1.0,368
4581,0.20468111058404423,0.01637310791017287,0.015081470202690857,24,1.0,368
4591,0.20445311821991066,0.016354844633682093,0.015064602981012656,24,1.0,368
4601,0.20423805934523961,0.01633721594664298,0.015047840181418306,24,1.0,368
4611,0.2040048327956103,0.016318706655625258,0.015031097779192268,24,1.0,368
4621,0.20378272045788412,0.016300262438649814,0.015014411790506638,24,1.0,368
4631,0.20355959073843194,0.016282533165462736,0.014997811721846966,24,1.0,368
4641,0.20331467135286102,0.01626320148203011,0.014981243059023748,24,1.0,368
4651,0.20307944027068447,0.01624424974490038,0.0149647104576148,24,1.0,369
4661,0.20286674023992862,0.016227324522159286,0.014948231192869034,24,1.0,369
4671,0.202626144065622,0.016208530244500922,0.01493177778701892,24,1.0,369
4681,0.2024260342213207,0.016192137197692056,0.014915397395132639,24,1.0,369
4691,0.20221787791911777,0.016176155738714504,0.01489906883530537,24,1.0,369
4701,0.2020110765104477,0.016159201466944422,0.014882810977492819,24,1.0,369
4711,0.2017928864314723,0.016142192254499515,0.014866603042228596,24,1.0,369
4721,0.20157028349734557,0.01612367518087586,0.014850443840427892,24,1.0,369
4731,0.20134844258628998,0.016105989227757047,0.014834338856762282,24,1.0,369
4741,0.20112327230968308,0.016088227287978464,0.014818270634913444,24,1.0,369
4751,0.20090091981678954,0.016070471845815604,0.014802273677330125,24,1.0,369
4761,0.20071011743980396,0.016055104127833387,0.014786346472635402,24,1.0,369
4771,0.20047940157104155,0.016036221498993287,0.014770439904929955,24,1.0,369
4781,0.20026597435833438,0.016019853171374412,0.014754615289077995,24,1.0,369
4791,0.200060287019621,0.016002974058449176,0.014738823627497065,24,1.0,369
4801,0.19983054855165586,0.01598425454841204,0.014723065408373143,24,1.0,369
4811,0.19961194081691475,0.0159672256374658,0.014707380548368539,24,1.0,369
4821,0.19939009673766453,0.015949722707893525,0.014691742166852297,24,1.0,370
4831,0.19918388682075164,0.015933177827211365,0.014676113051511104,24,1.0,370
4841,0.1989572604252224,0.01591473711495832,0.014660534094165005,24,1.0,370
4851,0.19875637712463223,0.015898829745488428,0.014645031707456476,24,1.0,370
4861,0.1985629956205481,0.01588333813167954,0.014629573567475405,24,1.0,370
4871,0.19834116561128412,0.01586578021298985,0.014614158769587958,24,1.0,370
4881,0.19812855525484976,0.015848750426657458,0.01459878663592476,24,1.0,370
4891,0.19791503231978033,0.015831466459757703,0.014583455771119644,24,1.0,370
4901,0.1977109417418014,0.015815351378593547,0.01456820703481812,24,1.0,370
4911,0.19749527370197326,0.015798077360821138,0.014552978895210747,24,1.0,370
4921,0.19727231770160755,0.015780220648807623,0.014537775809041358,24,1.0,370
4931,0.19706548419531877,0.015763704629183146,0.014522651248385384,24,1.0,370
4941,0.19684626179570294,0.01574622309093743,0.0145075668710827,24,1.0,370
4951,0.196628430995864,0.01572852243619638,0.014492534877034724,24,1.0,370
4961,0.19642970001185928,0.01571252822794822,0.014477579387260943,24,1.0,370
4971,0.1962202366366586,0.015696155645269317,0.014462642158948944,24,1.0,370
4981,0.19601743962531717,0.015679760574337676,0.014447758221612714,24,1.0,370
4991,0.19580902558280858,0.015662792132274353,0.014432893110029531,24,1.0,371
5001,0.19558943193848338,0.015645356223397324,0.014418053216516838,24,1.0,371
5011,0.19539394529448892,0.015629772665198372,0.014403265684915683,24,1.0,371
5021,0.19520278911801303,0.015614584746820186,0.014388550145092839,24,1.0,371
5031,0.19500478797435686,0.015598848785591495,0.014373880298891849,24,1.0,371
5041,0.19480741011144748,0.015583038716135476,0.0143592525997392,24,1.0,371
5051,0.19462448820420963,0.015568802990389957,0.0143447050625904,24,1.0,371
5061,0.1944350479111866,0.015552768622517607,0.014330171076763222,24,1.0,371
5071,0.1942412897800213,0.015537225392696715,0.014315671188414472,24,1.0,371
5081,0.19403868661053097,0.015521730370488221,0.014301220219304816,24,1.0,371
5091,0.19384676032068024,0.015506113288970502,0.014286805130244296,24,1.0,371
5101,0.19364301112919338,0.015489794458977758,0.014272437592128767,24,1.0,371
5111,0.19345652310841346,0.015474952750795228,0.014258152535160482,24,1.0,371
5121,0.19326126541073732,0.015459601726926824,0.014243884875946652,24,1.0,371
5131,0.19307381754352393,0.015444178024545077,0.014229656105625335,24,1.0,371
5141,0.19289590584876434,0.015430093547010887,0.014215495872740846,24,1.0,371
5151,0.19270269876907656,0.015414713428070818,0.014201342669586869,24,1.0,371
5161,0.19252079341433445,0.015400212956263292,0.01418724786156165,24,1.0,371
5171,0.19233586417678705,0.015385399240961896,0.014173194758862554,24,1.0,372
5181,0.19214409891785802,0.015369968049357403,0.014159138949824582,24,1.0,372
5191,0.19195675642560553,0.015355056051833444,0.01414513752575508,24,1.0,372
5201,0.19176998080911042,0.015339907100413419,0.014131172579787884,24,1.0,372
5211,0.19157381465974233,0.01532471087002082,0.014117284535992286,24,1.0,372
5221,0.19139286434008182,0.015309981547602892,0.014103404785832623,24,1.0,372
5231,0.191210698242051,0.015294900495826588,0.014089551227635807,24,1.0,372
5241,0.19102297685968517,0.01528030641163894,0.014075777313939124,24,1.0,372
5251,0.19083669520505342,0.015265292849253865,0.014062033363251134,24,1.0,372
5261,0.19065530335452469,0.015250555702964828,0.014048334756959486,24,1.0,372
5271,0.19046754544973624,0.015235908700490408,0.014034666814420255,24,1.0,372
5281,0.1902797880491385,0.015220984387115324,0.014021027968342559,24,1.0,372
5291,0.19009689179130979,0.015206265435001812,0.014007460236507473,24,1.0,372
5301,0.18990428400935336,0.01519081591945368,0.013993894885969088,24,1.0,372
5311,0.18971682597389394,0.015176164689824315,0.01398038744479462,24,1.0,372
5321,0.18955089907359923,0.015162236810288686,0.013966928004372976,24,1.0,372
5331,0.18936339301153085,0.015147648454837152,0.013953508427230824,24,1.0,372
5341,0.18917787012076223,0.015132653351002313,0.013940121101993991,24,1.0,372
5351,0.1889892627319563,0.01511723298332632,0.01392676604351035,24,1.0,372
5361,0.18880011973016064,0.015102510210574877,0.013913442686279332,24,1.0,373
5371,0.18861881616942103,0.015087809626240534,0.013900154241580613,24,1.0,373
5381,0.18842609531766177,0.015072575236271155,0.013886869299529243,24,1.0,373
5391,0.18824174687442943,0.015057565924257173,0.013873649078824398,24,1.0,373
5401,0.18805989273784754,0.015043575503681355,0.01386046297200486,24,1.0,373
5411,0.1878948435077236,0.015030110353303252,0.013847329081836291,24,1.0,373
5421,0.18773354247115334,0.015016902435867664,0.013834238441053762,24,1.0,373
5431,0.18753923315099347,0.015001735941633131,0.013821170176179653,24,1.0,373
5441,0.18737095407492874,0.01498862718739129,0.013808172232617799,24,1.0,373
5451,0.18719960146765857,0.014974660455050873,0.013795181706458019,24,1.0,373
5461,0.18703444103834807,0.014960973130889654,0.01378224916229369,24,1.0,373
5471,0.1868586238598043,0.014947519649155666,0.013769330599597354,24,1.0,373
5481,0.18669169440177544,0.0149335635341637,0.013756449166316303,24,1.0,373
5491,0.18650556288798983,0.014919109301323893,0.013743601573250414,24,1.0,373
5501,0.1863345082439825,0.014905514654499423,0.01373081574814817,24,1.0,373
5511,0.1861687611944606,0.01489225833330664,0.0137180629303409,24,1.0,373
5521,0.18600774530930964,0.014878846351498706,0.013705357952169967,24,1.0,373
5531,0.18583863771054795,0.014865514459085077,0.013692672687174464,24,1.0,373
5541,0.18566894484135543,0.01485164613744638,0.013680021277912255,24,1.0,373
5551,0.18549178796836321,0.014838050931655486,0.013667400225413469,24,1.0,374
5561,0.18532545362937247,0.014824705543273321,0.013654781648952915,24,1.0,374
5571,0.18515062931603274,0.014810533977725662,0.013642200556722939,24,1.0,374
5581,0.18498603118329981,0.014797706312839628,0.013629678982668174,24,1.0,374
5591,0.18481534130964528,0.014783489134861253,0.013617165795751953,24,1.0,374
5601,0.18463887481666172,0.01476975275095604,0.01360469691045927,24,1.0,374
5611,0.18446293117570586,0.014755618829711128,0.013592256092947902,24,1.0,374
5621,0.18428932433453565,0.014741672157033191,0.013579857232304359,24,1.0,374
5631,0.1841061339994428,0.014727352536622725,0.01356748171065611,24,1.0,374
5641,0.18393924340004353,0.014713880693968973,0.013555140402133008,24,1.0,374
5651,0.1837687063435572,0.014699891616853646,0.013542838279202019,24,1.0,374
5661,0.18360199450978573,0.014687256722082221,0.013530589783741153,24,1.0,374
5671,0.1834372867835602,0.014673591606829062,0.013518369070294635,24,1.0,374
5681,0.18326768103156846,0.01465992514796432,0.01350617290483482,24,1.0,374
5691,0.18309652728877385,0.014646013439652628,0.013494029737106726,24,1.0,374
5701,0.18291927665255367,0.014632304928363739,0.01348189936803384,24,1.0,374
5711,0.18275671682656683,0.014619344004300847,0.013469811036144629,24,1.0,374
5721,0.18259082302618238,0.014606277534597546,0.013457758689483111,24,1.0,374
5731,0.18242941965026716,0.014592744545889819,0.013445728019891981,24,1.0,374
5741,0.18223586875510064,0.01457750629921548,0.013433696610523627,24,1.0,374
5751,0.18207668774005925,0.014564475679226122,0.013421746837103147,24,1.0,375
5761,0.18190173806240914,0.014550584301980286,0.013409789357111403,24,1.0,375
5771,0.18174743843797725,0.0145385425896581,0.013397880398535969,24,1.0,375
5781,0.18158263894966364,0.01452516394128528,0.01338599074137273,24,1.0,375
5791,0.18141261910473888,0.014511645617100792,0.013374135137146458,24,1.0,375
5801,0.18125640057866302,0.014499053228565878,0.01336232561101982,24,1.0,375
5811,0.18110772824561203,0.014486986217780827,0.013350533342770464,24,1.0,375
5821,0.18093982112699245,0.014474107266942862,0.013338772732795124,24,1.0,375
5831,0.18078999795830997,0.014462006858546414,0.013327074038930666,24,1.0,375
5841,0.18062958687279954,0.014448592277278943,0.013315366870136245,24,1.0,375
5851,0.18046694288634027,0.014435916275038761,0.013303697581531585,24,1.0,375
5861,0.1803212429503304,0.014424283285417679,0.013292080048672225,24,1.0,375
5871,0.18016018535598824,0.014411712097596865,0.013280476749654678,24,1.0,375
5881,0.17999643882547336,0.014398499753889212,0.013268901359368925,24,1.0,375
5891,0.17984566112638148,0.014386363746318746,0.013257380305199786,24,1.0,375
5901,0.17968783834678903,0.014374029234117569,0.013245874910428125,24,1.0,375
5911,0.17953235928396233,0.014361421374651654,0.0132343924803325,24,1.0,375
5921,0.17938135411142367,0.01434942035025312,0.013222965972192934,24,1.0,375
5931,0.1792147994767914,0.014336270390547481,0.013211531659092716,24,1.0,375
5941,0.17906319857112662,0.014323803077104678,0.01320014136431749,24,1.0,375
5951,0.1789101022092745,0.014311729058844636,0.013188783018058642,24,1.0,375
5961,0.1787642578868645,0.014299913193824915,0.013177446516761367,24,1.0,376
5971,0.17860748060400114,0.014287148403536858,0.013166120030921364,24,1.0,376
5981,0.1784473734108829,0.014274587964198168,0.013154815690154089,24,1.0,376
5991,0.1782893504804897,0.014262043064902766,0.013143554203933578,24,1.0,376
6001,0.17812265639914815,0.014248710746783353,0.013132303852271177,24,1.0,376
6011,0.1779666889653287,0.014236143244373542,0.013121105009921405,24,1.0,376
6021,0.17779535885470918,0.014222403269072571,0.013109925918854263,24,1.0,376
6031,0.1776458359414232,0.014210333540382824,0.013098777070440522,24,1.0,376
6041,0.17749000721059718,0.014197833943584032,0.013087655376888233,24,1.0,376
6051,0.17734565604489116,0.014186307721038533,0.013076581184103387,24,1.0,376
6061,0.17718788765293347,0.014174130813679924,0.01306552395921484,24,1.0,376
6071,0.1770413202832529,0.014162261160046584,0.013054505010972835,24,1.0,376
6081,0.17689672859850825,0.014150751300985715,0.013043515866438022,24,1.0,376
6091,0.17674293176099332,0.014138504897957043,0.013032531029752608,24,1.0,376
6101,0.17659841378583768,0.014126454983447013,0.013021581919164651,24,1.0,376
6111,0.17644496769977838,0.01411458198173975,0.013010660363768028,24,1.0,376
6121,0.17630052681114125,0.014102667614132678,0.012999781278142433,24,1.0,376
6131,0.17614427532057197,0.01409071231312829,0.012988925879893294,24,1.0,376
6141,0.176002172048955,0.014078842427476776,0.012978106469182531,24,1.0,376
6151,0.17585212391042934,0.014067021512529546,0.01296730875282022,24,1.0,376
6161,0.17570896134340602,0.01405548193111728,0.01295655181323223,24,1.0,376
6171,0.17556303585406002,0.014043668282669671,0.012945802185628229,24,1.0,376
6181,0.17541392486192298,0.014031921052220321,0.012935074365152342,24,1.0,377
6191,0.175265206863471,0.014019884709135181,0.012924354349354376,24,1.0,377
6201,0.17511820867312777,0.014008146032028525,0.012913652822162712,24,1.0,377
6211,0.17496033074941073,0.013995554786684431,0.012902965488603526,24,1.0,377
6221,0.17482822209079998,0.013985253357410651,0.012892341647523696,24,1.0,377
6231,0.1746788438583507,0.013973077327215658,0.0128817272741331,24,1.0,377
6241,0.17453555917212193,0.013961705321327528,0.012871135868928713,24,1.0,377
6251,0.17440356969557425,0.013951201297822858,0.0128606007572604,24,1.0,377
6261,0.1742699269819837,0.01394059968525114,0.012850109239181092,24,1.0,377
6271,0.17412550600161988,0.013928735375979722,0.012839589298263324,24,1.0,377
6281,0.17398080545623884,0.013917353598102708,0.012829120816226898,24,1.0,377
6291,0.17385033119575657,0.013907074075833737,0.01281868347693725,24,1.0,377
6301,0.1737149773735671,0.013896092618630508,0.012808264275195843,24,1.0,377
6311,0.17359158542142814,0.01388618923309098,0.012797905117657144,24,1.0,377
6321,0.1734422407808035,0.013874468152552404,0.01278754161498189,24,1.0,377
6331,0.17330572752664333,0.013863000649685766,0.012777192373407223,24,1.0,377
6341,0.17317190020700843,0.0138529821626077,0.01276689806507185,24,1.0,377
6351,0.17304052719364882,0.01384185979879034,0.0127566150062001,24,1.0,377
6361,0.17289605486927928,0.013830799189673493,0.012746346490256868,24,1.0,377
6371,0.17274749958060115,0.013818730396827772,0.012736096459693315,24,1.0,377
6381,0.17260251558307096,0.01380688050679338,0.012725868700808211,24,1.0,377
6391,0.1724517865104171,0.013795079031847027,0.012715677504414677,24,1.0,377
6401,0.17232778995685255,0.01378495951924359,0.012705508988925031,24,1.0,378
6411,0.17218263660670588,0.013773350556640295,0.012695348636862384,24,1.0,378
6421,0.17203995810687167,0.013762174156880701,0.012685207921113877,24,1.0,378
6431,0.171911443044594,0.013751694672537904,0.012675100961746238,24,1.0,378
6441,0.17176758459130742,0.013740405976726721,0.012665001757293994,24,1.0,378
6451,0.17163013144976033,0.013729179307507973,0.012654929026576868,24,1.0,378
6461,0.17148264624842707,0.013717284230456369,0.01264488543373959,24,1.0,378
6471,0.1713440376597303,0.0137064967716823,0.012634861837424023,24,1.0,378
6481,0.17120949221867068,0.013695752149016695,0.012624878111877067,24,1.0,378
6491,0.17107156819473876,0.013684572530637448,0.01261492030536377,24,1.0,378
6501,0.1709276221683064,0.013673224115851054,0.012604964145891807,24,1.0,378
6511,0.17079695793613403,0.013662609452408136,0.012595048056008218,24,1.0,378
6521,0.1706600634292681,0.013651595366112818,0.012585149225895334,24,1.0,378
6531,0.1705269751775569,0.013641293666111049,0.01257528742827113,24,1.0,378
6541,0.17039380224015382,0.013630414191087762,0.012565460582015369,24,1.0,378
6551,0.17025912607239188,0.013619951088061043,0.012555629867415069,24,1.0,378
6561,0.17012801847364226,0.01360931864568278,0.012545829962340662,24,1.0,378
6571,0.16999520507949006,0.013598841155658532,0.012536080711396745,24,1.0,378
6581,0.16986835341050785,0.01358837258660279,0.01252632844531821,24,1.0,378
6591,0.16973616857527282,0.013577752231579749,0.012516616815789321,24,1.0,378
6601,0.16959708662092413,0.013566660641295624,0.012506907774880756,24,1.0,378
6611,0.16946915561669165,0.013556540709025912,0.012497233337652005,24,1.0,378
6621,0.16933992808923595,0.013546252723982515,0.01248757648236727,24,1.0,378
6631,0.16920981222413414,0.013535543265651949,0.0124779335834888,24,1.0,379
6641,0.16906968316791773,0.013524399639506737,0.012468286815143387,24,1.0,379
6651,0.16893961701009536,0.013514108024899612,0.012458672281297841,24,1.0,379
6661,0.1688142079012325,0.013504140952937624,0.012449091120902553,24,1.0,379
6671,0.16868258302260483,0.013493566080655744,0.012439518412895409,24,1.0,379
6681,0.16855107998672136,0.013483142714099361,0.012429971050351712,24,1.0,379
6691,0.1684124419958737,0.01347203839898002,0.012420425339386946,24,1.0,379
6701,0.16828472234219952,0.013461870028303766,0.012410929579986301,24,1.0,379
6711,0.16815339944105817,0.013451194673379768,0.012401450887542534,24,1.0,379
6721,0.16802434169197322,0.01344090376840505,0.012391997360973265,24,1.0,379
6731,0.16789345454591262,0.013430404249054001,0.012382569353029137,24,1.0,379
6741,0.167778969801599,0.013421480292209272,0.012373170124006252,24,1.0,379
6751,0.1676496421959446,0.013411105154512496,0.012363776840158573,24,1.0,379
6761,0.1675237105830484,0.013400862912775759,0.012354406210909283,24,1.0,379
6771,0.16739807251641545,0.01339093742972373,0.012345070294664038,24,1.0,379
6781,0.1672729188732829,0.013380957964922446,0.012335739512020022,24,1.0,379
6791,0.1671400098458582,0.013370266119498951,0.012326436711625957,24,1.0,379
6801,0.16701545442829693,0.013360166283499408,0.012317149279852136,24,1.0,379
6811,0.16689538187333008,0.013350852641233878,0.012307900221183827,24,1.0,379
6821,0.16677120150222477,0.013340752630875752,0.012298671880694832,24,1.0,379
6831,0.16664901610075641,0.013330888858665905,0.012289451433881418,24,1.0,379
6841,0.16652540414029326,0.01332106286433002,0.012280263428257025,24,1.0,379
6851,0.1664035882089121,0.01331145580049447,0.012271093709709744,24,1.0,379
6861,0.16627375493993532,0.013300935474078046,0.012261936110309866,24,1.0,379
6871,0.1661380314832006,0.013289974785608212,0.012252798771968297,24,1.0,380
6881,0.16601803134462095,0.013280497194258261,0.012243671874984553,24,1.0,380
6891,0.16589886167421314,0.013270965727825388,0.01223457253774634,24,1.0,380
6901,0.16578014421259857,0.013261649669985739,0.012225493692900798,24,1.0,380
6911,0.16565908177273447,0.01325172795536586,0.012216426560608088,24,1.0,380
6921,0.16553253098518392,0.013241814406792425,0.01220737618634512,24,1.0,380
6931,0.16542056120150916,0.013232739787802887,0.012198360058737099,24,1.0,380
6941,0.16530512453236734,0.013223403188184364,0.012189371765977288,24,1.0,380
6951,0.165170548928412,0.013213053162331768,0.012180380585950598,24,1.0,380
6961,0.16504957419339344,0.013203111320112954,0.012171420122592043,24,1.0,380
6971,0.16492519884767112,0.01319297221225854,0.01216246596692235,24,1.0,380
6981,0.16480423124203564,0.013183429164902508,0.01215354356579776,24,1.0,380
6991,0.16469067395621348,0.013174331894096237,0.012144637091557395,24,1.0,380
7001,0.16457188268485057,0.013165093482114058,0.012135752312863962,24,1.0,380
7011,0.16445845754809804,0.013155816894665396,0.012126897661531508,24,1.0,380
7021,0.1643385499182301,0.01314605179179159,0.012118061877812137,24,1.0,380
7031,0.16421147928754284,0.013136004632212744,0.012109239016189982,24,1.0,380
7041,0.16408670320294344,0.01312605363652456,0.012100432883596244,24,1.0,380
7051,0.16396745483258168,0.013116400280159667,0.01209164842753009,24,1.0,380
7061,0.16384469407788066,0.01310643772730992,0.01208287855758258,24,1.0,380
7071,0.16372437421153013,0.013097116465859758,0.012074130216054314,24,1.0,380
7081,0.1636136496228389,0.01308810252757722,0.012065416508886836,24,1.0,380
7091,0.16348992108874388,0.013078406834475058,0.012056714479688695,24,1.0,380
7101,0.16336933779716487,0.013068476536662564,0.012048031458954944,24,1.0,380
7111,0.16325063276287985,0.013058954070974647,0.012039367497695741,24,1.0,380
7121,0.1631302414393375,0.013049609414668314,0.012030721866599236,24,1.0,381
7131,0.16300782179091264,0.013039633468100803,0.01202206729279389,24,1.0,381
7141,0.1628869248182613,0.013030006418785278,0.012013423823757334,24,1.0,381
7151,0.16277495029539363,0.013021078701811196,0.012004806761011656,24,1.0,381
7161,0.16265810941024514,0.013011648998591705,0.011996232413635531,24,1.0,381
7171,0.16254381217526684,0.0130027883835863,0.01198767528345561,24,1.0,381
7181,0.1624262589420421,0.012992965214116388,0.011979126766042464,24,1.0,381
7191,0.16230792034830796,0.012983724460182167,0.01197059482394121,24,1.0,381
7201,0.16219333868059618,0.012974601785022497,0.011962078144896809,24,1.0,381
7211,0.16207935620867078,0.012965401528139,0.011953581850215195,24,1.0,381
7221,0.16195954261469936,0.012956013113335624,0.011945092087869003,24,1.0,381
7231,0.1618483227663679,0.0129470755351452,0.011936631549350452,24,1.0,381
7241,0.16174045322462643,0.012938267760661702,0.011928202762463772,24,1.0,381
7251,0.16162003532582855,0.012928470945872444,0.011919773574123459,24,1.0,381
7261,0.16149800178994445,0.012918931229403319,0.011911352419542111,24,1.0,381
7271,0.16138587351998104,0.012910059110077877,0.01190298020924841,24,1.0,381
7281,0.16127655820176454,0.012901384148763982,0.011894621044768341,24,1.0,381
7291,0.16116336716937107,0.012892070530214045,0.011886268759406024,24,1.0,381
7301,0.1610536657321729,0.012883460356346637,0.011877947945833174,24,1.0,381
7311,0.16094095977973116,0.012874173237021815,0.011869638679306183,24,1.0,381
7321,0.16082747886101487,0.01286543700307671,0.011861355719637588,24,1.0,381
7331,0.16071662038534718,0.012856488568894655,0.011853087767753607,24,1.0,381
7341,0.16061564568332617,0.012848385158393223,0.011844840016842636,24,1.0,381
7351,0.16050980035118764,0.012840108447681742,0.01183662460630609,24,1.0,381
7361,0.16039237336626563,0.012830634945432792,0.011828394814090605,24,1.0,381
7371,0.16027908036951233,0.01282149246229683,0.011820181207131963,24,1.0,381
7381,0.16017190857372465,0.012812933872017,0.011811997234639047,24,1.0,382
7391,0.16006361950620818,0.01280433943446738,0.011803813802485965,24,1.0,382
7401,0.15994653485316446,0.012794894185907088,0.01179563235373652,24,1.0,382
7411,0.15984055224493543,0.012786483961234763,0.011787470555278642,24,1.0,382
7421,0.15972763340199875,0.012777212608080114,0.011779329593018447,24,1.0,382
7431,0.15962591923697916,0.012769157126782405,0.011771215732907436,24,1.0,382
7441,0.15951744684518473,0.012760653546569934,0.011763122865372927,24,1.0,382
7451,0.15940771518523955,0.012751889823200677,0.011755046129110798,24,1.0,382
7461,0.15929706291814502,0.01274285447497192,0.01174696134994089,24,1.0,382
7471,0.15918319209319434,0.012733852157317125,0.011738911459888786,24,1.0,382
7481,0.15907532268002583,0.012725119188562822,0.011730873217055926,24,1.0,382
7491,0.15896472967233127,0.012716234376145224,0.011722850819323137,24,1.0,382
7501,0.1588555201302394,0.01270769585521798,0.011714855157855761,24,1.0,382
7511,0.158751603135292,0.012699357899200734,0.011706884835687692,24,1.0,382
7521,0.1586461052828176,0.01269094571795943,0.011698909186105569,24,1.0,382
7531,0.1585382242020322,0.012682160788095764,0.011690965309309798,24,1.0,382
7541,0.15842327219223798,0.012673174195505805,0.011683023123312597,24,1.0,382
7551,0.15831505176543906,0.012664336799411252,0.011675108456703396,24,1.0,382
7561,0.15820706072887233,0.01265563477096024,0.011667200646400951,24,1.0,382
7571,0.15809929826711627,0.01264722197174639,0.011659319215231797,24,1.0,382
7581,0.15799160275906085,0.012638504959404316,0.011651466041779199,24,1.0,382
7591,0.15788108605041468,0.012629614074187185,0.011643603595047182,24,1.0,382
7601,0.1577768938408929,0.012621101181170965,0.011635767208172242,24,1.0,382
7611,0.15767051800153314,0.012612861709832031,0.011627960377199209,24,1.0,382
7621,0.15756675669546077,0.012604460358943389,0.011620162486140909,24,1.0,382
7631,0.1574649578956184,0.012596280033169548,0.0116123827932969,24,1.0,382
7641,0.15735462824360186,0.012587658882599405,0.01160461288297205,24,1.0,382
7651,0.15725436382441166,0.012579575752460721,0.011596858747397734,24,1.0,383
7661,0.1571487617998998,0.012571116552736586,0.011589096889581997,24,1.0,383
7671,0.15703974987641411,0.012562447780594755,0.011581359037256649,24,1.0,383
7681,0.1569371146260744,0.012554087278739775,0.011573642426388033,24,1.0,383
7691,0.15683232989933032,0.012545718899824903,0.011565939134167024,24,1.0,383
7701,0.15672682119825912,0.01253722983709762,0.011558243514362897,24,1.0,383
7711,0.1566301418453733,0.012529584887971111,0.011550569423249467,24,1.0,383
7721,0.15652692956320402,0.012521254625729488,0.011542909298035116,24,1.0,383
7731,0.15641566614189456,0.01251233060292671,0.011535261873617345,24,1.0,383
7741,0.15631553665333156,0.012504346962987346,0.011527641778597731,24,1.0,383
7751,0.1562052048074226,0.012495460302377859,0.011520015988287063,24,1.0,383
7761,0.15609991630478,0.012487125948324915,0.01151242090294635,24,1.0,383
7771,0.15599098370570888,0.012478400857013404,0.0115048349479533,24,1.0,383
7781,0.15588922786975073,0.012470447235566194,0.011497278551695488,24,1.0,383
7791,0.15578783194152704,0.012461992202005062,0.011489739406954401,24,1.0,383
7801,0.1556804957964414,0.012453714679946232,0.011482201761531979,24,1.0,383
7811,0.15557967414635718,0.01244554004885167,0.011474686682733297,24,1.0,383
7821,0.15547415948912938,0.012437112868058287,0.011467175718991918,24,1.0,383
7831,0.15536398202640267,0.012428410357492575,0.01145967134884313,24,1.0,383
7841,0.1552630338118949,0.012420043506628363,0.01145218967920554,24,1.0,383
7851,0.1551508882548249,0.012411317240142744,0.011444713173876478,24,1.0,383
7861,0.15504612224480163,0.012402828355397149,0.01143726222427086,24,1.0,383
7871,0.1549479331755502,0.012394829635414268,0.01142983362953427,24,1.0,383
7881,0.15484963489947953,0.012387197341975235,0.011422426890999265,24,1.0,383
7891,0.15475047466466837,0.01237920576164974,0.011415022291180452,24,1.0,383
7901,0.1546513609846488,0.012371302393818045,0.011407637596699993,24,1.0,383
7911,0.1545498912847171,0.012363198472085926,0.011400265208130325,24,1.0,383
7921,0.15445162558593795,0.01235521890633373,0.01139290941211358,24,1.0,383
7931,0.1543493656855077,0.012346992136791588,0.011385551367206535,24,1.0,384
7941,0.1542479129042057,0.012338853991301453,0.011378197229842636,24,1.0,384
7951,0.15413981542472896,0.012330553788436893,0.011370855536373176,24,1.0,384
7961,0.154049789876347,0.012323055612928568,0.01136355701609168,24,1.0,384
7971,0.15395057928659922,0.012315298627203711,0.011356267786833898,24,1.0,384
7981,0.15384623657232102,0.012306929098677097,0.011348977673181998,24,1.0,384
7991,0.1537424087721159,0.012298648122792227,0.01134170330839932,24,1.0,384
8001,0.15364174724034363,0.012290584920259487,0.01133444965779448,24,1.0,384
8011,0.153541731650585,0.012282549889723146,0.011327206525967123,24,1.0,384
8021,0.1534339886792987,0.012273920426135277,0.011319966445526073,24,1.0,384
8031,0.15333043618290673,0.012265415238921757,0.011312753578759202,24,1.0,384
8041,0.15322958623168462,0.01225763000869162,0.01130554879638486,24,1.0,384
8051,0.15313040134968275,0.012249883456563096,0.011298373497839893,24,1.0,384
8061,0.1530347653961117,0.012242000651268287,0.011291200685829983,24,1.0,384
8071,0.1529394601387412,0.012234528890971725,0.011284043749482081,24,1.0,384
8081,0.15285144861871164,0.012227303392528276,0.011276906292833426,24,1.0,384
8091,0.1527499807484297,0.012219152891613048,0.011269769985974855,24,1.0,384
8101,0.15264684331550143,0.012210949900156606,0.011262644018912209,24,1.0,384
8111,0.15255271884393945,0.01220349068362697,0.011255550665840398,24,1.0,384
8121,0.152452441130446,0.012195550536607895,0.011248465454080835,24,1.0,384
8131,0.15235739547531538,0.012187660886903288,0.011241381301583557,24,1.0,384
8141,0.15226009639020874,0.01217994760576213,0.011234333411770993,24,1.0,384
8151,0.1521679982559725,0.01217258137027803,0.011227296871887898,24,1.0,384
8161,0.1520812150950534,0.012165720213492444,0.011220281211988932,24,1.0,384
8171,0.1519878841895221,0.012158266624984381,0.011213262991898293,24,1.0,384
8181,0.15188733194306311,0.012150303676165831,0.011206250518159556,24,1.0,384
8191,0.15179976660215067,0.012143208792631045,0.011199266886987573,24,1.0,384
8201,0.15170541166503607,0.012135650550730855,0.011192289972268524,24,1.0,384
8211,0.1516112387054928,0.012128208750000938,0.011185324081998342,24,1.0,385
8221,0.15151583510912894,0.012120600399145108,0.01117835319903752,24,1.0,385
8231,0.1514235773005971,0.012113040674240712,0.01117140016652901,24,1.0,385
8241,0.1513201010663804,0.012104798114322928,0.011164443416675869,24,1.0,385
8251,0.15122723022653703,0.012097572081659132,0.011157515921980159,24,1.0,385
8261,0.15113019335493855,0.012089485402193153,0.011150595067907679,24,1.0,385
8271,0.1510319516082811,0.01208175093968918,0.011143695138539368,24,1.0,385
8281,0.15093879153072065,0.012074321996704737,0.011136799869299571,24,1.0,385
8291,0.15084469560713296,0.012066784695947822,0.011129928150293579,24,1.0,385
8301,0.1507534227096832,0.012059495468132172,0.011123059181769021,24,1.0,385
8311,0.15066107249605581,0.012052097834357808,0.0111162027879894,24,1.0,385
8321,0.15056682070987273,0.012044669977665269,0.011109371591715865,24,1.0,385
8331,0.15047385750015754,0.012037311598424935,0.011102558817921993,24,1.0,385
8341,0.15038107238177065,0.012029713398717225,0.011095742432357177,24,1.0,385
8351,0.15029149377413925,0.01202261461509757,0.011088941681022762,24,1.0,385
8361,0.15019960703478782,0.012015297989903924,0.011082154758646075,24,1.0,385
8371,0.1501165367019657,0.012008686434409038,0.01107540416475413,24,1.0,385
8381,0.15002744644351235,0.012001286570037002,0.011068648358348141,24,1.0,385
8391,0.14993770014889107,0.01199441466112591,0.011061903684280614,24,1.0,385
8401,0.14984361852931263,0.011986878391510887,0.01105517647992213,24,1.0,385
8411,0.14975407705473529,0.011979552842263526,0.011048455734804662,24,1.0,385
8421,0.14966347843296451,0.011972339016060402,0.011041751119474441,24,1.0,385
8431,0.14957318552826976,0.011965323124747762,0.011035058394511308,24,1.0,385
8441,0.14948698834282095,0.011958211683041323,0.011028373639267139,24,1.0,385
8451,0.14940202664222138,0.011951556617810801,0.0110217141767402,24,1.0,385
8461,0.14931384160749903,0.01194453530101925,0.011015060996928642,24,1.0,385
8471,0.14922756889127856,0.011937559100915623,0.011008418545972218,24,1.0,385
8481,0.1491391654437236,0.011930337477885052,0.011001779949531781,24,1.0,385
8491,0.14905159542598073,0.01192333332705436,0.010995165535868148,24,1.0,385
8501,0.14896030076140465,0.011916191953044957,0.010988564875910774,24,1.0,385
8511,0.1488730564076264,0.011909202860803408,0.010981964149427538,24,1.0,386
8521,0.14878183396088154,0.011901735522097235,0.010975360614115885,24,1.0,386
8531,0.14869025222320825,0.011894442489618209,0.010968776736915866,24,1.0,386
8541,0.14860309918292555,0.011887344070076234,0.010962204892707819,24,1.0,386
8551,0.1485101337293233,0.011880280020111227,0.01095563672123129,24,1.0,386
8561,0.14842370536752744,0.011873123063707115,0.010949083090550336,24,1.0,386
8571,0.1483379618774368,0.01186625439754252,0.010942546044359338,24,1.0,386
8581,0.14825039265400652,0.011859239739283323,0.01093602769383688,24,1.0,386
8591,0.1481615349571545,0.011851964041816043,0.010929508329076415,24,1.0,386
8601,0.14807770710300247,0.011845490855240825,0.010923012836325506,24,1.0,386
8611,0.14799599523035173,0.011839144127528019,0.010916522925260094,24,1.0,386
8621,0.1479135060544112,0.011832462073678498,0.01091005385118887,24,1.0,386
8631,0.14782697402076322,0.01182527910182406,0.010903579527064418,24,1.0,386
8641,0.14774321022159048,0.011818725742101579,0.010897129809658858,24,1.0,386
8651,0.1476572477715987,0.011811839642586398,0.010890689452110122,24,1.0,386
8661,0.14756987944685634,0.011804903561073362,0.010884258161340159,24,1.0,386
8671,0.14747994479212123,0.011797699702721173,0.01087782814921008,24,1.0,386
8681,0.14739264255806686,0.011790758268015282,0.01087141415005033,24,1.0,386
8691,0.14730653559153148,0.011783901938038235,0.010865026338775561,24,1.0,386
8701,0.14722032644035177,0.01177702699178006,0.010858644083282966,24,1.0,386
8711,0.14713105150704314,0.01176977272266406,0.010852267648836659,24,1.0,386
8721,0.1470477339694744,0.011763160025774494,0.010845912853768581,24,1.0,386
8731,0.1469680307259882,0.011756641043575707,0.010839570455881109,24,1.0,386
8741,0.1468794863210843,0.011749569244308363,0.010833226862442832,24,1.0,386
8751,0.14679251506886665,0.011742694879946485,0.010826891798892834,24,1.0,386
8761,0.1467055758620834,0.01173581256052265,0.010820569896939273,24,1.0,386
8771,0.14661879641155845,0.011728657210394528,0.010814266964493058,24,1.0,386
8781,0.1465298854968228,0.011721637538218319,0.01080796506001682,24,1.0,386
8791,0.1464416499429821,0.01171476298125201,0.010801684509322278,24,1.0,386
8801,0.1463524381886626,0.011707535849211421,0.010795413064746158,24,1.0,386
8811,0.14627187412335796,0.011701213333456768,0.010789169466573526,24,1.0,386
8821,0.1461932165822078,0.011694749813654664,0.010782914067601955,24,1.0,387
8831,0.14610510441737712,0.01168775260190428,0.01077666058599045,24,1.0,387
8841,0.14601715701512785,0.011680577075126182,0.010770411633876745,24,1.0,387
8851,0.14593414866555698,0.011673847356599204,0.010764176381110359,24,1.0,387
8861,0.14584652034001014,0.011667079506336478,0.010757963718888526,24,1.0,387
8871,0.14576218515187436,0.011660303801246986,0.010751759832569908,24,1.0,387
8881,0.14568550038703282,0.011654100131787443,0.010745568851963752,24,1.0,387
8891,0.14560432375448168,0.01164753741918275,0.010739394598975055,24,1.0,387
8901,0.14551568971138856,0.011640547837940203,0.010733206504929337,24,1.0,387
8911,0.1454284661565573,0.01163379996675166,0.010727049533055658,24,1.0,387
8921,0.14535120819244776,0.011627491064775612,0.01072090744432107,24,1.0,387
8931,0.14526726346663885,0.011620598212611993,0.010714759608979359,24,1.0,387
8941,0.1451842111359808,0.011613994980023015,0.010708630040460377,24,1.0,387
8951,0.14510068890720404,0.011607383641802563,0.010702507322591254,24,1.0,387
8961,0.14501805510000496,0.0116007149874077,0.010696394151014985,24,1.0,387
8971,0.14493778148649672,0.011594136928880611,0.010690295240574627,24,1.0,387
8981,0.14484855927590182,0.011587167786692268,0.01068420422078877,24,1.0,387
8991,0.14476061036581928,0.01158021164085106,0.010678130262875585,24,1.0,387
9001,0.14468530502941868,0.011574168670559498,0.0106720708574132,24,1.0,387
9011,0.14459851831122222,0.011567305098567545,0.010666008980671923,24,1.0,387
9021,0.1445203045321903,0.011560922193302809,0.010659973243062804,24,1.0,387
9031,0.14444295229410248,0.011554667034974837,0.010653940031664392,24,1.0,387
9041,0.14436013933475614,0.011548062802609857,0.010647914868424984,24,1.0,387
9051,0.14427225890495934,0.011541266575597661,0.010641902773647093,24,1.0,387
9061,0.14419701305180427,0.01153512184580186,0.01063590853536637,24,1.0,387
9071,0.14411681250346478,0.011528697238296722,0.01062992560806642,24,1.0,387
9081,0.14403759493410795,0.011522245130864037,0.010623948607497118,24,1.0,387
9091,0.14395405604157896,0.01151559229150929,0.010617972038939187,24,1.0,387
9101,0.14387319218965394,0.011509278324987698,0.010612010923487222,24,1.0,387
9111,0.14378946889896413,0.011502341527314523,0.010606055911877766,24,1.0,387
9121,0.14370996995179752,0.011496193828343578,0.010600125422783954,24,1.0,387
9131,0.14363228180182325,0.011489864990304063,0.010594200999632002,24,1.0,387
9141,0.14354517267235067,0.011482868965527375,0.010588276377188162,24,1.0,388
9151,0.1434626363529484,0.011476553340481855,0.010582348255751108,24,1.0,388
9161,0.14338560047279517,0.01147027704039269,0.010576436673738554,24,1.0,388
9171,0.14330168610806301,0.011463431950491472,0.010570530662262443,24,1.0,388
9181,0.14321922800890088,0.011456883964907221,0.010564633944001674,24,1.0,388
9191,0.1431429521992545,0.011450811379175604,0.010558751764155013,24,1.0,388
9201,0.14306124984344715,0.011444238501724959,0.01055287721083633,24,1.0,388
9211,0.14298287622524913,0.011437941438654954,0.010547011176498089,24,1.0,388
9221,0.14290204579285765,0.011431711626468426,0.010541165027932753,24,1.0,388
9231,0.14282817372575482,0.011425605155130594,0.010535330381820217,24,1.0,388
9241,0.14275089984709233,0.01141944310533831,0.01052950607616499,24,1.0,388
9251,0.1426783244463166,0.01141360995385374,0.010523693005304868,24,1.0,388
9261,0.14259791033525818,0.011407234098430344,0.010517879945982756,24,1.0,388
9271,0.1425188042919748,0.011400953337602512,0.010512092481897736,24,1.0,388
9281,0.14244566209311066,0.011395112163054204,0.010506302800021725,24,1.0,388
9291,0.14237822274167292,0.01138984814964446,0.010500532174675961,24,1.0,388
9301,0.14230088871917979,0.011383457646230949,0.010494749734823547,24,1.0,388
9311,0.1422250770170443,0.011377365888978678,0.01048898167258438,24,1.0,388
9321,0.14214719029379438,0.011371117514129184,0.01048323077487656,24,1.0,388
9331,0.14206770182189188,0.011364805811343389,0.01047748568141133,24,1.0,388
9341,0.1419840815485487,0.011358172683942609,0.0104717485357805,24,1.0,388
9351,0.14189842556822096,0.01135114620581552,0.010466013910307666,24,1.0,388
9361,0.14182212766157185,0.011345061981884317,0.010460300161618502,24,1.0,388
9371,0.1417396439146633,0.011338446200109946,0.010454590602200076,24,1.0,388
9381,0.14165329924825754,0.011331814895858333,0.010448893314703151,24,1.0,388
9391,0.14158118407823464,0.011326028093727685,0.010443216624186007,24,1.0,388
9401,0.14151101001742247,0.011320204788002677,0.010437546042745154,24,1.0,388
9411,0.1414302266479014,0.011313898330438546,0.010431878431658654,24,1.0,388
9421,0.14136108138547201,0.01130834928872615,0.010426230101866767,24,1.0,388
9431,0.14128840423147804,0.011302472342542365,0.010420585112398273,24,1.0,388
9441,0.1412098298270918,0.01129617835154083,0.010414946538117413,24,1.0,388
9451,0.14113207051428273,0.011289913351737992,0.010409318954932594,24,1.0,388
9461,0.1410567053319546,0.011283975656989478,0.010403703413403843,24,1.0,388
9471,0.14097886884968014,0.01127771358517506,0.010398093905393924,24,1.0,388
9481,0.14090432077781853,0.011271958035709193,0.010392483606375595,24,1.0,389
9491,0.14082831999001857,0.011265473689435592,0.010386869378532315,24,1.0,389
9501,0.14074918947240103,0.011259360210800784,0.010381265338488302,24,1.0,389
9511,0.14067243910121174,0.011253239089588871,0.010375679383029074,24,1.0,389
9521,0.1405934682389043,0.011246859725715286,0.010370100565635568,24,1.0,389
9531,0.1405178749936303,0.011240920542116103,0.010364530086013199,24,1.0,389
9541,0.14044742763679122,0.01123535693361608,0.010358975470018269,24,1.0,389
9551,0.1403727461085428,0.011229196054012387,0.010353416588321092,24,1.0,389
9561,0.14029385160955074,0.011222885582045363,0.010347875072961631,24,1.0,389
9571,0.14021875732151434,0.011216994488990517,0.010342345411702312,24,1.0,389
9581,0.14014855280619137,0.011211245949736878,0.010336835687956708,24,1.0,389
9591,0.1400694956453696,0.011205010981759479,0.010331316116209912,24,1.0,389
9601,0.13999444218341156,0.011198839772918802,0.010325817512265847,24,1.0,389
9611,0.13991995453067305,0.011192943676960011,0.010320323950912784,24,1.0,389
9621,0.13983898558247468,0.011186581779903986,0.010314828021515317,24,1.0,389
9631,0.13976640264544224,0.011180609013004645,0.010309349733903446,24,1.0,389
9641,0.13968998725481266,0.011174628590662353,0.01030388637063281,24,1.0,389
9651,0.13961435856072268,0.01116857925367941,0.010298421847802912,24,1.0,389
9661,0.1395421369401062,0.01116268874579301,0.010292975935639334,24,1.0,389
9671,0.13947254205829135,0.011157253192373089,0.010287544803621393,24,1.0,389
9681,0.13939891303294652,0.011151442233986892,0.01028211762584638,24,1.0,389
9691,0.1393283426245467,0.011145701593957693,0.010276703061848047,24,1.0,389
9701,0.13925484100408186,0.011139692044359701,0.010271289382383713,24,1.0,389
9711,0.13917636218974644,0.011133449653125125,0.010265878475656213,24,1.0,389
9721,0.13910224298034093,0.011127677092413555,0.01026048263536935,24,1.0,389
9731,0.1390311648375386,0.011121905170852814,0.010255089527206279,24,1.0,389
9741,0.13896386910613484,0.011116556930379471,0.010249716519897593,24,1.0,389
9751,0.13888848424216677,0.011110552929252275,0.010244346567404134,24,1.0,389
9761,0.13881763702443226,0.011104688062031909,0.010238984895765881,24,1.0,389
9771,0.13874486108913908,0.01109903039779123,0.010233639968494539,24,1.0,389
9781,0.13867413380326668,0.011093287320870913,0.010228302555876725,24,1.0,389
9791,0.13858960135429502,0.011086628681001099,0.010222951955594289,24,1.0,389
9801,0.138513776364539,0.011080555050727817,0.01021761659724868,24,1.0,389
9811,0.13844170714557105,0.011074756263553677,0.010212299990226876,24,1.0,389
9821,0.1383723105943651,0.01106915432291885,0.010206988371596795,24,1.0,390
9831,0.1382958969958027,0.01106311035839595,0.010201672957485584,24,1.0,390
9841,0.1382198266089411,0.011056906815452527,0.010196351937863215,24,1.0,390
9851,0.13814695931548382,0.011051180265557634,0.010191061798908647,24,1.0,390
9861,0.13807325895434713,0.011045361358346623,0.010185771672508745,24,1.0,390
9871,0.13800041997762075,0.011039492811905914,0.010180486840663283,24,1.0,390
9881,0.13792907117889383,0.011033785775854755,0.010175220753435818,24,1.0,390
9891,0.13785646805146456,0.011027894190758407,0.010169956971266015,24,1.0,390
9901,0.13778387836865982,0.01102223097092373,0.010164704965616602,24,1.0,390
9911,0.13770951829884134,0.011016190634369549,0.010159453738571333,24,1.0,390
9921,0.13763947351301664,0.011010512527894286,0.010154215603043344,24,1.0,390
9931,0.13756953925942758,0.011005002478679287,0.010148980744432866,24,1.0,390
9941,0.13750159528817,0.010999626303175311,0.010143762666381189,24,1.0,390
9951,0.1374373013974164,0.010994408436804612,0.010138556088767651,24,1.0,390
9961,0.13736518637993,0.010988490256811872,0.010133352382066054,24,1.0,390
9971,0.1372939164652236,0.010982914559106868,0.01012815806723469,24,1.0,390
9981,0.1372298197282948,0.010977870722122383,0.010122979406690462,24,1.0,390
9991,0.13715368940844197,0.010971748026274361,0.010117790529942619,24,1.0,390
10001,0.13708607052807276,0.010966306247387161,0.010112618954269613,24,1.0,390
10011,0.13701679877808284,0.010960988535257283,0.010107455262379267,24,1.0,390
10021,0.13695155541093537,0.01095568707491502,0.010102304840672467,24,1.0,390
10031,0.13687693303299253,0.01094959446293251,0.010097147041236475,24,1.0,390
10041,0.13680541833362048,0.01094380840461597,0.010092001431288942,24,1.0,390
10051,0.1367412055531254,0.010938918655182303,0.010086877277593298,24,1.0,390
10061,0.13667442094536014,0.01093333047039262,0.010081752100108326,24,1.0,390
10071,0.13660773753318378,0.01092794761997082,0.010076635539457406,24,1.0,390
10081,0.1365391111102615,0.010922548468661506,0.010071531151699622,24,1.0,390
10091,0.13646855097192614,0.010916920910898593,0.010066429025002925,24,1.0,390
10101,0.13639861329546432,0.01091130234805169,0.010061336394745829,24,1.0,390
10111,0.13632278650914037,0.010905375499695063,0.010056244551618526,24,1.0,390
10121,0.1362524712577378,0.010899515483543431,0.010051171497766293,24,1.0,390
10131,0.13618348495245944,0.010894151708143287,0.010046108320303686,24,1.0,390
10141,0.13611855443538667,0.010888877083363035,0.010041054749415104,24,1.0,390
10151,0.13605301247422813,0.010883618465786815,0.010036003413202635,24,1.0,390
10161,0.1359854491865415,0.010878383871168433,0.010030963129329953,24,1.0,390
10171,0.13592081130895678,0.010873060368667545,0.010025927027125348,24,1.0,390
10181,0.13585023219884304,0.010867575953782982,0.01002088318680476,24,1.0,391
10191,0.13578117296970704,0.01086185105785018,0.010015852713741887,24,1.0,391
10201,0.13571382724256442,0.01085649647590587,0.010010837764416731,24,1.0,391
10211,0.13564638487286873,0.01085121415934011,0.010005826606444473,24,1.0,391
10221,0.13557864656042132,0.010845771872622747,0.010000819422771602,24,1.0,391
10231,0.1355128100618753,0.010840401931787398,0.009995816087659587,24,1.0,391
10241,0.13544497955878976,0.010835088075114607,0.009990825941822013,24,1.0,391
10251,0.13537207972934356,0.010829002250496426,0.009985831049036777,24,1.0,391
10261,0.13530317607151843,0.01082376134698793,0.009980856391875842,24,1.0,391
10271,0.1352387459119173,0.010818385487002242,0.009975885137008372,24,1.0,391
10281,0.13516995363841358,0.010813049599881023,0.009970922993617024,24,1.0,391
10291,0.13510047880850604,0.010807405478863798,0.009965970113928574,24,1.0,391
10301,0.13503200333634127,0.010802133768851604,0.00996102299692032,24,1.0,391
10311,0.13496984634507794,0.010797169705267248,0.009956087660016676,24,1.0,391
10321,0.1349078765726073,0.010792023721333208,0.009951153442165421,24,1.0,391
10331,0.13484334076714158,0.010786877483296568,0.009946231768944195,24,1.0,391
10341,0.13477811547441312,0.01078173885856865,0.009941313692641637,24,1.0,391
10351,0.13471416419570476,0.010776615668079848,0.00993641488708243,24,1.0,391
10361,0.13464825187142396,0.010771327812132655,0.009931513437027034,24,1.0,391
10371,0.1345796059453196,0.010765688488894068,0.009926617889208433,24,1.0,391
10381,0.1345137026331171,0.010760643560370849,0.009921736964003875,24,1.0,391
10391,0.13444673050950662,0.010755224156542032,0.009916854867036848,24,1.0,391
10401,0.13438044538623314,0.010750023271010302,0.009911980548414433,24,1.0,391
10411,0.13431882613993337,0.01074515646947031,0.009907126165340334,24,1.0,391
10421,0.13425108802671262,0.010739637130467166,0.009902268092955297,24,1.0,391
10431,0.134188974887683,0.010734614507665604,0.009897427527984065,24,1.0,391
10441,0.1341190229005942,0.010728957301404909,0.009892583177956821,24,1.0,391
10451,0.13405458936979103,0.010723842066593698,0.009887749729216097,24,1.0,391
10461,0.13398976994322304,0.010718742107500285,0.009882920381586136,24,1.0,391
10471,0.13392639513755197,0.010713395633119958,0.009878099770844697,24,1.0,391
10481,0.133860806928599,0.01070839563145455,0.009873287826911806,24,1.0,391
10491,0.13379790912981354,0.010703318438557674,0.009868483654360938,24,1.0,391
10501,0.13373826510560316,0.01069847864563647,0.00986369419920134,24,1.0,391
10511,0.13367095322522005,0.010693148174385235,0.009858902127320586,24,1.0,391
10521,0.13360651676543292,0.010687986406342541,0.00985411415476256,24,1.0,391
10531,0.13354646937377684,0.010683229145563555,0.009849345177730494,24,1.0,391
10541,0.1334789804103323,0.010677746988644349,0.00984457527736358,24,1.0,391
10551,0.1334136894843864,0.01067266151185132,0.009839816098432402,24,1.0,392
10561,0.13335410062434302,0.010667667107327514,0.009835051024839576,24,1.0,392
10571,0.1332865336415901,0.010662270372394006,0.009830290974170418,24,1.0,392
10581,0.1332221972068375,0.010657200165896762,0.009825539537878117,24,1.0,392
10591,0.13315861888884084,0.010652205497901758,0.009820791899301554,24,1.0,392
10601,0.13309532350012693,0.010647157682929759,0.00981605814450445,24,1.0,392
10611,0.13303117883948587,0.010641906176425221,0.009811329394987104,24,1.0,392
10621,0.13296261260954603,0.010636451928649591,0.009806598472653371,24,1.0,392
10631,0.13289829038358894,0.010631382149760107,0.009801879050180007,24,1.0,392
10641,0.13283397086027954,0.010626124736286241,0.009797168985583356,24,1.0,392
10651,0.13277265226220655,0.010621100194859272,0.0097924724148731,24,1.0,392
10661,0.13270852127712832,0.010616322482606045,0.009787782799284312,24,1.0,392
10671,0.13264598099642874,0.010611110564685482,0.009783091010256326,24,1.0,392
10681,0.13258866276407297,0.010606488558344496,0.009778411291035441,24,1.0,392
10691,0.13252396886190973,0.010601403369213813,0.009773739297866482,24,1.0,392
10701,0.13246300032234057,0.01059658614149403,0.009769080735297815,24,1.0,392
10711,0.13240053982447939,0.010591619683406226,0.009764423216624725,24,1.0,392
10721,0.13233575943477968,0.010586341461030154,0.00975976693776579,24,1.0,392
10731,0.13226589222823024,0.010580671472914655,0.00975510355931032,24,1.0,392
10741,0.1322057537217468,0.0105760091449037,0.00975046295631156,24,1.0,392
10751,0.13214265342379425,0.01057092486704108,0.009745833131950477,24,1.0,392
10761,0.13207688118662775,0.010565567993097831,0.00974120230629273,24,1.0,392
10771,0.13201351140458098,0.010560580259023697,0.009736576665895114,24,1.0,392
10781,0.13195143068020715,0.010555643936948493,0.009731964287104496,24,1.0,392
10791,0.13188310884279167,0.010550112891034856,0.009727349376959836,24,1.0,392
10801,0.1318205768944009,0.010545169752716788,0.009722746531293354,24,1.0,392
10811,0.13176252852051742,0.01054051921523543,0.009718158196289909,24,1.0,392
10821,0.13169898615915063,0.010535385395700836,0.009713571846447997,24,1.0,392
10831,0.13163864054471355,0.010530565802442004,0.00970899741343733,24,1.0,392
10841,0.13157437250511253,0.010525323150523402,0.009704418557153467,24,1.0,392
10851,0.13151220281830114,0.010520503278610642,0.009699845570617765,24,1.0,392
10861,0.1314480353483759,0.010515268894566478,0.009695281069289062,24,1.0,392
10871,0.1313851438878942,0.010510376250705231,0.009690732596754771,24,1.0,392
10881,0.13132144027479575,0.010505106790104498,0.009686177709321432,24,1.0,392
10891,0.13125837495385834,0.01050032282575363,0.009681640195920892,24,1.0,392
10901,0.13120298770064048,0.010495791181411352,0.009677122078141531,24,1.0,392
10911,0.13114127087039804,0.010490818428376384,0.009672590562611003,24,1.0,392
10921,0.13107838367008814,0.010485773768939787,0.009668070173284955,24,1.0,392
10931,0.13101271346424936,0.010480614397434466,0.009663546675829244,24,1.0,392
10941,0.13094840182638895,0.01047548443853932,0.009659024596591398,24,1.0,393
10951,0.13089279209928184,0.010470878437376213,0.009654513394193456,24,1.0,393
10961,0.13082570966299018,0.01046549839286999,0.009649999510607752,24,1.0,393
10971,0.1307674910007646,0.010460855967582469,0.009645501265974297,24,1.0,393
10981,0.13070738937788193,0.01045610571781612,0.009641008902579075,24,1.0,393
10991,0.13064906662987494,0.010451533239555132,0.009636526606510721,24,1.0,393
11001,0.13059037964961656,0.01044676052437119,0.009632049435676956,24,1.0,393
11011,0.13053035257658066,0.010441816866757388,0.009627574800868732,24,1.0,393
11021,0.13046961245497718,0.010437114692620604,0.009623112881982062,24,1.0,393
11031,0.13040789671528583,0.01043222062622064,0.009618650823265492,24,1.0,393
11041,0.13034600610378347,0.01042721336530305,0.00961419999240967,24,1.0,393
11051,0.13028562017060538,0.010422496235427438,0.00960975384883059,24,1.0,393
11061,0.13022876182971269,0.010417821012017232,0.009605314169840938,24,1.0,393
11071,0.1301656370169163,0.010412785842449637,0.009600876366897713,24,1.0,393
11081,0.1301058619269073,0.0104080185716041,0.009596445820387678,24,1.0,393
11091,0.13004327317221973,0.01040301916986666,0.009592015873322512,24,1.0,393
11101,0.12998349687807711,0.010398139471898639,0.009587602106508289,24,1.0,393
11111,0.1299256452416014,0.010393638203836314,0.00958318957230859,24,1.0,393
11121,0.1298684857920174,0.010389052018270605,0.009578790372541305,24,1.0,393
11131,0.1298109675821872,0.010384297428988946,0.009574394548134467,24,1.0,393
11141,0.12975143484408738,0.01037957052123344,0.009570004726938565,24,1.0,393
11151,0.12969250943429722,0.01037494783259197,0.009565622064129005,24,1.0,393
11161,0.12963036178937537,0.0103698584242333,0.0095612358091386,24,1.0,393
11171,0.1295690013078987,0.010365033785638352,0.009556860377027495,24,1.0,393
11181,0.1295085981469366,0.010360153678684843,0.009552492710207918,24,1.0,393
11191,0.12945001433114556,0.01035555084858415,0.00954813669702976,24,1.0,393
11201,0.1293935882973242,0.010350988950625518,0.009543786857388504,24,1.0,393
11211,0.1293349930676473,0.010346253676625785,0.009539441637937612,24,1.0,393
11221,0.12927251322375483,0.010341394061048047,0.00953510218490376,24,1.0,393
11231,0.12921167690924043,0.010336438210652209,0.009530765976150738,24,1.0,393
11241,0.1291532509771292,0.010331792343759931,0.009526440093077954,24,1.0,393
11251,0.12909130077785191,0.010326734009759536,0.009522111620769548,24,1.0,393
11261,0.1290338152600729,0.010322225111623949,0.009517797197138779,24,1.0,393
11271,0.1289770085074728,0.01031773601852465,0.009513488297893185,24,1.0,393
11281,0.12892284459320374,0.010313341899195791,0.009509181262102049,24,1.0,393
11291,0.12886542078154237,0.010308646210516276,0.009504883799145854,24,1.0,393
11301,0.1288061150316927,0.010304148135835252,0.009500595025759012,24,1.0,393
11311,0.128748767273809,0.01029952672884092,0.00949630739370773,24,1.0,393
11321,0.12868648191831827,0.01029439483843674,0.009492015745736793,24,1.0,393
11331,0.12862751627112295,0.010289773410741514,0.009487741962297196,24,1.0,393
11341,0.12857440013883759,0.01028542971099654,0.009483467142626854,24,1.0,394
11351,0.12851906556354528,0.010281017189635875,0.009479190771985951,24,1.0,394
11361,0.12845873101081814,0.010276164110947728,0.009474924211845601,24,1.0,394
11371,0.12839949756153646,0.010271446461576347,0.009470663178849563,24,1.0,394
11381,0.1283406861059582,0.010266843442258053,0.009466405456937011,24,1.0,394
11391,0.12828221080506402,0.010262071710395098,0.009462153135729597,24,1.0,394
11401,0.1282266769619899,0.010257643133275358,0.009457915236145425,24,1.0,394
11411,0.1281674390936712,0.010252871226878202,0.009453670530617908,24,1.0,394
11421,0.12810971150041256,0.01024839459655089,0.00944944159729324,24,1.0,394
11431,0.12805298560854594,0.010243703004184384,0.009445213636575507,24,1.0,394
11441,0.12799056842534448,0.010238864253414219,0.009440990359439386,24,1.0,394
11451,0.12793492451115215,0.010234346468574178,0.009436777840005827,24,1.0,394
11461,0.12787476996768596,0.010229501414249657,0.009432564115772634,24,1.0,394
11471,0.12781503615751877,0.010224750041846904,0.009428365799447993,24,1.0,394
11481,0.12775738406187698,0.01022013850807516,0.009424165024345718,24,1.0,394
11491,0.12769997866585264,0.010215413899254294,0.009419977276367635,24,1.0,394
11501,0.12764207296987573,0.010210795527749308,0.009415793478309628,24,1.0,394
11511,0.12757812312478672,0.01020574001295633,0.009411608567689798,24,1.0,394
11521,0.1275193142230095,0.010201174869853112,0.009407437135451389,24,1.0,394
11531,0.12746067194424163,0.010196384985634195,0.009403260694767435,24,1.0,394
11541,0.12740722355764855,0.010192169065244675,0.009399101416209853,24,1.0,394
11551,0.1273493995927403,0.01018751738728398,0.00939494326096709,24,1.0,394
11561,0.12729445180724247,0.0101831418722872,0.009390796070039445,24,1.0,394
11571,0.12723407776407727,0.010178253468160283,0.009386646725405802,24,1.0,394
11581,0.12717420234185656,0.01017354279712763,0.009382508327550151,24,1.0,394
11591,0.1271196525175374,0.010169035295562148,0.009378374936416965,24,1.0,394
11601,0.12706305000646284,0.010164618985278952,0.009374251231890755,24,1.0,394
11611,0.12700742357157727,0.010160162918513096,0.00937012563992223,24,1.0,394
11621,0.12694901967605804,0.010155373862888744,0.009366001067845206,24,1.0,394
11631,0.12689273401721607,0.010150956405975442,0.009361892674915126,24,1.0,394
11641,0.12683985868793682,0.010146798506900149,0.009357787265174047,24,1.0,394
11651,0.12678380427465538,0.010142392615832545,0.00935368491422193,24,1.0,394
11661,0.12672952923548528,0.010137992659125563,0.00934959540927732,24,1.0,394
11671,0.12667467853846687,0.010133689295892666,0.009345507234920487,24,1.0,394
11681,0.1266237019459267,0.01012933985407184,0.009341429459398623,24,1.0,394
11691,0.12656681290949434,0.010124944527731423,0.009337348554712391,24,1.0,394
11701,0.12651113212066775,0.010120445457898959,0.00933327318015375,24,1.0,394
11711,0.12645601050812505,0.010116132958156703,0.009329201418552499,24,1.0,394
11721,0.12639975705359768,0.01011149807115386,0.00932513686152449,24,1.0,394
11731,0.12634599060836077,0.010107319455930857,0.009321080529300495,24,1.0,394
11741,0.1262975090514103,0.010103357941649937,0.009317040297860816,24,1.0,394
11751,0.126243957579997,0.010099132081380663,0.00931299539550112,24,1.0,395
11761,0.1261905565520398,0.010094591716692781,0.009308938241324144,24,1.0,395
11771,0.1261341094562869,0.010090351660372565,0.009304903220732652,24,1.0,395
11781,0.126076304538338,0.010085670365705773,0.009300858822496384,24,1.0,395
11791,0.12602296392421303,0.010081473795734383,0.009296827634436346,24,1.0,395
11801,0.1259683405613069,0.01007706622515848,0.009292802736495397,24,1.0,395
11811,0.12591450583327887,0.010072772691890912,0.009288782466896786,24,1.0,395
11821,0.12585899655647145,0.01006824995873443,0.009284768962008388,24,1.0,395
11831,0.12580570298106625,0.010063942714576727,0.00928076071608723,24,1.0,395
11841,0.12574860125400444,0.010059571547127413,0.009276752267711118,24,1.0,395
11851,0.12569300249638304,0.010055010285597677,0.009272746606203247,24,1.0,395
11861,0.12563321825071463,0.010050266055776228,0.009268742450713146,24,1.0,395
11871,0.12558053605846076,0.01004600155509841,0.00926475308957424,24,1.0,395
11881,0.12552760754665312,0.010041843404647637,0.009260767411932363,24,1.0,395
11891,0.12547239005226968,0.010037288179653782,0.009256784413271006,24,1.0,395
11901,0.12541661993115022,0.010032946560238724,0.009252813625505734,24,1.0,395
11911,0.12536225930176959,0.0100284602784944,0.00924884190655352,24,1.0,395
11921,0.12530977233826307,0.010024362191479116,0.009244878702754282,24,1.0,395
11931,0.12525641531694487,0.01002005040690971,0.009240924234307111,24,1.0,395
11941,0.12520453425419786,0.010015869287824716,0.009236968823634414,24,1.0,395
11951,0.12515131616858008,0.010011731006864252,0.009233022643491488,24,1.0,395
11961,0.12509544260549119,0.01000716820508253,0.00922907413806798,24,1.0,395
11971,0.12504470146148453,0.010003246368445112,0.009225140662681701,24,1.0,395
11981,0.12499293669749989,0.009999012411888308,0.009221209334701622,24,1.0,395
11991,0.12493945421403506,0.00999467232551894,0.0092172794821572,24,1.0,395
12001,0.12488565537117496,0.009990331885906525,0.009213358298419305,24,1.0,395
12011,0.12482643586424558,0.009985712652715414,0.009209434894432105,24,1.0,395
12021,0.12477649611552395,0.009981755051641188,0.009205523580741984,24,1.0,395
12031,0.12472414922652086,0.009977394966583343,0.00920161707519942,24,1.0,395
12041,0.12467071461615394,0.009973305817937952,0.009197722624575857,24,1.0,395
12051,0.124618967051085,0.009969098752382428,0.00919382691524531,24,1.0,395
12061,0.12456474992195449,0.009964725063335508,0.009189932338307871,24,1.0,395
12071,0.12451145019487418,0.009960510802468181,0.009186045878240802,24,1.0,395
12081,0.12445914099391726,0.009956387907253979,0.009182160421179817,24,1.0,395
12091,0.12440575172719419,0.009952129469325425,0.009178284728539123,24,1.0,395
12101,0.12435159260289967,0.009947681004893981,0.009174409324980452,24,1.0,395
12111,0.12429720124723795,0.009943354727971681,0.009170545313389176,24,1.0,395
12121,0.1242425025005078,0.009939046483402839,0.00916667995421257,24,1.0,395
12131,0.12419191362630119,0.009935005910920633,0.00916282410233015,24,1.0,395
12141,0.1241396396781495,0.009930800118306493,0.009158977855762964,24,1.0,395
12151,0.12408773774424738,0.009926472285265333,0.009155129374550782,24,1.0,395
12161,0.1240315802811744,0.009922047180209085,0.009151287249890049,24,1.0,395
12171,0.12397497154627263,0.009917555504194476,0.00914745350000845,24,1.0,395
12181,0.12391768674584462,0.00991302174413684,0.00914361035525639,24,1.0,396
12191,0.12386554358930109,0.00990883268239062,0.009139772900499062,24,1.0,396
12201,0.12381263885714376,0.009904576716954055,0.009135936626183823,24,1.0,396
12211,0.12375799656237846,0.009900302322415594,0.009132109328738662,24,1.0,396
12221,0.1237073403848653,0.009896153985009511,0.00912828777883173,24,1.0,396
12231,0.12365975367263286,0.009892365594372484,0.00912447519711018,24,1.0,396
12241,0.12360517042142134,0.009887879474220552,0.009120664101259862,24,1.0,396
12251,0.12355261002161991,0.009883723294362661,0.009116856819365242,24,1.0,396
12261,0.12349757477624992,0.009879327130957398,0.009113050408010017,24,1.0,396
12271,0.1234448573127056,0.00987514025458506,0.009109256101411068,24,1.0,396
12281,0.12339385150056882,0.00987103051629093,0.009105467020098823,24,1.0,396
12291,0.12334015333735673,0.009866800885743245,0.009101684361775012,24,1.0,396
12301,0.12328570893371507,0.009862439943417381,0.009097901843896616,24,1.0,396
12311,0.12323252831086076,0.00985823361591743,0.00909411966892147,24,1.0,396
12321,0.12318157154795545,0.009854151609922436,0.009090350980879923,24,1.0,396
12331,0.12312867846146207,0.009849896941330366,0.009086580257860983,24,1.0,396
12341,0.12307948373569276,0.009845932242719005,0.009082820039634171,24,1.0,396
12351,0.12302909283398114,0.0098418896822182,0.009079065759086824,24,1.0,396
12361,0.12297559030567645,0.009837497838164582,0.009075316439473595,24,1.0,396
12371,0.12292208619336488,0.009833383424170266,0.009071570387965005,24,1.0,396
12381,0.12287388373944363,0.009829504126463962,0.009067830083632232,24,1.0,396
12391,0.12282051681729038,0.009825323582433279,0.009064087821668135,24,1.0,396
12401,0.12277140927734184,0.00982130722115579,0.009060354941856356,24,1.0,396
12411,0.12272155549546349,0.009817342906997345,0.009056628586832247,24,1.0,396
12421,0.12267037214018248,0.009813231147027642,0.009052897882826412,24,1.0,396
12431,0.12262276809855478,0.009809370611914111,0.009049183851866866,24,1.0,396
12441,0.12257587930799255,0.00980560834832601,0.009045472534465323,24,1.0,396
12451,0.12252546834683152,0.009801651984050279,0.009041758977973963,24,1.0,396
12461,0.12247636134422525,0.009797706404163296,0.009038056192709287,24,1.0,396
12471,0.12242615010576988,0.009793678365949058,0.009034358523410732,24,1.0,396
12481,0.1223767300884815,0.009789777647566628,0.009030665844461497,24,1.0,396
12491,0.12232497467477219,0.00978560863434587,0.009026971614793482,24,1.0,396
12501,0.122275463627426,0.00978160181281041,0.009023289712131585,24,1.0,396
12511,0.12222804367536004,0.009777808740443298,0.009019611241781349,24,1.0,396
12521,0.12217901613508794,0.00977388707832685,0.009015940378364359,24,1.0,396
12531,0.12212896535180043,0.009769929821869363,0.009012270405417,24,1.0,396
12541,0.12208150489245917,0.009766168101596478,0.009008607476795055,24,1.0,396
12551,0.1220351832704501,0.009762439714216723,0.009004949479492467,24,1.0,396
12561,0.12198675548400421,0.009758537148245433,0.009001293048254942,24,1.0,396
12571,0.1219370925489534,0.009754616406131992,0.008997637545941248,24,1.0,396
12581,0.12188749232576758,0.009750614352609112,0.008993985173181214,24,1.0,396
12591,0.12183651973974659,0.009746646087467474,0.00899034644636823,24,1.0,396
12601,0.12179170422640917,0.009742906384236328,0.008986711363804826,24,1.0,396
12611,0.12173985385438377,0.009738839070001153,0.00898307155643987,24,1.0,396
12621,0.12168985885637154,0.009734811327281758,0.00897943840230383,24,1.0,396
12631,0.12164521053461784,0.009731211336097294,0.008975810105745467,24,1.0,397
12641,0.12159925805782258,0.009727478570809574,0.008972179853029153,24,1.0,397
12651,0.12154986933978393,0.009723585026271108,0.00896855386757257,24,1.0,397
12661,0.12150424195074241,0.009719906854085046,0.008964936194852778,24,1.0,397
12671,0.12145568339598217,0.009715948823131372,0.008961322656382718,24,1.0,397
12681,0.12140214692441141,0.009711774432821585,0.008957707509315396,24,1.0,397
12691,0.121355911800054,0.00970809309928912,0.008954103666836093,24,1.0,397
12701,0.12130307786573202,0.009703827268638783,0.008950499108878926,24,1.0,397
12711,0.12125109275395458,0.009699731208361189,0.008946897294215298,24,1.0,397
12721,0.1212058830889862,0.009696148731239163,0.008943307465882868,24,1.0,397
12731,0.12115818716005665,0.00969222628307571,0.00893972022266378,24,1.0,397
12741,0.12110632405604824,0.009688027109546478,0.008936128288092229,24,1.0,397
12751,0.12106043763081041,0.0096843511323907,0.008932551676671221,24,1.0,397
12761,0.12101074135825687,0.009680510903116871,0.008928976358684329,24,1.0,397
12771,0.12095998585501544,0.009676484587359204,0.00892540181745754,24,1.0,397
12781,0.12091539245182295,0.009672782946505856,0.008921837213046051,24,1.0,397
12791,0.1208676303966839,0.009668962531723101,0.008918278149433816,24,1.0,397
12801,0.12081657162537802,0.009664962283361824,0.008914721522865151,24,1.0,397
12811,0.12076858152947526,0.0096610565131112,0.008911165386760136,24,1.0,397
12821,0.12072232400724345,0.009657389887645897,0.008907610749016333,24,1.0,397
12831,0.12067458926485884,0.009653543740608594,0.008904066357622675,24,1.0,397
12841,0.1206222529842705,0.009649396350437968,0.00890052460619939,24,1.0,397
12851,0.12057589128863387,0.00964566008962783,0.008896985898360759,24,1.0,397
12861,0.12052771155264969,0.00964172852599338,0.008893452103629065,24,1.0,397
12871,0.12047529552180264,0.009637602407900315,0.008889920720959033,24,1.0,397
12881,0.12042931648131937,0.009634013154533516,0.00888639968683082,24,1.0,397
12891,0.12038097265187211,0.009630140533032206,0.008882879569681494,24,1.0,397
12901,0.12033420775408427,0.00962635557045686,0.008879364262939018,24,1.0,397
12911,0.12028867140340352,0.009622707594180628,0.008875856238830271,24,1.0,397
12921,0.12024091575644216,0.009618915162350836,0.008872350013028182,24,1.0,397
12931,0.12019713981421357,0.009615452010369367,0.008868852381028974,24,1.0,397
12941,0.12014908459483976,0.009611547534401582,0.008865350468745481,24,1.0,397
12951,0.12009930486734043,0.009607560154976678,0.008861861090311465,24,1.0,397
12961,0.12004890381810893,0.009603577905914389,0.008858374455549104,24,1.0,397
12971,0.12000520752570078,0.009600093531157627,0.008854897951201446,24,1.0,397
12981,0.11995923593616331,0.009596372436441255,0.00885142013611934,24,1.0,397
12991,0.11991386527895101,0.009592754138887742,0.008847944262918496,24,1.0,397
13001,0.11986807038562246,0.009589069144110897,0.008844467155029909,24,1.0,397
13011,0.11982376044139798,0.009585535679890718,0.008841001463761494,24,1.0,397
13021,0.11977691541415186,0.00958183206614335,0.00883753609946263,24,1.0,397
13031,0.11972883587768397,0.009578002412607102,0.008834083679002569,24,1.0,397
13041,0.11968312412232003,0.009574166646901349,0.008830625987257189,24,1.0,397
13051,0.11963502571159883,0.009570313953702829,0.008827176941094118,24,1.0,397
13061,0.11958664868887232,0.009566558145233967,0.0088237270102877,24,1.0,397
13071,0.11954042884877063,0.00956285559638766,0.0088202829491823,24,1.0,397
13081,0.11949358891914523,0.009559065636694647,0.008816843936498927,24,1.0,397
13091,0.11944707578238334,0.009555555571491344,0.00881340780002999,24,1.0,398
13101,0.11940230348699132,0.009551796143175837,0.008809971855534629,24,1.0,398
13111,0.11935475630142317,0.009547922859596485,0.00880653529085116,24,1.0,398
13121,0.11930726783889478,0.009544140478604921,0.008803099612831978,24,1.0,398
13131,0.11926084508585579,0.009540582940424758,0.008799675534359902,24,1.0,398
13141,0.11921615490400933,0.00953692222490427,0.008796254691576412,24,1.0,398
13151,0.11917057887932776,0.009533378386818779,0.008792838272308732,24,1.0,398
13161,0.11912211321422733,0.009529394444031364,0.008789421176203972,24,1.0,398
13171,0.11907691593081655,0.009525709618281574,0.008786011172138621,24,1.0,398
13181,0.1190278342649315,0.00952183703317693,0.008782606911794872,24,1.0,398
13191,0.11898314782331769,0.009518235912367168,0.008779208500812265,24,1.0,398
13201,0.11893405283334493,0.009514372746729527,0.008775809564134412,24,1.0,398
13211,0.11888522013072336,0.009510455941552578,0.008772411737631039,24,1.0,398
13221,0.11883791049477663,0.009506682240798031,0.008769021234808902,24,1.0,398
13231,0.11879225103753992,0.00950302459670446,0.008765639232446552,24,1.0,398
13241,0.11874532107552126,0.009499244140810667,0.00876225939447516,24,1.0,398
13251,0.11870235245996419,0.009495875889194417,0.008758890916627541,24,1.0,398
13261,0.11865943207052332,0.009492384450416365,0.008755521086888707,24,1.0,398
13271,0.11861636175118442,0.00948889699329628,0.008752149167514118,24,1.0,398
13281,0.11856958111229271,0.009485123399104891,0.008748781615156334,24,1.0,398
13291,0.1185211453684501,0.00948138606736204,0.008745421528509286,24,1.0,398
13301,0.11847698074332884,0.009477842726732234,0.00874206642792067,24,1.0,398
13311,0.11842701985920803,0.009473788464009234,0.008738706668642147,24,1.0,398
13321,0.11838237340301123,0.009470232930422881,0.008735357598504861,24,1.0,398
13331,0.11833561634405397,0.009466435137193257,0.008732011987483992,24,1.0,398
13341,0.11829061849306385,0.009462851506153417,0.008728668347446674,24,1.0,398
13351,0.1182449545023912,0.009459209323326561,0.008725332189828322,24,1.0,398
13361,0.11819516597294187,0.009455211077419829,0.008721995881146848,24,1.0,398
13371,0.11815150759765093,0.009451713651286418,0.008718666419397041,24,1.0,398
13381,0.1181099188517139,0.009448439109960557,0.008715343604926953,24,1.0,398
13391,0.1180653169019669,0.009444834932126247,0.008712021861145166,24,1.0,398
13401,0.11801608762361676,0.009440949080691657,0.00870870077929096,24,1.0,398
13411,0.11797081656349367,0.009437364145333358,0.00870538389225902,24,1.0,398
13421,0.1179257938702269,0.009433747127488819,0.008702069794360017,24,1.0,398
13431,0.11788179586662384,0.009430134409131187,0.00869876545541831,24,1.0,398
13441,0.11783422654372518,0.00942640180798952,0.008695462272955862,24,1.0,398
13451,0.1177896884111428,0.009422771972017303,0.008692163850270388,24,1.0,398
13461,0.11774610589346018,0.009419332288869358,0.008688868874147741,24,1.0,398
13471,0.11769915739713903,0.0094155665390413,0.00868557590570938,24,1.0,398
13481,0.11765361875341611,0.009411959931377114,0.008682286720985538,24,1.0,398
13491,0.11761289289843972,0.009408722791821209,0.008679008818086044,24,1.0,398
13501,0.11756732927853226,0.00940508834832651,0.00867573379220416,24,1.0,398
13511,0.11752483551930477,0.009401571152366799,0.00867245988915071,24,1.0,398
13521,0.11747886504702872,0.009397950398816654,0.008669189066815441,24,1.0,398
13531,0.11743691845165817,0.00939461042812473,0.008665928811657946,24,1.0,398
13541,0.11739373964594413,0.00939110026164193,0.008662667832341623,24,1.0,398
13551,0.11734741725273805,0.009387435819881176,0.00865940375920692,24,1.0,398
13561,0.11730510584860067,0.009384046205564519,0.008656152041330299,24,1.0,398
13571,0.11726099418508736,0.009380461639337801,0.008652892874793658,24,1.0,399
13581,0.11721553405213268,0.009376911859260147,0.008649635618360298,24,1.0,399
13591,0.11717228950563845,0.009373401833441425,0.008646389315024977,24,1.0,399
13601,0.1171269994672682,0.009369758775953243,0.008643140618693314,24,1.0,399
13611,0.11708233438084531,0.009366262123153552,0.008639899426755793,23,0.9583333333333334,399
13621,0.11704329576644877,0.00936313430305783,0.008636854756043266,21,0.875,365
13631,0.11700670209409426,0.009360303305617408,0.008634133942596095,20,0.8333333333333334,332
13641,0.11697166119136054,0.009357545765970298,0.008631439637342734,20,0.8333333333333334,332
13651,0.11693570541259997,0.00935454317056206,0.008628752915760741,20,0.8333333333333334,332
13661,0.11689953151435627,0.009351644511876998,0.008626067682369978,20,0.8333333333333334,332
13671,0.11686282497215925,0.009348748639253838,0.008623384571963374,20,0.8333333333333334,332
13681,0.11682546143434736,0.00934576990668216,0.008620701261553126,20,0.8333333333333334,332
13691,0.11678448611726025,0.009342406625983986,0.008618019812808062,20,0.8333333333333334,332
13701,0.11674770300718892,0.009339554810989964,0.008615342772340608,20,0.8333333333333334,332
13711,0.11671139533024988,0.009336575113696883,0.008612665904562791,20,0.8333333333333334,332
13721,0.11667719266546348,0.009333884366411006,0.00860999297650472,20,0.8333333333333334,332
13731,0.11664151700267131,0.009330970433559313,0.008607326911587533,20,0.8333333333333334,332
13741,0.1166027448205226,0.009327969178087621,0.008604661531012279,20,0.8333333333333334,332
13751,0.11656532597518349,0.009325000934672296,0.008601992546881031,20,0.8333333333333334,332
13761,0.11652938144145214,0.009322060611340706,0.008599327302333164,20,0.8333333333333334,333
13771,0.11649166107713872,0.009319083218288768,0.00859665675382284,20,0.8333333333333334,333
13781,0.11645684711257202,0.009316223505763116,0.008593995945504706,20,0.8333333333333334,333
13791,0.11642057015708727,0.009313366515233417,0.008591339372975106,20,0.8333333333333334,333
13801,0.11638165197573726,0.00931029815685661,0.00858868055008513,20,0.8333333333333334,333
13811,0.11635054648748205,0.00930780493743235,0.008586028240690146,20,0.8333333333333334,333
13821,0.1163151798131364,0.009304955949845557,0.008583376217166871,20,0.8333333333333334,333
13831,0.11627767416835455,0.009301881286911852,0.008580722713276865,20,0.8333333333333334,333
13841,0.11624231417247759,0.009299077600777195,0.008578076588998207,20,0.8333333333333334,333
13851,0.11620587249478206,0.009296197251811121,0.008575432003393026,20,0.8333333333333334,333
13861,0.1161718798562957,0.009293408779225043,0.008572788822575401,20,0.8333333333333334,333
13871,0.11613488836081018,0.009290489362825415,0.008570148742411897,20,0.8333333333333334,333
13881,0.11610157783513103,0.009287800082625282,0.008567510933948868,20,0.8333333333333334,333
13891,0.11606422376976631,0.009284817019341952,0.008564871004481648,20,0.8333333333333334,333
13901,0.11602943471099912,0.00928209337517916,0.008562240608217093,20,0.8333333333333334,333
13911,0.115992891734347,0.0092791800466423,0.008559611493822292,20,0.8333333333333334,333
13921,0.11595878434463149,0.009276397536686892,0.008556983304016939,20,0.8333333333333334,333
13931,0.11592206445370133,0.009273558600271509,0.008554358732653339,20,0.8333333333333334,333
13941,0.11588673182223025,0.009270614271100451,0.008551733580422159,20,0.8333333333333334,333
13951,0.11584922366590371,0.009267569772081315,0.008549111643025997,20,0.8333333333333334,333
13961,0.11581083373872667,0.009264587210499553,0.00854649282453851,20,0.8333333333333334,333
13971,0.11577432025155464,0.00926171048979873,0.008543875408310989,20,0.8333333333333334,333
13981,0.1157385153961681,0.00925882185880822,0.008541259191269078,20,0.8333333333333334,333
13991,0.11570598422030892,0.009256219590938876,0.008538648306551424,20,0.8333333333333334,333
14001,0.11567201578301271,0.009253512121809773,0.008536039302553191,20,0.8333333333333334,333
14011,0.11564009169180646,0.009250860794910573,0.008533436676306813,20,0.8333333333333334,333
14021,0.11560593940622502,0.00924817769095778,0.008530834129746544,20,0.8333333333333334,333
14031,0.11556938238796244,0.009245350850759662,0.008528233816100838,20,0.8333333333333334,333
14041,0.11553036691978463,0.009242156826682823,0.008525631757026664,20,0.8333333333333334,333
14051,0.1154954641831394,0.009239277352665285,0.00852303767585437,20,0.8333333333333334,333
14061,0.11546144425251023,0.009236565801399964,0.008520445461311373,20,0.8333333333333334,333
14071,0.11542715207234971,0.00923391009954903,0.008517853723852059,20,0.8333333333333334,333
14081,0.11539155808093027,0.009230999804748943,0.00851526325205666,20,0.8333333333333334,333
14091,0.11535521099016695,0.009228174693572186,0.00851267727986196,20,0.8333333333333334,333
14101,0.11532228698994682,0.009225449044141132,0.008510091848555145,20,0.8333333333333334,333
14111,0.11528576581181905,0.009222580855998431,0.008507512162981234,20,0.8333333333333334,333
14121,0.11525097108632713,0.009219845839750116,0.008504938284284823,20,0.8333333333333334,333
14131,0.11521856159404707,0.009217195374261113,0.008502363910102395,20,0.8333333333333334,333
14141,0.11518340787423789,0.009214431562009429,0.008499787661857343,20,0.8333333333333334,333
14151,0.11514997340778155,0.00921179555661989,0.008497220405001574,20,0.8333333333333334,333
14161,0.11511765195738484,0.009209027140253734,0.008494650617988287,20,0.8333333333333334,333
14171,0.11507976880771513,0.009206136301534294,0.008492086727539103,20,0.8333333333333334,333
14181,0.1150446862647836,0.009203286701918735,0.00848951871248833,20,0.8333333333333334,333
14191,0.11501161654072017,0.009200655777473449,0.008486959252187393,20,0.8333333333333334,333
14201,0.11497617888350752,0.00919784499769567,0.008484396900775914,20,0.8333333333333334,333
14211,0.1149394578393158,0.009194768668135121,0.008481835716755938,20,0.8333333333333334,333
14221,0.11490247409734332,0.009191915617443671,0.008479280714548502,20,0.8333333333333334,333
14231,0.11486337615813585,0.00918876896182791,0.008476725309209924,20,0.8333333333333334,333
14241,0.11482849788890717,0.009186036285840499,0.008474176820464413,20,0.8333333333333334,333
14251,0.11479341391477421,0.009183115304802479,0.008471627352922086,20,0.8333333333333334,333
14261,0.11476021027147487,0.009180502230632439,0.008469080815892429,20,0.8333333333333334,333
14271,0.11472608392801048,0.009177805746755143,0.008466534734817434,20,0.8333333333333334,333
14281,0.11469246486388125,0.009175121234682738,0.008463991471862197,20,0.8333333333333334,333
14291,0.11465465765922483,0.00917214446838491,0.008461452382079888,20,0.8333333333333334,333
14301,0.11462128157690679,0.009169355876953318,0.008458916357647719,20,0.8333333333333334,333
14311,0.11458461455202862,0.009166503501782573,0.00845638025434047,20,0.8333333333333334,333
14321,0.11455219043457296,0.009163914545221231,0.008453853931127634,20,0.8333333333333334,333
14331,0.1145180188714928,0.009161133709683496,0.008451322950599029,20,0.8333333333333334,333
14341,0.11448234130083323,0.00915831291565796,0.008448794621938836,20,0.8333333333333334,333
14351,0.11444823434441165,0.009155565707859385,0.008446269941125475,20,0.8333333333333334,333
14361,0.11441386376142132,0.009152788003542007,0.008443749468768432,20,0.8333333333333334,333
14371,0.11438011493352307,0.009150149718550974,0.008441226890213639,20,0.8333333333333334,334
14381,0.11434739864494346,0.009147443093370755,0.008438698109908193,20,0.8333333333333334,334
14391,0.11431276872844937,0.00914477662280983,0.008436176899852746,20,0.8333333333333334,334
14401,0.11427499565858906,0.009141679763288748,0.008433648854970862,20,0.8333333333333334,334
14411,0.11424031622607447,0.009138943306684905,0.008431130608503121,20,0.8333333333333334,334
14421,0.11420807603991681,0.009136345556693678,0.008428616321436908,20,0.8333333333333334,334
14431,0.11417686110855434,0.00913395652362808,0.008426105447536133,20,0.8333333333333334,334
14441,0.11414578984082002,0.009131456921514097,0.008423596470950171,20,0.8333333333333334,334
14451,0.1141146862497404,0.00912889386987658,0.008421089200719678,20,0.8333333333333334,334
14461,0.11407840270424947,0.009126024216579636,0.008418581581645821,20,0.8333333333333334,334
14471,0.11404233024600366,0.009123091919051562,0.008416072716781188,20,0.8333333333333334,334
14481,0.11400810293679463,0.009120344668499461,0.008413568598400397,20,0.8333333333333334,334
14491,0.11397285762094363,0.009117618646525969,0.008411070193976076,20,0.8333333333333334,334
14501,0.11394230793763986,0.009115193493738061,0.008408578392889887,20,0.8333333333333334,334
14511,0.11390951282310904,0.00911252347895429,0.008406082802490862,20,0.8333333333333334,334
14521,0.11387715419687217,0.00910986519671325,0.008403593004542473,20,0.8333333333333334,334
14531,0.11384058141622902,0.009107037305491167,0.008401100417701717,20,0.8333333333333334,334
14541,0.11380770286844542,0.009104374696191962,0.00839861680576379,20,0.8333333333333334,334
14551,0.11377543389067661,0.009101774828129147,0.008396133594279685,20,0.8333333333333334,334
14561,0.11374435253423013,0.009099256083640912,0.008393651603592055,20,0.8333333333333334,334
14571,0.11370924376395045,0.009096498615739905,0.008391172658443283,20,0.8333333333333334,334
14581,0.11367486283617557,0.009093702089092352,0.008388693837236916,20,0.8333333333333334,334
14591,0.11364195915284228,0.009091144031385915,0.008386221846032577,20,0.8333333333333334,334
14601,0.11361070202787812,0.009088611304352465,0.008383748637799154,20,0.8333333333333334,334
14611,0.11358126039548541,0.009086214626454628,0.008381280444437507,20,0.8333333333333334,334
14621,0.11354821008571037,0.00908362620241356,0.008378812049237091,20,0.8333333333333334,334
14631,0.11351680247843433,0.009081035457636158,0.008376348215884373,20,0.8333333333333334,334
14641,0.11348265930550665,0.009078396363879797,0.008373886314085364,20,0.8333333333333334,334
14651,0.11345073291548638,0.009075814843755012,0.008371425364689546,20,0.8333333333333334,334
14661,0.11341791520008615,0.009073203431791025,0.008368963682400206,20,0.8333333333333334,334
14671,0.11338707847166937,0.009070704546134985,0.00836650847719437,20,0.8333333333333334,334
14681,0.11335380171904338,0.009068047231633592,0.008364055254769737,20,0.8333333333333334,334
14691,0.11332261794943226,0.00906557566686683,0.008361604951765387,20,0.8333333333333334,334
14701,0.1132903730592515,0.009063000861502071,0.008359151449752125,20,0.8333333333333334,334
14711,0.11325849981353804,0.009060496956954978,0.00835670524038489,20,0.8333333333333334,334
14721,0.11322551143547513,0.009057798624181114,0.00835425952884782,20,0.8333333333333334,334
14731,0.11319112551712973,0.009055025143960076,0.008351813516822243,20,0.8333333333333334,334
14741,0.11315865431600614,0.009052441372437093,0.008349370478593287,20,0.8333333333333334,334
14751,0.11312473027075279,0.009049723123542979,0.0083469278821821,20,0.8333333333333334,334
14761,0.11309021148115739,0.009046993742890964,0.008344490293754565,20,0.8333333333333334,334
14771,0.11306050366581763,0.009044512634921122,0.008342055106042455,20,0.8333333333333334,334
14781,0.11302758020750044,0.009041997264202961,0.00833962183642985,20,0.8333333333333334,334
14791,0.11299667403588297,0.00903945680713943,0.008337191188594365,20,0.8333333333333334,334
14801,0.11296148204927123,0.009036623562915319,0.008334763928502938,20,0.8333333333333334,334
14811,0.11292836455865231,0.009033969897867377,0.008332337747493495,20,0.8333333333333334,334
14821,0.11289482413888077,0.00903126882035514,0.008329912850358027,20,0.8333333333333334,334
14831,0.11286205013522009,0.009028715073865828,0.008327495094209046,20,0.8333333333333334,334
14841,0.11283021010178426,0.00902617713302945,0.008325155450655887,19,0.7916666666666666,318
14851,0.1127995275469099,0.009023704658221297,0.008323000862839111,17,0.7083333333333334,284
14861,0.11277078968353156,0.009021347143887123,0.008320941548124875,17,0.7083333333333334,284
14871,0.11274337158184707,0.009019239645831083,0.008318990984885788,16,0.6666666666666666,268
14881,0.11271715757003832,0.009017192278778776,0.008317056357178812,16,0.6666666666666666,268
14891,0.1126900051520253,0.009014984183042203,0.008315123269017207,16,0.6666666666666666,268
14901,0.11266394216255002,0.009012872290929817,0.008313188527658067,16,0.6666666666666666,268
14911,0.11263733556552309,0.009010806914425984,0.008311255867199658,16,0.6666666666666666,268
14921,0.11261316466386467,0.009008841896309143,0.008309323902632169,16,0.6666666666666666,268
14931,0.11258749369096532,0.009006765908450766,0.008307395883929316,16,0.6666666666666666,268
14941,0.11256200921042123,0.009004754246491234,0.008305471741495788,16,0.6666666666666666,268
14951,0.1125373837449027,0.009002829206896523,0.008303544516811603,16,0.6666666666666666,268
14961,0.11251423199187256,0.009000972686818735,0.008301626496191747,16,0.6666666666666666,268
14971,0.11249075899212632,0.00899909943422167,0.00829970607379613,16,0.6666666666666666,268
14981,0.11246511853162669,0.008996994589736284,0.00829778238808857,16,0.6666666666666666,268
14991,0.1124380981223427,0.008994864431358086,0.00829586275084467,16,0.6666666666666666,268
15001,0.11241310959845183,0.008992816302002313,0.008293941607186632,16,0.6666666666666666,268
15011,0.11238824999144487,0.00899089023513392,0.008292026045852725,16,0.6666666666666666,268
15021,0.11236569558958098,0.008989085988689945,0.008290116395453186,16,0.6666666666666666,268
15031,0.1123393626861182,0.008986970557144027,0.008288200824157158,16,0.6666666666666666,268
15041,0.11231394060345314,0.008984865585924285,0.008286284066169053,16,0.6666666666666666,268
15051,0.1122882579096349,0.00898282451227942,0.008284368871249092,16,0.6666666666666666,268
15061,0.11226476390932796,0.008980985214083002,0.008282462440177394,16,0.6666666666666666,268
15071,0.11223811502491794,0.008978848998794298,0.008280553163218235,16,0.6666666666666666,268
15081,0.11221131904359813,0.00897667435017245,0.008278640966211993,16,0.6666666666666666,268
15091,0.1121853203563493,0.008974559083448182,0.008276733818422635,16,0.6666666666666666,268
15101,0.11215839698741513,0.008972409851304574,0.008274828458826032,16,0.6666666666666666,268
15111,0.11213077281591985,0.008970248908854214,0.008272924506584385,16,0.6666666666666666,268
15121,0.11210172920323883,0.008967952183245396,0.008271017392957917,16,0.6666666666666666,268
15131,0.11207409294956899,0.008965697138851543,0.008269114496633657,16,0.6666666666666666,268
15141,0.11204808213755121,0.008963625290581303,0.008267212806735055,16,0.6666666666666666,268
15151,0.11202336156849121,0.008961722978469087,0.008265316353868927,16,0.6666666666666666,268
15161,0.1119952327950201,0.008959402085879444,0.008263414341634861,16,0.6666666666666666,268
15171,0.11196889231732322,0.008957317084489417,0.008261518247075278,16,0.6666666666666666,268
15181,0.11194372944943554,0.008955335079612894,0.00825962068399942,16,0.6666666666666666,268
15191,0.11191753678083287,0.008953182461124988,0.008257723575917808,16,0.6666666666666666,268
15201,0.11189472330784933,0.008951331082831582,0.008255830879723607,16,0.6666666666666666,268
15211,0.11186873134211797,0.008949278324266917,0.008253940305729708,16,0.6666666666666666,268
15221,0.11184160295011905,0.008947117018939498,0.008252047769987595,16,0.6666666666666666,268
15231,0.1118147697902919,0.00894502768389044,0.008250160292769189,16,0.6666666666666666,268
15241,0.11178889032997273,0.008942873955654494,0.008248273548492646,16,0.6666666666666666,268
15251,0.11176116335226804,0.0089407350072383,0.008246385736722588,16,0.6666666666666666,268
15261,0.11173488361449112,0.008938593258472221,0.008244502355648204,16,0.6666666666666666,268
15271,0.11170791060265074,0.008936466252941375,0.008242619151450893,16,0.6666666666666666,268
15281,0.11168320308464709,0.00893441967146108,0.008240735007233711,16,0.6666666666666666,268
15291,0.11165780106759922,0.008932444588389965,0.008238854705872172,16,0.6666666666666666,268
15301,0.11163351074465254,0.008930492733947642,0.008236979044065862,16,0.6666666666666666,268
15311,0.11160765192311575,0.00892841979170028,0.008235100914664473,16,0.6666666666666666,268
15321,0.11158295852870584,0.008926479402165588,0.008233226530792585,16,0.6666666666666666,268
15331,0.11155664486330655,0.008924304575625541,0.00823134791212554,16,0.6666666666666666,268
15341,0.11153133204907778,0.008922336422027971,0.008229471898219437,16,0.6666666666666666,268
15351,0.11150603705068678,0.008920282426139271,0.008227597486507436,16,0.6666666666666666,268
15361,0.1114800519056366,0.008918260390891136,0.008225729213608262,16,0.6666666666666666,268
15371,0.11145560925602506,0.008916248483872067,0.0082238600821214,16,0.6666666666666666,268
15381,0.11143091131882925,0.008914285837383061,0.008221994293091789,16,0.6666666666666666,268
15391,0.11140563257158911,0.008912198461735986,0.008220127695212374,16,0.6666666666666666,268
15401,0.11137999147553114,0.00891022120330865,0.008218261498552972,16,0.6666666666666666,268
15411,0.11135588817067488,0.008908245305590435,0.008216398748374357,16,0.6666666666666666,268
15421,0.11133196374224172,0.008906344516555486,0.008214539297590648,16,0.6666666666666666,268
15431,0.1113072423242848,0.008904375620135088,0.008212677400596148,16,0.6666666666666666,268
15441,0.11128004676889348,0.008902152478527717,0.008210814026081101,16,0.6666666666666666,268
15451,0.11125487405457214,0.008900199442829864,0.008208955199065825,16,0.6666666666666666,268
15461,0.11123047610178548,0.008898265040405197,0.00820709868821072,16,0.6666666666666666,268
15471,0.11120285235567468,0.008896020692415678,0.008205238407808546,16,0.6666666666666666,268
15481,0.1111795698098471,0.008894210062441251,0.008203386050346217,16,0.6666666666666666,268
15491,0.11115419772531178,0.008892154504570817,0.008201532310766953,16,0.6666666666666666,268
15501,0.11112895145245509,0.008890096106492955,0.008199678484671865,16,0.6666666666666666,268
15511,0.11110517797233697,0.00888823748330169,0.008197830021462882,16,0.6666666666666666,268
15521,0.11107851224437028,0.00888608712575887,0.008195978905939651,16,0.6666666666666666,268
15531,0.11105299639534547,0.00888402016822873,0.008194130824032943,16,0.6666666666666666,268
15541,0.11102825156198959,0.008882019225250939,0.008192279823709545,16,0.6666666666666666,268
15551,0.1110022878930338,0.008880028277372888,0.00819043163699104,16,0.6666666666666666,268
15561,0.1109772022114108,0.008878008644593762,0.0081885827181468,16,0.6666666666666666,268
15571,0.1109512755616099,0.008875938926501452,0.008186738114397624,16,0.6666666666666666,268
15581,0.11092810242550061,0.008874046574395143,0.008184898722057868,16,0.6666666666666666,268
15591,0.11090440841233151,0.008872146900169709,0.008183057508241845,16,0.6666666666666666,268
15601,0.11087890933864133,0.00887008998621917,0.008181216125959423,16,0.6666666666666666,268
15611,0.11085332142554054,0.008868077357896856,0.008179375677639595,16,0.6666666666666666,268
15621,0.11082892826995425,0.008866083256779242,0.008177539535002108,16,0.6666666666666666,268
15631,0.11080503271830085,0.008864158942700427,0.008175700320388625,16,0.6666666666666666,268
15641,0.11077955106363917,0.00886215048668158,0.008173863802019317,16,0.6666666666666666,268
15651,0.11075462122434113,0.008860160517495712,0.008172030517961773,16,0.6666666666666666,268
15661,0.11073098865944432,0.008858274316791046,0.008170203381640371,16,0.6666666666666666,268
15671,0.11070689209610957,0.00885630409896638,0.008168367653623993,16,0.6666666666666666,269
15681,0.11068116086862909,0.008854301159543788,0.008166530918935313,16,0.6666666666666666,269
15691,0.11065741724402749,0.008852380511034407,0.008164695739707035,16,0.6666666666666666,269
15701,0.11063358305156215,0.008850473917882325,0.008162863910028614,16,0.6666666666666666,269
15711,0.11061018996931415,0.008848602610852272,0.00816103438521587,16,0.6666666666666666,269
15721,0.1105865997754716,0.008846711287248432,0.008159201900642813,16,0.6666666666666666,269
15731,0.11056084904128713,0.008844634402360104,0.008157372604376578,16,0.6666666666666666,269
15741,0.11053479868629607,0.008842618426396638,0.008155542440797423,16,0.6666666666666666,269
15751,0.11051035733196758,0.008840620834392928,0.008153711866225374,16,0.6666666666666666,269
15761,0.1104833905794583,0.008838467887947319,0.008151880435925539,16,0.6666666666666666,269
15771,0.11045866693537237,0.008836528239727524,0.008150054331996769,16,0.6666666666666666,269
15781,0.1104341719979391,0.008834560296971808,0.008148231314921999,16,0.6666666666666666,269
15791,0.11040837267706524,0.00883244151866976,0.008146405553990568,16,0.6666666666666666,269
15801,0.11038296172262645,0.0088304510507005,0.00814458406962138,16,0.6666666666666666,269
15811,0.11035820218846946,0.008828415536673377,0.008142765656813409,16,0.6666666666666666,269
15821,0.11033140319296271,0.008826301327046347,0.008140943599055832,16,0.6666666666666666,269
15831,0.11030583637271581,0.00882422662556541,0.008139126320911648,16,0.6666666666666666,269
15841,0.11028070919726998,0.008822279807384963,0.008137311947923498,16,0.6666666666666666,269
15851,0.1102555997756188,0.008820271178630336,0.008135494890995132,16,0.6666666666666666,269
15861,0.11023150720718083,0.008818343893015215,0.00813368389424601,16,0.6666666666666666,269
15871,0.11020690546829999,0.008816359061458497,0.008131868855712017,16,0.6666666666666666,269
15881,0.11018300343884586,0.008814438627520543,0.008130057362843118,16,0.6666666666666666,269
15891,0.11015749067909114,0.008812414542941875,0.008128246056650463,16,0.6666666666666666,269
15901,0.11013110479306723,0.008810291225156353,0.00812643517007375,16,0.6666666666666666,269
15911,0.11010772535512349,0.008808441959792511,0.008124630340181347,16,0.6666666666666666,269
15921,0.11008258082755654,0.008806405388376723,0.008122825362705957,16,0.6666666666666666,269
15931,0.11005724479562048,0.008804349347672803,0.008121020616695219,16,0.6666666666666666,269
15941,0.1100333387389837,0.008802483032966161,0.008119216197068806,16,0.6666666666666666,269
15951,0.11000991911407103,0.008800592862870361,0.008117414909879916,16,0.6666666666666666,269
15961,0.10998609715943573,0.008798683063720255,0.008115613896104422,16,0.6666666666666666,269
15971,0.10996161276110002,0.008796787074415705,0.008113817165824542,16,0.6666666666666666,269
15981,0.10993797970243237,0.008794934072690412,0.00811202056737258,16,0.6666666666666666,269
15991,0.10991592597148053,0.008793090620365037,0.008110224906927485,16,0.6666666666666666,269
16001,0.10989180251131292,0.008791144202467953,0.008108428973359763,16,0.6666666666666666,269
16011,0.10986988161181922,0.008789344851656304,0.008106635523025799,16,0.6666666666666666,269
16021,0.10984506125728288,0.008787480064816462,0.008104838677587134,16,0.6666666666666666,269
16031,0.10982280538674452,0.008785645613856731,0.008103049625827335,16,0.6666666666666666,269
16041,0.1097974465992574,0.008783567174272311,0.008101257893706275,16,0.6666666666666666,269
16051,0.10977262506648654,0.008781664661946966,0.00809946695548214,16,0.6666666666666666,269
16061,0.10974922154479543,0.008779742679010131,0.008097676846541571,16,0.6666666666666666,269
16071,0.10972422646378092,0.008777759797624251,0.008095888000481765,16,0.6666666666666666,269
16081,0.10970189104405692,0.008775944067302753,0.00809410299854119,16,0.6666666666666666,269
16091,0.10967749885769787,0.008773959705014774,0.008092317574680047,16,0.6666666666666666,269
16101,0.10965436514398276,0.008772146412344937,0.008090537549147249,16,0.6666666666666666,269
16111,0.10962969552434948,0.00877024329246177,0.008088754384375818,16,0.6666666666666666,269
16121,0.1096061280832603,0.00876831665508126,0.008086970748478568,16,0.6666666666666666,269
16131,0.10958206004741274,0.008766366549436425,0.008085190549544841,16,0.6666666666666666,269
16141,0.10955924671526426,0.008764545738400499,0.008083412299259943,16,0.6666666666666666,269
16151,0.10953732471169428,0.008762763224176861,0.00808163663802421,16,0.6666666666666666,269
16161,0.10951273669069278,0.008760825191876818,0.008079857209351232,16,0.6666666666666666,269
16171,0.10948744488857722,0.008758843177868092,0.008078082950501523,16,0.6666666666666666,269
16181,0.10946376635885777,0.008756895485040923,0.008076311106835099,16,0.6666666666666666,269
16191,0.10943917810568747,0.00875494502208387,0.00807454115807092,16,0.6666666666666666,269
16201,0.10941424728236006,0.008752950689947948,0.008072767498863648,16,0.6666666666666666,269
16211,0.10939215839862443,0.008751187805681756,0.008070998476382277,16,0.6666666666666666,269
16221,0.10936720947373521,0.008749208442925425,0.008069228973135717,16,0.6666666666666666,269
16231,0.10934207307477166,0.008747193548828847,0.008067458782923871,16,0.6666666666666666,269
16241,0.10931808197909795,0.008745278477854678,0.008065692216595878,16,0.6666666666666666,269
16251,0.1092939535787393,0.008743344224325243,0.008063925290524583,16,0.6666666666666666,269
16261,0.10926897172483345,0.00874136626651597,0.008062158896483552,16,0.6666666666666666,269
16271,0.10924421213400771,0.008739311971646504,0.008060393956554415,16,0.6666666666666666,269
16281,0.10922197404438663,0.008737582124742769,0.008058637505037646,16,0.6666666666666666,269
16291,0.10919883068253643,0.008735706258288983,0.00805687943325949,16,0.6666666666666666,269
16301,0.10917452865965474,0.008733782648115985,0.008055120588513985,16,0.6666666666666666,269
16311,0.10915284460068814,0.008732056194479748,0.008053366256127297,16,0.6666666666666666,269
16321,0.10912903305042242,0.008730065761549548,0.00805160778061549,16,0.6666666666666666,269
16331,0.10910172316232018,0.008727983025479965,0.00804984795367437,16,0.6666666666666666,269
16341,0.10907921864263444,0.008726158332956981,0.008048093431511907,16,0.6666666666666666,269
16351,0.1090540327080718,0.008724111036816352,0.00804633849466665,16,0.6666666666666666,269
16361,0.10902916976769719,0.008722130282867571,0.00804458387632199,16,0.6666666666666666,269
16371,0.10900412124689911,0.008720154986725208,0.008042832544671573,16,0.6666666666666666,269
16381,0.10897995340442541,0.008718237920237041,0.008041082745303038,16,0.6666666666666666,269
16391,0.10895747599533068,0.008716403310685848,0.008039333504465144,16,0.6666666666666666,269
16401,0.10893121139217217,0.008714221199023216,0.008037580761843586,16,0.6666666666666666,269
16411,0.10890420672803008,0.008712113705014108,0.008035830263802723,16,0.6666666666666666,269
16421,0.10888167652511307,0.008710347870804441,0.008034084814095335,16,0.6666666666666666,269
16431,0.10885648009163396,0.008708287785305163,0.008032338139202379,16,0.6666666666666666,269
16441,0.10883302017148558,0.008706447534281857,0.008030595081608381,16,0.6666666666666666,269
16451,0.10880740409215738,0.008704390309198905,0.008028855589707833,16,0.6666666666666666,269
16461,0.1087844816983389,0.008702576837684288,0.008027207840045162,15,0.625,253
16471,0.10876344062638037,0.008700938048330551,0.008025574450791887,15,0.625,253
16481,0.10874054695369965,0.008699070350830042,0.008023937408578576,15,0.625,253
16491,0.1087204894656176,0.008697413458214308,0.008022304301562313,15,0.625,253
16501,0.10869898326245206,0.008695785739201463,0.008020672035233541,14,0.5833333333333334,253
16511,0.10868061020093543,0.008694344144204016,0.008019304955034572,12,0.5,202
16521,0.10866370543264964,0.008692951575309875,0.008018001574149964,12,0.5,202
16531,0.10864655744489504,0.008691571763632317,0.008016700112529519,12,0.5,202
16541,0.10862765913037167,0.008690031843790892,0.008015397592681989,12,0.5,202
16551,0.10860912255991055,0.008688601241192744,0.008014096525033494,12,0.5,202
16561,0.10859159971027144,0.008687191446566484,0.00801279649669288,12,0.5,202
16571,0.10857378460525272,0.0086857261734024,0.008011497204453627,12,0.5,202
16581,0.10855597856625437,0.008684353928228708,0.008010199110359946,12,0.5,202
16591,0.108537930988485,0.008682874102138432,0.008008901103325083,12,0.5,202
16601,0.10851914132513868,0.008681334951039493,0.00800760188015654,12,0.5,202
16611,0.10850206401725294,0.008680000903635814,0.008006305500982564,12,0.5,202
16621,0.10848289328527536,0.00867848334713027,0.008005005603236415,12,0.5,202
16631,0.10846643386572352,0.008677178666722227,0.008003711516596923,12,0.5,202
16641,0.10844943227064467,0.008675834602150542,0.008002417507563035,12,0.5,202
16651,0.10843193926342307,0.008674391252434093,0.00800112175886499,12,0.5,202
16661,0.10841500438082527,0.008673088479709039,0.007999829021699451,12,0.5,202
16671,0.10839697949950307,0.008671626580760695,0.007998533951941535,12,0.5,202
16681,0.10837846499953607,0.008670177419567113,0.007997243167412496,12,0.5,202
16691,0.10836110721480388,0.00866875294414556,0.007995952410835519,12,0.5,202
16701,0.10834311011968689,0.008667293311220094,0.007994659090133898,12,0.5,202
16711,0.10832586952829813,0.008665902185528198,0.007993369898740681,12,0.5,202
16721,0.10830619775321064,0.008664384297517426,0.007992074824920354,12,0.5,202
16731,0.10828862703697525,0.008662922964714024,0.007990783542187777,12,0.5,202
16741,0.1082708164746349,0.008661526056501685,0.007989497043910642,12,0.5,202
16751,0.10825172250805838,0.008659998615367549,0.007988207912873295,12,0.5,202
16761,0.10823422888108639,0.008658579321914866,0.00798691952643325,12,0.5,202
16771,0.10821604878402097,0.008657124996999785,0.007985632524912458,12,0.5,202
16781,0.10819792779286845,0.008655695252660968,0.007984344602362132,12,0.5,202
16791,0.10818070916733621,0.008654325768310617,0.007983057389450992,12,0.5,202
16801,0.10816399489184446,0.008652945056313099,0.007981776676770908,12,0.5,202
16811,0.10814659477133853,0.008651557098383321,0.007980491612217673,12,0.5,202
16821,0.10812984730610635,0.008650260973139997,0.007979210075523402,12,0.5,202
16831,0.10811092938115807,0.008648688199402718,0.007977924077472099,12,0.5,202
16841,0.10809419904529534,0.008647353820535879,0.007976642998903117,12,0.5,203
16851,0.10807584451961284,0.00864590929380023,0.007975357655267164,12,0.5,203
16861,0.10805646156199461,0.008644382471633426,0.00797407186721043,12,0.5,203
16871,0.10803926327793505,0.00864301458023334,0.007972784386934129,12,0.5,203
16881,0.10802113520586629,0.008641540697917064,0.007971496953260332,12,0.5,203
16891,0.10800336206776315,0.008640142613789014,0.007970210624641002,12,0.5,203
16901,0.10798431539108178,0.00863862684127107,0.007968928121331742,12,0.5,203
16911,0.10796587077713973,0.00863708428499945,0.007967643795659127,12,0.5,203
16921,0.10794718954661865,0.00863563324781861,0.007966360223890696,12,0.5,203
16931,0.10792920786569504,0.008634186906754313,0.007965077952787265,12,0.5,203
16941,0.10791251539385519,0.008632890961819715,0.007963796672956503,12,0.5,203
16951,0.10789435481454963,0.0086314342369805,0.00796251614221446,12,0.5,203
16961,0.10787654795691617,0.008630005812770054,0.007961236566785518,12,0.5,203
16971,0.10785791463363335,0.008628444436230663,0.007959952651737054,12,0.5,203
16981,0.10783992992364924,0.008627041125494265,0.007958673387604856,12,0.5,203
16991,0.10782175811451082,0.008625559966449297,0.007957393318486682,12,0.5,203
17001,0.10780506806967172,0.008624295516210941,0.007956120479262105,12,0.5,203
17011,0.10778784645968988,0.008622890373851591,0.007954839922713083,12,0.5,203
17021,0.10776989797188007,0.008621446721869408,0.00795356044604436,12,0.5,203
17031,0.1077520567580116,0.008620066538898569,0.007952282530199412,12,0.5,203
17041,0.10773427368241664,0.008618593009579753,0.00795100806718558,12,0.5,203
17051,0.10771537384234374,0.008617061524524931,0.007949729977891262,12,0.5,203
17061,0.10769579936632193,0.008615538710801767,0.007948456442999713,12,0.5,203
17071,0.10767887634463257,0.008614165371653527,0.007947181615378383,12,0.5,203
17081,0.1076644053933983,0.008612999935814207,0.007945913968169122,12,0.5,203
17091,0.10764842591670269,0.00861166693311311,0.007944644477122327,12,0.5,203
17101,0.10763196546866154,0.008610440042033337,0.007943375494061744,12,0.5,203
17111,0.10761443903976081,0.008609010655844474,0.007942103212190545,12,0.5,203
17121,0.10759789714024436,0.00860764834746076,0.007940833798661067,12,0.5,203
17131,0.10758029039674138,0.008606298409558686,0.007939566086203432,12,0.5,203
17141,0.1075624001810576,0.008604898445620486,0.007938297203223187,12,0.5,203
17151,0.10754554210758907,0.008603526464889894,0.007937026600593778,12,0.5,203
17161,0.10752742638486198,0.008602050005592232,0.00793575707394966,12,0.5,203
17171,0.10750985539182535,0.008600648291865697,0.007934487573436361,12,0.5,203
17181,0.10749098015491851,0.00859913834924178,0.007933219750402756,12,0.5,203
17191,0.1074743026164348,0.008597792547589184,0.007931955617674367,12,0.5,203
17201,0.10745777886704837,0.00859649015405037,0.007930691314118101,12,0.5,203
17211,0.10744145725650601,0.008595168947536922,0.007929428333858674,12,0.5,203
17221,0.10742359002994196,0.008593743528550066,0.00792816548276886,12,0.5,203
17231,0.10740762414423848,0.00859247796752247,0.007926904621285223,12,0.5,203
17241,0.10738919246392403,0.008591015140783207,0.007925641422789238,12,0.5,203
17251,0.10737207919317673,0.008589626752471385,0.007924379798877248,12,0.5,203
17261,0.10735434462078562,0.008588219683889757,0.007923119406481252,12,0.5,203
17271,0.10733690964282118,0.008586848189890478,0.007921859249770295,12,0.5,203
17281,0.10731962862987952,0.008585446404246012,0.007920597544365063,12,0.5,203
17291,0.10730225950716998,0.008584049197819526,0.007919334983530322,12,0.5,203
17301,0.10728659123906117,0.008582757119761022,0.007918076266563994,12,0.5,203
17311,0.10726894875852867,0.008581384464613763,0.007916818276482612,12,0.5,203
17321,0.10725339217861471,0.008580120677745398,0.007915561601847724,12,0.5,203
17331,0.1072357183525641,0.008578714572577183,0.007914304900679129,12,0.5,203
17341,0.10721921163065262,0.008577421123894702,0.007913049327184096,12,0.5,203
17351,0.10720044602136035,0.00857585049414921,0.007911789213586677,12,0.5,203
17361,0.10718361870782382,0.008574535247949322,0.00791053482310616,12,0.5,203
17371,0.10716617324553349,0.008573178230743168,0.00790927805995426,12,0.5,203
17381,0.10714801426736972,0.008571717868903846,0.007908025159080314,12,0.5,203
17391,0.10713015360903583,0.00857030063057022,0.007906770654204007,12,0.5,203
17401,0.10711465939160633,0.00856904959787313,0.007905519233563975,12,0.5,203
17411,0.10709681597653438,0.00856760680247081,0.007904266519085166,12,0.5,203
17421,0.10707878954900049,0.008566199360761651,0.007903017665839389,12,0.5,203
17431,0.10706106073106413,0.00856473884130855,0.007901764839760659,12,0.5,203
17441,0.10704530942554262,0.008563463440748716,0.007900516034822174,12,0.5,203
17451,0.10702836559414491,0.008562069625771482,0.007899267436684503,12,0.5,203
17461,0.10700965545286252,0.008560649656981669,0.007898016489717151,12,0.5,203
17471,0.10699397553867937,0.008559422164944758,0.007896770640056517,12,0.5,203
17481,0.10697787149088343,0.008558095553471194,0.007895521885895368,12,0.5,203
17491,0.10696345133283854,0.008556945828548955,0.007894277699316431,12,0.5,203
17501,0.1069465955404378,0.008555612747867185,0.0078930313828353,12,0.5,203
17511,0.10692883883642547,0.008554192270726645,0.00789178635569545,12,0.5,203
17521,0.1069130999759748,0.00855286052042606,0.007890539136925437,12,0.5,203
17531,0.10689440447394327,0.008551433812466536,0.007889292740936629,12,0.5,203
17541,0.10687786908523855,0.008550084283483094,0.007888048692367972,12,0.5,203
17551,0.10686239227311088,0.008548872946519329,0.00788680608505851,12,0.5,203
17561,0.10684510850181743,0.00854747503030213,0.007885562749601248,12,0.5,203
17571,0.10682792882018453,0.00854610072243823,0.007884320166877316,12,0.5,203
17581,0.10681132993922929,0.008544772876353265,0.007883079030469945,12,0.5,203
17591,0.1067953110245376,0.008543499051220363,0.007881835253916367,12,0.5,203
17601,0.10677863257918681,0.008542149592124872,0.007880594393070232,12,0.5,203
17611,0.10676096224800377,0.008540716992385872,0.007879355305609482,12,0.5,203
17621,0.10674349135652152,0.008539319402287634,0.00787811263225024,12,0.5,203
17631,0.10672574392404195,0.008537971990240027,0.00787687400805572,12,0.5,203
17641,0.10670962215926104,0.00853661763075962,0.007875635445948732,12,0.5,203
17651,0.10669079922084226,0.008535142290012813,0.007874394794484834,12,0.5,203
17661,0.10667426635263294,0.008533846316208578,0.007873157736010395,12,0.5,203
17671,0.1066586434488584,0.008532535761527165,0.007871920758525523,12,0.5,203
17681,0.1066430276423052,0.008531343509507757,0.00787068680993279,12,0.5,203
17691,0.10662708690425877,0.008530022763841167,0.007869450742682233,12,0.5,203
17701,0.10661120096696966,0.008528789881573127,0.007868216548902832,12,0.5,203
17711,0.10659446940052648,0.008527383174645504,0.007866983842302016,12,0.5,203
17721,0.10657684608231571,0.008525999919993048,0.00786575053324355,12,0.5,203
17731,0.10655913712554954,0.008524609787573816,0.007864516240645417,12,0.5,203
17741,0.10654247820973299,0.008523269563027278,0.007863284030450233,12,0.5,203
17751,0.10652639488141098,0.008521971607306177,0.007862052320327259,12,0.5,203
17761,0.10651046089635706,0.008520761239336778,0.007860824798534956,12,0.5,203
17771,0.10649614080619428,0.008519517385709306,0.007859595283912002,12,0.5,203
17781,0.10647908737268065,0.008518221201820298,0.00785836603934362,12,0.5,203
17791,0.10646251445511537,0.00851683122406984,0.007857136057212501,12,0.5,203
17801,0.10644571362889398,0.008515532533242652,0.007855909304272353,12,0.5,203
17811,0.10642797786575085,0.008514113736572881,0.007854679531968235,12,0.5,203
17821,0.10641260800065795,0.008512876661690882,0.007853455453283347,12,0.5,203
17831,0.10639592582176095,0.008511553458245637,0.007852227863026093,12,0.5,203
17841,0.10637807451417584,0.0085101517851191,0.007851001236286159,12,0.5,203
17851,0.10636493925118774,0.00850905581413333,0.007849780791854647,12,0.5,203
17861,0.10634837434066091,0.008507764561678467,0.007848555379401767,12,0.5,203
17871,0.10633115908395148,0.00850636106153318,0.007847328954267338,12,0.5,203
17881,0.10631625558768301,0.008505180119514722,0.007846110234973993,12,0.5,203
17891,0.1063004658954917,0.00850392075800072,0.007844886230180537,12,0.5,203
17901,0.10628252335470646,0.008502459120676919,0.007843660723272783,12,0.5,203
17911,0.10626562275178639,0.008501107142861002,0.007842439843493003,12,0.5,203
17921,0.1062487773961402,0.008499793359272452,0.007841220246283443,12,0.5,203
17931,0.10623076813344677,0.008498322669294423,0.007839995450436591,12,0.5,203
17941,0.1062132838263676,0.008496912749096525,0.007838777063220182,12,0.5,203
17951,0.10619711996027402,0.00849565718138987,0.0078375578444987,12,0.5,203
17961,0.10618087008706682,0.008494387207663646,0.00783633927354184,12,0.5,203
17971,0.10616659342630179,0.008493151515669008,0.007835120118039203,12,0.5,203
17981,0.10614909509047679,0.008491807865776958,0.00783390257030626,12,0.5,203
17991,0.10613249398305372,0.008490442435299545,0.007832686514618449,12,0.5,203
18001,0.10611445233994371,0.00848902161477977,0.007831467314342325,12,0.5,203
18011,0.10609791473966347,0.008487709880512659,0.007830250502598836,12,0.5,203
18021,0.106080404814837,0.00848627927520684,0.007829032132632535,12,0.5,203
18031,0.10606229731381224,0.008484868079533924,0.007827815224120639,12,0.5,203
18041,0.10604340666887041,0.008483360622167344,0.007826595937457546,12,0.5,203
18051,0.10602844149755243,0.008482163457456796,0.007825384704402414,12,0.5,203
18061,0.10601124663679048,0.00848074320372486,0.0078241682894885,12,0.5,203
18071,0.10599447949826632,0.00847940190944357,0.007822956623486942,12,0.5,203
18081,0.10597832562527587,0.008478150628443759,0.00782174653330178,12,0.5,203
18091,0.1059619002699941,0.008476832934111033,0.007820537028377995,12,0.5,203
18101,0.10594394843766483,0.008475385691793888,0.00781932218821732,12,0.5,204
18111,0.10592679604939859,0.008474009848555035,0.007818103603463198,12,0.5,204
18121,0.10591141736046795,0.008472827920644382,0.007816889965463458,12,0.5,204
18131,0.10589381703372713,0.008471375370513914,0.007815674093091111,12,0.5,204
18141,0.10587738587250373,0.008470079501183092,0.00781446065813273,12,0.5,204
18151,0.1058618902761085,0.008468806509504836,0.007813247973072325,12,0.5,204
18161,0.10584496450951235,0.00846747848055948,0.00781203448814862,12,0.5,204
18171,0.10582888122143527,0.00846621040815759,0.007810822054429761,12,0.5,204
18181,0.10581382449785595,0.008464950335265764,0.007809609314011735,12,0.5,204
18191,0.10579794107020178,0.008463713065366762,0.007808398190468846,12,0.5,204
18201,0.1057827591704038,0.00846249116397676,0.007807188348809048,12,0.5,204
18211,0.10576809284115259,0.008461280910516969,0.0078059786090632285,12,0.5,204
18221,0.10575269304835945,0.008460097084380287,0.007804768989676437,12,0.5,204
18231,0.10573540547673124,0.008458717835452519,0.007803559250111777,12,0.5,204
18241,0.10572043616401829,0.008457501865032973,0.007802351816983897,12,0.5,204
18251,0.10570418065703739,0.00845620518130197,0.007801143109786749,12,0.5,204
18261,0.1056871945524432,0.008454824208250876,0.007799936790458907,12,0.5,204
18271,0.10567132389348156,0.008453565695423325,0.007798730622249212,12,0.5,204
18281,0.1056562443936953,0.008452377838414378,0.0077975271249797464,12,0.5,204
18291,0.10564006556897265,0.00845106147169845,0.007796318936179641,12,0.5,204
18301,0.10562384836786032,0.008449782587417343,0.007795115523430797,12,0.5,204
18311,0.10560800720022576,0.008448496937527208,0.007793912285336287,12,0.5,204
18321,0.1055915751758939,0.008447189807248736,0.0077927072500173535,12,0.5,204
18331,0.10557524307144739,0.008445927457491264,0.007791501575080327,12,0.5,204
18341,0.10556158533077148,0.008444816485265537,0.007790303648955293,12,0.5,204
18351,0.10554522165761042,0.00844348906355268,0.007789101460541365,12,0.5,204
18361,0.10552859026004234,0.008442180660982337,0.007787900209662311,12,0.5,204
18371,0.10551265563923343,0.00844086186938791,0.007786700368293217,12,0.5,204
18381,0.10549571894194727,0.008439510679384627,0.007785499993462365,12,0.5,204
18391,0.10547911173096661,0.008438193181257348,0.007784298774234731,12,0.5,204
18401,0.10546210004715852,0.008436839648857226,0.007783099635812581,12,0.5,204
18411,0.10544569252795197,0.008435534440131566,0.007781899914812064,12,0.5,204
18421,0.10542878915317075,0.008434207875720948,0.007780700559748916,12,0.5,204
18431,0.10541505276644551,0.008433054071323024,0.007779504856857608,12,0.5,204
18441,0.10539917126973061,0.008431823886263588,0.007778306125929425,12,0.5,204
18451,0.1053826568974161,0.008430513765849225,0.007777108479568932,12,0.5,204
18461,0.10536601341256198,0.00842912382601465,0.007775910877372537,12,0.5,204
18471,0.10534965222336876,0.00842781866166656,0.007774711806618092,12,0.5,204
18481,0.10533343592036115,0.008426547003945205,0.007773514989732322,12,0.5,204
18491,0.10531809466406972,0.008425319761215237,0.007772322977786922,12,0.5,204
18501,0.10530180217285172,0.00842402372312486,0.00777113069582062,12,0.5,204
18511,0.10528679444608585,0.008422804916666023,0.007769939133328088,12,0.5,204
18521,0.10527252273672878,0.008421688765712004,0.0077687499240186,12,0.5,204
18531,0.10525761908524946,0.0084205001684478,0.007767557786917515,12,0.5,204
18541,0.10524162887031942,0.008419188211597806,0.007766365321639675,12,0.5,204
18551,0.10522514542985179,0.00841789509723607,0.007765173555702286,12,0.5,204
18561,0.10520894300523093,0.008416638998878699,0.007763984643145987,12,0.5,204
18571,0.10519279379861567,0.008415303439634515,0.007762794802831668,12,0.5,204
18581,0.10517801605526571,0.008414121272490626,0.007761607200531474,12,0.5,204
18591,0.10515960972498031,0.008412659735251618,0.0077604146763295655,12,0.5,204
18601,0.10514362023958297,0.00841137699488465,0.007759225800726748,12,0.5,204
18611,0.10512695741363282,0.008410022237184301,0.007758036277469755,12,0.5,204
18621,0.10511071110448278,0.008408748002851461,0.007756849597283409,12,0.5,204
18631,0.10509442723458512,0.008407430834828079,0.007755663929906371,12,0.5,204
18641,0.10507996428908346,0.008406281104118481,0.007754481779282486,12,0.5,204
18651,0.10506491850066609,0.008405099239858832,0.00775329791873742,12,0.5,204
18661,0.10505033228194025,0.008403881661439183,0.007752114683780946,12,0.5,204
18671,0.10503615977281201,0.00840274792136105,0.007750931135515507,12,0.5,204
18681,0.10501968546369031,0.008401459004489669,0.007749746591136118,12,0.5,204
18691,0.1050035357528639,0.008400167082879934,0.007748563816721809,12,0.5,204
18701,0.10498766497554626,0.008398854080105253,0.007747381534497436,12,0.5,204
18711,0.10497171127041179,0.008397617618557725,0.007746199934427305,12,0.5,204
18721,0.10495653285898737,0.008396385334520522,0.007745019878802414,12,0.5,204
18731,0.10493932986034335,0.00839503805320307,0.007743837970149642,12,0.5,204
18741,0.10492348916832916,0.008393738363948822,0.007742658726455341,12,0.5,204
18751,0.10490643825568349,0.008392399614948287,0.007741479962156434,12,0.5,204
18761,0.10489110879785414,0.008391198552489548,0.007740303626743442,12,0.5,204
18771,0.1048767324769809,0.008390026858475187,0.007739126429527218,12,0.5,204
18781,0.104861371444098,0.008388787218254954,0.00773794892464965,12,0.5,204
18791,0.10484556722942283,0.008387540943887375,0.007736769386352825,12,0.5,204
18801,0.1048304903253445,0.008386280845999424,0.007735594116416608,12,0.5,204
18811,0.10481470054440269,0.00838501773752596,0.007734418425898643,12,0.5,204
18821,0.10479797412742806,0.00838374802697794,0.007733253016650076,11,0.4583333333333333,187
18831,0.10478498539434372,0.008382712557586523,0.007732177693651611,11,0.4583333333333333,187
18841,0.10477132789441168,0.008381634365463742,0.007731159973803497,10,0.4166666666666667,170
18851,0.10475659836322739,0.008380420117654457,0.007730179165625601,10,0.4166666666666667,170
18861,0.1047436255322118,0.008379375152053305,0.0077292881101011296,9,0.375,153
18871,0.1047329457661421,0.008378556698515989,0.007728496137597963,8,0.3333333333333333,136
18881,0.10472253848901941,0.008377691848357832,0.007727712635964428,8,0.3333333333333333,136
18891,0.10471186539165062,0.008376848796400625,0.007726930672388694,8,0.3333333333333333,136
18901,0.10470056814280314,0.0083759737358174,0.00772614878899457,8,0.3333333333333333,136
18911,0.10468954352290309,0.00837508462053848,0.0077253689471681805,8,0.3333333333333333,136
18921,0.10467928400325728,0.008374235215397506,0.007724588965493539,8,0.3333333333333333,136
18931,0.10466840067468881,0.008373375330612422,0.007723808015795676,8,0.3333333333333333,136
18941,0.10465689414210348,0.008372469165273497,0.0077230251813318225,8,0.3333333333333333,136
18951,0.1046453020341872,0.008371545404793958,0.007722244198622603,8,0.3333333333333333,136
18961,0.1046344296623926,0.00837065774699298,0.007721462678126473,8,0.3333333333333333,136
18971,0.10462320303133224,0.00836976680365053,0.007720683026950385,8,0.3333333333333333,136
18981,0.10461184602108742,0.008368847544100298,0.007719901942069192,8,0.3333333333333333,136
18991,0.10460143133922875,0.008368050152430606,0.007719124371427186,8,0.3333333333333333,136
19001,0.10459026036462402,0.008367152921751282,0.007718343073557292,8,0.3333333333333333,136
19011,0.10458025431477741,0.008366345311989517,0.007717563921364892,8,0.3333333333333333,136
19021,0.1045693582465408,0.008365430789467812,0.007716784682973675,8,0.3333333333333333,136
19031,0.10455793009155692,0.008364555853223366,0.0077160072564220914,8,0.3333333333333333,136
19041,0.10454927227333312,0.008363866817618824,0.007715229949765039,8,0.3333333333333333,136
19051,0.10453874308018443,0.008363056622830014,0.007714452598739462,8,0.3333333333333333,136
19061,0.10452910907456818,0.008362207428930556,0.0077136747274151,8,0.3333333333333333,136
19071,0.10451840785394029,0.00836141199837726,0.007712897189323639,8,0.3333333333333333,136
19081,0.10450726436274449,0.008360499147736658,0.00771211855604181,8,0.3333333333333333,136
19091,0.10449634731691472,0.008359607990385154,0.007711340308297086,8,0.3333333333333333,136
19101,0.10448449852953884,0.008358656559714609,0.0077105623030499434,8,0.3333333333333333,136
19111,0.10447314364214018,0.008357762449915958,0.007709786479252071,8,0.3333333333333333,136
19121,0.10446375092352518,0.008357018178482849,0.007709011232153724,8,0.3333333333333333,136
19131,0.10445391586103281,0.008356252754940221,0.0077082358030627985,8,0.3333333333333333,136
19141,0.10444234887649899,0.00835529895006963,0.00770745970285432,8,0.3333333333333333,136
19151,0.10443269793522637,0.008354526900269369,0.007706685172617173,8,0.3333333333333333,136
19161,0.10442211621269236,0.008353673278021329,0.007705910639431807,8,0.3333333333333333,136
19171,0.10441140449614164,0.00835284125681602,0.007705135376295841,8,0.3333333333333333,136
19181,0.10440131815421712,0.008351998830690776,0.007704360605223631,8,0.3333333333333333,136
19191,0.10439119042149744,0.008351202855857437,0.0077035850278137676,8,0.3333333333333333,136
19201,0.10438057734174025,0.008350389356978318,0.007702812371905326,8,0.3333333333333333,136
19211,0.10436965691406562,0.008349451829237105,0.007702037472108021,8,0.3333333333333333,136
19221,0.1043586512897156,0.008348599814622257,0.007701263090970614,8,0.3333333333333333,136
19231,0.10434720571066104,0.008347687747991283,0.007700489255403673,8,0.3333333333333333,136
19241,0.10433589704586985,0.008346768896257347,0.007699715630236632,8,0.3333333333333333,136
19251,0.1043256116810847,0.0083459496445349,0.007698941481346228,8,0.3333333333333333,136
19261,0.10431382284855925,0.008345042020584675,0.007698166811958995,8,0.3333333333333333,136
19271,0.10430500608574976,0.00834432960854319,0.007697396399847294,8,0.3333333333333333,136
19281,0.10429486302331277,0.008343525270539887,0.007696624299303082,8,0.3333333333333333,136
19291,0.10428432456756782,0.008342678672373788,0.007695852836842248,8,0.3333333333333333,136
19301,0.1042729485156482,0.008341765070499474,0.007695081977472769,8,0.3333333333333333,136
19311,0.1042625939020602,0.008340936723226436,0.00769431034405123,8,0.3333333333333333,136
19321,0.1042510482881024,0.008340009560245368,0.007693536611634102,8,0.3333333333333333,136
19331,0.1042402140598388,0.00833911808677933,0.007692764055929551,8,0.3333333333333333,136
19341,0.10423031153610157,0.008338315306195504,0.007691994287130768,8,0.3333333333333333,136
19351,0.10422080962617745,0.008337562254311853,0.007691224780726538,8,0.3333333333333333,136
19361,0.10421073611774818,0.008336798811506573,0.007690454747077173,8,0.3333333333333333,136
19371,0.10420075395404554,0.008336000256262988,0.007689684991018116,8,0.3333333333333333,136
19381,0.10419117210133642,0.008335187810905255,0.007688916186027422,8,0.3333333333333333,136
19391,0.10418062197935976,0.008334389734282254,0.007688148529714343,8,0.3333333333333333,136
19401,0.10417047227120686,0.008333560127224767,0.007687378940681669,8,0.3333333333333333,136
19411,0.10416054617687492,0.008332790763326853,0.007686610913242499,8,0.3333333333333333,136
19421,0.10414943243429063,0.008331859351548336,0.007685840031066812,8,0.3333333333333333,136
19431,0.10413774933144926,0.008330938841444417,0.0076850689067458,8,0.3333333333333333,136
19441,0.10412800917339608,0.008330173753294519,0.007684300431823127,8,0.3333333333333333,136
19451,0.10411717051095667,0.008329299633714645,0.007683531073833057,8,0.3333333333333333,136
19461,0.10410681977248423,0.008328453982442993,0.007682760433283105,8,0.3333333333333333,137
19471,0.10409656027668242,0.00832763677269951,0.007681986760649073,8,0.3333333333333333,137
19481,0.10408709614212598,0.008326865583100633,0.007681214033846702,8,0.3333333333333333,137
19491,0.10407635868320857,0.008326045336934937,0.00768044147704176,8,0.3333333333333333,137
19501,0.10406566864501364,0.008325084594833656,0.007679666792702287,8,0.3333333333333333,137
19511,0.10405353100424503,0.008324183991581054,0.00767889480063843,8,0.3333333333333333,137
19521,0.10404319988001937,0.008323378629907563,0.007678122445749307,8,0.3333333333333333,137
19531,0.1040335310728916,0.008322594601695448,0.007677351467909218,8,0.3333333333333333,137
19541,0.10402333789563828,0.008321810802568663,0.007676582129788207,8,0.3333333333333333,137
19551,0.10401183035979542,0.008320872653681219,0.007675809982601319,8,0.3333333333333333,137
19561,0.10400278522293795,0.008320138526344103,0.007675040199751299,8,0.3333333333333333,137
19571,0.10399396198011569,0.008319446733803025,0.007674270207605461,8,0.3333333333333333,137
19581,0.10398417572625453,0.008318663853994882,0.007673499583285036,8,0.3333333333333333,137
19591,0.10397338344156645,0.008317775930731706,0.007672727569517157,8,0.3333333333333333,137
19601,0.10396259463130743,0.008316961967003806,0.007671959390564487,8,0.3333333333333333,137
19611,0.10395211614547015,0.008316092141067292,0.007671187426375305,8,0.3333333333333333,137
19621,0.10394225445596883,0.00831529271134835,0.007670418508706759,8,0.3333333333333333,137
19631,0.10393331569923958,0.008314595158312479,0.0076696506907690575,8,0.3333333333333333,137
19641,0.10392297775944728,0.008313750626045929,0.007668880819576967,8,0.3333333333333333,137
19651,0.10391216138260022,0.00831290986249166,0.007668111101466643,8,0.3333333333333333,137
19661,0.1039016548877271,0.008312055356580937,0.007667342701888298,8,0.3333333333333333,137
19671,0.1038920268288297,0.008311299136084277,0.007666573762138877,8,0.3333333333333333,137
19681,0.10388187660110744,0.008310483637500385,0.007665804489948994,8,0.3333333333333333,137
19691,0.10387216676327385,0.008309699872869666,0.007665037502664759,8,0.3333333333333333,137
19701,0.10386066731014648,0.008308776444617173,0.007664268482430817,8,0.3333333333333333,137
19711,0.10384965252733544,0.008307916263872015,0.007663499894223418,8,0.3333333333333333,137
19721,0.10383942775922335,0.008307038884481989,0.007662731289857182,8,0.3333333333333333,137
19731,0.10382868201100058,0.00830617576781131,0.007661961958076718,8,0.3333333333333333,137
19741,0.10381841998514899,0.008305424698378444,0.007661196396719648,8,0.3333333333333333,137
19751,0.10380794286554802,0.008304558610163415,0.007660427948051395,8,0.3333333333333333,137
19761,0.10379838535574613,0.008303801012787186,0.007659662191952073,8,0.3333333333333333,137
19771,0.10378861246168591,0.008303036650303667,0.007658895708581839,8,0.3333333333333333,137
19781,0.1037781882800245,0.008302146914198961,0.007658127446812738,8,0.3333333333333333,137
19791,0.10376680825993695,0.008301281885893602,0.007657360907657865,8,0.3333333333333333,137
19801,0.10375756756774601,0.008300556593857545,0.00765659806730432,8,0.3333333333333333,137
19811,0.10374715305584403,0.008299671167273976,0.007655831570900189,8,0.3333333333333333,137
19821,0.10373656756684703,0.008298862687187566,0.0076550658032199835,8,0.3333333333333333,137
19831,0.10372672563331306,0.008298019619130188,0.007654301223740393,8,0.3333333333333333,137
19841,0.10371592896843923,0.00829721163801952,0.007653535739520364,8,0.3333333333333333,137
19851,0.10370574498897334,0.00829637605229338,0.0076527720440958845,8,0.3333333333333333,137
19861,0.10369482459571744,0.00829547112897211,0.007652005183753014,8,0.3333333333333333,137
19871,0.10368612564065573,0.008294785679413039,0.007651244080810692,8,0.3333333333333333,137
19881,0.10367642897484979,0.008293971718876681,0.007650480613993974,8,0.3333333333333333,137
19891,0.103666083169983,0.00829321363668952,0.007649716918661872,8,0.3333333333333333,137
19901,0.10365626196660685,0.008292462721368181,0.007648955556277642,8,0.3333333333333333,137
19911,0.10364648708691569,0.00829165294268556,0.0076481923500310535,8,0.3333333333333333,137
19921,0.10363628082081579,0.008290826040015619,0.007647429241185704,8,0.3333333333333333,137
19931,0.10362573038581148,0.008289988974852914,0.007646667670244001,8,0.3333333333333333,137
19941,0.1036154870618188,0.008289173001924754,0.00764590695064821,8,0.3333333333333333,137
19951,0.10360498657588955,0.008288315630825539,0.007645142211213963,8,0.3333333333333333,137
19961,0.10359314494838788,0.008287319759691283,0.007644377836139139,8,0.3333333333333333,137
19971,0.10358273819405255,0.008286532347492891,0.007643616904124635,8,0.3333333333333333,137
19981,0.10357272475570133,0.00828577290545013,0.007642856597501953,8,0.3333333333333333,137
19991,0.10356301762242713,0.008284954752967866,0.007642094842649221,8,0.3333333333333333,137
20001,0.10355158069533278,0.008284053688640654,0.0076413332262023695,8,0.3333333333333333,137
20011,0.10354192301002459,0.008283267238725679,0.007640573372949492,8,0.3333333333333333,137
20021,0.10353131576952067,0.008282467168411736,0.0076398132737503085,8,0.3333333333333333,137
20031,0.10352153412002786,0.008281656951969307,0.007639054114724286,8,0.3333333333333333,137
20041,0.10351184186254095,0.008280822755270216,0.007638294863465262,8,0.3333333333333333,137
20051,0.10350210916970921,0.00828009953430811,0.0076375349016704125,8,0.3333333333333333,137
20061,0.10349289816938595,0.00827933846075243,0.007636777562713473,8,0.3333333333333333,137
20071,0.10348338712953292,0.008278553398677918,0.0076360187006173875,8,0.3333333333333333,137
20081,0.10347158856327339,0.008277595728229548,0.00763525751197655,8,0.3333333333333333,137
20091,0.10345983736479702,0.008276697144421386,0.007634498089156905,8,0.3333333333333333,137
20101,0.10344873801379148,0.0082758230437155,0.007633738503467383,8,0.3333333333333333,137
20111,0.10343807402488078,0.00827499066862296,0.007632981770815616,8,0.3333333333333333,137
20121,0.1034279744439153,0.008274144744360728,0.0076322225950623416,8,0.3333333333333333,137
20131,0.10341766221743834,0.008273350855484838,0.007631465617040791,8,0.3333333333333333,137
20141,0.10340752569014992,0.008272502001055969,0.0076307068070877,8,0.3333333333333333,137
20151,0.10339687487479901,0.008271687906805172,0.007629951339119305,8,0.3333333333333333,137
20161,0.10338661536488376,0.008270836133628993,0.007629192708558041,8,0.3333333333333333,137
20171,0.10337510950477319,0.008269957058079444,0.007628434567044612,8,0.3333333333333333,137
20181,0.10336442597163933,0.008269085163651418,0.007627676219169932,8,0.3333333333333333,137
20191,0.1033552959891534,0.008268306558357603,0.007626919196194071,8,0.3333333333333333,137
20201,0.10334457576069292,0.008267493744221617,0.007626162289274769,8,0.3333333333333333,137
20211,0.1033348917736644,0.00826672248888472,0.007625406834884802,8,0.3333333333333333,137
20221,0.10332508153812742,0.008265930807144122,0.007624651066369378,8,0.3333333333333333,137
20231,0.10331548923392077,0.008265135920018877,0.007623896354362864,8,0.3333333333333333,137
20241,0.10330508277345493,0.008264327511912539,0.007623141631952673,8,0.3333333333333333,137
20251,0.10329571114233002,0.008263598435033433,0.007622390275812079,8,0.3333333333333333,137
20261,0.1032855686795179,0.008262756118278475,0.007621633925099435,8,0.3333333333333333,137
20271,0.10327499973945749,0.008261893449535635,0.007620878542291976,8,0.3333333333333333,137
20281,0.10326370413576502,0.008261010448692596,0.007620122515169123,8,0.3333333333333333,137
20291,0.10325241236412924,0.008260127740570063,0.007619367763243137,8,0.3333333333333333,137
20301,0.10324151063847986,0.008259197264074147,0.007618613270927602,8,0.3333333333333333,137
20311,0.10322923974028694,0.008258260249309356,0.007617857163216513,8,0.3333333333333333,137
20321,0.10321843136931641,0.008257378452473714,0.007617102721012073,8,0.3333333333333333,137
20331,0.10320925558825957,0.008256689001675232,0.007616352803960082,8,0.3333333333333333,137
20341,0.10319802513309818,0.008255725441895217,0.00761559849723483,8,0.3333333333333333,137
20351,0.10318778386352165,0.008254913030947917,0.007614846027362277,8,0.3333333333333333,137
20361,0.10317643216642505,0.008254015211232925,0.0076140933942310295,8,0.3333333333333333,137
20371,0.10316534123180786,0.008253131394670925,0.007613341311944702,8,0.3333333333333333,137
20381,0.1031548104092772,0.008252319775343738,0.00761258796964949,8,0.3333333333333333,137
20391,0.10314338438743097,0.008251412561669268,0.007611834733069505,8,0.3333333333333333,137
20401,0.10313457148790936,0.008250690435402205,0.007611085987478121,8,0.3333333333333333,137
20411,0.10312443526471753,0.008249896665011854,0.007610335163097223,8,0.3333333333333333,137
20421,0.10311592664539833,0.008249212570315927,0.0076095852059807545,8,0.3333333333333333,137
20431,0.10310630897013054,0.00824840898388651,0.007608833192332497,8,0.3333333333333333,137
20441,0.1030954977519848,0.008247537281806924,0.007608082059015176,8,0.3333333333333333,137
20451,0.10308473276131189,0.008246679532540688,0.0076073309724420815,8,0.3333333333333333,137
20461,0.10307401395469692,0.00824585621693623,0.007606583167539594,8,0.3333333333333333,137
20471,0.10306449377169835,0.008245067303114896,0.007605834647312616,8,0.3333333333333333,137
20481,0.10305403752214673,0.008244241073076553,0.007605084071533382,8,0.3333333333333333,137
20491,0.10304251811950617,0.008243357086591905,0.007604334286347137,8,0.3333333333333333,137
20501,0.1030326658008922,0.00824256209127911,0.007603584453439445,8,0.3333333333333333,137
20511,0.10302311482790946,0.008241726408503253,0.007602834692893409,8,0.3333333333333333,137
20521,0.1030128846900332,0.008240976223431468,0.00760208808907212,8,0.3333333333333333,137
20531,0.10300176299161702,0.008240062647773602,0.007601337922342039,8,0.3333333333333333,137
20541,0.10299136906347633,0.008239227750852273,0.007600589888137911,8,0.3333333333333333,137
20551,0.10298046745576403,0.008238304558254613,0.00759983931296655,8,0.3333333333333333,137
20561,0.10296969711781707,0.008237507668539507,0.00759909140129826,8,0.3333333333333333,137
20571,0.10295982383147194,0.008236704209971834,0.0075983443728852365,8,0.3333333333333333,137
20581,0.10294816692175772,0.00823576147758204,0.007597595569032017,8,0.3333333333333333,137
20591,0.10293800237603212,0.008234934735220512,0.0075968482973744105,8,0.3333333333333333,137
20601,0.10292813851419344,0.008234155859712758,0.007596102676657962,8,0.3333333333333333,137
20611,0.10291721515885478,0.008233299020610641,0.0075953558087814566,8,0.3333333333333333,137
20621,0.1029077398303712,0.00823251042912143,0.007594609887430257,8,0.3333333333333333,137
20631,0.1028961012033621,0.008231613351372898,0.007593861227679456,8,0.3333333333333333,137
20641,0.10288476384120375,0.008230702991663355,0.007593112377922314,8,0.3333333333333333,137
20651,0.10287385475902108,0.008229813315012735,0.007592365523410028,8,0.3333333333333333,137
20661,0.10286396752475745,0.008229018970486043,0.007591618011341225,8,0.3333333333333333,137
20671,0.10285285321110439,0.008228129858385192,0.007590873541744596,8,0.3333333333333333,137
20681,0.10284242102476275,0.008227319057993336,0.007590127279726814,8,0.3333333333333333,137
20691,0.10283224644494293,0.008226545805750886,0.007589382776856934,8,0.3333333333333333,137
20701,0.1028214393749406,0.008225603285634273,0.007588636991085567,8,0.3333333333333333,137
20711,0.10281118651165368,0.008224820367235595,0.007587893121888072,8,0.3333333333333333,137
20721,0.1028010638624114,0.008224024128988454,0.0075871482098991,8,0.3333333333333333,137
20731,0.10278899696190673,0.008223045253164484,0.007586401730067647,8,0.3333333333333333,137
20741,0.10277913500564165,0.00822224277695074,0.007585658029886165,8,0.3333333333333333,137
20751,0.1027696567503654,0.008221471003766172,0.007584914254730794,8,0.3333333333333333,137
20761,0.10276064645994418,0.008220777276740305,0.00758417055265388,8,0.3333333333333333,137
20771,0.10275053923910644,0.008219999164991488,0.00758342786628505,8,0.3333333333333333,137
20781,0.1027409423489949,0.00821915703197633,0.007582684009813399,8,0.3333333333333333,137
20791,0.1027314750154644,0.008218443626721613,0.00758194329502964,8,0.3333333333333333,137
20801,0.10272015158252952,0.008217534398062394,0.007581201233316331,8,0.3333333333333333,137
20811,0.1027113659148613,0.008216804536965949,0.007580461885163869,8,0.3333333333333333,137
20821,0.10270211813953384,0.008216051233917382,0.007579718115822312,8,0.3333333333333333,137
20831,0.10269105798400344,0.008215210354945218,0.0075789754143114,8,0.3333333333333333,137
20841,0.10268143612227607,0.008214427125606534,0.007578235959371929,8,0.3333333333333333,137
20851,0.10267156396140198,0.00821366437490984,0.0075774966821392864,8,0.3333333333333333,137
20861,0.1026624116398143,0.008212888349752949,0.007576754371744759,8,0.3333333333333333,137
20871,0.10265119611715086,0.008212008005358231,0.007576012165132492,8,0.3333333333333333,137
20881,0.10264145940443162,0.008211252694143427,0.007575271083127759,8,0.3333333333333333,137
20891,0.10263180981982198,0.008210487486986339,0.007574529787601412,8,0.3333333333333333,137
20901,0.10262380575017534,0.008209806739738333,0.007573790598681996,8,0.3333333333333333,137
20911,0.10261344546261648,0.008209001527271767,0.007573049875107208,8,0.3333333333333333,137
20921,0.10260393033414841,0.00820823697070572,0.0075723105463074945,8,0.3333333333333333,137
20931,0.10259530172195515,0.008207543335213235,0.007571571240902602,8,0.3333333333333333,137
20941,0.10258330958600258,0.008206600821190846,0.0075708301440198965,8,0.3333333333333333,137
20951,0.10257325637468882,0.008205806677241074,0.00757009100794151,8,0.3333333333333333,137
20961,0.10256404711935314,0.008205053133987818,0.007569353668236534,8,0.3333333333333333,137
20971,0.10255618553860363,0.008204427587079066,0.0075686178936838,8,0.3333333333333333,137
20981,0.10254437566169768,0.00820349626721134,0.0075678784298520525,8,0.3333333333333333,137
20991,0.1025347543620486,0.00820271313654733,0.007567140945247732,8,0.3333333333333333,137
21001,0.1025256398191401,0.008201977272354175,0.007566402942904132,8,0.3333333333333333,137
21011,0.10251501635918049,0.008201130777880088,0.007565664656984484,8,0.3333333333333333,137
21021,0.10250422843506848,0.008200267766974786,0.0075649264614853435,8,0.3333333333333333,137
21031,0.10249566776487024,0.00819956279209538,0.007564190470811416,8,0.3333333333333333,137
21041,0.10248580895720946,0.008198767403384632,0.007563452427689661,8,0.3333333333333333,137
21051,0.10247373068488295,0.008197821303283566,0.007562714001997117,8,0.3333333333333333,137
21061,0.10246299814935171,0.008196959372234202,0.007561976643765132,8,0.3333333333333333,137
21071,0.10245302337268751,0.008196141300934845,0.007561238597456926,8,0.3333333333333333,137
21081,0.10244330295999404,0.008195343590120767,0.007560502584445395,8,0.3333333333333333,137
21091,0.10243153335961067,0.008194408765146412,0.007559763742512206,8,0.3333333333333333,137
21101,0.1024213587595011,0.008193618275352949,0.00755902798874634,8,0.3333333333333333,137
21111,0.10241051767800786,0.008192747670593697,0.007558291557470957,8,0.3333333333333333,137
21121,0.10240009852684238,0.008191914168085564,0.007557554430261817,8,0.3333333333333333,137
21131,0.10239039368225832,0.0081911478457514,0.007556820724668425,8,0.3333333333333333,137
21141,0.1023806916905657,0.008190371711003163,0.007556085671561424,8,0.3333333333333333,137
21151,0.102370114751629,0.008189538958100135,0.007555350370155172,8,0.3333333333333333,137
21161,0.10236054408095392,0.008188736553255896,0.007554614227654264,8,0.3333333333333333,137
21171,0.10235147749118956,0.0081880279651546,0.007553881775370507,8,0.3333333333333333,137
21181,0.10234228809972716,0.008187296179988165,0.007553149679651459,8,0.3333333333333333,137
21191,0.10233214097353778,0.008186491116606706,0.007552413845945461,8,0.3333333333333333,137
21201,0.10232233087729611,0.008185746401160342,0.007551683063074716,8,0.3333333333333333,137
21211,0.10231289923848082,0.008184961838736671,0.0075509494547960935,8,0.3333333333333333,137
21221,0.10230280286269187,0.00818413746495808,0.007550216005618807,8,0.3333333333333333,137
21231,0.10229337680651343,0.008183386741335098,0.007549484369906605,8,0.3333333333333333,137
21241,0.1022827444466843,0.00818256952964145,0.007548752507416011,8,0.3333333333333333,137
21251,0.10227419934886792,0.00818183592260073,0.007548022559154244,8,0.3333333333333333,137
21261,0.10226498979690889,0.00818111585234893,0.0075472924211456875,8,0.3333333333333333,137
21271,0.10225586612680339,0.008180382649523673,0.007546562034651694,8,0.3333333333333333,137
21281,0.1022462036229877,0.008179629662490737,0.0075458305870671595,8,0.3333333333333333,137
21291,0.10223671047328083,0.008178850247584132,0.007545100052185613,8,0.3333333333333333,137
21301,0.10222684549185904,0.008178074392397304,0.007544369243441454,8,0.3333333333333333,137
21311,0.10221502805261612,0.008177099070192467,0.007543632267684072,8,0.3333333333333333,137
21321,0.10220508637827934,0.008176353674719132,0.007542902678181699,8,0.3333333333333333,137
21331,0.1021937340766513,0.008175422226743586,0.007542168657979954,8,0.3333333333333333,137
21341,0.10218313381115597,0.008174557605461265,0.007541437695079284,8,0.3333333333333333,137
21351,0.10217282780462184,0.008173773040936309,0.007540706985906173,8,0.3333333333333333,137
21361,0.10216364653969005,0.00817300532473119,0.007539977560704102,8,0.3333333333333333,137
21371,0.10215355425649064,0.008172224544239262,0.0075392484030045335,8,0.3333333333333333,137
21381,0.10214483502124047,0.008171510415812608,0.00753851976027655,8,0.3333333333333333,137
21391,0.10213549554509573,0.00817073671843702,0.00753779134706908,8,0.3333333333333333,137
21401,0.10212466507100179,0.008169896866577611,0.007537061914686598,8,0.3333333333333333,137
21411,0.10211533131451586,0.008169150187701752,0.007536333942824135,8,0.3333333333333333,137
21421,0.10210467332760712,0.008168294256431605,0.007535604262469183,8,0.3333333333333333,137
21431,0.10209505507306728,0.008167518187230195,0.007534877307442844,8,0.3333333333333333,137
21441,0.10208353345204943,0.008166613062210079,0.007534146461732338,8,0.3333333333333333,137
21451,0.102072637213571,0.008165721503403252,0.0075334160378696495,8,0.3333333333333333,137
21461,0.10206178599247778,0.008164846809847496,0.007532688665838171,8,0.3333333333333333,137
21471,0.10205234585683422,0.00816411149702836,0.007531962893266465,8,0.3333333333333333,137
21481,0.10204203932894214,0.008163280377228665,0.007531235797750381,8,0.3333333333333333,137
21491,0.10203053625670021,0.008162386636954878,0.007530506846365057,8,0.3333333333333333,137
21501,0.10202077421516578,0.008161589147358863,0.0075297779247911105,8,0.3333333333333333,137
21511,0.10201076699456965,0.008160791899438604,0.00752904939462378,8,0.3333333333333333,137
21521,0.10200101081925277,0.008159991586493867,0.007528321490244794,8,0.3333333333333333,137
21531,0.10199183604180002,0.008159280768878499,0.007527596505378021,8,0.3333333333333333,137
21541,0.10198274644524241,0.008158543705146631,0.0075268733482998255,8,0.3333333333333333,137
21551,0.1019729572821213,0.008157760594729467,0.00752614740792168,8,0.3333333333333333,137
21561,0.1019630884615304,0.008156964506343354,0.0075254215226159965,8,0.3333333333333333,137
21571,0.10195334642422399,0.00815617856425441,0.0075246956859748955,8,0.3333333333333333,137
21581,0.10194311214006782,0.008155392857049196,0.007523971354038369,8,0.3333333333333333,137
21591,0.10193345851951467,0.008154643682785099,0.007523246806411616,8,0.3333333333333333,137
21601,0.10192471495247334,0.008153881526351327,0.007522523136417553,8,0.3333333333333333,137
21611,0.1019148606074848,0.008153093207444301,0.007521797930454078,8,0.3333333333333333,137
21621,0.10190467951507978,0.008152305124932676,0.007521075237724706,8,0.3333333333333333,137
21631,0.10189581999870986,0.008151573310166528,0.007520352440749689,8,0.3333333333333333,137
21641,0.10188490341669053,0.008150706604100631,0.0075196264885251385,8,0.3333333333333333,137
21651,0.10187580217336256,0.008149968646380191,0.007518906680599243,8,0.3333333333333333,137
21661,0.1018657566708091,0.008149201258467891,0.0075181820901611025,8,0.3333333333333333,137
21671,0.10185629036255235,0.0081483978821777,0.007517459613455226,8,0.3333333333333333,137
21681,0.10184620968763268,0.008147584878510439,0.00751673521326312,8,0.3333333333333333,137
21691,0.10183493945547994,0.008146693167987249,0.007516009226600339,8,0.3333333333333333,138
21701,0.10182630430485323,0.00814601553887992,0.0075152840410136834,8,0.3333333333333333,138
21711,0.10181635613836554,0.008145249305005377,0.007514557490317062,8,0.3333333333333333,138
21721,0.10180813678841091,0.008144558899493977,0.0075138325749650224,8,0.3333333333333333,138
21731,0.10179819412668908,0.008143806235611572,0.007513105695395299,8,0.3333333333333333,138
21741,0.10178665291399641,0.008142869815504676,0.007512375350845777,8,0.3333333333333333,138
21751,0.10177700412640613,0.008142081510239721,0.007511648066186175,8,0.3333333333333333,138
21761,0.10176698881278075,0.008141296724808532,0.007510922251997285,8,0.3333333333333333,138
21771,0.10175636114812656,0.008140423557478026,0.007510195136126263,8,0.3333333333333333,138
21781,0.10174606503565466,0.008139622862418745,0.00750946863310517,8,0.3333333333333333,138
21791,0.10173618216765125,0.008138802731496801,0.007508742306374493,8,0.3333333333333333,138
21801,0.10172663019250985,0.008138084507415575,0.007508017039824853,8,0.3333333333333333,138
21811,0.10171749077858325,0.008137340254331424,0.0075072925407365975,8,0.3333333333333333,138
21821,0.10170835391151523,0.008136592935111908,0.007506568284862076,8,0.3333333333333333,138
21831,0.10169958819057558,0.00813590152672548,0.007505844020200283,8,0.3333333333333333,138
21841,0.1016900878131909,0.00813515134184867,0.0075051204627819,8,0.3333333333333333,138
21851,0.10168116324302723,0.008134391548007706,0.007504395666236482,8,0.3333333333333333,138
21861,0.10167089071462312,0.00813360905951563,0.007503670185343547,8,0.3333333333333333,138
21871,0.10166184864330398,0.008132836622145747,0.00750294524767044,8,0.3333333333333333,138
21881,0.1016504371016124,0.0081319597233993,0.0075022218541351895,8,0.3333333333333333,138
21891,0.10163956098010894,0.00813110274019381,0.007501497132254895,8,0.3333333333333333,138
21901,0.10162991451058519,0.008130344118681382,0.007500774434905049,8,0.3333333333333333,138
21911,0.10162100631183817,0.008129615133376398,0.007500052526503777,8,0.3333333333333333,138
21921,0.10161099769446895,0.008128794858796655,0.007499330253918228,8,0.3333333333333333,138
21931,0.1016009513017829,0.008127981373917736,0.007498606838412067,8,0.3333333333333333,138
21941,0.1015909896304837,0.008127187734533654,0.0074978853248797205,8,0.3333333333333333,138
21951,0.10158127583692574,0.008126443303797297,0.007497162461507635,8,0.3333333333333333,138
21961,0.10157172810902361,0.008125646866587245,0.007496439522883969,8,0.3333333333333333,138
21971,0.10156169375524463,0.008124873509768687,0.007495716143817828,8,0.3333333333333333,138
21981,0.10155162170484905,0.008124041671948379,0.0074949931917163565,8,0.3333333333333333,138
21991,0.10154212337961835,0.008123272049564092,0.0074942730324374695,8,0.3333333333333333,138
22001,0.1015320980953082,0.008122463537517348,0.007493551411245932,8,0.3333333333333333,138
22011,0.10152199441216243,0.00812165527506402,0.0074928319774727895,8,0.3333333333333333,138
22021,0.10151221962353257,0.008120899384419523,0.00749210969416873,8,0.3333333333333333,138
22031,0.10150346552091946,0.00812020233393501,0.007491390035410651,8,0.3333333333333333,138
22041,0.10149398116049693,0.008119407792513612,0.0074906685372013865,8,0.3333333333333333,138
22051,0.10148388923875618,0.00811864278590589,0.007489950058717977,8,0.3333333333333333,138
22061,0.10147388177835472,0.00811785197162798,0.007489230464687982,8,0.3333333333333333,138
22071,0.10146460930428272,0.008117090672582455,0.007488509321538997,8,0.3333333333333333,138
22081,0.10145416058723461,0.008116238540695752,0.007487789495693062,8,0.3333333333333333,138
22091,0.10144530008931976,0.008115526475411798,0.007487071132473297,8,0.3333333333333333,138
22101,0.1014361169694409,0.008114811353786763,0.007486352178467677,8,0.3333333333333333,138
22111,0.10142616472996006,0.008113956714872078,0.007485631815994053,8,0.3333333333333333,138
22121,0.10141410423928351,0.008113073123422052,0.007484912033276885,8,0.3333333333333333,138
22131,0.10140456457894585,0.008112296978732341,0.0074841942506504765,8,0.3333333333333333,138
22141,0.10139466251514004,0.008111495096294238,0.007483475159698869,8,0.3333333333333333,138
22151,0.10138427668848868,0.008110673989808342,0.007482755948926237,8,0.3333333333333333,138
22161,0.10137393471170626,0.008109833677485025,0.007482038703926635,8,0.3333333333333333,138
22171,0.10136379869525806,0.008109022821322079,0.007481319174169248,8,0.3333333333333333,138
22181,0.10135484107434874,0.008108335412330796,0.007480604529785787,8,0.3333333333333333,138
22191,0.10134568333155705,0.008107606048608414,0.007479886491724475,8,0.3333333333333333,138
22201,0.10133474602984249,0.008106692200084647,0.007479166706804705,8,0.3333333333333333,138
22211,0.10132510803683042,0.008105934142785962,0.007478451530984351,8,0.3333333333333333,138
22221,0.10131567527690014,0.008105182781662933,0.0074777344140068,8,0.3333333333333333,138
22231,0.10130604290918636,0.00810442516210716,0.00747701811847687,8,0.3333333333333333,138
22241,0.10129706065603503,0.008103680707364433,0.007476300962866862,8,0.3333333333333333,138
22251,0.10128735289080638,0.0081029008758255,0.0074755862567025206,8,0.3333333333333333,138
22261,0.10127785016672422,0.008102166558577243,0.007474870071712768,8,0.3333333333333333,138
22271,0.10126903734619648,0.008101425980715062,0.007474156082715064,8,0.3333333333333333,138
22281,0.10125905505215192,0.008100617729318495,0.007473439616122513,8,0.3333333333333333,138
22291,0.1012481871186065,0.008099738635879263,0.00747272087098366,8,0.3333333333333333,138
22301,0.10123825158062681,0.008098985824225725,0.0074720068579998715,8,0.3333333333333333,138
22311,0.1012298531600134,0.008098323658677443,0.007471294141569353,8,0.3333333333333333,138
22321,0.10122012500006475,0.00809753896773762,0.007470578946054553,8,0.3333333333333333,138
22331,0.10121064182722338,0.008096764195817183,0.0074698651448654235,8,0.3333333333333333,138
22341,0.10120035469327156,0.008095963839712757,0.007469152469016714,8,0.3333333333333333,138
22351,0.10119115953143201,0.008095231470794733,0.0074684392439743315,8,0.3333333333333333,138
22361,0.10118148321323159,0.008094441259142382,0.0074677249021697254,8,0.3333333333333333,138
22371,0.101171608265268,0.008093648062849207,0.0074670103267915336,8,0.3333333333333333,138
22381,0.10116258235731501,0.008092935681514065,0.007466298004618775,8,0.3333333333333333,138
22391,0.10115404228062293,0.008092265382622164,0.0074655876515739225,8,0.3333333333333333,138
22401,0.1011438937774643,0.008091443856914949,0.007464873201787411,8,0.3333333333333333,138
22411,0.10113576114652552,0.008090793263311765,0.007464162696288647,8,0.3333333333333333,138
22421,0.10112674515511466,0.008090084880604777,0.007463452571613505,8,0.3333333333333333,138
22431,0.10111757072399158,0.00808931231886575,0.007462741350564067,8,0.3333333333333333,138
22441,0.10110731290526918,0.008088517463007372,0.0074620297478023775,8,0.3333333333333333,138
22451,0.10109713872966093,0.008087655302318574,0.007461316358900552,8,0.3333333333333333,138
22461,0.10108849518698292,0.008087018515941713,0.007460607430922521,8,0.3333333333333333,138
22471,0.1010794118875741,0.008086266150715456,0.00745989763711129,8,0.3333333333333333,138
22481,0.10107013024633854,0.008085542927349835,0.007459187165862188,8,0.3333333333333333,138
22491,0.10106185534160368,0.00808483596960457,0.0074584777701817255,8,0.3333333333333333,138
22501,0.10105057111689893,0.008083965389731905,0.007457765425894252,8,0.3333333333333333,138
22511,0.10104125754911819,0.008083229960335593,0.007457053497396976,8,0.3333333333333333,138
22521,0.10103126448384848,0.008082443376993025,0.0074563432485138,8,0.3333333333333333,138
22531,0.10102003096351513,0.008081531879516046,0.007455631073722567,8,0.3333333333333333,138
22541,0.10100988400714259,0.008080710521209069,0.0074549804650916075,7,0.2916666666666667,121
22551,0.10100110322590072,0.008080027322767113,0.007454359845710198,7,0.2916666666666667,121
22561,0.10099268552228981,0.008079369953554273,0.007453737155089281,7,0.2916666666666667,121
22571,0.10098491110117683,0.008078738394075358,0.007453116483736348,7,0.2916666666666667,121
22581,0.10097621716977787,0.008078042894116013,0.007452493642115793,7,0.2916666666666667,121
22591,0.10096844668047349,0.00807740845250383,0.007451871391468736,7,0.2916666666666667,121
22601,0.10096055792693395,0.008076793383994982,0.007451249661161141,6,0.25,121
22611,0.10095419225610747,0.008076255318219277,0.007450715722184683,6,0.25,104
22621,0.10094782783023207,0.008075765390768567,0.007450181914115862,6,0.25,104
22631,0.10093934386494913,0.00807508348840326,0.0074496470678357815,6,0.25,104
22641,0.1009319422117099,0.008074513772707905,0.007449113423649455,6,0.25,104
22651,0.10092550214300193,0.008073985776812098,0.007448579897414403,6,0.25,104
22661,0.10091902336034539,0.008073470684046478,0.00744807423863442,5,0.20833333333333334,86
22671,0.10091422509381227,0.008073086830273015,0.007447634893935329,5,0.20833333333333334,86
22681,0.10090838815710701,0.008072603894709741,0.007447194960647024,5,0.20833333333333334,86
22691,0.10090235242693345,0.008072140232979181,0.007446755285998166,5,0.20833333333333334,86
22701,0.10089699715387429,0.008071715015888398,0.007446314513375968,5,0.20833333333333334,86
22711,0.10089156285283041,0.008071273886639113,0.007445874597435076,5,0.20833333333333334,86
22721,0.10088632920070323,0.008070842419515925,0.007445434054705167,5,0.20833333333333334,86
22731,0.1008801777399644,0.008070359900313672,0.00744499196829029,5,0.20833333333333334,86
22741,0.10087466638043685,0.008069934974073973,0.007444630016103759,4,0.16666666666666666,69
22751,0.10087015415111932,0.008069602749276218,0.007444278193399546,4,0.16666666666666666,69
22761,0.10086528324356671,0.008069193915457603,0.007443924390648932,4,0.16666666666666666,69
22771,0.1008609319842781,0.00806883943189726,0.007443571470891822,4,0.16666666666666666,69
22781,0.10085702033999203,0.008068526504580356,0.007443219075569119,4,0.16666666666666666,69
22791,0.1008519518683627,0.008068095492882184,0.0074428656328861115,4,0.16666666666666666,69
22801,0.100846684687959,0.008067706047447823,0.007442512011256214,4,0.16666666666666666,69
22811,0.10084201676414149,0.008067307085965602,0.007442158747200756,4,0.16666666666666666,69
22821,0.10083595345377608,0.008066796504566544,0.0074418038305379,4,0.16666666666666666,69
22831,0.1008301704287202,0.008066362589187621,0.0074414496207597285,4,0.16666666666666666,69
22841,0.10082538525495466,0.008065992542105936,0.007441096693616614,4,0.16666666666666666,69
22851,0.1008209595963811,0.008065657631100873,0.007440744867615566,4,0.16666666666666666,69
22861,0.10081669399140336,0.008065310007212839,0.007440392844725824,4,0.16666666666666666,69
22871,0.10081183108744385,0.008064905036164157,0.007440040065720997,4,0.16666666666666666,69
22881,0.10080680950777104,0.008064528820379445,0.007439688259718648,4,0.16666666666666666,69
22891,0.10080186839321784,0.008064104845811748,0.00743933540240337,4,0.16666666666666666,69
22901,0.10079629061839712,0.008063655444516257,0.007438983522477577,4,0.16666666666666666,69
22911,0.10079178925551562,0.008063304901704498,0.007438631428191618,4,0.16666666666666666,69
22921,0.10078760713209299,0.00806297352288226,0.007438279973862824,4,0.16666666666666666,69
22931,0.1007827485790149,0.008062591215195274,0.007437926455163179,4,0.16666666666666666,69
22941,0.10077836853923128,0.008062237630646249,0.007437574910938576,4,0.16666666666666666,69
22951,0.10077386965866532,0.008061855431187181,0.007437222866263066,4,0.16666666666666666,69
22961,0.10076913257295424,0.008061457366513855,0.0074368707868657695,4,0.16666666666666666,69
22971,0.100765391161624,0.008061189901305334,0.007436520040305035,4,0.16666666666666666,69
22981,0.10076105325609669,0.00806085242496994,0.007436168835182298,4,0.16666666666666666,69
22991,0.10075615888403343,0.008060460880001797,0.00743581733849447,4,0.16666666666666666,69
23001,0.10075202112855922,0.008060117133061652,0.007435465809903522,4,0.16666666666666666,69
23011,0.10074748611753506,0.008059738427514257,0.007435114364982817,4,0.16666666666666666,69
23021,0.10074215630009005,0.008059308870397245,0.007434762231104341,4,0.16666666666666666,69
23031,0.10073650923907032,0.008058882565411473,0.00743441063760122,4,0.16666666666666666,69
23041,0.10073205591174932,0.00805852948514589,0.007434059106707506,4,0.16666666666666666,69
23051,0.10072744418080393,0.008058179633121746,0.00743370750310595,4,0.16666666666666666,69
23061,0.10072323058554057,0.008057826648382277,0.007433357107088549,4,0.16666666666666666,69
23071,0.10071782526405856,0.008057394227957199,0.007433004770400702,4,0.16666666666666666,69
23081,0.10071285793125692,0.00805700320382666,0.0074326531837843384,4,0.16666666666666666,69
23091,0.10070904353559054,0.008056704412059324,0.007432301104634946,4,0.16666666666666666,69
23101,0.10070495150523709,0.008056373873984377,0.007431950346702902,4,0.16666666666666666,69
23111,0.10069986698233936,0.008055951227931723,0.007431598860770714,4,0.16666666666666666,69
23121,0.10069470382882352,0.008055519119629583,0.007431245861607676,4,0.16666666666666666,69
23131,0.1006895414964599,0.008055118848155438,0.007430894571997744,4,0.16666666666666666,69
23141,0.10068529311575013,0.008054791687938923,0.0074305437285988865,4,0.16666666666666666,69
23151,0.10068068802274581,0.008054416933688498,0.007430191266963607,4,0.16666666666666666,69
23161,0.10067663925665314,0.008054105738218553,0.007429840352839345,4,0.16666666666666666,69
23171,0.10067215444860086,0.008053724733335396,0.00742948935987631,4,0.16666666666666666,69
23181,0.10066707506059978,0.008053331087023165,0.007429137619233225,4,0.16666666666666666,69
23191,0.10066159973593182,0.00805288989315218,0.0074287857934886925,4,0.16666666666666666,69
23201,0.10065703767102374,0.008052496373404458,0.00742843399229539,4,0.16666666666666666,69
23211,0.10065192098749683,0.008052112431797981,0.007428082235683098,4,0.16666666666666666,69
23221,0.10064720166150123,0.008051725374610066,0.00742773062658959,4,0.16666666666666666,69
23231,0.10064137285347126,0.008051284453557902,0.007427379745579589,4,0.16666666666666666,69
23241,0.10063717041716035,0.00805092289075487,0.0074270294331581265,4,0.16666666666666666,69
23251,0.10063300816311907,0.008050608942865894,0.007426678780996516,4,0.16666666666666666,69
23261,0.10062916350770615,0.00805028235052154,0.007426329654544796,4,0.16666666666666666,69
23271,0.10062417009953269,0.008049873375358126,0.007425978121097066,4,0.16666666666666666,69
23281,0.10061981140333007,0.008049553214981065,0.007425628117655719,4,0.16666666666666666,69
23291,0.10061450251011125,0.008049112662807776,0.00742527620728075,4,0.16666666666666666,69
23301,0.10060899644194232,0.008048691197292101,0.007424924684391738,4,0.16666666666666666,69
23311,0.10060420415072589,0.008048304650022403,0.0074245748770444845,4,0.16666666666666666,69
23321,0.1005997689419521,0.008047927663491236,0.0074242240383582256,4,0.16666666666666666,69
23331,0.10059497801404593,0.008047560233542169,0.0074238742953664045,4,0.16666666666666666,69
23341,0.10059082117081396,0.00804725302603341,0.007423524238301594,4,0.16666666666666666,69
23351,0.10058654611650453,0.008046876192282996,0.007423174811477443,4,0.16666666666666666,69
23361,0.10058108436723698,0.008046455089924213,0.007422822990721045,4,0.16666666666666666,69
23371,0.10057637533659183,0.008046075206606105,0.007422473753170557,4,0.16666666666666666,69
23381,0.10057115267402993,0.008045654234259276,0.007422123522158653,4,0.16666666666666666,69
23391,0.10056684065498697,0.008045325100474494,0.007421774125693263,4,0.16666666666666666,69
23401,0.10056189638493823,0.008044929562248927,0.007421423512921025,4,0.16666666666666666,69
23411,0.10055722968586273,0.00804455622951124,0.007421073731527655,4,0.16666666666666666,69
23421,0.10055212872411744,0.008044132340548427,0.007420724502237345,4,0.16666666666666666,69
23431,0.10054683090056377,0.008043695870598706,0.007420374774010131,4,0.16666666666666666,69
23441,0.10054161299552732,0.00804327528429303,0.007420024481471436,4,0.16666666666666666,69
23451,0.10053615881105207,0.008042861089276642,0.007419674768079066,4,0.16666666666666666,69
23461,0.10053133776012133,0.008042475409905065,0.007419325387633075,4,0.16666666666666666,69
23471,0.10052718906916477,0.008042121394103832,0.007418975589557429,4,0.16666666666666666,69
23481,0.10052288289463655,0.008041799028912763,0.007418625313757259,4,0.16666666666666666,69
23491,0.10051695790184224,0.008041312396623125,0.007418273556063541,4,0.16666666666666666,69
23501,0.10051257410458098,0.008040968017286178,0.007417925146751834,4,0.16666666666666666,69
23511,0.10050779604621875,0.008040588936977216,0.007417575358993587,4,0.16666666666666666,69
23521,0.10050337400851414,0.008040260445550017,0.007417226145861552,4,0.16666666666666666,69
23531,0.10049891309992787,0.008039884626618546,0.007416876858020157,4,0.16666666666666666,69
23541,0.10049480802769684,0.008039572012055294,0.007416529515386462,4,0.16666666666666666,69
23551,0.10049086133336478,0.008039224706762193,0.007416180918486936,4,0.16666666666666666,69
23561,0.10048565243301306,0.008038817471663254,0.00741583225648368,4,0.16666666666666666,69
23571,0.10048028656314548,0.008038378739571823,0.007415481734989631,4,0.16666666666666666,69
23581,0.10047582883260096,0.008038022127208994,0.007415132229456043,4,0.16666666666666666,69
23591,0.10047081954899968,0.008037634012009796,0.007414782731105837,4,0.16666666666666666,69
23601,0.10046569273818545,0.008037214408139086,0.007414433494922875,4,0.16666666666666666,69
23611,0.10046111873055955,0.008036839030692196,0.007414084120602365,4,0.16666666666666666,69
23621,0.10045599345511907,0.008036451092670342,0.0074137347199876545,4,0.16666666666666666,69
23631,0.1004505142501461,0.008036003301498281,0.007413385104372553,4,0.16666666666666666,69
23641,0.10044613943562836,0.008035643863184764,0.007413036633902897,4,0.16666666666666666,69
23651,0.10044152878443781,0.008035303388678729,0.007412687993607517,4,0.16666666666666666,69
23661,0.10043723398212574,0.008034921984281707,0.007412339239580043,4,0.16666666666666666,69
23671,0.10043211248565628,0.008034505970802144,0.0074119896572813265,4,0.16666666666666666,69
23681,0.10042742505673122,0.008034156192999313,0.007411641050280086,4,0.16666666666666666,69
23691,0.1004221869686314,0.008033734001642085,0.007411292575075515,4,0.16666666666666666,69
23701,0.10041817036247293,0.00803340322814586,0.007410945336450995,4,0.16666666666666666,69
23711,0.10041356369257669,0.008033059898443672,0.0074105977722257335,4,0.16666666666666666,69
23721,0.10040864276098427,0.00803265363127257,0.00741024884186705,4,0.16666666666666666,69
23731,0.1004034470692627,0.008032225387609625,0.007409899609604943,4,0.16666666666666666,69
23741,0.10039888184680171,0.008031866473217894,0.007409551129369217,4,0.16666666666666666,69
23751,0.10039388445365917,0.008031482426957394,0.0074092036128268245,4,0.16666666666666666,69
23761,0.10038991069968914,0.00803115194094787,0.007408855292551659,4,0.16666666666666666,69
23771,0.10038530805008102,0.008030799469032533,0.007408506376883031,4,0.16666666666666666,69
23781,0.100380548733437,0.008030393556376646,0.007408157423883284,4,0.16666666666666666,69
23791,0.10037512160677688,0.008029962540524,0.0074078090325883144,4,0.16666666666666666,69
23801,0.10037004924619965,0.00802955990442279,0.0074074603090269085,4,0.16666666666666666,69
23811,0.10036462388021948,0.008029113303268397,0.007407112490850756,4,0.16666666666666666,69
23821,0.10035959246986023,0.008028729665220353,0.007406764472188818,4,0.16666666666666666,69
23831,0.10035491553234263,0.008028377522973102,0.007406417046284897,4,0.16666666666666666,69
23841,0.10035082867837497,0.008028022285150753,0.0074060683792876066,4,0.16666666666666666,69
23851,0.1003457208368898,0.008027619950759108,0.007405720631468965,4,0.16666666666666666,69
23861,0.10034092805764057,0.008027245961606666,0.007405372319567396,4,0.16666666666666666,69
23871,0.10033684297040839,0.008026897163299261,0.007405026245979961,4,0.16666666666666666,69
23881,0.10033177660784451,0.008026520136931602,0.007404678145708298,4,0.16666666666666666,69
23891,0.10032753561224228,0.0080261745776835,0.007404331693441992,4,0.16666666666666666,69
23901,0.10032317739064997,0.008025813360537586,0.007403983784282431,4,0.16666666666666666,69
23911,0.10031909454472962,0.008025486738018514,0.007403636401134378,4,0.16666666666666666,69
23921,0.10031489446233027,0.008025147596735525,0.007403288839709753,4,0.16666666666666666,69
23931,0.10031093039900346,0.00802481791866311,0.007402942184924932,4,0.16666666666666666,69
23941,0.10030539722223697,0.008024387830437574,0.007402593065453273,4,0.16666666666666666,69
23951,0.10030072811468459,0.008024014308179115,0.007402246063702688,4,0.16666666666666666,69
23961,0.10029598122598825,0.008023618872806199,0.0074018981326389,4,0.16666666666666666,69
23971,0.10029052904859519,0.008023201534379092,0.007401550011410997,4,0.16666666666666666,69
23981,0.10028601894929173,0.008022843869318824,0.007401203460333183,4,0.16666666666666666,69
23991,0.10028135263929264,0.008022483116955354,0.007400856710336336,4,0.16666666666666666,69
24001,0.10027711825185673,0.008022144369247376,0.0074005099509950635,4,0.16666666666666666,69
24011,0.10027331561737822,0.008021849569393197,0.00740016372638647,4,0.16666666666666666,69
24021,0.10026904308761059,0.00802148895570022,0.007399816565700712,4,0.16666666666666666,69
24031,0.10026441841670336,0.008021106446576812,0.007399469204941875,4,0.16666666666666666,69
24041,0.10025983359116643,0.00802074593650017,0.007399121254018959,4,0.16666666666666666,69
24051,0.1002546617481885,0.008020322793149355,0.007398772567099267,4,0.16666666666666666,69
24061,0.10024976493247381,0.008019940456498663,0.007398425724909056,4,0.16666666666666666,69
24071,0.10024580884728702,0.008019652174449249,0.007398080825465856,4,0.16666666666666666,69
24081,0.10024114833860778,0.008019257405537663,0.0073977341991088045,4,0.16666666666666666,69
24091,0.10023707583935587,0.008018937874853261,0.007397388636831662,4,0.16666666666666666,69
24101,0.10023218168763999,0.008018540083022016,0.007397042303706115,4,0.16666666666666666,69
24111,0.10022685769249205,0.008018136089414365,0.007396697023922323,4,0.16666666666666666,69
24121,0.10022321752435533,0.008017810435109681,0.007396351880604865,4,0.16666666666666666,69
24131,0.10021793413902433,0.008017390902547394,0.007396004914008824,4,0.16666666666666666,69
24141,0.10021351241403711,0.008017034040391351,0.007395658739085802,4,0.16666666666666666,69
24151,0.10020866095201328,0.00801665531954826,0.007395313352138065,4,0.16666666666666666,69
24161,0.10020326260080109,0.008016201553616008,0.0073949684676752276,4,0.16666666666666666,69
24171,0.10019817802261444,0.008015844855651415,0.00739462257099944,4,0.16666666666666666,69
24181,0.10019332886300099,0.008015428770249926,0.0073942756623655995,4,0.16666666666666666,70
24191,0.10018879321139998,0.008015072178941778,0.007393925891474939,4,0.16666666666666666,70
24201,0.1001842191044976,0.008014703127485947,0.007393574713172125,4,0.16666666666666666,70
24211,0.10017933295385481,0.008014321621230665,0.007393223180821535,4,0.16666666666666666,70
24221,0.10017436938181747,0.00801391516016234,0.007392871481761133,4,0.16666666666666666,70
24231,0.10017010991650036,0.008013568155549985,0.007392520981791096,4,0.16666666666666666,70
24241,0.10016491334820471,0.00801316806394655,0.007392169938943386,4,0.16666666666666666,70
24251,0.10016018636965146,0.008012780534291374,0.007391818295959114,4,0.16666666666666666,70
24261,0.10015588971687124,0.008012427432893555,0.007391467437954613,4,0.16666666666666666,70
24271,0.10015116405915059,0.00801207125561261,0.007391117874686645,4,0.16666666666666666,70
24281,0.10014600958496357,0.008011630788490664,0.0073907647219843995,4,0.16666666666666666,70
24291,0.10014167577767988,0.008011284090616936,0.0073904153453278575,4,0.16666666666666666,70
24301,0.10013679606048821,0.008010899966247587,0.007390065341599244,4,0.16666666666666666,70
24311,0.10013328312081121,0.008010631425422316,0.007389716213588097,4,0.16666666666666666,70
24321,0.10012910712326256,0.008010297349657794,0.007389366871017295,4,0.16666666666666666,70
24331,0.10012415126652566,0.008009891521362694,0.007389016463087982,4,0.16666666666666666,70
24341,0.10011904011697172,0.008009476393798667,0.00738866712260464,4,0.16666666666666666,70
24351,0.10011404679836243,0.008009086297147973,0.007388317634164486,4,0.16666666666666666,70
24361,0.10010889824759207,0.008008671299022203,0.0073879659210645135,4,0.16666666666666666,70
24371,0.10010445243285719,0.008008318759038945,0.00738761563101161,4,0.16666666666666666,70
24381,0.10010020218271735,0.008007997459219944,0.007387266329770089,4,0.16666666666666666,70
24391,0.10009603046326127,0.008007648130038231,0.0073869169251913926,4,0.16666666666666666,70
24401,0.100091547440815,0.008007283256283833,0.007386566480582109,4,0.16666666666666666,70
24411,0.10008651940024355,0.008006877901484192,0.007386216698266859,4,0.16666666666666666,70
24421,0.10008160904718712,0.008006478845101124,0.007385867769568615,4,0.16666666666666666,70
24431,0.10007638774559927,0.00800606426593033,0.0073855163742825,4,0.16666666666666666,70
24441,0.10007132311122648,0.008005665335321502,0.007385166639327915,4,0.16666666666666666,70
24451,0.10006688247074452,0.008005297625787534,0.007384817024991074,4,0.16666666666666666,70
24461,0.1000620919388894,0.008004923737615723,0.007384468170659444,4,0.16666666666666666,70
24471,0.10005734105716237,0.008004537443408587,0.007384118826869439,4,0.16666666666666666,70
24481,0.10005298020797243,0.008004197926093231,0.00738377003098974,4,0.16666666666666666,70
24491,0.10004784139255399,0.008003774370794246,0.0073834194749763,4,0.16666666666666666,70
24501,0.10004204174359772,0.008003332203420654,0.0073830687163567894,4,0.16666666666666666,70
24511,0.1000374883877645,0.008002961713060744,0.007382720484481758,4,0.16666666666666666,70
24521,0.10003301349351879,0.008002616177570265,0.0073823713560176715,4,0.16666666666666666,70
24531,0.100028266893143,0.008002233340941642,0.0073820213037180974,4,0.16666666666666666,70
24541,0.10002363768550734,0.008001841225737513,0.0073816711519659435,4,0.16666666666666666,70
24551,0.10001873689583939,0.008001467838094597,0.007381321547855121,4,0.16666666666666666,70
24561,0.10001445903761946,0.008001134946358922,0.007380972706537086,4,0.16666666666666666,70
24571,0.10000920971454964,0.008000705672784192,0.00738062313110557,4,0.16666666666666666,70
24581,0.10000458324214083,0.008000344889390432,0.0073802748848403625,4,0.16666666666666666,70
24591,0.10000019065174676,0.007999943732638603,0.007379925686718345,4,0.16666666666666666,70
